/*--------------------------------*- C++ -*----------------------------------*\
| =========                 |                                                 |
| \\      /  F ield         | OpenFOAM: The Open Source CFD Toolbox           |
|  \\    /   O peration     | Version:  2412                                  |
|   \\  /    A nd           | Website:  www.openfoam.com                      |
|    \\/     M anipulation  |                                                 |
\*---------------------------------------------------------------------------*/
FoamFile
{
    version     2.0;
    format      ascii;
    arch        "LSB;label=32;scalar=64";
    class       volScalarField;
    location    "10";
    object      omega;
}
// * * * * * * * * * * * * * * * * * * * * * * * * * * * * * * * * * * * * * //

dimensions      [0 0 -1 0 0 0 0];

internalField   nonuniform List<scalar> 
76471
(
42.9201
37.4846
51.3821
2.51931
1.94652
2.79078
44.9141
14.2343
7.3524
5.24667
9.34436
20.0099
33.7089
9.60287
4.05198
4.371
7.28776
15.4399
162.575
19.5119
9.11147
5.80007
8.16867
25.2835
96.1906
3.13837
1.97942
5.81415
49.3153
166.372
36.0889
2.38756
1.26888
1.22762
1.34681
5.27828
3.35609
1.31893
1.22862
1.22763
1.25493
1.63452
18.2577
12.0115
2.7127
1.28176
1.31482
1.642
4.77794
15.864
33.6882
8.68786
2.54608
1.28158
1.31486
1.71425
4.70494
11.6251
11.9636
1.72399
1.2752
1.27476
1.36012
2.88784
17.8914
10.4016
1.33687
1.21078
1.20466
1.23712
1.68533
31.1544
6.84001
1.33446
1.24737
1.4827
16.6581
29.235
1.40444
1.2651
1.38724
54.6517
2.10619
1.22416
1.2196
1.18898
1.21369
1.29911
6.81859
38.2951
1.35241
1.18501
1.1929
1.18372
1.19022
1.21614
1.51026
50.2248
16.8091
2.51225
1.21299
1.19376
1.18967
1.2108
1.31078
5.71831
23.9021
12.1623
3.10531
1.21296
1.19375
1.18965
1.21095
1.34419
4.41588
18.5831
18.1625
1.7198
1.18475
1.19275
1.18358
1.19005
1.25037
5.49032
30.2154
44.8696
1.33983
1.20062
1.22062
1.18613
1.20522
1.21718
1.35066
265.382
10.6529
1.32378
1.20721
1.19307
1.22799
1.4933
26.9929
48.5475
2.90937
1.51722
2.86332
263.144
1.29028
1.22863
1.1992
1.2397
1.50905
1.24617
1.20181
1.1818
1.19397
1.19977
1.18783
1.28227
2.34643
1.22223
1.18057
1.18114
1.17718
1.18347
1.19681
1.2929
5.73311
8.35949
1.25994
1.18319
1.17958
1.18008
1.1838
1.2192
1.96024
9.88695
5.71335
1.26017
1.18319
1.17957
1.17999
1.18358
1.21821
1.92349
6.50431
7.08148
1.25536
1.18045
1.18108
1.17691
1.18314
1.20865
1.73035
13.4829
3.2979
1.19962
1.19702
1.18179
1.19356
1.19844
1.1892
1.22134
10.1285
1.38537
1.20198
1.19924
1.19709
1.19768
1.19783
1.79684
2.16453
1.28089
1.24159
1.27926
3.91022
42.284
36.2823
1.232
1.20963
1.20485
1.22589
1.32263
165.145
37.7321
1.21791
1.19994
1.18206
1.1942
1.19301
1.19014
1.2275
1.96079
1.24043
1.18024
1.18119
1.17724
1.18403
1.20505
1.2537
4.81305
4.91881
1.2006
1.18211
1.18005
1.18025
1.18642
1.27836
2.03753
9.61426
42.9523
3.55366
1.20054
1.18208
1.18001
1.18014
1.18624
1.27838
1.89081
6.33749
5.98419
1.24556
1.18012
1.18105
1.17691
1.18375
1.2188
1.54342
10.4431
2.04997
1.21985
1.20537
1.18203
1.19367
1.18986
1.19493
1.20853
4.76334
166.49
1.23155
1.19322
1.20674
1.19813
1.19468
1.20158
1.33369
1.45373
1.23862
1.24265
1.26514
1.67973
1.37848
1.25305
1.21883
1.2468
2.31373
1.23402
1.21827
1.1924
1.19473
1.20652
1.19722
1.50208
2.94035
1.23809
1.18495
1.19387
1.18339
1.18835
1.20202
1.36784
9.74011
8.36304
1.38698
1.20465
1.19813
1.18548
1.20385
1.33526
3.958
14.3399
5.00332
1.29852
1.20446
1.1979
1.18558
1.20364
1.3787
4.29306
9.73594
10.7555
1.34721
1.18455
1.19296
1.18308
1.18839
1.25315
2.47143
13.4268
4.04712
1.20859
1.19974
1.20506
1.18652
1.20224
1.19155
1.26194
16.0105
1.36751
1.22999
1.20491
1.20571
1.2046
1.21059
1.62304
2.23502
1.35652
1.25518
1.31017
7.2862
50.9351
1.67319
1.32556
2.15608
48.535
12.3082
1.35487
1.23548
1.19161
1.21749
1.37807
16.0907
97.7571
1.53825
1.2144
1.21462
1.20062
1.22338
1.35954
1.82849
264.461
19.0108
4.8648
1.47473
1.32422
1.26052
1.24903
2.42352
6.92503
28.336
13.7094
4.15546
1.63503
1.32249
1.26239
1.31388
2.62486
6.04832
19.2658
27.0751
3.30615
1.26944
1.23035
1.22051
1.22185
1.70774
5.48973
29.6855
49.9115
1.39964
1.23259
1.21866
1.18927
1.22329
1.29342
2.29414
29.3626
1.61783
1.23898
1.20457
1.22896
1.72403
42.3143
263.153
3.3361
1.61399
4.10434
165.138
10.7815
1.37466
1.27391
1.52461
30.0836
17.9037
1.53279
1.34797
1.28746
1.32769
2.00227
40.4471
16.6475
5.83471
2.34874
2.10542
3.39417
7.04541
22.5981
162.722
11.774
5.65889
2.5761
1.72539
2.37054
4.95049
16.0358
17.7414
3.84713
1.67432
1.59016
2.77806
7.67387
20.8029
30.6868
1.60279
1.27037
1.2446
1.26653
1.93321
59.871
25.4947
1.8732
1.39784
1.59888
59.643
49.8308
6.75113
5.023
6.28776
265.169
23.9117
12.207
9.4774
11.1802
33.9134
17.2819
8.46806
6.04761
7.33413
19.0931
26.1936
10.8225
10.4399
16.1262
30.8872
264.681
11.2509
4.98617
10.7227
265.432
11.3197
10.7362
4.37753
4.35669
11.3439
16.1968
264.612
265.251
31.2638
50.2489
6.90398
30.9626
16.1152
6.45323
3.25356
13.538
10.5216
3.22179
6.65186
10.1977
10.6759
10.2897
49.782
12.8435
26.139
264.488
29.5206
33.7887
18.6892
24.1064
11.0549
15.7628
7.31223
42.9463
10.0328
9.44557
6.41694
5.99019
42.9193
9.61501
12.1359
6.26434
8.24388
14.1477
23.7836
9.49097
16.3471
28.153
19.3295
18.6933
33.7387
15.7671
7.3096
24.0535
11.021
42.9477
6.41312
5.98586
10.0108
9.4496
6.26075
8.2391
9.62733
12.1773
9.48396
16.3259
14.1817
23.8288
19.3061
28.2015
31.2193
265.136
30.9087
16.1196
50.2327
6.91062
13.555
10.5679
6.45082
3.26647
10.2513
10.7483
3.23686
6.61465
12.9239
26.1636
10.1996
49.8031
29.5447
264.508
265.332
11.311
10.7224
4.40042
4.38306
11.3645
16.1666
264.605
59.5997
26.3143
1.72025
166.542
165.172
1.67153
1.37765
166.372
165.074
1.31453
2.45556
1.81658
25.1777
42.3661
59.7664
49.9293
29.712
31.0802
1.81656
96.232
4.30042
6.77141
1.5238
1.46002
1.27391
37.6933
3.14417
2.1147
1.32766
1.27499
1.26741
1.26895
1.97393
3.30694
1.25217
1.80985
1.24429
1.28189
5.8638
44.7475
1.62427
10.6067
1.29038
1.63239
49.2928
16.7125
2.45261
31.0073
59.8678
40.2826
20.85
97.7495
27.0464
17.9823
1.86388
17.9342
7.53141
25.2527
1.88421
18.2888
5.37626
17.5628
40.4468
20.6367
162.631
22.6115
162.664
16.0418
19.0837
33.7086
13.7445
16.0675
7.03882
11.5596
5.03978
15.4643
33.667
6.82707
16.5097
5.87019
11.8215
162.575
22.4044
16.0859
162.717
162.632
162.664
16.0455
22.6194
13.7489
19.0711
11.5627
5.0397
16.0549
7.02355
33.6674
20.0587
5.86591
11.8065
6.81971
16.5583
16.0618
162.718
22.4749
20.8131
40.2863
27.057
97.7071
17.9037
7.51636
17.9889
1.88311
44.9573
5.35352
17.5815
1.8866
18.2053
20.707
40.3905
59.7481
49.9084
31.0467
1.82242
29.7297
4.30175
1.46206
1.27329
6.74177
1.52163
2.11856
37.6954
1.26685
1.2687
1.32742
1.275
3.32153
37.4866
1.24438
1.28191
1.25257
1.81457
44.7872
1.28991
1.62503
1.62623
10.7987
2.44603
30.8481
17.1224
59.8142
59.6324
26.427
1.71918
166.541
1.67014
1.37714
165.177
1.31394
2.46131
165.079
1.82049
25.3143
42.4881
263.282
4.68242
4.33848
1.80079
1.60351
3.50719
6.05139
263.111
42.4875
30.0766
48.5477
16.1854
1.88056
6.79493
1.61524
55.6065
3.06235
1.5961
1.25781
36.2374
1.3344
1.26486
1.7316
1.47048
1.24394
1.21215
1.24688
1.52766
1.3175
2.02183
1.20389
1.21575
1.47315
10.686
2.16176
50.8159
1.23043
1.49072
16.3907
48.5236
1.93927
29.8888
59.717
30.7238
16.4068
49.3473
2.45695
31.276
29.5963
1.59613
49.863
264.559
29.7313
17.7568
17.5527
45.0488
1.86646
25.3629
5.16706
17.8598
1.7874
97.8221
7.68621
26.7803
265.06
30.5633
28.4243
19.276
16.7263
33.6881
11.7823
20.2871
6.83655
15.4124
6.03354
11.634
33.726
6.94107
18.984
5.01706
14.4446
33.6009
19.1569
19.2755
28.4374
11.7842
16.7206
15.4116
6.03328
20.2856
6.83053
33.7268
15.9142
5.0216
14.4357
6.9162
19.0108
19.1419
33.6522
29.7066
264.496
17.5402
17.8221
25.2798
5.1855
45.0384
1.8667
18.2091
7.62752
26.7806
1.76516
97.8153
30.5489
265.081
30.6989
49.333
2.44444
16.6666
1.58818
49.8617
29.7135
42.6319
30.1253
16.41
1.91549
48.53
1.61577
1.61666
1.2598
55.582
3.02871
1.26467
36.2422
1.24246
1.21162
1.70968
1.46674
1.52987
36.0944
1.20381
1.216
1.32112
2.07859
10.7998
1.22975
1.51448
2.1373
50.8445
2.02121
29.947
48.5229
59.8027
263.177
4.64213
4.28407
1.79389
1.6023
3.57322
6.06475
263.125
263.157
5.86004
48.5553
3.3501
2.72105
1.39983
2.95675
1.51328
1.33656
1.29631
1.40108
2.5165
1.2569
1.31694
2.8227
48.5291
1.30168
2.74047
263.11
4.10766
25.1746
1.60974
51.55
10.5617
1.38473
2.22195
1.36737
1.21189
1.47102
6.25917
2.02786
1.2149
1.54308
26.722
1.57514
264.801
16.3094
10.5051
44.869
1.55487
1.50237
6.14757
1.26663
1.35285
96.388
1.37496
1.24317
4.00274
265.378
10.6449
49.838
26.3412
10.3164
12.7212
30.2065
6.12733
16.0227
24.0512
16.2878
14.2445
9.4661
18.6044
10.8916
7.4962
16.2872
24.0621
9.46552
14.2379
23.9163
7.42147
10.89
26.3169
49.8308
12.7189
10.3123
50.219
16.0214
6.1699
264.7
16.2959
1.55653
10.6264
6.16382
1.26713
1.50474
96.3822
6.92977
1.24327
4.01262
1.37506
10.6588
25.3638
1.61075
1.39839
51.5224
1.3682
1.21144
2.2437
6.28377
54.7101
1.2157
1.47478
2.03478
1.5736
263.062
5.99394
3.30863
2.76571
1.43686
1.66272
1.34851
1.29485
2.52079
1.25701
1.32247
48.5363
1.30412
2.81127
4.13728
3.05594
1.66207
2.1402
1.30769
1.36192
1.25501
1.27796
1.27873
42.2951
1.23804
1.25783
1.23931
1.3013
42.295
1.24327
1.29115
1.2772
2.84658
1.26451
1.43078
3.8547
1.66527
2.14413
165.183
166.331
1.35748
1.66718
1.3843
1.19683
36.1317
1.39518
1.2428
1.19345
1.19992
1.29748
1.30878
36.2036
1.1963
1.22255
1.74568
165.238
1.29785
166.469
11.3343
4.52677
1.53949
3.29252
1.23062
37.5236
1.24626
2.02419
1.20692
1.22071
2.82024
1.22337
37.6914
1.20817
2.05055
10.1243
4.66827
6.63881
10.6522
3.28159
10.2175
13.4864
4.7431
10.6689
12.2104
8.23884
9.67326
42.9242
6.26611
6.58902
9.37656
6.06857
43.0006
8.23841
12.2046
42.9043
6.26625
9.65977
9.87851
6.04105
42.9961
9.38022
10.6516
6.63292
10.2139
3.28531
5.74701
10.6832
4.77583
11.3445
4.53435
1.23069
1.54169
2.02707
1.20637
37.5149
1.24608
2.83155
1.28553
1.2091
2.0635
1.22415
37.7241
4.7156
2.14514
166.323
1.35613
165.184
1.19594
1.66461
1.24222
1.19266
36.1292
1.40078
1.29075
1.51601
1.19919
1.24296
1.31322
36.188
1.30048
166.497
165.229
3.10851
1.68086
1.31616
1.51524
1.25367
1.27706
1.23668
1.25235
42.3438
1.30167
1.24012
1.29195
42.3159
2.83882
1.26422
1.53303
1.65528
1.64159
3.62994
1.35241
1.25529
2.29297
1.32399
42.2856
1.23771
1.25772
1.28218
1.28037
1.24327
1.28991
1.23989
1.29298
1.26357
1.44177
1.27718
2.67305
1.68235
3.37293
165.282
166.497
1.31936
1.78592
1.35461
1.23183
1.19487
1.53266
1.27987
1.19926
36.0686
1.19651
1.23164
1.67034
1.20198
1.40852
1.32672
166.301
2.11513
4.47425
10.0037
1.24172
2.04912
1.20742
1.29412
2.87425
1.22645
37.4834
1.20615
2.0163
1.45524
1.22557
3.17289
4.71274
10.5614
3.283
10.5434
5.85356
13.5997
10.4322
6.31961
11.2204
9.49283
42.9721
5.98996
10.0468
6.37884
6.3495
42.9257
12.3675
8.42462
5.9902
9.47864
6.37772
10.0385
42.9369
9.62049
8.4248
12.3822
10.5402
3.28502
13.5951
5.86625
4.85158
11.2657
6.34038
4.47923
10.016
1.20687
37.7244
1.24254
2.88081
1.22595
1.29402
2.0293
1.22773
37.5152
1.22692
3.20302
1.4197
10.7239
1.31889
165.282
1.7875
1.19423
36.2773
1.35356
1.27876
1.19883
1.54422
1.25339
1.32622
36.0554
1.19805
1.42438
1.66684
166.329
165.137
2.13434
1.64239
3.70456
1.25472
2.34007
1.32876
1.2548
42.3094
1.28452
1.28019
1.29075
42.2952
1.23993
1.2934
1.60541
1.27918
2.67229
3.42245
3.90819
263.155
2.20811
1.43793
48.5611
3.38086
1.34957
1.2949
2.53802
1.54878
1.25442
1.30681
1.41282
2.88933
1.29919
3.35652
2.49498
48.5424
7.03401
263.056
1.53768
25.6732
2.3
1.37224
1.21324
54.9632
5.84073
1.49589
1.21237
1.44452
51.1105
1.35788
10.703
1.65353
25.1966
10.6325
265.416
1.37207
4.05865
1.25424
6.52871
96.3542
1.38748
1.25904
5.75184
10.4443
1.48388
44.8241
15.9223
264.668
6.2717
16.1763
50.2501
30.9305
13.3816
49.7968
26.2549
11.0367
7.26442
23.9792
15.7231
9.73531
23.964
17.1715
7.26226
11.0324
15.7177
23.9928
14.3547
17.1694
23.9766
16.1713
6.27866
30.9284
50.2522
9.76025
26.2494
49.8151
10.6388
265.421
1.25359
1.3702
96.3434
1.38707
6.56252
5.89275
1.46023
1.48609
44.865
10.4104
264.779
1.5318
25.8337
1.21353
2.35808
5.87145
1.51105
55.0041
1.39884
2.30305
1.36252
10.5853
51.1571
25.0368
3.99715
263.156
1.44481
48.5658
3.41042
1.2922
2.56589
1.79175
1.30906
1.49132
2.88778
3.40165
2.5417
48.5546
263.153
263.141
7.00716
3.27483
1.85669
1.61047
4.67683
4.07556
263.183
59.5151
48.5232
29.3218
2.04491
16.9783
2.61318
1.5825
1.25862
10.9089
1.51998
1.59411
1.2442
1.21224
36.0414
1.35585
1.2779
1.75148
1.20711
1.21499
36.1763
1.26546
1.35321
55.0522
1.22875
1.43381
1.55464
6.9472
1.69972
15.981
30.1581
42.3706
29.191
49.9064
1.64597
31.226
2.29658
49.2936
30.9779
265.089
31.1922
1.83437
27.078
7.61787
18.0047
18.0735
44.9828
5.46139
25.3301
17.7951
17.5047
29.6835
33.6271
18.6625
6.94345
13.7138
4.83658
15.9795
33.7306
11.5356
20.2041
6.05681
15.3662
16.6692
11.3616
33.6855
19.2723
18.6545
33.6431
4.83593
19.0171
6.94328
33.7311
11.5345
15.985
15.3541
6.94099
20.2084
11.3345
33.6864
16.6924
28.3292
31.1918
265.093
7.61993
97.7432
1.83511
18.0688
17.9115
25.3438
1.82919
45.0339
17.5172
18.1582
264.532
1.64474
29.273
31.1064
49.3231
16.1417
31.1304
59.5555
2.12226
48.5246
17.1293
1.25781
51.0035
2.5876
10.9684
1.52889
1.20569
1.69308
1.589
1.35576
1.27629
36.0582
1.21701
1.33139
1.75344
1.25206
1.31732
36.1947
1.45917
2.18128
55.1021
1.41104
6.42545
15.9121
48.5546
29.8538
7.08298
1.85468
4.64638
263.29
42.4345
25.3775
1.66797
165.05
1.88222
1.47812
166.376
1.37182
1.87751
166.547
1.69315
26.8251
59.7584
59.7648
17.1101
30.7609
2.56509
49.3355
1.58995
1.61316
1.28988
44.8224
6.68856
1.28711
1.27115
1.26139
37.4894
3.2904
2.23372
1.37137
1.24439
1.27639
37.7001
2.1033
2.94126
7.81044
1.26644
1.55173
3.98189
96.2728
1.93004
31.0917
49.9081
59.8207
40.3515
20.912
1.89833
17.7456
5.13427
44.9828
25.3049
17.9789
7.67529
17.8536
97.8085
26.9292
20.7913
22.4893
162.721
16.0617
162.578
6.79235
11.7749
5.88776
20.1458
33.6709
15.4917
16.0374
4.96926
11.6296
19.2016
14.425
33.7075
16.0754
162.661
162.63
16.0606
22.4981
162.579
5.88933
16.6424
6.79376
33.6711
15.4949
20.1505
11.5925
7.04575
16.0502
14.3624
33.7078
19.205
162.662
22.6136
162.631
20.9102
40.2903
5.12265
17.8221
1.87868
25.3748
45.0021
17.8567
2.00694
18.4034
26.9364
97.8473
40.6383
59.7269
2.53291
17.3333
49.3482
1.28823
10.8915
1.60205
44.8334
6.69579
1.26006
1.37386
1.28765
3.28603
2.2419
37.4784
1.27588
1.26404
1.36167
2.11151
2.9369
37.6884
1.55467
1.50257
7.13253
3.95063
96.301
31.3417
29.7192
49.9232
42.5307
1.68473
1.49989
165.063
166.371
1.81759
165.152
166.544
26.1659
264.634
16.3467
11.241
5.17386
4.95656
10.2479
10.6974
265.382
264.537
29.611
10.4867
26.1613
13.1838
5.1103
10.8331
10.1347
5.9584
10.4472
13.4882
50.2558
16.1325
30.5697
30.8622
28.2854
19.3942
14.2472
17.2802
9.81165
9.64017
8.46711
6.35625
42.9535
10.1263
6.0797
6.46431
42.9954
24.2194
7.37155
18.6065
19.1656
19.3967
28.282
9.81401
23.8888
14.2431
6.3404
12.2083
9.64542
42.926
6.43449
9.48136
10.1245
42.9831
18.5242
11.1688
24.2208
33.8903
29.6345
264.558
13.1903
49.8481
10.4649
10.1353
6.73425
5.14733
13.4858
5.06813
5.98026
30.5722
6.30794
50.2566
265.26
16.3325
5.20672
10.272
265.438
42.4186
502.664
40.1796
32.0834
143.813
187.738
30.7103
71.2428
89.1319
34.6888
497.401
15.5545
37.2062
16.0272
18.8985
13.5744
65.7526
16.5919
557.276
18.5879
11.7219
25.1804
25.6926
33.0225
19.5822
72.9211
137.78
34.9402
182.76
15.0756
66.1023
17.7123
557.419
11.0601
19.559
12.4256
49.7147
49.7987
10.4685
117.128
12.0417
10.8309
21.6728
17.6103
23.8548
17.309
68.136
35.5729
36.7872
25.6587
127.474
30.2345
20.543
21.6818
27.4055
444.837
25.2598
27.8493
30.5925
6.43923
111.213
90.7009
60.9079
2.47942
98.5112
27.7434
11.2795
17.4373
6.53963
1.90144
2.02677
82.1693
12.27
4.45675
18.4373
5.09916
1.73844
7.64072
39.1243
22.7696
45.9153
43.1056
2.65318
60.8766
26.7727
107.957
64.609
118.76
2.97176
19.5008
10.7516
1.51842
1.36054
5.4517
2.91209
2.08264
9.09423
6.0805
1.36414
1.33361
1.86865
1.67991
2.29418
5.75343
7.12966
1.29768
1.35925
1.61269
1.71164
38.1268
8.1208
18.3783
1.38749
1.60272
2.36586
4.10803
11.2106
30.259
4.76944
74.9662
31.0254
5.1237
106.581
19.274
72.3862
93.9019
34.2304
46.158
20.059
31.4465
8.36378
9.59898
5.0609
5.81646
3.45593
4.46613
2.58725
16.5972
7.29228
12.2127
3.78432
5.96353
4.13551
5.72518
139.185
53.6684
45.8118
18.901
26.3289
78.8637
23.7702
34.8716
17.8014
30.8655
5.05811
14.2079
8.3559
4.4666
2.58602
5.80754
3.45298
12.1951
9.38009
16.6375
4.13676
5.72303
3.79595
5.97044
106.185
36.042
92.8064
40.6897
23.1285
42.8709
45.9992
44.7814
23.0075
65.4463
10.7677
51.3662
2.97211
5.41765
2.90369
1.52416
1.35918
6.13058
2.51628
2.08589
1.8691
1.68279
1.36382
1.3338
7.19093
1.95031
2.29755
1.61562
1.71624
1.29823
1.36032
18.434
2.77593
38.1655
2.3775
4.11243
1.38864
1.60382
98.8162
45.1683
74.765
3.52027
19.749
3.21754
103.147
2.31554
27.6888
204.696
8.78286
43.6094
42.8291
109.887
143.149
24.7608
21.9483
108.708
12.5892
15.1688
95.677
39.3934
46.5908
6.32645
70.6332
109.2
45.0385
1.5156
96.9948
9.7953
21.4154
4.35303
9.14176
1.43314
1.53211
80.967
3.45152
6.47881
4.36461
11.9272
1.42075
7.93426
21.8254
31.1077
43.9273
45.2984
2.23108
64.3503
14.6371
10.3606
1.53682
4.90329
1.45132
1.64704
1.30345
1.69041
10.1873
1.45197
13.3524
1.32159
1.40897
317.472
222.132
222.319
35.9795
23.7025
73.0497
46.9842
107.613
19.9046
38.3575
93.9066
44.0631
32.0781
21.0125
36.6965
144.98
69.6612
19.6091
26.4698
78.8454
27.35
29.2907
18.5457
33.5043
36.9375
48.2061
21.5987
66.8006
58.3899
47.3071
27.4882
44.465
46.1186
54.4814
1.53474
14.6627
1.6486
1.30341
4.99225
1.47569
10.1425
5.38429
1.32008
1.40548
1.48035
13.4242
56.4692
259.512
117.354
3.04596
42.664
17.3057
316.858
222.18
221.952
31.934
56.23
108.456
259.216
2.82828
16.3954
27.91
96.0253
31.7753
18.5308
30.0008
47.4593
25.009
498.299
35.8009
44.9432
138.942
183.776
15.7692
69.132
8.68634
39.7096
108.012
40.5778
1.57547
1.31659
1.22957
1.39403
1.26011
1.22587
1.21783
1.33965
1.20688
1.20645
1.25108
1.24023
1.20566
1.19952
1.39814
1.19245
1.20897
1.2187
1.27411
1.20546
1.20419
29.2184
1.22732
1.32765
1.25188
1.46541
1.20694
1.20802
3.19478
2.85332
10.841
23.4177
70.5483
1.66272
108.991
10.4379
43.4857
57.3376
108.714
1.58421
18.1907
4.03367
2.86756
1.3678
8.02563
2.35142
51.0806
5.54048
19.6916
1.32526
2.76712
2.762
10.6737
83.768
53.7306
41.0232
14.2772
27.1677
496.786
34.5536
5.95994
12.1651
5.78808
9.38254
3.82974
7.31658
4.20169
14.1675
4.41743
11.1909
3.28732
8.28858
2.448
5.05941
41.4441
60.0409
20.5379
16.4988
138.549
41.5859
13.4186
22.7642
137.729
182.562
26.545
5.78666
16.7958
5.95458
7.31591
4.20238
9.38917
3.82866
11.1799
5.69438
14.1733
2.45333
5.04509
3.24059
8.27713
34.6728
76.3664
19.7441
11.8019
87.9515
23.583
13.0193
67.7778
4.0389
38.2885
1.59161
8.03691
2.35739
2.86484
1.36969
19.6894
1.5021
51.0851
2.73085
10.6528
1.32246
2.7897
36.4013
129.741
36.5562
25.535
49.0565
16.5534
5.79443
4.57401
22.1715
26.3906
3.37873
61.62
53.4159
337.373
107.501
1.23123
29.1837
1.56756
1.22551
1.21847
1.39649
1.26417
1.20647
1.40426
1.33956
1.20532
1.19995
1.25296
1.23984
1.20945
1.27045
1.39077
1.20535
1.20444
1.21914
1.27807
1.33675
1.38931
29.1702
1.20675
1.20893
1.2514
1.45729
353.063
352.171
3.86627
47.4597
44.2737
80.6762
21.5775
16.5979
2.51112
5.39958
3.00309
61.5291
1.74061
92.4373
1.63498
11.2441
10.2614
1.7536
41.6019
1.33419
47.9931
1.36415
4.2088
35.155
11.5912
130.643
2.08862
1.8072
30.5082
31.0588
334.736
48.0643
36.0928
497.629
1.79904
5.84417
2.40836
2.32561
1.73229
2.03863
65.5105
2.46879
556.983
1.48214
10.8411
6.21303
64.8767
4.21246
2.35215
19.5082
16.5913
96.0467
1.85617
13.4754
4.85258
1.23344
1.20197
1.19793
1.23698
1.21321
1.19311
1.19841
1.35561
1.19744
1.19194
1.22644
1.24341
1.19626
1.19437
142.851
27.6181
17.2621
3.00877
16.3208
34.0067
97.2238
2.0958
6.61485
20.5582
117.524
41.0291
33.793
38.456
502.163
1.29762
7.08649
1.61703
1.897
1.24454
5.65272
1.5022
2.36527
1.75386
9.05469
1.2563
2.01954
1.58674
6.20734
23.3372
67.3005
5.1415
6.01708
35.1745
107.831
4.55962
14.419
23.8708
17.8918
19.5843
13.1778
16.1508
65.6673
16.0581
12.81
557.25
31.4734
24.4193
34.6181
22.2738
1.62009
2.34665
1.29854
5.65526
1.50371
1.8988
1.24456
9.03188
1.28957
2.38224
1.57221
6.2016
1.25319
2.02667
402.509
54.6633
5.17226
49.0242
27.3732
141.613
31.532
17.8036
1.19775
1.28891
1.23423
1.19215
1.19768
1.24605
1.21166
1.19262
1.23979
1.35348
1.19528
1.19821
1.22781
1.24883
55.0824
6.86938
6.6128
1.47577
107.348
3.92461
7.11159
43.0737
42.5598
6.69281
1.58592
61.2642
1.84594
12.6997
1.40842
32.2209
30.8786
397.017
1.93377
23.2352
43.8156
25.7447
139.01
14.7285
184.055
1.79396
65.481
1.95817
1.5452
556.945
2.1231
1.53616
49.4541
1.39351
49.4406
1.37131
116.908
1.43113
12.0563
2.26801
6.31462
3.41609
1.48418
6.31197
2.9364
81.8245
1.41635
10.568
4.13261
1.21429
1.19341
1.19815
1.29158
1.23749
1.20561
1.19829
1.24722
1.19488
1.19488
1.23695
1.3806
1.19629
1.19353
108.789
10.172
95.6681
14.7399
1.84806
4.65332
12.4177
83.5729
1.83627
4.45826
16.8972
32.5018
34.9178
47.1403
144.044
30.7987
189.869
1.2422
5.99281
1.51637
2.49796
1.29253
9.08078
1.70351
1.96564
1.54884
5.90681
1.30347
2.31941
1.65682
7.50405
21.9395
33.7941
3.86618
5.49759
18.1492
36.0144
3.89985
13.9488
16.2023
65.8223
11.3801
15.7228
557.404
11.8603
10.122
49.8186
50.0748
10.5593
10.2725
117.407
34.7533
20.4471
27.0126
21.5437
1.51666
1.96139
1.24202
9.08114
1.7038
2.50232
1.29251
5.91033
1.25271
1.97215
1.66008
7.5349
1.3059
2.3242
37.1942
20.3169
5.49742
39.7652
22.6283
109.696
12.3543
95.8347
11.0341
1.19785
1.23881
1.21279
1.20482
1.19784
1.29504
1.23573
1.19848
1.22852
1.25341
1.19577
1.19365
1.2376
1.37557
18.4187
31.41
5.34236
1.32534
38.3272
1.46569
3.85686
1.37826
34.8098
12.931
33.0004
1.91435
14.9166
36.3158
69.0354
17.3524
6.4417
4.11268
36.7199
12.1511
2.43909
2.8037
7.96263
443.684
10.8671
29.0554
28.5396
4.12769
29.5975
15.0987
1.65605
45.5067
39.4276
1.26428
1.22905
1.2192
29.013
1.63856
1.34906
1.23384
1.24027
1.20559
1.20032
1.43967
1.37499
1.20788
1.20605
1.26754
1.20475
1.20413
1.2691
1.35501
1.1934
1.20925
1.55544
1.20468
1.20583
1.37559
29.1883
1.22819
1.29981
33.7637
46.9421
5.89287
23.7939
49.5077
1.98078
45.6136
46.9873
48.7707
73.8838
1.34136
10.7645
2.85756
51.1737
1.52813
19.5535
5.49966
2.83746
2.46935
8.47345
1.61234
38.2803
4.20159
18.2807
36.6332
133.729
8.75215
23.2238
33.9804
8.16493
39.0732
32.7831
25.1642
136.972
3.18704
5.00284
2.35684
14.1739
5.65346
9.5536
4.24248
9.48586
4.30166
7.28241
6.05303
16.7674
5.76552
12.1364
31.906
18.5889
21.4799
32.7829
2.3544
8.35394
3.18328
9.55163
4.24139
14.1786
5.6523
7.2797
3.96331
9.50416
5.7613
12.127
6.06305
16.7731
446.526
35.509
31.3016
28.1744
2.85736
2.93927
1.34075
19.5486
5.50145
51.1824
1.52863
8.50838
1.36942
2.84056
4.21898
18.3329
1.61603
38.3383
36.7155
22.8565
8.99156
17.6146
30.9651
26.5729
13.5562
46.1093
32.6101
108.057
55.6918
47.3228
1.21956
1.38718
1.26535
1.35695
1.23438
28.9941
1.63794
1.20017
1.25459
1.23994
1.20747
1.20504
1.44063
1.38456
1.2043
1.2198
1.26888
1.19321
1.21125
1.27546
1.36084
1.20634
1.24757
1.55097
1.22702
1.30554
1.37988
29.2543
14.9828
16.0945
2.63833
333.496
42.9462
37.3942
47.5692
35.0143
1.90339
131.296
9.25403
30.3359
1.92009
56.7465
1.44927
2.87466
1.42889
8.29049
1.80624
12.5313
49.2257
17.0642
106.723
38.9183
2.68007
9.9899
2.43592
1.89695
49.1635
12.7062
204.264
4.16908
25.0441
29.3094
51.1123
1.47285
1.40183
1.29333
5.51213
9.64851
1.73345
5.02106
1.29183
1.57152
14.4841
1.59997
10.6622
55.4421
259.418
3.32197
109.406
34.0725
19.4564
11.5741
3.64623
32.5916
6.69742
28.0564
127.769
42.5942
333.997
395.311
19.0484
58.8935
41.5037
28.8051
31.3592
20.7326
34.7144
34.6307
41.8931
43.5392
43.5206
106.168
205.083
5.36778
41.242
44.8302
1.29155
12.3563
1.49508
9.5856
1.71887
5.59357
1.57103
1.40664
5.05239
1.60126
10.7684
14.1587
56.4356
3.35746
260.157
112.611
20.6555
14.8752
236.04
28.1042
334.067
2.46129
396.684
32.6628
43.1151
12.1889
1.63062
33.0637
11.7459
36.8394
9.12674
18.743
31.7118
107.835
107.65
141.689
23.6099
17.0512
109.567
10.0324
13.592
95.7843
40.9265
46.8804
316.072
221.955
222.089
36.4961
56.6794
114.227
2.91858
260.75
17.9151
30.2187
106.692
1.36908
3.85443
2.25194
38.1724
2.99663
18.3996
8.22536
1.30831
1.67958
1.56317
2.34099
2.03452
7.16429
5.63736
1.35855
1.59074
1.87064
2.06215
2.40597
5.94586
8.98588
1.65483
2.77318
5.5763
2.73224
51.1316
10.6899
19.8064
350.944
15.8783
352.269
71.4122
80.0269
139.118
65.1546
40.3489
3.68772
5.65635
4.10712
16.6833
9.34358
12.2505
7.29409
5.81206
2.36859
4.36734
8.41695
14.3888
5.05757
11.1421
93.0645
38.2623
17.7329
40.0621
31.0775
104.325
27.5921
106.133
35.1736
33.5925
92.7892
4.11091
5.84212
3.69427
12.2539
7.29615
16.6814
9.33001
4.34962
3.38533
5.80665
5.0454
11.0874
8.40665
14.3893
42.7836
45.5766
2.25157
1.52545
1.36641
18.4187
8.20943
38.1856
2.98549
1.55929
1.34604
1.3076
7.1512
5.62748
2.33513
2.03315
1.87301
1.28838
1.36097
5.93682
8.97969
2.06343
2.4078
5.57991
1.32902
1.65714
10.6844
19.8106
2.74115
51.1526
63.159
16.1522
36.721
89.7907
331.365
45.9648
55.4101
3.08148
115.551
259.351
19.2194
40.1426
236.194
4.93603
351.472
350.977
56.6449
57.4829
59.4601
1.3936
9.91904
13.9419
4.19871
4.484
106.666
3.58248
18.263
23.062
46.2855
52.3967
334.487
236.514
60.7014
36.7188
31.6969
55.2617
49.6537
81.8384
31.1913
35.0978
11.87
23.3566
7.5357
5.47268
64.268
4.17596
36.4582
30.4629
21.8682
5.14775
3.87659
33.558
4.16548
35.6413
17.9955
37.4741
19.5294
7.93699
137.301
10.41
57.7701
55.5649
334.652
78.0477
31.0127
24.8983
19.0087
18.8192
59.9435
15.555
34.948
36.7817
55.9794
21.6753
395.805
64.0322
41.4525
45.532
55.8067
22.1738
14.014
18.3768
28.4174
14.6494
20.1351
31.6115
42.6846
20.1233
31.408
47.5013
34.6794
45.6763
35.7583
22.5899
33.9139
129.415
11.4365
28.5504
133.261
19.5523
13.2929
27.5453
18.4245
40.2434
39.1941
70.31
62.8402
106.445
39.5495
335.165
6.35475
41.3271
399.483
26.8248
46.3779
4.93546
19.824
37.4351
27.1972
41.6069
37.8207
46.0692
110.234
49.6235
53.6489
336.995
46.0861
38.024
110.084
117.231
40.8793
31.6655
55.193
401.766
54.729
4.85414
48.8707
27.5477
37.2704
19.7325
4.79202
41.4721
27.5298
32.5568
34.9795
60.6035
36.6085
37.0164
20.3244
5.23875
39.5509
22.9111
399.062
41.2428
5.96647
46.1889
26.8225
48.8408
46.0951
32.515
107.983
39.6022
335.117
55.5966
334.428
46.0266
62.922
70.1545
106.342
73.9292
68.1516
446.486
35.5263
31.2441
28.1949
83.7393
41.2564
53.3198
13.3916
37.4392
137.148
20.416
6.1081
57.8562
9.90879
36.374
129.65
36.4765
20.2018
49.226
15.6615
133.073
27.4016
13.44
19.6032
39.319
40.1023
14.4308
47.0646
143.968
189.729
30.8101
35.5577
36.9266
127.276
25.8757
34.7389
20.3546
27.0336
21.5292
23.3457
67.0912
3.6554
5.10705
107.091
35.3755
4.5015
22.0549
33.5756
3.57732
3.88451
35.6524
18.2202
4.16355
33.6462
501.424
38.4103
30.1764
20.6179
27.3634
21.7596
31.3666
24.286
34.4728
22.1108
22.0027
33.8233
3.77754
3.74341
35.9988
18.3061
3.7504
23.5053
64.1489
4.22634
5.05738
36.4194
30.7105
4.16541
444.841
25.2864
30.5946
27.8525
67.676
36.5132
133.428
23.3772
3.83925
34.071
8.70486
81.6885
31.4012
35.0157
12.6365
36.6147
22.9364
8.48908
17.1369
30.9806
26.5012
9.18024
35.6617
129.245
33.8895
19.0431
28.4999
12.0823
42.5292
333.791
43.6381
43.3927
106.045
45.6785
144.968
69.8261
395.406
55.9529
21.8972
41.3102
64.5296
37.0817
48.2867
31.2678
19.0465
42.9701
34.5467
47.678
39.1089
32.7954
137.031
25.1642
72.9185
137.779
182.76
34.9395
31.877
18.6125
21.4863
32.7697
41.4405
60.0693
16.5999
18.0147
41.6745
138.19
13.3136
34.5815
76.0456
16.1273
11.5804
87.6643
23.5273
12.7948
13.9718
65.8116
16.1451
557.298
15.6947
11.3893
15.0729
66.1012
17.7183
557.419
19.551
11.0653
11.8763
49.8475
50.0375
10.1664
117.391
10.5745
10.3188
14.4288
23.7904
19.5072
17.9047
12.4304
49.7989
49.7136
10.4736
117.127
10.8349
12.0476
13.1934
65.6804
16.1966
557.278
16.0679
12.8594
27.2008
34.5052
497.448
21.6734
17.6194
17.3115
23.8612
22.7453
137.673
182.682
26.5604
25.153
59.8627
18.863
16.6209
34.8485
36.85
14.771
22.4643
28.4336
17.1528
13.2865
31.7144
20.2798
13.7868
395.285
58.8463
19.0562
41.3527
28.8269
78.0378
31.0219
31.1979
20.7669
34.755
34.5024
41.937
45.4927
55.8022
37.0828
48.2968
31.2681
42.9724
19.0591
34.5468
47.6934
144.965
69.8278
395.402
21.9093
55.9519
41.3098
64.533
31.8825
18.6116
32.77
21.4987
89.1443
497.401
34.6818
39.1218
32.7572
25.1748
137.015
34.5954
76.0479
11.5829
16.1396
23.5283
87.6715
12.8057
41.4616
60.0643
18.0231
16.5511
138.193
41.6332
13.3145
11.8762
50.0385
49.8482
10.1655
117.407
10.3141
10.5714
15.5505
37.1189
18.9048
15.967
13.9642
65.8099
16.1009
557.378
11.3742
15.6372
13.1888
65.6816
16.1909
557.279
12.8532
16.0655
13.5591
65.7508
16.5277
557.275
11.7033
18.5427
14.4156
23.7719
17.8976
19.4716
22.7449
137.674
26.556
182.682
25.1777
25.6681
19.5769
33.0132
27.1981
497.446
34.5031
22.4592
28.4312
13.2718
17.1444
20.2694
31.712
13.7775
25.1502
59.8617
16.6391
18.886
36.8492
34.8375
14.7768
31.1988
34.7334
20.7586
34.5023
41.9335
45.4804
55.7948
395.284
19.0765
58.8619
41.3512
28.8315
78.0451
31.0312
46.0341
70.1383
62.9984
106.447
55.6159
334.65
446.471
35.371
28.1804
31.2341
73.9258
36.3607
129.642
20.1875
36.5472
49.1506
15.8048
133.099
27.2783
19.5995
13.5404
40.0116
39.3557
14.5604
83.7195
53.4082
41.2507
13.5548
37.4266
137.125
6.17199
20.4253
57.8406
10.0354
34.7424
20.2473
21.3676
27.0727
42.423
40.177
502.658
47.0736
143.974
30.822
189.722
23.4079
67.0706
5.14668
3.67033
35.3939
107.002
4.52184
22.1222
33.5485
3.89424
3.59284
18.2208
35.6254
4.17568
31.4145
24.2309
22.0332
34.4774
32.1353
143.824
30.7431
187.76
33.6894
38.4236
501.446
21.9963
33.798
3.75102
3.79289
18.2907
35.9976
3.75185
23.506
64.1791
5.02372
4.23661
30.751
36.4379
4.15469
67.6739
71.2535
36.6145
22.9014
17.2038
8.53815
26.4884
31.0172
9.20163
35.6587
129.244
19.098
33.8929
28.4935
12.0878
36.5162
133.461
3.83311
23.2792
34.1161
8.69324
81.6897
35.0425
31.3677
12.5105
43.4015
43.6302
106.043
45.6786
42.5374
333.789
53.6332
337.003
38.0019
46.0715
110.091
49.6286
401.745
4.87163
54.7242
48.8468
27.5276
37.2564
4.81168
19.7331
41.4506
27.5176
117.251
40.8656
31.6751
55.1986
37.0066
5.27796
20.3358
39.5562
22.959
399.084
6.00718
41.2253
46.1993
26.8635
32.5806
34.9974
60.5804
36.6204
32.4729
46.0619
107.865
39.5989
334.831
48.8195
236.504
109.889
55.9212
47.4286
108.909
40.9932
46.9113
352.927
352.388
4.27836
47.2435
44.1438
21.825
17.9113
3.51462
334.495
52.1342
46.5348
143.152
24.7673
21.9628
109.662
12.6445
96.0181
11.9519
142.901
26.1762
16.9972
109.603
8.63218
96.0043
14.4615
55.0476
6.62091
5.73024
1.41245
107.374
4.08792
4.96818
108.721
12.572
95.8859
15.1507
141.525
31.859
18.343
108.834
9.25645
95.9014
14.5272
141.621
23.9613
18.5865
59.5503
15.3011
11.8463
1.73543
106.639
5.95343
5.26774
39.3867
46.6002
107.604
33.8166
46.826
107.645
16.35
16.7275
3.08072
333.427
42.9913
37.4764
350.981
351.515
4.83214
57.4693
56.6218
235.995
236.19
51.273
74.7699
205.112
5.13486
41.4597
44.8007
317.033
222.192
222.078
35.6519
56.6016
260.805
114.154
3.0405
30.0331
16.8127
56.3489
259.762
117.346
3.70763
42.5628
17.3332
5.65134
49.5907
23.8216
46.8712
45.5805
2.21571
3.51619
19.7743
3.19593
103.144
27.7319
2.30925
2.14548
83.4849
12.5799
4.80795
17.2924
5.11206
1.96827
3.96827
97.1711
33.8324
16.9675
20.9415
7.38729
2.20082
10.9129
108.837
57.296
43.4429
5.93962
22.5723
4.70388
61.6241
26.7299
3.4844
204.687
9.0733
42.8934
43.611
54.3146
55.3813
259.175
109.161
3.67136
34.1165
19.5373
315.578
221.828
221.984
36.7878
55.2936
259.308
115.458
3.03431
40.3714
19.6321
236.202
106.597
42.8482
45.5183
106.703
352.239
350.951
15.9042
80.0516
71.4415
98.9385
45.2573
36.6666
16.1949
63.0922
46.0233
331.393
89.8459
11.2427
32.5958
3.5825
127.623
27.7812
6.42981
23.5153
42.8765
45.9925
44.7052
65.5023
23.1254
24.1161
107.579
46.9627
73.0275
21.8933
58.2466
66.6157
44.3632
47.254
27.3538
98.7787
45.1722
351.093
351.991
16.2655
71.3821
80.0608
106.687
62.9061
16.6429
36.5114
89.9832
331.34
45.9497
42.7641
45.5685
139.184
65.2855
40.3262
106.192
35.1346
33.5608
93.0163
139.092
53.7816
45.8274
93.1237
39.9823
38.3077
17.7867
104.331
27.6584
31.1733
106.145
36.1171
92.9858
40.7114
18.8925
78.8636
26.3264
23.768
34.8575
30.8612
17.7976
19.7938
43.9574
93.9091
38.1269
36.6897
20.6785
32.0301
19.6386
78.8602
27.3596
26.4571
33.5351
29.3152
18.5802
106.185
36.068
40.7182
92.806
93.0749
38.1416
39.8893
17.7235
104.295
31.1558
27.6479
139.09
65.2277
40.3109
106.142
35.1273
92.7987
33.5664
106.192
35.138
93.0163
33.5694
139.184
65.3102
40.333
106.145
36.118
92.9859
40.7137
139.093
53.8119
45.8334
93.1282
40.003
17.792
38.3536
27.6662
104.331
31.1848
19.276
93.9019
72.3854
34.2407
46.1631
31.4562
20.0402
19.6237
27.3377
78.8603
26.4236
33.5189
18.5465
29.2911
19.8307
93.9082
43.9811
38.2028
36.6938
32.0609
20.7492
139.184
53.706
45.8281
106.142
35.112
92.7991
33.5488
93.0579
38.2107
17.7706
39.9456
31.1771
104.295
27.6782
139.09
65.2618
40.3183
42.8432
45.5129
106.59
98.9585
45.2582
36.6609
63.0825
16.263
331.392
45.9877
89.8296
106.703
352.24
15.9763
350.95
80.0458
71.4359
27.2911
108.084
118.755
64.5989
12.2156
32.6901
3.58249
127.744
6.24783
27.7443
21.924
58.2649
66.6484
44.3606
27.4034
47.2726
11.2535
30.2798
4.58275
74.9532
5.0584
30.998
24.1558
107.576
73.0114
46.9489
106.576
62.9577
36.5649
16.6335
331.34
89.975
46.0058
42.7814
45.5614
351.093
16.3297
351.989
71.398
80.0816
106.676
236.194
205.084
5.15303
44.7862
41.4333
51.2631
56.3473
259.764
3.69216
117.344
42.5172
17.1973
317.038
222.082
222.193
35.5203
56.6111
260.804
3.04363
114.158
29.9943
16.6458
6.43198
111.219
60.9041
90.7151
5.62475
49.586
23.8013
46.8751
2.21381
45.5917
2.47885
27.7303
98.512
11.2469
17.4141
1.8997
6.53888
2.14397
12.5513
83.4861
4.81766
17.2831
1.9673
5.11355
2.02217
12.2682
82.1687
4.46045
18.4382
1.73559
5.08897
3.95112
33.8454
97.1693
16.9638
20.9639
2.20036
7.36966
5.86318
22.4618
4.65458
61.5419
3.53627
26.7456
7.22183
39.0903
22.7455
45.819
2.60444
43.1385
10.9888
108.701
43.3973
57.2901
54.3351
60.8328
55.2956
259.313
3.0158
115.448
40.2728
19.4025
55.3931
259.164
3.68614
109.127
34.1254
19.3258
315.6
221.988
221.824
36.7163
236.209
236.516
55.9199
47.4273
352.926
4.28542
352.381
47.2542
44.1843
21.7803
3.50653
17.927
52.1215
334.468
46.5526
108.91
41.0133
46.9086
109.651
12.6596
11.9366
95.8097
55.0413
6.59452
1.41067
5.75
4.08095
107.346
4.9741
142.902
26.2333
17.0016
109.602
8.61658
95.8107
14.4589
141.52
31.8561
18.3621
59.5372
15.2894
1.73541
11.845
5.96725
106.61
5.23114
108.832
9.22977
95.7073
14.4946
141.619
23.9553
18.5548
107.593
16.3181
3.04057
16.753
43.0355
333.401
37.4899
350.968
4.74644
351.513
57.4948
56.6535
33.8302
46.8209
107.641
236.003
47.4593
31.1535
334.571
31.834
20.147
107.723
96.1087
31.8133
18.1546
31.4643
30.9728
396.931
2.00999
24.5421
43.5478
11.2652
32.9135
2.02804
10.6533
36.5721
18.5312
30.0274
42.7967
42.719
10.9418
32.8627
1.84537
14.5845
36.2083
32.1996
396.317
2.40606
12.8745
43.0065
47.4596
49.0574
16.7725
106.735
28.3521
334.035
236.004
39.3633
316.398
222.147
221.851
32.0099
56.2809
260.343
112.505
3.65544
21.2071
15.8679
64.6467
204.286
4.48154
29.4892
25.3133
56.1593
108.562
259.001
2.44109
16.7152
27.1491
5.4146
14.943
29.5474
39.3693
45.406
1.71313
3.73394
11.1017
2.89843
70.6325
23.3235
2.05388
1.48683
81.8226
3.17983
6.4402
4.20195
11.4676
1.5098
2.66388
96.0199
16.7979
19.8104
4.92559
14.6554
2.03893
7.95055
40.6083
108.117
39.5516
2.51625
10.4009
2.46711
49.8615
13.2276
2.03287
56.1413
259.2
108.459
2.71545
27.815
16.6623
316.421
221.957
222.012
32.1334
204.254
4.54405
25.2749
29.3513
39.0879
56.3351
112.602
260.133
3.09238
15.1538
20.5992
236.497
315.597
222.016
221.954
36.9191
54.4675
55.3186
115.514
259.118
3.28347
19.639
40.388
60.9483
55.3655
109.315
259.397
3.29103
19.4108
34.1243
204.723
8.04034
43.8173
42.9536
56.4542
117.371
259.509
3.06119
17.4042
42.7146
74.8095
56.674
114.121
261.01
2.31009
17.2395
29.7957
51.1773
205.274
5.50375
45.3442
41.2784
45.7759
42.603
333.702
43.5113
43.6307
106.043
21.496
66.7936
58.3671
47.304
44.3802
27.5231
10.6583
4.61694
30.1645
31.23
74.9972
4.98252
27.477
118.723
64.8039
108.061
23.2963
45.8587
42.8497
65.4007
44.7518
22.8363
12.4941
3.65687
32.7175
28.5022
127.956
6.66165
46.1279
55.5774
334.539
70.1665
63.1651
106.398
78.0666
31.0556
45.4833
55.7923
58.93
394.935
19.1539
28.85
41.3615
34.7335
20.7347
31.1988
41.9338
34.4986
19.6074
78.8453
26.4711
27.3515
29.2915
33.5046
18.5453
19.3462
34.149
93.9035
72.3765
31.4358
19.9202
45.9607
19.0067
78.8472
23.7754
26.2813
30.8885
34.8063
17.8882
36.9277
48.2213
55.9763
395.425
21.7178
64.1261
41.4601
42.6658
20.1954
31.4178
47.5434
34.6723
45.4814
55.7927
78.0751
31.0567
34.7339
31.2215
20.7356
41.9335
34.4984
58.9445
19.1617
394.934
28.8557
41.361
19.9139
93.9065
38.3908
44.0799
32.0886
36.7066
21.0213
18.994
23.7562
78.847
26.2712
30.8656
17.8695
34.7904
19.3899
93.9032
34.1836
72.4148
31.4595
45.9746
19.9684
144.993
69.661
42.6866
31.4119
20.1959
47.5104
34.6728
55.9954
21.767
395.425
64.1215
41.4595
45.7845
43.513
43.518
106.159
42.6086
333.987
23.777
73.0548
107.74
46.9843
10.6927
30.2112
4.55978
75.083
31.1878
5.02083
23.77
45.8984
42.8553
65.4657
22.9644
44.6613
27.1834
118.736
107.921
64.7972
11.931
32.7797
3.68205
127.778
28.5217
6.95031
70.1684
63.1613
106.277
55.587
334.238
55.3321
259.119
115.51
3.24173
40.3641
19.5104
315.585
222.02
221.882
36.8
204.701
7.96329
43.8219
42.8786
60.9022
55.3608
109.237
3.28315
259.388
19.249
34.0564
74.7795
317.488
222.15
222.243
35.9364
205.286
5.48408
45.2572
41.1568
56.6878
114.122
2.30175
260.989
17.1947
29.6991
51.1132
236.012
56.37
112.516
260.354
3.83443
15.7977
21.1813
39.4051
56.2508
108.573
2.48685
258.996
16.4581
27.2803
64.6368
204.455
4.38867
29.4561
25.2945
6.08791
70.6622
45.0669
109.34
5.23912
14.967
29.4474
39.4066
1.72814
45.4939
3.62271
2.84021
11.0764
23.2328
70.6948
2.0683
1.51581
9.80851
96.9967
21.4092
4.36386
1.4363
9.13493
1.48388
3.17686
81.8252
6.4324
4.20489
1.50864
11.4412
1.53157
3.44835
80.9738
6.4995
4.35401
1.42311
11.9268
2.67243
16.7671
96.0268
19.7112
4.91764
2.0255
14.6843
7.926
21.8238
31.0512
43.9882
2.19177
45.2165
8.11189
40.6041
39.5498
107.981
2.58731
2.42125
10.1788
13.1537
49.7783
2.02442
316.888
221.987
222.112
32.1176
64.3317
56.4421
112.653
3.24046
260.124
15.082
20.6172
204.457
4.40614
25.2541
29.377
39.1302
236.499
47.4731
31.0666
334.812
31.8261
20.1248
107.84
18.1493
31.4494
30.9635
2.12705
397.324
24.5647
43.6758
11.2209
2.06636
33.0588
10.6001
36.6961
42.8065
42.7025
10.9148
1.84132
33.0122
14.536
36.3551
32.1582
2.46065
396.718
12.9301
43.1534
49.0517
16.5212
106.626
28.266
333.802
28.254
333.696
47.5746
16.1231
49.2808
106.622
68.9404
80.5608
21.5261
16.4704
2.48563
34.9414
131.083
11.4344
1.56966
29.7942
1.94461
69.2327
443.698
10.4177
28.5778
29.1546
35.0816
11.0728
130.404
1.4686
1.88112
31.1915
56.5117
1.59999
3.05217
1.52524
12.606
1.63671
8.19323
26.2474
138.955
184.097
14.9605
5.40667
61.4465
1.74634
1.71787
92.217
11.3601
1.53504
6.50258
38.8548
1.65924
1.37926
35.9874
3.96488
1.46012
11.6839
6.22708
65.9346
3.95524
11.959
2.47684
7.61912
2.76609
48.6865
498.271
36.0151
10.1472
41.5298
1.48778
1.3259
47.8398
4.16773
1.34499
8.71611
61.2644
1.65403
1.58424
32.3887
13.1986
1.44259
13.6671
2.34849
7.28966
3.93782
18.0825
6.84862
35.1536
5.98212
35.0619
130.466
11.8534
1.37139
30.3584
1.78735
80.5701
17.0971
21.347
2.59088
443.707
10.1719
29.1634
28.5657
69.087
55.8926
1.34136
2.71882
1.43302
7.63938
1.5896
12.0552
34.9632
11.2458
131.098
1.47076
1.94703
29.1614
31.1314
334.452
18.6678
31.8033
107.697
47.5531
107.775
107.516
351.337
351.187
4.16148
56.8646
57.5665
33.857
46.9331
39.2664
46.5473
2.52414
16.1023
15.206
37.4955
42.9082
333.462
2.5947
2.35759
9.5722
12.2452
49.8921
1.80187
8.10813
31.177
21.7894
45.2371
44.0488
2.09705
5.67563
44.8145
109.218
70.8987
3.98671
29.2357
15.5987
45.408
39.6768
1.58414
352.181
353.097
3.86466
44.2113
47.4307
109.747
41.1118
46.9639
3.60976
18.6463
22.1947
46.5418
52.1484
334.453
55.6785
47.3334
39.6657
334.981
48.7257
32.4962
46.0393
107.914
5.81385
4.61848
22.2461
26.4907
61.617
3.39073
7.07676
22.2831
39.1341
43.0584
45.8389
2.73538
6.3672
60.8223
90.8183
111.339
3.34
3.3618
19.4777
27.6972
103.277
2.52157
5.96791
23.677
49.5776
45.5959
46.9533
2.04945
53.415
337.356
49.5425
37.8993
46.1179
110.229
81.7565
35.0759
31.3932
11.8914
67.7774
35.7385
33.8725
129.188
19.0514
11.5627
28.5994
71.243
36.5727
23.2581
133.563
3.82384
8.37206
34.1526
444.905
25.3949
27.8406
30.7063
36.7415
17.0149
8.25567
23.1534
8.75632
26.632
31.0748
36.3985
36.5486
129.741
25.5316
16.5136
49.0561
68.2909
37.4342
19.6279
137.412
8.10208
10.6955
57.619
73.9142
133.48
19.3833
13.7021
26.9169
18.7838
39.7889
39.2733
447.131
35.1012
28.16
31.2537
25.1503
59.7641
16.7208
19.0762
36.8439
34.91
14.8524
22.7641
137.637
182.562
26.5453
22.4357
17.1196
28.427
13.2261
31.7027
13.7481
20.2472
25.1527
25.7565
33.0616
19.5646
21.6868
17.5796
23.8418
17.3049
89.1545
497.959
34.7467
34.6994
19.7539
76.29
11.8284
88.0062
13.0121
23.6307
73.0528
138.142
183.108
34.9427
39.0756
32.5951
137.084
25.0697
31.8754
18.7913
32.765
21.4587
22.438
28.4457
17.1204
13.2251
31.7032
20.2528
13.7479
27.1691
496.785
34.5534
25.1576
16.7269
59.7657
19.0776
36.8444
14.8579
34.9182
21.6874
17.5781
23.8414
17.3063
25.1559
25.7604
33.0635
19.5714
73.0066
138.231
183.108
34.921
41.4906
20.5896
60.0413
16.5034
138.489
13.4648
41.5951
89.1155
497.958
34.7466
31.8861
18.6052
32.7454
21.4944
39.1088
32.5967
137.096
25.1786
35.7407
129.188
33.7721
19.0231
28.5949
11.5677
81.7488
35.0811
31.3708
11.92
444.909
25.395
27.841
30.7064
36.7339
16.9986
23.1466
8.26087
26.6266
8.75381
31.0584
71.2342
36.5647
23.22
3.8284
133.569
8.36569
34.1477
68.2902
83.7585
53.7633
41.0579
14.3976
133.471
19.3814
26.9109
13.7139
39.7876
18.8021
39.2729
447.14
35.1012
28.1595
31.2613
37.4301
19.7347
8.19573
137.363
10.7901
57.6152
73.9132
39.6606
334.992
32.4675
46.0272
107.925
48.7259
10.533
43.441
108.72
57.321
7.1344
39.1355
22.3926
45.8433
43.0764
2.74352
3.31284
3.36231
19.4416
27.4855
2.51479
103.301
6.32525
60.7643
111.368
90.832
5.8737
49.53
23.4637
46.9726
45.5812
2.03198
37.9003
46.0692
110.246
49.5611
351.145
351.332
4.21786
57.5653
56.881
107.783
39.3072
46.5296
2.55659
15.2842
16.0577
42.9545
37.4879
333.435
33.8305
46.9341
8.08096
39.6478
40.5595
108.147
2.47555
2.33137
9.72773
12.1076
1.79837
49.9499
8.14341
21.7555
31.1867
43.9896
45.3276
2.12132
3.13255
2.78725
10.7842
23.3934
1.66999
70.6609
5.59385
44.844
71.0524
109.349
3.87008
15.941
29.0705
39.8068
45.494
1.56728
109.739
108.989
3.67354
22.1166
18.9149
52.0972
46.5628
334.493
55.5861
47.3314
41.1457
46.9589
28.3336
333.988
47.5858
16.1585
49.2646
106.744
35.0154
11.4863
131.255
2.22911
1.99559
29.7375
69.0255
35.1588
11.1871
2.33141
130.58
1.88517
31.2814
56.6989
1.65003
1.63853
3.02896
1.99526
12.4958
8.13697
69.3263
444.409
10.3197
28.608
29.1965
6.48928
1.82549
38.9405
1.38808
36.221
1.48429
3.97505
24.9885
499.507
35.8358
26.2188
139.354
184.56
14.9864
11.6157
6.20393
65.9343
3.92063
11.9343
2.47272
7.62889
2.74826
8.87721
2.17644
61.3523
1.60273
32.5038
1.47871
13.1546
44.9857
139.342
184.247
15.8275
48.712
499.486
36.0459
13.7077
2.36014
7.30246
3.95886
18.1688
6.90302
35.1318
6.02445
80.6997
17.0161
21.2528
2.58749
69.2137
55.9772
1.40464
1.45553
2.70944
1.78733
7.65165
11.9866
35.0501
11.0922
1.99358
131.281
1.94157
29.1567
444.418
10.1742
29.1916
28.5979
69.177
18.6872
31.8484
107.81
47.5573
43.0687
42.5533
395.973
32.449
2.07623
43.0483
11.3619
19.0481
29.7455
1.83642
32.9482
12.5718
36.244
14.3123
17.5745
6.1977
34.9287
4.48244
6.66532
61.1741
1.56155
1.47024
12.9948
32.1971
1.38175
44.4508
139.07
183.693
15.717
12.6272
2.3758
3.28168
7.26879
7.64252
1.4438
41.1167
1.32506
47.4039
1.35498
4.10264
1.88125
2.17438
65.5048
2.19201
556.977
1.60464
1.76251
65.463
1.96465
556.858
2.16806
1.56262
1.75994
49.4062
49.4383
1.47886
116.877
1.53108
1.56432
2.03734
6.5553
2.95329
2.93711
1.5635
49.4152
49.4554
1.39308
116.925
1.42322
1.37255
1.95026
65.4974
2.24823
556.957
2.47774
1.53357
23.4104
35.9169
497.69
4.7158
61.4199
1.54807
1.65077
10.7549
91.9067
1.40156
10.3845
2.24686
2.67806
6.38516
24.8958
139.056
184.058
13.4947
4.77601
1.47364
38.2817
1.29277
35.0632
1.32113
3.29375
396.637
30.8128
1.80369
43.6826
23.0275
96.338
31.6937
1.71975
32.9562
11.6281
36.6627
9.71839
18.3239
31.306
141.606
23.7344
18.0642
141.578
31.4747
17.7786
59.3821
10.8651
14.3031
1.72644
106.679
5.32346
5.57102
108.795
9.32923
14.4896
95.8747
108.788
13.3327
14.9573
95.9071
1.67097
80.9776
7.32546
3.44178
11.6697
4.4036
1.56716
1.51017
21.3977
10.7629
96.926
1.40416
8.97414
5.17477
1.38053
81.7372
6.47204
3.21201
10.8367
4.80654
1.38555
55.0392
6.43101
6.92797
1.45273
107.326
6.52216
4.0049
143.171
24.6874
20.8778
109.532
9.15739
14.5836
95.7649
109.703
12.3002
11.1156
95.8472
60.5553
36.7089
41.2752
399.456
5.83188
26.798
46.2124
32.5106
34.9976
5.21891
20.4106
37.0032
22.7437
39.582
1.94014
82.2377
4.87888
12.397
5.07135
17.9921
1.84256
2.33438
11.4436
27.6159
98.5407
1.75846
6.10506
17.2413
1.9431
83.5335
4.6623
12.7135
4.53801
17.0577
1.90465
54.7029
402.551
5.13016
27.4304
49.0728
31.6389
55.279
4.9117
19.7193
37.5006
27.1966
41.6854
23.4229
64.3187
5.03454
4.11718
30.7585
36.4532
4.14337
31.4825
24.4
34.6233
22.2637
32.1914
143.824
187.937
30.7084
21.8863
3.70454
33.7796
3.74717
36.012
3.74056
18.0893
30.266
20.7267
21.8785
27.3471
42.5417
40.1479
504.582
35.5351
36.4395
127.975
25.0456
22.1059
5.00562
33.5748
3.95791
35.6887
4.23294
18.0988
47.2113
144.492
190.392
30.8147
34.6636
20.0049
20.9096
27.0321
13.1767
16.1563
65.6583
16.0574
557.167
12.814
13.5612
16.6283
65.7731
18.6373
557.302
11.7092
12.4146
49.7469
49.77
10.4334
117.112
12.0065
10.8228
15.4481
36.8712
18.7727
15.7522
15.6323
18.0146
66.1185
19.5646
557.489
12.6906
13.9289
15.9088
65.8635
15.4215
557.578
11.4743
13.0276
50.108
49.8584
12.4576
117.451
12.7916
12.9899
14.4248
23.8635
17.8981
19.5799
12.4162
49.7495
10.4302
49.7702
12.0029
117.129
10.8224
13.5667
65.7727
16.6254
557.302
18.6335
11.7129
15.1053
17.7261
66.0999
19.5647
11.1976
557.395
15.5165
36.8811
18.8876
15.7522
11.9302
50.0958
10.2412
49.8265
10.4762
117.415
10.6353
13.9333
65.8324
15.9011
557.413
15.4194
11.3514
33.7882
38.4476
502.169
23.4225
5.03712
64.3245
4.12131
30.758
4.14326
36.4601
30.2602
20.7228
21.885
27.3494
32.1898
143.83
187.943
30.7085
21.8841
3.70901
3.74869
33.7724
3.74094
36.0133
18.0828
35.5403
36.4375
128.039
25.0352
23.3535
5.18521
67.2567
6.04581
35.1862
4.58866
107.692
42.5246
40.1491
504.554
34.6701
19.997
20.9005
27.0594
22.1199
5.03667
3.96692
33.5369
4.24902
35.6488
18.0732
47.2001
144.472
190.358
30.8173
399.467
41.2688
5.84044
46.2212
26.8122
60.5574
36.712
5.22591
37.0085
20.4311
39.5902
22.7681
32.5364
35.01
3.02515
34.0269
16.3712
97.211
2.10119
20.5991
6.62377
1.94303
82.2258
12.4251
4.8768
18.0344
5.0755
1.84433
2.29657
27.5031
11.2187
98.5738
1.74766
17.1177
5.91339
1.90641
83.5678
12.6136
4.40599
16.9793
4.34648
1.87105
117.553
40.9607
4.95151
37.4623
19.6776
41.6402
27.1556
31.5638
55.2438
59.2895
14.3314
10.8602
1.72837
106.646
5.57542
5.33026
141.578
23.7147
18.0763
108.784
13.3222
14.9662
95.7071
108.798
9.36035
14.4957
95.6836
2.36512
16.5963
19.4711
96.0498
1.86818
4.85383
13.6475
1.67591
80.98
3.45513
7.45123
4.40892
11.7536
1.57263
1.56653
11.3687
21.5569
96.9051
1.41178
5.68727
9.08186
1.4564
81.7168
3.42847
6.58154
5.65429
10.94
1.43755
143.198
24.5823
20.5011
142.807
28.1039
17.7081
109.694
11.8984
10.6995
95.8364
109.53
9.43208
15.2548
95.7662
32.442
396.353
2.13427
11.6162
43.2003
19.1182
29.7552
1.86132
12.7529
33.0965
14.4596
36.3905
48.0655
36.1395
498.856
17.6682
6.18872
34.7893
4.4749
7.94184
1.76024
1.33687
41.067
1.38527
47.4238
4.15835
44.4338
139.477
184.176
15.7347
12.707
2.34287
3.27727
7.38081
1.82695
5.82809
2.3997
2.33242
1.91144
2.17203
65.535
2.18279
1.58503
557.141
1.8079
1.97663
65.4967
2.17891
557.032
1.5894
1.79992
49.4379
1.69728
49.4757
1.76769
116.929
1.92488
1.74438
2.0525
65.5268
2.4784
1.47411
556.984
2.06649
6.67066
2.98364
2.96153
1.57632
49.4325
1.36228
49.4568
1.39835
116.928
1.37867
1.98628
2.25249
65.4972
2.4867
556.958
1.54884
4.72701
1.55219
61.5128
2.66582
10.7098
1.44014
92.126
10.8444
6.22452
64.8965
4.2203
23.3868
35.9524
498.908
4.76271
1.55931
1.29293
38.3878
1.33126
35.1971
3.28968
10.419
2.23828
2.67373
6.39707
24.8969
139.491
184.53
13.5551
96.4333
31.7889
1.73925
11.8894
33.0955
9.789
36.7914
18.4092
31.3237
18.3606
31.3686
33.0004
11.5215
1.68498
36.7626
9.73276
96.1072
31.5287
1.73811
396.676
30.8209
43.791
23.0572
11.5268
2.37875
7.62036
2.80592
5.30065
38.2993
1.31475
1.3777
3.88413
34.6967
1.35963
24.1134
497.687
35.8656
11.783
7.03913
4.2765
64.7274
5.18552
1.45558
61.4498
1.52948
92.0761
1.42854
11.3113
1.77147
49.4417
1.47866
49.4353
1.56087
116.892
1.54771
1.77139
5.85373
2.41951
2.27276
1.81392
65.5103
2.23318
556.968
1.64716
2.13804
1.81854
65.496
2.23863
1.5346
556.946
2.59156
1.75529
65.5239
2.12566
556.982
1.50276
2.26748
1.95431
6.39955
2.85271
2.73735
44.5721
139.003
14.4517
183.679
7.38209
41.0147
1.30542
1.52601
3.4486
47.8611
1.32494
17.101
6.43742
4.95124
36.3601
48.5077
497.614
35.9983
6.43397
1.59556
61.1341
1.58211
32.2868
1.36067
12.2526
32.8621
12.6069
1.89184
36.1864
14.6555
19.0613
29.9663
2.25659
395.951
32.6825
42.997
11.78
43.0346
42.761
109.549
8.1315
95.9731
13.4899
109.7
12.3641
96.0345
11.0395
142.861
26.4763
16.7205
143.167
24.7763
20.7339
55.0559
1.45085
6.17412
7.07629
5.43672
4.00128
107.362
1.57938
97.0101
20.8391
9.64825
8.73787
4.67345
1.44106
1.62079
7.44469
3.75106
80.9482
1.50858
11.5563
4.70603
2.40107
96.0206
19.827
16.4565
13.5934
5.07879
1.71514
108.79
13.2344
95.7194
14.9148
141.609
23.6545
18.4201
59.388
1.68446
10.9889
14.3035
5.5267
5.44009
106.651
141.581
31.5145
17.8131
31.6146
55.286
19.6949
37.2722
4.68276
27.1091
41.4612
117.597
40.9248
4.67586
54.6617
402.077
27.3044
48.8341
2.21978
98.577
11.6477
27.4265
6.02646
16.9378
1.69336
2.01874
4.87288
12.7024
82.2129
1.90133
5.09392
18.1082
3.23962
97.204
16.2326
33.9014
6.7364
20.5738
2.11072
20.3507
37.2286
5.43981
22.6107
39.7846
60.5668
36.6798
6.23733
41.2596
399.89
26.6661
46.4185
21.936
33.5463
3.91212
3.52603
18.0511
35.5937
4.22161
34.7523
20.4236
27.0138
21.5301
42.4688
503.329
40.1732
23.2672
3.61444
67.1655
5.19923
107.079
4.5917
35.3027
35.5664
36.9539
25.7837
127.384
32.1646
144.268
30.7462
188.422
30.2193
20.299
27.3629
21.5558
23.4658
7.29086
64.4071
5.10106
36.4976
4.25278
30.5929
33.7552
503.38
38.426
31.4125
24.2873
21.9601
34.5495
11.8617
49.8184
10.1291
50.0741
10.5603
117.407
10.2789
15.5284
37.127
16.0238
18.8911
15.0455
66.082
17.7001
557.388
11.0344
19.5379
13.5165
16.3542
65.798
11.691
18.4361
557.31
12.4496
49.7937
10.5432
49.7504
10.9132
117.134
12.0494
14.367
23.7627
19.3942
17.8101
13.2012
65.6586
16.1463
557.254
12.8483
16.0364
13.9466
65.8219
16.1748
11.3793
557.403
15.7058
15.0441
66.0912
17.6873
11.0282
557.389
19.5359
15.5259
37.1341
16.011
18.8888
12.4552
10.5151
49.7776
49.7521
10.8886
12.0556
117.134
13.5134
65.7823
16.3456
11.6761
557.31
18.4269
13.2052
65.6685
16.1495
12.8539
557.256
16.0371
14.3632
23.7534
19.3855
17.8061
47.141
144.049
30.8029
189.872
21.924
3.91341
33.5381
3.52995
18.0444
4.22346
35.5857
35.5651
36.9616
25.7992
127.374
42.4689
503.332
40.1719
23.2633
3.61566
5.2036
67.1659
4.59352
107.051
35.309
30.2844
20.2887
27.3998
21.5323
21.9183
3.86827
33.7577
5.54683
18.12
3.89382
35.9898
32.2134
144.253
30.7629
188.421
31.4793
24.2658
21.9334
34.5639
23.4515
7.33658
5.07702
64.4191
4.23745
36.4837
30.6375
33.7984
503.382
38.4399
37.2762
19.7095
4.68624
41.4625
27.13
31.6392
55.3025
4.67662
402.079
54.6683
48.835
27.3111
117.593
40.9312
1.84722
12.4416
4.64771
83.5678
1.83444
16.9136
4.45694
2.21507
98.5728
27.4241
11.6723
16.9368
6.03133
1.68591
1.99892
12.5803
4.63759
82.2394
1.87421
18.0468
4.98744
3.23138
97.23
33.9371
16.1162
20.5199
6.67944
2.11222
32.4326
34.9144
6.29932
399.888
41.2852
46.4036
26.6918
60.5883
36.6743
109.551
8.18775
95.7822
13.5596
143.203
24.7828
20.7338
55.0375
1.45346
7.08519
6.2095
4.00308
5.50285
107.33
142.831
26.6074
16.7682
1.48891
2.95021
6.42822
81.8167
1.41954
4.15971
10.6789
1.58251
97.0021
9.77208
21.1226
4.69833
8.79289
1.44593
1.72133
4.01319
7.55791
80.9398
1.57053
5.0032
11.5234
2.63868
96.0124
16.5236
19.8294
5.42162
13.7198
1.78556
108.791
12.8906
95.7101
14.7938
108.794
10.5204
95.6701
15.0807
59.2474
1.79208
14.2608
10.9751
5.43834
5.94059
106.691
141.62
31.4336
17.7033
141.576
23.6431
18.8079
11.645
33.147
1.73256
9.75007
36.892
96.1239
31.5862
1.79808
30.8596
397.056
23.1745
43.923
25.853
139.403
14.7518
184.517
11.6711
2.3529
7.69573
2.76304
5.26861
2.14175
1.53811
61.534
1.48036
92.2948
11.2289
24.2548
498.897
35.9057
11.8266
6.95645
4.26035
64.9417
1.79031
1.96761
65.5013
1.56671
2.11826
556.946
1.75713
1.45903
49.4661
49.4361
1.58053
1.54847
116.895
1.77017
5.84514
2.41792
2.27479
1.80081
65.5081
2.23108
1.64834
556.969
2.13339
1.53717
1.38143
49.4555
49.4404
1.37459
1.43468
116.906
1.8171
2.24401
65.4947
1.54305
2.59767
556.946
1.75606
65.5212
2.12655
1.50684
556.981
2.27011
1.95232
6.38186
2.86292
2.74145
7.68121
1.30312
41.0699
1.84111
3.4613
1.35564
47.9783
12.1375
2.25985
6.33391
3.4154
44.6103
139.374
14.5517
184.154
6.5131
2.06113
1.64354
61.2155
1.45437
32.3444
12.2778
17.2176
6.40744
4.96253
36.3271
48.5601
498.833
36.0233
19.1681
29.9518
2.3259
32.619
396.324
12.0852
43.1311
42.9767
42.7194
47.5799
31.7052
17.883
107.815
30.687
334.735
443.666
11.3221
28.526
29.0248
34.9236
131.12
1.49283
9.28875
30.3212
1.92634
55.4802
3.2702
1.62016
1.62089
12.7176
8.99828
1.70789
69.0163
80.5241
19.6881
16.3917
2.55868
34.9803
1.57538
130.402
12.2021
31.3854
1.98407
12.0926
2.53058
3.10431
7.4846
48.0093
35.9035
498.273
44.1739
138.987
15.2797
183.796
6.36474
1.72944
61.2074
1.67736
13.1356
1.47741
32.1649
7.7426
1.39378
41.0665
1.73372
4.26082
1.42368
47.61
12.3876
6.80016
4.58012
65.9675
26.5273
139.002
14.6738
184.153
25.4198
35.7661
498.332
5.52105
1.32012
38.6294
1.4188
3.93235
1.35087
35.2835
5.37877
1.52638
61.5127
1.69018
11.7263
1.45323
92.399
69.1676
56.6554
2.89402
1.36037
1.38264
8.27563
12.6221
1.56541
35.0179
130.368
1.4927
12.5188
30.6073
1.86023
68.9223
34.9215
1.41432
131.145
10.6497
29.5916
1.83883
80.54
17.2544
21.0619
2.58312
49.2917
17.1978
106.603
47.5401
28.4601
333.68
41.226
46.9879
55.6889
47.3306
18.2322
22.3737
3.18766
334.487
46.5537
52.2233
109.024
109.736
3.63927
352.211
353.099
44.095
47.4368
5.76613
109.356
70.5972
44.6957
3.36146
10.1555
3.07626
70.3966
1.84809
23.672
8.07173
31.2289
21.6564
2.0611
45.2342
43.9791
2.57766
10.1085
2.31162
49.7595
1.73653
12.4658
8.49847
108.011
40.5332
39.5488
16.3109
15.138
2.69408
333.437
37.4278
43.0083
39.3231
46.5441
107.785
4.26206
351.345
351.189
56.7979
57.5776
107.516
49.5814
46.0147
37.7032
110.278
53.4506
337.405
6.48997
90.8063
111.39
60.7781
3.39129
19.3483
3.39507
103.32
2.48711
27.8846
6.70097
22.5441
39.1038
2.8092
43.0982
45.8679
9.75791
57.3335
108.738
43.5053
5.78835
22.3485
4.61982
61.6924
3.52733
26.1779
46.1126
32.6363
107.946
39.7535
335.008
37.4264
137.173
6.20302
19.6691
57.7795
10.0119
446.526
35.4673
31.3016
28.1724
133.117
13.4711
27.4047
19.6528
39.2458
14.5504
40.0659
83.7285
40.9492
53.4673
13.4961
68.2406
36.392
20.2333
36.5628
129.588
15.8568
49.1578
71.2673
36.7128
8.9749
22.8766
17.5742
30.9063
13.5434
26.5853
445.595
25.3156
30.6882
27.8694
81.8588
31.5308
35.0993
11.8538
35.8076
22.6233
33.8013
129.359
11.4784
28.596
67.8651
31.9068
18.6057
21.4852
32.7748
89.0647
34.7334
496.739
41.3884
16.53
59.9687
18.0044
41.6284
13.3165
138.011
73.0243
137.803
34.9491
182.637
34.6207
11.5333
16.1269
76.0904
12.7782
23.5247
87.6423
25.0651
25.6777
19.4666
33.0684
21.5986
17.557
17.2636
23.7872
24.8343
19.058
59.8488
18.7664
34.8939
15.5057
36.7639
27.131
34.5818
498.005
22.1235
13.9036
18.3127
28.3957
14.5897
20.0767
31.5869
22.7205
138.062
26.514
183.033
39.0726
32.768
25.1642
136.977
73.0255
137.775
34.9579
182.638
34.619
11.5303
76.0386
16.1218
23.5274
12.7722
87.6453
89.0638
34.7337
496.739
41.3858
16.5345
18.0044
59.9686
13.3157
41.6326
138.014
21.5968
17.5592
17.2634
23.7832
25.0635
25.6666
19.4628
33.064
22.1245
13.902
28.4192
18.3142
20.0862
14.5915
31.5881
22.7195
138.101
26.5053
183.033
24.8277
19.0599
18.7597
59.8482
15.4997
34.8845
36.7602
27.1305
34.5809
498.005
133.105
27.4117
13.4815
19.6477
39.2497
40.0711
14.5606
73.8814
37.4254
6.21292
137.173
19.6413
57.7849
10.0246
68.2445
36.3927
20.2281
129.588
36.5669
49.1636
15.8665
83.728
40.9179
53.4606
13.5089
445.592
25.2982
30.6886
27.8671
36.6343
8.62345
133.744
23.184
34.0395
8.12267
71.2774
35.805
22.6336
129.358
33.848
28.5876
11.452
67.8631
81.857
31.5258
35.1681
11.6371
46.012
37.6652
110.166
49.5715
53.4413
337.169
5.68544
49.5029
23.8378
1.96501
46.9026
45.635
3.42849
19.3069
3.38639
2.48268
103.238
27.9489
6.45185
111.257
90.8011
60.7791
7.15327
39.1613
22.2525
2.84583
45.9517
43.0834
5.73173
22.3217
4.61171
3.5181
61.7197
26.2048
9.87554
108.876
57.3584
43.4568
48.7711
39.7567
335.245
22.4394
18.2733
3.22648
334.46
52.2274
46.5385
41.1882
46.9855
109.728
3.66183
353.067
352.208
47.4571
44.0993
109.024
4.09227
15.1786
29.5327
1.64716
39.4748
45.4189
5.87777
70.6397
109.227
44.7139
3.44499
10.171
3.10195
1.84495
70.3846
23.6413
7.96519
21.6056
31.1942
2.05181
43.9074
45.3189
2.43946
10.2205
2.29298
1.71356
49.8499
12.2714
7.87166
40.5309
108.139
39.5201
39.2701
46.5626
33.7268
46.9478
4.23052
351.17
351.356
57.5667
56.772
107.53
107.798
31.74
18.0425
107.698
30.6631
334.449
55.6494
1.61494
3.3275
1.70056
12.6285
2.07095
9.02746
69.1287
444.38
11.253
28.5628
29.0565
80.6587
19.6949
16.4131
2.54047
35.0816
2.93067
12.2368
130.584
2.00922
31.4012
69.1052
17.4089
6.40891
4.09478
36.7166
12.15
2.52951
3.09246
7.53274
6.40757
1.76954
2.05338
61.299
1.51479
13.0068
32.2511
7.98524
1.41228
2.1259
41.2052
1.47467
4.39963
47.7505
48.0618
35.9342
499.487
44.2037
139.387
15.3455
184.266
12.1831
2.4402
2.80376
8.00158
12.4049
6.73751
4.54256
65.99
5.49391
1.32998
1.47437
38.7944
1.35026
3.98158
35.4633
5.37878
1.56466
2.61048
61.5971
1.4814
11.6396
92.6708
26.6004
139.402
14.7531
184.617
25.5194
35.7947
499.54
35.0889
2.80915
130.537
12.5478
30.6779
1.90235
444.389
10.8079
29.0752
28.5645
69.2456
34.9923
1.90829
10.6848
131.319
1.89181
29.7262
80.6527
17.3149
21.128
2.63513
69.0022
47.549
28.561
333.969
28.1287
333.822
17.2393
49.3749
106.634
47.4353
396.281
2.45931
32.7799
42.9738
12.1782
32.8316
2.34562
14.0568
36.1617
16.1295
43.0483
42.7123
19.8202
29.9825
32.9199
1.62912
11.6029
36.7036
9.18611
396.997
1.95899
30.8541
43.7094
22.4791
18.7956
31.3162
96.2228
31.6602
18.6356
31.7004
107.725
30.9546
334.574
47.4462
236.504
204.25
4.29828
29.4836
25.3977
56.3473
260.161
3.25197
112.569
20.5965
14.9376
64.5267
316.411
222.033
221.902
31.8993
56.143
3.08287
259.192
108.337
28.0085
16.6066
8.44658
108.007
39.6426
40.437
8.47597
31.3079
21.7656
45.2347
2.06136
43.8537
2.09259
19.6078
96.0358
16.1842
13.4272
1.51874
4.56032
1.84278
8.2909
80.9743
4.78537
12.2228
1.78967
4.31348
1.3746
6.3861
81.761
3.64599
10.1341
1.48495
3.99987
1.54017
22.1591
96.9344
10.7792
8.95959
1.52448
4.57483
3.65443
10.8752
2.64493
2.0663
70.7012
23.2591
4.74618
29.4585
15.5358
45.4037
1.71338
39.5124
5.8473
109.204
45.0326
70.853
64.4351
56.1581
259.008
2.29315
108.646
27.18
16.5139
39.3139
56.3037
3.278
260.321
112.576
20.8821
15.4809
316.392
221.859
222.048
31.9352
236.017
56.5753
260.993
2.18804
114.134
30.064
16.338
205.08
5.3772
41.2568
44.8995
317.028
222.311
222.032
35.5343
74.7694
56.3693
3.19997
117.402
259.543
17.0307
42.6338
61.0081
204.882
8.03592
42.9939
43.9394
316.058
221.983
221.962
37.0733
55.4167
3.42059
115.478
259.108
19.7865
40.6535
54.5663
55.6394
334.285
63.0683
70.1063
106.304
46.1198
27.0292
64.589
107.951
118.704
23.7218
42.8688
45.9092
44.6876
23.154
65.514
10.6079
4.61427
30.2456
5.0397
31.2001
75.0836
23.749
47.0306
107.751
73.0619
21.5917
58.3523
66.8408
44.4753
27.5081
47.2883
43.5335
43.5175
106.168
45.7844
395.055
21.8844
55.9192
41.3179
64.5928
19.058
31.2909
43.0019
34.5404
47.668
144.867
69.8319
37.1107
48.2754
19.26
72.2649
34.1338
93.8992
19.9717
46.1817
31.4551
18.9048
26.344
78.8479
23.7827
34.8513
17.7948
30.8975
19.7868
44.0071
38.2544
93.9067
20.8858
36.6244
31.9814
19.5196
27.3186
78.8443
26.3941
33.4592
18.4598
29.1826
20.7337
31.3347
34.7165
34.6307
41.8976
78.0534
31.0318
45.4693
55.7637
31.2685
19.0537
42.9619
34.5408
47.6672
21.8844
395.055
55.9265
41.3184
64.597
37.0851
48.2745
144.871
69.8336
18.9041
26.3299
23.7783
78.848
17.7901
34.8499
30.8987
19.2667
72.2757
93.8992
34.1423
46.1852
19.983
31.461
19.5128
27.3085
26.3692
78.8445
18.437
33.4575
29.1758
19.7849
44.0097
93.9065
38.275
36.6137
20.9077
31.9718
19.0407
395.311
58.8927
41.5035
28.7972
45.4666
55.759
78.0525
31.0244
63.063
70.1081
106.304
55.6467
334.285
46.1198
11.5654
32.5988
3.63972
6.69165
127.763
27.9915
23.7143
42.8732
45.9181
23.1528
44.6872
65.5225
27.0234
107.951
64.5547
118.7
10.6921
30.3377
4.55734
4.97766
75.0594
31.2542
21.6845
58.3586
66.8564
27.534
44.4757
47.2917
23.9159
107.748
47.0982
73.0353
42.6257
333.992
45.7843
51.105
56.5721
2.19018
260.99
114.123
30.0069
16.3074
74.7627
56.3842
3.18444
259.549
117.398
42.5887
16.9506
317.034
222.237
222.035
35.5116
204.886
7.83419
42.9336
44.0225
55.4472
3.37054
259.41
109.295
34.0161
19.3259
60.9514
55.4174
3.37406
259.098
115.544
40.7207
19.6358
54.6416
316.062
221.937
221.971
36.9505
236.514
38.9631
204.461
4.34472
29.4575
25.4306
316.876
222.148
221.923
31.835
56.2468
3.19373
108.351
259.19
16.3362
28.2065
64.5022
2.60513
2.422
10.0618
1.90645
12.9135
49.3305
8.05775
39.6694
108.147
40.5209
8.40406
31.2454
21.6796
2.07298
45.3251
43.855
2.05985
19.4247
16.0842
96.0504
1.51704
13.4317
4.43488
1.81599
8.309
5.05419
80.9881
1.79028
12.1222
4.22877
1.37825
6.47405
3.77137
81.7767
1.49034
10.1858
4.14671
1.54351
22.1115
10.5876
96.9486
1.49632
9.00493
4.65743
3.64348
2.63897
10.9426
2.10535
23.2861
70.7899
4.52681
29.4937
15.3881
1.68246
45.4906
39.3849
5.82082
44.9592
109.34
70.7364
56.2748
2.32784
259.015
108.617
27.0851
16.0661
204.479
4.0954
24.9725
29.2927
64.4549
56.4214
3.44725
112.576
260.355
15.279
20.7476
316.879
221.966
222.119
31.4947
39.2084
17.0686
49.3318
106.759
47.461
2.29204
32.9758
14.1211
36.2993
15.9411
43.0453
42.6286
19.8298
29.9016
2.02955
397.397
30.854
43.8531
22.4558
18.8462
31.3312
96.2515
31.6694
30.9918
334.807
47.4559
236.023
33.8816
46.8354
351.474
4.75855
350.986
56.6256
57.482
16.3929
3.17759
15.3495
37.3955
333.419
42.9022
107.612
39.5128
46.5977
108.855
11.3686
13.9659
95.6904
59.4208
10.1029
1.45644
13.9151
4.48169
106.632
4.87476
141.52
31.6249
17.3802
108.746
13.7795
95.6895
15.1141
142.9
27.7026
16.6976
55.0047
6.58109
1.4399
7.22587
5.29034
107.307
4.00883
109.637
12.6037
95.8129
11.1331
143.088
24.8133
20.8672
108.871
18.4888
3.80436
22.7361
46.3864
334.437
52.2802
352.332
4.29613
352.865
44.1548
47.4942
55.7549
47.3871
109.822
236.492
236.203
55.5003
109.137
3.90914
259.192
19.3
33.9187
55.4189
115.558
3.11398
259.346
19.3131
40.2316
60.8333
54.4387
204.93
8.70096
42.7449
43.5719
11.0663
57.2905
43.3679
108.874
8.40178
22.4725
39.2109
43.0081
2.85385
45.9429
5.62423
4.42138
22.1284
26.356
3.18661
61.5925
3.0294
15.9509
97.2119
34.0575
6.78665
2.0525
20.5222
2.26007
6.10398
82.2037
13.2978
5.64362
2.117
18.2609
1.81224
4.54567
83.5129
12.9799
4.32053
1.78436
16.7721
2.39084
11.9551
98.5405
27.5099
6.02263
1.76582
16.8986
5.66709
24.1672
49.4189
45.7129
1.92397
46.885
6.51051
90.6463
60.8743
111.242
3.52833
3.42699
19.3239
28.0734
2.47143
103.206
317.462
222.273
222.166
36.3535
56.4335
117.347
3.72296
259.776
17.7763
42.7811
51.299
205.281
5.30072
41.5374
44.8594
74.7749
236.203
352.048
16.132
351.147
80.0997
71.4844
42.7656
45.5762
16.5627
36.5859
63.0378
46.0445
90.0014
331.34
106.599
98.8217
45.1788
24.0195
46.9678
73.0452
107.73
10.9262
4.48964
30.3642
30.9159
5.23582
75.0778
21.8999
66.7303
58.3108
47.2913
27.5446
44.4543
11.8543
3.66034
32.5412
27.7818
6.04059
127.826
27.1758
64.6781
118.783
108.089
23.0169
46.068
42.9508
65.4102
22.9766
44.7846
106.713
16.1272
63.1404
36.7029
89.8092
45.9592
331.365
98.9521
45.2617
106.604
42.8762
45.5229
93.1111
39.8441
17.7313
38.1651
27.6537
104.302
31.1612
106.133
35.1788
33.5961
92.7888
139.151
53.6421
45.8159
106.191
36.1279
40.7463
92.8192
19.836
38.1725
44.0027
93.9102
20.8498
32.0378
36.6982
19.6284
26.5098
78.8628
27.3999
29.329
18.6043
33.549
19.3407
34.2979
72.464
93.907
20.1412
31.3645
45.9122
18.953
23.7809
78.8637
26.3024
30.8233
17.8768
34.7701
139.127
53.732
45.759
106.136
36.0743
40.6257
92.7769
139.149
65.3563
40.2416
106.188
35.1447
33.5213
92.8214
139.118
65.1524
40.3547
93.1127
17.7397
39.8508
38.1817
27.6613
31.1688
104.302
106.192
36.1275
92.8196
40.7495
139.151
53.6509
45.8208
19.6333
26.5102
27.4007
78.8628
18.6056
29.3337
33.5529
19.8425
38.1844
93.91
44.0019
32.0446
20.8592
36.702
18.9227
23.738
26.2528
78.8633
17.821
30.809
34.7575
19.3529
34.3101
93.9064
72.4661
31.3644
20.1538
45.9133
106.136
36.0546
40.6217
92.7775
93.0558
17.7406
38.2849
40.0797
31.0674
27.5931
104.325
139.127
53.7435
45.7467
106.188
35.112
92.8219
33.5151
139.149
65.3659
40.2384
36.5991
16.5463
63.035
46.0547
331.34
89.9865
106.692
16.1113
352.055
351.15
80.106
71.493
98.8284
45.1749
106.592
21.7985
66.725
58.2992
27.5493
47.2876
44.3688
23.9715
73.0403
46.9373
107.593
10.9577
4.48219
30.3012
5.18427
30.9008
74.9801
23.0139
46.0849
42.9564
22.9872
65.414
44.7822
11.8222
3.67163
32.5927
6.0085
27.9508
127.82
27.1961
118.792
64.7031
108.084
98.9663
45.2614
16.0597
350.933
352.257
71.4172
80.0278
106.711
42.8847
45.5208
106.601
236.207
316.092
222.102
221.951
36.488
55.5166
3.90379
109.113
259.183
19.1915
33.9433
54.4268
204.926
8.59169
43.5447
42.7192
60.8246
5.5955
4.39167
22.0736
3.16882
26.3882
61.5817
11.1381
43.3657
57.2833
108.868
8.44101
22.6551
39.2156
2.87703
43.0082
45.935
2.89276
16.0118
34.096
97.1984
2.04908
6.62149
20.5962
2.22626
6.34181
13.29
82.1906
2.11017
5.30948
18.2547
1.81197
4.68501
13.0184
83.5019
1.80906
4.36213
16.8108
2.39168
12.1811
27.5373
98.531
1.77315
6.09121
16.9332
3.55278
3.44039
19.3468
2.47482
28.2557
103.301
5.91285
24.3255
49.462
1.95724
45.7063
46.968
6.66697
60.8673
90.6136
111.365
56.4094
3.72239
117.398
259.768
17.7816
42.8918
56.6829
2.90124
114.257
260.748
17.706
30.4441
317.469
222.16
222.291
36.3059
205.265
5.32107
44.991
41.5665
74.7846
51.2916
236.03
3.25844
16.3459
15.4819
37.3968
42.9058
333.469
107.645
33.8716
46.829
107.603
39.5387
46.5875
141.702
23.5071
16.5564
108.87
11.5994
13.6441
95.705
141.529
31.7042
16.8099
108.758
13.8215
14.2388
95.703
54.9333
1.49197
6.32754
7.40842
5.8268
4.1235
107.34
109.574
10.2103
13.8818
95.7969
142.907
27.3279
16.8007
109.641
12.9038
11.3823
95.8241
143.09
24.9319
21.0212
4.27338
352.368
352.859
43.9746
47.4936
40.7947
46.9047
108.909
55.8049
47.3805
109.817
48.8546
39.5487
335.166
46.0868
32.2498
108.027
32.5699
35.0028
41.3322
6.32926
399.474
26.7579
46.3743
20.6968
5.73169
37.1895
22.847
39.7298
117.541
40.9368
19.7851
4.91436
37.4617
27.1137
41.6236
54.6396
5.12368
402.148
27.3137
49.0269
46.0328
37.7869
110.127
53.412
337.031
42.5919
334.045
45.6859
43.5669
43.429
106.163
36.6239
23.0833
9.24355
133.648
8.26413
33.9009
35.7622
33.8501
22.5665
129.415
11.4597
28.5462
36.6544
8.8204
17.5622
22.8554
13.458
30.758
26.5215
71.3343
67.7623
445.563
25.3214
30.6289
27.8829
21.8413
5.61492
3.71459
33.8032
3.72519
35.9833
18.0751
33.6099
502.649
38.4417
32.0252
144.213
188.225
30.6038
31.254
24.3027
34.4793
22.1344
30.0318
20.6386
27.2225
21.7517
23.1982
6.04638
5.00601
67.1564
4.46295
107.452
35.2397
47.0151
144.408
190.197
30.7161
42.3818
503.876
40.179
34.6136
20.3637
26.9058
21.6082
35.4468
37.0413
127.345
25.9395
83.8053
41.0048
53.4509
13.9707
133.272
13.2833
19.5554
27.5515
18.4111
39.1991
40.2484
36.4316
36.3916
25.7944
129.82
16.0801
49.3348
73.9888
447.188
35.5718
31.2538
28.2178
68.2277
62.8417
70.3042
106.447
46.0362
58.8763
19.0901
395.68
28.8309
41.4951
45.5321
55.8053
20.783
34.8088
31.3407
41.9415
34.6371
22.1734
18.3727
14.0116
28.4173
14.6444
31.6121
20.1348
27.1751
34.5298
498.658
25.121
25.7461
33.0515
19.5421
22.71
138.077
183.151
26.5364
21.5993
17.6158
17.2932
23.8183
14.4672
23.8497
19.5793
17.8928
13.6185
16.6795
65.7849
18.6491
11.9933
557.372
13.2549
16.2156
65.7175
16.0751
12.9228
557.448
12.4979
13.1441
49.839
49.7535
13.4431
14.0471
117.169
14.1055
16.2315
65.8283
15.7597
11.7085
557.385
15.6152
37.1563
16.0571
18.8532
12.8238
12.4921
49.8734
50.0487
12.8485
11.548
117.417
15.6672
18.0474
66.1118
19.6853
11.9513
557.427
41.3976
16.797
20.4933
60.1535
13.4133
41.7232
138.654
34.6458
19.7171
11.7764
76.3519
12.9736
88.0049
23.6787
39.0724
32.7817
136.992
25.0968
89.1486
34.7149
498.612
31.8798
18.8669
21.5559
32.8451
72.9405
138.18
183.227
34.9949
145.009
69.6531
20.1682
42.7194
31.4063
47.5137
34.679
36.9514
48.2199
34.8098
20.7892
31.341
41.9452
34.6371
78.0391
31.0143
19.0941
58.8706
395.68
28.8331
41.495
24.8973
18.8205
18.9984
59.9436
15.5565
36.7815
34.9418
22.7103
138.078
26.5362
183.152
21.5997
17.6166
23.8182
17.2938
27.1743
498.658
34.5292
25.1195
25.7415
19.5396
33.0498
13.2544
16.2158
65.7014
12.9283
16.0758
557.284
12.5056
10.6561
49.737
49.8083
12.1456
10.9315
117.133
14.4636
23.8421
17.8902
19.571
13.6173
16.6725
65.7649
11.7843
18.6408
557.28
11.9537
10.3902
50.0472
49.8551
10.5168
10.6738
117.414
15.1423
17.7933
66.1103
11.2315
19.5859
557.425
14.0059
16.2275
65.8059
11.4498
15.7652
557.383
15.5767
37.1623
18.8931
16.0631
34.6143
11.7074
19.6646
76.3422
12.9193
23.5823
87.9873
41.4148
20.5163
16.794
60.154
13.4322
138.617
41.7154
31.8784
18.6724
32.7818
21.5128
72.9254
138.183
34.9494
183.228
39.0853
32.7839
25.1425
136.987
89.1248
498.612
34.7147
36.929
48.217
21.6967
55.9755
395.805
64.0244
41.452
145.004
69.651
43.4209
43.6604
106.05
42.5745
333.807
36.6547
17.5782
8.8045
22.8541
13.4594
26.5248
30.7694
81.8434
35.0864
31.1807
11.8275
36.6281
9.20665
23.044
133.662
8.26247
33.9144
67.7606
445.558
25.3182
27.8824
30.627
71.3398
23.3517
5.45053
7.5219
64.2813
4.1677
30.4738
36.4664
21.8355
3.71362
5.63158
33.7972
3.72039
18.071
35.9842
31.2684
24.2977
22.125
34.4817
30.0459
20.6339
21.7427
27.2244
33.6236
38.4482
502.659
32.04
144.218
30.6099
188.235
21.8814
3.87681
5.19532
33.5454
4.16859
18.0038
35.6256
23.2114
5.02795
6.08812
67.1405
4.47261
35.2443
107.384
34.6019
20.36
21.6082
26.9059
35.4361
37.041
25.9408
127.368
47.0102
144.41
30.7165
190.192
42.3763
40.18
503.873
36.4298
25.7944
36.4126
129.821
16.1101
49.3301
37.4714
8.0176
19.5769
137.283
10.4747
57.7696
83.8001
53.4854
41.0498
14.0552
447.19
35.572
28.2168
31.2554
68.2255
73.9896
46.0366
55.5937
334.645
32.2264
46.0668
108.025
48.8399
5.76266
20.7276
37.1995
22.923
39.731
60.6809
36.7392
32.5817
35.0339
5.14671
54.6784
402.13
27.3613
49.0074
31.7105
55.2748
117.485
40.944
53.4454
337.309
49.6548
58.9746
520.974
114.445
114.109
25.77
35.454
36.3861
25.0793
550.298
25.7173
35.3683
25.0148
36.3569
20.2944
43.4822
43.4985
19.4375
44.2103
19.8633
19.8414
66.9395
45.1925
62.3506
46.9279
551.247
68.2082
45.6624
47.372
63.53
48.4661
362.118
83.4942
45.3206
46.4616
98.3665
40.596
19.462
39.3486
33.1974
33.7132
36.3962
34.3313
19.4372
59.0736
118.66
82.515
344.81
122.26
53.4934
10.9515
23.6814
2.90553
6.20366
2.30687
4.00388
3.64575
34.7785
49.4393
39.2131
30.9484
23.158
46.2125
40.3675
40.0104
79.5739
357.19
42.3604
43.0071
62.0837
121.078
4.98283
4.05398
3.61055
2.05932
2.26274
2.04875
1.86648
8.31917
4.37914
5.66119
2.1927
2.40324
1.99339
2.62857
15.2804
34.7612
16.6515
14.5465
28.5703
18.1069
12.3821
353.149
124.567
43.5466
63.8065
35.8642
36.815
65.1279
42.7021
38.057
3.60748
7.34859
4.98232
2.0469
1.86535
2.05951
2.2622
5.65556
5.25594
8.35057
1.99138
2.62608
2.19357
2.40669
108.027
183.128
74.1144
102.288
77.2027
123.963
115.758
80.0511
342.241
80.6976
119.769
13.129
45.0283
27.0375
14.5392
44.2968
22.0784
7.69811
39.7664
51.5854
50.4285
40.0039
20.497
96.1986
51.7073
1.58396
2.51586
16.6384
1.62796
9.83863
1.50622
1.73173
4.69796
15.7145
25.6228
1.7163
47.2045
2.1803
2.29034
49.8317
263.151
263.303
38.6533
45.8744
45.5238
357.449
128.89
111.174
186.478
56.4111
58.1592
105.567
28.7291
359.985
44.4218
81.8079
93.5006
44.6995
30.1584
14.6972
38.1089
21.7748
40.63
24.2956
42.6166
14.0178
41.2143
81.8388
117.484
121.501
343.729
50.1863
108.53
110.328
106.763
16.0937
17.0927
18.2398
7.91774
1.32965
1.33659
1.22988
1.3628
1.24485
1.23908
1.20881
2.29673
1.238
1.41252
1.22092
1.32727
1.22253
1.2468
63.4017
2.73071
2.55842
10.2696
8.9752
2.70477
1.81401
1.56159
11.978
3.14634
1.60568
1.35881
2.79178
1.65782
3.38947
2.90803
12.2459
1.35275
1.52027
1.65571
3.37353
13.0897
50.2247
11.8909
3.5015
61.2873
28.0372
4.49969
57.831
42.125
357.605
79.4333
78.4118
40.899
42.8804
42.2226
54.1973
35.8127
34.3958
55.9359
41.272
36.096
87.456
89.4952
79.2566
79.6992
115.637
119.69
60.9036
342.191
3.18052
3.32058
1.56486
2.80336
1.66341
1.6113
1.36106
12.1997
1.63324
3.4002
1.64239
3.29208
1.34976
1.51004
16.6142
34.8614
14.5961
13.1878
46.9638
18.87
8.71696
2.61627
68.4102
2.48552
7.50008
8.29685
3.35014
1.85626
1.22966
2.39576
1.32994
1.23928
1.20899
1.37511
1.24699
1.40952
1.35003
2.25799
1.22197
1.24632
1.21989
1.33594
3.37341
3.75671
50.612
2.80709
25.7529
1.78447
18.4857
2.41621
1.92632
7.83063
1.30865
21.9993
1.47473
1.6693
89.5118
91.5509
4.92958
1.81419
4.13126
1.45603
1.50561
1.41678
1.2992
21.8015
49.0048
20.5988
29.9618
11.7099
31.2761
59.84
1.26004
1.3383
1.21462
1.26809
1.2005
1.21654
1.19822
1.86064
1.2182
1.26176
1.19919
1.25687
1.19309
1.20499
2.84
51.002
2.59085
3.08854
25.5771
32.6979
1.4335
3.46486
19.3868
13.2083
2.74614
2.2416
4.53021
2.66655
52.027
99.3208
98.2293
52.5169
272.11
272.239
31.2811
30.4435
49.7394
38.3903
21.492
38.9182
45.611
1.21459
2.11507
1.26651
1.2163
1.19812
1.26878
1.19988
1.26047
1.30845
1.87292
1.19317
1.20455
1.20126
1.25796
50.8246
268.784
2.96791
2.1476
49.8668
2.6018
14.4938
1.55211
20.5683
49.8117
55.5726
51.1571
29.1081
269.656
269.628
48.9085
266.555
59.2774
520.726
114.141
114.368
25.7831
35.717
36.7615
25.0147
550.975
30.8692
81.3483
44.2183
359.468
44.1849
44.8379
40.277
1.22441
1.19967
1.19379
1.20854
1.21149
1.20845
1.19388
1.27362
1.1965
1.20691
1.20437
1.23
1.19741
1.21303
1.25755
10.0936
1.25888
1.3448
1.28947
3.98011
1.2405
356.251
127.721
36.4845
44.9841
82.5638
360.031
41.8396
57.5498
45.8444
58.4747
520.605
113.87
113.583
2.30527
5.71259
2.53464
5.21634
2.06811
4.39468
1.94565
7.27593
1.91558
3.95511
2.01742
4.84481
1.63811
3.42668
9.45153
17.8969
7.63234
9.49759
10.3779
12.0733
7.23898
25.6148
35.21
36.2137
24.869
2.53483
8.36674
2.3102
4.39624
1.946
5.21889
2.07065
3.96662
1.93601
7.26553
1.63462
3.44961
2.00312
4.84446
550.451
21.7069
25.8337
10.3458
12.231
45.5207
18.7667
8.54645
1.48697
1.50905
20.8919
2.45279
1.70848
1.37116
10.7687
355.835
127.405
1.19455
1.22747
1.22433
1.20624
1.19437
1.20539
1.20936
1.20741
1.19897
1.27464
1.19777
1.21393
1.20424
1.23133
1.32814
1.27647
1.92397
1.25245
1.35698
1.25617
1.35148
3.04482
1.33058
2.1012
1.26446
8.10992
1.30274
1.74886
25.7705
35.6452
24.9588
36.699
5.53051
42.9146
5.48404
42.9572
5.403
43.7225
5.60822
67.6656
45.9654
63.105
47.7438
13.2446
39.1695
21.7297
38.6179
14.004
38.5344
19.7009
1.21141
1.20833
1.19441
1.22865
1.22436
1.19959
1.19412
1.23018
1.19771
1.21293
1.19879
1.26702
1.19633
1.20687
110.507
56.4659
185.359
104.879
53.9799
18.6032
33.3624
31.9204
40.1919
20.0114
33.2344
31.9731
91.6507
93.5078
25.8773
35.4741
25.1131
36.5341
2.02711
3.55477
1.68248
7.35405
1.85394
3.97858
1.86384
5.13167
1.90013
4.25286
2.3447
8.40121
2.58978
5.65666
19.4286
19.0974
43.575
43.5964
19.4957
18.9379
44.3601
1.68221
4.91784
2.02669
3.97776
1.86252
7.34663
1.85201
4.25274
2.03558
5.14344
2.59117
5.65417
2.35367
8.41922
68.3058
45.7239
63.6847
47.5121
19.8211
15.9596
6.19452
10.4057
17.2389
16.9325
5.96079
111.551
55.261
187.463
105.702
56.1181
1.19478
1.2073
1.21082
1.19865
1.1946
1.22802
1.22433
1.2137
1.2046
1.23137
1.19643
1.20678
1.19863
1.26825
55.782
3.56216
3.41074
1.44154
48.4934
4.34949
6.22508
89.6007
91.7364
3.22546
1.26061
1.35658
1.26166
2.07774
1.27195
1.44847
550.371
67.903
45.8829
47.6849
63.1823
82.318
118.653
82.4865
35.138
344.698
123.066
2.53426
19.0279
1.34737
4.46791
1.69211
49.9168
1.39642
101.01
83.6455
120.445
42.3566
124.236
346.471
1.20023
1.20827
1.19727
1.71394
1.28608
1.27599
1.20829
1.27686
1.1905
1.21123
1.25533
2.28902
1.20589
1.29599
2.41796
6.06537
1.30879
1.60642
1.79304
22.502
1.3784
551.185
21.8789
21.9344
11.4934
16.5395
15.8487
30.1557
13.1979
67.2614
45.4112
47.1454
62.5674
19.7364
12.9708
10.1147
11.4765
13.5758
18.1004
11.9564
2.83939
1.68077
24.9631
10.0021
1.85426
1.82648
42.4238
1.19699
1.23299
1.19965
1.27553
1.20793
1.72185
1.29268
1.21171
1.19807
1.265
1.20503
1.29774
1.26278
2.30878
1.76936
1.24213
6.0077
1.90262
1.37243
1.33953
18.9653
4.25854
1.32093
2.365
1.51208
1.71214
1.39631
6.06282
3.45405
1.26306
1.39401
1.28784
1.48391
1.29897
2.66255
19.2108
28.6029
19.3075
48.9148
10.5045
47.1121
29.6958
1.34875
1.45369
1.29033
12.4097
1.26659
4.04697
1.33542
2.72204
4.4841
1.33224
13.1823
1.45517
30.1682
1.52884
49.6973
262.311
29.967
262.231
52.1267
56.2263
2.31292
1.98079
63.972
6.22957
5.81633
2.50097
1.51635
1.24005
1.23204
1.21123
2.44347
1.35618
1.38655
1.23263
1.30063
1.22322
1.23891
1.30627
2.29252
1.24032
1.39394
43.4099
41.3358
51.6062
50.2119
24.3945
51.4503
100.105
1.3375
3.31172
1.66737
3.30531
1.58827
12.2601
2.75115
1.56211
1.70654
2.92155
1.64763
3.45423
3.41784
12.0288
49.8241
267.431
13.4801
13.423
15.5842
39.0436
10.6714
16.607
36.0587
16.6328
17.5358
31.5903
43.3639
11.4186
22.0134
79.4388
1.66576
1.53619
1.33627
12.2603
2.7466
3.29139
1.57954
2.92934
1.36046
1.56553
3.41918
12.0317
1.65003
3.44022
50.6948
51.1381
264.009
264.076
96.5344
97.4344
1.21094
1.36709
1.24139
1.38294
1.23238
2.46901
1.36
1.23966
1.21688
1.31449
1.23914
1.39488
1.2901
2.23079
50.1253
5.33672
3.50968
3.53957
19.8497
20.8456
12.0251
59.3171
2.41708
2.86472
3.59693
8.72566
10.2579
14.6481
62.4758
62.4673
68.0505
216.171
84.7102
84.7051
48.9172
266.345
355.181
126.71
110.786
185.926
56.5605
58.9351
104.949
4.36884
3.60906
3.26673
49.6815
2.05962
35.8491
20.2279
1.84135
2.09176
1.30762
6.3034
1.42845
23.7097
1.43648
7.86131
2.9644
11.4671
49.535
3.28701
24.7339
52.6187
353.428
124.577
2.23425
2.59265
2.10305
8.31145
5.21309
5.61821
4.37546
2.14922
1.70669
2.15242
4.94366
7.36598
3.54052
4.01985
108.04
88.5438
183.144
94.9117
102.344
2.10808
2.34326
2.22972
5.61795
4.38323
8.30122
5.20504
2.16444
2.10647
2.15108
3.57049
4.02513
4.93807
7.35827
77.3212
26.5706
17.0471
24.2689
29.2459
67.5685
24.1161
14.6322
11.7266
13.2339
45.0264
6.53106
19.7023
55.9712
92.1569
2.87515
2.36038
2.87904
11.9115
12.1127
17.4156
100.404
71.3167
102.011
84.6125
216.087
84.7193
48.6876
1.32002
3.65167
3.83358
3.54106
3.36007
46.9546
51.0532
103.74
105.543
85.2458
85.267
216.341
91.8986
94.1954
51.4051
45.2918
45.3942
38.9247
271.582
271.312
50.4419
268.223
11.7658
10.7704
10.3112
20.5043
9.2742
15.4077
13.1015
25.6647
13.4351
8.34214
20.7826
9.71183
49.8882
13.2233
87.4072
89.4852
20.6031
8.62745
8.02727
11.2428
9.47012
20.803
13.2644
21.3429
9.88751
6.68823
22.114
5.66422
20.1699
28.0791
20.5806
11.3176
6.20826
15.6094
7.15369
17.019
17.0896
50.2842
267.972
50.8147
268.858
91.8742
94.1701
91.6322
93.4512
50.2135
267.899
50.4321
268.201
52.0523
98.1872
99.1997
52.7548
272.303
272.172
551.256
68.3236
45.7251
63.5832
47.5254
21.6137
26.3565
10.1637
12.2164
45.2197
19.0965
8.33493
20.7691
15.6957
6.37291
11.3885
17.273
17.0694
7.33866
68.2279
45.7001
47.3815
63.559
551.026
19.8309
15.8596
5.74783
10.0353
17.1674
16.8425
5.39976
21.5022
22.2293
6.50758
9.87273
28.3378
20.3328
5.57687
51.3584
45.2194
45.3123
38.8812
271.545
271.261
49.8369
267.349
87.4527
89.5222
550.618
67.2079
45.3968
47.121
62.6332
25.7298
20.6609
13.2753
8.23134
49.8253
13.2058
9.6302
20.5687
11.1781
7.9824
8.59394
13.1991
20.7397
9.42501
25.8877
35.469
25.0944
36.533
25.7164
35.3677
25.0142
36.3561
19.4387
43.5399
43.6249
19.1149
44.3531
19.5072
18.9496
9.50077
18.3733
9.63692
7.62443
12.3526
10.4219
7.25891
58.4826
520.61
113.579
113.885
20.3045
43.4918
43.4812
19.4447
19.8698
44.209
19.8528
25.6163
35.2212
36.2221
24.8985
11.6429
20.4307
10.7223
10.087
15.3739
12.983
9.0968
66.9373
45.1912
62.3494
46.9256
22.1325
21.9341
16.379
11.2746
30.1095
15.9284
12.7691
19.9947
12.9429
9.81259
11.0994
13.5176
18.251
11.4653
87.4031
89.4786
87.4529
89.5223
67.2085
45.3973
47.1217
62.6337
550.614
20.5816
11.1755
8.59335
7.98457
20.7405
13.2077
9.43096
25.7457
20.5536
8.22551
13.2298
13.2012
49.7565
9.62657
19.4302
43.6261
43.5371
19.109
19.4971
44.3564
18.9437
58.9694
520.969
114.438
114.104
25.883
35.4777
25.0889
36.5245
9.47894
18.2569
7.61694
9.62367
10.4075
12.3031
7.24845
25.6184
35.2224
36.2244
24.8996
25.7661
35.4327
36.3822
25.0757
58.4793
520.607
113.572
113.881
11.6235
20.4006
10.0748
10.7555
12.9702
15.3492
9.08184
550.218
19.9887
12.9338
11.0893
9.80005
18.24
13.5095
11.4551
22.1288
21.912
11.2653
16.404
15.9169
30.0974
12.7662
87.4036
89.4799
50.4152
268.18
52.0277
99.1947
98.1669
52.7503
272.135
272.227
68.2919
45.7347
63.5629
47.5071
21.6831
26.2394
12.243
10.252
19.0434
45.3495
8.40516
20.8373
15.7281
11.4215
6.42651
17.0809
17.3193
7.39994
551.02
19.8416
15.9053
10.092
5.80014
16.8926
17.2071
5.45866
21.5218
22.1888
9.93791
6.56924
20.3234
28.3871
5.64118
51.3649
45.3534
45.2618
38.9168
271.232
271.524
49.8483
267.356
50.8046
268.838
91.8779
94.1748
91.6343
93.4515
50.2354
267.89
105.46
103.711
50.9639
216.354
85.2845
85.2571
357.453
128.895
111.509
187.387
55.4028
105.689
56.2015
356.078
127.806
110.806
185.969
56.9351
104.965
59.1039
48.9003
3.80918
2.98507
1.36954
47.3119
3.6232
3.66469
111.177
186.479
56.4073
58.1557
105.57
356.012
127.332
110.535
185.408
56.7139
54.2761
104.877
355.158
126.684
56.161
3.46249
2.97688
1.34994
48.5468
4.20428
4.63481
62.0333
62.2116
68.1058
216.147
84.5863
84.7667
102.073
71.2198
100.471
84.7266
216.107
84.6386
50.693
264.185
263.991
51.2366
96.6888
97.5695
92.1885
2.79837
2.28249
2.62053
17.0406
11.5877
9.94097
100.859
120.515
83.4995
42.4735
346.52
124.274
39.7984
50.4376
51.6073
40.0309
20.5396
96.2083
51.7252
2.77838
25.5107
10.5388
1.75071
42.6172
2.08644
1.83634
3.34785
50.9239
3.24462
2.80235
32.5461
26.0672
1.77355
1.89727
6.09992
2.02182
1.31923
23.3198
1.55264
1.44398
18.8613
40.1128
31.9525
33.4722
20.1046
31.9839
33.3387
1.58525
16.661
2.517
1.6299
9.86981
1.7339
1.50799
36.3772
360.478
82.4907
44.8215
41.6948
45.8041
57.2346
1.63568
20.6214
2.54252
1.52675
11.7192
1.76289
1.43754
5.84344
25.6061
15.7559
1.72971
47.1363
2.43622
2.28741
31.2596
49.7464
38.2522
30.3799
21.8831
45.5182
38.8005
2.58759
6.36079
1.87797
1.35573
23.012
1.71562
1.56975
4.19731
49.6662
3.68156
3.13123
35.8792
20.4511
2.06801
49.8147
263.281
263.131
38.6285
45.83
45.4988
50.1009
5.8163
3.91121
3.58339
20.6437
20.9547
11.5811
100.516
71.0767
102.19
84.7055
216.084
84.6405
43.4526
50.1601
51.7999
41.354
24.136
100.012
51.5024
123.956
115.749
80.0461
80.7045
342.191
119.756
16.4714
31.4154
43.4484
17.4913
79.4516
11.2437
21.9575
12.0754
50.3841
3.77147
11.6774
27.9691
61.1715
4.49343
16.3593
35.0085
14.0959
13.1571
46.9136
18.9485
8.47792
13.1219
27.0076
45.0018
14.5045
44.2826
7.68326
22.0398
79.1214
115.505
79.824
342.017
119.616
60.8865
8.42651
49.5117
3.00288
11.6629
25.0686
52.5605
3.51238
14.7729
44.832
13.4158
11.7964
55.9628
19.5424
6.87827
353.22
124.621
108.058
183.175
88.4768
94.8863
102.328
353.389
124.527
108.007
183.094
74.1331
102.303
77.2208
77.3436
24.3011
17.0769
26.6258
24.163
67.6192
29.3301
13.5063
39.1314
15.5886
13.4811
36.025
16.6795
10.6981
43.5449
35.864
63.806
36.8141
42.7006
65.1288
38.0547
57.7857
79.4855
357.119
42.2477
78.3841
42.8829
40.8926
42.2182
35.8256
34.3803
54.1829
36.1031
55.9215
41.2617
108.026
183.127
74.12
102.288
77.215
353.458
124.579
77.3133
26.6037
17.1305
24.3146
29.3587
67.5504
24.1984
108.036
183.141
88.5221
102.339
94.8762
108.058
183.175
88.4779
94.8899
102.328
353.219
124.621
108.007
74.1333
183.094
77.2208
102.303
77.3445
24.3042
26.6275
17.0818
67.6194
24.1705
29.333
353.396
124.526
40.0187
357.19
79.5749
42.362
62.0905
43.0067
121.078
13.5051
15.5908
39.1251
13.4704
36.0324
10.6969
16.6632
42.179
34.3738
35.8268
54.1694
55.8949
36.0907
41.2399
15.314
16.6751
34.7976
14.5978
28.5818
12.4074
18.1643
57.8112
357.117
79.4848
42.2471
42.8816
78.4009
40.9145
353.148
124.566
77.2983
26.5712
24.2891
17.1164
67.5448
29.3313
24.1788
108.038
88.526
183.143
102.34
94.8789
353.425
124.574
20.6165
43.4304
31.5373
17.5159
79.5837
21.8214
11.3707
43.4894
51.7944
50.148
41.358
24.1946
100.01
51.4938
16.537
34.9806
13.125
14.2247
18.8676
46.8267
8.74795
12.9685
50.3847
11.7387
3.77017
61.2484
27.899
4.61765
79.1382
115.505
79.824
119.617
342.018
60.8956
34.7734
39.2433
49.4537
30.9313
22.9701
40.3934
46.2385
14.7894
44.8941
11.754
13.3867
19.5758
55.9652
6.81943
8.36329
49.5123
11.7467
2.99557
52.5661
24.922
3.49647
102.069
100.465
71.2114
216.108
84.7297
84.6418
50.6936
263.948
264.124
51.2165
96.6695
97.5551
92.1807
2.81995
2.62131
2.2813
11.5041
16.9968
9.87825
2.77926
10.5281
25.496
1.75076
42.6029
1.8383
2.08494
100.862
120.517
83.4969
346.521
42.478
124.271
3.3455
50.9232
2.78695
3.22222
26.0475
32.5667
1.77093
1.89469
6.09613
1.31904
2.01396
1.55219
23.2906
1.44354
48.4725
83.4959
362.117
45.3182
98.3662
46.463
40.603
18.8632
31.9556
40.1146
33.4767
31.9866
20.0994
33.3496
1.63842
2.55471
20.7002
1.52558
11.7827
1.43954
1.75081
19.4363
33.2025
39.3503
33.7147
34.3302
36.4016
19.4201
36.3964
82.4763
360.474
44.8147
45.7964
41.711
57.2366
31.2353
38.2726
49.7668
30.3469
21.7445
38.8028
45.5401
59.0584
118.637
82.5029
122.234
344.757
53.4991
2.48274
6.34735
1.35353
1.86947
1.69902
23.0216
1.54657
4.08015
49.6535
3.06207
3.67821
20.5739
35.9294
2.03954
50.1052
5.73121
3.5089
3.93776
20.6906
20.6811
11.3143
100.511
102.182
71.0615
84.6488
216.088
84.714
105.464
50.9905
103.732
85.2851
216.352
85.2515
111.505
187.385
55.4071
105.685
56.2067
48.9043
3.81247
1.36882
2.97767
3.61339
47.3008
3.66288
356.078
127.806
110.809
56.9138
185.973
104.969
59.0839
356.01
127.33
56.1223
3.46588
1.3506
2.96889
4.21026
48.5288
4.59521
110.539
56.694
185.413
104.881
54.2619
355.159
126.685
62.0473
68.1589
62.2485
84.7575
84.5772
216.138
48.9483
266.493
89.5842
91.7572
89.5065
91.542
48.8715
266.294
68.1482
62.5516
62.5635
84.6737
84.7038
216.156
49.6801
262.259
262.369
30.15
56.6072
52.5492
59.3875
3.80866
3.19469
2.38047
15.123
10.0778
8.47556
82.3652
82.6038
118.507
35.0481
122.979
344.508
3.40936
50.6176
3.71932
2.78466
25.6593
18.5549
1.78483
1.88761
6.34762
2.16666
1.34675
19.1973
1.49561
1.44248
22.3959
48.9486
29.9658
20.8624
11.3446
60.2321
31.3515
3.06964
13.1389
5.11759
1.4114
30.2731
1.66903
1.51375
13.7783
38.6007
21.832
39.2543
14.1098
20.3025
38.6729
1.29378
10.5801
1.42833
1.29199
4.5948
1.33891
1.25658
30.8977
358.978
44.3193
81.3756
44.2309
40.333
44.8114
1.4975
12.7479
1.54655
1.36463
4.26406
1.56355
1.3177
2.49814
7.84108
1.94758
1.30526
22.0048
1.67099
1.4807
2.99514
49.9574
2.91231
2.18563
20.8441
14.9966
1.657
2.49971
18.6271
4.3191
1.41164
50.0526
1.79538
1.62221
19.9772
48.8981
28.8105
20.0362
11.8692
47.3048
29.7347
49.6859
262.176
262.35
30.0375
56.0874
51.9962
59.0891
2.579
3.20021
3.44334
10.144
9.78636
14.4928
51.0877
103.833
105.417
85.1166
85.3686
216.334
49.839
263.344
263.232
38.7636
45.9128
45.609
50.1749
3.54509
3.4948
5.51252
11.1498
20.8259
20.097
92.2304
2.42745
2.09657
2.7145
11.0935
11.7098
16.3491
50.6357
264.021
263.951
51.1332
97.4426
96.5101
49.8532
267.451
8.31401
49.433
11.2725
3.14091
52.5261
24.9411
3.17638
79.2379
79.6955
115.626
60.8908
119.675
342.15
14.1673
12.8377
45.0703
11.393
55.7681
6.39005
19.5264
34.8263
49.5347
31.0696
39.3249
22.9681
40.4687
46.2915
12.5693
45.1867
26.8107
14.1271
44.3533
22.0533
7.32456
16.7412
14.6894
34.7805
13.1853
46.8555
9.03885
18.7877
123.841
79.917
115.877
119.813
342.347
80.7745
43.5558
50.1769
41.503
51.5099
24.7356
51.4304
100.214
20.8102
43.2655
31.8541
17.4673
79.5187
21.6907
11.7453
50.3752
268.219
87.4068
89.4515
42.2237
35.8128
54.1983
34.3958
41.2731
55.9371
36.0953
15.4357
34.9558
14.7043
16.7852
18.3869
28.6078
12.5373
40.0082
42.2342
357.675
79.5217
43.0016
121.206
62.0497
43.5097
35.8493
36.81
63.8012
38.0312
65.1087
42.6734
13.7427
39.0873
13.3834
16.2279
16.5604
35.7959
11.0476
87.4548
89.4933
87.4064
89.4511
57.8431
357.604
42.1253
79.4372
40.902
78.4138
42.8802
15.4389
34.9756
16.7914
14.6878
28.6196
18.3724
12.5339
43.4867
36.8037
35.8507
63.8017
65.0984
38.0155
42.6683
40.019
357.675
42.2332
79.5178
121.216
43.0019
62.0637
13.7843
39.1241
16.2728
13.3975
35.8259
16.5965
11.0754
49.8457
267.449
14.1406
45.0483
12.8904
11.4096
55.7669
19.5028
6.3655
7.78207
11.3054
49.4335
3.0994
52.5504
3.17811
24.9572
18.6266
45.1967
14.1711
26.7525
21.8989
44.2559
8.44757
34.8331
49.5259
39.3188
31.025
22.9263
46.2964
40.4703
123.818
79.9127
115.865
342.306
119.797
80.7842
12.4311
11.9448
50.2236
3.48929
61.2967
4.35688
28.0721
16.774
43.2806
17.4399
31.8802
21.8281
79.3959
11.6667
43.5818
50.1662
51.5226
41.5044
24.7978
100.2
51.4192
50.3618
268.2
49.8445
263.285
38.766
263.2
45.6234
45.9224
50.1779
3.475
5.47549
3.49507
20.7398
10.9383
19.981
92.2111
2.40792
2.70522
2.08866
11.7276
11.0313
16.238
50.6435
264.018
51.1123
263.956
97.439
96.5157
68.2121
62.5587
62.5901
84.6804
84.6764
216.142
59.4431
4.11217
2.55923
3.17904
10.6732
14.9998
8.57638
49.6801
262.219
30.0761
262.307
56.6051
52.5397
1.88493
2.16499
6.34406
1.34419
19.2606
1.44051
1.49284
82.3842
82.6078
118.518
122.992
35.0635
344.563
22.3781
48.9427
20.8488
29.9069
11.3394
31.2953
60.238
3.71413
13.0826
1.43155
5.11734
1.72266
30.3045
1.63801
28.7317
44.4219
360.012
81.8108
44.7007
93.4796
30.1622
13.7839
21.826
38.6045
39.2489
20.303
14.1126
38.6678
1.29462
10.4924
1.29207
1.42844
1.34467
4.58012
1.25672
14.7091
21.7697
38.115
40.6261
42.6065
24.2762
14.0385
30.8487
44.318
358.959
81.3795
40.3219
44.1787
44.8187
1.5033
12.7445
1.3669
1.54453
1.55842
4.27134
1.31952
2.99364
2.93636
49.9569
2.18918
20.7816
1.66135
15.0425
41.1501
81.8325
117.478
343.678
121.485
50.1295
2.5089
18.5257
1.38185
4.23532
1.72331
50.0488
1.51754
19.9263
48.8956
19.999
28.7555
11.7472
29.7335
47.2988
59.1733
3.16399
3.74123
3.19485
10.3468
10.1932
14.4262
49.685
262.175
30.0199
262.348
52.0424
56.1493
51.1806
105.43
103.864
216.324
85.3496
85.1174
48.9438
266.487
89.5892
91.765
48.8762
266.298
48.8665
266.382
49.8297
55.6045
51.199
29.1515
269.7
269.695
550.43
68.0125
45.9848
63.2978
47.7782
3.53299
1.46169
2.28456
1.31327
8.68147
1.39513
1.72958
3.50195
1.32394
1.45994
1.29898
2.59135
1.33726
1.46374
67.6415
45.9893
47.7438
63.2138
550.343
3.99345
1.28988
1.41527
1.27619
2.47135
1.30402
1.64435
5.61132
1.3635
2.27307
1.28794
5.86235
1.33699
2.223
49.8013
50.8515
55.1225
29.1816
269.643
269.641
48.9037
266.535
19.7081
48.9856
19.7202
28.8077
10.8284
29.798
47.3935
3.04753
49.8715
2.13983
2.57793
14.6643
20.4645
1.54347
41.2549
117.619
81.7263
50.338
343.826
121.563
2.62577
4.26709
18.6897
1.38183
50.0006
1.41637
1.79917
2.25662
1.64641
6.42902
1.25442
21.9281
1.34523
1.59397
3.22729
50.5061
1.98707
3.87396
17.7231
25.9192
1.50365
2.39588
4.54769
12.5621
1.30485
30.165
1.34863
1.42075
82.7184
118.588
82.422
344.621
122.977
35.5694
1.83731
2.29211
6.98115
1.29302
19.4413
1.43215
1.40419
50.3104
267.883
3.86907
49.7835
2.84011
3.0379
20.2625
35.8658
1.79482
31.3174
49.7383
30.452
38.3965
21.5864
38.9213
45.601
59.0224
82.664
118.544
53.5523
122.208
344.651
2.42498
1.58281
6.0682
1.33789
22.4236
1.42925
1.79033
4.762
15.5753
25.799
1.92371
47.2183
2.25622
2.56175
39.8761
50.3282
40.2331
51.2785
21.7683
51.6051
96.0592
1.71558
1.77201
6.02395
1.2487
23.3422
1.29762
1.39577
101.013
83.634
120.409
124.223
346.439
42.3973
3.29589
9.75118
25.1048
1.67438
42.5572
1.88161
1.97444
50.8269
268.774
51.4257
45.4147
45.3544
39.0109
271.367
271.627
550.877
22.1333
16.5396
22.0854
11.3156
30.204
12.8303
15.9286
66.987
45.2259
62.2862
46.945
19.9604
11.0516
9.79587
12.8914
11.4357
18.2091
13.4791
25.6886
13.1183
20.2007
8.25406
49.6472
9.66359
13.1604
551.195
20.648
8.78165
8.11521
11.4309
9.56182
20.8697
13.358
67.2571
45.4058
62.5661
47.1408
66.9911
45.2046
46.9498
62.2867
19.9629
11.0508
12.8906
9.79419
18.2126
11.4345
13.4795
550.876
22.1417
16.5359
11.3171
22.0875
12.8333
30.2114
15.9374
20.6494
8.72824
11.2956
8.0898
20.8158
9.55587
13.3382
67.2587
45.4339
62.5732
47.1414
25.7847
13.1169
8.26404
20.2127
9.68688
49.6574
13.231
551.193
51.4111
45.4094
45.3545
39.0048
271.319
271.583
52.0315
99.3242
98.2274
52.5488
272.29
272.157
50.3098
267.887
3.8746
2.83145
49.7726
3.09061
20.2682
1.79608
35.9404
4.75707
15.5284
1.92089
25.8058
2.25236
47.2018
2.55784
59.0117
118.531
82.6486
344.64
122.192
53.5578
2.42275
1.58788
1.3385
6.09214
1.4295
22.555
1.79476
39.8111
40.2012
50.3328
51.2665
21.7075
96.0609
51.5702
2.84991
2.5951
50.9966
3.19746
25.5132
1.43852
32.7442
3.25519
9.7052
1.67547
25.0089
1.8796
42.5079
1.96351
1.71074
1.7786
1.25124
5.99904
1.29961
23.3677
1.3958
101.069
120.441
83.6553
346.467
124.25
42.3428
19.6909
19.7628
48.9795
28.7737
10.8434
29.7221
47.3917
2.34229
1.66108
1.25579
6.39761
1.35462
21.9492
1.60267
41.3119
81.7367
117.636
121.586
343.873
50.3911
2.48785
4.2523
1.40134
18.7503
1.54745
49.9906
1.82958
3.14447
1.99146
50.4979
3.87049
17.7191
1.4873
26.0593
21.8708
20.5597
49.004
29.9217
11.6468
59.919
31.259
1.73901
2.20528
1.27483
7.32961
1.38805
19.487
1.36181
2.66621
4.58345
1.3168
12.488
1.45789
30.215
1.43677
82.9431
82.4074
118.585
122.97
344.653
35.7871
48.8613
266.364
3.52371
1.47462
1.31985
2.26487
1.41524
8.56228
1.71409
3.4829
1.32191
1.29911
1.45561
1.33691
2.59361
1.45704
550.43
68.0162
45.9894
63.3035
47.7827
4.02647
1.28939
1.27605
1.41741
1.30345
2.48222
1.64316
5.84207
1.38096
1.29005
2.27903
1.34467
5.88058
2.24101
67.6432
45.994
63.2184
47.7478
550.342
49.8278
50.8478
55.1517
29.0828
269.715
269.695
89.5281
91.5399
550.947
4.54825
2.26497
1.39603
1.2759
6.14172
1.88697
1.32841
67.6485
45.9585
47.7017
63.0883
3.62663
1.26367
1.49945
1.28594
1.59178
1.29749
2.79228
25.8244
35.7172
25.0296
36.7738
1.3231
1.92848
1.2747
1.25272
1.35682
1.35099
1.25588
25.7466
35.675
24.9736
36.6846
6.33238
42.9305
42.9146
5.83657
43.6955
5.9279
6.22503
59.1915
520.687
114.355
114.013
1.39132
2.05032
1.27083
1.29494
1.42739
1.42799
1.26411
5.50772
42.9345
42.919
5.47094
5.39662
43.7082
5.56172
25.7622
35.6956
36.6971
24.9865
3.03973
2.1013
1.33287
1.26474
8.20751
1.74627
1.30425
67.9792
45.9721
63.1779
47.7204
2.84988
1.25977
1.34026
1.25847
1.38523
1.27963
2.09838
89.5535
91.6917
355.386
126.666
355.848
127.418
110.525
185.389
56.5484
54.0747
104.9
111.239
186.564
56.1903
57.9353
105.593
55.8748
1.43004
3.08609
3.76182
5.18086
4.47535
48.4577
1.46812
12.6446
1.2894
1.38727
1.46527
3.79092
1.27387
15.3976
38.117
40.5221
21.8109
14.5558
42.4131
24.3103
28.9251
81.7186
44.253
360.425
93.5748
30.5325
44.6677
14.2175
38.52
39.3485
21.8557
38.7684
20.6726
14.7965
357.252
128.939
110.77
185.899
56.6974
104.964
58.9757
48.8331
1.29723
2.94379
3.49929
3.80702
3.32511
47.358
111.545
187.441
55.234
56.0832
105.695
91.6891
93.5337
1.48493
20.861
1.50665
2.44842
1.70511
10.7186
1.37021
19.2987
39.4221
33.5048
33.1354
19.4579
33.9889
36.2974
48.3234
45.4426
83.5568
361.666
46.4749
40.578
98.3465
1.49052
16.3304
1.51064
2.36091
1.59726
8.85602
1.43093
18.7821
40.1501
33.3662
31.931
33.2419
31.9697
20.1592
91.8908
94.2237
550.45
21.3546
6.36423
22.4533
9.90621
28.3715
5.51963
20.4539
68.2176
45.677
47.3749
63.6575
19.6747
10.0857
5.76157
15.9057
5.38024
16.8852
16.9931
21.7071
10.3423
25.8405
12.2301
45.5104
8.54358
18.7579
550.659
20.8745
11.4467
6.70036
15.7209
7.58696
16.9871
17.3681
68.2547
45.693
47.4821
63.6337
11.659
20.5608
10.1097
10.7944
13.0073
15.4586
9.11293
25.6109
35.2418
24.893
36.2086
25.7665
35.4283
25.0754
36.3955
20.2896
43.4645
43.5227
19.4318
44.2118
19.8584
19.8362
58.9647
520.96
114.397
114.127
25.7149
35.3531
36.3457
24.9838
25.8869
35.4665
36.5271
25.1212
19.2962
43.6584
43.6376
18.9783
44.4375
18.8067
19.3926
58.4744
520.605
113.583
113.87
11.6646
10.1117
20.5628
10.7868
13.0138
9.11536
15.4529
20.2905
43.4541
19.4223
43.5257
19.837
19.8475
44.2147
25.7663
35.4288
36.3958
25.0752
25.7133
35.3907
36.3443
25.0117
9.46794
7.63328
17.878
9.49374
10.4126
7.23668
12.0685
58.9616
520.957
114.394
114.124
19.3818
43.637
19.0711
43.5854
18.9034
44.3727
19.4557
25.8808
35.462
36.5223
25.1153
21.3606
22.4444
6.37405
9.90546
28.3603
20.4351
5.52863
68.2234
45.6797
63.6636
47.3774
19.6809
10.083
15.8966
5.76986
16.8722
5.3893
16.9916
550.654
20.8777
11.4525
15.7488
6.70969
17.0067
7.59478
17.3716
68.2425
45.6866
47.4755
63.6221
91.6792
93.523
36.5168
82.5513
44.9686
360.018
57.5439
41.858
45.8323
19.3193
39.4125
33.1508
33.5226
36.3177
34.0102
19.473
1.49352
1.5154
16.2223
2.37326
1.59854
1.43595
8.80151
48.2557
83.5836
45.4594
361.67
40.513
46.4977
98.394
18.505
40.1844
31.8897
33.2706
31.9343
33.112
19.9387
91.9246
94.2595
355.424
126.677
111.234
186.557
56.2015
105.588
57.943
55.8292
1.43004
3.7587
3.08924
4.47743
5.19637
48.4321
110.529
185.392
56.5392
54.0759
104.904
30.8571
44.2269
81.3564
359.471
44.8411
44.2026
40.2886
1.46849
1.28863
12.6965
1.39572
1.47365
1.27589
3.85238
15.5193
38.1168
21.835
40.5432
24.3091
42.4156
14.6992
1.26169
1.26149
10.0197
1.3604
1.29526
1.24572
3.95415
29.0523
44.2423
81.7081
360.409
30.6938
93.5525
44.6556
14.5195
38.5
21.9214
39.3579
20.9407
38.7961
15.0085
357.27
128.961
356.283
127.713
48.9106
1.31055
3.32958
3.04687
3.18808
4.23621
47.4356
111.565
187.471
55.2148
56.0624
105.715
110.759
185.888
56.7099
59.0076
104.953
89.5264
91.5367
4.65093
1.41196
2.26765
1.2764
6.19158
1.33694
1.87936
550.944
3.67121
1.26411
1.28885
1.47146
1.30345
1.58104
2.77976
67.6437
45.952
47.6949
63.0826
59.2714
520.724
114.137
114.363
25.832
35.7237
36.7797
25.0374
25.7392
35.6676
36.6787
24.966
6.19673
42.9909
5.76776
42.9796
5.84819
43.7733
6.0825
1.39819
1.27048
2.06496
1.29506
1.43327
1.26567
1.4303
25.7883
35.7231
36.7667
25.0209
59.1884
520.686
114.011
114.352
5.4227
42.9621
5.39664
42.9285
5.45361
43.7201
5.33574
25.7589
35.6928
36.6941
24.9836
550.974
2.86781
1.25908
1.25855
1.33619
1.28412
1.38095
2.10171
67.9769
45.9696
47.7176
63.176
89.5445
91.6793
89.6025
91.7409
68.0029
45.94
47.7365
63.1709
3.59567
1.48674
1.28875
1.27102
2.81943
1.59072
1.31243
551.012
3.68689
1.28788
2.42906
1.41371
1.92108
1.35266
9.58796
6.3752
42.9129
5.85466
42.9576
5.98823
6.23909
43.719
59.2711
520.728
114.079
114.442
25.72
35.619
24.9625
36.6497
1.32339
1.2555
1.96456
1.27689
1.35744
1.25655
1.35244
25.7662
35.6749
36.7307
24.9597
25.7806
35.637
36.7031
24.9863
59.2749
520.719
114.366
114.125
1.38995
1.28772
2.04482
1.2675
1.4364
1.26664
1.40202
3.1537
1.35942
1.2564
1.26249
2.06821
1.45096
1.26436
550.946
4.01514
1.26377
2.17983
1.33574
1.85763
1.28643
6.08983
89.48
91.493
110.799
56.7966
185.954
59.0134
104.99
111.555
55.249
187.469
56.1069
105.706
48.8538
2.76472
3.5235
1.30787
47.384
3.4746
3.32234
356.289
127.772
357.259
128.948
28.6718
360.486
81.7705
44.3
30.2004
44.7074
93.6087
1.29654
1.37042
10.4305
1.25504
4.34908
1.23537
1.32282
16.1263
40.6603
21.9743
38.0685
24.3493
15.4017
42.5263
1.34197
1.34391
12.7528
1.27608
3.66527
1.24266
1.35951
30.8153
359.449
81.3331
44.2144
44.8158
40.206
44.1596
55.8935
3.29592
3.72792
1.4061
48.4344
5.75568
4.39665
111.225
56.1766
186.536
105.58
57.9102
355.384
126.662
355.836
127.404
91.9366
94.2722
48.2762
361.695
45.4522
83.5886
40.5258
98.3815
46.5033
1.44074
2.3325
16.0873
1.52655
8.53554
1.41572
1.54979
19.5156
33.5238
33.1542
39.3844
36.3095
19.6461
34.0227
36.4308
360.02
44.9762
82.5706
57.4885
45.8447
41.8045
1.52514
2.46607
20.5961
1.49822
10.661
1.39177
1.71768
68.2957
45.7198
47.508
63.6776
20.6727
6.41361
15.7521
11.4204
17.1427
7.38809
17.1276
550.666
21.5419
12.2733
10.1973
26.3942
8.38566
19.1229
45.1623
19.8316
6.19607
15.9328
10.3881
17.2526
5.96579
16.9004
68.1686
45.6483
63.6111
47.3462
21.483
10.3517
7.0153
22.1125
6.15214
20.0832
28.2602
550.436
19.4295
43.5719
19.1069
43.6067
18.9467
19.4962
44.358
58.9521
520.961
114.385
114.13
9.51385
9.66406
18.2818
7.65109
12.3501
7.28843
10.438
25.7115
35.3894
25.0094
36.3429
25.7698
35.4201
25.0809
36.387
20.2786
43.5556
19.3782
43.4639
19.7894
44.2279
19.8421
11.6243
10.9087
20.3596
10.157
15.2082
9.08188
12.9928
58.4766
520.602
113.578
113.872
25.6136
35.2081
24.878
36.2138
25.8773
35.4743
36.5343
25.113
25.7151
35.3577
36.3479
24.9856
58.9523
520.962
114.127
114.386
9.51349
9.65259
7.65002
18.2868
7.28836
12.3432
10.4366
20.26
19.3992
43.5321
43.4715
44.2191
19.8022
19.829
25.7675
35.4165
25.0768
36.3843
25.6151
35.2439
24.8836
36.2119
11.622
10.9193
10.1635
20.3675
9.08719
15.2138
12.99
58.4752
520.601
113.576
113.871
20.6689
15.7469
6.42004
11.4165
17.1404
17.1229
7.39434
550.591
21.5399
12.2691
26.3936
10.2085
19.1191
8.3939
45.1544
68.1585
45.6422
63.6001
47.3404
21.4798
10.3804
22.0933
7.02954
20.0952
6.15793
28.326
550.433
91.9276
94.2642
18.5986
31.9329
33.3799
40.1852
33.2485
20.0226
31.9869
1.44038
2.33096
1.52583
16.1001
1.41583
8.52914
1.53739
48.279
361.667
83.5855
45.4484
46.5016
98.3919
40.5236
19.3198
33.0989
33.4348
39.4143
19.4318
36.2487
33.9313
1.52868
2.48741
1.50379
20.6665
1.39604
10.6955
1.73369
36.3688
360.042
82.5881
45.0012
45.8625
57.5078
41.7856
91.6818
93.5358
48.8515
3.5197
2.77126
1.30888
47.3614
3.32213
3.49505
110.802
56.7815
185.953
104.993
59.0047
357.256
128.946
356.286
127.769
13.3812
21.7567
39.2017
38.6101
38.5828
14.1385
19.8069
28.7214
360.48
44.2944
81.7602
93.602
44.7028
30.2641
1.29768
1.36488
1.25558
10.6584
1.23496
4.38396
1.32122
16.2854
22.0142
40.6567
38.0575
15.58
24.3501
42.5042
1.33906
1.34605
1.27159
12.6527
1.23959
3.7257
1.36848
30.7854
359.443
44.2128
81.3336
40.13
44.8097
44.136
111.245
56.1618
186.562
105.601
57.9056
110.494
56.4677
185.352
104.867
53.9667
355.858
127.428
355.419
126.658
3.55209
1.29033
1.46095
1.27133
2.78988
1.31906
1.55436
67.9977
45.9339
63.1648
47.7309
3.66732
1.29292
1.41673
2.46172
1.364
1.90595
9.26627
551.012
25.7646
35.6387
24.9517
36.6938
6.32169
5.80097
42.945
42.9679
6.15818
5.96507
43.7328
1.32395
1.25779
1.27734
1.98278
1.25688
1.3603
1.35267
59.2665
520.727
114.439
114.075
25.7203
35.6173
24.9623
36.6481
5.5322
5.45248
42.9198
42.9622
43.7243
5.37895
5.60742
25.7634
35.672
24.957
36.7276
1.39181
1.28903
1.26762
2.04086
1.26735
1.43979
1.40641
25.7797
35.6352
24.9855
36.7014
59.2732
520.718
114.365
114.125
67.6637
45.9627
63.1031
47.7407
4.12676
1.26467
1.34749
2.16841
1.30402
1.85853
6.06468
550.945
89.4726
91.4842
48.9194
266.55
49.846
55.0811
50.5781
28.8672
269.702
269.659
67.563
45.8697
63.1054
47.6222
4.17466
2.34705
1.31719
1.47327
1.72299
6.01677
1.37961
3.39018
1.484
1.30754
1.31472
1.49274
2.61397
1.33023
550.415
3.44894
1.39295
1.26278
1.28903
1.47993
2.63865
1.29882
3.58498
2.28775
1.28009
1.3505
1.90681
9.27361
1.33165
49.7996
50.6997
54.9588
29.1134
269.598
269.615
48.8465
266.34
2.97484
12.9534
1.32707
4.39655
1.46135
30.262
1.53567
1.76635
5.89793
1.2436
1.90515
1.37633
18.9203
1.33808
22.1985
29.847
48.9919
20.3666
11.1456
60.0712
31.4655
3.31111
3.57482
50.535
1.97211
25.2181
1.4685
17.8782
41.2126
117.607
81.7263
121.566
50.2666
343.818
2.34485
6.98285
1.29228
1.83573
1.621
21.8591
1.43023
19.7227
28.7829
48.9744
19.9235
11.2386
29.6712
47.1489
3.04129
2.73981
49.8784
2.16047
20.3527
1.62074
14.6796
50.8594
268.814
1.81803
6.1688
1.2493
1.65096
1.40356
23.6161
1.31135
3.21335
24.9705
1.68974
10.0425
1.88689
42.4678
1.87096
3.03348
2.92715
51.0009
2.57777
32.681
1.50554
25.8474
39.6656
51.3566
50.3734
40.0186
21.1174
96.0461
51.6017
58.9732
82.6621
118.555
344.666
53.4799
122.21
4.78943
25.5706
1.89349
15.4497
2.71711
47.2744
2.37303
3.68277
3.1713
49.7884
2.97115
35.9177
1.77241
19.9393
31.3854
38.4304
49.7037
30.5371
21.7569
45.6077
38.9456
50.2726
267.856
52.0386
98.1433
99.1854
52.6031
272.272
272.118
51.4014
45.3202
45.3691
39.015
271.338
271.615
25.6952
20.5427
8.24686
13.2274
13.2146
49.737
9.63724
67.2595
45.4337
62.5773
47.1411
20.5816
7.96281
11.1403
8.54207
13.1828
9.40439
20.7254
550.879
19.7349
10.1119
12.9659
11.4769
13.5711
11.954
18.0924
66.9912
45.2036
46.9501
62.2855
20.5775
11.1345
7.9591
8.53935
13.1771
20.7264
9.39917
551.185
25.6922
8.2452
20.5446
13.2278
13.212
9.63576
49.7466
66.9891
45.2268
46.9477
62.2866
21.8718
11.492
21.9205
16.5446
15.8428
13.194
30.1442
550.878
52.0284
98.1084
99.1599
52.6016
272.206
272.096
51.411
45.3625
45.4121
39.0714
271.628
271.342
50.8615
268.819
101.01
120.434
83.6378
124.219
42.3518
346.416
1.76428
1.24935
6.22983
1.6553
1.40263
1.30402
23.6635
39.6326
51.364
39.9989
50.3767
21.0176
51.5941
96.0365
2.99715
2.94786
2.56476
50.9975
1.4926
32.7271
25.7947
5.78311
1.93402
25.7261
15.4825
2.89052
2.46748
47.166
2.55828
1.29984
5.9905
1.59486
1.80004
1.39885
22.2902
59.0213
118.578
82.6889
53.5079
344.729
122.244
31.3447
38.4546
30.5435
49.726
21.6974
45.61
38.9463
3.79275
3.16328
2.98807
49.7967
1.80018
35.8221
20.0108
50.2946
267.909
82.3776
82.4748
118.634
344.652
35.2205
123.039
2.48083
1.32422
13.1046
4.37484
1.44599
1.41175
30.2425
3.31189
3.58649
1.99303
50.5308
1.47246
25.3148
17.9536
22.1801
29.8061
20.4313
48.9914
11.1946
60.0958
31.4241
2.28322
1.27758
6.74671
1.75426
1.55892
1.39508
21.7939
2.43138
1.35166
18.9395
4.39867
1.68936
1.53808
49.9104
41.246
81.7284
117.617
50.2343
121.58
343.858
2.9117
2.67759
2.15271
49.8897
1.59913
20.3791
14.4782
19.8043
28.8625
19.9754
48.9851
11.3239
47.2045
29.7357
48.9198
266.53
49.8692
55.1555
50.6424
28.798
269.733
269.751
3.43439
1.30624
1.48366
1.31006
1.48783
1.3314
2.65204
550.37
67.5614
45.8675
47.6197
63.1055
3.57653
1.28286
2.27412
1.36273
1.92003
1.3379
9.08904
67.9029
45.881
47.6834
63.183
550.416
49.8284
50.73
55.0146
29.1232
269.69
269.728
48.8577
266.372
48.9113
266.333
89.4735
91.5187
89.5465
91.7185
48.9504
266.5
103.831
105.455
50.8503
216.349
85.1465
85.3955
49.6684
262.333
30.1652
262.175
52.359
56.3403
58.8773
3.41149
3.37672
2.88479
14.6695
10.2306
9.65364
2.74613
4.68685
1.44009
19.0479
1.55553
49.8633
1.83796
41.2002
117.479
81.848
343.678
50.3743
121.5
2.93993
2.36673
49.9472
2.86263
15.0378
1.63483
20.5516
2.71083
1.35842
7.03408
2.03861
1.72944
1.48761
21.9577
30.7615
81.3838
358.972
44.3394
40.3069
44.8279
44.2399
16.936
40.6942
38.0821
22.1447
42.4058
16.0386
24.3449
1.31666
1.45758
1.30302
11.1895
1.27497
4.17265
1.38012
13.9302
39.4768
38.5319
22.0084
20.5352
38.9549
14.938
28.7033
81.7835
359.945
44.3858
44.6756
30.2257
93.4776
22.0452
29.8878
20.8232
48.9536
11.8439
31.2101
59.787
82.57
118.482
82.5623
122.934
344.492
35.2268
1.89277
1.30852
7.01136
2.23622
1.45302
1.46888
19.1942
3.2604
2.27946
50.5933
3.85681
18.0022
1.65158
25.9758
59.3668
2.92355
2.22135
3.30503
8.87439
14.7784
9.64051
62.4612
62.4881
68.1182
84.7044
216.159
84.6793
50.6871
264.003
51.1359
264.071
97.4332
96.5271
92.0308
1.92508
2.79236
2.32085
16.9002
9.14485
12.0159
50.1232
3.44881
5.35648
3.63732
19.7528
12.2043
21.065
49.8106
263.162
38.7612
263.248
45.6065
45.8764
50.3917
268.238
16.6338
31.5869
17.5387
43.357
11.4055
79.4337
22.0178
12.3585
3.48338
50.2696
11.8296
27.953
4.53258
61.1916
123.844
115.867
79.9145
342.312
80.7603
119.802
16.6356
13.306
14.5324
34.9557
8.83236
19.035
47.0052
34.8527
31.0936
39.2953
49.4978
23.1634
46.2556
40.4553
18.6541
26.8349
14.3055
45.1481
8.50649
44.2621
21.9385
7.75806
3.11423
49.4277
11.2123
25.352
3.04217
52.5363
14.1117
11.4839
12.8622
45.0829
6.50636
19.5092
55.7018
79.2498
115.636
79.6985
342.193
60.8818
119.692
87.456
89.4952
39.9753
79.5224
42.2368
357.677
121.152
62.0118
43.0053
43.5656
63.8274
35.8527
36.8388
65.1334
42.7288
38.0646
15.3052
14.7067
16.6641
34.8656
12.443
18.2827
28.5111
57.8009
79.4357
42.1236
357.603
40.8888
42.8785
78.4032
42.1819
34.3853
35.8105
54.1775
36.0831
41.2391
55.9117
87.4061
89.449
87.4568
89.4957
13.4863
15.588
13.4281
39.0549
10.6755
36.0631
16.6154
43.5654
63.8217
36.8338
35.8529
38.0634
42.7209
65.1344
39.9798
79.5221
357.676
42.2364
43.0047
62.0154
121.155
15.3038
16.6574
14.7215
34.8693
12.4432
28.4994
18.2961
42.1732
34.3818
54.1722
35.8117
41.2292
36.08
55.9083
57.8049
79.4354
357.602
42.1233
42.878
40.8939
78.4051
87.4067
89.45
50.3919
268.23
43.3972
51.6146
41.3097
50.2159
24.3622
51.4543
100.087
123.852
115.867
79.9145
119.802
80.7634
342.312
16.6336
13.3044
34.9608
14.5304
19.0309
8.83004
47.0027
12.3472
3.47293
11.8164
50.2757
4.53675
27.901
61.1831
18.732
14.3706
26.9115
45.1566
8.58751
21.9644
44.2744
34.9231
39.3587
31.1287
49.5101
23.0429
46.2902
40.5121
14.1862
11.5035
45.1044
12.8906
19.5327
6.54805
55.6768
79.2588
115.636
79.6983
60.8855
342.194
119.693
7.70691
3.10864
11.4242
49.4169
3.07417
25.3309
52.5466
49.8296
267.425
92.0345
2.79196
1.92025
2.31423
16.8619
12.0001
9.10474
49.8168
38.7966
263.235
263.317
45.621
45.911
105.454
103.834
50.896
85.1574
216.346
85.379
58.9717
3.61642
3.47915
3.62638
14.6364
10.3806
10.5036
49.6692
30.1335
262.335
262.176
56.3662
52.389
19.2995
19.3862
28.5835
48.9165
10.6357
47.2086
29.658
2.93333
1.45522
4.68085
18.887
1.74365
1.7964
49.8888
2.91593
2.40551
2.87748
49.9446
1.65382
15.1872
20.6831
2.78673
1.36321
2.10315
6.95618
1.50424
1.73475
22.0241
41.2813
117.503
81.865
50.4185
343.744
121.525
1.34044
1.29368
1.45792
12.3989
1.26595
1.34038
4.05499
30.6688
81.3989
44.3562
358.986
44.2036
44.843
40.3166
16.7701
40.6163
22.0526
38.0975
15.88
42.3214
24.2508
1.31108
1.29941
1.45676
11.1186
1.27329
1.38109
4.18136
13.8747
39.4136
21.9454
38.5517
14.8277
38.9028
20.4228
28.7297
81.7879
44.3968
359.953
30.232
44.6785
93.4347
3.02666
1.34461
4.5534
13.1324
1.54385
1.58678
30.2638
22.125
20.8882
29.9579
48.9651
11.904
31.2943
59.8198
1.87924
1.27248
2.08478
6.45844
1.44296
1.39386
18.8686
3.35313
2.32024
3.65364
50.6255
1.65804
17.8724
25.5944
82.5573
118.496
82.5789
35.214
344.548
122.962
49.6998
30.044
262.373
262.292
52.1153
56.2121
89.4824
91.5318
89.5543
91.728
48.9602
266.542
62.2197
68.0087
62.0068
84.7571
216.146
84.6122
110.536
185.397
56.1892
104.868
53.6674
55.7196
4.10161
1.4639
4.30361
4.36476
48.1816
4.90264
356.073
127.37
111.185
56.0785
186.481
105.577
57.7698
356.046
127.76
48.7796
3.38517
1.29786
3.62659
3.29241
47.1496
3.21344
111.515
55.2046
187.396
105.695
56.1045
357.444
128.889
103.772
51.1978
105.515
85.2577
85.2165
216.332
71.2301
102.007
100.392
84.645
84.73
216.107
50.0008
4.40471
3.95031
5.93071
12.5897
20.3365
20.5416
49.8468
38.6763
263.326
263.171
45.5688
45.8787
2.83582
1.91915
1.45971
5.86818
1.67335
23.0281
1.97103
59.0853
82.518
118.659
122.256
53.6103
344.807
31.1291
30.3305
49.7959
38.2675
21.474
38.8415
45.5833
6.47371
2.07664
25.8058
15.5477
2.88044
2.36683
47.034
36.4956
44.8449
360.514
82.5001
45.8329
57.3961
41.9464
19.8574
33.6238
39.3576
33.094
33.9986
20.0273
36.2027
1.57382
1.66778
20.6087
2.51189
1.82567
1.47827
11.0105
18.4926
33.4841
40.1274
31.9305
31.9975
33.29
20.2733
48.2715
45.3096
362.139
83.5198
98.43
40.494
46.4806
1.54643
1.55353
16.2873
2.42769
1.60946
1.48953
8.57528
3.33854
3.64517
2.6962
50.8723
1.72348
32.7895
26.1545
100.867
83.488
120.545
346.541
124.26
42.3512
2.76339
1.61275
25.0619
9.97127
1.79285
1.76407
42.4466
39.6936
40.0023
50.4229
51.3147
21.0036
51.5842
96.2684
92.2545
2.32534
2.87089
2.84192
11.7793
17.1895
11.7694
50.6795
51.1447
264.118
263.948
96.7126
97.626
71.2332
100.465
102.081
216.097
84.6214
84.7283
14.6
13.2445
11.7275
45.0321
6.47804
55.9899
19.7021
34.7432
30.8992
49.4773
39.2749
22.8997
40.3787
46.2702
79.1725
79.8295
115.514
119.63
60.9117
342.066
19.0361
14.5345
26.9609
45.1017
8.87807
22.0275
44.2208
12.7987
4.00842
11.6657
50.3873
4.67106
27.9772
61.173
16.3665
14.0836
13.1244
35.0341
8.7952
46.7881
18.8161
43.4312
41.3625
50.1558
51.5973
24.3472
100.125
51.4414
20.4814
17.535
31.4979
43.5457
11.3595
21.756
79.5432
124.082
80.0493
115.757
119.771
80.792
342.245
108.04
183.144
88.5443
102.344
94.9126
77.3363
17.0861
24.3343
26.6512
24.1971
29.3651
67.5735
353.149
124.568
108.029
74.146
183.13
77.2407
102.292
57.7891
42.2506
79.4876
357.143
42.8833
40.9186
78.3783
15.3409
14.6386
34.847
16.7119
18.2451
12.4427
28.5872
42.2751
54.2305
35.8289
34.399
55.9688
41.3223
36.127
13.7758
13.5795
39.2112
16.2183
16.758
11.1088
35.7101
40.0049
42.3605
79.5742
357.215
62.1098
121.073
43.0072
43.5359
36.8182
35.8641
63.8201
38.0494
42.7076
65.1344
353.386
124.524
77.3206
17.0637
26.6006
24.3117
29.2538
24.1292
67.5727
108.004
183.092
74.1253
77.2116
102.3
353.217
124.62
108.057
88.4969
183.175
94.8983
102.327
77.3369
24.3312
17.0884
26.6507
24.1969
67.5733
29.3691
353.428
124.577
108.029
74.146
183.13
102.292
77.2413
353.149
124.568
42.2763
54.2305
34.3986
35.829
36.1262
41.3224
55.9696
57.7904
42.2482
357.118
79.4855
78.3779
40.9172
42.8829
15.3484
14.6404
16.718
34.8469
12.4509
18.2613
28.5917
43.5006
36.7995
63.81
35.8645
42.6773
38.028
65.1223
13.7876
13.5823
16.2348
39.2138
11.1148
16.7658
35.7159
40.0062
42.3606
357.214
79.5743
121.069
62.1124
43.007
108.006
74.1243
183.094
77.2126
102.301
353.386
124.524
108.058
88.4988
183.176
102.327
94.9048
353.217
124.62
8.31367
11.4355
2.94912
49.5374
3.28879
52.6136
24.6346
79.1576
79.8233
115.504
342.012
60.9078
119.614
12.9657
14.4799
45.0977
27.027
22.1655
7.65155
44.3307
34.7168
30.9075
39.2805
49.4834
22.8525
40.3808
46.2681
16.355
13.1209
14.0664
35.0552
8.78063
18.8192
46.7921
12.8055
11.7709
4.08108
50.3767
4.67887
61.1869
28.1219
20.4879
17.5396
43.5563
31.5289
21.7625
11.3578
79.5493
124.087
80.0494
115.757
80.7973
119.771
342.245
43.4581
41.3919
51.622
50.1614
24.3525
51.4532
100.144
102
71.2136
100.391
84.7354
84.6498
216.111
50.0001
3.91672
4.37208
5.88153
12.501
20.4049
20.4068
49.8566
38.6757
263.182
263.337
45.8965
45.5746
4.38576
3.26032
3.66546
49.6709
2.06391
20.3563
35.8983
2.84491
1.46161
1.93863
5.9343
1.67693
1.9827
23.1437
31.1062
30.2762
38.2686
49.807
21.4145
45.5894
38.8329
6.47632
2.07237
15.5025
25.8991
2.35459
2.89297
47.0195
59.067
82.5042
118.644
53.5973
122.243
344.792
1.57279
1.66569
2.51789
20.6883
1.47902
1.82612
11.0347
36.5447
44.83
82.4839
360.501
41.9463
57.4103
45.8157
19.7568
33.5668
33.1001
39.3465
19.9693
33.9757
36.2189
1.54562
1.55586
2.42582
16.2659
1.48913
1.61618
8.61684
18.5439
33.4232
31.9302
40.115
20.27
33.2597
31.9926
48.2867
45.3104
83.5177
362.133
40.5042
98.4358
46.4744
1.92752
1.30931
2.06448
6.44443
1.43598
1.45495
23.9198
3.42519
2.72427
3.57444
50.8685
1.74054
26.2695
32.6046
3.07568
1.61868
9.98598
25.0835
1.80357
1.84327
42.5021
39.728
40.0267
51.3402
50.4308
21.0734
51.6035
96.2752
100.862
83.4911
120.55
42.3653
124.274
346.578
50.6754
51.1591
264.006
264.177
97.6337
96.712
68.0561
62.2596
62.0345
216.139
84.7557
84.6037
55.7109
1.40972
4.50966
4.73293
4.15473
4.10709
47.9888
355.195
126.726
110.552
56.0889
185.409
53.5675
104.883
356.071
127.36
111.189
56.0604
186.477
57.7965
105.582
110.8
56.4838
185.941
58.8537
104.964
356.057
127.775
111.519
55.1464
187.393
56.0327
105.7
357.484
128.893
50.266
267.937
91.6596
93.4829
50.8221
268.852
49.8785
267.387
21.3483
6.70214
9.89012
22.1168
5.67586
28.0685
20.1655
19.7147
5.61105
10.0139
15.7412
5.36949
16.9878
16.6884
551.02
68.2392
45.6843
63.5646
47.3733
20.5814
6.21912
11.322
15.6106
7.1574
17.1018
17.0221
21.4468
9.9129
12.1608
26.4966
8.13637
45.0039
19.1192
68.335
45.7177
63.6046
47.5104
551.246
52.0664
98.3561
99.3788
52.5789
272.205
272.321
87.4069
89.485
21.9525
16.4814
11.5886
22.015
13.2566
30.2061
15.9408
19.7881
10.1594
11.5752
13.0527
12.0047
13.6314
18.1602
550.293
66.9418
45.1958
46.9304
62.3552
58.4756
520.602
113.876
113.573
25.7648
35.4209
36.3758
25.0563
25.6249
35.2274
36.2286
24.907
19.8239
19.0089
43.5555
43.5513
19.3282
19.4632
44.2935
9.60969
9.70455
7.75287
18.5089
7.40328
12.4653
10.4882
25.8753
35.4701
36.5127
25.0991
58.9605
520.958
114.424
114.095
19.0243
18.7434
43.581
43.6393
19.0447
18.6297
44.3717
25.7204
35.3712
36.36
25.0178
20.6475
8.08335
8.67778
11.3795
9.52546
13.3653
20.9174
550.607
67.2116
45.4002
47.1248
62.6382
87.4522
89.5262
19.7888
11.5779
10.1639
13.0549
12.01
18.1608
13.6336
21.9513
11.5891
16.477
22.0091
13.258
15.9398
30.1997
66.942
45.1961
62.3555
46.9305
550.293
11.7608
10.3036
10.7742
20.4747
9.26808
13.0981
15.397
25.6217
35.2269
24.9055
36.2272
20.2817
19.4195
43.5177
43.5011
19.8566
19.8217
44.227
58.4757
520.602
113.573
113.876
25.7631
35.4056
25.0443
36.3761
9.60355
7.7427
9.70472
18.4999
7.38728
10.4952
12.459
19.4082
19.0901
43.6342
43.5562
44.361
18.911
19.4743
25.7205
35.3729
25.0191
36.3602
25.8723
35.4834
25.1062
36.5094
58.9609
520.958
114.095
114.424
25.7049
8.33169
13.4272
20.7475
9.71495
13.243
49.8743
67.2116
45.4022
62.6404
47.125
550.608
87.4529
89.527
49.8873
267.393
51.4386
45.4123
45.3147
38.9413
271.664
271.389
19.7071
10.0133
5.60396
15.7502
5.35913
16.6999
16.986
551.02
68.2375
45.6747
47.3749
63.5769
21.4446
12.1577
9.92059
26.4878
8.13809
19.1127
44.9974
68.3303
45.7255
47.5071
63.5858
551.246
52.0573
99.3755
98.3467
52.6102
272.194
272.312
50.442
268.248
91.6429
93.4666
91.8814
94.1769
50.8226
268.865
190.975
34.5227
116.199
521.907
42.8649
524.412
185.263
82.1679
140.568
28.3771
94.1434
54.7055
544.432
148.662
27.7939
31.5466
88.6547
35.2337
147.249
39.1265
39.9281
51.3521
157.639
43.82
210.464
30.9182
55.2536
35.7882
188.104
58.9408
35.6763
480.223
159.479
389.761
184.531
139.021
28.3672
516.268
36.0093
518.76
177.774
23.8306
86.8538
47.2914
74.7606
133.103
46.7048
51.3467
63.517
39.2407
46.3109
50.8702
63.0897
38.8648
25.389
127.089
21.0819
21.5321
49.9547
52.2649
15.9281
37.7632
22.6236
30.9631
30.9633
28.6261
43.3121
38.7691
33.4712
25.084
207.251
72.1526
21.3636
237.004
25.0279
21.8435
25.3288
23.724
124.107
637.023
23.5476
22.6305
38.3121
50.9699
29.0575
23.2017
87.5021
29.5168
25.9074
101.54
197.46
529.874
30.2953
25.923
27.8994
20.2074
42.9835
29.0342
21.3933
50.3408
23.7121
504.088
30.4931
95.6771
175.254
22.565
22.1729
21.3177
25.9426
21.2651
22.4156
28.087
23.4113
541.109
144.094
55.4563
22.6238
83.7404
145.539
33.1996
141.512
34.2181
205.587
36.9513
49.8561
88.9199
182.806
53.8244
95.1953
46.0614
152.136
38.2002
98.5633
207.761
72.5293
27.7421
237.447
91.0012
30.394
28.426
43.2631
38.6695
33.3546
155.316
133.595
124.585
637.978
57.7859
23.4093
20.9101
45.1277
52.5367
21.1714
46.4055
20.4272
21.738
22.1813
45.1132
52.5184
20.6468
46.3678
21.5332
21.0797
23.09
22.8517
62.6362
62.6184
50.4658
24.3526
21.7741
31.4759
41.6114
26.294
20.4683
33.8485
22.6574
23.4207
223.74
199.356
105.212
61.0108
51.7412
194.056
25.1318
22.6403
19.3097
17.7926
24.2088
23.3615
19.5818
588.278
27.392
24.3482
27.6598
21.5437
26.2011
29.0252
21.9233
28.697
18.7219
21.2006
18.7364
26.117
22.3992
20.7733
478.965
157.185
386.503
41.8096
57.2658
32.2658
60.0831
32.7437
93.4043
35.1692
102.27
198.093
530.838
31.4653
26.3024
43.0714
35.7961
132.415
44.2489
34.3428
23.4347
45.3028
50.3037
28.8147
56.9447
131.374
37.5151
54.0069
55.7347
508.043
62.2502
99.3027
181.042
37.9804
30.5016
45.6252
27.8812
29.205
25.4617
38.141
26.8576
106.821
61.3881
52.1848
195.102
225.965
201.25
26.7964
23.0522
20.8767
23.0601
23.5303
27.1227
23.4378
593.02
26.7769
24.7775
24.8416
21.2507
24.0922
26.8494
24.0222
31.5494
28.1859
32.4918
25.4741
32.1807
33.5481
25.955
92.0182
93.0535
42.7948
432.33
40.957
26.5283
26.8773
86.8665
87.6616
27.3064
44.797
27.8587
444.455
26.0277
46.9679
29.6648
446.017
27.0762
362.49
335.799
97.6632
318.245
232.879
94.9085
113.372
240.162
43.188
363.102
51.992
122.726
94.1447
58.263
259.062
50.104
124.802
47.5342
47.9132
26.4459
118.152
91.2863
231.18
50.4453
51.6666
27.6127
131.732
47.3295
42.8468
108.756
45.6649
25.7149
20.1793
54.9705
51.2644
40.0938
43.0437
36.0381
25.7246
48.4023
378.394
110.182
39.11
58.1762
44.4943
19.5205
47.0923
33.4882
23.9416
45.499
42.1818
308.613
55.3237
102.399
59.1367
32.2489
41.835
28.7351
82.251
35.4864
59.5498
55.5096
17.8409
214.298
329.588
105.696
98.3483
48.616
351.863
258.724
334.662
96.3451
359.755
317.355
93.4786
231.271
121.481
238.124
79.0816
361.259
132.51
50.1205
47.1727
43.1765
125.269
100.69
229.763
72.3852
51.3994
92.3137
73.9433
257.089
48.9347
133.53
70.9235
13.7868
19.899
3.5942
4.81036
2.31614
2.75806
2.71539
49.2763
267.206
284.448
54.4746
50.7982
48.9642
67.2451
45.6709
44.6916
56.5748
55.7157
50.765
70.7133
35.2723
355.775
67.4568
126.623
83.611
67.8509
133.906
86.5362
50.5616
414.946
88.1763
371.531
44.5492
73.6825
90.95
92.4709
82.3565
75.8419
43.5624
130.037
66.4279
59.4605
108.952
79.5856
73.6992
64.3927
41.2339
37.3698
55.5093
42.4239
44.2653
46.628
51.6573
81.9109
61.525
69.3508
46.3166
54.2196
104.15
97.0967
76.5899
132.579
71.023
135.3
481.288
43.1333
85.6112
376.575
97.0628
93.9071
67.5368
95.1181
68.407
45.921
120.977
75.9225
34.9002
44.6699
64.192
52.7294
46.7186
376.292
108.77
74.873
47.1803
119.1
307.018
100.184
63.8128
120.403
47.2249
53.8441
80.5709
82.2589
137.874
80.3712
39.1322
23.8153
10.9763
2.90809
6.2668
4.02497
2.30594
3.64415
19.8542
13.6374
3.55116
4.77561
2.75566
2.3128
2.72798
44.5424
150.534
58.8468
392.862
91.116
74.7576
339.304
375.577
78.4961
280.237
116.961
214.807
330.607
139.866
98.8327
49.5008
353.345
259.167
53.3869
268.427
285.937
56.102
52.1539
97.5039
102.922
40.2983
35.5834
53.4482
58.6786
98.3965
20.0529
57.0471
55.3272
103.499
100.417
319.717
319.821
66.52
268.192
280.693
50.6062
267.948
280.56
50.6402
51.5803
73.8803
68.3375
28.627
48.8175
57.5185
44.5948
50.6553
66.1686
60.2839
27.4215
43.8691
57.6403
42.9658
358.687
99.0337
418.289
375.158
47.4349
77.0449
94.7084
96.1567
99.4891
22.7832
45.7387
43.8415
134.619
40.4773
77.0346
48.9532
39.5555
21.3679
40.5132
45.3806
39.5235
113.066
82.9432
107.113
57.0646
99.8261
135.301
53.9663
138.284
483.967
46.0634
59.2265
379.161
100.073
96.7066
49.6702
98.1511
51.499
47.0076
50.9004
59.1598
93.601
394.972
76.8595
376.634
56.7851
282.247
118.716
341.751
360.637
317.22
231.996
94.1146
104.433
333.866
96.3931
93.202
47.1883
258.395
49.5423
110.402
41.0222
238.548
32.9906
361.001
50.6731
105.856
47.0528
19.5474
67.163
101.911
230.108
46.2069
38.8834
26.1748
130.032
37.94
46.2978
42.9789
103.595
15.7039
15.5453
53.8657
42.1732
49.5114
30.9904
45.5629
18.5461
47.9796
377.47
109.609
31.7836
40.1319
45.3688
14.3209
46.1358
20.9556
18.2839
36.1545
26.4168
81.4841
32.69
57.5001
54.5037
17.6646
46.5836
34.2434
307.529
38.3962
101.193
42.0777
19.6907
213.995
329.563
107.128
48.7559
98.4884
258.46
352.205
64.1493
3.10503
3.18444
6.97889
7.49295
3.18546
2.01931
68.4587
2.62599
2.50327
7.4972
8.40835
3.36806
1.86456
63.4982
2.03747
2.29066
8.54927
9.44977
3.12226
1.60557
106.797
110.352
108.59
17.6762
16.4473
15.5599
7.05779
68.4638
2.32407
2.46339
8.20661
7.41578
3.04317
1.79368
64.1975
2.35314
2.10936
6.53257
6.43388
2.39548
1.50463
127.126
245.31
245.615
111.924
219.414
226.86
110.944
219.486
227.101
223.793
69.325
67.481
66.463
110.766
116.838
116.128
316.209
231.49
93.3079
108.514
359.321
333.71
95.8467
92.2243
53.3316
48.3768
257.041
52.0418
117.399
46.4108
39.1122
64.4343
108.499
229.588
65.6526
50.7492
238.2
52.0146
360.046
49.7124
113.048
46.9023
126.695
54.9943
67.2184
65.1572
79.953
41.0258
150.098
425.916
120.017
464.119
85.813
85.5052
162.899
91.215
29.5039
70.6012
49.7468
119.302
46.2446
51.6461
41.3766
58.3665
63.337
46.6817
35.7426
112.844
95.5957
159.826
84.9856
33.8831
37.3463
155.457
86.7313
34.5453
180.676
54.8814
141.35
39.0944
93.3892
474.96
37.0393
46.3699
376.308
108.517
60.8372
76.1419
39.236
43.3876
47.6884
44.3971
46.9022
83.0641
40.344
59.4561
80.4155
126.542
44.2584
64.3388
47.2847
56.7227
306.742
69.5498
99.8022
74.9502
42.2548
350.677
101.538
309.003
214.325
329.438
123.23
48.5017
98.2055
258.931
351.967
110.325
108.539
106.753
16.0342
18.0698
16.9103
7.85605
3.1003
64.1698
3.21536
6.93369
7.56371
3.17661
2.02076
63.4512
2.29128
2.06167
9.27465
8.47929
3.09535
1.60984
2.31414
68.413
2.44813
8.02718
7.34609
3.01255
1.78801
2.7084
63.3873
2.60294
10.1489
8.98315
2.69152
1.80711
110.351
106.81
108.605
17.4804
15.4622
16.2703
6.88623
64.2703
2.11374
2.41216
6.37324
6.46382
2.35313
1.50274
71.6804
343.643
96.6857
57.7598
93.0505
138.301
44.4892
93.9058
110.383
132.625
93.9987
68.9944
201.717
56.2728
75.2057
243.67
69.8672
35.8289
139.001
124.26
50.7015
344.915
275.425
114.415
245.17
244.793
108.358
219.273
226.792
106.943
219.233
226.529
223.552
62.8829
62.2228
62.4092
107.007
109.331
108.65
66.2828
343.346
54.0326
58.4788
116.526
93.1588
30.336
54.4328
65.1062
243.207
62.7167
31.9511
116.621
109.473
50.9336
65.9803
101.103
94.3787
44.1563
201.688
50.2325
344.135
275.129
152.886
427.746
122.805
36.6556
466.288
87.7364
165.884
93.978
30.7485
32.6192
51.6642
122.192
114.818
97.6728
161.814
53.1715
19.9785
35.993
54.7065
157.481
36.5886
182.58
56.8063
37.7546
22.963
52.5894
476.719
39.0295
351.994
102.74
309.842
29.1032
185.754
77.4853
37.1134
516.894
519.677
179.293
76.2822
134.623
24.3596
88.178
48.682
541.63
23.6348
144.788
26.4603
31.0292
84.7098
142.668
34.5116
35.6145
47.5575
153.376
39.809
206.111
18.739
45.0886
51.0206
183.417
44.2551
54.8476
477.784
157.204
387.019
333.742
95.9297
316.466
93.6689
231.388
65.4977
359.919
46.7285
25.474
71.9581
44.9996
229.352
55.7718
31.8494
238.067
55.8161
360.037
66.8085
50.352
92.7671
35.2395
49.2061
257.627
52.882
60.9923
5.11333
1.88023
5.10925
1.50026
1.45308
1.36323
1.2839
34.638
266.684
54.86
284.043
60.8022
50.7087
71.7751
23.7758
23.6946
57.0671
33.9532
65.9591
46.4532
12.616
357.6
316.627
93.634
231.61
68.5801
333.492
96.2449
360.157
46.9518
29.1386
54.6776
71.7051
229.965
44.3917
50.034
92.9343
38.8087
49.1932
258.3
48.4861
64.6711
238.937
50.7621
360.692
69.2865
50.9702
3.10415
24.0615
9.9978
4.18402
2.42005
6.24859
3.7112
57.8601
423.319
424.928
62.0648
138.978
119.306
106.963
53.1861
120.986
33.0375
45.8076
52.1687
59.7094
104.509
52.8385
111.775
21.9946
41.536
52.7045
56.3105
301.563
351.143
62.7331
303.345
353.412
65.2264
28.3509
32.3902
184.652
35.9956
516.929
518.304
177.666
74.6827
133.102
23.767
86.2864
47.1874
40.6291
55.0686
33.2258
145.353
35.6748
60.3739
85.8908
40.1204
49.35
24.5335
57.6496
33.1653
74.7621
30.5753
539.578
22.6301
29.8974
144.101
33.693
83.5743
141.411
33.0923
34.1384
45.9821
152.071
38.2241
205.186
27.2106
29.9224
49.6474
182.394
30.8099
53.6387
32.9355
32.9655
85.1833
42.6154
47.2774
47.1833
24.2052
478.582
156.75
385.919
19.4877
3.44167
13.1664
2.77166
4.53883
2.24455
2.68642
24.1689
3.12065
10.0485
4.20116
6.34661
2.42703
3.72786
56.5565
134.374
147.385
43.6872
56.3614
82.7632
64.9858
51.6747
73.1986
403.851
32.6827
128.84
42.5337
70.0661
114.203
73.3442
32.9974
327.822
28.1486
37.945
82.5083
113.553
33.9973
51.7798
26.6429
46.664
41.6702
267.518
54.8607
284.879
46.9889
51.3393
57.7747
32.9675
36.3923
57.4367
42.7334
47.8752
47.2401
23.6583
98.9211
56.0424
101.9
277.766
52.3735
303.975
57.987
279.792
356.276
1.81579
4.90267
4.17673
1.45465
1.41584
1.51105
1.29901
1.81418
4.92332
5.00918
1.48778
1.34875
1.44869
1.27885
285.831
85.3262
88.6193
128.515
100.966
314.069
53.1021
88.4052
124.365
100.396
313.669
51.52
115.964
88.2975
125.997
25.5016
62.4091
295.291
51.1411
114.554
88.1244
119.356
23.1445
60.135
295.076
50.2576
55.2978
420.628
33.1893
420.399
54.8908
65.2371
57.9133
30.1922
67.2587
9.7311
18.532
50.3377
30.5462
51.9819
28.2938
8.74816
45.855
16.9708
50.4018
29.5657
299.604
349.454
61.6592
298.875
349.451
61.0227
6.37347
29.7887
34.2468
82.2951
14.6872
18.6483
24.4683
8.73151
30.2126
17.7151
25.1999
14.3897
9.26117
25.0653
4.2171
19.5484
10.6318
47.9444
10.2531
7.92288
15.2633
29.4301
132.762
14.5446
57.976
55.5349
55.7665
8.35681
26.8986
48.1007
403.411
33.7235
34.4774
14.8718
70.4065
32.4935
71.8893
33.3384
27.1549
327.962
13.835
57.3765
30.3689
6.49605
8.66528
26.739
10.8159
60.1955
67.8815
53.3243
50.3665
275.654
299.557
56.1236
277.741
32.1503
185.381
29.7562
517.368
37.6611
519.085
178.726
24.9046
87.6709
48.8339
76.1934
134.342
46.9751
51.595
63.8211
39.4441
9.68711
50.6331
3.91955
4.16172
27.0772
27.5216
2.50707
46.9362
51.6003
63.7487
39.3497
38.2092
22.6719
31.2117
31.2521
28.7435
43.8881
39.2764
33.7572
41.4755
207.104
71.9219
8.53681
236.797
36.7487
9.52833
31.1641
32.102
124.03
637.538
23.5442
16.9905
39.1942
28.6807
52.6259
6.66825
88.6409
10.2154
29.9803
31.0821
26.5738
9.86199
6.06508
44.2058
54.1921
6.70168
102.164
197.935
530.234
51.5799
23.394
504.183
30.0586
96.6738
176.359
12.0316
22.5242
6.24263
4.24846
27.8719
22.6559
5.67426
66.4367
21.432
128.739
51.9213
47.1781
41.6695
49.8091
22.1433
417.984
105.592
46.8059
374.521
95.264
92.445
44.6158
19.4085
133.558
42.5079
36.9626
75.9695
93.6748
112.46
82.3391
76.132
31.043
18.774
33.7335
37.4447
33.0197
44.4467
31.8768
129.791
49.0379
55.588
54.2287
58.7035
29.157
125.673
469.323
45.2122
90.441
169.087
155.597
430.238
97.3518
39.7489
33.1894
54.4193
125.38
34.2518
33.5089
188.79
40.9593
520.058
522.798
182.247
27.8982
91.0603
51.8915
79.9228
138.009
19.9195
53.5293
121.429
39.6555
36.8244
30.146
41.0635
18.8198
55.0552
30.1422
21.9503
30.1109
44.1451
15.4767
24.6361
26.5932
19.1598
22.2803
26.6518
25.3566
18.122
46.2772
50.8357
62.9538
38.8558
46.2853
50.8657
62.9959
38.9129
37.786
22.7035
31.0066
31.0451
28.4608
43.1887
38.5861
33.3654
24.5967
207.079
22.2081
72.1031
23.8066
236.957
22.9
28.2242
24.2088
124.042
636.961
23.4721
26.1386
40.762
32.6118
28.7149
54.7459
29.3015
90.97
32.235
31.3946
26.1888
26.7307
23.5298
43.9314
27.5416
26.3869
101.864
197.663
530.7
52.5041
33.3079
29.8327
506.707
97.6213
29.676
178.154
23.4219
25.7095
22.8639
25.8426
26.7701
26.131
26.7098
100.85
443.677
61.1717
34.5108
105.26
144.743
61.9236
44.9808
37.0145
31.0799
66.8328
28.875
101.422
18.2053
39.9684
138.729
396.017
115.402
184.632
77.5617
28.2431
56.704
492.896
40.1428
40.1289
106.384
27.5583
16.1256
18.1423
30.8646
52.2403
417.141
58.9686
47.0028
374.091
95.0171
59.0207
57.07
29.6629
132.468
54.9812
51.065
76.6907
93.9178
111.42
82.0837
76.3456
34.6762
24.3954
39.3068
49.1011
39.8673
45.0623
21.2611
76.4344
46.0452
43.0071
21.2012
46.593
38.3576
121.745
465.441
56.7431
87.1028
164.389
152.095
427.54
93.1453
50.5573
31.4475
51.5617
121.215
7.10044
29.0859
34.3746
34.5489
7.20994
15.5458
53.9889
8.48773
28.8058
25.9349
7.08879
10.9851
48.5836
7.11972
96.2446
439.133
56.7032
29.6034
18.8803
63.0621
17.0738
81.2031
6.74287
36.3834
30.3153
75.0916
139.074
57.5311
27.6165
134.174
392.117
28.0753
102.892
17.0694
8.00034
8.31364
27.5523
28.9672
98.6495
179.27
72.0174
14.2024
30.2786
487.892
38.2043
540.084
30.2775
145.381
22.996
84.9791
96.9857
34.6372
142.822
35.7749
206.126
13.3004
51.1977
42.1817
183.24
55.3346
41.283
47.8962
153.475
39.8702
27.69
206.809
8.96708
71.9534
31.4132
236.72
9.1859
28.7381
43.8867
39.1926
33.7537
67.8063
50.0181
123.867
636.682
24.1764
23.375
5.75205
44.6668
6.18912
52.247
5.58408
46.0085
6.53796
5.85389
44.7154
52.2962
6.54183
46.0251
5.89798
6.62664
6.2334
19.0155
62.4122
62.5041
50.2132
7.73376
7.83556
30.9013
7.4012
43.045
6.33166
35.2557
5.03468
23.4372
224.285
199.603
16.2951
7.80945
2.90499
2.39294
12.4491
8.17063
3.47632
106.138
61.7984
52.6105
194.534
42.8513
6.62418
28.7303
5.38411
42.5749
30.2203
5.3735
591.239
24.3304
5.78218
2.67445
15.0253
9.4256
4.42528
44.753
14.723
54.4725
42.3239
34.0192
39.3109
32.4261
16.6194
106.861
99.8837
51.12
51.3052
135.069
137.664
482.954
45.4485
43.2939
378.574
99.798
96.7323
48.2908
97.8531
49.7288
26.121
56.375
42.6881
41.8991
54.3954
36.2125
25.0326
164.233
51.6835
38.5486
33.2792
159.985
52.89
39.0676
116.547
99.486
184.861
58.9614
33.9071
52.0543
53.7151
41.3656
478.828
546.415
57.9636
28.0111
150.421
110.055
90.15
39.4535
148.042
40.7784
211.864
31.4234
36.0966
55.7214
188.647
36.7969
60.1078
53.4942
158.952
45.275
15.4099
30.3231
35.121
22.2129
20.8976
29.0312
16.4829
36.0025
207.467
21.5186
72.3076
26.9112
237.215
24.3433
28.7388
43.6506
39.0436
33.6788
127.684
131.622
124.499
637.912
53.7176
23.3881
21.2364
45.1944
20.6259
52.6976
21.1303
46.5303
21.6702
19.9566
45.3338
20.943
52.8371
19.2421
46.6355
22.2201
22.4822
54.7194
62.9128
62.9129
50.7076
26.0332
27.1475
127.854
33.3653
34.2472
47.7805
40.5341
39.7839
25.857
31.5256
23.0498
23.0757
20.3173
28.6178
23.4033
23.5996
225.711
201.319
106.6
61.7085
52.4171
195.295
41.4529
27.2374
25.4287
32.9143
34.1519
26.3857
34.6086
56.6673
32.3414
20.7418
27.7204
25.178
29.1158
61.5064
589.798
37.4575
168.93
146.614
40.2844
34.5959
26.4935
139.205
37.279
33.5892
27.4624
140.035
36.724
139.775
36.7126
141.018
36.4852
152.216
37.8782
30.8778
28.8915
143.007
39.8236
107.632
100.477
50.387
48.153
136.584
139.372
485.173
46.1076
109.759
380.328
100.376
97.0774
48.4901
98.2889
47.9454
162.006
51.2516
36.1175
18.8115
157.603
50.5297
36.9565
115.36
98.0376
183.115
57.4303
16.666
115.151
52.2271
39.7269
476.734
3.18376
13.2237
34.4001
6.05526
6.00562
12.514
3.45169
34.2467
165.96
143.434
37.2344
44.833
13.9701
134.803
33.3204
42.3626
14.3438
136.004
33.3432
136.051
33.0814
137.669
47.8996
148.606
34.1412
16.0968
14.8759
139.105
51.4709
478.316
157.719
386.868
39.5805
6.34828
52.3197
29.8418
30.5695
9.12932
88.5386
102.076
197.764
529.975
31.2037
26.6411
5.39894
11.5978
45.7221
44.1839
6.55158
22.7395
4.8734
27.1417
5.52538
52.5998
29.7943
5.77159
51.6256
51.7888
27.3277
504.495
96.6014
14.3177
175.94
90.7916
8.48581
42.8313
10.284
22.7807
11.1895
34.8739
105.909
61.9848
52.6158
194.702
11.4853
7.94289
2.37133
3.23597
7.9789
12.484
2.98653
224.148
199.692
30.1518
4.49276
10.0244
2.69546
9.55135
24.4108
4.74395
588.407
38.5433
7.53815
5.88663
28.5541
40.2752
5.56146
29.9739
92.0041
92.0783
42.7112
432.31
41.9138
27.8521
29.7216
87.8857
87.7578
50.9059
45.8959
38.6956
445.05
26.3977
45.6187
62.024
444.919
26.2392
30.5491
83.7211
10.9531
31.0561
21.617
46.1688
13.8713
48.2021
379.012
110.889
32.0822
31.7013
71.2531
308.4
102.238
20.7326
72.0094
43.7901
18.8211
47.4417
82.0497
117.988
18.5416
40.9563
4.17454
4.38797
1.77045
1.48224
1.41615
1.46107
1.30649
4.92466
4.98985
1.8169
1.47595
1.41941
1.45857
1.28631
46.7205
57.8742
46.3518
394.878
93.0742
76.8729
341.681
376.889
40.0067
281.766
118.843
48.6769
100.683
15.3829
42.6677
26.0103
47.7314
24.2389
49.2552
380.027
112.346
54.0221
23.8955
57.4507
82.5387
128.058
24.0162
48.3398
42.4337
47.7553
96.0004
310.344
104.068
27.8754
96.733
353.481
104.223
311.154
482.44
162.824
392.832
10.2543
3.0762
23.7237
2.42637
6.19525
4.1276
3.74222
13.1874
3.5752
19.6889
2.32232
4.44914
2.7929
2.76228
35.7661
42.0316
134.796
38.4955
58.0112
32.2737
41.7558
32.4125
35.9743
36.5205
406.377
30.3052
41.566
73.1797
29.0274
37.1454
32.9048
21.9522
25.1905
29.2618
26.1308
32.8164
74.0107
35.3976
330.754
29.3171
38.3525
38.9484
49.6927
51.0153
29.621
29.4626
87.4454
30.3654
26.0864
41.942
32.961
140.873
43.196
36.1132
101.722
197.61
530.092
22.1873
46.7012
32.6716
52.9948
86.1377
28.9794
139.185
50.5019
82.256
52.8557
503.691
95.814
36.5715
175.267
151.47
30.7432
43.4001
41.6853
52.7659
22.6777
33.8354
34.9553
28.42
19.063
20.6486
29.4247
32.8877
21.5207
105.772
61.1564
51.8583
194.373
224.272
199.604
56.8709
35.5246
21.948
34.2511
34.7623
28.4788
86.6429
98.3605
34.0918
37.5196
27.791
91.9396
39.111
29.1125
591.131
95.323
93.4982
43.9229
432.825
41.2027
56.4102
52.6509
88.2054
87.4409
121.625
48.3833
128.244
447.232
27.8059
45.5231
120.056
444.933
26.5642
10.2402
23.7288
3.07257
6.20599
2.42975
4.1329
3.74905
13.0958
19.628
3.52833
4.40513
2.3249
2.79462
2.7734
25.4692
35.4134
41.8132
30.1113
36.7895
27.5886
27.3596
364.915
31.6249
123.233
59.6151
59.4913
34.9621
128.687
56.6497
31.6371
41.6204
383.434
32.2485
27.1643
52.3015
43.3456
41.0012
36.5355
66.5338
410.607
131.961
129.645
47.0824
61.9309
48.0649
400.569
47.6525
135.563
47.1857
396.936
94.9304
77.0353
343.039
378.677
95.653
283.708
120.368
4.16254
1.78572
4.48292
1.41546
1.47833
1.47021
1.3081
4.96249
1.83221
5.03004
1.41073
1.49817
1.46149
1.2858
56.4959
337.059
337.052
105.846
105.845
61.2344
47.8209
55.9573
55.8776
34.5487
72.6727
72.6606
352.879
103.759
310.519
28.5706
54.867
15.6085
133.071
14.079
55.8918
24.5381
32.3175
25.3479
33.3785
404.472
14.667
68.9418
70.5497
12.0759
24.8839
7.09833
69.2309
10.7702
5.99534
26.646
61.4335
72.534
33.1668
327.491
27.2363
3.85921
33.8738
13.1606
32.2334
8.15225
14.3888
8.09243
57.8841
18.287
126.81
40.0889
29.9284
32.0407
381.468
362.703
29.2072
120.675
57.3715
30.4538
16.1894
30.5121
50.7839
18.3642
52.8676
64.5402
127.889
45.9458
45.269
52.8927
398.834
408.768
129.508
213.925
330.389
111.204
98.8247
49.2965
352.537
259.435
29.9463
266.527
284.022
54.7858
50.601
49.0164
48.5358
19.1527
20.1792
29.759
56.8869
43.9197
12.756
32.0697
55.8058
102.225
105.327
319.943
48.0485
320.052
267.573
280.236
50.5205
267.875
280.532
50.5616
55.5944
48.023
55.1149
14.7025
32.0466
58.1264
24.7418
59.1802
49.7667
17.1513
69.3441
35.2334
25.8719
58.1078
214.761
331.185
125.351
49.9284
99.8596
260.458
353.912
108.589
106.756
110.367
16.091
14.7492
17.3187
6.70884
2.82733
63.1896
2.9094
8.70296
9.88687
2.66048
1.8438
2.37542
68.4458
2.29778
6.63614
7.95437
2.90906
1.73206
1.8495
2.28575
63.5487
8.06566
9.08911
2.77939
1.52156
2.96178
64.36
3.11374
7.05302
7.38529
3.03318
1.93106
106.902
108.607
110.376
16.7234
17.961
16.4817
7.65071
2.60551
68.5985
2.71469
8.86019
7.95284
3.38156
1.88124
64.328
58.041
342.632
74.2393
92.8567
43.4482
121.148
56.3505
67.5317
101.64
43.6539
94.1296
201.997
69.6183
66.5204
243.166
65.102
36.9985
119.471
112.613
49.7997
343.638
275.122
52.5525
268.16
55.5625
285.11
100.419
51.6707
107.594
47.8138
59.9047
56.0164
57.4802
105.341
34.9842
56.1311
46.0963
53.6124
49.7153
276.638
50.6588
299.556
55.693
277.935
93.7888
437.562
54.353
29.3305
45.4188
136.666
28.969
55.7702
33.7573
44.7749
60.8645
46.209
49.9702
36.3282
34.7803
62.7644
177.356
69.8501
37.9928
48.5182
486.627
46.0778
131.372
389.997
27.6883
61.0267
25.6063
37.4034
31.232
47.1931
26.508
32.5362
164.368
35.6239
141.674
29.3634
26.2092
31.6804
133.248
26.4803
29.0487
134.369
30.4805
147.137
32.4658
30.2775
27.5639
137.524
33.6397
31.5547
134.224
31.2259
135.812
361.753
27.7637
56.1549
119.253
29.6137
35.2973
55.4291
56.7989
32.0109
39.6478
64.3198
56.4584
38.7135
125.185
69.834
28.2695
55.2219
380.302
409.124
128.857
126.96
74.5309
44.8262
43.5109
398.802
56.6635
124.293
125.961
57.5119
321.302
321.292
269.322
282.126
51.6612
268.939
281.532
51.4473
99.6632
56.8003
22.3014
102.588
52.2975
42.419
59.0474
100.602
59.2221
26.7451
105.358
52.4521
44.1077
58.8515
1.99139
2.35163
64.0192
5.82239
6.21113
2.47713
1.51826
2.35907
2.28234
68.4174
6.60588
7.91525
2.88464
1.72251
108.596
110.361
106.757
14.7734
15.9423
17.2383
6.66344
2.88192
2.93659
63.1792
8.68693
9.83235
2.64141
1.847
2.30648
1.88618
63.3389
9.01787
8.01282
2.77749
1.5328
2.58841
2.7013
68.6889
8.58326
7.74951
3.36429
1.87434
2.96776
3.06291
64.2524
7.03777
7.02806
3.00607
1.92307
106.838
110.446
108.634
17.7783
16.4077
16.2419
7.45895
40.8084
67.2733
53.3424
343.564
30.8271
93.7433
115.982
68.2102
105.659
112.105
58.4179
95.1042
201.725
52.1689
63.3813
63.3208
243.78
28.5588
123.21
113.302
50.8633
345.065
276.125
224.026
224.2
116.751
311.652
311.948
45.5058
53.1633
41.5189
274.727
50.2721
299.775
55.7762
277.304
95.2487
439.289
55.794
30.9033
33.0374
137.946
46.2468
57.2373
46.7382
10.9185
20.5742
62.6039
11.7422
33.9915
36.6185
36.8093
178.657
19.248
71.3996
30.2074
52.8398
487.905
41.8426
35.0481
10.6815
16.0688
12.3375
28.8259
28.3791
132.895
390.897
34.8581
166.627
38.178
143.748
37.9495
13.4817
33.5434
134.928
12.712
40.1792
136.079
35.8392
148.93
13.2112
34.5411
12.7468
34.8168
139.395
33.6797
136.194
33.2356
137.802
30.483
9.27398
67.4261
33.1586
25.5017
16.9998
65.4338
363.02
29.0267
57.6607
121.447
58.3185
15.775
81.1917
127.811
30.3387
29.7606
382.336
408.79
130.389
128.9
76.8587
46.0795
28.8144
399.493
356.602
42.8592
417.202
373.848
46.9993
75.8918
93.1805
94.7598
41.9757
23.2322
57.9993
51.3364
132.291
51.5895
75.9816
32.0756
41.9374
20.0318
47.9352
44.8219
44.2801
111.251
81.8718
107.242
52.557
100.357
135.987
48.055
138.322
483.427
44.9304
122.765
379.202
100.012
97.0038
46.9994
97.961
46.8705
46.7905
39.4358
131.27
93.9659
395.935
76.6219
378.02
78.9469
282.679
119.749
342.479
119.152
244.659
244.916
108.004
219.27
226.55
110.492
219.25
226.526
223.471
67.5926
64.7135
65.8812
108.581
110.591
112.135
51.2782
56.0756
344.6
95.3109
125.54
43.7118
94.5379
53.9107
64.2202
65.5607
244.084
30.6899
127.447
119.411
90.769
111.438
119.937
95.6499
62.753
202.1
50.8227
345.734
276.282
356.698
3.25451
13.347
19.7523
2.07971
2.75371
4.28926
2.52216
2.93905
10.1169
23.6856
2.36669
3.86882
5.93493
3.62188
284.4
84.0335
87.6
139.849
99.3623
73.2086
312.702
87.6785
140.317
99.285
312.996
77.1933
126.369
86.8165
131.261
50.2656
74.1879
293.525
69.2652
127.819
86.9101
52.8151
133.449
73.8331
71.0851
293.961
125.542
414.767
44.5819
371.526
92.4949
121.007
54.2724
87.5449
84.0611
130.16
68.3974
73.7131
91.0416
73.6983
39.5432
47.3136
56.131
67.9654
56.7874
42.4742
109.104
79.6524
43.5194
74.3903
73.918
76.9087
53.6578
56.6728
59.8125
104.191
89.654
97.118
76.7704
132.523
135.233
480.987
43.1514
144.254
376.367
97.1209
93.9298
69.1098
95.123
70.6443
44.7155
69.1947
135.208
91.2688
392.894
74.8461
375.724
128.829
280.291
116.922
339.653
3.25306
19.6876
13.2875
2.7116
2.06253
4.25827
2.4923
2.93233
23.7538
10.108
3.85303
2.36181
5.9619
3.62144
78.7133
335.696
335.957
103.927
143.81
103.959
56.7711
145.529
143.175
91.1832
70.5603
70.5683
56.856
78.1208
64.6718
342.689
44.0371
131.211
92.8244
79.4625
76.6047
68.6261
243.303
40.5629
139.456
117.868
64.2246
104.234
124.652
61.2504
94.221
202.168
49.8883
343.804
275.19
224.019
137.497
312.008
312.257
224.145
284.832
84.8856
87.8656
107.836
99.7255
67.9459
312.75
87.7581
108.317
99.5104
68.642
312.503
62.4089
87.758
28.171
65.8925
42.542
54.0029
294.184
61.8546
87.7503
32.5336
67.636
44.1531
53.8211
294.145
26.5007
76.6925
54.6713
54.1339
27.9386
48.5891
48.3008
44.3337
338.259
338.315
126.268
106.716
106.786
46.2051
126.33
128.832
59.0471
72.4872
72.552
123.342
312.895
313.244
224.143
224.536
153.739
429.012
123.294
56.5486
467.301
88.7566
166.368
95.3192
33.0282
45.6932
53.0557
123.267
118.115
100.581
164.728
50.6425
31.7574
38.7527
50.6011
160.213
39.6333
186.111
60.7102
112.08
31.3768
52.0875
479.735
42.5379
355.668
106.136
312.975
56.8579
46.0862
422.346
421.991
52.6452
54.2043
46.8605
38.817
23.7725
48.1763
31.3487
52.2219
40.5415
46.8447
39.8492
28.0625
48.3648
32.3382
51.4388
42.0498
300.957
351.877
63.1455
301.045
350.191
62.2467
23.8966
33.3265
37.6262
43.5343
29.9814
26.9507
38.8911
21.1795
32.421
24.4654
29.139
26.9241
18.7672
34.3906
13.5389
27.8332
19.1242
34.2337
18.7516
13.4123
27.0415
53.424
38.3741
137.788
126.782
46.4838
45.8535
59.9112
56.551
43.4695
409.882
37.363
108.681
33.5221
75.3048
102.646
76.4741
36.2701
29.8331
332.071
34.7485
51.3747
25.6395
111.433
34.8474
27.0391
30.0025
102.767
111.495
54.086
51.4613
276.753
300.849
56.2064
278.82
119.984
62.099
463.932
85.4905
162.686
150.066
425.569
91.3036
44.5674
29.5276
49.8024
119.293
24.4642
39.0978
48.7173
33.116
33.3879
26.7129
30.208
29.9038
32.6986
30.7069
24.5282
37.1255
25.8184
25.6578
93.7553
437.928
54.2266
72.9255
61.7376
36.1871
60.9713
40.672
126.685
34.9439
29.4595
126.862
136.882
55.8586
72.808
69.4116
133.234
35.0311
34.4337
43.6514
26.5148
48.3847
131.544
389.798
140.457
177.346
47.5622
69.9282
47.1574
93.7114
486.864
159.795
61.7794
46.475
33.8054
63.2177
155.363
34.5187
112.761
95.5975
180.706
54.8744
50.2207
73.3847
68.1891
37.0411
475.16
21.4189
27.9632
25.8036
29.5893
24.028
22.5963
26.2871
32.5033
164.418
141.65
35.6803
74.9363
35.5728
133.343
31.7311
74.2433
36.135
134.425
31.575
134.302
31.2995
135.822
77.4176
147.194
37.3439
32.4741
39.1873
80.34
137.581
350.327
101.21
308.683
31.0326
31.9718
47.2166
133.256
29.3956
31.3798
55.6136
41.1371
27.6347
32.3037
402.737
26.4452
46.8486
69.3933
34.7148
27.1869
24.1301
30.6609
25.2418
30.2338
26.0236
32.0816
71.9172
32.5534
27.5462
327.841
29.4506
52.2868
64.0911
64.1064
38.858
33.6491
40.1407
56.8911
35.4608
132.282
125.561
55.5712
28.6635
380.758
30.0972
48.6636
61.8033
139.946
39.6485
79.0949
65.1653
361.879
28.1803
119.623
56.684
127.562
45.3658
142.301
77.9034
399.2
409.543
129.548
45.8825
47.9293
55.0307
51.5928
277.566
301.041
57.0289
278.876
98.1216
441.588
58.747
37.1333
28.8186
37.2478
64.3577
24.7267
41.2218
38.4099
33.4205
39.4827
141.174
35.4644
59.8245
32.9928
47.2646
16.4705
31.7779
20.7707
33.0573
30.2664
49.5712
182.028
33.4171
74.5791
35.3132
45.4272
490.825
135.525
393.679
38.7884
170.951
42.2324
147.826
33.0554
26.0291
38.0617
139.39
25.7564
33.1339
140.796
33.4069
153.969
26.5638
39.1554
25.8003
34.755
144.205
37.5255
139.909
36.9286
141.786
33.14
19.7292
55.3752
112.005
30.7718
42.5917
68.8361
61.9323
29.974
109.941
131.927
53.0762
32.7336
385.966
367.689
32.4726
61.8268
126.222
133.081
116.06
47.9813
45.5111
403.438
413.78
135.095
355.617
106.087
312.933
98.5704
56.0573
101.62
303.273
278.585
52.3619
58.0505
279.857
367.57
32.4508
126.163
61.7839
61.894
30.08
131.874
109.786
385.896
32.707
53.1815
33.1208
20.2384
111.744
55.5497
68.8033
42.6075
30.9868
413.658
135.022
133.019
47.9188
115.882
403.29
45.5596
155.624
430.558
125.582
469.403
45.2642
90.2707
169.088
97.2637
33.1893
39.6449
54.2956
125.343
118.076
100.549
164.692
50.7262
38.7076
31.7167
39.5955
160.184
50.6229
186.066
60.6645
111.836
31.465
479.708
42.4933
52.0774
100.747
442.974
61.1767
34.452
104.798
144.45
61.9827
44.9015
37.0095
31.014
66.8641
28.9822
101.156
39.9281
18.5609
138.589
396.186
115.072
184.262
77.3188
28.2914
491.809
40.1402
56.6504
40.1863
106.339
27.6325
16.7288
30.8096
52.4359
18.5416
38.7487
170.87
147.76
42.1923
32.9968
25.8881
138.969
37.9059
140.468
33.0583
25.6494
37.4867
139.809
141.737
36.8531
33.361
153.657
39.0122
26.5304
143.887
34.7127
25.7282
116.61
99.4429
164.155
51.7343
38.5101
33.3962
52.9808
159.97
38.9783
184.763
58.8613
52.0846
34.0608
53.8178
478.608
41.2888
153.7
428.978
123.289
467.288
56.3991
166.35
88.7433
95.2939
32.9924
45.5359
123.248
53.0271
37.3859
168.819
146.529
40.1792
34.5285
26.4498
138.804
37.0757
33.515
139.662
27.4182
36.6637
139.642
36.607
140.969
36.4286
151.848
37.6308
30.8384
142.558
39.763
28.8633
98.0203
441.364
58.6622
33.3522
39.4521
140.917
59.7525
35.4445
37.0799
28.7029
64.3413
37.0718
38.3936
41.1732
24.7095
135.443
393.569
49.4761
181.662
74.3398
33.3321
489.98
45.3502
35.263
32.9372
47.2224
31.6785
16.7194
30.2478
33.0249
20.9189
353.583
104.284
311.218
364.985
31.509
123.159
59.542
59.4591
34.9517
128.654
56.6009
31.5759
383.214
41.6458
32.1813
27.2169
52.1745
43.2657
66.2887
40.9176
36.5331
410.98
131.786
129.654
47.0218
61.8701
400.585
48.0594
45.8125
54.9523
47.912
300.968
277.488
51.5219
56.967
278.807
102.565
54.1018
111.436
300.832
276.756
51.4554
56.1871
278.743
350.568
101.504
309.133
361.781
28.1615
56.6552
119.586
30.0931
48.8417
140.024
61.8257
65.1689
79.109
39.7532
56.8881
35.4747
125.542
132.227
380.7
28.6542
55.7469
409.455
129.485
127.524
142.381
45.3208
399.108
77.9507
482.829
163.013
392.537
478.988
157.214
386.513
95.2509
93.4958
43.8902
432.81
41.2003
56.5206
52.7368
121.684
88.3814
87.2388
48.3815
127.994
27.7784
447.412
45.474
120.115
26.5506
444.698
57.8894
424.436
423.115
62.1261
118.894
138.73
104.111
53.0992
111.585
22.6883
41.634
52.8027
56.4957
106.565
53.3128
120.908
32.6551
45.5305
52.1315
59.7828
302.85
353.724
65.0674
302.167
350.804
62.9212
53.4282
137.647
126.622
38.3833
59.8171
46.3369
46.0176
56.4525
43.4099
409.333
37.3275
108.406
75.1845
33.4599
102.378
76.4303
36.2417
331.452
29.8203
34.7971
51.3629
111.306
25.7616
29.9445
27.1374
34.8985
56.5156
134.188
147.31
43.7343
56.2378
82.8651
64.8091
51.9806
73.2317
402.668
32.6288
128.741
69.9956
42.548
114.031
73.1929
32.9863
327.862
28.176
38.3089
82.7045
113.447
34.3356
26.5747
46.9941
51.9501
29.6782
64.1284
64.0206
52.6234
40.1909
33.9216
39.0247
544.748
150.394
28.002
57.7708
89.8813
109.526
147.998
39.3681
40.7097
53.4291
158.839
45.2061
211.449
31.4981
55.5574
36.0793
188.264
59.9196
36.8129
41.8512
57.2722
60.1043
32.2152
93.409
32.7821
35.1834
102.284
198.106
530.856
31.4934
26.3185
35.8602
43.2996
132.532
44.2814
34.3517
54.0552
55.623
508.054
62.3224
181.052
99.3478
37.9984
23.4625
45.3413
50.5281
29.0395
57.1235
131.442
37.5183
128.149
47.6599
33.331
34.2185
39.6529
25.7694
40.4191
225.936
201.166
106.971
61.7207
195.445
52.4269
31.2551
22.9769
22.9859
20.2393
23.4876
28.359
23.3552
592.563
40.9589
27.2753
32.7898
25.3922
34.4656
26.3085
33.7418
56.6602
32.1819
27.7879
20.6943
61.2912
28.9997
25.1842
20.1613
53.5628
39.5522
121.133
41.025
30.3178
36.7781
19.4201
55.0069
30.0437
22.2337
44.1157
30.4192
15.9907
13.5901
27.9422
34.2544
19.391
19.0008
27.166
13.5446
188.85
33.3854
34.0973
520.656
40.8459
522.418
182.212
79.7783
137.955
27.8065
90.6451
51.81
30.545
45.6303
29.1515
27.8622
38.1456
25.4805
26.8252
225.985
201.271
106.84
61.3988
52.196
195.116
26.8691
23.1423
23.0698
20.9518
23.608
27.209
23.452
593.038
31.593
28.1393
32.4869
25.4281
33.5528
32.2173
25.9127
26.8372
24.8155
24.8954
21.3283
24.1573
26.8992
24.0476
40.6654
54.6782
32.4854
28.5913
90.7085
32.1093
29.1432
101.892
530.853
197.661
31.3194
26.1728
26.5478
23.3812
26.1887
43.8725
27.5029
52.427
33.1863
506.053
29.6673
177.915
29.5123
97.3773
23.3759
25.5163
25.7714
22.705
26.6087
25.9203
26.7145
16.0497
30.4583
35.1276
23.2762
29.2147
21.805
17.2168
23.9646
33.4245
37.5214
43.4774
30.0544
38.8546
27.0316
22.0154
32.5448
29.0299
25.4655
28.0029
34.4258
19.3924
93.0569
92.0229
42.8006
432.336
40.9613
26.904
26.545
86.8659
87.6712
27.3238
46.9702
29.6801
446.025
27.0829
44.8012
27.8684
444.458
26.0337
478.046
156.482
386.182
35.6848
134.599
41.8158
38.3865
57.8406
41.6572
32.1653
32.2601
35.8715
406.421
36.3947
72.9202
41.462
30.1482
32.7129
74.1353
329.435
35.3393
29.2542
30.1964
37.0879
32.9006
22.7823
29.1535
26.0996
27.1338
56.7889
421.894
421.534
45.9847
52.5555
54.1117
46.8061
38.8189
48.1459
24.2408
31.4885
52.1743
40.5684
46.7669
39.7633
48.3138
28.044
32.3565
41.9742
51.3958
300.911
351.778
63.0615
300.924
350.027
62.183
26.072
35.3627
41.7139
30.5648
36.8026
28.0499
27.8146
30.9693
133.025
47.1056
31.8963
55.464
31.2959
29.3419
41.0391
27.6093
402.184
32.2321
69.232
46.8112
26.406
32.0122
71.8535
327.219
27.497
32.5159
35.6076
27.3459
30.6057
24.2298
25.9314
31.6343
25.2692
46.0612
53.5344
49.6245
50.6479
275.733
300.107
55.5357
277.708
361.403
27.7628
56.0698
119.181
29.5811
35.2931
55.4931
56.8677
31.9393
64.4473
39.6084
56.4157
38.5711
125.162
69.7089
380.412
28.2755
55.0794
408.361
128.804
126.834
74.4601
44.7751
398.6
43.4577
350.33
101.213
308.685
120.061
464.019
85.7496
85.6396
162.86
150.042
425.565
91.246
70.6488
29.4871
49.8447
119.295
93.6785
437.794
54.1697
29.429
126.756
136.669
55.8255
72.6926
72.8744
61.63
60.966
36.1489
126.611
34.938
40.6175
131.486
389.694
140.134
177.005
69.7371
47.4049
486.052
93.4525
47.0565
69.6188
133.425
35.0818
35.3057
26.5027
49.1973
43.7526
112.755
95.6035
159.853
84.9995
33.8563
37.5446
34.5616
155.43
86.7329
180.718
54.9065
141.369
39.3583
475.147
37.0398
93.4489
32.4651
164.353
35.6418
141.582
74.6538
35.374
31.5938
133.002
134.088
35.9528
73.9568
77.1472
146.87
32.3419
37.1676
137.259
80.0793
39.0157
31.5357
134.233
135.758
31.2585
38.356
50.9771
49.7711
38.9937
87.6083
29.4839
29.5767
101.686
197.614
529.909
30.3976
26.0937
32.9643
42.0135
141.032
43.2167
36.1667
50.4968
82.315
504.269
53.0792
175.423
95.9784
36.6123
22.1813
46.768
52.9778
32.6374
86.0105
139.368
28.9309
541.109
144.094
22.6238
55.4516
83.7403
145.539
141.512
33.1992
34.2177
46.0614
152.136
38.2001
205.586
36.948
49.8556
88.9176
182.805
53.8239
95.1917
151.248
41.6768
30.711
43.3967
22.6819
33.8385
52.7587
105.367
61.1415
194.199
51.8408
223.984
199.629
34.9442
28.4156
19.0903
20.6646
21.5386
29.4227
32.8862
588.316
56.7611
35.4943
34.2372
21.9683
86.502
28.4719
34.7548
98.3149
34.1005
27.7863
37.5019
29.1298
39.1154
91.8934
40.5776
55.082
145.229
33.1729
85.7709
60.3994
35.6393
39.9557
49.2533
24.4192
57.3517
74.582
33.0822
30.5412
32.8108
32.8942
84.9727
42.3659
47.0608
47.1739
24.1294
28.7824
43.6434
33.7032
39.0067
35.9511
207.186
72.3103
21.4945
26.7609
237.106
24.349
127.133
131.787
124.317
23.4139
637.063
53.624
28.4254
43.2631
33.354
38.6689
98.5676
207.76
72.5277
27.7456
91.001
237.445
30.4001
155.327
133.595
124.584
23.4084
637.977
57.7927
21.2374
45.1603
52.6627
20.6017
46.5093
21.6623
21.1298
19.9578
45.3614
52.8645
20.9598
46.6416
22.219
19.2508
22.4715
54.7458
62.8508
62.9598
50.6975
26.007
27.1567
46.3082
50.9222
38.929
62.9993
46.2703
50.7888
62.9614
38.8548
24.6443
26.5903
22.1975
19.0884
26.6643
25.3479
18.0533
37.7937
22.7085
31.055
31.0102
22.1878
45.1069
52.5183
20.6493
21.0819
46.367
21.5405
20.9186
45.1265
52.5348
21.1757
20.4327
46.4036
21.7445
23.0953
22.8532
62.6182
62.6349
21.776
50.4644
24.3565
28.4305
43.2073
33.3571
38.6327
24.6036
207.361
72.1054
22.2358
237.069
22.9109
23.8339
28.213
24.1873
124.229
637.811
23.4514
26.1329
184.508
32.3784
28.3837
516.256
36.0198
518.632
177.639
23.765
86.6074
47.1785
74.7442
133.086
31.4762
41.6112
20.4692
26.2977
22.6572
33.8471
23.4252
105.211
61.0104
194.056
51.7397
223.738
199.355
25.136
22.645
17.8033
19.3185
24.2119
23.3681
19.5928
588.276
28.6989
18.7236
21.2006
18.7416
22.3992
26.1205
20.7783
27.393
24.3569
27.6587
21.5515
26.2019
29.0232
21.9338
541.145
144
22.6005
29.9124
83.7045
33.7001
141.43
33.1003
34.1449
46.0017
152.162
38.2418
205.445
27.2282
49.6869
29.9325
53.6771
30.8224
182.634
24.3741
39.036
48.6362
33.0472
33.2747
30.1418
26.6367
30.2711
32.9553
24.4295
31.7206
25.6761
26.8739
37.4851
21.895
28.2869
29.6065
26.8224
26.4274
23.6444
24.6209
93.6926
437.871
54.1947
29.31
45.309
136.528
55.6263
28.8947
33.7544
44.6854
60.7877
46.2183
36.2917
49.9042
34.7741
131.344
389.575
62.6494
177.039
69.6994
37.9202
486.083
48.4145
46.0127
27.6668
61.0978
37.4631
25.6315
31.2871
26.5197
47.2232
119.98
463.935
62.0965
162.687
85.4879
150.066
425.57
91.2939
44.5575
29.5258
119.288
49.8013
32.4804
164.298
35.5985
141.581
29.3239
26.1691
31.5423
132.919
26.4322
134.022
29.0302
30.4511
146.809
32.3717
30.2456
27.5213
137.274
33.6339
31.49
134.157
135.694
31.1999
112.758
95.5914
159.792
61.7567
33.7971
46.4354
34.5109
155.36
63.1929
180.703
54.8675
73.3912
50.1909
475.159
37.035
68.1688
159.854
85.0002
33.8565
37.548
86.7343
155.43
34.5618
112.755
95.6036
180.718
54.9066
39.3638
141.365
93.4539
37.04
475.147
32.4652
164.353
141.583
35.6418
74.6571
35.3756
133.002
31.5941
73.9584
134.089
35.957
31.5359
134.233
31.2588
135.758
77.15
146.87
32.342
37.1759
137.259
80.0836
39.0224
150.042
425.565
120.065
464.017
85.7603
162.859
85.6416
91.2459
29.4871
70.6545
119.295
49.8447
93.678
437.794
54.1694
29.4272
126.744
136.666
72.6982
55.8234
72.8702
61.6114
60.9676
36.1425
34.9372
126.609
40.6054
140.133
177.004
69.7363
47.4165
486.051
93.4647
47.0632
131.484
389.691
69.6219
133.426
35.3221
35.0836
49.2096
26.5025
43.7569
151.246
41.6768
43.4033
30.7193
33.8387
22.6819
52.7673
223.985
199.63
105.368
61.1414
51.8413
194.199
34.9463
28.4137
20.6637
19.0865
29.4235
32.8857
21.537
588.317
98.3183
34.1022
27.7868
37.5028
29.1302
91.8963
39.1177
56.7632
35.5073
34.241
21.9748
34.7582
86.5035
28.4795
184.53
28.3667
139.026
516.267
36.0085
518.755
177.771
74.7601
133.102
23.828
86.8473
47.2891
38.3548
50.9765
39.0074
49.7835
29.4833
87.6069
29.5828
101.685
529.908
197.612
30.3949
26.0887
42.0116
32.9377
36.1652
141.029
43.2117
22.1802
46.7886
52.9887
32.654
139.372
28.9398
86.0262
50.494
82.327
504.265
53.0537
175.421
36.6142
95.972
32.826
32.9014
84.9759
42.3772
47.1809
47.0732
24.1397
40.5637
55.0616
33.1706
145.223
35.6316
85.7695
60.35
39.968
49.2657
24.4185
57.3728
33.082
74.5906
30.5586
19.9497
45.3625
52.8663
20.9547
22.2121
46.6446
19.245
21.2349
45.157
52.6632
20.6002
21.1257
46.5134
21.6614
22.4694
54.7537
62.9646
62.8562
27.1533
50.7037
26.0083
46.3089
50.8692
38.8646
63.0876
46.6997
51.3394
63.5096
39.2357
25.3935
127.054
21.522
21.0099
49.9011
52.2742
15.9142
37.7613
22.623
30.9629
30.9612
35.9372
207.183
72.3063
21.4938
237.103
24.3479
26.7491
28.778
43.6362
33.6982
38.9993
127.123
131.796
124.314
637.06
53.6264
23.4124
24.603
207.362
72.1073
22.2331
22.907
237.071
23.8333
28.4319
43.2076
38.6341
33.3575
28.2127
24.1863
124.23
26.1308
637.813
23.4518
25.0807
207.248
72.1509
21.3649
21.8432
237.001
25.0252
28.6222
43.3074
38.7643
33.4674
25.3247
23.7208
124.106
22.6285
637.021
23.5445
46.2674
50.7868
38.8528
62.9573
46.3046
50.9178
38.9252
62.9952
24.6368
26.5817
19.092
22.1723
18.0529
26.6579
25.3348
37.7906
22.7066
31.0082
31.0518
541.147
144
29.9103
22.6004
83.7058
33.6998
33.1012
141.432
34.1467
205.447
27.2226
49.6879
29.9311
53.6791
182.635
30.8209
46.0016
152.164
38.2431
38.3095
50.9681
23.1986
29.0556
29.5149
87.4995
25.9057
101.539
529.872
197.446
30.293
25.9209
20.2062
27.8802
42.9827
29.0277
21.3929
22.1703
21.3137
25.939
21.2636
28.0834
22.4132
23.4101
50.3381
23.7109
504.086
30.4786
95.6749
175.251
22.5648
184.506
28.382
32.3763
516.253
36.0176
518.63
177.637
74.7425
133.084
23.7623
86.6061
47.1762
21.8855
28.2837
29.6046
26.8156
26.4226
23.6372
24.6114
24.3934
39.0353
33.0453
48.6307
30.1408
26.6534
33.2754
30.2793
32.9535
24.4275
31.7185
25.6788
26.8734
37.493
32.4809
164.297
141.576
35.5984
29.318
26.1607
132.919
31.5436
134.024
29.0263
26.4195
31.4905
134.158
31.2001
135.689
30.4469
146.809
32.3724
30.2387
137.275
27.513
33.6299
159.793
61.7515
33.7977
46.4129
155.36
34.5123
63.183
112.759
95.5923
180.704
54.8674
50.1754
73.3879
37.036
475.159
68.161
93.6909
437.869
54.1933
29.3083
45.3076
136.526
28.906
55.6255
33.7558
44.7108
60.7869
46.2341
34.7726
49.9066
36.3182
62.6588
177.038
69.6973
37.9168
48.4224
486.081
46.0046
131.343
389.574
27.6782
61.1
25.6448
37.472
47.2259
26.5181
31.2995
150.065
425.568
119.979
463.934
62.0993
162.685
85.4866
91.2928
29.5246
44.5564
119.287
49.7998
350.575
101.549
309.335
361.773
28.1565
119.587
56.6461
56.8887
35.4453
125.556
132.194
28.6526
380.756
55.7392
30.0876
48.8745
140.004
61.8517
65.1656
79.0713
39.767
409.436
129.472
127.542
45.3584
142.399
399.201
77.9195
102.577
54.0894
111.443
300.816
276.739
51.4464
56.2036
278.8
93.4683
95.2346
43.8656
432.783
41.1845
52.5896
56.3623
88.3461
87.2262
121.548
45.4513
120.006
444.686
26.53
48.3678
127.971
447.374
27.7597
482.82
163.005
392.536
56.5237
147.257
134.165
43.7708
56.2231
64.8694
82.8351
51.8949
73.1788
32.6205
402.656
69.9806
42.4941
128.632
38.2673
82.5864
113.376
34.2344
26.5606
51.846
46.9244
114.012
73.1783
327.848
32.9767
28.1631
29.7562
63.9373
64.1011
52.7239
40.1936
39.0631
34.0014
57.8675
423.098
424.417
62.1293
138.747
118.911
106.565
53.3206
120.919
32.7764
45.5999
52.1148
59.8017
104.079
53.0841
111.547
22.7571
41.6755
56.4921
52.7759
302.138
350.79
62.9053
302.751
353.61
65.0405
53.4399
126.674
137.627
38.4482
59.8032
46.1158
46.4043
56.4971
43.4323
37.3161
409.313
75.1665
33.5191
108.374
34.8547
51.4356
111.288
25.8974
29.937
27.2646
34.9971
102.371
76.4059
331.435
29.8086
36.2298
128.301
47.6544
34.2938
33.3367
25.7386
39.6477
40.5274
106.942
61.7055
195.419
52.411
225.899
201.132
31.1312
22.8355
20.1286
22.9637
28.2253
23.2003
23.4636
592.534
56.5092
32.1386
27.5658
20.5599
61.211
24.99
28.9398
41.081
27.311
32.7757
25.4487
33.7837
34.4608
26.3797
190.994
116.29
34.5294
521.92
42.8715
524.408
185.26
28.3772
94.144
54.7097
82.1698
140.568
544.771
150.413
57.7848
28.009
89.9013
109.581
39.3846
147.999
40.7221
211.478
31.5249
55.5671
36.0927
59.9409
36.8216
188.295
53.4348
158.836
45.2149
20.2265
53.5741
121.072
39.5353
36.8125
41.0242
30.3559
19.4688
54.997
30.0303
22.2594
44.1174
16.0414
30.4445
13.6421
27.9397
34.2261
19.4317
27.1562
13.6036
19.0404
40.6484
54.6728
28.5938
32.5206
32.0915
90.7032
29.1298
101.882
530.839
197.654
31.304
26.165
23.3207
26.4911
43.8599
27.4783
26.1313
23.3589
25.4654
25.7286
22.6369
26.5692
26.6824
25.8621
52.4122
33.2065
506.047
29.6303
97.3655
177.907
29.4851
544.454
148.671
31.5988
27.8235
88.6702
35.2721
39.1469
147.265
39.9525
210.486
30.9589
55.2812
35.8073
58.9559
188.123
35.7043
51.3826
157.659
43.8479
188.857
34.1291
33.4152
520.663
40.8749
522.448
182.244
27.821
90.6707
51.8374
79.8107
137.988
16.0506
30.4445
35.1139
23.2719
29.1943
17.1918
21.8157
23.9138
33.4211
43.5186
37.5496
38.8813
27.0023
30.0302
21.9598
32.5466
29.0549
25.4456
34.441
19.3433
27.9738
478.043
156.479
386.181
480.225
159.487
389.781
26.0938
41.7024
35.3713
30.5916
36.795
27.822
28.0699
30.9584
47.0958
133.022
31.9111
55.4612
29.3338
31.3026
41.0321
27.6111
32.2309
402.184
26.4037
69.2315
46.8059
35.598
27.3359
30.604
24.2128
25.2598
25.9303
31.6249
32.0054
71.8513
327.218
27.4947
32.5152
35.7193
41.8356
134.612
38.4254
57.8587
32.199
41.6935
32.2878
35.8859
36.4269
406.452
30.1528
72.952
41.4951
30.201
37.1235
32.9395
22.7592
26.0784
29.1744
27.1465
32.7521
74.1559
329.463
29.2775
35.3675
56.7902
421.534
421.904
46.0129
54.1242
52.5829
46.7914
39.8002
48.3222
28.0606
32.3713
41.9971
51.3977
46.8332
38.8422
48.17
24.1435
31.4842
40.5945
52.1826
300.902
350.025
62.1813
300.824
351.707
63.0765
361.404
27.7623
119.181
56.0703
56.4167
38.5886
125.162
69.7147
55.0881
28.2754
380.413
29.5814
35.2973
55.4856
56.8491
39.6161
31.9438
64.4452
408.36
128.804
126.835
44.7754
74.4453
43.4642
398.598
350.33
101.214
308.686
46.081
53.5324
49.6232
275.736
300.105
50.646
55.5328
277.707
98.555
56.0437
101.617
52.36
278.521
303.258
58.0551
279.862
367.558
32.44
61.7689
126.149
33.1174
20.2193
111.735
55.5297
42.6114
68.7992
30.9597
61.8953
30.0503
131.878
109.802
385.901
32.706
53.1657
413.6
135.001
133.021
115.893
47.9235
403.293
45.5395
355.624
106.094
312.941
100.731
442.966
61.1599
34.4398
104.764
144.424
44.9105
61.9693
37.0086
30.9876
66.8668
28.9661
18.5355
101.17
39.9283
115.019
184.238
77.2946
28.3029
491.791
56.647
40.1294
138.575
396.175
40.1851
106.345
16.7184
27.6163
18.5273
52.4417
30.8082
38.7294
170.858
42.1736
147.747
32.9818
25.8988
37.8886
138.949
25.6617
140.446
33.041
33.3476
153.634
38.9924
26.5395
25.7394
143.864
34.7008
37.4667
139.793
141.722
36.8329
125.59
469.408
45.2636
169.093
90.2772
155.63
430.563
97.2645
39.637
33.1933
125.346
54.3014
164.691
50.7552
38.6997
31.7184
39.5898
160.181
50.6391
118.081
100.555
186.068
60.6637
31.4517
111.857
42.4899
479.711
52.0875
37.3685
168.803
40.1636
146.512
34.5069
26.4573
37.0705
138.787
139.649
27.4201
33.4957
36.4047
151.843
37.6308
30.8253
142.548
28.8582
39.7379
36.6448
139.625
36.5872
140.952
98.0117
441.35
58.6488
33.3568
39.4691
140.938
35.4358
59.7627
37.062
28.7195
64.3263
37.0795
38.3807
41.1586
24.772
49.466
181.66
74.3555
33.3115
35.2451
489.981
45.3286
135.435
393.545
32.9185
47.2072
16.81
31.7074
33.0153
30.2342
21.0266
164.149
51.785
38.5005
33.4221
159.965
38.9674
53.0187
116.607
99.4411
184.757
58.8481
34.0818
52.0883
41.2767
478.601
53.8329
123.272
467.277
56.3899
166.337
88.7304
153.695
428.973
95.2795
45.5405
32.9833
123.234
53.0153
365.002
31.532
59.5673
123.174
32.1942
27.1815
52.1872
43.2335
36.5145
40.9115
66.2981
59.4586
34.9233
128.634
56.5655
41.6168
31.5748
383.171
410.963
131.81
129.641
61.8198
46.977
48.0175
400.473
45.8426
54.966
47.9114
277.456
300.938
51.5346
56.9473
278.751
353.548
104.226
311.008
224.484
224.226
123.245
313.158
312.963
358.69
47.6373
135.95
47.1984
77.118
396.842
95.0062
343.279
378.518
95.7979
120.371
283.72
357.543
46.8256
131.5
39.3377
76.6502
395.956
94.016
342.505
378.117
78.8021
119.808
282.718
285.876
85.3669
88.589
128.486
101.011
314.019
52.9293
88.5142
124.276
100.409
313.825
51.2324
116.058
88.3128
126.139
24.8853
295.306
50.9142
62.373
114.427
88.1601
119.251
22.5877
295.082
49.954
59.9195
44.196
338.252
338.3
106.784
106.717
126.231
46.1276
128.972
126.437
72.5513
72.4981
59.0361
418.29
99.0244
375.128
47.4361
77.0486
94.7124
96.1632
99.4814
45.7376
22.7879
43.8328
134.623
40.4687
112.999
82.9133
77.0384
48.9537
39.5393
21.3752
40.5012
45.3825
39.5205
107.686
100.586
50.4171
136.537
48.1003
139.3
484.852
46.1056
380.126
109.62
100.414
97.2637
48.4698
47.831
98.2583
417.959
105.446
374.495
46.8347
75.9722
93.6218
95.3041
92.2401
44.5206
18.6679
42.3072
133.506
37.0517
112.374
82.4124
76.1637
31.1533
33.7473
18.1804
37.3613
44.426
33.1972
107.265
100.457
52.5477
136.009
48.1186
138.339
483.459
44.9474
379.181
122.863
100.03
97.1862
47.2218
47.0271
97.9772
20.9229
76.4552
45.9812
42.8579
20.2805
46.4003
38.1366
107.12
99.9039
57.0313
135.305
53.9324
138.286
483.967
46.064
59.2243
379.163
100.077
96.8713
49.6721
98.1555
51.5013
416.92
59.1638
374.022
46.9805
76.6823
93.9758
94.9723
58.97
57.0894
30.014
51.1745
132.526
54.9428
111.452
82.0617
76.2993
34.9608
39.3699
24.7211
45.0577
39.9534
49.1226
106.811
99.9243
51.5017
135.112
51.6083
137.719
483.251
45.4335
43.4209
378.734
99.7572
96.8719
48.3094
97.8856
49.9079
416.937
43.1254
373.785
46.9867
75.8652
93.1524
94.732
41.8673
57.7463
23.9938
51.5104
132.269
51.2349
111.248
81.939
75.9503
32.5112
42.2367
21.5707
44.7885
44.437
48.0626
26.752
76.6632
53.9932
54.4797
48.242
48.5103
28.2176
47.0131
59.162
50.8854
93.6143
395.005
76.8655
341.694
376.639
56.7736
282.293
118.724
356.354
46.7164
57.7533
46.3101
92.9922
394.959
76.7846
341.375
377.129
39.9883
281.76
118.862
356.6
56.4903
336.835
337.072
105.727
105.758
61.0949
47.8827
55.861
55.794
34.8307
72.6041
72.5643
284.837
84.8928
87.7777
108.261
99.5164
312.649
68.5646
87.8596
107.776
99.7393
312.628
67.8401
61.754
87.6742
67.6164
32.5162
294.036
53.7993
44.0389
62.3027
87.8371
65.7702
28.2268
294.262
53.9844
42.4559
224.09
224.099
116.572
311.707
311.788
224.077
137.501
312.221
312.074
224.101
214.511
331.363
125.563
99.8001
49.9462
353.823
260.439
214.813
330.604
139.864
98.8236
49.4966
353.339
259.164
56.6575
124.409
126.015
321.45
321.178
57.436
269.089
282.004
51.6285
269.187
281.641
51.4762
99.7077
56.8165
102.862
22.0797
59.1287
42.5357
52.2941
100.531
59.0897
105.427
26.4807
58.7636
44.0902
52.3927
126.93
245.015
245.252
110.953
219.437
226.977
111.846
219.286
226.658
223.567
69.2338
66.4672
67.3224
110.599
116.016
116.786
51.1494
344.321
95.3048
55.7942
94.5044
125.422
43.6568
90.7735
111.447
119.955
95.6951
202.096
62.5741
53.6709
63.9653
244.087
65.3916
30.3495
127.348
119.404
50.8288
345.704
276.106
71.6293
343.726
96.6421
57.6684
93.0091
138.315
44.4321
93.9888
110.372
132.585
94.0382
201.762
68.783
56.412
75.3859
243.461
70.0243
36.0839
138.987
124.295
50.7233
344.89
275.447
49.2512
112.282
380.277
48.8899
100.044
42.744
15.7709
26.2355
47.6759
24.5846
42.5878
47.9226
309.965
95.8762
96.7844
103.946
27.8624
54.1657
23.504
82.5978
57.4488
48.4372
128.124
24.193
53.3983
268.443
285.931
56.0994
102.923
52.151
97.5114
40.3262
35.6047
58.6728
53.4612
57.0547
98.396
20.0853
26.3496
56.3134
41.9085
42.6636
25.3263
36.1524
54.3759
32.0603
129.818
55.5187
49.1237
29.5662
58.5288
54.1587
360.482
333.82
96.1997
316.477
231.761
93.6698
68.4371
239.288
50.8208
360.749
51.1157
69.2155
92.9425
38.8623
258.318
49.2108
64.571
48.4653
46.9166
29.1932
71.5447
54.5899
229.922
49.9882
44.3105
41.5838
267.501
284.642
54.8075
51.3175
57.6789
46.8741
32.9987
36.4026
57.3372
42.7323
47.806
47.2281
23.7131
55.3159
100.396
103.447
319.812
319.706
66.5142
267.932
280.564
50.6261
268.178
280.681
50.5926
50.6518
66.2125
60.2992
27.5391
57.6311
43.8908
43.0797
51.5518
73.8774
68.3097
28.8321
48.8034
57.5085
44.6358
214.39
329.259
123.189
98.2247
48.4867
351.956
258.884
64.1506
342.003
57.8177
73.8198
92.7856
120.768
43.1409
56.2312
67.2626
101.327
201.901
94.043
43.5214
69.4125
66.3853
243.306
64.9242
37.2733
119.271
112.329
49.7192
343.457
274.728
118.99
244.281
244.567
108
219.143
226.355
110.441
219.128
226.353
223.211
67.6593
64.8695
66.0201
108.544
110.508
112.061
56.7713
342.368
64.6014
78.1193
92.733
131.08
44.1854
64.1867
104.297
124.644
202.117
94.1875
61.3635
79.4432
76.6095
243.264
68.672
40.7084
117.78
139.379
49.8512
275.01
343.7
223.919
137.479
311.884
312.419
224.205
356.637
44.7492
69.2671
135.352
74.8052
91.2278
393.013
375.942
128.83
116.989
280.323
339.3
355.873
284.394
84.0308
87.687
140.312
99.2804
313.126
77.1783
87.5853
139.819
99.3633
312.568
73.1697
127.711
86.8222
133.332
52.8104
293.84
71.0757
73.7692
126.332
86.8836
131.274
50.2497
293.614
69.2625
74.182
44.5135
150.677
58.9412
74.8186
392.745
91.177
339.602
375.469
78.4391
116.939
280.246
78.7019
335.861
335.651
103.896
143.782
103.883
56.7384
143.057
145.51
70.5302
70.5464
91.1075
52.5965
268.161
285.411
55.5968
107.432
51.6509
100.41
47.9022
59.8059
57.592
56.0318
56.2446
105.359
34.9528
46.6962
108.706
376.238
45.8824
120.993
75.8896
34.8961
64.2137
44.6484
52.6778
74.7533
47.106
306.694
119.045
120.223
100.095
63.6849
47.2425
54.0459
80.558
82.2475
80.4046
137.888
39.283
333.393
95.8767
359.137
316.352
93.2287
231.269
108.528
237.978
51.9086
360.182
112.903
49.587
46.41
39.2492
108.394
64.3807
50.6966
229.628
65.7555
92.1895
53.3874
257.031
48.3165
117.392
52.0184
46.3149
108.426
375.942
60.6936
76.0608
43.2817
39.0242
44.3718
46.7231
47.5495
47.2161
56.6299
306.367
69.4384
99.6779
74.8361
42.1292
83.0201
40.3586
80.3224
59.5033
64.2209
44.3203
126.451
44.5423
58.8239
150.512
392.862
91.1145
74.7559
375.582
78.5024
280.236
116.96
339.304
284.369
84.0128
87.6367
139.877
99.3224
312.769
73.2299
87.576
140.387
99.2619
77.2619
312.842
126.375
86.79
131.298
50.3297
293.474
74.3677
69.2321
127.845
86.8781
133.484
52.9484
74.0048
293.927
71.0659
356.666
78.6091
335.721
335.735
103.874
143.732
103.863
56.6381
145.423
143.057
70.5169
70.5319
91.0066
44.7158
135.285
69.1223
74.8421
392.924
91.2749
339.596
375.68
128.802
116.907
280.323
414.961
125.473
371.491
44.5669
73.6806
90.9509
92.5123
121.124
87.5821
54.3163
84.0908
130.085
68.4236
108.899
79.572
73.7087
39.5049
56.103
47.2861
67.9046
42.4356
56.7697
104.149
89.6381
97.1669
132.575
76.7351
135.284
481.27
43.1411
376.527
144.221
97.0809
94.0712
69.084
70.6161
95.1454
414.52
88.1667
44.5867
371.498
92.4588
82.4912
75.9235
43.625
66.4101
130.117
59.5276
73.7128
91.0408
109.115
79.7318
73.6884
64.4065
37.413
41.2541
55.5056
44.2929
42.458
43.472
74.3928
76.8683
73.8996
53.6027
59.7687
56.6452
104.197
97.1937
76.5861
132.527
71.0602
135.243
481.003
43.1423
376.38
85.6174
97.1005
94.0836
67.6417
68.4853
95.0975
46.6202
51.6571
81.9109
61.5234
54.2174
69.347
46.3114
46.8767
126.625
67.2381
54.9884
65.1341
79.8629
41.0229
46.2487
51.6379
58.3832
41.3727
46.6817
35.7485
63.3348
104.149
76.6035
97.0958
132.579
71.0376
135.299
481.287
43.1333
376.575
85.623
97.0617
93.9061
67.5428
95.1178
68.4215
43.4848
74.3591
73.8923
76.9228
56.656
53.5785
59.8263
414.538
125.585
44.6047
371.528
92.4946
121.075
87.5833
54.3391
130.161
68.4357
84.0954
73.7157
91.0423
109.043
79.6994
73.6991
39.515
47.2925
56.1032
56.778
42.4741
67.9504
104.189
97.2182
89.6335
132.522
76.7478
135.232
480.987
43.1502
376.366
144.287
97.1175
94.0245
69.0849
70.6151
95.1181
104.149
97.1669
89.639
132.575
76.7359
135.284
481.27
43.1412
144.216
376.527
97.0809
94.0711
69.0847
95.1455
70.6178
125.472
414.962
371.491
44.5672
73.6808
90.9512
92.5122
121.127
54.329
87.5916
68.4345
84.0945
130.085
73.7091
39.5109
56.1085
47.2951
42.4358
56.7761
67.9112
108.899
79.5718
104.197
97.1937
76.587
71.0626
132.527
135.243
481.003
43.1423
85.6145
376.38
97.1003
94.0835
67.6426
95.0975
68.4883
414.521
88.1671
371.498
44.5869
73.7129
91.041
92.4586
82.4924
75.9396
43.6411
59.5352
130.116
66.4228
109.115
79.7317
73.6886
64.4079
41.2562
37.4202
42.4581
44.2977
55.5109
43.4904
74.3926
76.8783
73.915
59.7813
56.6539
53.6273
67.4554
126.623
83.6196
67.8575
50.5722
133.907
86.5421
46.2226
51.6388
58.3743
41.3674
63.3138
46.6717
35.7376
46.8888
126.624
67.2273
54.9821
79.8744
41.0225
65.132
88.1752
414.944
371.53
44.5482
73.6817
90.9488
92.4699
82.3737
43.5932
75.8539
130.036
66.4342
59.4732
73.6981
64.4031
41.239
37.3956
42.423
55.5113
44.2733
108.952
79.5849
104.19
97.2191
89.6148
76.7303
132.522
135.233
480.988
43.1502
376.366
144.272
97.1187
94.0256
69.081
95.1186
70.6025
43.5154
74.3586
73.9033
76.94
56.6676
59.8365
53.6177
414.537
125.551
371.527
44.6042
73.7154
91.0418
92.4943
121.084
87.5997
54.3742
68.446
130.161
84.1102
109.042
79.699
73.6987
39.5133
56.0996
47.3151
42.4738
56.7835
67.9542
44.7495
135.344
69.2561
91.2272
393.012
74.8041
339.299
375.936
128.856
280.315
116.983
356.626
44.5137
150.694
58.9196
91.1782
392.744
74.8165
339.601
375.467
78.4359
280.265
116.935
78.707
335.856
335.648
103.891
103.879
143.754
56.718
143.059
145.525
91.117
70.5274
70.5439
355.868
284.387
84.0233
87.6851
140.32
99.2781
77.1866
313.126
87.5833
139.818
99.3611
312.568
73.1658
127.762
86.8146
133.363
52.8548
293.832
71.0637
73.835
126.376
86.8766
50.2803
131.303
69.2548
293.609
74.2286
359.924
334.706
96.3746
317.372
231.276
93.4789
121.498
238.286
79.2229
361.506
50.163
132.632
92.3296
73.9729
257.141
48.9281
133.522
70.9362
47.1781
43.1837
125.283
100.692
229.763
72.4072
51.3951
52.6127
268.159
285.491
55.6026
51.653
107.462
100.41
47.967
59.9698
56.0845
57.619
105.401
35.0818
56.3091
60.7104
76.0685
43.2971
39.0626
46.7425
44.3731
47.5772
46.3152
375.942
108.424
47.2295
56.6139
69.4281
306.365
42.1441
99.6785
74.8206
82.9773
40.381
80.3183
59.492
126.413
64.2439
44.3117
49.287
267.216
284.45
54.4801
48.9886
50.8012
67.2546
45.6734
44.7173
55.705
56.5719
35.2948
50.7699
70.6958
359.133
333.398
95.8763
316.35
231.266
93.231
108.512
237.974
51.9327
360.178
49.5832
112.872
92.185
53.3715
257.026
48.3122
117.347
52.034
46.4084
39.2129
108.401
64.3856
50.7163
65.7383
229.632
355.77
78.6426
335.716
335.729
103.875
103.865
143.702
56.6715
145.446
143.076
70.5185
91.0461
70.5333
44.7144
135.3
69.1768
392.924
74.8433
91.2705
339.596
375.673
128.749
116.909
280.303
284.362
84.0071
87.6325
139.878
99.3188
73.2318
312.768
87.5714
140.383
99.2567
312.84
77.2551
126.337
86.7845
131.263
50.3359
74.3468
293.469
69.2473
127.804
86.872
52.9584
133.434
71.085
293.919
73.9788
356.654
224.078
224.102
137.498
312.225
312.078
56.6592
126.015
124.371
321.185
321.413
57.4215
269.193
281.658
51.4781
269.061
282.01
51.6291
100.526
59.0832
105.432
26.497
58.7689
52.3953
44.0847
99.6983
56.8037
102.861
22.035
52.2845
59.1295
42.5098
214.457
331.349
125.54
99.7953
49.945
353.758
260.397
71.6209
96.6326
343.664
57.6524
92.9993
44.4033
138.307
93.9743
110.366
132.575
201.755
68.765
94.0388
56.4022
75.3473
243.464
69.9771
35.9948
138.991
124.292
50.7248
344.873
275.416
126.947
245.231
245.046
111.845
219.278
226.661
110.961
219.439
226.978
223.57
69.2017
67.282
66.4497
110.605
116.785
116.028
51.1402
95.3012
344.354
55.7733
94.5116
43.6343
125.442
90.7872
111.455
119.964
202.096
62.5688
95.6956
53.6377
63.9737
244.088
65.3895
30.314
119.42
127.355
50.8319
276.155
345.704
335.784
97.6625
362.49
318.245
94.9091
232.877
113.386
240.164
43.1794
363.108
122.729
51.9922
47.9144
26.4007
118.148
91.2998
50.4391
231.182
51.6613
94.1446
58.2741
259.061
50.1024
124.805
47.5469
48.8916
100.046
42.7344
15.7671
47.6784
24.5802
26.2349
49.2505
112.281
380.275
42.5874
47.9173
95.8794
309.969
103.95
27.8389
96.7861
54.1663
23.4616
82.5971
57.4626
48.4372
24.179
128.128
27.6217
131.732
47.333
42.8553
45.6718
108.761
25.7234
26.356
56.3149
41.9115
42.6746
36.1557
25.3344
54.3846
20.1279
54.9715
51.2787
40.1009
36.04
43.0537
25.7128
32.0735
129.815
55.5317
49.1331
58.5327
29.5689
54.1674
41.5588
267.497
284.537
54.8086
46.8767
51.3203
57.6384
32.9986
36.4432
42.7067
57.2994
23.8832
47.7954
47.1781
39.1041
58.1465
44.4297
19.5614
23.9309
47.0519
33.5031
48.3607
378.322
110.093
45.5004
42.0912
55.2492
308.244
32.2017
102.283
59.0864
41.9052
28.8642
82.2157
35.5271
59.5536
55.5277
17.9004
333.778
96.1639
360.284
316.419
93.6606
231.745
68.4082
239.103
50.7136
360.516
69.1291
51.0485
46.8972
29.2343
71.482
54.5564
49.9214
44.285
229.879
92.9066
38.9007
258.248
49.1913
64.5632
48.4565
214.399
329.266
123.211
98.2336
48.4935
351.965
258.895
214.304
329.58
105.647
98.349
48.6116
351.868
258.724
56.7716
64.6242
342.325
78.1088
92.7345
44.1652
131.076
64.1828
104.29
124.649
61.309
202.128
94.1945
79.3878
76.5325
243.271
68.6397
40.6069
117.782
139.358
49.8571
274.981
343.685
64.1463
57.8062
342.073
73.7981
92.7945
43.0569
120.777
56.2096
67.2519
101.275
43.5331
201.894
94.0368
69.3715
66.3998
243.302
64.891
37.3368
112.306
119.22
49.7216
274.761
343.477
119.009
244.53
244.309
110.448
219.163
226.357
108.026
219.175
226.342
223.235
67.6561
66.0166
64.8677
108.584
112.077
110.531
223.924
224.208
137.453
312.431
311.893
224.483
123.253
313.178
312.956
224.222
47.6345
47.1999
135.96
396.838
95.0033
77.1152
378.517
95.8096
283.717
120.37
343.335
285.872
85.3667
88.5891
128.496
101.01
52.9406
314.016
88.5093
124.28
100.403
51.2689
313.82
116.057
88.3128
126.152
24.8708
295.306
62.3847
50.9284
114.438
88.1607
22.6639
119.262
59.944
50.0036
295.118
44.2088
338.276
338.248
106.79
126.224
106.696
46.1479
128.995
126.391
72.5633
72.4793
59.0577
357.538
46.8246
131.476
39.367
76.6462
395.955
94.0152
342.412
378.049
78.8062
119.792
282.715
107.679
50.4227
100.51
136.532
48.1063
139.295
484.851
46.1023
380.121
109.618
100.41
97.1005
48.4548
98.254
47.8207
20.9145
76.4249
45.9718
42.8575
46.387
20.252
38.1384
417.959
105.454
46.832
374.53
95.304
92.2346
44.5177
18.7031
133.505
37.0447
42.3165
75.9765
93.6224
112.284
82.3639
76.1641
31.1485
18.1935
33.7412
33.1914
44.4283
37.3561
107.264
100.484
52.5453
48.1116
136.011
138.348
483.462
44.95
379.219
122.848
100.032
97.121
47.2066
47.0138
97.9765
59.1632
416.918
374.053
46.9782
76.6813
93.9743
94.9681
58.9693
30.0139
57.0958
132.521
54.9436
51.1763
76.2975
34.9721
39.3749
24.7298
45.057
49.126
39.9556
111.519
82.0909
26.7659
76.632
53.9813
54.4706
48.2283
48.5138
28.234
106.809
99.9504
51.5059
51.606
135.114
137.728
483.256
45.4388
378.772
43.4234
99.7595
96.8046
48.2944
97.8847
49.8993
416.935
43.1211
46.9824
373.819
94.7323
41.858
57.7552
23.9728
51.5147
132.269
51.2314
75.8714
93.1546
111.158
81.8898
75.9507
32.5074
21.5462
42.2183
44.4384
44.7912
48.0478
356.343
56.5335
336.86
337.022
105.733
61.1139
105.739
47.9025
55.8734
55.7729
72.6161
34.8409
72.5469
284.835
84.8935
87.773
108.28
99.5041
68.6131
312.641
87.8569
107.806
99.7379
312.625
67.844
61.8006
87.6686
67.6199
32.5707
44.1051
294.029
53.8397
62.3483
87.8388
28.2324
65.8257
54.0231
294.282
42.4779
46.7159
57.7485
46.3431
394.96
76.7814
92.988
341.283
377.019
40.0127
118.84
281.744
356.599
224.077
116.561
311.779
311.72
224.094
352.747
103.687
310.604
61.0443
68.3208
53.2853
300.173
50.3728
274.827
55.9925
277.54
58.2926
15.9472
127.79
81.0707
382.27
29.7369
30.5059
362.887
28.9526
121.365
57.5739
30.4452
10.0752
33.1694
67.8381
65.3933
17.3338
25.6858
128.847
46.0367
76.893
399.379
29.0396
408.656
130.285
152.882
427.743
122.796
466.283
36.7236
87.7294
165.876
93.9615
30.7447
32.6901
51.6593
122.179
115.267
98.043
162.043
51.3877
36.1198
18.8377
36.9864
157.569
50.4306
183.162
57.4516
115.088
17.1393
476.919
39.7316
52.3274
96.1526
439.468
56.5594
29.8063
19.8837
62.9979
17.4349
81.3379
36.386
6.98184
30.2717
75.9141
138.843
57.3583
28.4378
134.144
391.688
28.3205
102.407
17.5935
9.10199
27.5807
28.9855
9.14303
98.3115
178.92
71.7792
15.461
487.326
38.0774
30.5655
34.8183
166.584
143.716
38.0996
37.5235
13.5179
134.603
33.3517
135.742
39.7485
13.4098
33.6779
136.188
137.789
33.2697
35.5784
148.582
34.3116
14.3091
139.056
34.8679
13.9688
114.811
97.6628
161.809
53.1763
35.9831
19.9969
54.7114
157.475
36.5782
182.575
56.7937
37.7467
22.9943
52.5856
476.714
39.019
152.006
427.166
121.767
465.322
56.355
164.321
87.2122
93.1451
31.3943
50.4276
121.173
51.6283
34.2451
165.917
143.371
37.2479
44.7007
13.3949
134.575
33.1914
42.2066
135.648
13.7022
33.3451
136.121
33.1624
137.572
47.6743
148.29
34.0668
15.8967
138.867
51.2124
14.3088
95.1998
439.177
55.7667
46.3353
11.4641
62.6225
20.4857
36.6265
33.6641
13.4344
30.9117
32.6928
137.764
57.2572
45.6615
132.871
390.824
41.6971
35.2239
16.4236
10.87
28.373
28.7835
13.7915
36.6803
178.339
71.2392
18.7491
487.114
52.7364
29.578
351.995
102.783
310.049
57.8911
17.672
126.84
40.0092
29.9883
381.67
31.776
362.404
29.2942
120.669
57.366
30.4837
15.2892
30.3453
50.8581
64.7272
17.9457
52.7966
127.837
45.9614
45.7521
398.778
52.9685
408.129
129.527
45.8957
42.1501
53.1249
299.704
50.2276
274.677
55.738
277.263
116.806
311.811
311.705
224.106
224.098
214.047
330.215
111.284
49.2833
98.8497
259.452
352.561
114.254
244.821
244.468
108.338
219.182
226.638
106.944
219.156
226.388
223.332
62.7251
62.1404
62.418
106.951
109.228
108.53
40.9409
343.55
67.6264
53.1754
93.6517
115.903
31.3937
68.1665
105.607
112.022
95.1268
201.73
58.3584
52.1094
63.4312
243.543
63.2503
28.4675
123.23
113.102
50.858
345.061
276.098
213.816
329.73
107.402
98.4428
48.7658
352.119
258.433
55.7885
105.253
102.297
320.007
320.026
48.1895
267.854
280.514
50.5421
267.588
280.222
50.509
59.3332
49.826
69.3289
17.3943
58.0859
26.223
35.3699
55.8686
48.2474
55.4318
14.8891
58.1153
25.1751
32.3015
66.4328
342.769
53.9838
59.0258
116.575
93.099
30.0493
54.3423
65.221
243.365
62.8129
31.438
116.827
109.539
51.1086
66.3736
101.395
94.3238
201.623
44.3323
50.1719
344.001
274.775
48.1375
110.781
378.63
30.439
84.045
31.1046
11.2327
21.8299
46.1312
14.0647
43.5589
19.0987
81.9501
47.3843
40.9212
117.784
18.7188
31.9906
31.5437
308.024
71.1431
71.9493
102.097
21.3188
34.6463
266.677
284.334
54.8678
71.9533
50.6787
61.1738
24.6958
24.4786
57.159
34.0654
46.2571
66.0981
14.087
15.1904
54.4446
34.318
42.4229
17.0513
32.6601
39.3771
21.5318
128.641
47.2483
51.8834
22.3358
49.8875
41.6522
359.918
316.646
231.195
93.5952
65.268
333.469
96.0041
92.762
35.2779
257.684
49.147
61.1089
52.782
238.021
55.9353
360.432
50.2722
66.9993
46.7473
25.3136
44.8318
71.7502
229.397
31.952
55.6697
30.1198
266.531
284.081
54.785
50.5803
48.6188
48.8734
19.5904
20.1021
56.8909
30.2468
44.4939
32.404
11.9875
66.2206
343.048
58.4055
53.9327
93.1003
116.44
30.1394
50.8456
65.9137
101.063
201.671
94.3702
44.0501
54.2727
65.0147
243.145
62.6635
31.6089
116.574
109.388
50.2118
344.089
274.951
114.252
244.717
244.607
106.934
219.102
226.345
108.442
219.199
226.65
223.318
62.7025
62.3829
62.3307
106.917
108.464
109.294
55.7904
102.061
105.155
319.897
320.071
48.2813
267.819
280.341
50.5279
267.621
280.427
50.5293
55.0759
48.1876
55.0056
15.0745
58.0303
32.0049
24.6559
58.7441
50.1069
69.4101
17.2238
35.4113
58.1743
25.6757
213.801
330.361
111.336
98.8083
49.2828
352.469
259.387
40.8833
343.26
53.2533
67.3637
115.973
93.6628
30.8279
52.2302
63.6008
243.732
63.4904
28.8887
113.295
123.259
68.3785
105.638
112.208
201.685
95.0577
58.5472
50.8091
275.934
344.938
123.342
312.956
313.114
224.216
224.463
118.933
244.287
244.569
110.447
219.174
226.396
107.944
219.108
226.348
223.229
67.7569
66.0532
64.9659
108.64
112.121
110.509
214.252
329.436
123.21
48.4979
98.197
258.927
351.962
56.863
342.013
78.199
64.6894
131.115
92.7251
44.453
79.4918
76.6402
243.404
68.7209
40.917
139.448
117.822
64.2122
104.434
124.576
94.1545
202.087
61.3699
49.8121
343.706
274.779
214.504
329.458
105.959
48.6373
98.4092
258.777
351.958
64.2339
342.404
73.9494
57.9019
120.942
92.8114
43.2234
69.5474
66.524
243.1
64.9813
37.1292
119.43
112.443
56.3224
67.5658
101.617
94.1172
201.974
43.6596
49.7798
343.586
274.962
55.3272
103.45
100.585
319.869
319.719
66.6962
267.974
280.585
50.5835
268.201
280.676
50.6776
51.6751
73.9563
68.3903
28.8071
57.6057
44.8468
48.946
50.7321
66.4169
60.366
27.2822
57.5613
43.2534
44.0177
71.7223
343.624
57.8156
96.7081
138.307
93.0415
44.6238
56.3098
75.2919
243.662
69.932
35.9689
124.283
139.002
93.9302
110.397
132.623
69.0504
93.9917
201.711
50.6866
275.414
344.896
214.588
330.685
139.795
49.4375
98.7232
259.087
353.119
51.1746
345.013
55.9966
95.348
125.633
94.5821
43.5652
53.7324
64.056
243.934
65.3339
30.2696
119.304
127.427
90.6869
111.447
119.739
62.5324
95.7513
202.171
50.8953
276.554
345.853
214.888
331.188
125.449
49.93
99.8333
260.486
353.901
56.6173
125.987
124.423
321.244
321.399
57.5609
268.871
281.482
51.3901
269.256
282.082
51.6051
100.617
59.2566
105.386
26.9984
58.7864
44.3478
52.5206
99.6944
56.8393
102.665
22.3184
59.0229
42.5349
52.4416
350.443
101.272
308.604
46.1273
49.7098
53.6082
299.516
50.6613
276.652
55.6566
277.869
56.4451
38.7354
69.8148
125.173
380.262
55.2311
28.2661
29.6031
35.3997
56.8947
55.4635
64.2987
39.7215
32.0227
361.648
27.7452
119.213
56.1183
126.929
44.7758
74.5388
398.67
43.5189
409.005
128.796
46.342
108.445
376.248
60.8221
76.1259
43.3612
39.2172
47.668
44.3715
46.8764
83.0539
40.3438
80.3979
59.459
64.326
126.547
44.2704
47.2724
56.6659
306.387
69.4873
74.912
99.7007
42.1892
49.2826
267.257
54.4635
284.179
67.2489
49.0105
50.8478
45.586
44.7495
56.4956
55.7106
70.6898
50.7606
35.2398
317.184
231.44
93.4931
121.445
360.066
334.959
96.2893
92.322
74.0053
48.9429
257.107
70.9277
133.58
47.1151
43.4224
100.69
125.138
51.4515
229.707
72.3648
238.468
79.1283
361.296
50.2453
132.598
46.7183
376.572
108.753
45.7747
121.049
75.7585
34.7191
52.4782
44.6514
64.1637
47.1707
53.8708
80.6151
82.235
137.754
80.3229
39.1178
74.7828
47.0899
307.005
118.763
120.421
63.7125
100.179
52.5225
268.14
55.5268
285.195
100.457
107.681
51.6576
47.9473
60.1085
57.4936
55.9767
56.1146
35.0854
105.531
350.699
101.588
309.205
102.999
111.652
54.0652
277.491
51.3993
300.136
56.26
278.899
56.8918
35.2448
131.96
125.562
55.4569
380.561
28.6455
30.0539
48.7316
61.7111
140.051
39.6212
64.9476
78.905
362.092
28.1435
119.64
56.6926
127.577
45.3116
142.134
77.6732
399.223
409.961
129.443
150.116
425.915
119.936
464.04
62.0529
85.357
162.723
91.254
29.537
44.4945
49.6999
119.286
112.849
95.5819
159.759
61.747
46.424
33.8124
34.4923
63.1816
155.39
180.652
54.8384
73.3849
50.1728
474.973
37.0286
68.1538
93.7173
437.349
54.2981
33.7743
44.8515
60.8587
46.2573
49.9816
34.7771
36.3984
29.303
45.4149
136.456
55.7416
28.9452
131.317
389.893
27.7085
61.0311
37.4571
25.6784
26.5032
47.2008
31.3132
62.7242
177.023
69.6585
37.9328
485.813
46.0363
48.4691
32.4989
164.291
141.609
35.5853
29.3382
26.147
132.814
31.5494
134.062
29.011
26.4295
31.5208
134.113
135.76
31.1798
30.4527
146.822
30.2206
32.3339
33.6122
137.21
27.5077
46.2498
51.6462
41.3784
58.3672
35.7436
63.341
46.6828
67.3898
126.695
67.8341
83.6476
133.898
86.5313
50.5201
46.5675
51.6656
61.533
81.9725
46.2971
54.237
69.3213
112.844
95.5947
159.826
84.9737
37.3644
33.8714
155.463
86.7343
34.5448
180.676
54.8817
141.396
39.1182
474.961
93.4004
37.0386
93.7751
437.484
54.3276
72.9299
61.6428
61.0373
36.1605
34.9416
126.796
40.6308
29.4464
126.814
136.804
72.8083
55.9586
131.511
390.109
69.4605
133.351
35.0574
34.5256
26.4967
43.7196
48.4859
140.631
177.32
69.8879
47.5907
47.1931
486.596
93.7403
32.5189
164.421
141.675
35.6652
74.962
35.5787
133.271
31.7305
134.442
74.16
36.1518
31.6
134.255
135.882
31.2727
77.385
147.196
37.3829
32.4333
80.363
137.508
39.2076
112.849
95.5818
159.756
61.7454
33.822
46.4159
63.1747
155.382
34.4901
180.651
54.8381
73.3844
50.1698
68.1516
474.972
37.028
150.116
425.915
119.938
62.0603
464.039
162.723
85.3569
91.254
29.5366
44.4991
119.286
49.6999
32.498
164.29
141.607
35.585
29.3355
26.1467
132.91
31.5447
29.0083
134.041
26.4272
31.5182
134.114
31.1717
135.757
30.4517
146.82
32.3326
30.2213
137.205
33.6122
27.5069
93.7173
437.349
54.298
33.7797
44.8697
46.2694
60.8639
34.7781
36.4131
49.9871
29.3029
45.4177
136.456
55.7413
28.9434
27.7093
61.0319
37.4651
25.6859
26.5033
47.2045
31.3247
131.32
389.915
62.7232
177.023
37.9381
69.6585
46.0396
485.813
48.473
46.9123
126.695
54.9975
67.2218
41.0325
65.1637
79.9537
46.5278
51.6664
61.5206
81.9538
69.3031
46.2797
54.2096
67.4075
126.694
67.8229
83.6249
86.5306
50.5136
133.878
150.098
425.915
120.014
85.8129
464.12
85.5055
162.899
91.2146
29.5038
70.5983
49.7464
119.301
32.5195
164.421
141.675
35.6655
74.9475
35.5767
133.291
31.7319
36.1215
74.2184
134.443
31.6011
134.26
135.883
31.2683
77.3598
147.196
32.4338
37.3618
39.1691
137.508
80.3242
93.7743
437.483
54.3262
72.9365
61.6834
36.176
61.0381
40.6565
34.9415
126.812
29.447
126.829
136.804
55.9595
72.8057
69.4685
133.306
35.0763
34.5528
43.7473
26.4961
48.4873
131.512
390.109
140.604
177.319
47.5983
69.8868
93.7067
486.595
47.1961
350.465
101.319
308.806
56.4509
38.7408
125.186
69.8503
28.268
380.301
55.2371
361.649
27.7449
119.213
56.1186
29.6065
35.2799
56.8096
55.4343
64.3076
39.6482
32.0106
126.95
44.8199
74.5372
398.795
43.508
409.011
128.797
46.1241
49.723
53.6061
299.552
50.6631
276.646
55.6848
277.936
359.499
316.252
231.503
93.3071
108.512
333.754
95.8761
92.2416
53.3524
257.088
48.3753
117.413
52.054
238.366
52.0903
360.272
49.7596
113.093
46.4181
39.0996
64.4334
108.503
229.624
65.6539
50.7567
49.2985
267.259
284.289
54.4698
50.8565
67.2616
49.0174
45.6117
44.8582
56.5337
55.7825
50.7877
70.7282
35.3793
46.6893
376.512
108.676
45.7524
121.051
34.7319
75.727
44.6255
64.188
52.4439
47.2025
54.105
82.2018
80.5904
39.3024
137.712
80.352
74.6664
47.0347
306.647
118.665
100.077
120.174
63.5923
359.87
317.124
231.416
93.4907
121.419
334.887
96.2434
92.2909
74.0345
257.044
48.9288
133.524
70.9286
238.285
79.007
361.048
50.1811
132.467
47.0933
43.4191
100.677
125.121
51.4444
72.3358
229.665
52.5093
268.108
285.067
55.5124
107.637
51.6306
100.442
47.9766
60.0448
57.4354
55.9486
56.0645
35.0668
105.488
56.8843
35.246
125.557
131.947
380.523
28.6443
55.459
362.092
28.1444
56.6943
119.64
30.0516
48.7314
61.6988
140.038
78.914
39.6206
64.9379
127.556
45.2675
142.069
77.6707
399.141
410.025
129.456
102.992
111.615
54.0619
51.3769
300.114
277.506
56.2155
278.808
56.8681
342.046
64.7189
78.1851
92.7471
131.122
44.4443
64.2091
104.427
124.574
202.092
94.1579
61.3452
79.4552
76.5947
243.408
68.6811
40.8357
139.442
117.823
49.8184
343.71
274.784
118.948
244.292
244.573
110.447
219.178
226.412
107.94
219.109
226.325
223.219
67.7252
66.021
64.93
108.642
112.128
110.509
55.3317
103.511
100.589
319.903
66.7013
319.642
267.948
280.604
50.5846
268.214
280.688
50.6885
51.6903
73.9613
68.4056
28.7246
57.6147
48.9519
44.8244
50.7319
66.3771
27.1265
60.3618
44.0015
43.1609
57.5593
214.39
329.434
105.898
98.404
48.6346
351.885
258.705
64.2051
73.9123
342.341
57.8823
120.932
43.113
92.7915
69.4846
66.5022
64.9208
243.137
37.1432
112.413
119.371
56.2997
67.5326
101.565
201.962
94.1052
43.6488
49.7765
274.965
343.538
214.599
330.69
139.802
49.4407
98.7221
259.094
353.13
127.117
245.319
245.622
111.919
219.428
226.88
110.942
219.484
227.088
223.797
69.2816
67.4532
66.4647
110.765
116.822
116.111
56.6344
125.987
124.418
321.262
57.471
321.422
268.879
281.468
51.3896
269.271
282.104
51.6192
100.622
59.1887
105.378
26.8834
52.4864
58.7968
44.2457
99.7105
56.7372
22.09
102.674
42.4121
59.0442
52.3699
51.1514
55.9393
345.031
95.3347
125.611
43.5163
94.5987
53.7446
64.1386
65.3747
243.98
30.3504
119.292
127.43
90.6825
111.429
119.729
202.162
95.7398
62.5369
50.8909
276.536
345.795
214.9
331.201
125.426
99.8563
49.9448
353.926
260.502
116.767
311.632
311.922
224
224.172
41.0297
343.867
53.2988
67.6924
115.988
93.7178
31.5377
52.1878
63.4675
243.607
63.3051
28.6202
113.132
123.246
68.2146
105.607
112.022
58.3921
95.1308
201.755
50.8754
276.287
345.102
214.1
330.229
111.319
49.2754
98.8478
259.426
352.56
66.5456
54.1112
343.088
59.1312
116.647
30.4638
93.1658
54.5481
65.2754
62.8307
243.387
31.7949
109.589
116.852
51.212
66.4405
101.459
44.4796
94.3265
201.638
50.1908
274.982
344.059
213.941
329.73
107.455
48.7712
98.4533
258.476
352.15
55.7943
105.283
102.379
320.032
48.1173
320.095
267.856
280.529
50.5429
267.57
280.241
50.5112
59.3908
49.7747
69.3825
17.2828
58.0856
26.1763
35.3089
55.9228
48.1767
14.7887
55.5033
25.1187
58.1222
32.2098
317.236
231.99
94.1091
104.443
360.82
333.912
96.4277
93.2196
47.2522
49.5383
258.452
41.0783
110.457
47.0569
19.4394
67.2006
101.962
46.1752
230.104
38.9115
238.719
33.0447
361.267
50.7254
105.903
48.1649
378.689
110.853
30.4109
84.0593
11.2433
31.0565
14.0689
21.8927
46.1578
43.5928
19.1922
47.4303
81.9659
117.789
18.7806
40.9736
32.0075
31.6159
308.364
71.1492
72.0255
21.5956
102.196
34.6187
266.68
54.8746
284.424
61.1899
71.976
50.6907
24.7228
24.6232
57.2009
34.0962
46.2628
14.1644
66.1644
26.2195
130.037
37.932
46.2812
103.568
42.9822
15.7343
15.1879
54.4476
34.3101
42.4172
32.6526
17.0502
39.3669
15.5356
53.8722
42.1399
49.4826
45.5413
30.9559
18.5124
21.4772
128.644
47.2123
51.8607
49.8541
22.2946
41.6507
47.9495
377.409
109.536
31.7064
40.1161
14.2272
45.3177
46.115
20.9018
18.1324
36.1147
26.518
32.7183
81.4646
17.6157
57.4934
54.625
46.4485
34.0856
307.196
38.2896
101.101
42.013
19.6599
316.626
231.196
93.5952
65.3174
359.734
333.425
95.9695
92.7392
35.27
49.1444
257.622
52.7863
61.056
46.7384
25.3723
44.9002
71.7779
31.9488
55.6701
229.397
237.849
55.9123
360.17
50.2189
67.0064
30.1322
266.509
54.7759
283.993
48.6186
48.888
50.5688
19.6889
20.0052
56.8511
30.1088
32.4131
12.6647
44.3817
114.422
245.031
244.971
106.959
219.165
226.499
108.504
219.262
226.825
223.528
62.8976
62.4238
62.4568
106.99
108.601
109.431
213.996
329.564
107.128
48.7537
98.4731
258.429
352.154
40.9613
53.3718
343.653
67.4373
116.097
30.9468
93.7603
52.3274
63.6771
63.5872
243.754
29.036
113.354
123.339
68.4464
105.684
112.255
201.719
95.0636
58.6031
50.8325
276.138
345.022
55.8027
102.114
105.248
319.898
48.2234
320.246
267.818
280.326
50.5244
267.634
280.442
50.5307
55.1553
48.1206
55.0835
14.9973
32.0033
58.0268
24.6207
58.8262
50.0764
17.1417
69.4942
25.6657
58.1938
35.3596
214.052
330.374
111.405
49.2915
98.8321
259.473
352.573
123.367
313.034
313.042
224.374
224.293
352.76
103.741
310.819
61.0484
68.3536
53.287
274.795
50.3821
300.178
56.0266
277.617
58.3036
15.9589
81.0975
127.811
30.4281
382.335
29.7411
30.4567
9.98728
33.1051
67.8789
17.2623
65.4103
25.7176
362.996
28.9727
121.412
57.6127
128.882
46.0853
76.968
29.0398
399.489
408.725
130.341
115.271
98.051
162.049
51.3833
18.794
36.13
157.574
50.4232
36.9977
183.168
57.4639
115.081
17.1082
476.923
52.3095
39.7432
96.2325
439.606
56.6215
29.9388
19.8708
17.4429
63.0063
36.3924
7.01499
81.4059
30.3001
76.1001
139.048
28.5735
57.3943
28.353
102.384
17.5631
9.20617
27.589
9.31098
28.9887
134.206
391.798
98.332
179.261
15.8598
71.9611
30.7474
38.0832
488.138
34.8678
166.655
143.791
38.1468
37.5373
13.6216
134.952
33.4908
136.084
39.7865
13.4437
33.7302
136.265
137.86
33.3239
35.5697
148.908
14.5
34.4419
34.8628
139.383
14.0805
152.013
427.172
121.771
56.3362
465.331
87.2179
164.33
93.1623
31.4039
50.3967
51.6382
121.187
34.2902
165.986
143.444
37.292
44.7768
13.4356
134.926
33.3418
13.7198
42.255
135.994
33.3939
136.197
137.641
33.2153
47.7713
148.621
15.6948
34.2155
14.2765
51.3635
139.199
95.282
439.315
55.8284
46.3545
11.4718
20.4631
62.6363
13.5314
36.642
33.6947
30.9488
32.7617
137.98
57.2977
45.7752
41.7304
35.2623
16.4592
10.9516
13.9598
28.3896
28.7927
132.935
390.936
36.7893
178.682
18.803
71.4324
52.9477
487.927
29.713
57.9012
17.6046
39.9877
126.842
381.619
31.6589
30.0039
30.497
15.0122
30.1967
50.8944
52.7929
17.8012
64.7341
362.519
29.3262
57.4192
120.71
127.829
45.9211
45.6974
52.9471
398.721
408.249
129.604
45.8783
42.1209
53.1385
50.2265
299.712
274.694
55.7119
277.193
46.4312
53.1735
42.2641
299.053
275.507
50.2306
55.827
277.337
352.119
102.81
309.76
30.4999
15.14
50.9003
30.0427
64.565
52.7866
17.8376
362.652
29.2791
57.4153
120.703
57.9284
17.7318
40.0056
126.855
381.472
31.5858
29.9975
408.686
129.503
127.906
45.2394
45.9228
398.743
52.8688
477.852
157.5
387.123
55.2843
420.203
419.993
33.0777
54.7957
65.0681
58.0404
30.2746
67.3455
9.52884
18.4317
50.348
30.6579
51.9765
28.2861
45.7798
8.69246
16.8604
50.4181
29.4703
299.616
349.399
61.6334
298.89
349.418
61.0002
28.4202
132.801
55.6222
15.8829
55.698
24.4018
15.6775
32.2464
26.2981
403.191
33.23
69.9677
70.3657
15.663
62.1982
72.2076
33.0453
327.45
27.1418
12.4836
24.629
69.8065
8.63009
26.5131
6.31159
12.8764
478.204
157.443
386.749
92.1016
92.0409
42.7667
432.342
42.0474
29.0492
27.2105
50.4226
87.8386
87.9625
45.6639
61.7406
26.2846
444.948
45.9676
37.8799
26.4591
445.083
29.7945
132.598
14.3848
58.0153
55.7751
55.6368
8.91367
27.0641
48.4455
403.5
33.6491
35.2197
70.1854
14.9344
32.2723
72.0543
33.3369
27.1366
326.68
14.1836
57.6934
30.7129
8.09609
26.6438
12.4115
9.19967
4.265
32.3084
12.7629
34.2086
8.93713
14.6622
8.36187
541.638
22.96
145.242
30.5931
97.4999
85.0558
142.743
34.4812
35.5964
47.7004
153.484
39.7028
206.367
13.6612
42.9651
51.127
183.45
42.2153
55.2833
6.37823
29.7459
34.1753
82.0428
24.3125
14.6419
18.6729
8.51759
30.132
25.1
17.2865
24.9297
14.2274
9.06236
3.94283
14.9703
35.2493
7.10668
8.34765
14.428
4.3361
39.2475
52.4946
28.5116
6.99295
88.7463
30.0428
10.9069
102.202
198.013
530.08
31.1843
26.6657
10.3251
6.02883
55.5372
44.3113
6.91903
51.6244
23.1087
504.743
29.8677
176.481
96.8642
12.2141
22.5539
6.39027
26.1572
3.83292
21.0824
68.0531
6.11085
90.5274
42.9181
10.4463
7.90868
34.9473
22.815
11.9879
224.18
199.728
105.966
62.0531
194.752
52.6975
11.0792
7.97316
3.13734
2.52075
3.22376
11.354
8.14219
588.421
37.5064
7.05003
28.5683
5.6728
30.028
5.51592
39.548
29.4989
4.17692
9.89653
2.68773
21.8335
4.67475
9.72654
29.6505
185.152
32.391
37.5717
516.631
519.397
178.676
76.1761
134.281
24.8417
87.9811
48.7744
4.26253
19.5347
47.8397
11.3161
15.261
10.4133
7.94326
8.26783
28.6991
34.4576
33.9951
15.7553
53.7751
7.44372
12.2425
28.6639
25.7637
8.45988
12.3264
48.1163
9.45589
30.9489
42.8143
9.09135
7.95611
35.0014
23.297
5.80373
224.005
199.711
105.745
61.7629
52.6043
194.352
16.3649
7.70777
3.15599
2.43191
8.053
12.5744
3.86418
588.416
43.9795
7.88946
28.5799
5.56851
30.0204
43.3597
5.75901
24.9541
7.53849
15.1381
2.84203
9.10647
45.0639
5.15165
39.3824
52.1223
29.9537
7.93535
88.4211
30.3815
10.989
102.064
529.966
197.729
31.0861
26.6024
12.0512
6.33303
7.55438
44.1291
46.8882
51.4967
51.1056
504.481
26.4399
175.887
15.086
96.5701
22.6366
6.30507
28.7523
9.3814
30.5859
8.41962
53.3599
29.3452
132.535
58.0818
14.6944
55.6126
55.4227
8.44923
26.9794
48.0519
402.848
33.6463
70.2353
34.6757
14.688
32.4745
71.84
327.333
33.2869
27.1113
13.6196
57.293
30.2144
5.98941
26.6357
8.05335
10.7782
55.275
420.122
420.09
32.5743
64.5613
54.0158
51.3693
28.392
45.7691
9.49129
17.642
50.3038
29.5818
57.1016
30.2532
66.6089
10.2094
18.9726
30.5981
50.4136
299.413
349.04
61.1442
299.009
349.674
61.4803
92.0733
92.0932
42.7626
432.315
41.9255
27.1273
29.2493
87.9814
87.6914
50.4879
45.9161
37.0287
444.819
26.4376
45.7208
61.2995
445.17
26.2792
478.355
157.781
386.904
3.89615
33.7037
13.0643
31.6798
7.94455
14.1051
8.2692
28.0608
132.889
15.7201
55.0561
24.2005
55.7606
14.5907
32.0618
25.6849
403.888
33.2873
70.375
68.8705
15.1782
61.5175
72.4286
27.1678
326.825
33.089
12.2266
24.3541
68.6062
8.14802
26.562
6.28354
12.3634
60.1042
53.3064
67.7934
50.3589
275.591
299.506
56.0959
277.673
30.4717
9.35333
67.1557
33.3874
25.7544
65.2349
16.8708
363.136
28.9838
57.651
121.42
58.3293
15.2059
81.1557
127.799
382.117
30.4718
29.7414
409.18
130.271
128.946
76.9703
46.0226
399.435
28.8273
352.859
103.735
310.502
356.7
356.291
284.863
84.9257
87.821
107.978
99.7728
312.676
67.9658
87.8494
108.419
99.5206
312.626
68.6077
62.4318
87.7802
65.9742
28.0795
294.205
54.1182
42.4599
62.0069
87.7886
67.7083
32.431
294.142
53.9047
43.9583
46.7161
46.4132
57.9061
76.87
93.0685
394.874
376.881
40.0728
118.837
281.76
341.62
47.0715
50.8574
59.2098
76.8472
93.5775
395.121
376.93
56.8305
118.813
282.281
341.516
56.548
336.924
337.058
61.2473
105.774
105.797
47.8409
55.8473
55.9163
72.6111
72.6454
34.5305
30.1187
266.559
54.7711
283.713
49.0238
49.3366
50.6181
19.371
20.018
56.7803
29.9566
32.2502
44.2991
12.256
47.996
109.566
377.733
31.7473
40.2058
45.4296
14.3579
20.8509
46.1345
18.502
46.4751
34.013
307.218
38.3116
41.9493
101.136
19.6769
36.1126
26.5163
81.5481
32.7419
54.6753
57.5687
17.7236
334.166
96.35
317.052
94.1707
232.16
104.438
360.803
47.0363
19.4099
101.93
67.1953
38.7361
230.064
46.2113
238.756
32.9334
360.85
106.059
50.7885
93.2119
47.3183
49.563
258.365
41.2006
110.495
48.1423
110.781
378.9
30.1755
84.0838
31.0276
10.9166
46.1226
13.8776
22.004
31.9818
31.4809
308.036
71.4501
102.121
72.078
20.5865
43.4127
19.1137
81.9879
47.809
40.9641
18.7028
118.091
285.848
85.3454
88.4336
124.335
100.406
313.824
51.4234
88.6192
128.511
100.973
53.0193
313.956
114.518
88.0523
119.305
23.0345
294.973
60.0632
50.164
115.983
88.3835
126.009
25.2755
62.3548
295.414
51.0729
358.581
46.765
39.5381
131.665
395.822
94.0272
76.6845
377.837
79.2072
282.667
119.722
342.749
44.3217
338.116
338.364
126.178
106.671
106.767
46.3081
126.513
128.539
72.4924
72.5086
59.1681
47.6598
47.1557
135.567
77.0391
94.9418
396.943
378.682
95.6554
120.378
283.715
342.961
45.9323
47.9491
54.9984
301.657
51.5826
276.745
56.8834
278.652
353.451
104.18
311.116
32.2209
27.1484
43.2646
52.2545
66.5079
36.4915
40.9462
59.4477
34.9498
56.5632
128.631
383.337
41.5973
31.5951
364.782
31.5806
59.564
123.155
129.578
61.8328
47.0063
400.438
48.0078
410.494
131.891
41.6804
267.524
54.8495
284.866
57.7697
46.9779
51.3265
33.0111
36.4318
57.4242
42.7456
47.2609
47.8654
23.7271
48.3665
110.121
378.042
39.0475
58.1328
44.367
19.7392
33.5884
47.0685
23.9977
41.765
28.5659
82.188
35.3096
55.4861
59.53
17.7537
45.395
42.0559
308.265
55.2207
59.0602
102.29
32.0517
318.426
94.8235
232.666
113.506
335.512
97.727
362.486
47.9264
26.2954
91.3331
118.132
51.6587
231.213
50.469
94.1387
58.2861
50.0391
259.112
47.5344
124.844
240.11
43.1028
363.516
122.625
51.9117
53.289
268.39
56.0915
286.3
97.4215
102.95
52.1074
40.3359
35.6617
58.796
53.27
56.9492
20.7539
98.4392
49.2429
380.018
112.327
48.7407
100.68
42.7749
15.5815
24.3985
47.7024
26.1502
54.0522
23.5567
82.5394
57.4188
128.089
48.3556
23.8846
42.5015
47.8184
310.305
95.9716
96.74
28.2514
104.027
98.9261
101.902
56.0433
277.732
52.3726
303.94
57.9787
279.785
355.533
106.099
313.247
33.1374
19.7681
55.3973
111.834
30.8608
68.9994
42.5327
61.901
30.1086
110
131.91
53.1349
386.131
32.749
367.498
32.5099
61.8103
126.237
132.997
115.952
47.9796
45.6255
403.362
413.213
135.157
56.8605
421.467
422.079
46.0315
54.1273
52.7007
46.9231
39.8687
48.4307
28.0179
32.4316
51.5502
42.0813
46.907
38.9372
48.2201
24.0193
31.5405
52.1514
40.6794
300.541
350.525
62.0909
301.51
351.461
63.2855
478.577
156.748
385.919
31.0986
133.143
32.041
47.2281
31.4283
55.5388
29.4874
41.169
27.6547
402.847
32.239
46.9069
69.2019
26.521
32.0896
72.109
32.5706
27.5594
326.599
35.763
27.4518
30.6527
24.4437
25.9646
31.8032
25.4412
479.866
159.33
390.119
35.7762
134.613
38.4358
41.9446
41.7737
57.8971
32.1427
32.3661
35.9179
405.834
36.467
41.5266
73.0422
30.2131
32.8238
73.9934
35.3825
29.312
330.157
30.2144
37.1885
33.0115
22.5903
29.2204
27.029
26.072
92.0549
93.162
42.8653
432.362
40.9742
26.6206
27.0519
27.4261
87.08
87.5081
44.8723
27.9017
26.074
444.699
47.0151
29.8154
27.1529
445.856
26.1086
30.6785
41.8486
35.5137
27.9704
28.0167
36.9406
56.5492
134.372
43.6799
147.36
82.7695
56.3551
64.96
51.6748
73.1938
403.837
32.6813
42.5307
128.833
70.0622
114.187
73.337
28.1468
32.9938
327.786
37.9424
82.5126
113.55
33.9999
51.7741
26.6405
46.6586
480.002
157.619
386.785
53.3228
137.739
38.4641
127.231
46.6365
59.8949
46.1255
56.6102
43.472
409.244
37.3795
33.5274
109.088
75.3682
102.701
76.2569
29.8149
36.2485
332.701
34.7122
51.722
111.725
25.8299
35.0083
30.0019
27.2088
483.028
162.984
393.371
29.7129
52.6783
63.6667
63.967
38.8714
33.8302
40.0954
93.5205
95.3474
43.8803
432.833
41.1644
52.3395
55.9316
121.197
87.4113
88.1276
45.5141
119.823
26.5241
444.92
48.3437
128.017
27.7536
447.163
24.4853
39.142
33.0323
48.6199
30.1433
26.7182
33.4091
30.3281
32.9491
24.4415
31.7288
25.7093
37.5359
26.8874
539.574
22.6301
144.1
29.8977
33.6937
83.573
141.424
33.0927
34.1393
45.9823
152.074
38.2244
205.174
27.2119
29.9237
49.6561
182.443
30.8108
53.6353
21.8625
28.2717
26.7971
29.5739
24.6
23.6127
26.3951
38.3127
29.0713
51.0099
23.1787
87.3436
25.9243
29.497
30.2695
25.9211
27.9558
20.2692
29.0125
42.9701
21.4455
101.579
197.462
530.058
50.3535
23.731
503.514
30.5374
175.104
95.5184
22.6038
22.1814
21.2972
21.2893
25.9281
22.4256
23.431
28.0762
31.5011
41.622
26.2754
20.4779
33.8453
22.6552
23.3966
224.02
199.322
105.615
61.0279
194.232
51.7564
25.1156
22.6329
19.2846
17.7611
19.5565
24.2059
23.345
591.091
27.3746
24.3374
27.6621
21.5262
29.0057
21.9071
26.2019
28.712
18.7242
21.2068
18.7043
22.4035
20.7447
26.1212
28.3687
139.213
184.705
36.0234
517.016
518.894
177.978
74.8394
133.311
23.8444
86.6025
47.3388
32.998
32.987
42.6634
85.2224
24.2177
47.3451
47.2526
539.685
22.6788
144.208
55.4685
145.215
83.6175
141.902
33.2504
34.2814
46.136
152.463
38.2635
205.385
36.9325
88.8411
49.8206
95.1482
53.7865
182.626
38.3625
49.738
51.0245
38.9182
87.4626
29.5809
29.4671
30.3697
26.0786
32.8268
41.9247
43.1896
36.0979
140.971
101.729
530.096
197.622
50.5103
82.3354
503.752
52.8826
95.8112
175.292
36.5761
22.1945
46.6587
32.6292
53.0596
28.9318
139.294
86.2336
151.464
41.6858
43.486
30.7005
33.8356
22.676
52.8845
224.275
199.547
105.772
61.158
194.375
51.8578
34.7283
28.1237
20.7521
19.141
21.5258
32.6662
29.0679
591.134
98.2428
34.0558
27.7692
37.489
29.1084
39.0424
91.7319
56.8603
35.4885
34.051
22.1544
86.6372
28.6191
34.6811
21.862
28.2728
29.5727
26.7985
26.3942
24.5992
23.6149
28.3509
184.651
32.3905
35.9956
516.929
518.304
177.666
74.6826
133.102
23.7668
86.2861
47.1873
24.4867
39.1496
33.0328
48.6236
26.7176
30.1453
33.4194
30.3391
32.9519
31.7366
24.4416
37.5442
26.8969
25.7104
31.5014
26.2754
41.6222
20.479
33.8459
23.3968
22.6554
224.032
199.276
25.1164
22.6255
19.2832
17.759
23.3452
24.1966
19.5546
105.617
61.0284
51.7579
194.234
27.3762
24.3358
27.648
21.5253
29.0078
26.1898
21.9053
591.097
28.7126
18.7256
18.7048
21.2072
26.1223
20.7451
22.4037
38.3125
51.0098
29.0732
23.1833
87.3434
29.4968
25.9279
101.579
530.058
197.462
30.2694
25.9216
27.9597
20.2692
21.445
42.9701
29.0128
50.3533
23.7302
503.514
30.5408
175.104
22.6031
95.5183
22.1813
21.3031
25.93
21.2955
28.0768
23.4359
22.4256
539.684
22.6803
55.3947
144.212
145.183
83.6192
141.891
33.2695
34.283
46.1366
152.461
38.2635
205.384
36.8863
88.8892
49.8296
95.1307
182.666
53.7905
40.632
55.0776
33.2258
145.362
60.3917
35.6779
85.8859
40.1537
49.3479
57.6533
24.5328
30.6248
33.1861
74.7616
28.3683
184.701
139.198
36.0225
517.014
518.894
177.977
74.8386
133.309
23.8439
86.6023
47.3381
151.429
43.3792
41.6889
30.7308
33.8373
52.7227
22.6788
224.268
199.599
34.9076
28.3371
20.6368
18.9913
32.8093
21.4407
29.3646
105.773
61.1586
194.374
51.8589
98.3447
34.0256
27.7906
37.4668
91.8906
29.1123
39.0109
591.13
56.8508
35.5173
21.9527
34.2107
28.4677
86.6235
34.7275
38.3615
51.024
49.7437
38.9811
87.4613
29.4671
29.6016
101.728
530.097
197.622
30.369
26.0771
32.8282
41.9462
36.1194
43.1877
140.967
50.5089
82.3437
503.751
52.897
175.291
36.5941
95.8092
22.1941
46.7392
53.0236
32.7138
139.19
28.9688
86.2157
31.0858
133.146
47.2292
32.0234
55.5417
31.4213
29.4636
41.1638
27.6495
402.848
32.239
69.2029
46.9077
26.5188
32.0858
72.1123
326.603
32.5724
27.5608
35.7495
27.4562
30.6495
24.439
25.9657
25.4399
31.7849
56.8471
421.462
46.0194
422.073
54.1113
52.6909
46.9129
39.8664
48.4159
28.037
32.4311
51.5414
42.0667
46.8933
38.9326
23.9921
48.2129
31.5255
40.6727
52.1372
300.535
350.522
62.0837
301.416
351.378
63.2761
92.0634
93.1582
42.8704
432.365
40.9751
26.6208
27.0577
87.511
87.0807
27.4323
44.8754
27.9019
444.7
26.0768
47.0139
29.8198
445.861
27.1576
26.0746
41.8388
30.6565
35.4979
27.9377
36.919
28.0024
479.802
159.308
390.113
35.7765
38.4318
134.599
41.9326
41.7719
32.1435
57.8867
32.3646
35.9203
405.839
36.4669
73.0401
41.5307
30.2093
32.8232
73.987
29.3082
330.156
35.3854
30.2136
37.1793
22.5927
33.0078
27.0308
29.2138
26.0682
480.005
157.618
386.784
57.8557
423.325
62.075
424.902
138.936
119.266
106.99
53.2179
120.984
33.1121
45.8659
59.7389
52.1692
104.535
52.8562
22.1452
111.784
41.6046
52.7078
56.3291
301.66
351.184
62.7304
303.433
353.467
65.2061
29.7184
63.67
52.682
63.9606
38.8811
40.1034
33.8448
93.5251
95.3574
43.885
432.827
41.16
52.3402
55.9205
87.4069
121.192
88.1209
45.5142
119.822
444.917
26.5245
48.3528
128.062
27.7585
447.159
53.3443
38.5039
137.709
127.169
46.6745
46.1551
59.8721
56.6308
43.514
409.203
37.3564
75.3335
109.052
33.5757
102.665
76.2341
29.7997
332.669
36.2305
34.7686
51.7204
25.8977
111.659
27.2795
29.9882
35.0713
483.027
162.983
393.357
45.9389
54.9964
47.9607
51.5941
276.694
301.633
56.8973
278.658
32.2337
27.105
52.2578
43.2578
40.9441
66.5201
36.4613
364.796
31.5907
59.5746
123.17
59.4605
34.9223
56.5664
128.639
383.345
41.577
31.6061
410.444
131.897
129.592
61.8418
47.0156
400.451
47.9957
353.445
104.182
311.119
333.501
96.253
316.622
93.625
231.587
68.5447
360.149
46.9531
29.1027
71.6743
54.6619
50.0055
229.968
44.373
238.936
50.7385
360.699
69.2641
50.9683
92.927
38.8377
49.1782
258.283
48.4853
64.6479
48.3559
110.111
378.028
39.0598
58.1281
44.3562
19.7888
47.0625
24.0417
33.6233
45.3925
42.0373
308.262
55.2174
102.285
59.0481
32.0512
41.8009
28.6384
82.1706
35.3624
55.4758
17.8849
59.5134
53.2378
268.402
56.1114
286.319
52.1185
97.4389
102.971
40.2532
35.5716
58.8141
53.2361
98.4523
56.89
20.593
335.539
97.7511
318.434
94.8357
232.668
113.499
362.512
47.945
26.1202
118.109
91.3438
231.234
50.3907
51.5794
240.133
43.0293
363.544
122.643
51.9336
94.1581
58.2615
50.0404
259.127
47.5147
124.834
49.2613
112.356
380.04
48.68
100.709
42.7165
15.3823
24.2367
47.7234
26.0012
42.4347
47.7479
310.334
96.002
96.7719
28.0536
104.057
53.9588
23.4453
82.5543
57.4062
48.2529
23.7917
128.1
33.1322
19.7795
111.827
55.3738
68.995
42.5498
30.8327
367.477
32.4909
126.211
61.7864
61.9041
30.0476
110.022
131.922
32.7475
53.0978
386.142
413.231
135.137
133.004
115.962
47.9919
403.363
45.5901
355.563
106.123
313.27
284.854
84.9197
87.8503
108.403
99.5037
312.743
68.6753
87.8015
108.037
99.7676
68.0203
312.53
62.047
87.6914
67.73
32.5216
294.034
44.0745
53.9354
62.4673
87.8628
66.0109
28.1632
42.5147
294.318
54.1412
356.702
47.0553
50.8699
59.1988
395.111
93.5589
76.834
376.857
56.8247
282.266
118.786
341.501
56.5542
336.999
336.948
61.2334
105.773
105.766
47.8569
55.9076
55.8412
72.6329
72.604
34.548
46.7228
46.4004
57.9033
76.8675
93.0822
394.909
376.846
40.0418
118.828
281.802
341.621
316.517
93.6711
231.404
65.5484
333.791
95.9667
360.108
46.7418
25.4508
45.07
71.975
31.8603
229.391
55.73
92.7918
35.223
49.2122
257.684
52.8956
61.0967
238.242
55.8276
360.271
66.7962
50.408
30.0347
266.563
54.7825
283.829
49.3495
49.0311
50.6339
19.189
20.0297
56.8275
30.029
32.1589
11.4948
44.416
48.0317
377.799
109.645
31.773
40.236
45.4793
14.3259
18.5399
46.1655
20.7668
36.1028
26.3337
81.5703
32.7025
57.5616
54.5472
17.7424
46.5974
34.1176
307.577
38.3965
42.0142
19.5886
101.243
34.6214
266.703
54.869
284.153
50.7181
60.8647
71.8334
23.8609
23.9586
57.1069
33.9876
66.0634
46.4438
12.6857
317.098
94.1733
232.17
104.504
334.234
96.3907
360.986
47.0484
19.3451
67.2347
101.986
230.103
46.1774
38.7728
93.2333
47.4283
49.5608
258.41
41.2763
110.614
238.931
33.0152
361.081
106.127
50.8441
48.1648
110.853
378.946
30.0832
84.286
31.0011
10.9198
13.8769
46.1453
22.106
43.4145
19.0822
81.9981
48.0034
41.041
18.7793
118.188
32.0195
31.5553
308.392
71.5533
72.2575
20.9062
102.222
358.579
357.592
44.3897
338.395
338.192
126.152
106.815
106.709
46.4236
128.534
126.529
59.2997
72.5359
72.5075
47.667
47.1044
135.548
94.9543
77.0431
396.949
378.649
95.6608
283.725
120.377
342.954
46.7598
39.6113
131.674
94.0245
76.6762
395.812
377.76
79.2997
282.699
119.696
342.761
46.4166
42.3157
53.1698
275.47
50.237
299.09
55.8648
277.412
352.143
102.863
309.967
30.5061
15.2594
30.1327
50.9422
17.8989
64.5768
52.8287
57.937
17.7517
40.0257
126.866
31.6348
381.509
30.0005
362.756
29.2998
57.4511
120.745
127.932
45.2687
45.971
52.8889
398.864
408.729
129.552
28.3775
133.011
16.0459
55.8423
24.3939
55.8364
15.8708
32.2912
26.3586
403.744
33.3043
15.5292
70.0869
70.5258
62.2023
72.2429
27.1684
33.0768
328.067
12.7393
24.6965
69.9612
8.49906
12.3191
26.6052
6.25776
478.568
157.743
387.646
29.9416
14.4331
132.804
57.9895
55.975
8.81646
55.7867
27.0662
48.517
404.061
33.7279
15.1321
35.146
70.3549
32.498
72.0825
27.1644
33.3665
327.345
14.4375
57.7973
8.59576
30.8363
9.65941
12.526
26.7476
4.1208
12.5993
32.1779
34.1492
8.66012
7.67253
14.6199
478.92
157.681
387.32
92.2439
92.1807
42.8257
432.412
42.0604
28.897
27.0822
50.3712
87.8511
87.9748
45.7294
61.7079
26.3119
445.019
46.0343
37.7314
26.4905
445.099
3.91105
15.0857
7.22287
35.3308
4.33063
8.54968
14.4436
29.1354
77.5418
185.766
37.1473
516.895
520.107
179.462
76.4168
134.807
24.3761
88.263
48.7221
541.811
22.988
30.5812
145.259
97.5225
85.0678
143.142
34.5538
35.6693
47.7884
153.895
39.7804
206.424
13.6457
42.9669
51.1359
42.2192
55.2924
183.509
39.2558
28.4449
52.5018
6.93112
88.7499
10.8382
30.0484
31.1947
26.6755
10.2096
5.97938
44.3231
6.87801
55.327
102.202
530.081
198.011
51.6345
23.0506
504.825
29.7786
96.8759
176.493
12.1292
22.5629
6.33476
3.80697
26.1245
6.01198
67.9264
21.0443
90.5461
10.4522
42.925
7.81516
34.9536
11.941
22.8173
224.181
199.741
11.0616
7.99689
3.12802
2.50477
3.21492
11.2694
8.14152
105.967
62.0544
194.754
52.7008
37.4154
7.046
28.5728
5.67299
30.0335
5.49664
39.4854
588.421
29.4364
4.14349
2.66775
9.86665
4.63397
21.5408
9.73515
7.91489
28.7669
34.5323
34.1885
7.50285
15.7203
53.983
11.3747
28.6586
8.28487
25.8676
9.22632
12.3954
48.2298
541.803
23.6691
26.5352
144.804
31.0291
84.7193
143.071
34.5858
35.6928
47.6602
153.793
39.8968
206.169
18.8043
45.0904
51.0284
44.2309
183.475
54.854
29.6935
32.448
185.162
37.6181
516.63
519.83
178.852
76.3243
134.476
24.8578
88.0665
48.8188
30.9346
9.10871
42.8137
7.90933
35.0026
5.7942
23.2964
224.005
199.724
16.3359
7.73091
3.15619
2.44544
12.524
3.8723
8.07204
105.746
61.7652
194.353
52.6075
43.9423
7.89874
28.5838
5.57065
43.3202
30.0235
5.75846
588.416
24.9366
7.44767
2.85431
15.1408
5.14307
45.0898
9.10921
39.3794
30.0112
52.1198
7.96835
88.4214
11.0239
30.3789
31.0831
26.6014
12.1027
6.37795
7.5987
44.127
46.9571
102.064
529.966
197.728
51.495
51.1212
504.56
26.4499
175.905
15.1355
96.5747
22.6348
6.32146
9.42967
28.8004
8.43521
30.5967
53.396
55.3258
420.555
32.5807
420.521
64.7272
54.1575
51.3769
28.3056
45.8135
9.4228
17.599
29.5272
50.3205
57.0881
30.1501
10.1981
66.7036
18.9186
50.4437
30.4241
299.54
349.183
61.1944
299.207
349.907
61.5394
478.438
157.434
387.541
3.75368
12.7419
33.6506
31.581
7.59851
7.9897
14.1107
28.0122
15.7175
133.108
55.2836
24.138
14.6538
55.9127
31.9788
25.6665
404.464
33.3699
70.549
69.094
14.9716
61.5811
72.4916
27.2133
327.493
33.1344
12.3711
24.3485
7.71565
68.8153
6.06334
26.6635
11.7353
92.207
92.2368
42.8206
432.381
41.9262
27.1195
29.2786
87.6959
50.4843
87.9862
45.9751
36.9975
444.886
26.4625
45.7864
61.3204
26.3078
445.183
479.072
158.025
387.472
30.478
9.36713
33.3104
67.3036
65.2503
16.8773
25.7363
58.3351
15.2885
81.2533
127.803
29.7396
30.3777
382.149
363.247
29.004
121.47
57.695
128.967
77.0519
46.0617
399.553
28.8422
409.343
130.347
352.874
103.776
310.697
121.741
465.443
56.7575
87.1025
164.387
152.096
427.54
93.1465
50.5653
31.4501
51.5627
121.217
95.2434
438.673
55.8912
30.9348
32.7706
137.699
57.3885
45.9203
46.4865
10.6012
62.7215
20.1962
33.8242
36.6762
11.4085
132.861
391.154
36.6696
178.342
71.2234
18.8173
486.862
52.4854
29.6005
41.5579
35.0419
15.6926
10.2117
28.4165
28.5489
11.8819
114.943
97.6876
161.793
52.9691
20.3081
35.9853
36.5632
54.3499
157.51
182.544
56.7971
37.6544
23.0281
476.56
39.0309
52.3902
34.2674
165.93
37.251
143.412
44.4009
13.0172
33.2424
134.591
135.686
13.3692
42.0056
47.4134
148.32
15.3142
34.07
50.9091
138.814
13.9643
33.3671
136.061
137.644
33.1409
39.6109
29.4087
52.3676
6.89433
88.3989
9.56094
30.5726
31.2495
26.7345
10.8655
5.6427
44.8804
44.288
6.7678
102.118
197.764
530.163
51.7141
51.1323
503.947
26.1996
175.819
96.5067
13.7261
22.7728
5.29568
6.62501
27.3368
52.7801
6.66881
30.1299
7.39397
28.9875
34.272
34.4662
53.9741
7.25687
15.5096
10.1761
28.9763
25.8238
7.42109
48.5495
11.097
8.38616
540.091
144.984
23.79
25.8189
84.6922
30.8821
142.72
34.6816
35.7813
47.6656
153.335
39.9453
205.878
18.6062
51.1143
44.2604
183.255
54.9372
43.0629
30.8724
43.046
6.77275
8.28454
23.4317
35.2123
5.44381
106.126
61.7708
194.525
52.5712
224.277
199.654
16.3643
7.714
2.45693
3.38677
3.92513
8.01751
13.1001
591.233
24.1088
6.05875
14.0706
2.60045
44.6144
4.73406
8.98737
43.3705
7.50769
28.6803
5.96238
30.1579
5.89794
43.2524
4.40623
19.5385
10.0016
47.4744
9.84557
7.84217
14.9164
28.7721
43.9639
33.814
39.3014
27.0418
207.103
71.9639
8.62563
30.3685
236.842
9.2274
68.6027
50.4617
124.059
23.3944
637.538
24.4661
28.7368
43.8382
33.7324
39.1689
41.6754
206.885
71.882
9.58346
37.8651
236.651
12.4374
31.114
30.2433
123.815
23.567
636.667
18.2624
6.60289
44.6808
52.261
6.71254
45.9892
7.26967
6.17051
6.70382
44.6593
52.2254
7.13602
45.983
7.6545
6.61096
7.16582
22.311
62.4716
62.3843
50.1773
8.84573
9.85035
46.8712
51.5376
39.3457
63.6687
11.6911
51.2481
5.05833
4.59284
29.2935
29.8032
3.29815
46.9135
51.5402
63.6994
39.378
38.1583
22.6416
31.2409
31.1548
5.81294
44.6882
52.2818
6.35685
6.54661
46.0136
5.81187
5.75132
44.6706
52.2558
6.2172
5.58512
45.9999
6.54806
6.22141
19.6446
62.4818
62.463
7.74178
50.2092
7.91838
28.7204
43.8462
33.7458
39.176
28.4404
206.907
71.9851
8.48437
236.724
8.89513
31.5728
69.0703
52.4127
123.895
636.683
23.3573
22.7439
76.3739
185.984
29.1312
517.608
37.1788
519.412
179.438
24.4047
87.9388
48.7894
76.3615
134.759
5.99677
29.7484
81.0834
34.242
17.5231
23.0016
14.0618
7.16098
29.3621
25.1683
14.7604
23.721
7.16968
13.3252
91.9405
43.0305
6.83475
8.13675
22.7847
35.0442
7.83838
106.308
61.9463
194.857
52.6176
224.426
199.66
10.6783
7.82274
2.27627
2.72558
11.0621
7.92938
2.62844
591.215
28.4106
3.92924
9.95991
2.60372
21.8347
9.2957
4.17663
36.8563
6.42553
28.7074
5.3713
39.1824
30.1128
5.00091
540.099
145.433
23.0187
29.2767
85.0413
96.4251
142.807
34.6005
35.7395
47.8606
153.473
39.8387
206.152
12.1481
51.2884
41.7374
55.4221
40.5887
183.321
3.3273
13.2596
6.48232
34.5109
3.58337
12.7848
7.11936
96.1827
438.928
56.6611
30.2858
74.7926
138.861
57.4973
27.4649
29.4005
18.6796
63.0655
17.0401
6.70098
81.0479
36.3869
134.122
392.012
98.52
178.936
71.8295
13.8575
487.079
30.0817
38.0803
27.9498
102.792
17.049
7.78791
8.04954
27.5535
28.8667
122.73
466.362
36.9658
165.873
87.5789
152.892
428.059
93.8776
32.7894
30.7475
122.144
51.5385
34.8069
166.551
38.077
143.712
37.7332
13.4889
33.3988
134.594
13.0861
135.767
39.8706
35.5708
148.616
13.7262
34.3392
13.3016
34.7606
139.003
33.6566
136.091
137.813
33.198
115.316
97.9927
161.966
51.3471
18.739
36.0612
36.895
50.5977
157.559
183.071
57.3729
114.935
17.0393
476.713
39.6566
52.2883
416.99
43.0056
47.0006
373.8
94.7484
41.9159
57.7899
23.6881
51.226
132.378
51.436
75.9263
93.2749
111.324
81.8896
75.9669
32.3643
21.0261
42.0774
47.988
44.3689
44.8516
416.913
58.9237
47.0334
374.061
95.0289
59.0257
57.0606
29.6381
54.9651
132.483
51.0688
76.7
93.93
111.452
82.1884
76.3538
34.6446
24.3656
39.2829
49.0809
39.857
45.068
26.5345
76.7025
54.4303
53.8986
27.7247
48.3851
48.102
106.868
51.1283
99.9555
135.071
51.3104
137.679
482.979
45.4667
378.586
43.3912
99.8046
96.8925
48.2662
49.7101
97.8621
107.104
56.8139
99.8873
135.397
53.7564
138.384
484.301
46.1044
379.369
59.0871
100.058
96.8546
49.6004
51.3343
98.1937
15.8885
53.8997
49.3239
42.1081
18.3766
45.2193
30.9235
26.9813
130.037
46.503
37.9432
43.3067
103.881
16.3849
15.4619
54.386
42.6992
34.2564
39.4665
17.2977
32.5421
21.1099
76.4101
42.9109
46.0119
38.2086
21.0281
46.5196
418.241
98.8689
47.4366
375.166
96.1782
99.1228
45.6469
22.6067
134.536
40.4562
43.6867
77.0204
94.6144
112.848
82.9348
77.0513
48.7987
21.0717
39.589
39.5057
45.3467
40.4728
107.297
52.6424
100.398
135.939
48.1134
138.266
483.145
44.9348
379.007
122.639
100.057
97.0324
47.1959
97.9404
46.9743
107.637
50.29
100.58
136.592
48.0572
139.369
485.156
46.1016
380.326
109.685
100.381
97.1745
48.3925
47.864
98.2929
123.343
467.197
56.517
88.8953
166.32
153.688
428.668
95.351
45.6833
33.0209
53.1635
123.259
97.9967
441.884
58.5604
37.0834
28.829
64.2613
37.2476
41.1698
38.3865
24.9081
33.3742
39.481
141.035
59.6571
35.4532
135.473
393.236
32.9669
47.3042
31.8011
16.5485
30.2664
33.0731
21.0207
49.5112
181.682
74.4188
33.3178
490.258
45.3428
35.2641
116.561
99.5028
164.238
51.7399
33.3261
38.5272
39.0391
52.9746
159.997
184.86
58.9202
52.1391
33.9748
478.823
41.3314
53.817
37.3678
168.822
40.194
146.501
34.5483
26.5034
37.0901
138.81
139.645
27.46
33.543
36.4387
151.84
30.8521
37.6944
39.7746
142.631
28.881
36.6347
139.663
140.911
36.6231
19.7367
55.0196
39.9786
51.2503
25.2976
35.7267
42.9354
27.5077
131.681
42.8621
47.2611
108.592
45.6689
25.5735
26.2573
56.3339
42.6754
41.8778
54.3592
25.1614
36.1897
100.872
443.682
61.1939
37.0256
31.1483
66.8222
28.9321
39.9625
101.407
18.2386
34.5309
105.29
144.794
44.9555
61.9462
138.749
396.032
40.1421
106.358
27.611
16.1379
30.8614
18.166
52.2482
115.446
184.679
77.6112
28.2179
56.7089
492.932
40.1611
118.004
100.583
164.757
50.6513
31.6921
38.7491
160.181
50.5308
39.6691
186.149
60.7346
112.21
31.4167
479.902
52.0424
42.5531
38.8443
170.999
42.319
147.858
33.0616
25.8959
38.1238
139.502
140.849
25.6132
33.158
33.4053
154.036
26.4502
39.2659
34.7589
144.354
25.6677
37.5745
140.041
141.795
37.0162
23.9117
33.4424
43.613
37.6026
38.9473
27.0312
30.0392
21.9135
32.5444
29.0778
25.4084
34.4752
27.9727
19.2004
40.7551
32.6245
54.7458
28.7269
90.9689
29.3091
32.2279
31.3897
26.1873
26.7059
23.5144
27.5361
43.9281
26.3709
101.862
197.662
530.695
52.4964
33.3204
506.703
29.8167
178.151
97.614
29.6741
23.4161
25.7097
22.8513
25.834
26.7627
26.1228
26.6987
546.136
27.8541
148.656
31.6157
35.2994
88.8975
147.335
39.2077
40.0184
51.4566
157.812
43.9259
210.865
30.9599
35.7911
55.4229
188.446
35.734
59.0973
15.8655
30.4405
23.2348
35.1203
21.7602
17.0244
29.1678
30.7027
45.7313
27.9512
29.2026
25.5882
38.2628
26.8761
106.478
61.3945
194.97
52.193
225.767
201.372
27.0272
23.1936
21.0675
23.1602
23.5477
23.6604
27.3999
590.287
26.9709
24.9518
24.9464
21.4463
26.999
24.1592
24.2129
31.7733
28.1542
32.6145
25.4462
33.6875
25.9412
32.4052
116.261
34.6295
190.914
42.9772
521.285
525.202
185.457
28.3779
94.6083
54.7886
82.44
140.805
41.7875
59.886
57.272
32.2153
93.6056
34.9643
32.7464
31.4634
26.2799
35.5623
42.5215
44.2359
34.2305
132.45
102.222
530.66
198.081
53.9604
55.9241
508.702
62.0401
99.4326
181.233
37.7794
23.4031
45.1558
28.1826
49.8192
37.4209
131.245
56.6009
13.2678
27.7969
18.9407
34.2832
13.1419
18.5463
27.017
546.581
28.0287
150.404
57.9709
110.514
90.1244
148.493
39.5397
40.873
53.6273
159.417
45.3847
211.909
31.4814
36.1494
55.6889
36.8571
60.0739
188.689
128.012
47.7029
34.2689
33.2497
25.7407
39.7117
40.5158
106.554
61.6818
195.257
52.3885
225.656
201.278
31.1215
22.6982
19.8447
22.8187
23.3232
22.9869
28.2478
589.756
56.1767
31.9432
27.1113
20.1929
61.1266
28.6951
24.6495
41.5528
27.2676
32.8514
25.3934
34.5419
26.3828
34.1158
28.4592
43.1883
33.365
38.5847
24.5936
207.162
72.1031
22.2258
23.828
236.944
22.8989
28.2225
24.2077
124.043
23.4715
636.955
26.1373
28.5888
43.327
33.4543
38.8132
25.0459
207.448
72.156
21.3597
24.9808
237.126
21.8382
25.2914
23.7164
124.294
23.52
637.878
22.6229
20.9038
45.1019
52.5046
21.165
46.3919
21.731
20.4214
22.1772
45.1447
52.5538
20.6638
46.3834
21.0981
21.5268
23.0875
22.8715
62.5777
62.672
50.4637
24.3534
21.7935
25.3815
127.068
21.4491
20.7635
15.8181
52.3573
49.6597
46.326
50.9226
63.0894
38.8733
46.6812
51.2747
63.4975
39.2259
37.7643
22.6281
30.9676
30.9641
28.4573
43.2435
38.6229
33.3636
98.5142
207.532
72.5686
27.6797
30.3408
237.42
90.9003
155.485
133.491
124.457
23.432
57.8817
637.328
28.7488
43.644
39.037
33.6886
35.9112
207.534
72.3607
21.4977
24.3472
237.317
26.8732
127.679
131.681
124.567
23.3979
53.8338
638.139
19.8002
45.3817
52.8799
20.7909
22.0673
46.6944
19.0959
21.0952
45.2457
52.7462
20.4986
21.4976
46.5906
21.0204
22.4076
54.8597
62.952
62.9565
27.1901
26.013
50.7571
46.277
50.8355
38.8555
62.9536
24.6349
26.5927
19.1528
22.2745
25.3555
26.6509
18.1166
46.2851
50.8657
62.9959
38.9135
37.7858
22.7036
31.0064
31.0454
20.9049
45.0989
21.1503
52.5054
21.7326
20.4089
46.395
22.1799
45.1454
52.554
20.6659
21.5296
46.3849
21.0997
23.0902
22.8739
62.5831
62.6755
24.3573
50.4686
21.7943
28.5886
43.3272
33.4547
38.8134
25.0454
207.448
72.1557
21.3604
237.125
21.8389
24.9798
25.2912
23.7169
124.293
637.878
23.5206
22.623
28.4561
43.2443
38.6226
33.363
98.5053
207.595
27.7043
72.5371
237.345
91.0129
30.3607
155.398
133.434
124.412
637.127
23.4303
57.7196
46.325
50.922
63.0885
38.8719
25.3824
127.059
21.4617
20.7678
52.3603
15.8222
49.6558
46.678
51.2707
39.2224
63.4934
37.7632
22.6252
30.9659
30.9627
19.9024
45.3661
20.8797
52.8491
19.1924
22.1647
46.6489
21.1868
45.2036
52.7046
20.5651
21.6027
46.539
21.0853
22.4257
54.7399
62.9236
62.9202
27.1177
26.0013
50.7171
28.7438
43.6401
33.6847
39.0325
35.9188
207.481
72.3185
21.4882
24.3189
237.231
26.8681
127.662
131.626
124.51
23.3952
53.7556
637.924
34.2437
188.783
33.5051
520.052
40.9547
522.797
182.247
27.8903
91.0541
51.8861
79.9236
138.009
23.8964
33.4388
43.6148
37.6087
27.0216
38.9497
30.0255
21.8972
32.5436
29.0835
25.3915
34.4773
19.1854
27.9564
30.711
27.9384
45.7302
29.2019
25.5949
26.8653
38.2608
106.483
61.3969
194.975
52.1955
27.0348
23.2026
21.0666
23.1495
27.4085
23.6696
23.5366
225.773
201.379
26.9811
24.9461
24.9554
21.449
27.0104
24.2221
24.1498
590.293
31.7754
28.1562
25.4398
32.6114
32.4016
25.9328
33.6847
546.133
148.649
27.8508
31.6164
88.8908
35.2979
147.341
39.2094
40.0201
51.4579
157.819
43.9275
210.862
30.9607
55.4167
35.7903
59.0909
35.7331
188.444
15.8584
30.4342
23.2202
35.1177
17.0128
29.1583
21.7483
41.7829
59.8841
32.2588
57.2926
34.9878
93.624
32.7428
31.4567
26.2755
35.5676
42.5133
34.2468
44.2294
132.408
102.215
198.075
530.651
53.9538
55.9503
62.0482
508.717
37.801
99.4284
181.242
23.3967
45.1661
28.1736
49.7738
37.4385
56.5613
131.209
20.0039
53.5461
121.315
39.6186
30.2059
36.8507
41.0668
18.8821
55.0336
30.112
22.0162
30.1511
44.1533
15.5486
116.258
190.941
34.6244
521.307
42.97
525.18
185.431
28.3799
94.5929
54.7781
82.4189
140.782
128.104
34.3284
47.7216
33.2639
25.739
40.6102
39.7285
106.541
61.6749
52.3817
195.245
31.0969
22.6638
19.8379
22.8465
22.9494
23.3493
28.2201
225.637
201.262
56.1403
31.9576
27.0622
20.1846
24.6041
61.1059
28.7091
589.739
41.6367
27.288
25.4549
32.8647
26.4484
34.557
34.1634
13.3428
27.8025
19.0072
34.2437
13.2247
27.0151
18.6126
546.597
150.431
28.0263
57.9711
90.1502
110.506
148.468
39.5373
40.8659
53.6109
159.388
45.373
211.929
31.4861
55.7155
36.1437
60.1021
36.8462
188.708
98.006
441.886
58.5669
33.385
39.4905
141.046
59.6697
35.4519
37.0798
28.8129
64.2672
37.2515
24.9142
41.1796
38.3904
135.484
393.246
49.5234
181.692
74.4283
33.3055
490.268
35.2598
45.341
32.956
47.3127
31.8132
16.5716
21.0333
30.2686
33.0704
123.335
467.196
56.5205
166.319
88.8873
153.676
428.658
95.3477
45.6886
33.0124
123.257
53.1553
37.372
168.824
40.1995
146.503
34.5367
26.4924
37.0965
138.817
27.4463
139.653
33.5324
36.4269
151.85
30.8361
37.7018
28.8653
39.7648
142.64
36.6373
139.664
140.911
36.6247
116.55
99.4917
164.23
51.7576
33.3517
38.5212
39.0332
52.9904
159.989
184.852
58.9162
52.1382
33.9972
478.816
41.3268
53.8277
31.9221
129.777
55.6013
49.0594
54.2439
58.6982
29.2014
19.7769
55.0092
51.2698
40.0049
42.9595
25.3405
35.7543
27.3408
131.712
47.2334
42.7938
25.3693
108.639
45.6199
26.0219
56.369
41.8528
42.5907
24.94
36.1678
54.2767
125.707
469.341
45.1869
169.109
90.4717
155.636
430.269
97.3706
39.7047
33.2112
125.399
54.4489
38.8164
170.991
42.2925
147.848
33.0498
25.9354
38.0823
139.458
33.1449
25.652
140.803
33.3933
153.991
26.4769
39.2222
34.7467
25.7007
144.308
37.5455
140.025
36.9857
141.782
118.042
100.62
164.783
50.6055
31.6213
38.758
50.4974
39.6807
160.206
186.178
60.753
112.249
31.3267
52.0147
479.927
42.5671
26.5319
76.6694
53.9027
54.4293
48.1084
27.7235
48.3914
416.763
43.0065
47.0281
373.837
94.7523
41.923
57.7851
23.6921
132.386
51.43
51.236
75.9314
93.2806
111.336
81.973
75.9725
32.3545
21.029
42.073
44.363
44.857
47.9887
107.098
56.8416
99.8168
135.393
53.7763
138.383
484.294
46.0964
379.398
59.0845
100.056
96.6973
49.5992
98.1888
51.3239
106.868
51.1383
99.9849
135.075
51.3119
137.684
482.981
45.4716
378.591
43.3949
99.8086
96.8306
48.2567
49.7066
97.8657
21.3974
128.743
47.177
51.9181
41.6736
49.8266
22.1473
15.992
53.901
42.0992
49.3147
30.915
18.429
45.2196
27.7017
130.015
38.0689
46.604
16.6403
43.4805
103.836
15.8005
54.3673
34.3781
42.8109
17.6937
32.6154
39.5015
418.46
98.975
47.4057
375.169
96.1876
99.1945
45.6257
22.4684
40.4509
134.546
43.6521
77.037
94.6338
112.832
82.8464
77.0608
48.7828
20.8978
39.5457
39.5127
40.4384
45.3522
417.741
105.683
46.8256
374.509
95.2544
92.46
44.7488
19.7649
37.1076
133.544
42.6783
75.9608
93.6646
112.48
82.4298
76.1236
31.1794
19.2229
33.8624
33.1673
37.5972
44.4392
107.644
50.3709
100.476
136.597
48.1368
139.389
485.181
46.1171
109.726
380.343
100.388
97.0776
48.4782
47.9281
98.3012
107.282
52.7644
100.487
135.925
48.2548
138.255
483.138
44.9286
122.588
378.998
100.043
97.1182
47.3184
47.116
97.9244
95.3144
438.883
55.9442
46.4875
10.6858
62.7261
20.2403
36.677
33.8562
11.6492
30.963
32.8159
137.915
45.9853
57.4187
132.916
391.259
41.5808
35.0587
15.8339
10.3613
28.416
12.1783
28.5443
36.7543
178.678
71.4226
18.7985
29.7264
487.676
52.626
114.941
97.6851
161.792
52.975
20.3416
35.9903
157.504
54.3486
36.5586
182.549
56.7963
37.6495
23.0302
476.556
52.3972
39.0289
34.306
166.004
37.2896
143.477
44.4316
13.1904
33.3903
134.94
136.025
13.5043
42.0337
47.4485
148.645
15.2959
34.2163
50.9911
139.143
14.0603
33.4051
136.18
137.699
33.1763
32.2049
29.8196
185.407
37.7319
517.438
519.564
178.916
24.9329
87.7712
48.8949
76.3542
134.548
39.6193
29.3963
6.93657
52.3751
9.54588
88.4108
30.5774
31.2582
26.7433
10.797
5.64232
44.2994
6.76352
44.7384
102.112
530.161
197.76
51.7251
51.0924
26.0968
504.015
96.5184
13.6757
175.841
22.7771
5.30091
6.62349
27.3703
6.6372
30.1428
52.7594
4.38221
19.4264
9.78342
47.442
7.86936
9.90795
14.8344
540.238
23.8358
145.003
25.8763
30.8792
84.7002
143.129
34.742
35.8629
47.7857
153.764
40.0478
205.95
18.6012
44.3136
51.1195
43.0708
54.9415
183.264
30.8934
6.85336
43.0483
8.41226
23.4319
5.44428
35.2089
106.122
61.763
194.522
52.5641
16.3931
7.71926
2.41505
3.34718
3.88658
8.02171
13.1479
224.275
199.653
24.151
6.13281
14.1678
2.58787
44.6247
4.70585
9.01132
591.231
43.4611
7.61193
5.93504
28.6739
5.88736
30.1519
43.3493
9.69223
50.4454
3.89561
4.15288
2.50711
27.0065
27.4563
46.9721
51.5923
63.8159
39.4441
46.9316
51.5939
63.7411
39.3456
38.2062
22.6702
31.2117
31.2478
28.7779
43.9642
39.3054
33.817
27.0562
207.157
8.60378
72.0039
9.22981
30.3818
236.927
68.6205
50.6649
124.114
23.3972
24.5105
637.751
28.7295
43.8322
39.1635
33.7271
41.9963
206.942
71.9227
9.65208
12.8313
236.736
38.1848
31.1892
30.8719
123.869
23.5612
18.7495
636.866
6.458
44.7258
6.67333
52.3011
7.22743
6.06661
46.0456
6.65049
44.7118
52.2676
7.22628
7.75024
46.0436
6.51408
7.12506
22.4994
62.51
62.4237
8.82011
9.74707
50.2253
28.7487
43.8917
39.2811
33.7615
41.4709
207.131
8.49728
71.9332
236.815
36.7459
9.50872
31.1959
32.2354
124.039
637.539
23.5477
17.0208
11.7731
51.2709
5.12914
4.63031
29.87
3.33912
29.35
46.8709
51.5392
63.6672
39.3481
46.9116
51.536
39.3759
63.6947
38.1579
22.6424
31.2435
31.1534
5.7229
44.7113
6.26498
52.2915
5.68645
6.48009
46.0235
5.71744
44.6754
52.2585
6.21446
6.54916
46.006
5.55939
6.18981
19.7014
62.4889
62.4666
7.72438
7.92858
50.2138
28.7171
43.8427
33.7433
39.1728
28.639
206.907
71.986
8.5085
8.93571
236.725
31.7067
69.1474
52.6036
123.897
23.3551
22.9383
636.683
5.98396
29.6478
81.3499
34.318
14.0346
17.6007
23.0729
7.27532
29.4062
25.27
15.1446
13.4762
23.8019
7.34624
39.1968
28.6811
6.66916
52.6324
10.2345
88.6495
29.9823
31.0831
26.5753
9.86266
6.0832
6.71046
44.2075
54.171
102.161
197.933
530.233
51.5833
23.384
30.0885
504.249
12.0336
96.6802
176.379
22.525
6.247
4.26193
27.8964
5.68288
22.6743
66.4033
76.4291
29.1635
186.007
37.2144
517.675
519.885
179.619
24.4197
88.0305
48.831
76.5005
134.949
3.25199
13.2732
6.43372
34.5945
3.52609
12.6864
7.04968
91.9452
6.82747
43.0344
8.16013
22.7853
7.84019
35.0469
106.307
61.9425
52.6143
194.856
10.6621
7.81639
2.26665
2.71262
7.92249
2.61563
11.0492
224.425
199.66
28.3826
3.91826
9.95822
2.59647
9.28672
21.8253
4.16123
591.214
36.8475
6.42984
5.36119
28.7089
4.9878
30.1151
39.185
540.247
23.0467
145.451
29.3055
96.5013
85.0502
143.206
34.6798
35.8186
47.9588
153.893
39.9252
206.225
12.176
41.7295
51.2934
40.5813
55.4293
183.322
122.721
466.35
37.0772
165.858
87.5667
152.876
428.048
93.8575
32.8964
30.7401
122.126
51.5272
34.8316
166.617
38.1023
143.768
37.7953
13.553
33.5362
134.936
39.9414
13.0691
136.099
35.6576
148.936
13.7986
34.4713
34.8686
13.3582
139.325
33.6804
136.198
33.2197
137.857
115.301
97.9791
161.954
51.3412
18.8145
36.049
50.5968
36.8688
157.543
183.062
57.3521
114.861
17.2366
52.3209
476.701
39.6291
162.001
51.2378
36.132
18.764
50.5031
157.593
36.9599
115.366
98.0426
183.109
57.4341
16.5745
115.17
52.1928
39.733
476.737
34.8764
166.589
143.751
38.1508
37.448
12.6951
134.533
33.4788
39.5608
135.822
12.4281
33.7245
136.15
33.2286
137.857
35.2651
148.649
34.4276
13.0948
139.042
34.3695
12.5284
152.947
428.095
122.768
36.6492
466.391
165.921
87.6105
93.9359
30.7637
32.5334
122.194
51.568
96.2354
438.953
56.7198
30.3022
74.4649
138.925
26.7763
57.5212
29.1906
19.2642
17.2226
63.0926
36.4079
6.85464
80.8912
98.2838
178.968
12.7734
71.9
37.6498
487.099
29.7361
27.6983
102.728
7.97159
17.2399
28.7082
27.5729
8.34102
134.173
392.065
91.2727
9.38855
42.9602
8.49596
34.9797
10.4731
22.7824
224.456
199.625
11.0546
7.75667
3.21778
2.39813
7.85342
11.9176
3.16336
106.337
62.0218
52.6588
194.896
38.0106
7.10965
28.6226
6.03917
30.0567
39.919
5.74594
591.23
29.7261
4.58584
2.71863
9.92825
9.32371
4.88011
23.4636
3.20633
12.946
34.31
6.1098
12.3932
6.09605
3.43136
185.935
29.0868
76.3987
517.583
37.122
519.402
179.425
76.379
134.763
24.3825
87.8801
48.7147
39.1704
52.5555
7.70694
29.4554
29.964
88.5927
11.2469
102.224
530.253
198.007
31.05
26.5478
6.17845
11.3716
7.71013
55.7292
44.1558
22.4944
6.79746
26.992
4.28722
68.3549
7.00206
21.9435
51.5436
23.8942
504.158
30.5398
176.315
13.0685
96.6384
5.84609
29.7021
34.2744
80.2803
13.5638
22.9776
16.7544
6.71899
29.3919
12.9725
25.1861
12.9264
6.58377
23.4698
6.7091
44.6599
7.11767
52.235
7.40953
6.58911
45.9957
6.63715
44.7127
52.2781
6.91443
6.28333
46.0212
7.60385
7.22219
22.0279
62.4237
62.4534
9.18506
50.1988
9.95075
46.9516
51.6142
39.3946
63.8074
46.89
51.5219
63.7396
39.3077
9.58668
51.6484
3.99526
4.06135
28.0179
27.8515
2.50698
38.1617
22.6344
31.1598
31.2073
41.8155
207.095
71.8967
9.39794
236.781
12.2007
37.9325
28.6679
43.8139
33.6834
39.1675
30.8722
30.1383
124.005
637.526
18.0913
23.5098
41.9544
206.818
8.67011
71.9062
10.1838
37.7258
236.677
28.7641
43.8779
39.2161
33.7663
31.1923
30.6186
123.828
16.9178
636.679
23.5722
26.8537
207.101
71.9895
8.61804
8.65208
236.844
31.076
28.7164
43.9097
39.2405
33.7732
68.759
50.4291
124.073
21.1858
637.54
23.355
46.9379
51.6233
39.3708
63.7446
46.9589
51.5604
39.4154
63.8
10.2311
51.663
4.84711
4.56205
3.01812
29.048
28.5963
38.1949
22.6557
31.2585
31.1782
540.101
25.4317
144.983
23.7466
84.7087
30.785
34.6327
142.718
35.7325
205.907
17.645
51.1703
44.1318
54.9805
183.233
43.244
47.6163
153.325
39.8959
4.17826
19.051
47.6492
10.9263
14.5624
7.42898
10.9062
39.5475
52.3345
6.69272
29.5599
30.5442
88.3596
9.5593
102.13
530.164
197.766
31.1692
26.6473
5.88009
11.2026
44.1771
45.81
6.74402
22.74
5.32543
28.4752
7.54417
30.4114
53.4084
6.82944
51.6249
51.5146
503.924
26.8435
96.4455
175.785
13.9642
185.369
29.6841
32.2434
517.353
37.5638
519.066
178.696
76.1455
134.303
24.8284
87.6212
48.7527
7.9095
29.2099
34.4135
34.3565
54.541
15.6278
7.66741
11.1654
28.8114
7.89663
25.7627
8.69423
48.6588
11.9034
34.223
165.894
143.377
37.2082
44.7448
13.8219
134.462
33.1848
135.674
42.2949
14.1847
33.3193
136.043
33.0533
137.612
47.7901
148.292
34.01
16.0075
138.787
14.7148
51.3276
161.745
53.0715
35.937
20.3774
157.459
36.5049
54.4377
114.897
97.6418
182.498
56.7398
23.1274
37.5473
38.9749
476.518
52.4192
95.1948
438.64
55.8471
30.867
32.9589
137.672
46.1622
57.3192
46.8161
11.3583
20.6444
62.6564
36.601
12.3626
33.98
36.8013
178.316
19.1143
71.1822
30.0086
52.8955
486.839
42.011
35.1193
10.0801
16.0642
28.9591
28.3374
12.1903
132.806
391.106
152.054
427.508
121.708
56.7117
465.399
164.333
87.0666
93.0861
31.3969
50.7124
121.15
51.5186
107.317
100.478
52.5356
48.0536
135.96
138.302
483.185
44.9639
122.963
379.036
100.072
97.1976
47.155
97.9521
46.9224
107.637
100.547
50.3347
48.1166
136.586
139.371
485.178
46.1086
109.751
380.295
100.377
97.234
48.4817
98.2935
47.9268
105.665
417.991
374.506
46.8196
76.0096
93.72
95.3052
92.45
19.003
44.4126
36.7696
42.1866
133.604
76.1653
30.7943
33.4424
18.3051
44.4688
32.7958
37.1744
112.421
82.3289
98.9051
418.238
375.128
47.4372
77.027
94.6242
96.177
99.1318
22.6531
45.6795
40.5025
43.7034
134.533
77.0504
48.8939
39.6712
21.1381
45.3436
39.5764
40.5202
112.934
82.9805
21.0185
76.4443
42.8579
46.0473
38.1814
46.5576
20.6904
25.5623
130.122
46.1567
37.7224
15.7876
103.846
42.9387
16.5908
53.8619
49.3253
42.0767
30.9544
45.3037
18.8789
21.4026
128.718
51.876
47.1105
41.5758
22.2246
49.7045
107.098
99.9189
56.7919
53.7307
135.394
138.374
484.275
46.0799
379.388
59.0366
100.057
96.7935
49.5083
98.1915
51.2511
43.0209
416.995
373.833
47.0055
75.9147
93.2674
94.7488
41.875
23.6592
57.7606
132.382
51.153
51.3964
75.9676
32.3638
42.055
21.3176
44.8499
47.8997
44.3515
111.398
81.9248
26.6093
76.6731
54.4649
53.9493
48.4129
48.138
27.8552
58.9313
416.914
374.089
47.0272
76.683
93.9133
95.0204
59.0023
29.6004
57.0751
51.0687
54.9367
132.475
76.3434
34.6245
39.2241
24.3948
45.0561
39.8366
49.0248
111.359
82.1369
164.786
50.6848
38.7362
31.6551
50.5601
160.202
39.6649
118.061
100.635
186.189
60.7508
31.3005
112.281
52.0695
42.5585
479.94
38.7377
170.903
147.751
42.2165
33.0065
25.9518
139.065
37.8961
33.0993
140.417
25.6817
37.4618
139.917
36.898
141.683
33.3582
153.624
39.0421
26.514
143.938
34.7263
25.7318
155.656
430.285
125.733
45.2137
469.357
169.125
90.4953
97.3676
33.228
39.6927
125.404
54.4706
100.742
443.528
61.0832
36.9949
30.8914
28.8154
66.8489
39.9746
18.0762
101.427
34.4669
105.007
144.484
44.9085
61.8768
40.1172
106.356
16.1116
27.5049
52.3079
30.864
18.1008
115.066
184.251
28.2613
77.329
40.1435
492.056
56.6287
138.643
395.892
27.3857
131.716
42.8708
47.2832
25.4357
45.6755
108.66
20.1118
54.9862
39.9195
51.1695
42.8989
35.724
25.3936
31.8274
129.776
48.9635
55.5024
54.1583
29.1523
58.6279
37.4888
168.952
146.636
40.3147
34.6133
26.4546
139.247
37.3087
27.4302
33.6038
140.074
36.7558
139.794
141.039
36.7441
36.5076
152.245
37.9027
30.8799
28.8723
143.042
39.8544
153.678
428.664
123.371
56.4843
467.24
88.9202
166.367
95.4041
33.0341
45.6463
53.1833
123.313
98.1522
442.08
58.6985
37.1427
28.6644
37.1464
64.326
24.6534
38.4515
41.2612
33.4699
39.5751
141.294
35.5705
59.7464
33.011
47.3428
16.2204
31.6503
20.7595
33.0396
30.3336
49.6645
182.097
33.398
74.6679
45.447
491.137
35.3912
135.603
393.404
13.6191
27.8822
34.2144
19.3987
27.1126
19.0331
13.592
127.885
33.3618
47.7838
34.2563
39.7866
40.5517
25.8542
225.7
201.311
31.4872
23.0061
23.0743
20.2999
23.3637
28.5654
23.5988
106.591
61.7044
52.4131
195.287
41.4633
27.2393
32.9156
25.4374
34.6111
34.1408
26.3946
589.79
56.6417
32.3422
20.7269
27.6874
25.1416
29.114
61.4904
34.5972
190.934
115.769
42.9317
521.316
524.729
185.23
82.2549
140.568
28.4083
94.5004
54.7336
20.1922
53.612
39.545
120.931
30.2981
41.0182
36.7107
19.396
55.0151
22.1907
30.0137
30.3639
15.9895
44.1161
41.9278
57.358
32.2433
60.0463
32.8795
93.6861
35.1943
102.239
530.678
198.094
31.5376
26.319
43.3146
35.8921
34.4358
132.736
44.3117
23.477
45.5702
50.3327
28.9473
131.515
37.6448
57.0433
54.1172
55.6191
508.709
62.4329
181.312
38.0227
99.581
546.28
31.6095
27.846
148.631
35.309
88.8617
39.2868
147.772
40.0913
210.899
30.9774
35.8281
55.3886
35.7576
188.484
59.0605
51.5322
158.255
43.9963
30.5414
29.1704
45.676
27.7879
38.2038
26.7481
25.5233
225.719
201.336
26.7683
22.929
22.8925
20.666
27.0796
23.2704
23.4445
106.43
61.3687
194.941
52.1652
31.5657
28.1435
32.5509
25.3782
32.1718
33.6264
25.8498
590.238
26.7804
24.6438
21.08
24.8173
23.8647
26.8693
24.0426
23.8362
33.5048
37.6912
43.6823
27.0756
30.079
39.0268
21.0476
32.4768
24.3352
29.1793
18.5464
26.8897
34.4888
33.5026
188.758
34.2081
40.9542
520.013
523.209
182.404
80.0367
138.179
27.8558
91.0891
51.8856
40.7033
54.6904
28.5292
32.5225
32.1692
90.9178
29.1063
101.838
530.661
197.647
31.3472
26.1713
23.3435
26.4925
26.1013
27.4837
43.8912
23.3667
25.3635
25.7252
22.6176
26.5923
25.801
26.6891
52.4565
33.2185
506.744
29.6821
178.129
29.4917
97.582
21.2362
45.1936
20.6238
52.6974
21.6679
21.1304
46.5297
19.9575
45.3387
52.8361
20.9497
19.2502
46.6342
22.2206
22.4817
54.7152
62.9127
62.9123
26.0298
50.7072
27.145
46.67
51.2797
39.2155
63.5012
25.4296
127.052
21.0261
21.5346
52.2332
49.6729
15.9496
46.314
50.9161
63.0761
38.8664
37.7536
22.6203
30.9539
30.9609
98.5157
207.563
72.525
27.7672
237.322
30.3859
91.0188
28.4539
43.2415
33.3602
38.6204
155.41
133.462
124.397
637.121
57.7126
23.4276
25.065
207.488
21.3509
72.1734
237.155
25.004
21.8331
28.5915
43.3199
38.8053
33.4577
25.3083
23.7206
124.308
637.888
22.6202
23.5308
22.1646
45.174
20.6057
52.5673
21.4733
21.0805
46.3988
20.8806
45.1038
52.5082
21.1416
21.7139
46.4014
20.3933
23.0604
22.8577
62.6842
62.5877
21.7663
24.3333
50.4762
46.2876
50.8591
62.9901
38.9162
24.6041
26.5716
22.142
19.1035
25.3169
18.0532
26.6292
46.2857
50.8428
38.8633
62.9611
37.7953
22.7115
31.0559
31.0142
24.5908
207.162
72.1023
22.2053
22.8869
236.946
23.8115
28.4636
43.192
33.3687
38.5895
28.2133
24.2017
124.046
26.1209
23.4752
636.962
36.0012
207.466
21.5198
72.3072
24.3441
26.9106
237.215
28.7388
43.651
39.044
33.6789
127.681
131.62
124.498
53.7179
637.911
23.388
98.5277
207.48
27.7634
72.5275
30.3884
90.9382
237.336
28.455
43.242
38.6219
33.3607
155.42
133.465
124.398
57.7178
637.127
23.4279
46.6701
51.2803
39.2156
63.5004
46.3138
50.916
38.8663
63.076
25.427
127.064
21.0221
21.5307
15.9437
49.6733
52.2264
37.7535
22.6202
30.9538
30.9608
22.144
45.1534
20.6156
52.5598
46.3908
21.4891
21.0582
20.8789
45.1081
21.1416
52.5088
46.3991
20.3942
21.7121
23.0586
22.854
62.681
62.5886
50.4744
21.7623
24.3308
25.0625
207.461
21.3432
72.1645
24.9998
21.8266
237.137
28.5898
43.3176
33.456
38.8028
25.3066
23.7188
124.301
22.6176
23.5296
637.887
24.5921
207.079
22.2067
72.1061
23.8138
22.887
236.96
28.4644
43.1922
33.3691
38.5895
28.213
24.2001
124.048
26.1201
23.4757
636.966
46.2861
50.8569
38.9146
62.9882
46.285
50.8427
38.8632
62.9605
24.5999
26.5671
22.1326
19.0994
18.0494
25.3109
26.6258
37.7946
22.711
31.0545
31.0141
546.414
57.9679
150.415
28.0101
90.1439
110.062
39.4546
148.046
40.7793
211.861
31.4235
55.7136
36.0943
60.1006
188.645
36.7944
53.4949
158.956
45.2757
13.6264
27.874
34.2057
19.4012
27.1025
13.6024
19.0333
41.9291
32.2374
57.3542
60.0425
32.8821
35.1916
93.6821
102.243
530.684
198.086
31.5403
26.3209
43.3325
35.8896
44.3158
132.75
34.4298
23.4803
45.5677
50.3563
28.9611
131.53
57.0621
37.6395
54.1185
55.6114
62.4335
508.706
99.5828
38.02
181.308
190.929
34.5964
115.771
521.312
42.9307
524.73
185.231
82.2563
140.569
28.4069
94.4996
54.7327
20.2022
53.6176
39.5449
120.908
41.0072
30.2995
36.6998
19.4061
55.0098
22.1882
30.014
15.9965
44.105
30.3699
30.5291
29.23
27.8447
45.681
26.8116
38.2111
25.5173
26.7394
22.8991
22.9202
20.6522
23.2956
27.0488
23.417
225.708
201.322
106.421
61.3635
52.1596
194.934
31.5619
28.1918
25.4398
32.5623
25.9143
32.1795
33.6358
26.7534
24.6511
21.061
24.7947
23.8823
24.0176
26.8463
590.23
15.4426
30.3072
35.0897
22.235
20.9374
29.0122
16.498
546.3
31.6528
148.646
27.87
88.8839
35.3324
39.2892
147.763
40.0982
210.919
31.0055
55.4142
35.8312
188.504
59.0853
35.77
51.5466
158.25
44.0073
40.6958
28.5723
54.6938
32.5793
32.1627
29.1315
90.9172
101.833
197.644
530.655
31.3392
26.1671
23.3196
26.4719
27.4715
26.0818
43.8846
23.3585
25.3588
25.7056
22.5924
26.6736
26.5737
25.7849
52.4491
33.2555
29.6785
506.743
29.5004
178.116
97.5763
23.8073
33.4872
37.6987
43.6998
39.0363
30.0552
27.0553
21.028
32.4691
24.3333
29.1833
18.5381
34.4927
26.873
188.77
33.5274
34.2417
520.024
40.9788
523.228
182.424
80.0539
138.199
27.8725
91.1117
51.9096
38.7369
170.902
147.743
42.2159
32.9979
25.9433
139.07
37.8985
140.421
33.0896
25.6747
37.4609
139.916
36.8982
141.676
33.3512
153.627
39.0436
26.51
143.942
25.7262
34.7216
164.779
50.7044
38.7304
31.6854
160.195
39.6591
50.603
118.055
100.628
186.182
60.7462
31.3224
112.277
42.5534
479.934
52.1001
100.741
443.529
61.0833
34.467
104.985
144.485
44.8987
61.8766
36.9881
30.8831
28.8144
66.845
39.9733
18.0733
101.414
115.036
184.254
28.2608
77.3307
56.6284
40.1448
492.059
40.1113
106.332
16.1248
27.5055
52.3155
30.8631
18.0982
138.643
395.893
155.651
430.281
125.726
45.2192
469.356
169.123
90.49
97.3634
33.2253
39.6984
125.4
54.4677
26.1212
56.3689
41.9089
42.7001
54.4074
36.2233
25.038
27.3897
131.709
47.293
42.8816
108.67
25.443
45.6855
19.8704
55.0143
51.1502
39.8868
25.2637
42.8495
35.6524
31.7391
129.8
55.4952
48.9546
29.0699
58.6488
54.1505
164.252
51.6261
38.5543
33.2327
39.07
160.006
52.8595
116.571
99.5116
184.876
58.9573
33.8839
52.0817
41.3646
53.7225
478.84
98.1258
442.059
58.6691
33.4515
39.552
141.289
59.7337
35.5361
37.1215
28.7552
37.1896
64.3084
41.2271
24.7721
38.4329
49.6126
182.072
33.3679
74.6568
45.4045
35.3438
491.116
32.9995
47.3264
16.3306
31.6906
33.044
20.9037
30.315
135.58
393.386
153.701
428.682
123.378
56.5096
467.23
88.9284
166.356
95.3969
33.0448
45.6538
53.1914
123.303
107.316
100.507
52.5397
48.0483
135.963
138.304
483.184
44.9635
379.038
122.933
100.075
97.1364
47.1433
97.9556
46.9128
98.9268
418.468
375.16
47.4094
77.0263
94.6217
96.1719
99.1376
22.6604
45.6828
134.526
43.7103
40.5067
77.048
48.9098
39.6834
21.1427
45.3432
40.5309
39.5823
112.907
82.8804
21.0301
76.4124
46.0529
42.8572
46.5653
38.1636
20.7345
105.652
417.764
374.542
46.8456
76.0079
93.7175
95.3041
92.4496
19.0517
44.4414
36.7922
42.2278
133.603
76.1667
30.8082
33.4698
18.349
44.4707
32.8141
37.2028
112.43
82.4101
14.843
54.4655
34.0604
42.4004
39.364
32.4513
16.751
25.7863
130.114
37.763
46.2265
42.9966
15.9181
103.856
16.7584
53.8525
42.0425
49.2568
19.0415
30.9455
45.269
21.4017
128.71
47.0515
51.8051
22.2269
49.6077
41.505
107.11
99.8225
56.8241
53.7589
135.406
138.395
484.299
46.1064
59.0587
379.409
100.068
96.7017
49.5905
51.3122
98.2011
106.844
99.978
51.0659
51.3189
135.054
137.651
482.947
45.4355
43.2484
378.561
99.7817
96.8203
48.3936
49.7999
97.8365
26.5733
76.7107
53.9305
54.4187
27.7461
48.1238
48.3761
58.9639
417.149
374.103
47.018
76.7064
93.9373
95.0388
59.0171
29.5624
57.0672
54.9272
51.0348
132.493
76.3646
34.6182
39.2162
24.3008
49.0221
45.0778
39.8286
111.362
82.0672
42.9949
416.763
373.819
47.0299
75.9039
93.2583
94.7453
41.8288
23.7664
57.6795
51.0253
51.3173
132.378
75.9605
32.4377
42.071
21.7473
47.8354
44.8363
44.3396
111.433
82.0267
34.9117
166.665
143.819
38.1865
37.4625
12.7945
134.882
33.6212
12.4515
39.5882
136.16
33.7613
136.17
137.926
33.2703
35.3046
148.973
34.5627
13.2209
12.5847
139.369
34.4573
152.941
428.091
122.761
36.7
466.389
87.6072
165.921
93.9319
30.7626
32.5782
51.5649
122.191
96.3055
439.163
56.7715
29.3364
19.554
17.2483
63.0921
6.89548
36.4085
81.0194
30.3327
74.667
139.137
26.9382
57.5579
27.7804
102.82
8.0945
17.2301
8.48261
28.8155
27.5759
98.4106
179.305
13.1044
72.0884
37.7633
487.914
29.882
134.229
392.152
540.227
30.3987
23.0248
145.396
97.0073
84.9843
34.7067
143.215
35.8358
206.185
13.3173
42.2378
51.194
41.3306
183.344
55.3339
47.9744
153.886
39.9403
91.3149
9.546
8.52373
42.9536
10.7233
34.974
22.7837
11.0434
7.75666
3.18068
2.37382
11.9743
3.08915
7.85067
224.455
199.625
106.335
62.0174
194.894
52.6536
38.0895
7.09907
6.0089
28.6158
40.0241
5.71939
30.0514
29.8153
4.54515
2.68528
9.92018
4.86232
23.5991
9.31189
591.23
5.94652
29.508
34.3405
80.6536
17.1743
13.6844
23.0867
7.04981
29.4794
13.4048
25.2838
6.95009
13.1111
23.6135
29.118
185.956
76.6658
37.154
517.65
519.869
179.593
76.5017
134.938
24.3977
87.9685
48.7535
39.1758
7.67495
52.5516
29.299
29.9673
11.2892
88.5969
102.222
530.253
198.006
31.0554
26.5529
6.19405
11.2909
7.61574
55.8252
44.1649
22.4962
6.77595
27.0069
4.27842
68.4685
6.96076
21.9498
51.5521
23.7702
30.6308
504.226
13.0305
176.335
96.6492
28.0191
206.839
9.01063
71.9676
236.741
31.7998
9.21292
28.7332
43.8825
39.1879
33.7506
67.868
49.9245
123.878
636.683
24.1304
23.3746
6.63821
44.6906
7.11557
52.2504
6.49553
7.3687
46.0124
6.60488
44.7164
6.92399
52.2792
7.60488
6.28413
46.0261
7.16943
21.7698
62.4343
62.456
9.14282
9.94824
50.2067
46.9477
51.6104
63.8035
39.3914
9.5923
51.5971
4.00772
4.07815
27.9497
2.53077
28.0522
46.8868
51.5186
39.3054
63.7354
38.1597
22.6346
31.159
31.2067
41.6213
207.093
9.41623
71.8959
11.9761
37.7976
236.78
28.6677
43.8114
33.6819
39.1655
30.781
29.6896
124.005
17.7118
23.5106
637.526
5.74819
44.6708
6.18156
52.2457
46.009
5.57088
6.53146
5.87221
44.7167
6.56397
52.2942
46.0242
5.91936
6.64526
6.23517
19.1054
62.4106
62.5019
50.212
7.73202
7.84724
41.9555
206.817
8.68504
71.9048
37.7823
10.2327
236.676
28.761
43.8746
33.763
39.2127
31.1617
30.5824
123.827
16.9285
23.57
636.679
26.8028
207.1
8.63956
71.9868
30.9907
8.66498
236.843
28.7159
43.9085
33.7718
39.239
68.7154
50.3931
124.072
21.303
23.3557
637.539
46.9357
51.6204
39.368
63.7425
10.2316
51.5948
4.85814
4.57333
3.03344
29.0527
28.6282
46.9571
51.5594
39.4138
63.7992
38.1934
22.6546
31.2562
31.1777
4.1459
19.0354
47.7202
10.7033
10.9445
14.5329
7.47284
30.8925
7.44087
6.32072
43.0441
5.03494
35.2531
23.4357
16.3007
7.8068
2.89328
2.38527
3.46555
12.4405
8.17067
224.285
199.603
106.136
61.7956
52.6074
194.532
42.8579
6.65067
5.37499
28.7297
5.36721
42.5833
30.2187
24.3331
5.77469
2.67145
15.0496
4.41816
9.43999
44.7315
591.238
540.244
25.5587
23.7822
145.001
30.7945
84.717
34.7012
143.125
35.8099
205.964
17.7844
44.1427
51.1748
183.347
43.215
54.9846
47.7214
153.747
39.9863
7.50427
29.3715
34.4819
34.4536
54.627
15.8577
7.64937
10.0152
28.7508
7.69305
25.8565
7.96944
48.7365
12.0386
39.5501
6.70704
52.3383
29.5476
30.5441
9.54193
88.3689
102.128
197.765
530.163
31.1706
26.6504
5.88062
11.1294
45.7619
6.72703
44.1816
22.7405
5.323
28.4881
7.54453
53.3857
30.4017
6.79712
51.63
51.4789
26.7879
503.991
13.8951
175.806
96.454
29.7296
185.394
32.2775
37.6101
517.421
519.537
178.875
76.2912
134.495
24.8415
87.7063
48.7931
161.744
53.0567
35.9096
20.451
36.4927
157.461
54.4057
114.89
97.6336
182.5
56.7331
23.1299
37.5031
38.9654
52.3817
476.51
95.2596
438.843
55.8917
46.7851
11.4185
20.6756
62.6595
33.9795
12.651
36.5975
30.887
33.0177
137.879
57.345
46.218
41.9946
35.1004
10.2072
16.1494
28.9627
12.4851
28.3292
36.8575
178.641
19.2523
71.3672
53.0247
30.2105
487.644
132.856
391.208
152.047
427.503
121.708
56.6153
465.396
87.0623
164.333
93.0802
31.3877
50.636
51.5115
121.145
352.904
103.811
310.724
363.156
29.0235
121.448
57.6931
58.3427
15.5823
127.827
80.8904
29.7541
382.162
30.4044
30.4806
8.74708
67.359
33.0504
65.2532
25.2561
16.7616
409.26
130.325
128.971
46.0749
76.9165
399.558
28.7829
60.309
53.3423
67.8892
299.563
275.674
50.3635
56.1182
277.733
92.0293
91.9895
42.6684
432.296
41.897
29.6557
27.9987
87.6688
87.9439
51.0274
45.6505
61.2005
445.151
26.2245
45.7775
39.1841
444.811
26.3498
28.5768
54.6383
132.855
15.7023
55.7392
14.2325
24.5727
32.3169
25.2636
33.3071
403.9
70.3836
14.7459
68.6998
12.1509
24.97
68.9277
8.13085
26.5407
12.0138
6.41973
61.2233
72.4877
326.828
33.132
27.1999
4.75589
32.0537
33.7984
14.0381
15.1347
9.22877
9.44643
477.684
157.122
386.959
55.2963
420.067
32.7162
420.092
53.6957
64.0576
56.8345
29.75
66.6487
8.80458
17.4191
50.4687
30.3245
50.9617
28.2282
8.8046
45.1448
16.4193
29.673
50.3258
299.121
349.81
61.5287
299.353
348.953
61.1406
30.0069
58.4846
15.6704
132.475
9.03673
55.5442
55.3245
27.2583
48.4191
33.5533
402.801
70.1602
15.5893
35.1233
14.631
57.6432
8.4045
30.7196
12.7462
26.566
10.0618
32.771
71.7995
327.28
27.0761
33.1949
30.3953
5.67793
43.0446
7.55322
23.4273
5.0799
35.2138
105.706
61.7346
194.346
52.5096
16.2259
7.95722
2.52386
3.47297
13.5047
8.13431
3.74608
223.98
199.674
23.5915
5.06009
13.9661
2.59031
43.5475
9.27894
4.16
588.408
42.9847
7.12477
5.88484
28.6184
43.3014
5.53385
30.1435
185.229
32.1382
29.7202
516.676
37.5896
519.36
178.643
24.8187
87.9016
48.7238
76.2046
134.272
541.675
144.889
25.348
23.7068
84.8392
30.6782
34.5738
142.712
35.6898
206.167
17.7917
51.1416
43.9471
54.9902
43.259
183.474
47.6308
153.412
39.8966
7.31429
29.3818
34.5791
34.414
7.53296
54.4144
15.9036
10.0203
29.1468
25.7434
7.82887
48.8641
8.4316
11.4116
4.6291
19.3568
47.4033
12.0539
14.8163
7.86994
12.2228
39.1593
7.63953
52.3951
29.0776
29.9732
11.1098
88.6876
102.168
530.059
197.983
31.0768
26.5588
6.42752
10.836
44.1885
55.8332
7.19506
22.4781
6.77506
27.0629
4.43452
68.7084
22.0699
6.73992
51.5299
23.6892
30.5958
504.719
96.7991
12.7262
176.431
541.656
145.236
30.647
22.9787
85.0612
97.1945
34.5494
142.795
35.6881
206.405
13.6328
51.2029
41.8487
55.311
183.497
41.1031
47.8311
153.536
39.8089
185.74
77.1586
29.1271
516.886
37.138
519.712
179.361
24.3396
88.1985
48.702
76.3794
134.703
3.26671
13.6145
35.1329
6.12
13.2457
3.58538
6.13065
6.28574
29.611
80.8858
34.2431
23.3495
18.8522
14.1743
7.7703
29.6186
25.1456
14.4267
24.0783
7.5375
13.3068
478.191
157.411
386.724
3.95759
33.8732
32.2574
13.036
14.2953
8.30488
8.09302
29.5394
58.7085
132.56
15.0551
55.5898
9.05203
55.4291
27.2578
48.6146
33.5923
403.473
15.3908
70.1411
35.9947
14.4154
57.5015
30.4324
8.31307
10.074
26.5977
13.0068
32.8482
72.0024
326.646
27.0894
33.2447
477.906
157.502
387.135
28.1625
55.6179
15.7669
132.8
14.5118
55.7088
24.318
32.0615
25.7554
33.2606
403.228
15.8601
70.3976
69.3152
12.4798
24.5546
8.60003
69.3457
13.8107
6.12547
26.5212
61.7446
72.2259
327.47
27.1506
33.0732
55.2597
419.981
32.77
420.197
64.5976
54.2687
51.4825
28.4159
45.5866
9.79694
17.6859
29.8087
50.3751
57.2505
30.1543
9.94029
66.6703
18.8956
30.4581
50.3351
298.774
349.298
60.9646
299.503
349.329
61.6357
362.599
29.191
120.636
57.3341
57.8728
18.2784
126.798
40.0789
31.9818
29.9259
381.431
30.4438
16.2386
50.6939
30.4197
18.3412
52.8303
64.522
408.613
129.443
127.861
45.8985
45.2392
52.8728
398.712
352.09
102.783
309.737
46.1185
53.1289
42.0755
275.429
299.012
50.2121
55.8082
277.325
46.796
131.717
39.5272
94.0766
395.884
76.712
342.717
377.87
79.103
282.74
119.764
47.6573
135.571
47.1756
94.9409
396.939
77.0385
343.049
378.755
95.6534
283.729
120.385
44.2334
338.114
338.419
106.69
106.79
126.257
46.2073
126.532
128.624
59.1152
72.4959
72.5295
357.626
358.573
285.868
85.3608
88.4602
124.332
100.436
51.1973
313.856
88.636
128.577
100.974
52.9845
313.975
114.521
88.0791
22.3975
119.313
49.9721
295.002
59.9361
116.055
88.3792
25.0609
126.036
51.0143
295.373
62.3732
361.008
334.23
96.3906
317.11
232.188
94.1899
104.296
238.939
32.903
361.082
50.8579
105.961
93.249
46.9987
258.457
49.5951
110.395
40.9312
47.0548
19.5191
101.802
67.0674
230.107
38.5995
46.2836
34.783
266.688
284.148
54.8634
50.7061
71.6264
60.7736
24.3813
24.1374
34.0801
57.1044
65.9268
13.6709
46.5145
31.6753
40.1742
14.3213
45.3568
18.5111
20.8769
46.1239
48.0012
377.737
109.573
46.3848
33.9971
38.3353
307.216
19.6733
101.131
41.8156
36.03
26.3631
32.6061
81.5564
57.5556
17.5796
54.6244
30.0672
266.537
283.709
54.7796
49.0608
50.6137
48.9334
19.2853
19.7464
30.0177
56.7792
12.0521
44.1245
32.223
359.926
333.731
95.9333
316.476
231.396
93.6767
65.4415
238.074
55.7779
360.035
50.3582
66.7675
92.778
35.1415
257.636
49.2166
60.9449
52.8484
46.7398
25.4881
71.8066
44.8463
55.7295
31.7824
229.362
56.4986
336.95
337.005
105.781
105.775
61.2273
47.8379
55.8771
55.9415
72.6239
34.6276
72.6246
47.0621
59.2372
50.8629
395.113
76.8375
93.5699
341.421
376.829
56.8241
118.785
282.275
356.71
284.863
84.9282
87.8264
107.906
99.7794
67.9093
312.68
87.8507
108.337
99.5224
68.5844
312.628
62.3984
87.7841
28.0272
65.9293
42.4249
54.0831
294.21
61.9823
87.7891
32.554
67.684
53.8992
294.161
44.0418
356.292
355.586
106.15
313.297
61.9233
29.8711
131.944
110.08
32.7549
386.164
53.0419
367.36
32.4675
126.155
61.7468
33.1455
19.6971
55.3237
111.726
69.025
30.707
42.4997
133.025
48.0138
115.998
403.39
45.4822
413.118
135.065
98.8761
101.845
56.0629
303.972
52.4064
277.787
58.0171
279.828
362.503
318.418
232.661
94.8217
113.465
335.554
97.7641
94.1434
58.2974
259.11
50.0344
124.807
47.5406
240.134
43.0211
363.566
51.9332
122.632
47.9363
26.5327
91.2668
118.045
231.225
51.6859
50.3447
53.2726
268.442
286.351
56.1344
52.1534
102.967
97.44
40.1164
35.4413
53.2577
58.8425
98.4557
20.2187
56.9287
38.9673
58.1049
19.6251
44.434
47.0984
33.4687
23.7944
48.3808
378.048
110.134
41.7515
28.5278
35.3102
82.1935
17.5309
59.5467
55.4688
45.4313
42.0367
55.2851
308.292
102.319
32.0065
59.0827
360.17
316.636
231.615
93.6402
68.5829
333.503
96.26
92.9455
38.8111
258.305
49.2006
64.6159
48.531
238.959
50.8083
360.712
50.9955
69.3727
46.9688
28.9569
54.727
71.7925
44.4207
50.0925
229.977
41.7147
267.497
284.881
54.8536
57.8381
51.324
46.996
32.973
36.418
42.818
57.4428
23.491
47.2928
47.9088
59.4961
34.9567
128.693
56.6568
383.386
31.6503
41.6551
364.919
31.6243
59.6097
123.234
32.245
27.2073
43.3669
52.2979
41.011
36.5948
66.5222
129.624
47.0461
61.9255
48.0983
400.506
410.597
131.952
45.9351
48.0029
54.9867
51.5726
301.658
276.731
56.9001
278.662
53.4162
126.457
137.555
38.3875
59.7735
45.9543
46.3421
56.5807
43.4638
37.312
408.64
75.2022
33.4922
108.717
34.8382
51.3598
111.222
25.7432
29.922
34.8361
27.1786
102.234
76.2166
332.084
36.215
29.796
95.3292
93.4921
43.9195
432.819
41.1995
56.3918
52.6239
87.4374
88.1999
121.614
48.3853
128.239
447.23
27.8039
45.5183
120.034
444.93
26.5602
29.6865
64.0675
52.5926
63.9538
33.878
40.1798
39.0125
57.8635
424.533
62.1034
422.984
118.768
138.559
104.309
52.9183
111.584
21.9856
41.4297
52.7222
56.4398
106.708
53.2695
32.7529
120.807
45.6486
59.7812
52.1849
303.353
353.353
65.2027
301.525
351.051
62.7426
479.429
157.441
386.242
56.5177
43.7299
147.403
134.25
64.8893
82.82
56.2693
51.8
73.1091
32.6296
403.317
69.9463
42.5509
128.747
38.2774
82.6646
34.2646
113.474
46.9929
26.5859
51.91
114.09
73.3759
28.1782
327.211
33.0035
480.497
159.52
390.592
25.4322
35.3937
30.0673
41.8265
27.5399
36.7933
27.3438
93.2638
92.1754
42.8934
432.409
40.9643
26.8885
26.5925
87.4862
27.3465
87.0765
47.0375
29.7292
445.897
27.1442
44.9066
27.904
26.0676
444.709
56.8717
422.485
46.082
421.88
52.7158
54.1369
46.8857
38.9822
48.2238
24.1493
31.6393
40.7048
52.1264
46.8998
39.8553
28.1368
48.4064
32.4976
51.5367
42.0692
301.591
351.573
63.2954
300.629
350.642
62.1173
31.1067
32.0654
47.3023
133.352
29.4677
31.4512
55.6802
41.2002
27.657
32.3112
403.417
69.3647
26.4771
46.9013
34.7848
27.2267
24.1681
30.6897
30.3031
26.0542
25.2781
32.1395
72.155
27.5932
327.258
32.6028
479.281
156.968
386.485
151.465
30.7449
41.6853
43.4005
22.6776
52.7657
33.8357
105.771
61.1559
194.372
51.857
34.9544
28.439
19.0682
20.6628
32.9016
29.4247
21.5247
224.276
199.546
56.8688
35.5266
34.25
21.9514
86.6412
34.7614
28.4808
591.131
98.3599
34.093
37.5113
27.7759
91.8906
39.1121
29.114
139.136
184.672
28.334
516.94
35.9833
518.431
177.797
23.8297
86.5286
47.2968
74.698
133.117
40.5634
54.9374
145.059
33.1559
60.2445
85.7499
35.6275
39.9642
49.2121
24.4302
57.2879
74.5913
30.5192
33.1231
539.539
144.192
55.4095
22.6514
83.6082
145.176
33.1868
141.496
34.2101
205.32
36.9391
49.8129
88.8981
53.7847
95.1335
182.613
46.0395
152.043
38.1805
32.7601
32.9084
42.3895
84.909
24.1587
47.1158
47.0191
38.3196
23.073
29.0266
51.0197
25.8572
29.5028
87.357
30.2701
25.9182
20.2289
27.9059
21.4188
29.0001
42.9683
101.585
197.469
530.065
22.1861
21.1901
21.2026
25.899
23.351
22.413
28.0617
50.3572
23.7312
30.5182
503.579
22.5908
95.5235
175.125
31.4834
20.3765
41.6265
26.2371
22.657
23.3537
33.8488
105.62
61.0312
51.7611
194.236
25.0914
22.6028
17.7297
19.245
23.3155
19.505
24.1773
224.031
199.275
28.6877
18.6571
21.1774
18.6957
26.0923
22.3875
20.7203
591.1
27.3619
24.2656
21.4653
27.6463
21.8301
29.0074
26.1778
24.4739
39.1282
48.6757
33.1035
26.7269
33.3961
30.1862
29.8508
32.6667
24.5423
30.6563
37.0955
25.6676
25.7573
32.375
184.681
28.3861
517.004
36.0329
518.774
177.844
23.7799
86.3738
47.2267
74.8236
133.293
21.3644
27.9275
25.7474
29.5457
22.5389
26.2391
23.9804
539.724
144.122
29.8822
22.659
83.5868
33.7142
33.1738
141.817
34.2109
205.244
27.1642
49.6538
29.9393
53.6454
30.8147
182.508
46.0794
152.491
38.3073
38.3525
38.9477
51.0154
49.6898
29.4626
29.6198
87.4455
101.722
530.092
197.61
30.3655
26.0869
41.9388
32.9511
43.1961
140.885
36.1106
22.1873
46.7004
52.9942
32.6664
139.188
86.1337
28.9767
50.502
82.257
52.8524
503.692
95.8144
36.5695
175.267
539.539
55.4099
144.191
22.6516
83.6076
145.181
33.1958
141.502
34.2119
205.321
36.9395
49.8298
88.8561
53.7833
182.567
95.1386
46.0398
152.045
38.1811
32.7573
32.9076
84.9125
42.3895
47.1158
24.1554
47.0191
184.673
139.138
28.3341
516.94
35.9833
518.431
177.797
23.8297
86.5286
47.2968
74.6981
133.117
40.5692
54.9436
145.066
33.1557
85.7531
60.256
35.6303
39.9633
49.2106
57.2869
24.4303
30.5169
74.5907
33.1237
31.4828
20.3744
26.2383
41.6269
23.3557
22.6577
33.8493
25.0924
22.6101
17.7349
19.2462
19.5091
23.3164
24.1871
105.619
61.0313
51.7609
194.236
224.022
199.322
28.6874
18.6561
18.6999
21.1747
20.7236
26.0922
22.3863
27.3627
24.268
21.4646
27.6628
21.8328
26.1914
29.0076
591.096
38.3189
23.0704
51.0197
29.023
29.5033
25.853
87.3564
101.585
197.468
530.065
30.2695
25.9167
20.2233
27.8965
28.9973
21.4135
42.9669
22.1857
21.1867
25.8979
21.1979
22.4113
28.0607
23.3466
50.3561
23.7281
30.5111
503.578
22.5862
175.124
95.5222
21.3675
27.9285
29.5468
25.7491
23.984
26.2406
22.5404
539.726
29.8826
144.122
22.6594
83.5871
33.714
33.1522
141.817
34.2135
205.251
27.1669
49.664
29.9246
182.446
53.6462
30.8178
46.0798
152.491
38.3084
24.4761
39.1276
48.6725
33.1026
30.1847
33.3931
26.7304
29.8434
32.6622
30.6486
24.5417
25.7487
25.6649
37.0896
184.681
32.3721
28.3859
517.004
36.0324
518.774
177.843
23.7788
86.3729
47.2257
74.8235
133.292
29.6884
64.0617
63.9607
52.5817
40.182
33.876
39.0139
482.379
162.814
392.831
53.4223
126.424
38.3888
137.555
45.9483
59.7707
46.3272
56.5784
43.4577
37.3123
408.64
33.4864
75.2017
108.696
34.8472
51.3477
25.7488
111.201
34.826
27.1864
29.9204
102.206
76.2041
332.085
29.7942
36.213
479.43
157.449
386.243
56.5179
147.4
43.7329
134.25
64.8772
56.2698
82.8203
51.8079
73.1151
32.63
403.319
42.5506
69.948
128.751
38.2781
82.6743
34.2673
113.482
51.9138
46.9914
26.5876
114.083
73.3741
327.212
28.1781
33.0041
57.855
62.1056
424.533
422.984
118.737
138.537
104.25
52.9103
21.9667
111.529
41.4136
56.4449
52.7053
106.678
53.2746
32.7643
120.789
45.64
59.786
52.1821
303.247
353.269
65.1987
301.498
351.051
62.7408
93.2611
92.1717
42.8891
432.405
40.9607
26.8706
26.58
27.3341
87.4807
87.0736
47.0355
29.7216
27.1397
445.892
44.9029
27.8962
26.063
444.707
35.8152
42.0553
38.5653
134.805
32.324
58.0266
41.8106
32.4275
35.9716
36.5426
406.392
41.574
30.3021
73.2025
29.0336
37.194
21.9283
32.9373
26.1392
25.1764
29.2798
32.844
74.0285
35.4139
330.774
29.3351
480.498
159.523
390.61
31.0927
47.2898
32.0948
133.349
29.4614
55.6772
31.464
41.1897
27.6529
32.3098
403.416
46.8946
26.4663
69.3631
34.7732
27.2176
24.1557
30.6852
30.2936
25.2656
26.0521
32.1303
72.1527
32.6024
327.257
27.5907
479.279
156.965
386.483
56.8771
46.1326
422.49
421.875
52.7517
54.1582
46.9257
39.0161
24.0706
48.2498
31.6624
40.7437
52.1426
46.9343
39.9163
28.1941
48.4185
32.5509
42.1117
51.5356
301.603
351.59
63.3115
300.629
350.636
62.1135
367.362
32.4669
126.151
61.7484
61.9184
29.8596
131.927
110.059
53.0116
32.754
386.103
33.1428
19.6704
111.694
55.3012
30.6683
42.4902
69.0189
413.06
135.062
132.996
47.9677
115.948
45.4449
403.287
355.576
106.1
313.086
98.8433
56.0533
101.812
277.731
303.939
52.4003
57.9887
279.747
48.6771
100.683
15.4397
42.6453
24.2422
26.0077
47.7059
49.226
379.965
112.273
42.4325
47.6538
95.9348
310.008
27.7121
103.972
96.6504
54.0229
23.912
57.4814
82.5185
128.053
24.1014
48.3378
53.2522
268.426
286.267
56.134
97.446
52.1468
102.947
40.0949
35.4312
53.2356
58.8062
20.1849
98.4225
56.887
362.32
335.516
97.7361
318.399
232.651
94.8174
113.461
239.965
42.9486
363.306
51.8817
122.57
94.1219
58.2912
259.048
50.0308
124.774
47.5339
47.9312
26.4905
118.07
91.2694
50.3425
51.6778
231.228
39.0121
58.151
19.6118
44.4774
33.4707
23.9193
47.1241
48.4181
110.216
378.124
45.436
42.099
55.3326
308.629
32.1062
59.1283
102.414
41.6957
28.3808
35.2329
82.2306
17.3488
55.489
59.5758
41.6767
267.547
284.997
54.8671
57.8264
51.3425
46.9877
32.8937
36.3035
42.7787
57.4886
23.4377
47.2595
47.8909
360.361
333.551
96.2964
316.664
231.627
93.6495
68.5932
239.134
50.8408
360.977
51.0514
69.3846
92.9762
38.7876
258.382
49.2152
64.6617
48.5265
46.9819
28.9936
71.7581
54.7071
50.0668
44.4006
229.984
353.49
104.263
311.357
45.9545
55.0018
48.0018
301.706
276.745
51.5893
56.9327
278.763
44.2504
338.365
338.139
106.771
106.683
126.251
46.2112
128.614
126.525
72.5226
59.1118
72.4906
46.793
131.712
39.5164
395.883
76.7064
94.0704
342.717
377.832
79.1177
119.748
282.716
358.57
285.865
85.3606
88.6462
128.585
100.968
53.0181
314.1
88.4453
124.321
100.433
51.2217
313.714
116.048
88.2924
25.1253
126.03
62.4005
51.0272
295.275
114.53
88.1637
22.4443
119.323
49.9959
295.117
59.9412
357.624
30.4653
83.786
11.0492
31.0779
46.1404
21.787
13.9284
48.1682
378.943
110.808
43.7093
18.9273
47.4891
82.0221
18.5543
117.983
40.9524
32.0397
31.565
71.2943
308.046
102.137
20.5764
71.9617
360.82
317.062
232.183
94.1858
104.315
334.167
96.353
93.2243
47.0482
258.397
49.5884
110.379
40.9962
238.766
32.8719
360.854
50.8031
105.936
47.043
19.5562
67.0761
101.797
46.2621
38.6232
230.069
34.7263
266.668
284.039
54.8572
71.6007
50.6949
60.8048
24.3761
24.0269
34.0001
57.0648
13.6413
46.4124
65.9466
31.708
40.1483
14.267
45.3743
20.8829
18.4649
46.1493
48.0296
109.645
377.796
36.0647
26.203
32.5626
81.5751
17.5711
54.4823
57.5589
46.4987
34.1857
38.4316
307.568
19.6613
41.8729
101.231
30.1243
266.578
283.818
54.787
48.9239
50.6269
49.0679
19.1503
19.751
30.1765
56.8195
11.2561
32.238
44.2901
360.107
316.524
231.418
93.6859
65.4093
333.792
95.9691
92.8004
35.1417
257.688
49.2282
61.0218
52.8506
238.242
55.8158
360.261
50.4083
66.7538
46.7512
25.4729
44.7727
71.7832
31.7989
55.6936
229.401
47.0862
59.265
50.8563
76.8597
395.13
93.5947
341.434
376.847
56.8299
118.811
282.296
46.7196
57.8709
46.2776
76.8769
394.876
93.0798
341.709
376.829
39.9821
118.836
281.803
284.879
84.9395
87.8781
108.341
99.5306
312.769
68.5735
87.8269
107.949
99.7917
312.555
67.9155
61.921
87.7282
32.4132
67.7036
53.8639
43.9468
294.082
62.3226
87.8801
27.9548
65.8762
54.0405
42.3177
294.338
356.304
356.717
58.3379
15.6903
127.822
80.9326
382.123
29.7509
30.3768
363.269
29.0367
57.7316
121.501
30.4805
8.85723
33.048
67.5403
25.2535
16.8511
65.2532
128.955
46.0298
76.9643
28.8104
399.478
409.377
130.394
60.3852
67.9492
53.3481
50.3575
299.554
275.676
56.0871
277.663
4.54097
32.0818
13.7347
33.7974
8.77735
15.0201
9.18636
478.974
157.958
387.434
92.1687
92.138
42.7369
432.365
41.907
29.8346
28.0253
87.9569
51.0671
87.6828
45.7221
61.3642
445.167
26.2605
45.8493
39.0913
26.3824
444.867
55.3452
32.7385
420.5
420.528
53.8225
64.1658
56.894
29.6935
8.7503
66.78
17.3696
30.213
50.4803
51.0319
28.1491
8.72114
45.1809
16.3406
50.3558
29.583
299.237
349.904
61.574
299.559
349.184
61.196
30.0713
15.4865
58.3121
132.706
8.99232
55.4281
55.706
27.2224
48.3949
33.638
403.367
70.3385
15.6496
34.9221
14.8984
57.6525
9.10734
30.8234
13.4026
26.6764
10.4474
32.8079
71.8665
27.1253
327.914
33.256
478.402
157.366
387.485
39.5769
6.33771
29.8086
52.3157
9.13418
30.564
88.5368
31.2022
26.6432
5.39183
11.5509
6.52683
45.7068
44.1886
102.074
197.762
529.974
22.7368
4.85317
5.49755
27.1546
5.7459
52.582
29.7813
51.6266
51.7387
27.2993
504.576
14.2871
96.6098
175.949
30.3733
5.66924
7.60346
43.0391
5.07256
23.4223
35.2069
16.217
7.94924
2.51868
3.47383
8.12442
3.73599
13.5021
105.704
61.7319
52.5069
194.344
223.979
199.686
23.5851
5.03279
2.58142
13.9657
9.27618
4.13886
43.5253
42.9838
7.17639
5.87598
28.6143
5.52911
30.1384
43.3254
588.408
7.24668
29.4595
34.712
34.4891
16.0961
7.59043
54.5282
9.08202
29.0497
7.5248
25.8414
11.6422
7.47626
48.9372
4.61265
19.3522
11.6547
47.5259
7.81169
14.8406
12.2058
32.1825
185.239
29.7629
516.675
37.6339
519.794
178.82
24.8326
87.9888
48.7667
76.3521
134.466
541.848
25.4106
144.904
23.7395
84.846
30.6795
34.645
143.113
35.7657
206.223
17.8621
51.1435
43.9864
54.993
43.2539
183.531
47.7314
153.828
39.9819
90.778
8.4889
10.3037
42.8283
11.1661
22.7807
34.871
11.4732
7.93911
2.37211
3.24051
2.9881
7.9761
12.4797
105.91
61.9848
52.6153
194.703
224.149
199.705
30.1547
4.49995
2.69733
10.021
4.74831
9.53228
24.4223
38.5695
7.56613
5.89723
28.5508
5.57218
40.2894
29.9713
588.407
39.1604
7.62782
29.1308
52.3916
11.1034
29.9735
88.6877
31.0772
26.5618
6.43416
10.8013
55.7966
7.19004
44.1911
102.168
197.984
530.06
22.4788
6.78376
4.44798
27.094
22.0748
6.74731
68.7008
51.5324
23.7154
30.7034
504.798
12.7164
176.448
96.8058
3.21815
13.6628
6.08754
35.2765
6.02884
3.50703
13.1981
6.35157
29.6055
80.9629
34.3151
23.4517
18.8402
14.2194
7.81878
29.6646
14.3187
25.2465
7.43494
24.155
13.3278
541.828
30.7132
145.249
23.0052
85.0672
97.2845
34.6204
143.194
35.7601
206.461
13.6957
51.2046
41.9101
183.554
55.3121
41.2151
47.9217
153.948
39.8872
77.2039
185.748
29.1558
516.884
37.1665
520.142
179.53
24.3517
88.2779
48.7348
76.5159
134.887
29.7054
58.7745
15.1291
132.761
9.04884
55.7319
55.5854
27.3108
48.6222
33.6597
404.041
35.9249
15.5085
70.3031
14.6606
57.6143
8.50823
30.5427
13.2508
10.3847
26.6942
33.1079
72.0515
33.2782
327.306
27.1211
92.1288
92.2037
42.7545
432.377
41.9203
27.8207
29.762
50.896
87.8952
87.7685
45.9432
38.7043
26.4157
445.064
45.6713
62.0201
26.2578
444.974
478.841
157.635
387.285
28.2226
15.8809
55.7338
133.008
14.6943
24.3666
55.8447
32.1372
25.8392
33.3333
403.782
69.4436
15.6702
70.5573
12.6615
24.6748
8.14133
69.5151
6.04701
12.8815
26.6135
61.7768
72.2754
33.1054
27.1813
328.086
55.3058
32.8332
420.404
420.621
64.7479
54.3539
51.5637
28.4581
9.77754
45.7355
17.7579
29.9174
50.4016
57.2589
30.1635
10.0518
66.7346
18.9597
30.4072
50.3615
298.986
349.519
61.0092
299.729
349.55
61.679
478.555
157.719
387.655
352.112
102.835
309.944
46.1583
42.1691
53.1481
299.064
50.2228
275.513
55.8425
277.395
45.4651
53.1349
41.4437
50.2599
274.651
299.687
55.7343
277.215
362.349
29.1972
57.2814
120.592
30.4412
16.8246
50.1881
30.135
52.4116
64.7186
18.4879
57.8446
18.2945
126.784
39.988
381.586
29.9254
31.8831
408.052
129.47
127.789
45.257
45.9099
398.675
52.6337
351.977
102.724
309.831
95.1648
439.152
55.7326
30.8644
32.9903
137.729
46.2069
57.1883
46.8013
10.9418
62.581
20.6559
11.5361
33.969
36.5975
36.7047
178.318
71.2093
19.1266
487.095
30.0094
52.6346
132.828
390.78
41.8945
35.035
10.6761
16.0669
12.1182
28.8669
28.3581
34.1717
165.884
37.2001
143.325
44.7009
14.287
33.1401
134.543
14.9273
135.61
42.4192
47.5324
148.262
34.0098
16.4051
15.5486
138.831
51.019
33.2472
136.054
137.512
33.0597
121.756
465.3
56.8533
164.298
87.2076
152.009
427.167
93.1275
50.8473
31.3979
121.155
51.6326
161.762
53.1344
35.8766
21.0267
36.4929
157.414
54.2988
114.809
97.6516
182.544
56.7629
23.3579
37.483
38.9644
476.694
51.9812
34.8153
166.56
38.1327
143.679
37.8886
13.4586
33.4023
134.584
135.74
12.702
40.1151
35.7672
148.603
34.4046
13.1827
139.069
12.7529
34.7538
33.6375
136.125
33.1916
137.737
96.1911
439.454
56.5909
30.2918
74.912
138.95
27.3118
57.3879
29.2918
20.1635
62.9986
17.1729
36.3871
81.0006
6.99952
98.4931
178.948
71.8895
13.6076
29.8588
487.345
37.8157
134.188
391.719
27.733
102.883
7.9578
17.0888
28.5436
27.5747
8.72637
161.98
51.6549
36.0163
18.7712
157.502
36.9002
50.8515
115.229
98.0049
183.103
57.4028
16.6134
115.403
39.6663
476.881
52.7234
122.776
466.264
36.816
165.845
87.7119
152.844
427.719
93.9183
32.7004
30.7319
122.144
51.6422
362.913
29.006
57.6222
121.401
30.4748
9.2138
67.3513
33.1447
16.979
25.4621
65.4193
58.3091
15.736
127.794
81.1738
30.3423
29.756
382.275
408.619
130.319
128.864
76.8185
46.0345
28.7766
399.387
60.3591
53.2947
67.9898
274.782
300.153
50.3865
56.0083
277.544
352.734
103.669
310.589
224.234
224.47
123.335
312.972
313.146
55.7778
105.097
101.962
320.135
48.4542
319.797
267.605
280.434
50.5151
267.801
280.318
50.5188
58.7094
50.2393
69.2804
17.5796
58.1792
35.5811
26.0173
55.2675
48.3902
14.9856
55.331
32.2073
24.8289
58.0009
40.7396
67.2182
343.267
53.2589
93.6849
30.6911
115.879
68.1586
105.648
112.088
201.705
58.3871
95.0928
52.1241
63.3199
243.753
63.2582
28.4557
123.154
113.261
50.8402
344.974
275.932
213.874
329.526
107.137
98.4557
48.7364
352.105
258.373
114.216
244.593
244.724
108.385
219.218
226.679
106.877
219.12
226.356
223.332
62.5941
62.1549
62.2077
106.869
109.245
108.412
66.1676
58.1885
53.9463
343.052
30.2473
93.0904
116.364
50.7858
65.9307
101.108
201.656
44.2058
94.3668
54.256
64.8173
62.466
243.192
31.5216
109.286
116.465
50.2108
274.97
344.045
333.432
95.9879
359.757
316.633
93.5793
231.186
65.3432
237.87
55.6732
360.199
66.7508
50.2442
46.7468
25.1728
71.868
44.923
55.6839
229.396
31.859
92.7526
35.0979
257.64
49.1502
60.776
52.7938
31.7532
40.254
45.4406
14.1948
46.1156
18.7283
20.8481
47.9692
109.559
377.423
46.3144
33.9775
38.2673
307.211
101.11
19.862
41.6589
35.9934
26.3668
81.4833
32.6212
54.3907
17.7809
57.465
21.0349
128.657
51.7262
46.9564
49.7352
41.6102
21.9438
17.2825
53.8581
49.1186
41.8881
45.1794
19.2215
30.8
14.8913
54.384
42.5711
34.2389
32.594
39.5454
16.4604
26.0593
129.969
46.5067
37.87
103.76
15.8894
43.1196
34.5687
266.674
284.347
54.885
60.9616
50.6952
72.0059
23.9989
23.9488
33.9265
57.1716
13.1381
65.8945
46.3579
30.3514
84.1621
31.1137
11.6586
14.2359
46.1194
22.6002
48.1214
378.6
110.767
32.0361
31.5013
71.3259
308.018
21.1862
102.087
72.1169
43.3918
19.2546
81.9194
47.6232
117.879
40.9397
18.8022
333.882
96.4087
360.629
317.217
94.1093
231.965
104.553
238.55
33.0001
361.007
105.986
50.6713
47.0567
19.1436
102.005
67.3129
38.8566
46.1762
230.115
93.1968
47.3896
258.367
49.5168
110.514
41.1681
213.702
329.726
107.222
98.4475
48.7721
352.069
258.397
66.3312
58.8643
342.667
53.9296
93.0815
29.8464
116.586
50.9561
66.2644
101.298
44.1888
201.611
94.3295
54.2863
65.2091
243.366
62.8841
31.4394
109.585
116.815
50.1744
274.732
343.985
214.111
330.232
111.435
98.8711
49.2883
352.63
259.472
41.0861
67.7084
53.2144
343.652
31.1717
93.6853
116.124
68.4289
105.605
112.176
58.5397
201.722
95.1021
52.1164
63.6707
63.4336
243.567
28.4921
113.194
123.328
50.8387
276.113
344.994
114.414
244.429
244.856
107.09
219.182
226.386
108.433
219.194
226.617
223.338
62.8486
62.5614
62.3347
107.121
108.661
109.392
224.112
224.099
116.814
311.705
311.835
51.1724
95.2183
344.636
56.0717
94.4891
43.5502
125.535
90.6894
111.502
119.733
202.138
62.5618
95.7504
53.6944
63.8671
243.879
65.18
29.8345
127.407
119.305
50.8804
345.819
276.341
56.656
124.364
125.921
321.381
57.5407
321.213
269.313
282.133
51.6548
268.931
281.525
51.4405
99.6859
56.8236
102.63
22.3074
59.0539
52.353
42.4699
100.613
59.2324
26.7914
105.365
52.464
44.159
58.8343
126.949
245.283
244.983
110.928
219.398
226.956
111.925
219.319
226.679
223.558
69.2546
66.3454
67.3738
110.73
116.084
116.761
214.492
330.729
139.808
98.7579
49.4804
353.181
259.078
71.6947
57.8922
96.5055
343.335
44.4649
138.206
92.9825
56.5216
75.3767
70.0056
243.634
36.1321
124.135
138.881
93.6939
110.221
132.632
201.703
68.7679
93.9983
50.6752
275.255
344.824
214.489
329.463
106.075
48.6407
98.4052
258.748
351.907
55.3169
100.743
103.592
319.711
66.9484
319.978
268.184
280.677
50.6633
267.926
280.577
50.5569
50.7842
66.5828
60.4347
27.1943
44.1019
57.554
43.4857
51.7018
74.0738
29.0727
68.3631
45.0973
57.5976
48.9902
119.213
244.876
244.629
108.124
219.198
226.473
110.495
219.242
226.527
223.443
68.0281
65.1386
66.2323
108.767
110.716
112.258
57.0659
78.4958
64.7239
342.394
44.6242
131.256
92.8049
79.5968
76.7258
68.8959
243.496
41.2887
117.859
139.374
64.1659
104.4
124.513
202.091
61.3735
94.1525
49.8253
274.98
343.722
214.419
329.426
123.162
98.1906
48.4896
351.972
258.952
102.799
54.0955
111.577
51.4193
277.491
300.124
56.26
278.858
30.0832
48.8936
140.054
61.777
79.0761
64.9728
39.7434
362.015
28.1373
56.6889
119.613
56.9055
35.4342
132.081
125.55
380.54
55.73
28.6409
409.944
129.436
127.589
142.155
45.2946
399.141
77.8872
350.678
101.551
309.026
334.943
96.2777
317.175
93.5218
231.448
121.42
359.905
47.1357
43.2752
125.164
100.536
72.3548
229.7
51.4803
238.313
79.0509
361.096
132.433
50.212
92.3185
73.9462
48.9645
257.067
70.9349
133.539
45.8268
120.94
75.8285
34.8322
44.6354
52.6519
64.178
46.7024
108.696
376.521
74.7441
47.0886
118.845
306.674
100.095
63.7072
120.255
47.2567
54.1265
80.6081
82.3185
80.4066
39.3775
137.835
49.2697
267.236
54.4556
284.281
50.8448
48.9846
67.2235
45.5979
44.8782
55.7694
56.5382
50.7725
35.4001
70.6903
333.742
95.87
316.25
93.3017
231.487
108.49
359.513
46.4156
39.1755
108.414
64.4052
229.613
50.7972
65.6569
238.373
52.1023
360.277
113.053
49.7716
92.2496
53.3425
48.3834
257.102
52.0657
117.434
60.8354
76.1325
43.3803
39.1778
46.892
44.3994
47.6334
46.3761
108.528
376.316
47.2645
56.7329
69.564
306.752
42.2296
74.9725
99.8077
83.0829
40.3203
80.4262
59.4408
64.3414
44.2246
126.593
29.613
35.2989
55.4388
56.8207
64.3206
32.0093
39.6475
361.753
27.7638
119.253
56.1548
56.458
38.7086
69.8311
125.185
28.2694
55.2186
380.302
409.125
128.857
126.959
74.5508
44.8252
398.802
43.508
350.464
101.322
308.811
93.7018
437.272
54.2722
29.4209
126.621
136.594
72.6474
55.9395
72.8773
61.5424
61.0372
36.15
40.6122
126.643
34.9406
140.236
176.988
69.6944
47.3815
485.782
47.0444
93.4244
131.457
390.01
69.6433
133.481
35.3226
35.1006
43.784
49.2503
26.4855
32.481
164.344
35.6261
141.605
74.6918
35.3922
31.5956
132.993
35.9502
134.106
73.976
77.1063
146.878
37.1813
32.3013
38.9834
80.0758
137.188
31.5623
134.229
135.812
31.2456
120.018
464.124
85.779
162.896
85.5082
150.092
425.911
91.2056
70.59
29.4983
119.292
49.7421
159.818
85.0128
37.5447
33.8801
34.5405
86.7691
155.452
112.844
95.5932
180.664
54.8755
39.3558
141.325
37.032
474.959
93.4441
67.4007
126.692
83.674
67.8691
86.5433
133.811
50.6052
46.634
51.6654
81.9681
61.547
69.3467
54.2622
46.3291
46.8479
126.694
67.2007
54.9729
40.9782
79.9355
65.1303
46.1906
51.6452
58.3427
41.3517
35.693
46.6629
63.3072
32.5367
164.369
35.6238
141.678
29.3659
26.1957
31.6832
133.151
29.0288
26.4824
134.389
30.4799
147.139
30.2773
32.466
33.6383
27.5627
137.528
31.5577
134.144
31.2008
135.83
119.937
464.038
62.0274
162.727
85.3556
150.116
425.915
91.2578
44.4702
29.5372
119.289
49.6996
159.765
61.7392
46.3959
33.8139
63.1642
34.4942
155.395
112.848
95.5809
180.661
54.8424
50.1449
73.3677
68.1382
37.0321
474.973
32.4824
164.345
35.6268
141.61
74.7059
35.3709
31.6003
132.898
134.128
35.9516
73.8923
77.111
146.88
32.3025
37.1804
137.194
38.9833
80.0782
31.5671
134.15
31.2222
135.832
93.7018
437.272
54.2723
29.4206
126.627
136.594
72.6505
55.9393
72.8805
61.5556
36.1534
61.0369
34.94
40.6192
126.649
140.24
176.988
47.3807
69.6944
47.0442
93.4237
485.782
69.6448
133.483
35.3228
35.1021
49.2496
26.4858
43.7872
131.457
390.01
159.822
85.0081
33.8715
37.5472
155.461
34.543
86.7738
112.844
95.5936
180.666
54.8761
39.3557
141.33
37.0329
474.96
93.4452
120.018
85.782
464.124
162.895
85.5076
150.092
425.911
91.2056
70.5914
29.4984
119.292
49.7426
46.6335
51.6655
81.9698
61.5476
46.328
69.3468
54.2642
67.4053
126.692
83.6745
67.8699
133.815
50.6073
86.5451
46.1892
51.6459
58.3427
41.3482
35.6895
46.6637
63.3052
46.8424
126.694
67.1957
54.968
40.9701
79.932
65.1254
93.7883
437.562
54.3521
29.3298
45.4154
136.665
55.7697
28.9666
33.756
44.7736
46.2079
60.8641
49.9687
36.3277
34.7796
62.7595
177.356
37.9879
69.8496
46.0758
48.5119
486.627
27.6851
61.0199
25.5979
37.3996
47.1843
31.2258
26.5074
131.372
389.997
159.763
61.7399
33.8241
46.3966
34.4934
155.387
63.167
112.849
95.5813
180.66
54.8423
50.1485
73.3621
37.0322
68.141
474.973
119.936
62.0253
464.037
85.355
162.726
150.116
425.915
91.2577
44.4686
29.5367
49.6991
119.288
362.015
28.1373
56.6897
119.613
30.0836
48.8938
140.044
61.7845
39.7497
79.0804
64.9721
56.9061
35.4323
125.55
132.088
55.7311
28.6407
380.541
409.943
129.436
127.59
142.146
45.2948
77.8941
399.14
102.781
54.093
111.569
277.491
300.124
51.4206
56.2601
278.859
350.678
101.552
309.026
52.56
268.164
285.113
55.5691
100.413
51.6731
107.585
47.8079
59.9042
56.0259
57.4815
34.99
105.325
56.1419
45.8314
120.947
34.8393
75.8311
52.6493
64.1826
44.6357
46.7025
376.521
108.696
74.7465
47.0987
118.839
306.674
63.6963
100.095
120.249
47.2642
54.1276
82.304
80.6079
137.824
39.3825
80.413
334.969
96.282
359.905
317.178
93.529
231.45
121.417
238.313
79.0578
361.097
132.426
50.213
47.1386
43.2552
125.154
100.515
72.3572
51.4826
229.704
92.3197
73.9445
257.067
48.9662
133.544
70.9388
49.3319
267.254
284.267
54.4502
67.2391
50.8383
49.0196
45.6915
44.9346
55.767
56.5289
35.4948
70.7008
50.7853
60.8455
76.1348
39.194
43.388
47.6454
46.9024
44.3998
46.3765
108.528
376.316
47.2711
56.7078
69.5593
306.753
42.2353
74.9541
99.8084
83.0687
40.3268
59.4418
80.4262
44.2188
64.3509
126.587
333.73
95.8568
359.512
316.237
93.2892
231.474
108.421
238.364
52.137
360.268
112.986
49.7695
46.4031
39.2868
108.424
64.4164
50.8552
65.685
229.599
92.2414
53.3219
257.101
48.3792
117.362
52.1087
46.1219
53.6085
49.7142
299.55
276.655
50.6511
55.6875
277.924
350.464
101.323
308.812
214.651
331.166
125.335
99.8448
49.9249
353.837
260.386
51.1609
95.1921
56.0378
344.594
43.5276
94.476
125.523
90.6847
111.497
119.729
62.5684
202.128
95.7411
53.7
63.9015
65.211
243.915
29.8947
119.3
127.401
50.8747
276.32
345.746
214.62
330.754
139.838
98.7747
49.4919
353.261
259.128
71.6959
96.5369
57.8725
343.409
44.4346
93.0079
138.233
93.6876
110.207
132.636
68.7199
201.715
94.0049
56.5002
75.3371
69.9734
243.638
36.0438
124.138
138.896
50.6847
275.26
344.858
126.956
245.245
244.987
110.928
219.431
226.955
111.919
219.355
226.683
223.584
69.2338
66.3535
67.3513
110.746
116.07
116.759
55.3188
100.747
103.649
66.9719
319.717
319.978
268.202
280.698
50.6723
267.947
280.595
50.5584
50.7818
66.5318
27.193
60.4164
43.4308
44.0846
57.5589
51.727
74.1492
28.9586
68.4014
45.1069
49.0498
57.595
64.2454
58.0167
74.1953
342.64
43.3152
92.8656
121.119
56.3173
67.503
101.608
94.1341
43.6047
202.01
69.4584
66.3572
64.9326
243.229
36.8046
119.392
112.555
49.807
343.6
275.133
214.497
329.472
106.027
98.4136
48.6476
351.914
258.756
57.13
64.7603
78.5214
342.419
44.6623
92.8022
131.321
64.1942
104.363
124.527
94.1405
61.4259
202.079
79.7245
76.8475
68.9796
243.489
41.3913
139.434
117.933
49.8184
343.71
275.008
214.416
329.416
123.224
98.1844
48.4814
351.965
258.944
119.244
244.883
244.658
108.074
219.173
226.483
110.563
219.234
226.55
223.425
68.0061
65.0342
66.2461
108.762
110.699
112.308
224.384
224.307
123.344
313.089
313.076
213.924
330.386
111.207
49.2915
98.8127
259.433
352.467
55.788
105.077
102.028
48.3768
320.153
319.944
267.606
280.422
50.5146
267.801
280.332
50.5188
58.7186
50.1637
17.592
69.2414
35.5261
26.0104
58.1772
55.2968
48.3219
14.9677
55.3595
24.8172
58.0183
32.1581
114.372
244.945
245.054
108.439
219.332
226.86
106.902
219.22
226.499
223.569
62.7706
62.2351
62.2261
106.946
109.363
108.549
66.2319
54.0215
58.2814
343.417
30.4462
116.462
93.1833
54.3857
64.915
62.5229
243.268
31.7852
109.393
116.529
50.8727
65.9866
101.137
201.682
44.3061
94.3741
50.2352
275.166
344.087
214.125
329.547
107.193
98.4743
48.7449
352.205
258.48
29.912
266.549
54.7916
284.111
50.6125
49.0814
48.6391
19.0983
20.1305
29.8398
56.9284
44.1291
11.9882
32.0541
333.474
96.0181
316.651
93.5825
231.192
65.4146
359.941
46.7512
25.2393
71.9075
45.037
229.394
55.7024
31.9263
238.04
55.7322
360.464
66.8236
50.2965
92.7713
35.1464
49.1488
257.7
52.8394
60.9458
31.7436
40.2876
14.0427
45.4942
18.5879
20.5939
46.1533
48.0043
109.634
377.489
46.4691
34.0516
38.3734
307.552
19.6571
41.7747
101.214
36.0214
26.2891
32.6415
81.5007
17.7842
54.3497
57.4756
20.8455
128.672
51.6482
46.8564
21.7905
41.6036
49.6913
17.0876
53.8724
49.0344
41.7803
19.061
45.1017
30.6795
14.9518
54.401
42.54
34.2123
16.5567
39.5116
32.5714
26.3395
129.983
46.4564
37.8467
15.8891
103.69
43.0794
34.6676
266.714
54.8928
284.455
72.0348
60.9505
50.7067
24.0815
24.1698
34.0594
57.2124
13.2294
46.4808
65.9536
30.4445
84.1711
11.7528
31.1386
22.542
14.3176
46.1465
48.1567
110.848
378.67
32.1107
31.7009
71.3497
308.355
21.4669
72.2135
102.183
43.5377
19.0955
47.4667
81.9576
18.6273
40.9597
117.894
333.927
96.4437
317.246
94.1286
232
104.486
360.818
47.0727
19.156
101.984
67.2394
38.8293
46.1934
230.123
238.726
33.0851
361.267
106.017
50.7304
93.2294
47.2484
49.5451
258.447
41.0317
110.534
66.3815
58.8894
53.9329
343.031
29.9097
93.1729
116.641
50.9621
66.2815
101.332
94.3604
44.1531
201.662
54.338
65.105
62.7143
243.407
31.374
116.846
109.608
50.2182
344.095
274.957
55.8194
102.304
105.359
48.0681
320.031
320.115
267.605
280.249
50.5238
267.886
280.545
50.5638
55.5754
48.0424
14.6082
55.0975
24.6656
32.074
58.1363
59.1693
49.7883
17.0803
69.3699
25.8138
35.2927
58.1197
213.826
329.747
107.261
48.7815
98.4561
258.444
352.07
40.9417
53.2009
67.6272
343.973
31.1415
116.123
93.7782
51.992
63.4958
63.2744
243.666
28.1599
123.264
113.213
68.251
105.583
112.096
95.1506
58.3767
201.768
50.9001
345.078
276.361
114.53
244.799
245.229
107.014
219.231
226.547
108.425
219.243
226.806
223.543
62.7984
62.3316
62.17
107.075
108.714
109.425
214.255
330.25
111.389
98.8837
49.3061
352.653
259.515
30.4696
16.5212
50.2346
30.1209
64.7466
52.4829
18.3623
362.468
29.2382
120.651
57.3414
57.8717
18.1855
40.014
126.816
29.9508
31.8331
381.66
408.233
129.557
127.84
45.2562
45.971
398.791
52.6659
351.999
102.788
310.058
34.212
165.951
37.2414
143.395
44.7916
14.4232
33.2838
134.887
42.4894
14.9857
135.95
47.6717
148.587
16.3634
34.15
51.2186
15.5441
139.157
33.2891
136.122
33.1035
137.576
121.776
56.7784
465.311
164.311
87.2237
152.02
427.177
93.1477
50.7393
31.4119
121.173
51.6469
161.769
53.086
21.0105
35.887
54.2499
36.5055
157.419
114.82
97.6661
182.551
56.7785
23.297
37.4734
51.936
38.9775
476.702
96.2726
439.59
56.653
30.321
74.9373
139.166
57.4237
27.3175
29.3318
20.1685
17.1469
63.0049
81.0187
6.98539
36.3928
98.6277
179.291
13.6735
72.0826
37.9017
29.9651
488.158
27.7253
102.941
7.88045
17.0482
28.5617
8.70057
27.5822
134.251
391.829
161.982
51.6122
18.8602
36.0245
36.9066
50.8203
157.505
115.233
98.0135
183.104
57.4087
16.6546
115.385
39.6709
52.7105
476.881
122.78
36.8188
466.264
87.7137
165.844
152.847
427.72
93.9274
32.7144
30.7326
51.6428
122.149
60.4373
53.3128
68.0387
300.231
274.852
50.3978
56.0388
277.65
352.742
103.718
310.799
224.01
116.437
311.728
311.843
224.172
46.7374
46.4048
57.8876
394.98
93.0031
76.799
377.064
39.9909
281.76
118.862
341.389
284.834
84.894
87.868
107.818
99.7284
67.9351
312.752
87.7634
108.29
99.5197
68.5928
312.509
62.3606
87.7542
65.8415
28.1119
294.166
42.5176
53.9963
61.8127
87.7579
32.4922
67.6354
44.0883
53.8169
294.15
56.4662
337.025
336.862
105.749
61.0968
105.725
47.9128
55.9307
55.9865
72.57
72.6063
34.8533
356.357
47.0243
59.2742
50.9077
76.8628
395.018
93.6153
341.71
376.6
56.7385
118.709
282.289
106.822
50.8938
99.8692
135.136
50.928
137.733
483.247
45.4521
378.783
43.1185
99.7612
96.7168
47.9093
97.8767
49.3061
26.5233
76.6596
54.628
54.0802
48.5473
27.8791
48.2578
416.716
58.9081
47.0296
374.075
94.9971
59.1215
57.1974
29.5315
132.546
51.1837
54.9728
76.7113
94.0099
111.485
82.1693
76.3261
34.3496
24.1621
39.0903
39.8331
45.0769
48.9779
107.137
99.9495
56.6228
53.4473
135.328
138.294
483.971
46.0765
379.172
58.9352
100.093
96.8153
49.2685
50.9635
98.1634
105.582
418.166
374.518
46.7911
75.9459
93.5867
95.2786
92.1499
19.1675
44.4577
133.471
42.4124
36.8039
76.1459
30.8815
33.5791
18.2512
44.4147
37.2147
32.9221
112.326
82.2952
20.7594
76.398
42.7843
46.0377
38.0873
46.5579
20.7591
107.674
100.59
50.2525
48.0097
136.525
139.305
484.856
46.1055
380.128
109.838
100.411
97.1824
48.2416
98.2597
47.7457
418.032
98.8999
47.4287
375.152
96.1453
99.3898
45.6524
22.6635
40.4005
134.602
43.6772
77.0497
94.7111
112.961
82.9549
77.0252
48.687
21.0964
39.5454
39.4674
45.3716
40.4017
357.513
44.2894
338.213
338.233
106.661
126.198
106.731
46.1942
126.292
128.774
72.4646
59.0183
72.5132
285.84
85.3349
88.497
124.371
100.377
51.4491
313.922
88.5352
128.518
100.951
313.835
53.1615
114.446
88.0464
119.234
22.9483
60.0292
294.956
50.1031
116.109
88.3533
25.5106
126.141
51.0949
295.372
62.512
47.608
135.731
47.2401
396.847
77.0814
94.9748
343.235
378.43
95.6914
120.307
283.701
358.625
224.126
123.337
313.232
312.865
224.529
137.479
312.326
311.951
224.157
224.023
64.0675
73.791
342.329
57.8792
120.849
42.9475
92.8753
69.2124
66.1664
64.7237
243.356
36.8812
112.349
119.18
56.2089
67.22
101.327
43.5128
94.0783
201.952
49.7735
274.952
343.572
56.8671
78.137
342.754
64.6801
131.229
44.0649
92.8428
79.5053
76.6515
68.655
243.299
40.6362
117.875
139.463
64.2263
104.231
124.651
61.2839
94.2149
202.173
49.8869
275.234
343.798
214.333
329.613
105.706
48.6467
98.3747
258.754
351.825
214.657
329.3
123.257
48.5136
98.2653
259.007
352.073
55.3515
100.516
103.623
66.5699
319.863
319.876
267.969
280.607
50.6667
268.206
280.723
50.6211
50.6866
66.1641
27.2368
60.3466
42.9647
57.6641
43.9066
51.5831
73.8541
28.524
68.3466
44.4948
57.5441
48.7813
316.499
231.788
93.695
68.4632
360.498
333.857
96.2373
92.9637
38.8315
49.2234
258.324
48.4621
64.5556
46.9537
29.066
54.6142
71.5544
44.3023
229.959
50.0015
239.324
50.7732
360.786
51.1461
69.2236
48.4039
378.39
110.193
39.1256
58.2437
19.746
44.385
24.1879
33.7229
47.0966
41.7611
28.6813
35.4456
82.2516
59.4723
18.2635
55.4232
45.3651
42.0472
308.631
55.2462
59.0818
32.0794
102.412
41.5949
267.555
54.8532
284.695
46.9401
57.747
51.3732
32.6966
36.1495
57.3886
42.5743
47.1623
23.2611
47.8344
31.7461
129.859
48.9446
55.5271
58.6749
54.1652
29.0312
20.3324
54.9874
39.7869
51.1484
35.615
25.3701
42.8345
25.9817
56.3355
42.6611
41.8816
36.1704
54.4059
24.8695
27.3512
131.762
42.7755
47.2769
45.5591
25.3168
108.981
49.2375
380.261
112.266
48.6817
100.235
15.644
42.6116
47.6925
26.0895
24.27
54.0101
23.9597
57.5112
82.5711
24.1822
127.997
48.399
42.4588
47.6911
309.989
95.9565
103.975
96.7383
27.722
318.211
232.828
94.8705
113.326
362.473
335.774
97.6529
94.1138
58.2218
50.0579
259.031
47.6063
124.713
47.8856
26.6086
91.21
118.124
51.6536
50.4398
231.149
240.146
43.0107
363.127
51.9791
122.609
53.2086
268.42
56.0901
285.939
102.87
97.5162
52.1488
40.1006
35.4485
58.6822
53.2221
56.833
20.0037
98.4726
127.052
245.345
245.59
110.996
219.485
227.11
111.904
219.327
226.799
223.762
69.4768
66.6695
67.5907
110.682
116.15
116.9
71.787
57.9044
344.042
96.6787
138.364
44.7242
93.0798
56.5456
75.4271
70.1173
243.479
36.2364
124.424
139.082
93.9587
110.359
132.609
201.788
94.0461
68.9429
50.7333
275.647
344.961
214.564
331.32
125.533
49.9122
99.7772
260.401
353.734
56.6477
124.368
126.007
57.5241
321.475
321.221
269.044
281.995
51.613
269.177
281.649
51.469
99.7094
56.8928
22.4753
102.813
52.3034
42.6467
59.1138
100.58
59.1458
26.7334
105.522
44.1976
58.7565
52.4288
214.93
330.596
139.857
49.4946
98.8234
259.186
353.343
137.474
311.999
312.271
224.016
224.154
284.387
84.0261
87.6168
140.391
99.2876
77.2752
313.017
87.649
139.781
99.3504
73.3168
312.669
127.76
86.8054
133.455
52.9421
293.831
73.8891
71.0976
126.312
86.8908
50.369
131.272
74.2542
69.2882
293.627
44.7155
69.1829
135.194
392.894
91.2685
74.8457
375.723
128.848
280.291
116.921
339.653
78.6667
335.738
335.725
143.756
103.878
103.873
56.7234
143.048
145.363
70.5505
70.5054
91.0038
355.792
44.5443
58.888
150.492
74.7554
91.1191
392.861
375.58
78.5414
116.964
280.235
339.22
316.41
93.255
231.306
108.489
333.461
95.9333
359.331
46.441
39.0844
64.4074
108.364
65.6726
229.655
50.8018
92.2316
53.3945
48.3352
257.105
52.112
117.422
238.172
52.0576
360.466
112.942
49.6521
49.2731
267.261
54.5058
284.566
48.9945
67.2858
50.8384
45.6305
44.8525
56.6352
55.7898
70.7076
35.4176
50.8137
46.3427
376
108.503
60.7982
76.0869
39.1589
43.3509
46.8906
47.6264
44.3939
83.1277
40.4046
59.5712
80.3462
126.516
44.4034
64.2984
47.2669
56.7351
306.709
69.5358
74.9125
42.2693
99.7725
52.5409
268.17
55.6046
285.518
51.6738
100.493
107.551
47.8664
59.8607
57.6395
55.9926
105.539
56.2007
34.9373
317.399
93.4761
231.284
121.576
334.709
96.3845
359.942
47.1891
43.2751
100.802
125.334
229.764
51.4362
72.3849
92.3402
73.943
48.9429
257.155
70.9252
133.617
238.303
79.1594
361.533
132.713
50.1757
46.7262
108.775
376.304
45.8876
121.146
34.9451
75.9106
52.6546
64.3703
44.6706
47.1787
53.7761
82.205
80.577
39.0429
80.3377
137.924
74.8195
47.1234
307.025
119.105
120.414
63.683
100.192
355.879
78.702
335.698
335.959
143.814
103.928
103.96
56.7649
145.519
143.168
91.1665
70.5601
70.5681
44.5141
58.9655
150.696
91.1834
74.8159
392.775
375.337
78.4357
280.273
116.92
339.517
356.645
44.7476
69.2523
135.415
91.2299
74.801
393.01
375.913
128.845
280.325
116.978
339.414
43.4422
74.3644
76.9044
73.8743
59.7734
53.5529
56.6335
104.191
89.6534
97.1179
132.523
76.7708
135.233
480.987
43.1513
376.367
144.249
97.1206
93.9295
69.1105
95.1226
70.6446
414.716
88.1621
44.574
371.53
92.4755
82.3505
75.804
43.5598
130.043
59.4669
66.4095
73.685
90.9511
108.891
79.639
73.7005
64.389
37.3936
41.2326
44.2906
42.4245
55.5106
104.151
76.6217
97.1976
71.0829
132.582
135.301
481.288
43.1351
376.577
85.6207
97.0659
94.0028
67.5684
68.4708
95.1222
46.8795
126.629
54.9917
67.2399
79.859
65.1293
41.0286
46.2707
51.6402
41.3722
58.3952
63.3513
35.7581
46.6998
67.4307
126.629
67.7968
83.5594
50.4349
86.4968
133.935
46.5479
51.6586
61.5069
81.9108
54.1803
46.2829
69.3276
88.1626
414.75
44.5605
371.533
92.4563
82.4946
43.5921
75.8836
59.4743
66.3858
130.118
73.7129
91.0401
73.6895
64.3689
37.3502
41.2309
44.2483
55.4784
42.46
109.011
79.5977
104.193
76.5731
97.1177
132.526
71.0308
135.242
481.003
43.1414
85.6075
376.38
97.0983
93.9196
67.5514
68.4183
95.095
414.733
125.493
44.5956
371.526
92.514
121.147
87.6164
54.3551
68.428
130.083
84.1025
73.6876
90.9519
109
79.704
73.7106
39.456
47.2241
56.0569
56.7368
67.8643
42.4389
104.146
89.6328
97.1937
76.73
132.576
135.289
481.271
43.1422
144.262
376.563
97.08
94.004
69.0905
70.618
95.1404
125.546
414.766
371.526
44.5816
73.7129
91.0414
92.4944
121.009
54.2795
87.5435
130.16
84.0635
68.4006
73.698
39.5449
56.1322
47.319
42.474
67.9675
56.7895
109.104
79.6519
43.4486
74.3639
76.9058
73.8776
59.7767
56.6352
53.5605
104.151
97.1977
76.6225
71.0834
132.582
135.302
481.288
43.1351
376.577
85.6234
97.0662
94.003
67.5683
95.1226
68.4714
88.1636
414.715
44.5737
371.53
92.4751
82.3513
43.5635
75.8075
59.4683
66.4113
130.043
73.6849
90.9509
73.7002
64.392
37.3981
41.2346
44.2925
42.4243
55.5122
108.89
79.6386
46.2746
51.6403
41.3746
58.3966
46.7002
63.3542
35.7612
46.8824
126.625
54.993
67.2412
65.1308
41.0317
79.8578
46.5341
51.6589
61.5042
81.906
54.17
46.2783
69.3264
67.4288
126.628
67.7918
83.55
50.4289
86.4928
133.918
104.193
76.5737
97.1182
71.032
132.526
135.243
481.004
43.1415
85.6045
376.38
97.0992
93.9205
67.5483
68.4153
95.0957
43.5293
74.3899
73.9212
76.9119
53.6703
56.6752
59.8158
88.1542
414.749
371.533
44.56
73.7127
91.0396
92.4558
82.4984
43.5993
75.8865
66.3852
59.4763
130.118
73.689
64.3578
41.2247
37.3502
55.4752
42.4597
44.2469
109.011
79.5973
104.146
97.1941
89.6329
76.7305
132.575
135.29
481.271
43.1418
144.281
376.563
97.0808
94.0048
69.0857
70.6129
95.1409
125.47
414.732
44.5951
371.526
92.5137
121.146
54.364
87.6201
84.1047
68.4302
130.083
73.6872
90.9513
73.71
39.4552
47.226
56.054
67.8623
56.736
42.4385
109
79.7037
78.6803
335.738
335.725
103.879
143.741
103.874
56.7265
143.056
145.371
70.5509
91.0117
70.5058
356.699
284.388
84.0263
87.6198
140.393
99.2903
77.2757
313.022
87.652
139.774
99.3536
73.3153
312.673
127.752
86.8055
52.9432
133.45
73.8762
71.1067
293.832
126.306
86.8887
50.3709
131.262
69.2978
293.607
74.2373
44.5437
150.504
58.8849
392.861
74.7545
91.117
339.22
375.548
78.5353
116.953
280.235
355.794
60.7762
76.0754
39.1502
43.3247
44.3692
47.6242
46.8495
46.3142
375.939
108.431
83.0874
40.4022
59.5604
80.3269
44.3976
126.496
64.2877
47.2584
56.6575
69.4667
306.372
99.677
42.2003
74.8586
316.381
231.31
93.2592
108.481
359.148
333.422
95.9037
92.2115
53.3821
48.3349
257.044
52.1064
117.393
46.436
39.055
64.4028
108.359
65.6416
50.7956
229.66
238.003
51.9919
360.204
49.5993
112.875
49.2478
267.247
54.502
284.481
67.265
48.9967
50.8303
45.579
44.7448
55.7015
56.5962
35.2511
70.6426
50.779
45.8923
121.15
34.9567
75.9141
64.381
52.6607
44.6708
46.7255
108.772
376.303
47.1831
53.7844
82.2003
80.5747
39.0493
80.3419
137.914
74.8203
47.1317
119.099
307.022
63.6795
120.401
100.192
52.5464
268.184
55.5974
285.534
107.561
100.5
51.6699
47.9023
59.8973
56.0098
57.636
34.9683
56.2092
105.55
317.38
231.28
93.4706
121.557
359.936
334.702
96.3794
92.3365
73.9642
48.9383
257.151
70.9241
133.629
47.183
43.3109
100.786
125.336
51.4428
72.3838
229.759
238.298
79.1717
361.525
50.1708
132.72
44.514
58.9731
150.7
74.8162
91.1837
392.775
375.337
78.4399
116.92
280.273
339.517
284.397
84.0315
87.5919
139.821
99.3515
312.693
73.2396
87.6725
140.269
99.2804
312.987
77.1973
126.326
86.8148
50.2842
131.19
69.2699
74.1597
293.523
127.797
86.9077
52.824
133.436
71.0859
73.8299
293.958
355.876
44.7476
135.421
69.2649
74.8011
393.01
91.23
339.414
375.911
128.839
116.977
280.324
356.64
224.161
137.477
311.956
312.332
224.028
119.162
244.902
244.699
110.491
219.215
226.528
108.011
219.233
226.547
223.446
67.5993
65.8917
64.7255
108.568
112.139
110.599
64.0743
73.7862
57.8824
342.423
42.9185
120.861
92.8988
69.1956
66.194
64.6958
243.353
36.946
112.331
119.154
56.1982
67.2241
101.298
201.954
43.5312
94.0713
49.7756
274.999
343.567
214.526
329.306
123.228
48.5132
98.2573
258.952
352.009
55.3593
103.596
100.536
66.5537
319.822
319.955
268.215
280.717
50.6283
267.99
280.611
50.6756
51.591
73.8254
28.4127
68.3482
48.7727
44.4694
57.5416
50.6837
66.1448
27.1947
60.3424
42.878
57.6785
43.8913
214.462
329.606
105.713
48.6476
98.3898
258.795
351.927
41.5798
267.563
54.8558
284.697
51.3794
46.9392
57.7338
32.6863
36.1453
42.5618
57.3904
47.8311
23.279
47.1532
316.489
93.6895
231.775
68.4566
333.856
96.2369
360.485
46.9451
29.1362
54.6001
71.5289
229.952
44.3062
49.98
92.9519
38.8701
49.2097
258.31
48.471
64.5595
239.313
50.7537
360.783
69.1997
51.1336
39.1351
58.2221
19.8637
44.3698
24.3078
33.7605
47.0802
48.3898
110.18
378.378
41.7908
28.7416
35.4785
82.2374
18.4292
55.4202
59.4397
45.3621
42.0427
55.2273
308.619
32.1163
59.0622
102.398
31.8157
129.846
48.9478
55.5526
29.0376
54.1762
58.6856
20.267
54.9753
39.8119
51.169
25.3446
35.6222
42.8529
26.01
56.3241
42.6311
41.8842
24.864
54.3584
36.1688
27.3564
131.754
42.7596
47.2812
25.314
45.5564
108.952
53.2393
268.46
56.0943
286.046
102.885
97.5096
52.1594
40.1221
35.4336
53.2678
58.7197
20.007
56.8738
98.5018
48.6879
100.245
15.5586
42.6622
26.0988
24.277
47.7146
49.2641
112.337
380.321
54.0591
24.3797
57.517
82.5821
24.4231
48.4429
127.981
42.4616
47.8062
96.0301
310.339
27.8954
96.8282
104.071
318.249
94.8626
232.838
113.297
335.832
97.6842
362.653
47.8879
26.9398
91.1505
118.09
51.7677
50.4331
231.178
94.1279
58.2629
50.0571
259.075
47.6194
124.732
240.313
43.0871
363.35
122.664
52.0272
71.8329
58.0396
96.5355
343.934
44.8131
138.3
93.0443
56.6957
75.5381
70.2264
243.469
36.4108
139.056
124.424
93.8483
110.291
132.56
94.0407
69.0061
201.77
50.7141
344.943
275.588
51.2931
56.2436
95.2688
344.672
43.7142
125.567
94.54
54.0031
64.1112
65.5267
244.086
30.4087
127.453
119.47
90.7488
111.465
119.927
95.6475
62.7814
202.104
50.831
345.735
276.335
127.025
245.539
245.375
111.967
219.325
226.79
111.046
219.488
227.148
223.757
69.5642
67.6634
66.7098
110.749
116.922
116.227
56.6413
125.939
124.361
57.5849
321.153
321.555
269.182
281.641
51.4639
269.07
282.025
51.6121
100.561
59.1975
26.8772
105.505
44.2686
52.4495
58.7383
99.7003
56.9761
22.6991
102.822
42.6697
52.3886
59.1187
214.786
330.585
139.788
49.4788
98.8047
259.117
353.263
214.685
331.307
125.497
49.9059
99.7862
260.433
353.826
116.452
311.722
311.836
224.007
224.171
56.4998
337.061
336.949
61.064
105.796
105.785
47.9594
55.935
56.0107
34.9183
72.5846
72.6418
356.6
46.7461
46.4374
57.9017
93.0112
76.7963
394.986
377.024
39.98
281.761
118.855
341.308
356.348
47.0121
50.9048
59.2543
93.6029
76.8563
394.981
376.566
56.7349
282.28
118.7
341.789
42.8555
417.213
47.01
373.865
94.7734
42.0014
23.058
58.0498
51.609
51.3515
132.304
75.9085
93.1972
75.9969
31.949
19.5631
41.8327
44.2332
47.8909
44.84
111.179
81.8446
106.84
50.8209
99.8848
50.8125
135.153
137.749
483.258
45.4694
43.0744
378.798
99.7781
96.7327
47.7244
49.1431
97.8924
58.9374
416.723
47.0305
374.079
94.991
59.1405
29.5705
57.239
51.2196
54.9993
132.537
76.7008
93.9994
76.3201
34.2655
24.1153
39.0699
39.8294
48.9701
45.072
111.572
82.2159
107.147
56.6334
99.9634
53.4111
135.335
138.296
483.965
46.0675
58.967
379.171
100.104
96.8299
49.1011
50.8577
98.1743
20.9781
76.4294
42.8141
46.0644
20.9153
38.0793
46.5556
107.254
52.4598
100.366
47.9449
135.999
138.337
483.438
44.9379
122.732
379.213
100.025
97.0143
46.8325
46.7301
97.9754
105.441
418.17
46.7935
374.526
95.2921
92.1718
19.0818
44.497
42.3855
36.8598
133.492
75.9556
93.5981
76.1561
30.8938
18.3174
33.557
37.2193
32.9491
44.4221
112.253
82.264
107.679
50.1604
100.596
47.8657
136.529
139.31
484.855
46.1059
109.779
380.132
100.418
97.191
48.0521
47.5685
98.2689
98.8566
418.032
47.429
375.153
96.1419
99.359
22.803
45.6681
43.6838
40.4361
134.592
77.0502
94.7114
77.0229
48.7395
21.2637
39.538
40.4043
39.5236
45.3699
113.047
83.0029
285.849
85.3366
88.5189
124.336
100.412
313.948
51.2349
88.5397
128.536
100.943
313.841
53.136
114.439
88.0766
22.4781
119.221
49.9425
59.8684
295.003
116.153
88.34
25.4092
126.119
51.0556
62.497
295.361
46.8099
39.303
131.369
76.6362
93.9974
395.949
378.007
78.913
119.772
282.703
342.4
357.546
47.6048
47.271
135.716
77.0735
94.9698
396.811
378.39
95.6605
120.29
283.716
343.314
358.618
353.586
104.301
311.237
45.8658
47.9238
55.0092
277.516
51.579
301.03
57.0243
278.87
59.5011
34.9779
56.5514
128.677
41.5254
383.235
31.6109
32.2331
26.8161
43.1409
52.1823
36.2635
66.35
40.8452
365.133
31.5679
123.245
59.6242
129.708
47.0516
61.8237
47.9212
400.634
411.083
131.895
116.65
99.4803
164.194
51.6181
33.3438
38.5334
160.014
52.8789
39.0131
184.803
58.8944
52.1027
34.0006
478.637
53.7785
41.3222
98.1308
441.603
58.7599
37.1462
28.7845
37.2282
64.3693
38.4235
24.6586
41.2357
33.4214
39.479
141.165
35.4729
59.8226
33.003
47.2815
31.7289
16.3885
30.2815
20.6749
33.0581
135.532
393.684
49.5796
182.03
33.4261
74.5733
35.3249
45.4393
490.826
37.4645
168.924
146.627
40.2598
34.6336
26.5932
139.078
37.2633
140.051
33.6005
27.5665
36.7431
139.657
141.077
36.6548
36.5338
152.207
30.9726
37.8124
39.8624
142.922
29.0063
155.67
430.595
125.645
45.2408
469.446
90.3217
169.15
97.3153
33.2227
39.6717
54.3364
125.397
38.8129
170.977
147.85
42.2595
33.0672
26.0153
139.446
38.073
25.7396
33.1458
140.806
37.5479
139.984
141.805
36.947
33.4198
153.99
26.5448
39.1699
25.7821
34.768
144.224
100.852
443.21
61.2596
37.0469
31.041
28.8517
66.9212
18.1209
39.9784
101.416
34.5012
105.015
144.669
62.0415
44.9653
40.1919
106.616
27.5005
16.0728
18.0746
30.8469
52.4293
138.686
396.326
115.351
184.608
28.2824
77.5191
40.2026
492.627
56.765
61.9382
29.9374
109.951
131.945
385.944
52.9997
32.7431
33.1449
19.6869
55.3204
112.048
42.5618
30.7162
68.842
367.709
32.4838
61.8433
126.246
133.079
47.9436
116.043
45.4405
403.374
413.798
135.116
98.7406
101.801
56.0832
52.3774
303.328
278.605
58.0704
279.874
46.1329
49.6709
53.5646
275.791
50.6829
300.165
55.5826
277.818
350.335
101.259
308.895
29.5892
35.2478
56.8135
55.4943
39.5969
64.4703
31.9591
56.4197
38.6383
69.7635
125.175
55.1445
380.468
28.2768
361.501
27.7815
56.1018
119.22
126.864
74.4885
44.821
43.4822
398.717
408.504
128.863
35.6519
38.4437
134.852
41.9556
41.7032
32.121
58.0262
32.2113
35.8164
407.025
36.5087
30.0617
41.4708
73.1304
32.7498
74.227
29.3372
35.4257
330.121
28.9408
37.1029
21.8678
32.844
25.0745
26.0396
29.2623
31.0326
31.9588
133.261
47.2253
31.373
29.3883
55.6155
41.1351
27.629
402.736
32.3029
26.4375
46.8458
69.3917
32.0843
71.9146
27.5485
32.5515
327.842
34.7109
27.1856
24.1226
30.6578
25.234
30.2281
26.0225
25.2801
29.8789
35.298
41.7352
27.2978
27.1964
36.7017
480.907
159.737
390.343
478.765
156.708
386.703
93.1972
92.1618
42.8549
432.4
40.9619
26.8583
26.5841
27.3141
87.6728
86.8729
47.0405
29.6892
27.1086
446.048
44.848
27.8997
26.0449
444.509
15.6307
30.297
22.3714
35.1069
16.7095
21.087
29.0476
33.4235
34.0945
188.895
40.8959
520.739
522.918
182.421
79.9178
138.167
27.8201
90.7435
51.8656
544.582
27.8205
31.4588
148.701
35.2545
88.6707
147.681
39.1842
40.0089
51.4507
158.08
43.9068
210.543
30.8176
35.77
55.2821
35.6758
58.9563
188.108
40.6814
32.4132
28.4626
54.6976
29.042
90.7285
32.1259
31.3166
26.1693
26.4588
23.3997
43.8698
26.0924
27.5086
101.885
530.856
197.654
52.4401
33.1607
29.6279
506.132
97.3916
29.4451
177.953
23.3742
25.4008
22.7252
25.8091
25.8157
26.6445
26.7345
30.578
29.0034
27.7011
45.6473
26.6517
38.1604
25.4954
26.928
23.221
22.9471
20.9583
23.3136
27.3039
23.6708
226.016
201.312
106.848
61.39
195.121
52.1873
31.6222
27.9929
25.2572
32.5135
25.733
33.5678
32.2409
26.8826
24.671
21.3285
24.9249
23.9029
26.9277
24.2036
593.059
20.0304
53.5635
39.6008
121.227
36.7198
30.2001
40.9854
18.9591
54.9642
21.8764
30.1244
15.6001
30.1884
44.0812
544.903
28.0044
57.6971
150.432
109.786
89.9091
148.401
39.4603
40.7806
53.5213
159.259
45.2853
211.519
31.4024
36.0616
55.5672
36.7824
188.391
59.943
34.532
116.358
191.02
42.8807
521.992
524.876
185.434
82.3032
140.751
28.3594
94.2167
54.7267
128.317
33.1931
34.1044
47.6856
40.3102
39.6748
25.7753
31.3536
23.0393
22.8768
20.2698
28.4299
23.4082
23.4355
225.981
201.205
106.989
61.7062
195.461
52.4126
40.9954
27.1525
25.2405
32.7977
33.7579
26.1705
34.4846
56.7658
32.1919
20.7499
27.8732
28.9743
61.4659
25.2706
592.603
41.8636
60.0219
32.1198
57.3006
35.1002
93.4426
32.7915
31.4966
26.316
35.8858
43.4696
34.3597
44.2873
132.676
102.271
530.869
198.093
54.0742
55.5571
62.3005
508.147
37.9308
181.102
99.3777
23.464
45.4327
29.1363
50.5183
37.5388
131.719
57.1913
57.8887
62.1358
424.804
423.498
119.065
138.767
104.366
52.889
21.9198
111.9
41.4401
56.4088
52.8229
106.769
53.2048
32.7805
120.92
45.5487
52.1254
59.7757
302.942
353.817
65.0851
302.237
350.905
62.9225
29.4592
52.2992
64.1199
64.102
33.6507
38.8651
40.1494
56.5679
43.6506
134.375
147.599
82.9014
64.8313
56.3739
52.164
73.4633
403.217
32.7005
70.1528
129.264
42.8289
114.264
73.2073
28.1853
328.48
33.0129
38.2049
82.9766
34.5444
113.745
47.115
26.6683
52.3054
483.465
163.221
393.088
95.3715
93.6303
43.9414
432.881
41.1982
56.5675
52.7508
88.3948
121.844
87.2433
48.424
128.042
447.448
27.7978
45.5286
120.204
26.571
444.749
479.645
157.433
387.032
30.0964
48.6657
61.7982
139.964
65.1661
39.6478
79.0987
56.8905
35.4499
132.28
125.56
28.6627
55.5686
380.758
361.878
28.1794
119.622
56.6832
127.561
142.319
45.366
399.203
77.9052
409.544
129.548
350.575
101.549
309.348
93.7679
438.005
54.251
33.7699
44.7551
46.2407
60.7914
34.7768
36.346
49.9203
29.337
45.3427
136.739
28.9497
55.6568
27.6774
61.0945
37.4828
25.6406
26.525
31.3189
47.2361
131.399
389.678
62.7026
177.38
38.0156
69.889
48.5015
46.069
486.894
112.761
95.5974
159.794
61.7785
46.4683
33.8051
155.363
63.2116
34.5185
180.706
54.8744
73.383
50.2191
475.16
68.1881
37.041
32.5208
164.364
35.6388
141.652
29.368
26.2495
31.6821
133.263
134.361
26.5114
29.0755
30.4928
147.136
30.3299
32.5064
33.6782
137.599
27.599
31.5318
134.23
135.761
31.2438
21.4188
27.9635
25.8046
29.5898
22.5957
24.0292
26.2877
32.377
28.417
184.521
36.0532
516.256
519.058
177.808
23.775
86.6868
47.214
74.8848
133.274
38.313
29.0417
23.1361
50.9723
25.8883
87.5042
29.5183
30.2918
25.918
27.946
20.2413
42.9799
21.4232
29.0281
101.542
529.876
197.46
50.3394
23.7277
30.5313
504.162
95.6781
22.5897
175.269
22.1722
21.2605
21.2555
25.9249
23.3952
28.0745
22.4077
541.323
22.6319
29.9124
144.021
33.733
83.7196
141.834
33.1783
34.2244
46.0996
152.579
38.3266
205.509
27.1956
29.9508
49.6998
30.8381
53.6892
182.698
31.4722
20.3864
26.2782
41.6171
23.4008
22.6611
33.8528
25.1195
22.6271
17.7936
19.296
19.5621
23.3471
24.1982
105.216
61.0153
194.061
51.7445
223.742
199.371
28.6905
18.6775
18.7553
21.1851
20.7748
22.3909
26.1092
27.3865
24.3038
21.5044
27.6648
21.876
29.0296
26.1965
588.281
24.6473
26.584
22.2614
19.1263
18.0953
25.348
26.6622
46.3002
50.9112
62.9893
38.9212
46.27
50.7909
62.9612
38.8569
37.7933
22.7135
31.0557
31.0136
28.6193
43.2998
38.7575
33.4638
25.0824
207.307
21.3369
72.1968
21.8339
25.0158
237.089
25.3312
23.725
124.165
23.5497
22.63
637.223
28.4379
43.2125
38.6386
33.3632
24.6075
207.42
22.2252
72.1537
22.9026
23.8375
237.16
28.217
24.1928
124.291
23.4592
26.1354
638.031
22.0382
45.1622
20.3483
52.5675
20.8896
21.3239
46.4326
20.4768
45.1798
20.9133
52.5836
21.4382
20.0571
46.4665
23.0696
22.8607
62.6597
62.6787
21.7631
24.3605
50.5168
28.7709
43.6231
38.9868
33.6908
35.7986
207.215
21.4475
72.3191
237.126
26.6618
24.2889
127.021
131.728
124.328
637.066
23.4134
53.5527
25.3379
127.013
21.0743
21.4753
49.8352
15.9051
52.1905
46.6915
51.3251
63.4946
39.2279
46.3093
50.8719
38.8672
63.0877
37.762
22.6259
30.962
30.9661
21.1251
45.1917
20.3622
52.6783
20.9771
21.468
46.5281
19.5684
45.3734
20.6814
52.876
21.8684
18.9527
46.655
22.378
54.6817
62.8685
62.9721
25.8673
27.1012
50.7129
28.4283
43.2661
33.3575
38.6717
98.3604
207.77
27.5029
72.5399
30.1164
90.8205
237.457
155.25
133.536
124.593
23.4124
57.7872
637.983
40.6321
55.1985
145.351
33.2441
35.6867
60.589
85.8651
40.0093
49.331
57.5972
24.5203
33.1182
30.5248
74.6887
33.0033
32.9636
42.6194
85.2772
24.1897
47.2943
47.3566
38.3543
49.74
38.9344
50.9781
29.5298
87.606
29.4837
30.3904
26.0861
32.9611
41.8982
36.0947
43.2091
140.975
101.687
197.612
529.909
50.4908
82.2752
53.0101
504.342
36.5606
95.9762
175.425
22.1794
46.6772
32.5366
52.9553
28.8685
85.9933
139.365
139.021
28.4001
184.542
36.0432
516.267
519.188
177.943
23.8413
86.9342
47.3275
74.9011
133.291
151.142
30.7189
43.4813
41.6786
52.8765
22.6817
33.8415
34.8369
28.2937
19.2858
20.8479
29.2781
21.671
32.7874
105.37
61.1446
51.8434
194.202
223.988
199.645
56.6992
35.515
22.2057
34.0786
34.6645
28.636
86.4483
98.2077
34.1505
37.6069
27.79
39.1782
29.1341
91.7858
588.319
541.282
22.6523
55.4999
144.111
145.572
83.7521
141.913
33.2737
34.294
46.1564
152.55
38.2821
205.646
36.9913
88.9545
49.8662
95.227
53.8345
182.865
120.065
85.7325
464.017
162.862
85.6432
150.049
425.569
91.2607
70.6268
29.4942
119.306
49.85
32.5019
164.417
35.6794
141.649
74.9424
35.6072
31.7302
133.341
74.2498
36.1777
134.423
77.4239
147.194
37.3602
32.4735
80.3512
39.2284
137.58
31.5741
134.3
31.2981
135.82
112.755
95.6091
159.854
85.0025
37.3867
33.8603
86.7237
34.567
155.429
180.719
54.9129
141.416
39.1159
93.4131
475.147
37.046
32.5208
164.364
141.652
35.6388
29.3683
26.2496
133.263
31.6823
26.5117
29.0757
134.361
31.532
134.23
135.761
31.2441
30.4927
147.136
30.3304
32.5065
27.5989
33.6784
137.599
150.066
425.568
119.979
62.0979
463.932
85.4874
162.685
91.3034
29.5274
44.5681
49.8022
119.293
93.7677
438.004
54.2509
33.7692
44.7511
46.2397
60.7904
36.3443
34.7766
49.9192
29.3368
45.3413
136.739
28.9491
55.6555
27.6776
61.0947
25.6433
37.4841
31.321
47.2369
26.5248
62.7024
177.38
38.0161
69.8889
46.069
486.894
48.5008
131.399
389.678
24.4536
39.0885
33.1159
48.7151
33.377
26.7037
30.2048
29.9009
32.698
30.7076
24.5281
25.8187
37.1215
25.6572
541.323
29.9121
22.6319
144.021
33.7332
83.7197
33.1786
141.835
34.2245
205.509
27.1953
29.9509
49.6999
30.8379
182.698
53.6894
46.0996
152.579
38.3267
31.4721
26.2776
20.3866
41.6171
23.4001
33.8529
22.6611
25.1189
22.6265
19.2962
17.7944
24.198
19.5623
23.346
223.742
199.371
105.216
61.0152
194.061
51.7446
27.3859
24.3034
21.5043
27.665
26.1965
21.8757
29.0297
28.6898
18.678
18.755
21.1853
20.7743
22.3912
26.1079
588.281
28.4169
32.3761
184.521
36.0531
516.256
519.058
177.808
74.8847
133.274
23.7746
86.6869
47.2139
38.313
23.1341
29.0402
50.9723
25.8861
29.5183
87.5041
30.2918
25.9182
20.2386
27.9425
21.4206
29.0273
42.98
101.542
529.876
197.46
22.1722
21.2582
21.2528
25.9233
23.3927
28.0737
22.4073
50.3394
23.7264
30.5282
504.163
22.5874
175.269
95.678
24.6023
207.393
22.232
72.1194
237.091
23.8351
22.9026
28.4356
43.2124
38.6378
33.3624
28.213
24.1878
124.241
637.817
26.1284
23.457
20.9009
45.1564
21.169
52.5481
20.424
21.7314
46.4181
22.1756
45.1192
20.6348
52.5267
21.0709
21.524
46.3787
23.0854
22.8489
62.6446
62.6243
24.3492
21.768
50.4735
24.645
26.5832
19.1215
22.2522
26.6607
18.0896
25.3462
46.27
50.7908
62.9612
38.8569
46.3003
50.9113
38.9204
62.9895
37.7933
22.7108
31.0129
31.0545
25.0768
207.169
21.3451
72.158
21.8304
25.0134
237.019
28.6177
43.3002
33.4627
38.757
25.3258
23.7192
124.111
22.6219
23.5472
637.03
19.9293
45.3709
20.9033
52.8717
46.6493
19.1999
22.1938
21.213
45.1708
20.5864
52.669
46.5198
21.1101
21.6444
22.442
54.7407
62.9721
62.8629
50.7104
27.12
25.9932
98.5398
207.768
27.6919
72.5353
90.9689
30.3717
237.452
28.4289
43.266
33.3576
38.6725
155.292
133.575
124.593
57.7571
23.4122
637.984
35.8478
207.272
21.462
72.3094
26.6905
24.3106
237.095
28.7701
43.6224
33.6904
38.9856
127.047
131.741
124.319
53.5973
23.413
637.059
25.3348
126.999
21.4797
21.0799
15.9097
52.1804
49.8263
46.3096
50.8711
38.8666
63.0882
46.6916
51.3247
39.2278
63.4944
37.7622
22.625
30.9649
30.9621
32.9182
32.9496
42.5936
85.2663
47.2971
24.1637
47.242
40.6318
55.1955
33.2441
145.344
85.858
35.6866
60.5825
40.0203
49.3261
57.5914
24.5199
30.5429
74.6825
33.129
151.235
43.3972
30.7172
41.6803
52.7576
33.8424
22.6833
34.9427
28.382
20.7029
19.071
21.5185
32.8542
29.4128
223.987
199.647
105.371
61.1443
51.8444
194.201
98.3296
34.09
37.5177
27.7923
39.1009
91.8718
29.1351
56.7562
35.5015
21.9805
34.2312
28.4758
34.7464
86.4958
588.319
541.284
55.4609
22.6531
144.113
145.597
83.7535
33.2758
141.915
34.2951
205.648
36.9495
88.9523
49.8693
182.869
95.2476
53.8361
46.1573
152.551
38.2827
38.3542
38.963
49.7354
50.9779
29.5414
29.4837
87.6058
30.3903
26.086
41.9007
32.9623
140.967
36.0977
43.2089
101.686
197.613
529.909
22.1794
46.7161
32.564
52.9593
85.978
28.8858
139.33
50.4907
82.2684
53.0098
504.342
36.561
175.425
95.9757
28.3997
139.002
184.542
36.0429
516.267
519.188
177.943
74.9005
133.291
23.8409
86.9346
47.3274
159.855
85.0041
37.3586
33.8611
34.5676
86.7254
155.43
112.754
95.6097
180.72
54.9126
39.1004
141.406
37.0466
93.4253
475.147
93.7547
437.927
54.2259
72.9218
61.7311
36.1862
60.9715
126.679
40.6698
34.9437
29.4591
126.851
136.882
55.8588
72.8014
69.412
133.206
34.4427
35.0384
48.3846
43.6604
26.5143
140.439
177.345
47.5709
69.9276
93.6953
47.1564
486.863
131.543
389.798
150.048
425.568
120.065
85.7276
464.017
85.6429
162.861
91.2602
29.4938
70.6224
49.8494
119.306
56.4157
38.6342
69.7324
125.165
380.406
55.1377
28.2753
29.5868
35.3563
56.8816
55.518
31.9736
39.6679
64.4623
361.502
27.782
56.104
119.215
126.844
44.7746
74.4787
43.494
398.648
408.542
128.874
46.1342
49.6497
53.5731
50.6798
300.164
275.842
55.5525
277.747
25.2962
29.886
41.7297
35.3053
27.2125
27.2911
36.7037
56.8812
46.0994
421.993
422.37
54.2211
52.667
46.8733
39.8525
28.0401
48.3833
32.3402
42.0634
51.4626
46.8969
38.8289
23.7378
48.2071
31.352
52.2546
40.5608
301.171
350.274
62.2579
301.087
351.978
63.1664
35.6623
38.4497
41.9676
134.867
32.1238
41.7178
58.041
32.2216
35.8191
36.5232
407.052
73.1471
30.0611
41.4853
28.9416
37.1163
21.8644
32.8606
26.039
29.2735
25.0722
32.7674
74.2517
29.3509
330.168
35.4411
478.761
156.709
386.704
92.1577
93.1991
42.851
432.399
40.9613
26.5826
26.8507
86.874
27.3097
87.6683
44.8486
27.8989
444.523
26.0449
47.0385
29.6821
27.1039
446.044
480.969
159.749
390.354
23.877
33.3216
43.5515
37.6379
29.9692
26.9384
38.9002
21.1636
32.4214
24.4569
29.1493
26.9132
18.7514
34.3953
15.638
30.2938
22.3752
35.103
16.7071
29.0433
21.0998
40.6755
28.4712
32.4273
54.6975
29.0466
32.1201
90.7272
31.3147
26.169
23.3929
26.4498
26.0833
27.5061
43.8675
101.884
197.653
530.855
23.372
25.396
22.717
25.8027
25.8073
26.7301
26.6371
52.4342
33.1705
29.6232
506.129
29.4453
97.3861
177.95
30.5693
27.7119
29.0132
45.6476
26.6625
25.49
38.162
26.9154
23.2084
20.9527
22.9502
23.6595
23.3168
27.288
106.845
61.3899
52.1874
195.119
226.018
201.253
26.8707
24.6695
21.3209
24.9165
24.1935
23.9044
26.9176
31.6171
27.9989
25.2647
32.501
25.7425
33.5714
32.2368
593.057
34.107
33.436
188.903
40.9084
520.744
522.931
182.435
27.8273
90.7553
51.8778
79.9313
138.181
544.595
31.4718
27.8328
148.706
35.27
88.6799
39.1935
147.688
40.0196
210.558
30.8267
35.7781
55.2818
35.6872
58.9671
188.126
51.4629
158.089
43.9184
13.5882
27.8374
19.1712
34.2185
18.7935
13.4722
27.0418
20.1077
53.5962
121.174
39.588
40.9823
36.7551
30.2573
19.0244
54.9653
21.9073
30.1147
15.6561
44.0821
30.2407
128.331
34.1085
33.1835
47.6903
40.3198
25.7739
39.6788
31.3357
23.024
20.2676
22.8788
23.4085
23.418
28.4125
106.984
61.7048
52.4107
195.457
225.966
201.253
56.7455
32.1848
20.7489
27.8529
28.968
25.2508
61.4444
41.0014
27.1491
25.2467
32.8157
26.1761
33.7592
34.4864
592.594
41.8618
32.1207
60.0063
57.3058
35.0936
32.7901
93.448
31.495
26.3145
43.4683
35.8808
132.65
34.3561
44.2846
102.27
198.092
530.867
23.4623
45.42
29.138
50.5011
57.1686
37.5328
131.694
54.0722
55.557
62.2929
508.151
37.9245
181.107
99.3765
544.91
57.6938
28.0074
150.44
109.8
89.9171
39.4676
148.401
40.7861
211.526
31.4033
36.0666
55.5848
188.394
36.7851
59.9497
53.5235
159.257
45.2891
116.372
34.5349
191.029
42.8833
521.999
524.873
185.431
28.3607
94.2169
54.7283
82.3036
140.75
56.5623
43.6497
147.599
134.375
64.8253
82.8891
56.3742
52.1577
73.4617
32.7008
403.217
129.265
42.829
70.153
38.1995
82.9708
34.539
113.744
47.1083
52.3045
26.6681
114.26
73.2048
33.0128
28.1837
328.481
53.4481
38.3979
126.771
137.785
45.875
46.5039
59.9062
56.592
43.4961
37.3559
409.866
108.631
33.5697
75.2935
34.799
51.3788
25.6924
111.401
27.0922
34.8893
29.9985
102.613
76.4616
36.261
29.8267
332.06
57.8805
62.139
423.494
424.796
138.742
119.034
106.752
53.2328
32.8463
120.903
45.6009
59.7941
52.1172
104.343
52.9217
21.9985
111.867
41.4986
56.4429
52.8154
302.228
350.9
62.9176
302.929
353.839
65.074
93.631
95.3799
43.9428
432.879
41.1965
52.751
56.5594
121.844
87.243
88.3896
45.5285
120.207
26.5707
444.761
48.427
128.052
27.7987
447.446
479.645
157.433
387.032
483.525
163.229
393.087
350.575
101.549
309.348
102.764
111.491
54.0804
300.842
51.4572
276.744
56.2014
278.834
32.2406
26.7786
43.1319
52.1969
66.3613
36.2359
40.8409
59.5021
34.9687
56.531
128.668
31.6074
41.5057
383.228
365.14
31.5771
123.25
59.6364
129.711
61.8173
47.0465
400.638
47.8995
411.162
131.919
353.571
104.289
311.227
37.448
168.906
40.2459
146.606
34.6213
26.607
37.2581
139.105
33.5881
27.5744
140.032
36.5217
152.201
30.9703
37.8108
39.8497
29.0106
142.912
36.7236
139.683
36.6305
141.047
123.277
56.5379
467.287
166.352
88.739
153.723
428.998
95.3001
45.7049
33.0096
123.249
53.0372
164.173
51.6312
33.3694
38.5217
52.8974
38.9894
159.988
116.634
99.4639
184.784
58.8739
34.0373
52.1038
53.7946
41.3007
478.62
100.824
443.189
61.2328
37.052
31.0297
28.8967
66.9021
101.356
18.1746
39.9614
34.4851
104.959
144.646
62.0214
44.9816
40.2015
106.541
16.1435
27.546
52.4483
18.1318
30.8328
115.263
184.584
28.3137
77.4986
40.1934
56.7805
492.609
138.658
396.304
164.714
50.6498
31.7704
38.7211
39.6139
50.5843
160.203
118.094
100.562
186.094
60.6896
31.4085
112.008
42.5167
52.0852
479.722
125.63
45.2705
469.43
90.3056
169.128
155.649
430.58
97.2932
39.6884
33.212
54.322
125.375
98.7296
101.792
56.0764
303.326
52.3776
278.62
58.0942
279.936
355.676
106.173
313.166
216.779
216.663
216.681
106.892
216.782
216.674
216.65
106.973
216.685
216.781
216.683
106.896
216.693
216.78
216.668
106.996
216.718
216.671
216.779
106.942
216.669
216.687
216.771
106.98
216.799
216.691
216.716
106.961
216.695
216.68
216.777
106.992
217.394
63.8704
63.0857
107.935
106.795
63.0435
33.2028
217.349
65.9467
65.6146
108.711
108.039
64.0772
35.3004
217.252
62.73
63.3745
106.438
106.919
62.809
33.7171
53.3801
103.562
71.8878
50.4465
43.9145
65.1388
31.8551
49.0958
71.6747
41.069
30.2718
20.9327
46.9979
18.0418
54.5899
49.4065
92.3062
28.9589
36.897
59.056
24.1387
43.487
62.4437
41.9546
28.3261
24.7304
38.7338
16.3979
52.8828
56.6169
58.0718
40.3616
29.5702
41.7305
22.6126
80.1963
56.2922
67.5963
44.6567
50.8099
48.7807
29.1665
54.4522
92.3051
49.2949
59.029
36.7957
28.8558
24.3149
52.8651
56.5823
58.1096
40.2952
41.7303
29.5306
22.4751
53.1969
71.8111
103.523
64.9959
43.7353
50.2287
31.6298
80.3013
56.1497
67.6094
44.7939
48.7934
50.777
29.4127
53.1999
103.556
71.7979
50.2641
65.0188
43.7302
31.6398
80.2799
67.6026
56.1577
48.7842
50.7731
44.7263
29.3754
54.4336
49.3016
92.3186
28.8276
59.0329
36.8077
24.3197
52.9199
58.099
56.5754
41.7607
29.6477
40.3998
22.5795
49.0261
71.6555
40.9966
46.9401
30.1672
20.7951
17.8999
43.2658
41.8419
62.2872
25.0761
38.7626
28.4402
16.3566
80.2327
67.6179
56.1501
48.7281
50.7102
44.6612
29.049
80.2324
67.6155
56.1571
50.7229
48.7363
44.6641
29.1192
53.373
103.541
71.8853
43.8982
50.4564
65.1433
31.9029
43.2914
41.8551
62.2996
28.4668
25.0738
38.7792
16.4127
43.417
62.4035
41.9471
38.7194
28.2471
24.6605
16.4287
49.2527
41.0405
71.8569
20.6255
47.0004
30.5663
17.3108
53.0944
58.1726
56.6965
41.7706
29.5713
40.2701
22.4616
53.1159
58.1742
56.6871
29.6547
41.8035
40.4043
22.5874
54.6252
49.4049
92.3166
36.9903
29.0143
59.0474
24.1829
49.2952
41.1158
71.9164
30.65
20.6701
47.0707
17.3026
49.1891
71.7619
40.7637
30.0635
46.7513
20.2935
16.9915
43.3381
41.8934
62.3275
38.6348
24.6726
28.1927
16.2719
54.617
92.3273
49.4183
36.771
59.0835
28.9274
24.0206
53.0143
56.6862
58.2324
29.5551
40.2838
41.8066
22.5288
54.6374
92.3286
49.4165
59.0788
36.8215
28.9405
24.0319
52.9936
56.6984
58.168
41.7598
40.1742
29.4916
22.3914
49.1839
71.7761
40.8247
20.3578
30.1301
46.7976
17.0423
43.3045
41.8952
62.3478
38.5894
24.4532
27.9822
16.1246
43.3683
62.416
41.9491
28.647
38.8478
25.1042
16.5809
48.8604
41.2283
71.7143
47.1232
20.9541
30.2436
18.1964
53.4061
71.9
103.41
43.7749
64.9933
50.2097
31.6336
80.3233
56.1927
67.6239
50.8101
44.8039
48.7768
29.233
53.4004
71.8945
103.392
64.9729
43.7363
50.176
31.5936
80.3956
56.276
67.5979
48.8352
44.9814
50.9407
29.5142
43.3957
62.4344
41.9661
25.1443
28.7115
38.8947
16.6326
48.7256
41.031
71.6224
46.9427
20.7102
29.8722
17.8094
54.6963
92.2621
49.3842
29.2446
37.0736
59.0486
24.5545
53.3109
71.8096
103.641
50.2813
43.8859
65.0467
31.7379
80.1674
67.5929
56.2858
44.5831
50.7818
48.755
29.0811
53.3884
103.63
71.8217
65.0684
50.3392
43.9917
31.8759
52.943
58.0809
56.6178
40.4658
29.6919
41.7778
22.7273
54.7841
49.3821
92.2359
59.0673
29.2139
36.9392
24.4459
217.24
63.3359
62.7271
106.856
106.358
62.844
33.8353
217.356
65.6823
66.0728
108.805
108.086
64.1562
35.4396
217.393
63.2242
63.8719
108.023
106.87
63.1477
33.3453
217.351
65.9045
65.57
108.707
108.036
64.0411
35.1778
217.406
63.8627
63.1112
106.808
107.941
63.0373
33.176
217.262
63.352
62.7002
106.447
106.926
62.8114
33.6493
217.357
65.6663
66.0486
108.098
108.813
64.171
35.3694
217.247
63.3586
62.7392
106.892
106.397
62.904
33.8142
217.388
63.9291
63.2997
108.041
106.9
63.1971
33.4172
217.4
62.9842
63.6483
106.837
107.998
62.8974
32.7563
217.273
62.5258
63.1257
106.834
106.32
62.6342
33.381
217.369
65.9587
65.5411
108.09
108.805
63.9659
34.9523
217.252
62.8799
63.5538
106.581
107.058
63.0359
33.6645
217.386
63.3107
64.0494
106.904
107.98
63.2568
33.472
217.344
65.8046
66.1641
108.095
108.754
64.2521
35.6204
217.409
63.6964
63.035
108.019
106.862
62.948
32.8469
217.369
65.9436
65.5337
108.815
108.092
63.988
34.9445
217.27
62.5197
63.1433
106.346
106.847
62.6744
33.3757
217.264
63.3991
62.6629
107.042
106.541
62.9089
33.3668
217.346
65.8317
66.2208
108.134
108.809
64.2144
35.4679
217.394
63.1656
63.9902
106.897
108.019
63.1548
33.1348
40.825
42.1032
21.9796
23.4898
11.0351
13.2887
6.04426
2.31575
3.45348
1.73421
3.17768
1.5941
2.04813
2.29155
1.94109
2.60662
1.46894
2.65026
1.4463
1.79447
1.8162
4.69048
2.90595
1.80059
3.15622
2.08888
2.62694
2.43295
11.7323
10.9655
10.5844
9.09037
8.34952
6.94176
8.7183
7.71643
10.1897
6.89859
8.33353
7.38368
5.99212
5.52382
14.5363
19.9528
15.2379
10.8156
26.6565
13.9276
11.3327
15.2042
16.6469
13.0368
11.4409
8.47504
6.52177
10.3986
9.63709
4.25557
4.64153
3.61839
5.10589
6.22025
3.42523
1.40516
2.041
3.40176
1.35818
8.68606
1.35318
1.39934
1.76337
1.99164
2.04588
1.54764
1.57064
1.57637
1.389
1.23401
1.21062
1.21719
1.23632
1.20987
1.22262
1.2042
1.35205
1.20423
1.21751
1.191
1.20767
1.19012
1.20192
18.4284
3.24223
2.89662
9.3384
6.55989
3.89618
2.54369
2.29038
4.45278
2.19445
2.9172
2.6608
1.80495
2.16316
1.23853
1.72805
1.33907
1.22266
1.20252
1.2875
1.21396
1.23044
1.27528
1.27016
1.21434
1.20648
1.22587
1.21017
1.22815
1.2743
1.29603
1.20225
1.21278
1.22477
1.20643
1.42049
1.35913
1.86085
1.22061
1.26778
1.21443
1.37877
35.8633
11.5353
8.85471
25.0992
21.4746
14.689
6.73524
5.01395
8.68521
4.45343
4.84605
2.42202
4.98998
2.74746
1.5671
2.54658
1.61106
1.48309
1.25621
1.63379
1.30766
2.70865
1.71689
3.13139
1.23608
1.6073
1.26352
1.75513
11.8493
4.70574
8.69501
2.24495
4.88321
2.44199
4.23495
13.3643
21.8354
13.4753
11.7228
19.0333
15.499
10.0277
4.45228
11.9951
5.00239
4.98949
2.74875
4.84249
2.42115
1.61017
2.70457
1.56443
1.63428
1.30777
1.48285
1.25568
3.13612
1.64512
2.71209
1.26332
1.75594
1.2364
1.60757
8.69278
4.77492
11.8666
2.44704
4.23008
2.23625
4.85569
12.6328
15.9605
12.2811
8.89521
17.431
12.3337
9.1297
1.33757
1.31971
1.23784
1.28819
1.2135
1.22269
1.20188
1.27045
1.22766
1.23019
1.226
1.21032
1.21349
1.20621
1.29667
1.22719
1.22832
1.22493
1.2068
1.20174
1.21245
1.86231
1.25439
1.4209
1.21405
1.37857
1.22002
1.26699
4.71392
20.224
4.83063
7.89496
7.78112
4.05398
3.12981
1.21676
1.26853
1.23403
1.22137
1.20351
1.2345
1.20885
1.21723
1.22724
1.35583
1.18933
1.20173
1.19043
1.20786
2.01315
2.04037
2.8909
1.96641
1.45057
1.6099
1.56328
46.114
61.7552
45.3859
12.2572
21.7167
74.4252
31.7483
4.70766
21.9836
3.57467
11.8099
7.54748
4.92229
2.83437
1.27938
1.26645
1.57164
1.28473
1.40379
1.25223
1.31431
1.25128
1.24005
1.35108
1.22016
1.36483
1.21312
1.24998
29.1102
37.3423
42.7121
5.26299
14.7055
68.4805
17.7547
19.6214
11.1243
18.7195
4.606
9.81105
4.39339
2.80452
1.33133
1.24853
1.31351
1.24187
1.30382
1.23987
1.23175
1.25613
1.2272
1.26282
1.21471
1.24432
1.21408
1.23216
1.62646
1.28086
1.28906
1.34501
1.32551
1.2526
1.24796
1.50193
1.69503
1.57751
1.31299
1.35926
1.35891
1.25312
1.21864
1.20033
1.20079
1.21446
1.21607
1.19854
1.19778
1.19706
1.22067
1.19476
1.19188
1.19699
1.2054
1.19246
1.20157
1.18588
1.1927
1.19555
1.20046
1.18735
1.19449
1.23173
1.20492
1.21127
1.20629
1.20745
1.20117
1.20365
24.2934
3.65425
5.53228
8.49948
13.2156
8.25546
3.52931
21.2208
31.1971
30.5984
13.122
12.7338
22.6997
7.28636
1.23302
1.71819
1.31068
1.26052
1.19963
1.4141
1.22599
1.31816
1.25269
1.81201
1.19445
1.2485
1.21431
1.41382
1.93045
2.03234
1.41403
2.95854
1.70339
2.42847
1.7499
11.4101
13.7682
13.8125
10.2124
11.6758
8.55513
8.95633
1.49928
3.10313
1.63121
1.79121
1.30779
1.87179
1.32895
2.65862
1.34523
2.28883
1.20926
1.56273
1.19772
1.46334
22.9505
35.3598
19.2999
19.7135
17.646
25.5202
29.0703
8.62383
12.1653
9.89505
9.03656
10.0531
7.58833
7.2627
1.63091
2.51405
1.49955
1.87164
1.32904
1.79128
1.30794
2.28882
1.30835
2.61655
1.19781
1.46386
1.20824
1.54717
9.86002
12.2384
12.167
5.04944
6.59836
3.84031
7.56762
1.31134
1.35442
1.23292
1.41552
1.22593
1.26072
1.19917
1.7916
1.21456
1.31418
1.21451
1.4077
1.1944
1.24737
34.3372
42.6785
36.6787
25.4331
27.2151
60.2281
30.0734
1.20101
1.2246
1.21968
1.19872
1.19817
1.21423
1.21676
1.19478
1.21867
1.19667
1.2053
1.19281
1.1915
1.19669
1.1927
1.18815
1.20168
1.18731
1.19469
1.19453
1.20038
1.21113
1.21266
1.23245
1.20144
1.20544
1.20617
1.21021
1.64843
1.68249
1.48221
1.28774
3.24818
1.47072
1.27592
3.78892
23.4179
4.8179
9.54068
11.5118
4.91385
2.63048
1.27606
1.45136
1.24094
1.33539
1.28035
1.2539
1.23554
1.87766
1.88194
2.0309
1.28437
5.1786
1.39603
1.37941
50.6259
63.0286
62.5298
13.9467
123.496
28.0642
28.0295
2.72201
2.0851
10.3593
1.96499
1.735
4.27332
4.25319
8.61842
2.91427
12.2058
1.89822
2.39824
9.2568
4.53357
1.28121
1.23367
1.25728
1.25157
1.22034
1.21412
1.22285
1.18757
1.1993
1.19062
1.21855
1.19423
1.21523
1.20222
1.20431
1.19664
1.18687
1.19811
1.20321
1.20344
1.18875
1.19156
1.19756
1.18588
1.19368
1.19142
1.19029
1.18477
1.21887
1.18728
1.19668
1.18941
1.20094
1.19331
1.203
1.30922
1.804
1.22029
1.24203
1.31811
1.49555
1.20927
1.64327
2.91864
2.11785
1.45555
2.83116
1.82129
2.16047
1.19483
1.25453
1.20181
1.23462
1.2203
1.24923
1.20999
1.21712
1.20803
1.25241
1.20494
1.22959
1.21546
1.23418
7.04694
17.9927
4.32507
4.33793
4.0862
11.319
10.0953
8.87636
9.63557
6.87589
6.015
10.2787
8.42338
6.34613
1.20194
1.22153
1.19446
1.24949
1.21032
1.23373
1.21999
1.24888
1.1975
1.21965
1.21585
1.23172
1.20636
1.23516
1.19004
1.24638
1.18676
1.21379
1.20136
1.2178
1.19295
1.18712
1.2011
1.20387
1.20375
1.1891
1.19764
1.20295
1.18748
1.1995
1.19223
1.19057
1.18542
1.19235
1.19595
1.2013
1.18626
1.22225
1.19387
1.20371
1.18965
1.20483
27.1066
32.0644
17.2161
6.15517
50.9375
18.0482
10.6607
1.31604
1.23884
3.08927
1.28637
1.52433
1.21549
1.58658
2.31669
1.53862
7.2687
1.865
1.45387
2.88576
4.61543
1.30972
1.24178
1.32625
1.23433
1.36151
1.23245
1.29239
15.4019
10.387
17.0165
2.33679
29.9771
3.89539
6.67808
1.2419
1.20433
1.23347
1.2561
1.20675
1.21066
1.20687
1.26466
1.95783
1.22721
1.31471
1.27299
3.75987
1.22373
1.19673
1.21995
1.20538
1.21241
1.18924
1.20161
1.19219
1.20306
1.20464
1.18852
1.20381
1.20491
1.19774
1.18686
1.19161
1.18973
1.18451
1.19829
1.19355
1.19682
1.18472
1.20316
1.19277
1.20299
1.19051
1.23499
1.18855
1.19892
1.27822
1.39527
1.20298
1.23444
1.26407
1.42667
1.20482
1.40702
2.63281
2.09361
1.46375
2.88242
1.85592
1.73574
1.22627
1.24555
1.21028
1.22146
1.19609
1.23328
1.19639
1.22848
1.21837
1.23946
1.19899
1.22304
1.2177
1.27568
10.5568
13.0606
7.69055
10.092
9.75353
14.038
8.29938
9.41833
8.46865
6.54173
6.82086
8.70263
9.12468
7.02401
1.21057
1.23938
1.22591
1.23302
1.19648
1.22097
1.19574
1.2383
1.20651
1.23439
1.21807
1.27488
1.20054
1.2258
1.36434
1.325
3.59667
2.07158
1.41372
1.34743
8.32102
1.20468
1.21761
1.19561
1.20056
1.1915
1.21166
1.18826
1.18882
1.19966
1.20268
1.19793
1.18702
1.20336
1.20406
1.1851
1.19151
1.19568
1.19691
1.18599
1.19817
1.19361
1.20467
1.19179
1.2065
1.18898
1.20289
1.18742
1.23825
19.1629
12.3897
6.84973
4.84308
18.4756
12.8491
6.98373
1.24788
1.22315
1.30228
1.22838
1.24568
1.22292
1.32211
1.31114
1.23933
1.31658
1.24349
1.30333
1.23873
1.33453
1.2694
1.22593
1.28393
1.23658
1.25631
1.22896
1.28107
11.4139
2.59633
4.04874
1.69989
10.9086
2.66305
4.09866
1.31291
1.27266
1.45949
1.35423
1.30973
1.25683
1.24484
1.26279
1.25772
1.26794
1.22341
1.2186
1.22355
1.21961
1.2174
1.1995
1.19978
1.22774
1.22232
1.20052
1.20454
1.19766
1.20559
1.19376
1.22058
1.1976
1.2218
1.19603
1.20054
1.18691
1.19466
1.18854
1.20318
1.18571
1.19365
1.20421
1.20166
1.20036
1.2133
1.22723
1.20475
1.20741
1.92096
4.01468
3.64698
2.1235
4.61179
3.17175
2.75122
1.19641
1.34755
1.21119
1.3261
1.22406
1.80235
1.2907
1.28523
1.25197
1.50654
1.22278
1.36771
1.29583
1.81037
22.0299
24.2227
5.904
11.913
7.37493
17.7739
28.6619
1.22741
1.29876
1.22224
2.68386
1.48558
2.30401
1.52189
1.94767
1.3795
2.16815
1.46809
2.76086
1.654
3.4793
1.22231
1.386
1.22712
2.30231
1.52143
2.68116
1.48462
2.16352
1.33556
1.95041
1.65132
3.46848
1.46751
2.76304
7.31478
13.0455
8.33853
5.2964
6.83415
4.45486
8.58657
1.21092
1.23775
1.19588
1.80257
1.29052
1.32615
1.22328
1.50753
1.20248
1.28543
1.29572
1.8143
1.2222
1.37003
1.1997
1.2182
1.21761
1.20059
1.20419
1.2285
1.22296
1.19309
1.19164
1.19734
1.21924
1.19413
1.21756
1.19491
1.19486
1.19293
1.20077
1.18489
1.19406
1.18766
1.20451
1.20226
1.20595
1.20653
1.20581
1.20691
1.21302
1.22772
2.17273
1.35679
1.25693
1.2912
1.54905
1.50696
1.32859
40.0044
30.649
24.0103
19.5074
35.0236
35.6827
28.5796
1.48686
1.22581
1.2382
1.22043
1.30221
1.26265
1.28369
12.0467
2.2131
2.2099
1.97324
4.49069
3.916
3.52095
8.0672
1.661
6.57911
3.77391
2.17271
3.79023
17.6806
33.6827
16.1465
17.1181
11.1057
46.2719
12.3029
31.3123
1.26228
1.29519
1.26493
1.7767
1.23734
3.02592
1.32667
5.34824
3.65763
15.2419
7.31788
6.80655
3.33097
2.3174
1.20926
1.22141
1.20496
1.27193
1.23368
1.2104
1.21516
1.20643
1.18986
1.20295
1.23465
1.26554
1.20358
1.2207
1.51413
1.83192
2.778
1.65772
1.27123
1.31233
1.40617
43.3917
44.4573
5.66519
40.273
21.8133
18.8004
70.574
1.2055
1.26967
1.21665
1.31682
1.24997
1.63517
1.37762
1.20757
1.23078
1.21198
1.22605
1.22576
1.27885
1.25952
1.21491
1.22146
1.202
1.22545
1.22308
1.26222
1.2719
1.26553
1.22222
1.378
1.24227
1.42596
1.28381
1.9718
3.49394
2.42032
2.25517
2.44869
2.67008
5.83135
2.51853
2.40686
4.15519
2.59802
11.9597
4.75862
8.60782
4.73593
1.28751
1.63681
1.3455
2.49599
1.77487
3.0443
1.9603
1.60122
1.3146
1.70137
1.33464
2.83483
1.33053
2.37692
4.98464
2.63587
5.29725
5.03575
11.9637
4.30749
7.21326
30.6674
35.7778
24.8383
34.7418
27.3544
42.765
29.3154
12.1175
9.14237
14.2748
20.9248
9.59559
13.272
29.0969
2.59694
4.86447
2.4049
8.6081
4.73685
11.9631
4.7568
1.34483
1.47411
1.28723
3.04377
1.95891
2.49723
1.7758
1.69835
1.24864
1.60083
1.33027
2.36942
1.33492
2.83374
5.28932
2.42562
4.99036
4.29545
7.19872
5.03869
11.9723
26.6312
23.1274
19.3458
22.737
23.3453
26.3049
22.8946
1.21633
1.21379
1.20478
1.63505
1.37675
1.31569
1.24874
1.21164
1.21292
1.20623
1.27762
1.25898
1.22437
1.22522
1.20259
1.20006
1.21683
1.26241
1.2722
1.22403
1.22364
1.37827
1.22233
1.26546
1.28467
1.97518
1.24157
1.42777
7.48471
8.69447
3.18204
7.94799
4.35438
12.5578
3.9311
47.5511
28.5499
35.2512
33.4509
41.9104
29.4512
42.9373
1.48072
1.67843
2.48514
1.74485
1.33452
1.3522
1.45725
1.2017
1.22752
1.20159
1.20866
1.21148
1.2708
1.21027
1.20502
1.18688
1.20518
1.20044
1.22218
1.19409
1.2565
31.8769
12.8935
58.9938
29.5369
16.3355
28.5443
50.7143
1.62945
1.38811
1.97354
2.12265
1.51507
1.52881
2.50325
1.6138
1.24788
1.26413
1.24133
1.33082
1.30686
1.34066
17.6195
3.14738
8.96031
10.7018
12.3098
7.4717
29.7133
8.07214
1.55267
3.70176
2.41413
3.47024
2.2195
9.59467
70.8226
10.7584
14.0663
8.8764
30.1754
19.8819
27.4412
6.96797
4.34508
25.628
20.2849
12.1928
10.1362
4.13897
1.40284
1.29756
1.30762
2.91721
1.27029
1.77791
1.50969
1.28266
1.24557
1.24691
1.39022
1.23052
1.34706
1.29267
40.9483
30.2168
11.2337
61.3938
18.9658
52.7552
28.5388
5.84408
10.4954
42.4898
19.7249
28.2283
11.3705
4.5187
1.41372
1.83387
1.83784
1.58177
2.28522
2.035
1.70702
4.89961
2.5673
2.60524
2.54629
3.40396
3.84249
3.30689
72.6615
76.9331
25.9638
75.3852
48.4353
137.973
48.377
14.4604
12.5379
13.3757
22.9577
10.6003
17.5455
19.1812
13.1201
9.01214
12.3675
16.8451
9.52575
12.5382
17.772
10.5143
10.1947
4.21445
11.7106
6.0466
14.9165
6.32919
36.8444
28.876
21.7044
24.7957
28.7922
37.525
28.6265
47.0611
10.4998
45.2905
60.0734
21.1847
31.9595
71.7853
2.12396
1.36262
2.39308
2.02485
1.59725
1.54368
4.65883
1.51266
1.28427
1.26506
1.31662
1.302
1.36823
1.33465
66.8935
17.4146
50.2951
49.6767
35.5961
37.7428
105.889
11.0459
2.03852
2.45174
2.40655
3.52947
4.09339
6.08858
10.8553
5.89932
4.7713
19.3979
4.60039
15.8902
13.3717
19.2373
10.9035
4.89009
18.8362
6.53404
35.3736
12.4748
21.8817
20.969
21.4883
30.4246
19.1981
26.4713
24.3574
9.25662
9.48208
7.52066
12.6836
7.32535
12.3852
9.39437
33.6537
37.7565
24.7296
59.269
26.3959
52.8204
38.9683
10.4887
7.49787
8.73208
11.4327
7.72924
10.1418
11.8637
8.15408
5.88535
6.32918
8.0365
6.22491
7.89089
8.26525
40.4234
25.4652
19.168
23.6767
25.6065
40.117
23.8597
31.8071
23.4805
29.7671
27.0444
25.4147
25.6488
36.0213
124.721
41.9874
40.4785
35.9849
63.8358
67.6462
54.5518
29.7452
9.17536
18.0853
26.1594
15.4993
22.5068
33.043
18.2438
4.93531
7.04345
12.6718
6.95707
12.5155
18.4451
101.211
18.6031
18.0001
29.6785
32.3779
51.3146
41.3242
100.977
29.7867
18.497
19.0152
41.3115
51.3658
32.5693
27.2094
32.0131
17.7559
6.78613
51.0194
18.2506
11.3243
18.0607
11.9792
6.44835
4.47665
18.1727
11.9532
6.62321
19.2316
12.1757
6.6449
4.4913
18.5176
12.709
6.98299
29.7531
26.2941
18.1481
9.61638
33.0956
22.6175
15.7334
39.9373
30.6267
24.0437
19.662
34.9625
35.637
28.6386
124.655
36.4655
41.2248
42.0332
54.9702
67.6758
64.2796
19.2168
19.2528
11.6626
4.94584
6.76653
35.3635
12.5386
37.3037
44.017
37.9598
25.6055
27.8837
61.7241
33.1378
7.41208
18.2187
4.44935
4.44417
3.79221
11.1781
11.35
5.34881
7.29633
3.32598
3.05964
3.10079
7.32785
5.35605
5.70731
7.49369
3.31056
2.99305
3.00565
7.97624
5.47777
10.641
19.5128
5.6145
4.60248
4.04295
15.9545
12.9991
22.0251
24.3415
12.3843
6.03791
7.56658
28.702
17.6723
31.5899
27.0044
29.6965
23.4408
25.437
35.9886
25.4499
47.4893
28.4598
35.1188
33.2915
41.8144
29.3983
42.7886
33.5887
59.1091
37.6651
24.6329
52.7488
38.8859
26.3095
41.7178
26.4266
18.8901
25.8845
26.7927
41.3052
26.1273
22.9883
35.4823
19.9049
19.3515
17.7198
29.2237
25.5358
16.188
23.8917
15.9045
12.4017
12.4787
24.2122
15.9963
9.12507
12.6162
9.43302
7.37673
12.2907
9.26197
7.17675
8.73931
9.49226
6.80495
5.9554
10.1326
8.27864
6.31253
8.04952
7.94381
6.25202
5.84518
8.15718
7.79537
6.15802
10.6024
13.2798
9.99754
7.76826
14.2316
9.82023
8.3817
9.32864
8.36822
6.50795
6.72007
8.60725
9.03611
6.95224
10.3538
11.3014
8.50059
7.34446
11.7304
10.0079
7.5709
21.7097
30.3145
20.8538
21.3253
19.0359
26.3276
24.2376
17.7242
20.0923
16.3877
14.3544
14.3697
20.2448
17.6396
30.6481
35.6793
34.6008
24.6881
29.2204
42.6965
27.3072
26.6718
23.0611
19.417
22.7975
23.2985
26.3238
22.9642
41.725
26.43
25.8887
18.8984
41.3084
26.7999
26.1366
33.5728
59.0732
24.6069
37.6336
38.874
52.7375
26.2879
16.1939
23.8964
12.4048
15.9118
12.483
16.0001
24.2207
22.9496
35.4335
19.3164
19.8501
17.6763
25.5099
29.1598
8.73847
9.48811
5.95091
6.80227
8.27497
10.1357
6.30584
8.04603
7.94243
5.8403
6.23976
7.79288
8.15203
6.14785
9.09815
12.5884
7.36289
9.42854
9.23222
12.2527
7.16385
9.32097
8.36686
6.71656
6.49457
9.03376
8.60081
6.93856
10.3456
11.2951
7.34085
8.48592
10.0038
11.7221
7.55726
10.577
13.2571
7.75464
10.02
9.79029
14.2105
8.36391
17.7015
20.0735
14.3361
16.3627
14.3484
17.6215
20.2203
21.7279
30.3353
21.357
20.8955
19.0684
24.2545
26.3504
26.6492
23.043
22.7712
19.3885
22.9325
26.3078
23.2735
30.6559
35.6945
24.723
34.6368
27.3207
42.7033
29.2544
124.578
36.4253
41.9827
41.2203
67.6455
54.9396
64.2574
37.2601
43.9448
25.5652
37.9553
27.8913
33.0768
61.6657
19.2447
19.284
4.96864
11.6761
6.77208
12.6015
35.3723
7.45254
18.2486
4.46368
4.46452
3.80837
11.4298
11.2168
5.36809
7.33811
3.06643
3.33875
3.10837
5.37288
7.36471
5.71968
7.5462
2.99964
3.32729
3.01141
5.49367
8.03751
10.5746
19.437
4.56064
5.60333
4.01874
12.8664
15.9188
31.5899
27.0116
23.4669
29.7126
25.462
25.4543
35.9874
21.917
24.2774
5.96434
12.3019
7.46886
17.5418
28.6621
47.4873
28.4686
33.3123
35.1334
42.799
29.404
41.8134
100.982
29.7923
18.9927
18.4704
51.3675
41.3116
32.5431
27.2137
32.011
6.78521
17.7331
11.3102
18.2725
51.0227
18.0954
12.0453
4.49709
6.47024
12.01
18.2144
6.63687
19.2874
12.251
4.52133
6.67966
7.03061
12.7895
18.5674
29.7387
26.2688
9.67349
18.2228
22.6083
33.0797
15.8006
39.9465
30.5957
19.6017
24.021
28.6194
35.62
34.9484
50.401
62.8351
62.1934
13.5325
123.491
27.6606
27.5497
66.7917
49.5322
50.0923
17.3021
105.796
37.5602
35.3827
40.9636
61.1432
29.8806
11.0456
18.9526
52.4737
28.322
46.2851
61.6497
45.6675
12.5366
21.8139
74.5013
31.8349
23.7782
5.4426
3.54314
13.0898
7.73222
7.99272
3.36071
1.90752
1.83272
1.69499
1.32124
3.40752
1.50459
1.4201
1.49098
1.35419
1.26421
1.28479
1.38436
1.39075
1.306
1.5009
3.63319
2.22025
1.4283
9.57802
1.49901
1.45066
1.36954
1.83033
1.28197
1.26305
1.54833
1.40111
1.26047
1.35967
1.46607
1.28824
1.256
1.48117
1.33527
1.26621
1.4041
3.39868
2.03238
1.35737
8.66347
1.3984
1.35227
1.32096
1.36239
1.25666
1.23296
1.42161
1.27794
1.2393
1.63268
4.52651
1.38787
1.33313
2.21599
1.60697
1.31683
25.5082
7.2048
4.07294
20.2065
12.0781
10.3259
4.04873
1.94196
1.34131
1.28414
1.31143
1.38762
1.43285
1.36951
2.3982
2.26639
2.35759
1.41567
4.79262
1.78694
1.62554
43.5948
44.4199
40.4815
5.96932
22.2731
70.5351
19.3166
47.0871
60.1795
45.3182
10.9586
21.6649
71.6528
32.2698
72.6359
75.318
76.8368
25.9099
138.015
48.3026
48.3345
35.9057
8.94517
11.3966
21.9525
25.1339
15.2561
6.85363
4.25834
2.46083
2.39999
2.37556
3.67936
3.23709
3.02637
8.37558
11.6419
3.98037
10.121
6.30625
14.9757
5.17404
3.49415
2.4432
2.57435
2.26453
6.08871
2.67164
2.63741
42.5752
6.2141
10.9874
20.2142
28.2552
11.9962
4.50495
7.07951
8.73575
3.18551
8.0039
4.21706
12.7166
4.10056
72.5904
76.9956
75.5864
26.1157
48.4525
137.979
48.4279
36.6795
28.5673
21.7741
24.5438
28.7104
37.1974
28.5079
12.1286
14.2794
20.9321
9.19396
29.0989
9.61336
13.299
13.3344
21.9786
11.886
13.5439
15.6635
19.0357
10.0862
12.4849
15.9157
12.222
8.80108
17.3632
12.2016
9.06229
14.5457
15.2471
19.984
10.8329
26.67
11.3407
13.953
14.4024
22.8312
12.4382
13.3342
17.3959
19.1486
10.5481
13.1406
16.8426
12.412
9.05334
17.793
12.5547
9.54958
12.1363
20.9368
14.2894
9.19529
29.1154
13.3017
9.61848
12.4917
15.9195
8.80299
12.2276
12.2045
17.3702
9.06572
13.3313
21.9795
13.5415
11.8633
19.0387
15.643
10.0773
13.1335
16.8121
9.04528
12.4067
12.5336
17.7772
9.54651
14.4421
22.9013
13.3766
12.4538
19.1936
17.4494
10.5743
72.6403
75.3235
25.9405
76.8386
48.334
138.018
48.3248
10.5965
11.6515
10.1276
3.97657
14.9338
6.29259
5.87697
35.9116
11.3402
8.89946
25.1372
21.9356
15.2072
6.74065
4.89497
2.50308
2.41205
2.4466
3.28474
3.82555
3.23417
7.07209
8.73173
7.96812
3.18311
12.7088
4.21901
4.06818
3.48221
2.42842
2.26971
2.56142
2.6775
6.01068
2.63365
42.5169
11.0593
6.21
28.2459
20.0885
12.0206
4.48815
36.7597
28.6582
24.6313
21.7987
28.583
37.2811
28.7687
72.5874
76.9721
26.1233
75.5634
48.4206
137.974
48.4448
46.2572
61.6374
12.5398
45.6042
21.76
31.8153
74.4987
40.9816
61.1431
11.0487
29.8912
18.9605
28.3042
52.4721
1.91358
1.84861
1.32218
1.69559
1.51095
3.40576
1.42081
1.49362
1.35414
1.28457
1.26398
1.39237
1.38452
1.30645
23.7059
3.52483
5.42433
7.6855
13.0692
7.9689
3.33805
1.5005
2.22308
3.63235
1.42881
9.56101
1.45023
1.50005
1.3696
1.82784
1.26283
1.2817
1.40109
1.54767
1.26017
1.35926
1.46682
1.25592
1.28839
1.33538
1.481
1.2663
1.32075
1.36258
1.23314
1.25801
1.27799
1.42114
1.23922
1.63823
4.52689
1.33454
1.38928
1.6067
2.20889
1.32055
1.65293
1.33884
1.30967
1.27807
1.4154
1.36933
1.3432
2.39561
2.26252
1.41594
2.34542
1.78977
4.827
1.61723
25.7252
4.06543
7.27755
12.1857
20.2968
10.4461
3.97646
47.0091
60.1237
10.8887
45.1889
21.4806
32.1112
71.6372
43.7239
44.5238
6.08538
40.6687
22.5402
19.6464
70.5508
50.4289
62.8501
13.5705
62.2849
27.785
27.662
123.496
10.6355
2.39932
2.18691
2.4735
3.89742
5.50344
3.74306
12.6107
2.46224
2.14723
2.50145
3.74279
4.09863
4.83396
66.8221
49.6059
17.3747
50.158
37.6432
105.835
35.4243
71.0865
9.4224
14.5637
11.9894
27.9273
20.494
30.33
16.0951
11.2322
18.3319
2.56774
29.821
4.1669
7.36749
9.62215
2.59674
3.84332
1.91119
9.54313
2.74805
4.01439
9.61571
2.32766
3.5615
1.57272
9.14288
2.32777
3.53441
17.5517
10.5479
9.21437
3.63578
29.0724
8.00677
13.4339
33.4771
14.7757
16.3316
9.75324
45.8614
11.0362
30.7688
32.3077
59.0802
29.8308
14.6812
17.2555
50.7727
29.1462
28.8183
36.9376
42.7676
4.80082
13.7852
68.6334
16.9503
21.8976
4.64446
3.56134
11.7215
7.46753
4.89823
2.82515
2.68169
2.28224
2.04828
1.40352
6.14486
1.6559
1.56845
1.64081
1.28847
1.2827
1.29319
1.37785
1.36975
1.35945
1.2801
1.57076
1.2666
1.2869
1.40344
1.3154
1.25316
1.28083
1.37863
1.27241
1.23371
1.3805
1.27529
1.25156
1.30466
1.96023
1.43296
1.27693
3.70576
1.33144
1.26479
1.25124
1.35072
1.2409
1.22006
1.36601
1.24965
1.21293
1.35496
3.78844
1.30424
1.30467
1.58664
1.65661
1.24937
1.28244
1.79897
1.33518
1.24666
3.78537
1.27888
1.23995
23.4527
4.88483
3.75215
12.0429
9.77462
4.80413
2.70392
1.61605
1.24676
1.27885
1.25726
1.36179
1.31804
1.37495
1.56489
1.76126
1.74301
1.31822
2.26156
1.41785
1.4457
28.9387
42.6128
37.1077
5.17027
14.4569
68.4404
17.5611
32.17
29.9257
59.1924
13.5641
16.7958
50.9567
28.7959
47.1967
45.4391
60.1562
11.1487
21.734
71.6994
32.1089
43.4322
40.2555
44.5344
5.64306
21.918
70.581
19.0538
46.2121
45.4517
61.8106
12.35
21.898
31.8553
74.4435
40.9002
29.8863
61.2371
10.2645
18.5885
28.4047
52.5399
47.5661
33.4955
35.2865
28.575
42.9654
29.4529
41.9311
42.5
10.3715
6.47067
28.1425
19.3497
10.8572
4.81611
3.60961
2.61423
2.50204
2.19162
6.03174
2.55217
2.6348
6.52867
7.6606
3.08582
8.44277
3.87377
12.3224
4.0371
4.96953
2.28402
2.37138
2.48461
3.78974
3.25563
3.43937
10.8955
10.2567
4.29402
11.7088
6.16982
14.9147
6.65251
124.334
41.6355
40.3012
35.7217
63.5873
67.4832
54.3575
30.709
34.8354
35.8357
24.9101
42.8016
29.4028
27.4134
26.6395
22.7508
19.3598
23.0304
22.9118
26.3064
23.2573
14.5598
23.0895
13.4662
12.5576
19.2497
17.6431
10.7069
13.1412
12.3967
16.8122
9.05827
17.7562
9.5975
12.5216
14.5413
19.9405
15.2269
10.817
26.6389
13.9142
11.3674
12.6363
12.2843
15.979
8.89289
17.4435
9.13124
12.3428
12.4777
21.0099
14.9982
9.73012
29.0959
13.5678
10.1227
33.5837
37.5579
59.0753
24.5757
38.924
52.785
26.2747
40.4606
25.4952
19.2312
23.7264
25.6545
40.1008
23.9148
26.637
22.7503
23.0323
19.3575
26.3091
22.9087
23.255
30.7178
34.8509
24.9215
35.8492
29.4159
42.8121
27.4241
13.1444
16.8145
12.401
9.05958
17.7604
12.5234
9.59842
14.5635
13.4667
23.1066
12.5508
19.2583
10.7024
17.6456
14.5423
19.9387
10.8171
15.2269
13.9148
26.6393
11.3658
13.407
13.5199
21.8942
11.7472
19.0809
10.0565
15.5473
12.4799
20.9926
9.73097
15.0002
13.5548
29.0791
10.1192
40.4329
25.4929
23.7075
19.2153
23.8853
40.1164
25.6389
33.5993
37.6002
24.6151
59.1208
26.3037
52.8067
38.9503
47.5655
33.4832
28.5694
35.2436
29.4464
42.9367
41.9215
10.4263
42.5014
6.43524
28.1846
19.4199
10.9483
4.80371
7.34828
7.6772
8.47406
3.095
12.3911
3.93113
4.29662
3.56424
2.55675
2.20248
2.48384
2.56008
5.96179
2.6602
11.6285
35.8316
8.87337
21.4334
25.1457
14.7553
6.87323
8.70372
10.2007
11.6653
4.25693
14.934
5.3946
6.63743
4.43538
2.20782
2.44437
2.34604
2.99798
3.678
3.43628
124.34
41.6394
35.704
40.2987
54.3514
67.4818
63.5899
47.1578
60.137
45.436
11.1679
21.6631
71.7018
32.0654
43.5095
40.4827
5.70392
44.6192
22.1184
70.5947
19.2234
40.9381
30.0027
10.3987
61.3047
18.6795
52.6139
28.4973
32.4019
29.889
59.1051
14.7354
17.3815
29.2026
50.8137
29.1385
37.2719
4.87944
42.9218
14.2037
17.1429
68.6936
2.54185
2.35349
1.41193
2.02849
1.67234
6.13982
1.55288
1.65906
1.28849
1.29649
1.2876
1.37097
1.38505
1.36745
1.28008
1.27215
1.37766
1.23341
1.37952
1.2512
1.27443
1.30279
1.95629
1.27524
1.42668
1.3293
3.68924
1.26448
1.35586
1.30467
3.77431
1.3059
1.58784
1.25005
1.65336
1.28258
1.80597
1.24831
1.33108
1.27956
3.76631
1.23982
4.85242
23.5069
3.72213
9.85877
12.0966
4.8851
2.67444
1.56491
1.24529
1.25839
1.27389
1.31711
1.35141
1.35943
1.57125
1.89932
1.32469
1.74491
1.44089
2.3364
1.45232
32.241
29.9697
13.5736
59.2608
16.861
51.0428
28.8256
71.168
9.31401
11.9646
14.4997
20.4221
27.9602
30.3886
16.0868
11.1203
2.51741
18.2114
7.01549
4.16133
29.7455
9.63228
2.60274
1.89564
3.96735
2.74657
9.56603
4.10426
9.55564
2.33531
1.58029
3.66368
3.63112
2.33383
9.116
17.5932
10.6
3.77776
9.24326
8.06933
29.1032
13.6346
33.4616
14.7064
9.68553
16.4165
30.6852
10.9319
45.8898
33.5681
10.0183
16.0436
15.0776
30.8226
11.6429
46.0187
9.92873
8.07973
5.97481
2.29609
3.00799
19.7404
4.78364
9.56661
2.9801
11.9474
1.85593
2.53594
9.63544
4.48701
2.74482
10.3885
2.09454
1.99872
1.70144
4.48437
4.35564
1.79852
2.34627
1.57716
1.3947
1.42226
2.45139
1.71483
1.62536
2.16768
1.38098
1.32481
1.31356
2.20868
1.60894
2.80275
8.41602
2.24359
1.72415
1.67994
5.65788
3.10401
9.06611
11.8738
2.91855
1.84095
2.39254
9.31773
4.34414
9.40386
5.41447
7.83183
2.01833
2.85815
18.7175
4.27631
70.8556
10.6733
13.8873
8.11925
30.5442
19.014
27.7024
66.7671
50.383
49.8123
17.0691
105.809
35.3779
37.5191
23.249
3.75153
4.76776
9.56178
11.4672
4.95539
2.61192
1.50224
1.61817
1.53958
1.24765
2.08092
1.34351
1.32444
1.47671
1.2185
1.24445
1.21551
1.27899
1.25026
1.32036
2.00874
2.02387
1.83125
1.28163
5.23987
1.39156
1.40138
22.0882
3.00244
4.63584
6.25642
11.5728
4.84318
2.55402
1.43727
1.22498
1.24019
1.23548
1.27096
1.27667
1.28435
50.5149
62.4636
62.8854
13.7492
27.6988
123.467
28.0404
10.9771
2.06079
2.51089
2.3068
3.8165
3.69902
5.69474
39.9706
19.7407
24.1714
30.6224
28.7151
35.6494
34.9867
25.5353
3.94711
6.38453
11.8321
20.0183
9.53203
3.64431
2.26483
2.09
2.20062
1.36143
4.46491
1.46214
1.70852
1.73196
1.29228
1.26279
1.35157
1.31762
1.44017
1.45256
1.65229
1.48276
1.68813
1.28771
3.24553
1.27628
1.47144
1.41126
1.264
1.22442
1.30869
1.24428
1.35616
1.31885
100.985
18.6766
18.0078
29.7344
32.3487
51.1372
41.3188
31.7448
29.8606
27.1641
23.625
25.5183
36.1247
25.6561
21.9037
12.5011
24.3054
6.06062
7.59405
28.7013
17.5454
34.3287
36.6691
42.6651
25.431
27.2132
30.0664
60.2097
19.2548
10.9413
18.8774
4.95502
6.42635
12.5458
35.5164
21.8758
30.4963
21.5514
21.1195
19.2676
24.3709
26.5506
17.6656
16.3262
20.0513
14.295
14.3092
20.1968
17.5857
17.6636
20.0526
16.3238
14.294
14.307
20.1946
17.5864
21.8851
21.5583
30.5091
21.1252
19.2705
24.3817
26.5617
22.9619
19.3141
35.3798
19.721
17.6538
29.0858
25.5355
31.7135
27.1595
29.8072
23.593
25.4625
36.1023
25.6462
21.8784
12.4714
6.0618
24.2756
7.58724
28.6758
17.5149
19.3604
11.012
5.01616
18.9429
6.47414
35.5447
12.6602
39.9818
19.6864
30.6001
24.1394
35.6367
28.6782
34.984
2.25768
2.19114
2.0885
1.3629
4.46368
1.70805
1.46183
3.94859
25.7216
6.50674
11.9685
20.1704
9.69584
3.67088
1.73177
1.29317
1.35231
1.26293
1.44107
1.31783
1.45294
3.69382
24.6051
5.60718
13.4375
8.56674
8.31359
3.56509
1.41026
1.26422
1.30795
1.2257
1.35642
1.24473
1.31879
100.981
18.6787
29.762
17.9869
41.3203
51.1425
32.3111
66.8305
49.881
50.4496
17.1758
35.4855
105.832
37.716
12.031
1.93306
2.23745
2.17013
3.94468
3.47694
4.49491
1.49565
1.58457
1.61037
1.24791
2.09911
1.32511
1.3437
1.52335
1.21651
1.21635
1.24627
1.25374
1.28585
1.32662
2.99858
22.2151
4.66514
11.6182
6.2246
4.83393
2.5509
1.43953
1.22603
1.23359
1.24602
1.26887
1.27611
1.28926
11.2821
2.06177
2.33682
2.56342
6.08108
4.05744
3.72836
33.549
10.0664
15.1333
16.2248
11.6275
30.8308
46.0634
9.79546
5.80454
7.93521
2.26828
2.96021
4.61257
19.664
9.04933
2.97484
1.8935
12.1632
2.49692
4.71321
9.50775
2.6602
2.31584
8.47452
1.71022
1.63917
3.10636
5.80742
9.33844
5.42474
1.98605
7.69038
2.76516
18.8379
4.14735
70.9862
10.8021
8.21399
13.902
27.7604
19.1207
30.5599
17.0919
8.47015
10.1937
2.86117
29.0857
11.4986
7.02174
10.4572
1.67949
3.62173
2.5693
3.68774
2.63173
9.91672
2.42082
7.25445
1.5318
1.79162
1.46318
2.80546
4.31074
1.64598
1.3773
2.08222
1.28225
1.29764
2.20371
1.56175
1.3505
1.38315
1.28308
1.2624
1.36116
1.35014
1.27592
1.30651
1.24043
1.32329
1.23809
1.34296
1.23715
1.30117
1.32806
1.2525
1.33083
1.24839
1.32835
1.25561
1.3148
1.3054
1.32179
1.24189
1.23365
1.35995
1.29063
1.23115
1.26966
1.23546
1.28691
1.22484
1.27991
1.22775
1.25472
1.36157
1.29165
1.37998
1.25453
1.39925
1.25826
1.32523
2.5095
10.1361
1.95571
2.00083
1.6207
4.30353
4.4364
1.60755
1.41929
2.35494
1.3155
1.31238
2.2528
1.62954
15.3004
16.7949
10.2553
2.34144
3.85107
30.069
6.79657
9.31253
1.65523
3.86764
2.50707
3.78833
2.46092
10.0102
1.31544
3.07597
1.23682
1.28756
1.51803
1.58774
1.21541
1.32884
1.3612
2.02737
1.23695
3.91149
1.24207
1.31696
1.26977
1.24926
1.38047
1.22269
1.44042
1.21939
1.26061
1.25001
1.67183
1.22977
1.24056
1.27813
1.50669
1.20953
1.23699
1.29473
1.79681
1.22556
3.13962
1.22763
1.25552
1.2336
1.22366
1.31571
1.20641
1.34657
1.20629
1.23582
29.7714
18.299
26.2959
9.48205
33.1117
15.8932
22.6215
19.3448
4.61563
6.8738
12.34
7.07594
12.7828
18.6502
1.35707
3.70135
1.26613
1.30336
1.47473
1.93133
1.2248
1.26923
1.25061
1.41253
1.21462
1.43146
1.21701
1.25784
1.35545
2.03563
3.55353
1.31393
7.88235
1.31393
1.4037
1.26873
1.22381
1.3747
1.20315
1.35796
1.20325
1.26356
1.3958
2.07381
3.63175
1.34807
8.52152
1.37498
1.43437
27.0977
17.2418
32.0503
6.12194
18.0003
50.9418
10.6572
17.9446
4.703
6.54833
12.0821
6.64291
12.0235
18.0647
10.5291
19.4412
4.63289
5.57711
4.08143
12.8631
15.8895
5.61186
3.33335
7.48098
3.01835
3.02322
7.81373
5.44245
10.3329
8.49369
11.2585
7.35094
11.7
7.57473
9.97416
10.6127
10.0671
13.3232
7.80193
14.2906
8.4007
9.82821
9.31442
6.72479
6.5139
8.34704
6.95575
9.011
8.59918
8.97907
6.91896
9.82919
6.09879
10.3363
6.40014
8.69805
9.06697
9.31902
12.3716
7.29263
12.0251
7.12065
9.19037
8.28914
5.94089
6.28951
8.04359
6.21515
8.14971
8.29562
10.3324
11.2576
8.49262
7.35089
11.6999
9.97319
7.57436
9.31364
6.72488
8.34591
6.51483
9.00992
6.95603
8.59819
10.6174
10.0567
7.80445
13.3157
8.40366
14.284
9.83218
8.16859
5.88959
8.05302
6.2618
7.92427
6.16734
8.26062
9.07333
9.31848
7.3
12.3796
7.1229
12.027
9.19863
10.525
4.62687
19.4086
5.57797
4.07806
12.8459
15.8707
5.61442
3.33811
3.01887
7.49678
3.02366
7.8322
5.44561
7.08865
4.37042
18.032
4.38108
4.13079
10.1308
11.4014
29.7523
26.2668
18.2854
9.51071
15.8957
33.1012
22.5958
19.3502
4.62331
12.359
6.89274
12.7994
7.09774
18.6578
1.3585
1.26519
3.71054
1.30545
1.47607
1.2247
1.93445
1.35615
2.03869
1.31446
3.55757
1.31454
7.9245
1.40438
1.26939
1.25065
1.21415
1.41209
1.21676
1.43181
1.25772
1.30846
1.22068
1.77509
1.24542
1.31606
1.21166
1.47368
1.39687
2.08443
1.35244
3.63689
1.37916
8.51322
1.43732
1.26568
1.22496
1.20384
1.35284
1.20492
1.34055
1.26032
17.9952
4.74728
12.1818
6.5957
18.1277
12.1103
6.68015
1.26951
1.24861
1.22218
1.38032
1.21882
1.43942
1.26073
1.3284
1.36108
1.23689
2.04764
1.24117
3.94485
1.31774
1.29698
1.23114
1.73818
1.25577
1.28628
1.22858
1.62026
1.28405
1.24247
1.22891
1.42199
1.22597
1.46074
1.27932
1.24591
1.29696
1.23664
1.79947
1.23398
3.1104
1.26305
17.1323
10.2047
8.54895
2.9535
11.7729
29.176
7.14132
10.7049
1.69643
2.62149
3.81312
2.68508
3.84108
10.2379
1.35566
1.28218
1.37982
1.26097
1.36031
1.27471
1.34814
1.3181
1.23945
1.23889
1.32057
1.23706
1.34233
1.31465
1.33697
1.2485
1.24849
1.33294
1.25333
1.33184
1.3323
1.2742
1.23296
1.22717
1.27481
1.23018
1.27032
1.25807
1.36951
1.29212
1.25664
1.38102
1.26014
1.3995
1.33216
2.51798
1.90811
10.2853
2.01849
1.64941
4.20168
4.09219
9.4362
1.64527
2.53049
3.90593
10.2399
2.47082
3.81073
8.7127
3.55684
2.51423
1.64609
9.34335
3.51873
2.47679
15.0634
2.21542
15.969
10.557
6.26246
3.93718
29.6209
1.52782
2.03474
1.27507
1.3515
1.27346
1.53911
2.00464
2.19975
1.64561
8.69486
1.61415
1.41061
3.74225
3.64761
1.31064
1.31815
1.23867
1.24365
1.29763
1.3413
1.23871
1.33858
1.33115
1.24841
1.25227
1.3181
1.33067
1.25609
1.35803
1.26187
1.3911
1.28958
1.35755
1.27855
1.36867
1.26861
1.28692
1.22517
1.2366
1.25463
1.28072
1.22899
1.35602
1.37741
1.25521
1.29115
1.32801
1.40275
1.26098
1.30351
1.23429
1.32277
1.23615
1.29062
1.23102
1.33531
1.71321
2.41834
1.32237
1.45769
1.33412
1.65401
2.52251
2.72208
2.15502
9.08377
1.83459
1.66545
5.50197
3.21676
11.1159
3.94661
2.55173
1.69986
2.60118
10.6003
4.00588
17.6997
3.20056
9.56588
10.8286
13.13
7.55548
29.7024
1.27477
1.84533
1.22792
1.31914
1.28433
3.35947
1.2246
1.24738
1.30217
1.22187
1.22918
1.24456
1.3212
1.22273
1.2623
1.24111
1.59487
1.21963
1.44086
1.21597
1.27198
1.26999
1.40898
1.21204
1.24069
1.25276
1.51903
1.21507
1.32414
1.27812
3.34058
1.25338
1.66143
1.2233
1.47345
18.109
6.54677
12.1373
4.50829
18.2702
6.58275
12.0642
27.0773
6.08665
17.1305
31.8426
10.5698
17.9162
50.965
1.25587
1.38152
1.21663
1.23651
1.25491
1.35359
1.21428
1.36439
3.59626
1.32443
2.0706
1.41337
8.30281
1.34716
1.28527
1.24793
1.85536
1.22155
1.48777
1.21267
1.30829
1.38098
3.54805
1.3353
2.05077
1.41848
7.96909
1.33936
1.3727
1.2773
3.58341
1.23943
1.90093
1.21474
1.46858
19.0702
6.78953
12.2736
4.78977
12.7135
18.3975
6.91174
29.7722
8.68785
17.9124
26.2337
15.5495
22.3735
33.1783
5.36157
7.36283
3.06551
3.32418
3.09649
5.359
7.39111
7.42478
4.28813
17.7824
4.3643
3.8007
10.9263
11.162
10.2383
5.63962
19.1047
4.5263
4.46224
12.6297
15.4254
9.13597
12.6425
7.40932
9.46988
9.26741
12.3041
7.20803
8.04411
6.25984
7.92024
5.83651
8.14889
6.16173
7.76861
8.72549
5.93019
6.78484
9.45135
6.30034
8.2432
10.1144
9.41544
6.54918
8.44518
6.82252
8.68032
7.02418
9.12296
10.4334
7.4805
8.69324
11.3508
7.69349
10.0746
11.8039
8.04166
7.91882
6.26151
5.83667
8.14739
7.76651
6.16372
9.13712
7.41161
12.6343
9.45655
9.27014
7.20909
12.2961
8.72166
5.92998
9.44651
6.78329
8.23989
6.30104
10.1092
10.5542
7.69415
13.0642
10.1
9.75327
8.30373
14.0437
10.4402
7.47998
11.3562
8.69565
10.0807
7.69496
11.8095
5.36516
3.06547
7.37415
3.32604
3.09652
5.36215
7.40185
7.43018
4.29193
4.36965
17.7741
3.80386
10.9332
11.1568
10.2371
5.66898
4.51114
19.1087
4.46624
15.4893
12.5953
18.1144
12.1563
6.55182
4.51149
6.588
18.2765
12.079
27.0746
6.08905
31.8293
17.1346
17.9198
10.5686
50.9712
1.25573
1.21492
1.38058
1.23788
1.25453
1.2137
1.35373
1.28595
1.24965
1.22123
1.85885
1.21263
1.49078
1.30849
1.38257
1.33986
3.55838
2.06251
1.42211
1.34315
8.00254
1.27513
1.2041
1.37327
1.23815
1.26005
1.20616
1.41057
1.3699
1.28624
1.23472
3.57423
1.21656
1.88822
1.4541
29.7588
8.84857
26.2277
18.0422
33.1343
22.409
15.6772
1.27559
1.22745
1.86056
1.32144
1.28514
1.2249
3.3673
1.26286
1.24075
1.21906
1.60331
1.21582
1.44443
1.27188
1.37904
1.2339
1.55788
1.27775
1.31764
1.2408
1.78873
1.27516
1.23749
1.96422
1.31938
1.27967
1.23044
3.79171
1.43898
1.33589
1.2636
3.39014
1.25791
1.91834
1.53959
8.87091
2.54985
3.69056
1.64508
3.62974
9.59116
2.50108
15.1224
2.23174
10.6666
16.3187
3.97514
6.25443
29.4736
2.24127
1.67503
1.60948
8.99104
1.47373
3.65825
3.73
1.33542
1.24798
1.32741
1.25013
1.31943
1.25423
1.32693
1.35398
1.26066
1.28866
1.39129
1.27731
1.35489
1.36755
1.35741
1.25699
1.37844
1.2921
1.33147
1.26249
1.40449
1.30433
1.23403
1.23603
1.32326
1.23124
1.29093
1.33656
2.72642
2.22176
1.87486
9.17143
1.65027
5.73851
3.3835
17.8496
3.28129
10.8148
9.51337
29.8011
7.7011
13.3402
70.7939
13.1205
8.68695
9.97232
27.2794
29.8842
19.3395
8.02234
6.46927
1.6937
3.71987
2.19781
3.76979
17.4343
11.0757
2.51239
13.6097
3.76517
3.29921
5.5697
11.7716
2.63077
1.99355
8.48813
2.04831
1.70632
3.47252
4.6991
1.90346
1.42151
2.55307
1.63083
1.45958
1.76223
2.80053
1.53845
1.33353
2.24253
1.36203
1.30399
1.62465
2.00472
2.64646
1.79218
10.9017
2.04233
1.593
4.34102
4.3853
11.0923
13.7965
2.27359
3.472
3.10204
5.08085
11.4696
9.00771
1.78985
7.85562
4.51286
2.38941
4.10274
19.1402
33.7378
16.8066
16.1375
11.1704
12.5076
46.2693
31.3352
50.3504
12.8501
62.2471
62.7485
27.3791
27.2692
123.507
1.45276
1.23821
1.21079
1.22672
1.27019
1.29738
1.24532
4.06312
21.1679
2.82992
10.693
6.07335
4.55761
2.33939
2.04045
1.28157
2.29059
1.78964
1.4811
1.36476
5.13327
1.50101
1.23945
1.23162
1.22255
1.31836
1.28255
1.27395
1.52825
1.25967
1.58552
1.52822
1.35972
1.34427
2.1168
5.09516
23.3077
3.8774
11.6628
9.50739
4.88492
2.77975
12.2233
2.24592
2.23316
2.03741
3.97339
4.54616
3.60421
66.7322
17.1542
50.2593
49.6972
35.4452
37.5553
105.707
100.921
17.9027
29.6275
18.4727
41.2823
32.2067
51.18
1.44065
1.23279
1.31556
1.27231
1.30898
1.26267
1.36822
5.08309
23.5657
3.4765
12.3767
7.92794
7.78775
3.37696
1.82644
1.30108
1.50053
1.82422
1.3069
1.52272
3.56089
1.77264
1.25142
1.34552
1.28589
1.50292
1.28731
1.46259
6.60031
25.4878
4.23432
11.7626
20.154
9.69358
3.93177
2.21415
1.34653
1.93454
2.14488
1.40132
1.7507
4.23671
40.0259
23.9347
30.6841
19.4299
35.7017
35.0592
28.5568
18.9137
18.8514
4.82542
11.0263
6.31953
12.2952
35.3467
37.2325
25.6164
38.0248
43.9359
27.9084
33.1322
61.7503
31.8731
23.5602
29.8203
27.0871
25.4434
25.7104
36.0743
22.9327
19.806
35.3307
19.2801
17.6483
29.099
25.5013
16.1496
12.3532
15.8588
23.8826
12.4273
15.9627
24.1928
21.8546
21.0455
30.4337
21.5075
19.2422
24.3266
26.5032
16.1462
12.3503
23.8708
15.8557
12.4243
15.9593
24.1904
22.9398
19.8157
19.2877
35.3436
17.6545
29.1116
25.5073
21.8576
21.0539
21.5199
30.4412
19.2494
26.507
24.3336
18.9208
4.82748
18.8528
10.9899
6.31936
12.2992
35.3348
37.232
25.6114
43.9387
38.016
27.9048
33.1298
61.7436
21.9618
5.88344
24.1903
11.9296
7.33551
28.6424
17.6932
31.8615
23.5635
27.0722
29.8227
25.4621
36.0616
25.6938
100.906
29.6171
17.8899
18.4268
32.1564
41.2752
51.1852
1.39005
1.31275
1.23249
1.27139
1.30366
1.36351
1.25434
1.812
1.30061
1.82218
1.49824
1.52098
1.3049
3.55316
5.12431
3.48413
23.6793
12.4865
7.96554
7.81725
3.38515
2.20244
1.34881
2.14603
1.95363
1.75472
1.40876
4.27067
6.44519
4.25122
25.3895
19.9851
11.7834
9.54275
3.92075
10.8457
2.28662
2.32062
1.92033
3.38375
5.56048
3.72938
50.389
12.9216
62.8069
62.2521
27.3763
27.3297
123.525
1.41271
1.20963
1.23843
1.22559
1.26093
1.24192
1.2789
4.09721
2.83938
21.2413
6.09382
10.7602
4.57732
2.34807
2.07746
1.28499
1.82892
2.31529
1.37078
1.48582
5.21579
1.49494
1.25775
1.5648
1.57055
1.33488
1.34415
2.09293
5.08119
3.88288
23.099
11.4055
9.30304
4.82545
2.77297
66.711
16.8999
49.6841
50.2166
105.724
37.4702
35.2613
70.9228
8.80874
13.2958
10.1563
29.9022
27.3453
19.5553
9.99047
2.5352
3.66247
13.7222
3.12557
5.85867
11.19
2.61524
1.98092
2.14852
8.60129
1.6896
5.13897
3.55302
2.62408
1.78632
2.0322
10.9863
1.6191
4.24748
4.24208
10.3337
2.34636
14.0367
3.44087
3.05325
11.1969
5.55808
8.93932
1.79094
4.53835
7.89484
2.36243
19.2429
3.98839
33.5851
16.8609
11.3667
16.0228
31.1304
46.2167
12.9181
17.6083
8.84333
3.02362
10.6885
7.30652
11.8731
29.6894
12.6701
4.03902
2.0072
2.82351
4.33268
11.4582
3.16142
8.04167
3.62039
1.54548
2.38996
2.20361
3.37858
9.54402
15.3962
17.9564
2.64252
11.5458
6.86349
29.7393
4.15346
70.7873
14.0339
10.6333
8.86741
19.8594
30.1178
27.4129
31.8088
58.9691
12.8539
29.3935
16.2477
28.5064
50.6684
29.0594
5.46231
42.7733
37.1113
14.7903
18.135
68.3671
1.60184
1.97288
1.37557
1.92663
1.51425
2.39765
1.48158
1.61238
1.29396
1.27543
1.28678
1.36877
1.40674
1.3269
4.01372
23.6227
5.08399
10.1125
12.0417
5.07138
2.83561
1.39544
1.54631
1.31829
2.39472
1.29182
4.74174
1.43909
1.31056
1.28301
2.58624
1.27766
1.35049
1.25072
1.45645
1.30861
1.23249
1.5519
1.27816
1.3077
1.24752
1.45378
1.24669
1.2258
1.40598
1.23782
1.27825
1.21409
1.32277
1.27466
1.26074
1.7299
1.26686
1.32804
1.23653
1.43009
1.57627
1.25952
1.24495
1.24336
1.31265
1.3362
1.30496
2.41578
1.77254
1.2909
1.94719
1.43594
5.4462
1.46383
3.38246
22.1367
4.69923
7.26289
12.1721
4.93532
2.72712
28.732
42.6289
4.8408
36.9551
13.8494
16.9541
68.5376
32.4421
14.3737
59.2181
30.1451
17.1688
29.1191
50.9619
40.6865
61.1187
9.5268
29.4653
18.0961
27.9801
52.3803
46.1046
12.2938
45.6323
61.6104
22.0288
31.7346
74.491
47.4219
11.6541
45.6251
60.2245
22.4646
32.4186
71.7289
124.515
41.2558
36.4001
41.9282
54.9466
64.2892
67.6406
4.39259
2.43146
2.4641
2.30908
3.35671
3.71115
3.09929
8.59653
4.18313
11.669
10.235
6.48496
5.35607
15.0417
8.74189
35.8854
11.3661
21.5054
25.0141
14.7921
6.68937
7.43725
3.1702
8.65121
7.91997
4.31948
3.90918
12.5173
6.74122
42.6614
10.3564
28.2229
19.4696
10.8173
4.92652
47.5538
35.2497
28.5504
33.4468
29.4496
41.9147
42.9367
33.5864
58.9556
24.5513
37.5356
26.2758
38.8409
52.6951
41.7346
18.8538
26.4289
25.8802
26.7807
26.1147
41.3251
12.1187
14.2781
9.14451
20.9326
9.59647
29.0986
13.2763
13.2789
11.8269
21.8735
13.4682
15.5815
9.99942
18.9992
12.4631
8.72723
12.1913
15.9143
8.99007
12.1719
17.3733
14.4382
15.1845
10.718
19.893
11.2623
26.5965
13.8167
14.4325
12.512
23.0137
13.3851
17.5595
10.5999
19.1508
12.9283
8.82919
11.8593
16.685
9.18894
12.3557
17.6014
26.6343
19.3516
23.127
22.7413
26.303
23.3479
22.8995
41.7387
26.4143
18.8509
25.8603
26.1139
26.779
41.2823
33.5905
24.5603
58.9689
37.5489
38.8478
26.2824
52.7022
12.4643
8.72633
15.9118
12.1943
12.1692
8.99329
17.3742
13.2859
11.8321
13.4757
21.8848
10.005
15.5899
19.0075
14.4306
10.703
15.1814
19.8793
11.2556
13.7971
26.5946
12.9167
8.80945
16.6541
11.8439
12.3308
9.17629
17.5898
14.4354
12.5299
13.3924
23.0364
10.606
17.579
19.153
30.665
24.8354
35.7709
34.7399
42.7614
27.3507
29.3137
124.52
36.4004
41.2509
41.9328
64.2798
54.9465
67.6423
8.60023
11.6698
4.18437
10.2355
6.49093
15.0394
5.35454
4.39772
2.46909
2.43221
2.30699
3.3624
3.10334
3.71071
8.70012
11.3176
35.844
21.4475
24.9629
14.7474
6.67919
3.49223
2.26235
2.40461
2.43441
2.67921
2.52765
5.7257
6.70757
10.6335
42.8375
19.6713
28.5348
10.9921
4.94373
40.7248
9.61281
61.1527
29.4639
18.1649
28.0456
52.4163
46.0594
12.2252
61.5737
45.535
21.9112
31.6524
74.4877
43.2189
5.71717
44.3868
40.1736
21.7637
70.4916
18.8572
47.5613
11.5603
60.2838
45.7739
22.4144
71.8249
32.515
29.1804
5.54285
37.2896
42.8402
14.9344
18.2606
68.3974
1.67512
1.27949
1.29843
1.28621
1.38821
1.34198
1.40885
4.06296
5.13291
23.6837
12.0574
10.1193
5.03385
2.86573
1.36962
1.30918
1.5147
2.38063
1.28022
1.43032
4.62972
1.30017
1.27901
1.26526
2.52744
1.24149
1.35081
1.43353
1.29979
1.22742
1.26521
1.57511
1.23936
1.32262
1.42329
1.25839
1.26281
1.29433
1.79547
1.23497
1.32073
3.02129
1.24087
1.21446
1.22677
1.42567
1.20351
1.27522
1.33645
1.26515
1.24546
1.25487
1.65431
1.22069
1.30719
1.44665
2.36729
1.30269
1.76387
2.03432
1.44918
1.48876
5.46717
3.30383
4.4713
21.7298
6.99869
11.6178
4.7906
2.65294
28.63
4.84488
42.5755
36.7446
13.8344
68.543
16.7362
32.1559
14.1874
29.8215
59.0797
16.9106
50.7599
28.8855
33.5424
11.2112
16.9031
15.9529
46.2074
31.0319
12.657
12.7107
1.9808
4.17704
2.8571
11.5454
4.42333
3.19639
15.3582
2.60426
17.9165
11.515
29.7149
6.70906
4.1485
66.8758
50.2381
17.3792
49.6054
37.6099
35.5913
105.859
12.6227
2.22823
2.11824
2.26748
3.89376
4.50117
4.38443
11.3573
2.66387
2.21189
2.50778
4.29716
3.80991
6.43256
50.6182
62.3617
14.283
63.0795
27.972
123.52
28.0905
43.2625
40.2376
6.1469
44.3881
22.1257
19.5258
70.4116
47.1167
45.3116
10.5009
60.1032
21.2758
32.0583
71.7903
2.13282
2.40782
1.36635
2.04563
1.60228
4.62844
1.54964
2.24667
1.34708
1.30721
1.41925
1.43329
1.69331
1.47095
1.38013
1.29804
1.25566
1.60569
1.27228
1.60003
1.34599
1.48735
1.42852
3.98358
2.2349
1.558
1.41838
8.82156
1.36978
1.28641
1.27472
1.94427
1.25733
1.54353
1.3809
1.38654
1.36576
3.56553
2.05908
1.42015
1.39127
8.21025
6.1156
3.6013
25.0199
8.02956
13.8101
8.34095
3.52114
1.45829
1.26539
1.2836
1.31396
1.29971
1.32675
1.36291
2.01434
1.72105
1.36271
1.93767
1.42533
3.66124
1.56856
46.4261
45.6432
12.4609
61.7506
21.7426
74.5879
32.031
72.6589
75.4351
26.0546
76.8357
48.4312
48.4167
137.909
36.9249
21.9767
24.8141
28.857
28.8052
28.9726
37.4074
3.57768
2.51906
2.18117
2.54251
2.51175
5.80011
2.68671
7.55144
3.04449
7.76117
8.59651
3.91657
4.39928
12.6941
8.77104
11.1905
36.1687
25.2536
22.1207
15.3446
6.76684
10.5303
4.2236
10.1991
11.7099
6.06106
6.34603
14.9167
36.8229
21.6965
28.852
24.7726
37.5
28.7723
28.6078
13.1149
12.3634
9.01122
16.8451
9.52078
17.7681
12.5372
14.5329
10.8407
15.2463
20.0186
11.3384
13.9602
26.6761
13.4037
11.8553
13.5244
22.0143
10.0958
15.6783
19.032
12.5908
12.2716
8.81779
15.9622
9.08631
17.3823
12.3087
12.4463
9.69109
14.9617
21.0193
10.109
13.5403
29.0468
14.4669
13.3822
12.5358
22.9635
10.6048
19.1892
17.5485
14.5385
10.8434
20.0215
15.2521
13.9623
11.3447
26.6809
12.5623
8.78586
12.2512
15.9162
9.0642
12.2636
17.3594
13.4143
13.5334
11.8627
22.033
10.1022
19.0421
15.6909
12.4097
9.64869
20.955
14.9174
13.485
10.0664
29.0226
36.9303
24.8159
21.972
28.8566
28.9714
28.8012
37.4107
72.6615
25.9997
75.4039
76.8037
48.3987
48.3781
137.9
6.74946
7.75503
3.03529
8.57187
3.86933
12.6417
4.10625
10.4586
5.86128
42.4319
19.6287
28.1682
11.3502
4.46655
3.56399
2.1692
2.52863
2.51716
2.49489
2.6496
5.78999
4.89258
2.60923
2.58063
2.55185
3.40986
3.30333
3.86362
11.6378
9.05856
36.3459
25.4615
22.2944
15.488
6.92812
72.6881
26.3182
76.987
75.4293
137.936
48.5473
48.4918
43.3747
6.22585
40.4007
44.4734
22.3138
19.7422
70.4301
2.24707
1.30524
1.34666
1.41649
1.43158
1.46744
1.69691
4.36467
7.05486
25.8062
20.3876
12.3487
10.2712
4.17365
1.39215
1.30656
1.28538
2.81882
1.26642
1.50483
1.72009
1.36863
1.24737
1.29217
1.61059
1.26912
1.34479
1.5281
1.49054
1.43171
2.2433
4.01799
1.42206
1.56086
8.79213
1.28191
1.23682
1.24276
1.40313
1.22701
1.29295
1.35975
1.37102
1.27318
1.28734
1.98404
1.25644
1.3809
1.57694
1.38447
1.36716
2.05695
3.61795
1.39097
1.426
8.27825
2.06282
1.36431
1.73409
1.95426
1.43014
1.57525
3.82323
3.51701
5.68396
24.6603
7.90518
13.4082
8.10632
3.41041
46.5142
12.699
45.8038
61.804
21.9961
74.638
32.3074
40.8352
10.7427
29.8681
61.3441
18.6624
52.6933
28.3638
12.7579
2.14655
2.24744
2.29062
4.55152
3.93426
4.46453
50.4997
13.7492
62.1334
62.99
123.542
27.5421
27.7469
39.9296
24.1251
19.8109
30.4756
28.6084
34.9286
35.4994
29.7525
18.0305
9.18672
26.1756
22.512
15.4634
33.0591
19.3978
7.66233
5.245
12.8869
7.78788
18.798
13.2375
18.1861
6.9677
4.90578
12.6016
12.4415
6.87478
18.387
27.1021
17.3425
6.14881
31.9509
10.6881
50.9968
17.9589
101.259
17.9595
18.574
29.635
51.2797
32.3525
41.3048
47.5126
35.1862
33.3738
28.5079
42.8645
41.8626
29.4169
21.9212
12.4759
6.74389
24.0782
8.03685
18.0522
28.3786
31.7916
29.7366
23.4539
27.0258
25.3829
25.6316
36.0055
7.04495
4.42458
4.33578
17.9161
4.13701
11.1803
10.0592
34.7423
36.8972
25.6909
43.0985
27.437
60.5985
30.4155
124.714
40.4689
41.9695
35.9606
67.635
63.8289
54.5385
30.688
34.71
24.8293
35.7611
27.3746
29.313
42.7399
26.7148
19.473
22.8599
23.2076
23.0229
23.4399
26.3664
10.7332
10.0283
7.90582
13.3259
8.53164
14.2674
9.95376
10.4919
8.72959
7.49595
11.4334
7.72901
11.8618
10.1443
9.44943
6.6107
6.82659
8.53097
7.06784
8.75078
9.2025
8.26838
6.35372
5.91875
8.09871
6.26062
8.31291
7.99259
8.97451
6.90226
6.0067
9.70974
6.40668
10.3423
8.5063
23.1455
20.0381
19.5055
35.6185
17.9033
25.6338
29.4027
40.4807
19.2422
25.5319
23.7468
40.1655
25.6805
23.9373
26.7163
22.862
19.4769
23.2083
23.4417
23.0268
26.3669
30.6864
24.8287
34.7062
35.7571
29.3114
27.3724
42.7375
21.8659
21.4695
20.9519
30.4044
19.1843
26.4547
24.3411
9.45453
6.82725
6.59954
8.46779
7.06744
9.15769
8.72098
10.7267
7.9
10.0329
13.3257
8.52588
9.9546
14.2623
8.83746
5.97807
6.85086
9.573
6.36354
8.37061
10.2183
9.24561
7.50725
9.48364
12.6785
7.30891
9.38881
12.3792
23.1481
19.5091
20.037
35.6178
17.9035
25.6383
29.4014
33.6514
24.7168
37.7428
59.2504
52.8114
26.3899
38.9609
47.5141
33.388
35.2138
28.5136
41.8682
42.8824
29.4189
21.8837
6.71759
12.4421
24.0487
7.9973
18.0128
28.356
10.8269
4.76052
5.88813
19.3727
4.59176
15.8797
13.3339
7.08461
4.35088
4.45052
17.9809
4.15622
11.2566
10.1406
34.7414
25.6917
36.8994
43.0998
27.4375
60.6004
30.4166
19.3237
4.91415
10.945
18.9163
6.56922
35.4071
12.5706
39.9297
19.7927
24.1221
30.4508
34.9127
28.5959
35.4865
19.4552
5.27811
7.73728
12.9551
18.8566
7.85966
13.3014
27.1433
6.19313
17.3708
31.9713
51.0214
10.7417
18.0409
26.1053
30.6264
15.2892
16.658
26.1189
28.9104
16.0297
21.8771
14.2611
21.9584
16.7003
24.749
20.6128
14.7827
27.0415
17.5706
30.1221
18.9274
31.7595
28.4644
16.9681
17.8125
18.4829
14.5187
12.8298
18.5191
17.4706
13.7482
19.1543
20.3111
17.1389
14.2391
20.8503
18.5937
14.7217
19.8661
15.867
22.2689
17.7616
21.4899
20.7615
15.2418
17.2562
12.2177
16.188
12.6542
16.8565
16.7206
13.1482
43.6056
37.2523
12.434
17.1162
23.0512
32.5673
16.9752
30.0509
28.2331
16.6778
18.0443
29.1338
29.0575
16.935
33.5408
11.2592
16.6712
14.695
32.4432
17.4259
14.9015
37.3493
18.429
30.5377
20.6637
34.7001
30.7315
19.3909
16.676
16.6819
12.5382
11.7757
17.6492
15.9749
11.8226
15.185
14.6078
10.891
10.4775
15.0372
14.7352
10.9066
15.7757
12.0865
16.2979
11.4075
15.5853
16.5584
11.435
15.9606
11.2523
15.0894
10.7843
15.4239
15.4584
11.2484
93.7151
24.4302
23.4882
23.392
55.3811
61.7758
35.3215
24.3138
44.0413
25.6342
12.4216
42.5562
24.4481
10.2437
13.6559
47.6101
10.6143
4.74212
25.3083
22.8356
4.01175
15.6734
6.65102
28.6301
25.5698
52.0829
13.5913
7.10298
12.0209
3.20217
22.6377
8.81004
23.3727
10.6752
3.59542
5.71387
1.76789
3.58352
2.58531
7.29506
3.03942
2.28098
8.56965
22.0249
13.3934
4.08758
23.8753
8.89633
4.12341
5.50119
15.5316
4.35865
2.1694
15.7688
5.97145
2.09827
8.99317
6.2892
31.4384
15.4135
27.2746
13.9344
4.35141
5.48323
2.61108
18.5678
4.46224
15.9449
7.41704
2.25156
24.7811
22.0431
15.8499
5.20526
35.9346
13.4818
8.26016
34.0759
42.5539
31.5825
11.1696
55.5843
27.5682
18.1934
19.7619
3.55624
6.48883
4.79567
15.462
9.96532
8.98049
105.894
49.6849
33.0293
36.3497
69.195
52.8431
51.2173
3.73456
3.95477
1.92379
4.56457
2.10186
3.1464
2.71687
16.5488
15.1978
13.0384
11.3672
8.43916
6.51392
10.4002
7.24494
13.0196
8.25331
5.2546
6.91074
4.43094
8.62215
1.90405
1.3845
1.88569
1.66056
2.7492
2.3191
1.62914
2.20258
2.74528
1.52316
2.96894
1.54317
1.93531
1.86708
2.0918
2.87992
1.6319
2.79654
1.47867
1.83741
2.17136
30.4944
31.075
21.4143
13.5815
22.9286
13.3097
7.78266
4.21774
9.58295
4.60273
3.59354
5.06625
3.40227
6.18148
12.561
12.4106
10.0118
6.94733
4.93349
3.81856
7.69459
22.7542
30.1936
14.5705
7.37165
34.0476
17.9144
8.68451
28.692
33.4001
40.9539
11.7013
15.4661
42.3777
23.5902
14.7066
13.4925
9.21877
3.18139
7.78794
23.7802
6.04924
29.7999
22.0802
66.1726
18.7595
40.7389
42.0145
11.9536
41.0673
85.2044
47.5802
42.7638
61.7385
55.642
30.5757
31.5412
41.0413
32.4838
38.7874
44.6178
62.9651
24.5691
32.7527
30.531
42.4215
37.1276
43.6881
28.0978
31.2361
28.3262
17.8952
26.5922
26.0802
36.7211
21.5812
21.3828
38.1166
23.2298
45.3735
36.4035
54.9957
31.7056
25.804
10.1806
7.71479
6.8962
8.32632
7.37579
5.98556
5.52365
13.726
13.6414
11.3592
11.5824
10.1069
8.49398
8.94912
12.1801
9.93072
8.623
10.0695
9.01375
7.57794
7.25315
31.8424
48.4467
26.5928
21.776
49.2194
31.4064
21.906
28.1703
29.8533
21.0014
24.2299
27.7371
30.6562
21.1968
34.2479
24.8469
30.9004
69.2658
53.272
23.1265
40.7392
30.0897
23.7046
43.3195
26.8472
35.2741
33.3069
22.4295
10.9656
11.7116
10.5717
9.09108
8.34875
6.94289
8.70801
9.91878
12.1704
8.6113
10.0586
9.00585
7.57093
7.24584
13.6582
13.7639
11.3917
11.593
10.1232
8.50536
8.97372
70.3434
49.9071
48.4283
36.5092
69.0177
50.8099
49.0642
74.6917
54.8465
61.9234
38.2361
53.9208
83.819
51.1862
51.4726
33.7832
25.4547
36.3057
38.348
62.4054
35.3112
68.2875
61.8749
38.5892
58.7874
54.0621
84.8568
44.5813
37.8411
25.8045
27.1732
29.7416
40.8875
34.6733
29.9466
13.0261
7.27785
8.29511
5.25263
6.91443
8.62069
4.42994
42.1305
40.8132
21.9772
11.0328
23.5492
13.3292
6.06491
3.96371
3.74764
1.92303
4.58834
2.10248
3.14902
2.71757
3.45274
2.3159
1.73127
3.18067
1.59207
2.0473
2.28893
2.75481
2.20498
1.52381
2.97587
1.54276
1.93685
1.86993
2.6165
1.94607
1.46968
2.66314
1.44776
1.79898
1.81908
2.89615
2.09701
1.63538
2.81283
1.48114
1.84451
2.18094
12.4751
12.6104
10.0394
6.98873
4.95279
3.84362
7.7271
2.91985
4.62489
1.80649
3.15849
2.08958
2.64091
2.44832
31.095
30.4802
21.2487
22.7761
13.3918
13.1601
7.65463
1.90336
1.99968
1.50545
2.44817
1.73933
2.30421
1.87962
9.46746
9.32585
2.40566
6.43221
4.74889
26.2452
3.14492
20.1594
39.8199
37.8771
4.88487
9.28259
52.5226
9.17658
9.35279
10.1733
2.50963
4.80694
4.84016
20.3117
3.04236
19.4592
11.5873
55.3104
10.9977
40.2623
39.9066
4.69892
42.1781
22.62
15.7319
16.1978
33.6723
32.8053
26.7525
53.6494
29.051
13.0655
26.5435
30.0736
51.7419
27.8488
56.112
31.3578
34.7928
14.0354
31.519
57.5617
29.4379
69.4105
19.5996
16.3338
17.369
44.3398
26.3181
45.5811
10.6208
27.9466
4.86921
3.57758
22.3593
14.3086
2.64229
14.3747
35.6871
12.8025
4.73534
30.9211
14.6931
3.95016
4.90773
1.83082
16.0228
4.29618
15.0568
4.32721
1.91883
11.8263
2.7077
20.0584
12.9868
29.5786
5.2256
3.6205
3.8002
1.35281
1.84371
2.02619
4.25871
1.63721
1.80341
4.14375
10.2653
4.30205
1.78801
12.3973
3.90368
1.91425
4.64724
19.815
8.22268
2.21954
20.9738
4.43309
2.54915
4.15877
1.92499
16.8259
4.03017
13.2709
4.63732
1.87699
5.84809
3.56696
17.5099
10.842
20.8814
5.93836
3.36863
20.2535
10.4478
16.012
4.48649
21.3077
8.16099
9.0931
22.7255
47.1009
26.4176
6.20398
55.6427
21.2118
10.4405
15.384
2.87819
3.45076
5.69315
9.63677
6.89668
5.95885
16.5886
4.78205
6.51781
8.60421
9.34028
4.38467
3.27396
20.286
4.74115
4.85728
7.85994
7.76913
4.06832
3.15498
1.98329
1.8887
3.21492
2.0311
1.37614
1.53809
1.53762
18.0083
2.65626
2.84992
5.81946
7.75731
3.78712
2.22063
2.03286
1.63748
3.16912
1.86262
1.30049
1.48662
1.37847
2.01605
1.9035
2.99272
1.90113
1.40583
1.56785
1.45882
2.04559
2.02634
2.90003
1.97309
1.45264
1.56865
1.61403
20.5725
4.29491
4.2997
6.99971
7.61491
3.36157
2.83473
1.80931
1.73758
2.8599
1.6956
1.30835
1.43632
1.379
16.0912
5.55594
3.94312
8.09455
7.77381
3.45107
2.42987
1.74452
1.5965
3.44619
1.8971
1.3419
1.50233
1.37898
63.9979
37.5069
28.673
46.9584
42.5409
73.4843
47.6742
36.1709
60.6781
32.6301
30.0604
47.6438
44.2324
26.6961
42.34
58.3624
30.7582
35.2641
35.8258
40.7089
32.4654
31.1767
24.6071
28.0379
35.0932
40.7282
22.7786
28.8761
28.5688
19.2561
24.3743
27.426
33.8325
21.989
23.6154
33.9962
24.7745
48.4211
42.669
58.7136
30.6894
26.6403
29.4247
37.4163
26.7412
21.1184
38.0329
29.0786
21.2502
31.2266
31.2839
24.4503
28.0701
30.7596
32.4303
24.6819
30.8245
22.8143
27.9249
44.5782
40.2163
22.1104
33.1854
33.5159
23.271
43.1361
31.9804
38.8402
27.9579
26.1689
56.1824
30.6412
23.7577
37.9259
32.2953
49.9025
40.5056
52.0924
48.7955
46.4516
48.0634
67.7391
44.4413
37.8411
41.918
24.1171
35.3002
32.2596
37.9518
30.109
34.4303
1.88349
1.9796
3.20065
2.02641
1.37551
1.53548
1.53723
4.802
16.6109
6.50662
8.56227
9.38093
4.43852
3.29479
1.99495
1.90277
2.97555
1.89321
1.40837
1.56198
1.4601
18.3683
2.88361
2.68883
8.09863
5.93725
3.86309
2.23039
2.09996
1.6922
3.34347
1.85998
1.30391
1.4913
1.38292
4.26479
20.4041
4.29926
7.58172
6.93117
3.34497
2.83238
3.28879
18.7555
2.93972
6.93374
9.81854
3.98251
2.55071
1.73793
1.58952
3.41049
1.88233
1.33909
1.49772
1.37789
1.89852
1.80881
3.1957
1.69895
1.31051
1.44015
1.38381
16.1755
3.9621
5.61525
7.85482
8.14045
3.47559
2.44004
29.6095
6.60205
4.76677
3.94319
13.2683
15.3382
8.56538
59.1749
69.7236
52.7198
17.3694
32.1513
109.111
27.529
43.7229
33.9393
36.5193
8.98872
21.4137
73.1142
19.0331
19.1205
4.78953
4.07221
3.8511
8.6827
11.3423
5.72
35.3563
28.9732
32.7934
9.02612
17.7111
62.7724
16.0111
42.2172
46.2006
41.9108
8.84907
23.5457
68.2786
17.2582
39.3691
14.0678
23.6756
14.2906
35.9265
19.4914
31.4782
1.7904
1.28193
1.32912
1.33403
1.37804
1.26323
1.24595
1.53511
1.30869
1.26849
1.34847
1.29255
1.24983
1.24085
1.28435
1.28267
1.29705
1.23858
1.22419
1.22999
1.23591
1.31692
1.25719
1.28812
1.24309
1.27316
1.22899
1.2415
1.3382
1.26878
1.30641
1.25348
1.27479
1.23094
1.24232
19.1511
12.3646
19.958
5.65738
6.04768
10.8361
3.14815
1.2589
1.27919
1.27746
1.22692
1.2221
1.22382
1.2285
1.5816
1.30266
1.2618
1.33917
1.27037
1.23989
1.22753
8.84737
9.29065
7.44615
2.055
20.2126
3.384
3.67322
7.28828
7.31835
5.81183
1.98563
3.57099
13.9245
2.92399
12.2319
20.5618
21.9063
2.80126
4.82123
31.4741
4.82614
15.086
12.2487
47.7739
11.8052
24.5981
27.4929
6.15889
52.9759
18.48
22.0678
28.1009
32.9814
39.4879
42.6077
12.1338
9.83133
12.1515
4.77936
6.53528
3.77019
7.52907
4.50233
1.83384
2.9184
2.03922
3.07315
2.5912
2.43022
9.48746
4.17456
4.36059
3.57918
4.99874
6.06175
3.3921
22.9575
41.8873
40.559
22.8995
13.9771
12.4678
6.14641
16.8861
13.2407
16.3226
8.73025
11.6477
6.58977
10.735
3.52849
1.82557
3.85057
2.11129
4.67918
3.1065
2.55547
12.8244
7.20055
9.52538
5.41325
6.76284
8.38579
4.2819
55.7669
31.2096
24.1784
15.8252
26.689
56.3907
44.4571
12.1656
8.62402
9.8966
9.03721
10.055
7.5914
7.26321
10.5282
12.3097
11.719
8.71846
9.1229
6.92467
8.67028
11.7296
7.46284
7.80985
7.90949
8.4171
6.021
5.52378
28.0168
35.0591
51.4695
22.4107
42.8808
24.6881
24.6593
24.1164
31.311
55.6194
28.0936
33.5846
33.7811
21.9908
13.7684
11.403
13.8114
10.2049
11.6717
8.54655
8.9611
7.46475
11.7274
7.79662
7.89445
8.40733
5.99836
5.52807
12.3411
10.5227
11.7156
8.72568
9.13707
6.91452
8.65379
30.0145
29.7355
32.7709
19.9383
58.1963
21.9361
20.4493
26.7805
41.457
78.1774
36.3174
42.2342
26.124
37.5782
23.8312
24.482
41.6477
16.1367
23.2604
43.2511
16.5249
31.188
21.1532
30.5826
12.6802
13.0809
22.6666
7.2665
9.50292
4.18454
4.38686
3.61131
5.03552
6.10413
3.41152
4.50099
2.92108
1.84022
3.07611
2.04661
2.60591
2.44236
13.2282
16.9017
16.3169
8.72318
11.6584
6.58286
10.7123
41.934
22.9651
40.5803
14.0812
23.009
12.4793
6.20778
12.8099
7.2067
9.53604
5.40593
6.72339
8.35237
4.26873
3.56384
3.88455
1.82854
4.72996
2.11594
3.11507
2.55906
56.2218
33.6608
58.3068
26.2417
33.7001
43.957
37.6769
38.684
25.8089
24.3533
21.6959
25.4879
45.0401
33.7821
13.3873
8.32229
3.95006
16.3351
4.82402
25.1872
8.73046
12.2255
12.4518
6.36469
3.26539
6.09569
22.1761
4.58202
21.6093
30.727
7.2884
31.695
12.5776
39.2109
14.0288
23.0169
15.9037
13.8863
48.555
33.9822
6.98661
36.2337
11.1536
19.6427
18.7746
9.88625
4.64711
4.47459
2.83851
1.28525
1.7964
1.34292
1.35077
1.38694
1.26486
1.24698
1.55333
1.27087
1.34386
1.31283
1.34767
1.25213
1.24136
1.29234
1.29314
1.31775
1.2392
1.2244
1.23082
1.23552
1.24896
1.39182
1.32159
1.2442
1.32021
1.24143
1.23248
1.25615
1.33059
1.28642
1.24386
1.27879
1.22966
1.23934
1.22905
1.26479
1.26361
1.21471
1.24795
1.21571
1.23287
1.26982
1.35945
1.32149
1.2581
1.29148
1.23296
1.24452
1.28113
1.58476
1.323
1.3343
1.32159
1.24874
1.25077
12.2437
19.0828
19.9155
5.83937
5.5126
10.7822
3.07277
1.26299
1.27147
1.29413
1.22637
1.22146
1.22358
1.22256
1.58468
1.2607
1.31199
1.28674
1.33573
1.23974
1.22555
59.5744
12.4466
8.13054
8.84657
28.0365
28.1191
25.2601
30.2312
9.39536
3.97809
3.43467
8.42233
16.5971
13.9191
3.98715
12.255
2.29147
9.94963
4.07563
13.0933
2.69263
3.86556
9.13686
33.8235
3.50804
6.3092
14.3652
2.92409
2.27516
9.97312
2.51214
6.71787
3.05478
6.55072
2.09136
3.47975
7.9245
44.8242
12.706
8.87631
3.30651
13.2742
2.19681
5.60784
7.70581
1.76534
2.19889
7.16771
1.93156
10.5735
4.4183
30.9765
5.14197
2.87041
15.3595
14.9948
8.11109
4.13145
2.91242
1.59467
2.18219
14.0507
2.69255
6.38634
1.89006
4.59284
1.85428
5.53831
1.96258
5.40287
7.58028
2.03245
9.06949
2.57377
9.94789
6.8144
2.13998
7.59675
2.02292
2.83398
8.32804
11.8572
2.16584
6.56384
4.37989
1.86357
4.47773
1.53118
4.6951
1.71069
3.08942
4.87409
6.14002
2.04091
1.83228
6.28138
4.75617
1.81034
5.15431
2.11347
7.52011
2.19263
6.64921
5.9742
1.89825
4.79296
1.45302
1.72454
2.35464
4.69003
1.68913
2.41403
16.4621
49.8973
6.52967
18.7202
17.1327
44.8161
4.6423
14.4782
32.8712
5.37777
11.5742
18.4061
23.0617
5.33554
4.41459
1.78975
2.74128
2.69513
4.91907
2.41886
2.4845
13.4121
4.00409
13.719
21.5898
31.0502
4.07545
11.0548
9.5552
2.3937
7.04395
19.6662
21.6652
3.11686
7.74377
1.24861
1.23838
1.20495
1.23884
1.2084
1.20615
1.20571
1.27882
1.23765
1.29941
1.26083
1.22592
1.22481
1.2233
1.24965
1.24326
1.20661
1.24567
1.20968
1.21886
1.21591
17.2498
36.491
7.33586
16.2916
19.9089
31.6166
7.34194
20.5799
53.3128
15.4531
28.7369
27.3462
42.4116
9.96692
6.81874
1.89758
3.34886
4.32781
8.89241
2.98275
3.4082
15.6599
3.5459
12.6556
24.2599
28.8179
4.71765
12.5163
17.3975
7.36143
22.5754
33.9345
37.5445
7.92326
15.9668
1.92442
1.3879
2.5324
1.39624
2.61671
1.72748
1.70798
1.66357
3.30924
2.33769
1.57836
3.05578
2.06998
2.24629
2.14737
1.44728
2.64288
1.50588
2.84848
1.92802
1.80859
12.8895
34.4327
30.3312
10.4749
31.1579
13.4927
11.1943
13.6941
29.3261
61.3432
16.7073
20.9529
31.8955
14.699
20.0087
15.4053
15.4054
19.629
16.4693
20.9016
19.241
20.7585
16.5401
19.26
23.9371
21.5775
17.7054
22.3271
23.1194
16.5862
20.7874
23.1721
24.1916
17.3197
21.8481
20.4158
14.038
13.399
17.5334
14.4484
18.4271
18.886
20.3296
21.2283
16.2775
14.9074
21.8089
19.8522
14.999
22.1397
14.9968
17.0525
20.2196
24.0311
15.665
19.2993
18.8777
12.8694
13.7816
17.2288
18.4714
13.8568
17.5674
2.91851
1.64734
2.11884
2.83098
1.45769
1.82525
2.16714
1.9261
2.53457
1.38906
2.61821
1.39769
1.7305
1.71056
3.32062
1.66605
2.34972
3.05772
1.57888
2.0594
2.23972
2.15508
2.6423
1.44808
2.84701
1.50631
1.9189
1.8029
27.8039
6.4934
13.2948
7.74076
17.9953
10.8817
25.9525
1.23366
1.2862
1.27114
1.22
1.26497
1.21643
1.22247
1.26428
1.20446
1.2394
1.20877
1.24246
1.20634
1.20453
1.23415
1.27578
1.34489
1.22674
1.27361
1.22351
1.21898
1.26479
1.20727
1.23708
1.21151
1.24089
1.21452
1.21107
19.5207
146.051
26.0064
32.4452
59.3979
39.3367
7.04479
10.6379
2.79228
21.7975
9.83664
7.28151
3.21652
23.3811
10.8845
3.04477
20.6544
8.41141
7.13933
3.2435
20.2255
5.95938
9.45733
5.19829
1.76211
2.1742
21.0961
3.28322
7.79297
14.5244
8.56119
2.28589
2.80695
17.8174
4.04636
3.31333
6.60814
2.23161
8.67267
2.32685
11.546
2.84607
4.4265
9.01421
3.80209
24.7516
6.49942
2.80691
17.4094
21.8484
2.55636
2.8252
4.02634
4.04682
9.3834
8.55836
6.3818
1.66735
5.51376
1.77994
3.97124
1.82814
4.82109
4.77466
6.08638
1.75814
1.97205
4.70667
6.22685
1.75862
4.32817
1.54734
2.75341
1.69813
4.62861
2.76112
1.67526
5.19833
1.8675
2.05243
7.13755
6.67562
1.81672
5.67612
1.89842
1.42317
3.09914
1.39806
2.16534
1.35576
2.13498
1.80615
1.85234
1.35292
1.39644
1.78597
1.87432
1.3554
1.81851
1.38363
1.92087
1.33252
1.79292
1.97606
1.33718
1.85639
1.38306
1.40397
2.05718
1.92782
1.36112
1.98127
4.4693
19.0696
2.23848
6.02302
4.50009
19.1268
2.16311
3.44976
8.91053
1.66016
2.32762
3.70982
6.09951
1.58263
3.92602
2.80177
4.92736
30.9744
13.243
2.14814
5.30319
4.08291
1.84148
3.18075
15.2319
12.5135
1.71771
4.58506
1.25704
1.28549
1.23313
1.27566
1.22121
1.22266
1.22688
1.24624
1.20717
1.25801
1.25016
1.21014
1.21986
1.21607
1.29399
1.28845
1.23854
1.2651
1.22648
1.22502
1.22226
50.5053
25.1464
24.0318
11.8017
49.5328
24.6268
24.5642
49.4994
24.1391
11.5587
30.893
22.9114
23.4777
41.4623
5.09687
15.5791
2.32997
4.25107
6.4573
14.3514
2.14259
7.97959
21.4609
4.48938
12.8015
10.2215
21.392
4.43562
5.19332
2.25106
3.8003
22.9485
13.928
2.06997
6.41171
9.43607
5.35522
11.5006
26.9457
22.8375
4.01271
12.4552
2.27202
1.72036
3.48257
1.56679
3.16134
2.0452
2.3202
1.42389
2.57645
2.04508
1.4315
2.68592
1.77875
1.76883
2.30143
1.63206
2.96789
1.48129
2.88379
1.85934
2.19895
11.0147
20.1362
25.5881
9.51107
23.7468
8.59387
12.0415
14.4467
19.0519
27.3346
34.3569
13.7463
19.8033
28.0696
10.3357
18.8122
21.8139
7.89669
9.92251
22.5153
8.07371
28.9134
11.7581
14.4148
34.5182
13.3582
20.2628
26.8756
17.8753
19.8172
13.9159
15.871
18.119
19.4431
13.6792
17.6058
11.276
12.3728
15.8917
16.8126
12.2935
16.0781
18.6468
13.9281
15.6899
20.2612
19.5706
13.6808
19.6743
15.2499
10.7895
10.9022
21.4072
10.4164
16.0027
16.534
14.26
14.2744
10.1285
9.95701
14.3931
14.129
9.97923
14.9446
10.5191
10.4292
14.9116
15.0526
10.3023
15.0357
14.3693
10.3796
9.97262
14.689
14.1725
10.027
15.055
2.63318
1.40747
2.09534
2.88404
1.46443
1.85749
1.73671
2.27257
3.48629
1.72182
3.16357
1.56715
2.04633
2.32287
2.57724
1.4253
2.05281
2.69149
1.43499
1.78133
1.76656
2.31038
2.97327
1.63794
2.89301
1.48646
1.86595
2.206
27.4758
12.4194
34.6312
20.871
26.4319
12.7608
36.1665
20.2547
5.06821
15.2212
7.53233
13.7435
7.00971
21.9576
28.9852
43.9509
21.4937
13.3821
12.9277
39.0146
31.0999
50.2958
28.5908
26.0151
11.6946
50.4765
28.4483
25.7003
51.7203
27.3634
10.4304
49.4743
29.5717
25.7116
97.2931
1.20462
1.23852
1.24163
1.20649
1.25547
1.20936
1.20511
1.2872
1.23445
1.28089
1.22532
1.26974
1.22032
1.22578
1.20786
1.23627
1.2726
1.21086
1.24885
1.21551
1.21014
1.31317
1.23539
1.28903
1.2271
1.2583
1.21915
1.22042
2.70032
5.2861
2.08333
10.325
1.98372
13.702
2.82006
2.98371
6.50773
12.1008
35.8702
3.13498
5.98814
11.2782
2.13829
3.63053
1.76637
6.84664
2.18931
1.74257
6.37301
16.2733
4.32367
44.7913
14.1168
15.5947
4.71649
47.0342
11.9371
1.75893
3.07284
4.54333
2.85152
4.19985
12.2064
17.5339
49.0279
15.1406
9.02687
6.57879
49.4476
21.1366
16.0464
2.76108
13.2423
6.88068
5.74023
5.75531
23.7199
23.8387
29.374
5.40568
15.2707
15.9303
36.6692
5.63939
11.2166
1.91806
3.14483
2.42399
5.40112
4.1611
3.07939
1.29738
1.28593
1.30772
1.24179
1.22506
1.23914
1.23061
18.8683
18.0818
10.9332
4.36713
9.54851
4.37803
2.61936
1.34525
1.85405
1.30607
1.38358
1.35884
1.27092
1.25275
1.3205
1.33459
1.25718
1.31305
1.25226
1.2463
1.23379
1.29428
1.36328
1.27251
1.28963
1.25617
1.23662
1.24468
1.26212
1.25634
1.23248
1.25425
1.21628
1.21798
1.23153
1.28483
1.32506
1.2541
1.26796
1.24373
1.2256
1.23667
1.32968
1.27625
1.67796
1.34755
1.29698
1.24044
1.229
1.28012
1.52944
1.26517
1.32131
1.307
1.24485
1.23947
19.0715
19.9125
12.0819
10.7371
5.20176
5.28287
3.05082
1.24032
1.40887
1.25644
1.27871
1.30386
1.2454
1.23478
24.8462
3.42711
8.75343
18.7499
7.84902
9.60876
32.2524
25.3141
39.9793
7.6722
23.616
23.2127
43.4065
7.10244
13.5766
2.27554
3.18502
4.27222
10.582
3.7159
5.9747
7.30653
13.0513
8.32684
5.29108
6.83645
4.4528
8.58829
40.5212
22.4673
41.8409
13.6655
11.841
22.9962
6.16691
15.2468
16.6931
13.077
11.4835
8.57231
6.59664
10.4126
1.83823
3.17761
4.30842
2.09303
3.27175
2.73444
2.52819
4.69203
9.84843
5.25395
3.77657
5.26311
3.57833
6.23153
30.7077
21.428
31.2544
12.7847
22.9321
13.2714
7.3016
12.2568
12.3596
9.88055
6.57841
5.09744
3.9023
7.51702
28.0799
18.5941
41.6633
15.6775
12.2644
34.9171
33.7887
22.0186
22.8439
6.66831
10.5258
8.24421
17.3074
27.4456
11.6974
10.542
10.9582
9.08889
8.31473
6.88563
8.67752
7.66735
10.1703
6.82661
8.31114
7.33741
5.91755
5.43341
13.854
11.4455
13.6928
11.6114
10.1744
8.5497
8.99952
9.85378
12.1408
8.54343
10.0154
8.95918
7.53813
7.20456
7.66623
6.82555
10.1675
8.309
7.33704
5.91671
5.43271
11.6979
10.9601
10.5428
9.08889
8.31604
6.88484
8.67568
9.84735
8.53376
12.138
10.0138
8.95496
7.53552
7.19826
13.8673
13.6883
11.4656
11.6105
10.1779
8.55583
9.02134
4.0242
1.9201
3.65003
4.623
2.13142
3.18343
2.75481
15.2424
13.0753
16.7059
11.4982
8.58579
6.60624
10.4116
40.5083
41.8301
22.4115
22.9947
11.7724
13.6276
6.16247
1.41108
2.00903
1.95521
1.72818
2.91675
2.45785
1.73123
4.70411
9.88708
5.28483
3.7953
5.298
3.59395
6.26778
3.17759
1.84473
4.30646
3.26675
2.10348
2.74586
2.53873
12.3182
9.93571
12.4432
6.63141
5.15449
3.92893
7.56238
1.51756
2.08898
1.93156
1.73442
2.50627
2.36497
1.96819
30.7368
31.2966
21.3283
22.7954
12.5804
13.0474
7.11151
22.8093
20.0863
25.7655
23.7876
20.5415
21.041
26.4527
22.9626
33.1413
30.4517
20.066
19.9004
33.2771
23.9491
24.7343
27.3203
24.9763
22.9281
21.8331
27.0119
27.138
1.27314
1.31068
1.45253
1.2922
1.35165
1.25418
1.24298
1.29106
1.29893
1.32743
1.24293
1.22564
1.23884
1.23191
18.9549
11.0633
18.1678
4.42009
9.56033
4.42396
2.64754
1.40107
1.31264
1.88827
1.39186
1.38979
1.27648
1.25599
1.33972
1.25898
1.3598
1.32693
1.25459
1.24687
1.23558
1.30328
1.26821
1.38275
1.29463
1.25498
1.23526
1.24232
1.26565
1.2324
1.26828
1.255
1.21782
1.21944
1.23263
1.29042
1.25454
1.35758
1.26766
1.24422
1.22505
1.23867
1.27093
1.2586
1.29146
1.22611
1.21842
1.22371
1.21958
1.27843
1.38093
1.73126
1.31948
1.35653
1.24202
1.23083
1.28907
1.26727
1.53948
1.32802
1.3189
1.24674
1.23917
19.1539
12.172
19.9724
5.31367
10.7981
5.32332
3.12287
27.1209
4.95131
35.5951
28.9079
13.6167
14.1322
48.9932
25.6596
4.72771
35.2989
23.2592
14.4692
9.72416
48.7309
12.7527
2.06511
5.51211
7.75224
4.11593
4.04575
18.7903
29.8576
63.3546
32.0019
18.9258
14.1239
58.0413
39.4835
28.3829
62.1267
22.9337
19.0198
10.8294
57.7855
39.0492
13.0023
4.29138
3.92978
31.9849
2.79281
16.2865
13.6842
8.29335
4.56876
1.74428
2.46549
2.20682
3.72989
8.07532
2.06304
1.51974
4.51019
4.91608
1.71279
1.79016
7.05451
2.6896
15.8079
2.91401
6.34619
2.11697
4.30465
8.74265
2.71739
15.244
10.1298
3.63698
2.43336
9.57084
3.9919
6.62788
2.04099
5.5741
3.48186
3.70747
2.50842
11.3827
12.3063
17.387
3.05639
17.1093
4.68413
28.5321
6.43199
6.52493
5.29597
1.97701
3.69879
3.24531
12.655
2.48171
12.9384
5.65343
6.74409
32.9498
20.5124
3.76607
21.5079
32.384
12.6302
7.92173
8.92455
21.5882
22.4418
15.4524
1.73818
1.87852
2.8928
1.69342
1.29412
1.35921
1.42983
1.48443
1.68441
2.50444
1.75759
1.33649
1.35429
1.46229
3.11936
18.6573
3.44333
7.26095
9.87393
4.08176
2.7551
4.11816
20.2205
4.38546
6.91715
6.46652
3.37637
2.88893
2.13118
2.0735
2.90154
1.91402
1.43551
1.57399
1.57638
2.59469
2.89719
17.9746
7.64716
5.61637
3.59221
2.20655
1.87517
2.0269
3.32688
1.97723
1.35991
1.41084
1.56172
6.23654
16.7612
4.70751
8.86564
9.16418
4.23628
3.14173
2.14972
1.95081
3.77638
2.07397
1.40685
1.55112
1.55579
5.15312
20.7314
4.98619
8.42981
8.13633
4.30736
3.32851
24.607
3.68522
5.35162
5.66
11.5018
6.87473
13.5809
43.9241
45.8377
54.6033
12.7233
26.3143
68.0971
26.0696
39.908
40.0487
11.226
35.7003
19.5596
22.6973
67.8603
20.6356
8.29783
11.3912
28.952
8.16578
17.2803
32.4411
15.753
12.3519
3.62054
6.33758
6.67852
23.8714
4.83274
28.6176
45.3245
15.1552
52.61
17.7581
52.6993
25.7972
27.7653
16.6295
17.4504
55.0927
43.5366
10.4286
46.9095
25.9203
21.0025
28.917
21.6964
23.588
25.0067
36.1279
28.4784
20.1375
27.5875
25.4146
24.6949
24.4073
33.0272
30.2075
27.941
32.7733
35.1816
29.7527
28.2405
33.3558
32.5626
47.7953
32.6635
38.8234
30.9402
39.8102
35.9889
51.8871
22.227
11.3967
13.9054
40.5001
41.5402
23.8779
3.68385
5.38368
15.3295
7.39928
6.87376
3.35415
2.33687
1.77746
1.95167
3.05883
1.69103
1.29687
1.36152
1.4344
4.10509
4.34314
20.0937
6.45526
6.90409
3.34624
2.86485
2.06437
2.12594
2.90247
1.91003
1.42989
1.57132
1.57158
3.17129
3.48855
18.8791
7.48385
10.0875
4.15005
2.79255
1.89215
2.00793
3.36429
1.98291
1.36108
1.41306
1.55763
1.58409
1.90043
2.99581
1.66922
1.27644
1.32375
1.41538
2.95231
2.64167
17.9039
7.87826
5.7016
3.67353
2.24262
1.94934
2.14663
3.78446
2.06929
1.40805
1.55485
1.5497
5.14289
5.00972
20.8362
8.19271
8.11604
4.24958
3.31252
5.98737
4.50299
16.3473
8.91806
8.35151
4.11731
3.0972
20.6306
5.6594
5.34613
4.81673
8.54254
11.8035
12.5935
47.1074
56.8143
9.0406
47.2122
23.9425
26.2085
99.1433
24.2579
28.6334
8.01722
30.071
12.1436
16.0391
60.9675
11.5927
2.73888
7.16112
3.44674
10.1661
3.63132
12.6239
7.42436
1.54104
3.68222
2.28206
3.48849
2.17999
7.36078
14.382
4.05963
10.2242
42.8491
3.86734
15.0036
40.9132
15.0484
42.5681
3.8464
10.2352
4.04775
13.6152
39.9095
49.3711
25.703
5.78262
23.5681
21.7489
48.6684
23.5683
53.9039
30.5419
31.9416
6.03721
35.1867
106.662
21.1358
28.3305
4.08219
4.75584
3.82026
12.4955
8.64328
13.0452
31.9973
34.6573
34.7353
10.6241
16.7532
67.2774
22.1803
60.17
64.3752
11.1742
53.0984
27.8088
30.0138
109.687
21.0716
30.4123
31.0594
22.5132
12.7406
13.0379
6.91429
1.84613
4.75288
3.06105
1.97847
3.07518
2.48878
2.39052
9.93784
12.6737
12.3249
5.1859
6.58764
3.73297
7.42769
4.31733
9.71528
4.92271
3.51962
5.0437
3.3333
6.01988
1.67214
2.29308
2.8353
1.50055
2.68065
1.8093
2.15972
1.45182
2.06571
2.41311
1.44155
2.47796
1.67619
1.67925
1.45751
2.18149
2.5249
1.51424
2.79398
1.87974
1.75519
1.70741
2.38765
3.23887
1.60311
3.01734
2.02656
2.24896
1.81322
3.45034
3.72943
2.08426
4.51627
3.1368
2.57986
22.426
40.5429
41.8903
11.9118
13.5206
22.9301
5.97016
6.95545
12.8863
9.2408
5.39946
6.82229
4.28154
8.47649
13.3053
16.5568
16.4387
8.44684
11.3374
6.48066
10.8334
73.4603
19.0445
31.7185
30.9371
40.7454
38.9177
50.0926
11.3565
13.7463
13.7062
10.112
11.597
8.44605
8.88637
8.61036
12.1917
9.94444
8.9869
10.0542
7.52362
7.21903
10.7082
11.921
12.3265
8.8061
9.16518
7.03554
8.83651
7.4252
11.6951
7.74346
7.91646
8.39932
6.05456
5.5111
33.1304
61.8675
140.783
66.4948
84.2543
42.0416
40.5263
31.5119
28.4288
32.0887
51.626
25.5231
36.7021
41.7251
34.1043
28.8116
57.5004
35.0141
40.0938
26.3773
47.173
24.6595
42.9593
34.6743
21.8565
20.2601
51.7694
28.5035
29.7455
31.4195
21.6421
30.7545
23.0719
25.0016
40.4749
76.434
52.4439
36.3424
50.1597
54.9109
73.1525
51.8614
92.6055
66.9093
44.4172
41.1
72.9316
60.952
125.976
8.61351
9.948
12.1982
8.99351
10.0612
7.53035
7.22218
11.3535
13.7128
13.7391
10.1213
11.6044
8.45592
8.87727
7.39368
7.70936
11.6456
7.87066
8.34996
6.01094
5.49469
10.7057
12.3358
11.9166
8.80247
9.16317
7.02204
8.82923
9.89002
12.3021
12.5735
4.86054
6.51217
3.64879
7.37786
9.69296
4.30044
4.89569
3.48522
5.00987
5.97542
3.31194
21.0109
31.0606
30.4055
12.9811
12.6798
22.4696
6.85737
1.83805
3.0513
4.70504
1.96666
3.06229
2.47063
2.37865
1.6663
2.82653
2.28701
1.49768
2.6713
1.79927
2.14878
1.45091
2.39937
2.06276
1.43983
2.46579
1.66575
1.67146
1.45852
2.51529
2.18468
1.51598
2.78965
1.8817
1.75405
1.71073
3.24112
2.39091
1.60458
3.01671
2.02949
2.25341
12.885
6.96831
9.25844
5.40868
6.81656
8.47476
4.29008
13.3088
16.4416
16.5773
8.44972
11.3553
6.48783
10.8361
1.82011
3.74832
3.45768
2.08739
4.53634
3.14543
2.59417
22.4478
41.9319
40.5721
13.5324
11.9214
22.9599
5.96258
44.9566
42.1493
44.9298
94.712
36.2405
59.4707
56.4027
43.8813
20.7093
30.9873
26.0951
31.0483
30.9005
49.9557
47.0858
30.8795
82.2045
51.7094
52.7253
39.3411
60.0758
58.2985
146.665
58.7521
53.2069
43.3491
78.1514
86.8891
61.7345
139.995
37.3178
74.1926
47.4293
82.3628
87.0062
21.2299
4.1167
4.16693
4.75872
8.33653
9.20605
10.7619
42.7995
40.4567
9.5003
36.9443
18.9676
21.3951
70.8765
44.9192
56.9279
16.3605
72.8591
33.5202
28.4846
93.9191
42.7482
5.80062
14.0089
15.6554
17.9903
18.8342
30.4295
17.5253
25.2871
30.1208
60.3795
11.3894
35.8375
37.5397
8.1585
3.25775
6.85181
28.5779
2.5899
11.4764
24.9778
12.8415
4.01859
15.1148
28.4453
4.01246
12.4992
28.1768
4.89404
14.5425
1.7871
4.70911
1.90468
3.89393
19.84
5.86136
13.3686
1.96337
7.42352
2.46458
3.83302
19.5364
7.87728
2.2839
9.6814
9.12678
3.28292
3.35743
25.0592
23.126
6.37885
20.1593
58.6353
9.10389
21.587
45.8428
23.6484
5.80266
24.3203
61.2779
11.3642
22.4339
47.8688
22.1675
127.245
22.1515
27.2455
7.517
61.0571
44.3609
23.0094
130.507
25.4859
26.0386
9.02735
62.081
45.5862
40.4955
28.69
16.6774
19.4666
24.0367
33.2715
35.1412
16.2914
10.8525
27.3454
25.5553
13.9776
12.852
29.4621
18.5094
27.9614
18.1271
32.7958
21.5057
15.171
31.3295
10.2964
9.84377
23.6559
21.3956
10.3733
8.91949
24.9232
13.3491
18.8172
33.6298
26.9355
18.6148
13.5897
26.7407
9.70007
17.6616
7.92685
21.5298
9.88345
7.92019
21.1177
32.1035
12.6488
12.3328
57.1548
10.2938
32.3788
33.7768
21.3337
20.685
9.58103
8.72716
8.38257
23.9197
18.1352
24.676
19.2557
22.924
28.4322
21.0821
21.9764
24.6113
22.2817
24.5386
24.7281
41.4231
28.3037
20.5635
27.0567
61.6389
21.8368
29.554
28.4018
33.4652
28.435
48.8372
18.8385
17.4982
21.0808
24.8661
16.9397
19.6557
23.4802
20.5004
22.8672
25.1672
28.7288
20.3785
23.0451
25.4348
18.076
20.3218
16.2274
22.4263
17.9851
16.2939
22.6568
35.0507
27.1627
43.0088
74.7987
27.3459
34.7854
75.5757
42.156
20.3111
26.8179
24.8121
26.7979
25.521
42.6183
36.3354
85.9772
44.5724
29.0219
28.5517
78.2319
37.6074
30.7003
30.4294
26.3228
46.9355
25.4803
32.0018
39.2867
28.4134
26.6477
14.9347
18.215
19.431
25.3819
32.9156
30.9241
21.6168
32.452
35.0458
24.1095
24.7547
51.4491
31.3682
40.5618
30.8248
48.9127
29.61
32.4906
41.1114
28.0664
39.0343
23.7669
51.2037
28.2885
24.7728
39.6412
26.7581
7.33954
9.18275
17.3139
12.703
19.8821
24.1771
18.5608
4.8952
6.37137
12.6832
6.51386
12.704
18.5175
25.8358
12.1795
20.013
34.0403
12.2754
26.0445
33.985
26.2232
39.902
10.8521
18.7366
10.3157
27.2055
34.9469
27.9372
6.795
13.2266
8.30057
26.2644
17.9436
11.4235
25.7452
11.9079
33.979
20.0234
33.9336
25.9111
12.1851
18.5306
4.63263
12.4687
6.69253
18.6681
12.3506
6.6375
26.199
39.8546
19.031
11.7286
34.8937
27.3176
10.7413
27.4794
12.3117
34.6362
20.9284
26.4662
36.1129
12.742
20.392
4.76744
15.0885
7.9515
22.0622
13.6982
7.33973
29.0194
43.8843
21.7442
13.8228
38.9669
31.1065
13.2553
26.7846
7.67644
17.1211
9.65993
24.2427
19.8243
13.2498
55.8392
31.0191
15.8352
23.4331
26.8063
44.2892
56.0914
31.9888
13.3665
57.2089
13.0092
10.5061
32.5246
33.9075
12.0894
4.89722
9.62687
6.71358
5.27387
11.1049
10.6168
22.1551
20.7722
9.54549
8.43641
7.83671
24.2157
18.6844
56.2765
33.5284
58.5029
26.0974
33.5773
44.0107
37.8833
31.0187
23.2798
24.1967
21.7705
24.0044
28.9101
31.6792
39.1829
27.5475
24.1804
21.9398
25.7432
45.3946
35.1906
30.8761
21.4953
34.9834
32.2875
51.3054
24.768
23.9339
28.2518
39.1262
51.303
23.9228
39.7373
24.8574
28.5022
31.3429
40.4778
48.687
30.5948
41.0533
32.4287
29.3701
18.9046
25.8824
11.7805
16.8087
14.1535
17.8603
24.5587
13.0761
30.4757
34.2898
10.2608
31.3064
11.2787
13.2516
7.34445
4.40681
8.24192
3.4261
3.66439
11.0247
6.1177
13.7405
29.3243
61.436
16.4503
31.9721
20.7652
14.5118
10.2001
23.7812
21.6168
9.8679
25.0836
10.2711
8.95062
13.3667
19.1516
33.6505
27.0861
18.8764
26.8807
13.6739
5.52673
3.45383
7.8739
3.2769
3.22187
7.62022
5.62216
9.61856
17.8808
21.7432
8.06573
21.2996
7.96251
9.91088
11.3006
25.7282
20.2529
9.61416
23.9504
12.3543
8.67964
15.0489
19.7214
34.361
27.5582
28.2625
20.6268
14.226
6.06975
3.49971
9.85051
3.10712
3.02866
8.83465
6.52159
10.5659
18.9457
22.0649
7.94755
22.7369
10.1184
8.13907
16.464
27.5147
25.7199
10.7721
29.5937
14.1416
12.71
9.34877
4.95001
11.3339
3.33928
3.7259
13.6078
7.56499
18.3547
28.1628
32.9393
18.2738
31.4423
14.8768
21.6925
28.1512
18.8469
41.5637
16.164
12.7045
34.8404
33.7151
15.6518
4.45143
9.2023
4.36396
5.26754
12.2413
11.5812
22.192
22.9494
11.2154
6.04166
8.38213
27.5416
17.0514
40.4514
28.8271
17.3849
19.8277
24.3651
33.3744
35.0895
23.2793
20.2802
26.0474
23.8095
20.7559
26.7371
21.2262
23.2175
33.1242
30.5397
20.2215
19.8935
33.3534
24.2093
25.4233
27.5532
24.9445
23.0262
27.2808
28.048
21.9732
16.018
20.3573
6.4322
11.3563
9.4146
14.4911
20.421
30.5821
30.3297
46.903
26.323
25.3811
39.2308
31.9447
28.1691
21.2023
22.6491
17.2681
21.7044
25.5042
23.8647
28.4245
26.7666
18.4629
14.4609
19.5943
32.8679
25.3195
62.3088
20.6315
32.9639
30.6017
50.957
30.0979
33.3421
43.891
20.5624
27.0064
26.8001
43.57
29.3595
27.744
35.7541
27.6381
74.9278
43.3523
75.7322
35.4289
27.9009
37.2722
86.0865
29.2414
45.0688
38.1112
78.4584
29.4059
27.9317
51.3825
35.0752
22.39
42.8291
24.6112
24.6429
20.9885
17.0943
29.1142
14.0278
14.9654
23.735
18.0553
24.1651
31.3572
55.7179
28.316
33.7929
33.7393
22.0762
29.7965
29.6931
32.7219
19.7952
58.1882
21.8023
20.2967
26.7016
41.1844
77.9115
36.262
42.0069
37.5545
26.0116
18.6373
17.4874
23.943
13.1571
13.8496
27.0591
16.0028
23.6837
24.479
41.583
16.0008
43.2366
16.4272
23.0669
28.8309
34.5786
14.4123
11.7635
26.8053
20.244
13.3539
17.8661
19.8091
15.8236
13.8736
18.1127
19.4477
13.6441
18.6124
13.8989
20.2706
15.6519
19.6385
19.5691
13.649
17.5898
11.2858
15.9022
12.3624
16.7941
16.0861
12.2846
43.6034
37.2494
17.1113
12.4282
32.5636
23.048
16.9722
30.0523
28.2359
18.0497
16.6849
29.1376
29.0577
16.9423
37.3463
18.4225
30.5337
20.6581
30.7276
34.6967
19.387
33.5442
11.263
16.6765
14.7022
32.4488
17.4293
14.9096
15.2699
21.4184
10.798
10.9343
15.9962
16.5541
10.4446
14.2986
14.314
10.1727
10.0046
10.0265
14.4357
14.1649
14.9719
10.5342
14.913
10.4595
15.0374
10.3334
15.083
14.4022
10.4272
14.7153
10.0204
15.0821
10.0744
14.2038
19.9902
19.6467
15.39
15.4156
19.2226
20.919
16.4522
23.1236
16.5236
23.1545
20.7072
21.8525
24.1764
17.2533
20.742
16.5506
23.9545
19.2378
21.563
22.3455
17.6853
16.6813
16.6843
11.7804
12.5422
15.9776
17.6549
11.826
15.1954
14.6171
10.4819
10.8962
15.0465
14.7451
10.9113
15.9654
11.2567
15.0921
10.7863
15.4611
15.4279
11.2511
15.7863
12.0925
16.3066
11.4131
15.5943
16.5691
11.4402
20.4373
17.527
14.0529
13.4362
18.4189
18.9118
14.4872
20.3575
21.2502
16.3258
14.9552
15.0489
21.8337
19.8774
22.1553
15.0101
20.2108
17.0912
19.2887
15.7044
24.0379
18.9104
12.92
17.2633
13.8309
17.6045
13.9079
18.5013
24.8008
22.957
28.7384
19.4298
24.6617
21.0035
22.52
18.7615
17.8605
23.6806
14.9719
15.8225
20.0649
20.963
22.1896
24.4687
41.3206
24.6117
28.1538
26.9891
20.4639
18.9871
25.2201
21.1835
17.6508
23.6319
20.1886
16.8396
21.1176
23.4563
28.7544
25.3321
25.6179
23.6754
20.9473
18.3149
16.7791
23.0078
14.8126
14.5689
19.5576
21.1517
18.3506
20.4866
22.6133
16.2233
22.8652
16.3103
18.2273
25.9101
21.016
28.8088
21.7054
25.0469
23.4961
36.1474
28.5146
20.1757
27.4918
25.4495
24.6303
33.0477
24.4523
30.2376
27.9926
32.7656
35.2377
33.3813
29.7547
28.3068
32.5885
47.8203
32.708
38.8762
39.8325
36.0069
30.9953
35.758
27.641
74.9289
43.3585
35.4304
75.7345
27.9081
43.9006
20.5769
27.0184
26.8139
43.5819
29.3723
27.7578
37.2776
86.0947
45.0762
29.255
78.4606
38.1203
29.416
62.3149
20.631
32.9808
30.6186
50.9763
30.1014
33.3461
29.8148
32.7349
29.6992
19.8105
58.2014
20.3114
21.8147
26.7082
41.1878
36.2638
77.9157
37.559
26.0143
42.0147
18.653
17.5026
23.9569
13.1678
13.8617
27.0766
16.0148
23.6909
24.483
41.5868
16.002
43.2447
23.0701
16.4304
27.9397
35.0888
51.4004
22.4044
42.8406
24.6583
24.6161
20.994
17.094
29.1315
14.0303
14.9666
23.737
18.0637
24.1405
31.3429
55.6956
28.2316
33.7821
22.0445
33.6754
15.2746
21.4206
10.9347
10.8007
16.5553
16.0011
10.4489
14.2944
14.3094
10.0021
10.172
14.4309
14.1601
10.0239
14.3983
10.4209
14.7099
10.0169
15.0772
14.1986
10.0709
14.9748
10.5311
14.913
10.4601
15.0852
15.0379
10.3346
26.1141
30.6337
16.6576
15.2826
28.9175
26.1267
16.0267
27.0513
17.5735
30.1302
18.9325
28.4717
31.7705
16.9688
21.8814
14.2418
21.9248
16.6399
24.718
20.6162
14.7657
28.8361
34.5867
11.7533
14.4027
20.2501
26.8121
13.3418
17.8628
19.7836
13.8573
15.7737
13.6244
18.1084
19.4179
17.5938
11.271
15.8991
12.3507
16.0843
12.2734
16.7982
18.6126
13.8784
20.2369
15.5979
19.6409
13.6283
19.5366
20.4316
17.5252
13.4317
14.0488
18.9059
18.4179
14.4824
20.3477
21.2445
14.9489
16.3156
21.8253
19.8708
15.0398
18.8999
12.9132
17.2552
13.8245
17.5937
18.4939
13.8998
22.1499
15.0068
20.2108
17.086
24.0334
19.2883
15.6993
17.8136
18.4791
12.813
14.5064
17.4666
18.5202
13.734
19.1427
20.2768
14.2143
17.0809
20.8163
18.5829
14.7001
17.2575
12.1998
16.1847
12.6367
16.7166
16.8584
13.1322
19.8544
15.852
22.2411
17.7096
21.4586
20.7503
15.2232
19.9905
19.6433
15.4044
15.3801
20.9157
19.2234
16.4443
20.7416
16.5417
23.9512
19.2341
22.3424
17.68
21.5618
23.1148
16.5133
23.1312
20.6766
21.8424
17.2476
24.158
18.9785
21.1773
25.2158
17.6427
23.6261
16.8318
20.1807
21.0988
23.4446
25.3259
28.7509
20.9336
25.6089
23.6583
18.3039
16.767
22.9987
14.8041
14.5579
19.5487
21.1388
18.3323
20.4725
22.6044
16.2094
18.2127
22.8526
16.2938
24.8072
28.736
22.9633
19.4282
24.667
22.5188
21.0086
18.7806
17.877
23.6898
14.9874
15.8349
20.0741
20.984
22.2095
24.4725
41.3117
24.6178
26.9912
20.4833
28.1579
30.2208
27.9671
32.7604
35.2074
28.2741
29.7433
33.3735
28.499
20.1619
27.4833
25.4417
24.4355
24.6159
33.0407
32.5756
47.8159
38.8569
32.7019
30.9753
36.0005
39.825
25.9279
21.0337
28.8163
21.7243
23.5168
36.1521
25.0626
31.0068
23.2458
24.1496
21.7779
24.0212
31.6073
28.894
56.3434
33.619
58.4736
26.2036
33.6834
44.0449
37.9061
39.2625
27.6704
22.0586
24.3116
25.8603
35.3072
45.4542
30.8723
21.4249
32.1261
34.9208
23.8371
51.2384
24.7765
31.3556
40.427
48.5192
30.4971
29.2526
41.0367
32.4239
28.3588
39.1517
51.3802
24.0426
39.804
24.9637
28.6131
19.0058
26.0289
16.9069
11.881
14.2445
24.657
17.9941
55.8469
31.1321
23.6168
15.9527
26.9109
56.1901
44.3637
12.2124
4.94428
9.76807
6.78597
5.30349
11.2779
10.7356
32.0421
13.3797
57.2045
13.0904
10.5561
33.9268
32.5396
22.2492
20.904
8.54786
9.65044
7.91002
18.8566
24.3021
13.1354
34.3985
30.5061
10.3738
31.3438
13.3893
11.332
7.37399
4.42075
8.27815
3.4369
3.67682
6.14507
11.0558
13.8303
29.3838
61.4309
16.6095
20.9126
32.0116
14.6382
10.2407
21.6841
23.8205
9.96135
25.139
9.01866
10.3196
13.4167
19.1899
27.0673
33.6231
26.8673
13.7167
18.9173
5.54854
3.46739
7.91363
3.28654
3.23025
5.64784
7.65614
9.64944
17.9064
21.7308
8.08748
21.2989
7.98443
9.93273
11.2793
20.2337
25.7101
9.5751
23.9263
8.65502
12.3091
15.0696
19.755
27.5363
34.3397
14.2605
28.2396
20.6507
6.0805
3.51798
9.90575
3.10802
3.03264
6.52358
8.89966
10.5672
18.9248
22.0467
7.94728
10.1307
22.714
8.12832
16.3965
25.7363
27.5075
10.7068
29.6045
12.6408
14.0669
9.31225
4.95781
11.3739
3.33249
3.71141
7.54674
13.6169
18.2816
28.1935
32.9776
18.2185
31.4652
14.7988
21.6427
23.3053
20.2878
23.7805
26.0165
26.7045
21.2123
20.812
25.4255
27.5328
24.9231
23.0097
27.2519
21.9576
28.0434
23.2613
33.1458
30.557
20.225
33.3544
19.952
24.2288
16.0758
20.3562
11.4272
6.42788
9.48252
20.4805
14.4506
28.1712
21.2312
22.6495
17.3551
21.7606
23.8664
25.5177
30.5832
30.3346
46.8977
26.3453
25.4108
39.2364
31.9478
28.428
26.7987
14.532
18.4742
19.6602
25.3499
32.8885
15.4476
4.41791
9.11678
4.34142
5.21445
12.0995
11.4339
28.1181
18.7425
41.5677
15.9703
12.5805
33.7088
34.8238
22.1208
22.9137
5.99109
11.101
8.27642
16.9484
27.5364
40.4837
28.856
19.7852
17.2153
24.3288
35.1208
33.3969
27.9457
6.79357
13.2713
8.29161
11.4164
17.963
26.2751
18.5562
4.65082
12.5141
6.70258
12.3955
18.6896
6.64948
25.7601
11.9212
33.9847
20.0202
33.9409
25.9285
12.1897
26.2098
39.8638
11.7035
18.9983
27.3207
34.9022
10.722
20.451
4.80369
15.1773
8.04285
7.40976
13.7851
22.1115
27.4999
12.338
34.6399
20.9481
12.7776
26.4861
36.1147
29.0396
43.8787
13.9002
21.7776
13.3114
31.1173
38.9663
26.7777
7.77554
17.1787
9.77573
19.8459
24.262
13.3652
59.4566
12.2985
7.46579
8.40616
24.5843
27.9278
27.9053
23.2417
5.35529
61.2537
23.6215
47.7272
21.3127
10.6732
22.645
6.08813
58.6294
20.0357
45.8216
20.8278
8.88869
7.36634
2.34549
8.77291
9.68709
25.1511
3.17339
3.24158
22.6867
130.531
25.7335
25.0864
45.4407
61.9926
7.99964
21.7458
127.206
26.9978
22.571
44.2224
61.0086
7.1727
50.2841
28.4699
25.7342
12.4135
25.5173
50.5284
28.3189
51.649
27.4744
49.3365
11.4389
97.1463
25.6008
29.5204
49.5103
25.4417
23.2064
6.01006
23.4062
48.9891
21.1331
53.9172
31.588
32.0843
6.8657
106.585
20.5076
35.6036
19.3064
146.119
25.6501
32.7501
59.4627
38.8176
6.96831
9.69832
2.66607
21.2962
9.84236
6.52853
23.3766
3.00673
8.58964
2.53572
19.2107
6.12355
6.02548
19.669
2.53993
5.6083
9.57675
5.13834
1.78289
21.6234
3.2153
2.13091
5.81188
14.1219
5.85723
1.87662
17.2364
3.60403
2.12421
53.6405
29.0362
26.5278
13.0535
30.0623
51.7322
27.8345
56.1042
31.3236
34.7862
14.0275
31.5112
57.5589
29.4127
50.6886
25.0105
23.5509
10.6757
24.5953
49.6478
24.1181
49.8064
24.1843
31.0341
10.6748
22.8575
41.6291
23.2843
18.9956
60.312
31.5921
25.6372
37.8379
36.0624
13.6949
14.0304
6.31959
28.8278
15.967
28.3343
14.1939
6.2899
10.9099
4.19217
28.827
9.18469
25.6905
13.3976
3.43395
9.15367
15.9832
10.2149
2.48781
20.8363
5.52022
3.61457
8.44886
16.1671
6.01798
2.33901
21.3307
6.85247
2.6777
27.3877
5.73705
35.8543
29.1353
15.1077
49.0272
14.4849
25.9253
5.82026
35.5046
23.5256
15.8369
48.8081
10.4388
13.9348
2.31462
7.22841
8.88239
19.466
4.69155
4.49064
30.2986
63.2189
32.441
19.9015
57.9637
39.5687
15.2324
28.9183
61.9535
23.4953
19.4263
57.8648
39.1367
11.8798
42.6617
5.78801
15.5064
13.8584
30.4441
18.7897
18.0048
51.8594
21.6247
10.9504
13.4905
23.6125
40.6233
41.5932
60.0957
64.2843
52.9818
10.4345
109.726
29.419
27.201
31.7934
34.2101
34.3903
10.0057
16.4073
67.0798
21.969
59.0733
69.489
52.6593
17.0072
109.099
27.0831
31.7347
43.9988
35.9655
36.7104
8.60579
21.9656
73.3145
20.0492
24.9948
19.0547
8.53552
3.30113
32.449
9.0008
7.3301
25.5205
40.1298
23.1437
7.21598
23.3999
43.4954
7.04461
13.5335
2.56797
4.5387
3.36042
10.6437
6.31751
4.02343
9.4909
9.35214
6.43754
2.39917
26.2782
4.75317
3.13866
20.1931
39.8494
37.915
4.87624
9.28817
52.5384
9.17362
9.3656
10.1429
4.78986
2.49677
4.82867
20.327
3.02409
19.4929
11.6357
55.3206
11.032
39.9316
40.2882
4.69554
8.84126
21.5659
13.2295
4.49894
10.5554
21.7042
4.5826
5.86642
15.5789
4.68401
2.42602
7.03363
14.8734
2.36596
10.7465
6.5431
27.0767
12.3265
13.3626
23.101
4.56332
5.90009
2.71228
23.8193
4.3044
8.04271
14.7555
2.3825
20.8923
53.2717
28.5237
15.512
27.3149
42.2733
10.8412
17.9338
36.528
16.8801
8.63776
20.2749
31.8069
8.93474
17.9981
8.6996
33.994
22.8245
16.6448
37.4387
9.31712
16.4942
4.03872
24.7618
13.3305
13.2934
29.1629
5.98833
8.36734
2.08462
4.53574
3.74007
9.81548
3.81862
3.55432
52.9585
28.2545
22.1643
18.7453
42.6441
39.5051
33.0378
13.8075
15.6825
8.77908
4.27862
25.3053
8.44005
4.85791
21.9128
30.7089
31.7717
7.81614
13.15
39.1294
14.3049
12.8603
13.3088
7.23323
3.34227
6.67604
4.72141
22.6951
23.4372
16.201
48.5182
14.7441
36.2811
7.63275
34.0111
42.1718
22.8562
16.4073
16.0121
33.6789
32.8787
26.9795
43.8618
45.6425
54.3104
13.3839
67.8886
26.4561
26.7436
40.0253
39.4587
35.7639
12.2875
20.2195
67.5811
23.0646
44.9806
57.0055
72.9549
16.7439
93.9138
28.812
33.7517
43.0455
40.5856
37.0441
9.61531
19.5305
70.877
22.0913
73.4409
19.0319
30.9305
31.6962
50.0734
38.9023
40.716
47.1173
30.856
51.7481
82.1095
60.0795
39.4118
52.6196
43.9624
20.8039
26.126
31.0761
50.0255
31.0154
31.1532
44.9565
42.1112
94.6316
44.9217
56.373
59.3966
36.2683
61.8111
139.93
74.2559
37.3754
87.0256
82.4111
47.5535
58.3221
146.662
53.3092
58.77
86.9174
78.1455
43.41
20.408
28.7705
10.6856
7.97465
32.2693
17.0525
7.70257
28.5772
45.3917
52.4388
15.0938
17.6812
52.8149
25.6451
15.2931
11.2543
6.09977
3.60422
6.35731
23.2805
4.70154
27.5444
16.1184
55.0634
17.2456
46.8101
43.4869
9.99553
51.6372
35.9209
36.7544
26.1637
62.8508
39.425
35.7144
68.3323
61.8666
58.844
38.6114
54.0669
84.8615
44.7029
37.9032
26.0127
27.244
29.8087
40.9173
34.7972
30.1146
63.9442
47.1446
28.7542
37.6755
47.6777
73.5717
42.5835
56.1959
37.9263
30.7603
24
49.8263
40.3311
32.4824
51.8563
48.7685
46.2779
47.848
37.6534
67.5561
44.3344
41.6564
24.1242
32.049
35.0853
34.1583
29.9672
37.7813
73.6681
19.2723
31.9253
31.1243
39.1121
41.0071
50.1774
44.7886
41.839
44.7459
94.4998
36.0779
56.2642
59.2035
43.9783
21.1622
31.3297
26.2308
31.2849
50.1433
31.137
46.9345
30.6169
81.9904
51.5151
59.9809
52.4207
39.1855
58.2554
146.705
58.6578
53.4713
43.3951
78.0282
86.999
61.769
140.022
37.3944
74.3325
82.4737
86.9601
47.6254
76.4277
52.3911
36.3128
50.1108
51.8384
54.8778
73.1158
92.6243
66.896
41.079
44.3825
126.017
60.9401
72.901
33.1709
140.791
66.5711
61.9292
40.5564
84.2392
42.1236
34.0841
28.7549
57.449
34.9788
40.0337
47.1548
26.3443
31.4986
28.4486
51.6165
32.0939
36.6989
41.7168
25.5258
29.8044
31.4958
30.8135
21.6811
40.5281
25.0747
23.1118
24.709
43.051
34.767
21.9199
51.8412
28.575
20.3209
70.3874
49.9458
48.515
36.5768
49.1339
69.0312
50.8653
74.73
54.8704
61.9279
38.2745
83.8051
51.2283
53.9629
31.8395
48.4455
26.5875
21.7726
31.4038
49.2226
21.9006
28.1664
29.8516
24.2247
20.9985
27.7347
30.6519
21.1923
34.2364
24.8316
69.2663
30.8915
40.7335
53.2631
23.1157
30.0815
23.6983
43.3167
26.8385
33.3024
35.2666
22.4208
42.2255
58.3462
35.1546
30.541
32.2783
40.6558
35.7115
36.0511
60.5242
29.7794
32.4682
47.5956
44.0214
26.4855
33.9429
24.7094
42.6167
48.4389
26.5658
58.6477
30.6494
28.3669
18.9843
27.0818
24.0272
23.3528
33.5455
21.7237
31.1276
24.5347
35.071
27.9696
40.7053
28.8375
22.6926
31.2465
31.282
28.103
24.4759
32.4627
24.7136
30.7731
29.4298
37.3982
26.7437
21.1248
21.2664
38.0209
29.0733
33.5383
23.2975
43.1622
32.0037
38.8531
27.9806
26.1987
30.8497
22.8445
44.5854
27.9483
33.203
22.1417
40.2212
70.3575
49.923
36.5548
48.445
69.0242
50.8413
49.0972
74.7051
54.8709
61.9389
38.2759
83.8279
53.9491
51.2173
33.1682
140.75
61.9341
66.5731
84.2531
40.5671
42.1229
31.3929
28.2449
51.5484
31.9889
41.6755
36.5552
25.3645
34.0169
28.6287
57.4028
34.916
26.2317
39.9292
47.1417
24.683
43.0476
34.7101
21.8794
51.802
20.2647
28.5602
29.7867
31.4907
30.8073
21.6684
23.091
40.5279
25.0612
76.4023
52.4003
50.1132
36.2865
51.8045
73.1292
54.8537
92.5936
66.9071
41.0786
44.3891
126.006
60.9222
72.9336
76.4307
52.3936
50.1127
36.3213
54.8846
73.1168
51.8441
92.6253
66.8923
41.0848
44.3844
72.8978
126.012
60.9415
70.3881
49.9462
48.516
36.5798
50.8664
69.0315
49.1372
74.7299
54.8721
38.2757
61.927
53.9625
51.2302
83.8035
33.179
66.5716
140.791
61.9374
40.5642
42.128
84.2383
34.1018
28.7687
34.9943
57.4706
47.1728
26.354
40.0645
31.5185
28.4792
51.645
32.1104
41.7325
36.7351
25.5402
29.8129
31.5051
30.8221
21.6867
40.5361
25.0839
23.118
24.7185
43.062
21.9261
34.7787
28.582
51.8469
20.3297
41.0701
85.2071
47.5812
42.7543
55.6445
61.7455
30.5756
31.5482
41.0501
38.801
32.4891
44.6291
62.9723
24.5755
32.7591
30.5352
37.1319
42.426
31.2409
43.6949
28.0992
38.1179
23.2358
45.3836
36.4096
31.715
55.0029
25.8053
28.3299
17.8836
26.5807
26.0703
36.7196
21.5755
21.3811
31.2024
31.2664
28.0691
24.4422
24.6715
32.4366
30.7412
29.3835
37.3735
21.0912
26.6986
37.9801
29.0419
21.2255
33.5153
23.284
31.9838
43.1472
26.1799
38.8354
27.9655
30.8156
22.8234
44.5713
27.9164
40.1885
33.1879
22.1158
42.2644
58.3536
35.189
30.5928
40.6768
32.3274
35.7504
36.0937
60.5597
32.5205
29.8605
26.5458
47.6221
44.0773
33.9654
24.7322
48.4314
42.6369
58.6651
30.6644
26.5944
31.1561
24.572
35.0829
28.0064
28.8599
22.7328
40.7231
28.4214
19.0418
27.1567
24.1084
23.4118
21.7861
33.6159
76.3932
52.3947
50.1038
36.2536
73.1272
51.7779
54.8339
92.574
66.8771
44.3375
41.068
60.8809
125.972
72.8883
33.1901
61.9216
140.75
66.5681
84.2824
42.1351
40.5705
31.4492
28.3239
32.0417
51.5887
25.427
41.7114
36.6258
34.0679
28.6896
57.4431
34.9736
47.177
39.9905
26.2903
24.7195
43.0526
34.7568
21.9192
20.3068
51.8423
28.593
29.8246
31.503
21.7079
30.8474
25.0875
40.5516
23.1369
47.0993
30.832
82.1016
51.7154
52.6056
60.0716
39.3702
44.9418
42.0862
94.6488
44.9094
59.384
56.3512
36.2531
43.9586
20.8284
26.1352
31.0859
49.9998
31.0151
31.1467
61.819
139.899
74.2834
37.3511
87.0427
82.3706
47.5531
58.333
146.64
58.7707
53.3019
78.1503
86.891
43.4082
73.5053
19.0697
31.0325
31.7683
50.1121
38.9775
40.7652
106.003
49.7224
36.4824
33.0782
52.841
69.278
51.278
20.2052
28.8232
8.20061
10.7374
16.9825
32.2212
7.53075
28.6418
45.4504
52.5118
15.1885
17.7686
52.8305
25.7154
15.2234
11.3087
3.54428
6.11992
6.34034
4.65627
23.3152
27.541
16.1313
55.0657
17.2288
46.846
9.92446
43.4952
56.1657
37.9309
23.9925
30.7689
40.3093
49.8452
32.4685
51.9234
48.7767
47.8965
46.3253
67.6066
44.3592
37.7013
41.7189
24.1534
32.0952
35.1402
34.2064
37.82
30.0089
22.7171
30.1936
7.34534
14.5579
17.9395
34.0634
8.59891
28.661
33.4207
40.9594
11.6155
15.2395
23.6011
42.3948
14.4466
13.2024
3.13719
8.90534
7.5594
23.5211
5.89632
29.7117
22.015
66.1681
18.4421
40.705
42.038
11.7367
63.9339
47.1186
37.6692
28.7507
73.5315
47.6711
42.5963
44.8533
41.9149
94.5402
44.8026
56.292
59.2611
36.1451
47.013
30.702
82.0215
51.6127
39.2867
52.4819
60.0281
43.9937
21.1019
31.3327
26.246
31.1074
31.2833
50.1684
58.3011
146.673
58.7159
53.4798
78.0748
43.43
87.0032
61.7897
139.965
74.2818
37.4641
47.6105
86.9566
82.486
73.6427
19.353
31.9226
31.0962
41.0026
50.1796
39.0902
51.8508
21.6453
13.5433
10.9623
40.5888
41.6109
23.6131
59.0503
69.4659
52.6315
16.9658
109.083
31.7132
27.0522
43.9753
35.9401
8.60127
36.5704
21.8634
20.0044
73.2862
60.0856
64.2699
52.9664
10.2784
109.731
29.304
27.0892
31.7589
34.1079
9.90624
34.3177
16.3072
21.917
67.065
93.7207
24.4062
23.3754
23.4685
61.7745
55.3738
35.3199
24.992
19.0445
3.29674
8.51042
9.00554
32.4441
7.30357
25.5217
40.1402
7.19856
23.1034
7.03179
23.4027
43.5005
13.5288
2.56586
4.53724
3.35862
6.31666
4.02229
10.6476
24.3191
44.0387
25.6197
12.4229
10.2451
42.5519
24.4509
13.6594
47.618
4.73691
10.5885
25.3164
22.841
4.00871
15.6742
6.64442
25.5618
28.6251
7.10076
52.0848
13.5902
5.71482
1.76626
3.58196
2.58454
3.03776
7.29436
2.28006
12.0367
3.20238
22.6568
8.79519
23.3873
10.6934
3.5948
8.82201
21.5922
13.1955
4.4914
21.7009
4.57405
10.535
5.88554
15.5948
2.42716
4.69458
2.36856
7.04315
14.8973
10.7442
6.54097
12.2887
27.0734
23.0937
4.55719
13.3608
5.9065
2.71238
23.8375
4.30861
8.06029
2.38249
14.7839
8.51654
22.2384
13.3924
4.07894
4.11515
24.041
8.85972
5.48142
15.5375
2.16781
4.35888
15.7665
5.96402
2.09498
8.92214
6.25679
15.3957
31.4557
4.33803
27.2725
13.9076
5.46242
2.60018
18.5525
4.45682
15.9293
7.36977
2.24642
20.9216
53.2659
28.5621
15.5814
42.2855
10.913
27.3446
17.9314
36.5425
8.64568
16.8714
8.92022
20.2804
31.8136
18.0005
8.69255
22.878
34.0168
37.4581
9.34586
16.6333
8.37905
2.0872
4.58128
3.76076
3.8449
3.56278
9.8629
16.4705
4.01856
24.7477
13.3189
13.246
5.94284
29.1684
13.9954
16.6239
4.03363
9.08663
9.15916
25.4531
5.04182
21.8639
30.681
31.735
7.81343
13.1055
14.4237
39.1235
12.8723
13.0983
3.33873
7.16612
6.69021
22.5459
4.77084
23.4145
16.4212
48.4727
14.735
33.9603
36.2316
7.82647
24.8654
21.7418
4.48491
15.9101
13.2212
35.9977
7.88969
34.1149
42.5771
11.1537
31.6031
55.6048
27.5835
18.2139
19.7773
3.42873
6.572
4.82772
9.87494
15.5048
8.96587
52.9079
28.2153
18.8472
22.3453
39.4435
42.6443
33.0606
44.9399
56.9842
72.9143
16.5399
33.6631
93.9181
28.6964
42.9428
40.5442
9.35434
36.9801
19.342
21.8443
70.8578
43.8541
45.5989
54.2569
13.557
26.5835
67.8281
26.8064
39.9677
39.3336
12.2385
35.6765
20.2541
22.9766
67.5532
59.4799
12.3464
7.42327
8.44107
27.9563
27.9546
24.6201
23.2294
5.34124
23.593
61.2478
10.6479
47.7288
21.2735
7.35515
2.33943
8.75507
9.70983
3.15669
25.1883
3.23324
22.6618
6.07169
58.6557
20.0695
45.8498
20.8295
8.88043
22.672
130.534
25.7528
25.0887
7.95302
45.4391
62.0008
21.8159
127.183
22.6347
27.0362
61.0388
44.2413
7.18343
50.2947
28.487
12.4281
25.7411
50.5381
28.3379
25.5253
51.6597
27.4697
49.3497
11.4453
97.1507
29.5443
25.6135
19.2954
25.6201
146.11
32.7064
59.4456
6.96416
38.8331
9.64599
2.6625
9.78515
21.2656
23.3465
2.9927
6.50367
8.58025
2.53691
19.2321
6.16056
2.54293
6.026
19.6701
5.55827
9.57293
5.12298
1.77968
21.5578
2.12393
3.20158
5.79114
14.1054
1.87556
5.87243
2.12338
3.5966
17.2321
49.4967
25.4264
23.18
6.00838
23.3907
48.9716
21.1313
53.9055
31.5621
6.85676
32.0779
20.5034
106.582
35.5881
19.0127
31.6046
60.2889
25.5924
37.8395
13.678
36.0701
14.0408
6.32021
15.9715
28.8094
6.29024
28.3447
14.1965
10.9409
4.19602
28.8483
9.17705
25.7091
13.4213
3.438
9.16679
16.018
10.2306
2.48563
3.61223
20.8656
5.52466
8.43933
16.155
2.33453
5.99927
6.82574
21.3351
2.67666
50.6727
24.9884
23.5193
10.6404
49.6294
24.0819
24.5647
49.7972
24.1722
10.6293
31.0088
23.2522
41.6301
22.8154
27.3085
5.72531
29.1194
35.8444
49.0246
14.4274
15.0974
13.9009
2.31294
7.03218
8.74412
4.46114
4.60081
19.4172
26.0332
5.83474
35.5167
23.5492
10.4396
15.8549
48.8129
30.1331
63.2347
32.441
19.8541
57.9661
15.1253
39.6066
29.1028
61.9688
19.3763
23.481
11.7982
39.1661
57.8809
42.7086
5.77197
15.4723
13.7854
18.8079
30.4828
18.0346
23.3131
2.85076
3.21379
4.38011
9.73103
4.40928
10.6876
14.7779
4.27191
42.3157
11.3586
40.363
14.7153
4.43081
9.81601
1.95634
3.02858
4.42956
10.0065
2.86013
4.19984
15.8852
42.1283
11.6947
4.65405
39.3958
14.8429
4.88992
15.19
3.93066
44.5414
12.1482
14.4888
47.0542
4.08452
10.6358
1.64312
2.96374
4.285
11.6296
2.53604
3.71873
17.0468
49.2972
13.7771
8.7814
49.5864
20.7843
5.47638
12.4293
3.46629
3.39911
6.84192
12.3785
4.13498
10.437
47.1125
56.9601
46.8941
10.9889
99.0568
26.4334
23.2531
24.0622
28.3518
29.9456
9.8431
12.9251
60.822
17.0686
32.6146
12.3084
8.93591
7.72501
15.7367
22.7151
21.7655
35.1053
29.3505
32.606
6.98227
17.0933
62.9542
15.2004
42.3194
46.3413
41.7875
8.13657
68.495
16.0157
23.2733
15.8977
7.82481
13.931
2.93778
24.0118
6.44221
6.04799
24.1878
29.3492
15.5053
5.60259
15.7269
36.6181
5.80133
11.5735
2.12677
2.35086
3.14969
5.27068
3.26811
4.63294
9.82362
9.41648
10.1809
2.55421
20.8036
4.91047
4.16549
12.8146
20.9819
23.105
3.14151
4.90865
31.4996
6.04292
7.65653
6.12023
5.64991
2.16015
3.65445
14.0439
3.46476
15.6211
13.105
47.6098
12.1168
28.1002
25.1482
7.22862
3.90741
9.23452
2.81605
1.80241
3.91917
7.29223
1.78495
4.80024
19.161
6.57758
2.33104
4.62639
19.3243
2.43406
4.44833
1.87399
15.4767
3.50027
4.63745
13.4512
1.84788
4.28334
2.92647
32.2537
5.63638
5.50506
13.8439
2.38583
14.6735
32.8068
11.7747
6.64471
18.921
23.0915
6.28981
17.4771
49.6648
20.1318
7.84705
18.6329
44.7118
5.07774
10.027
2.41382
20.0778
7.5561
7.98441
22.0133
3.33789
13.6143
4.11627
21.6781
15.7426
11.0818
31.0735
4.38962
4.62315
2.04349
3.02776
3.0981
5.23408
2.72854
2.63142
39.3155
14.2883
23.669
14.1967
31.6277
19.6454
35.9864
7.00646
5.29843
3.53265
2.11169
11.7916
3.63731
2.62176
12.8076
18.1535
17.5385
3.17204
5.9015
28.8078
5.88168
7.55222
7.02249
3.89359
1.92743
3.7778
2.49417
13.6178
13.6065
5.86866
33.0234
7.39826
22.1624
3.87802
20.9928
42.1076
46.1299
41.8758
8.71207
68.2088
23.5085
17.0269
35.0245
29.5349
32.7183
8.00314
17.28
62.7038
15.7205
32.4216
13.2104
8.95402
9.74218
22.4122
21.6985
15.651
24.1892
28.4354
30.2591
8.30556
12.2811
60.9808
16.1301
47.1625
56.8698
47.1614
9.09796
99.1643
26.0942
23.7435
43.1473
40.7387
37.192
10.2493
19.4424
70.9367
22.2495
45.0189
57.0247
72.896
16.8667
93.9387
28.9495
33.8528
39.9463
39.6796
35.7767
11.6403
19.8241
67.6922
22.691
43.8895
45.7316
54.541
12.9953
68.0043
26.3057
26.422
42.3328
22.6107
15.4275
15.6447
26.8484
33.8647
32.9852
29.7185
6.66876
3.95918
4.77419
13.3751
15.3722
8.60639
43.8186
34.0565
36.6198
9.03924
21.5423
73.1968
19.2076
59.2614
69.8178
52.7434
17.4536
32.2392
109.116
27.7289
27.8944
3.44273
4.08927
3.56448
11.5172
7.89489
11.8981
31.6326
34.1734
34.2073
9.77577
16.0686
67.0889
21.6147
60.0456
64.2135
52.9031
10.3729
27.1591
109.726
29.5678
51.9812
23.0232
14.367
11.6891
24.1159
41.8532
40.7779
56.1971
30.6933
37.8872
23.7377
49.8918
32.3984
40.2735
52.0739
48.797
46.4623
48.0722
44.4391
67.7203
37.8509
41.9123
24.141
35.3288
32.2695
37.9552
30.1534
34.3839
22.461
14.2975
29.9424
7.32187
34.057
8.57379
17.3883
14.1842
12.8509
8.45557
3.26697
7.26004
23.4912
5.86367
28.634
33.4403
40.9307
10.8353
14.7462
42.4139
23.2531
29.6498
22.0195
66.2583
18.1324
42.1519
40.8112
11.3455
105.974
36.5881
33.4755
49.7559
51.4125
52.7776
69.286
51.4477
36.4405
33.8175
25.624
62.4958
35.3787
38.4134
68.1142
61.7933
58.6195
38.4265
84.7815
44.4122
54.0052
37.6473
25.6952
29.5477
26.96
29.8059
34.4555
40.7356
20.6996
11.6808
29.0596
8.59285
32.5337
8.24901
17.3077
16.2971
13.258
6.4409
3.48068
6.88712
24.5654
4.83807
28.6912
45.4477
52.7542
15.3079
17.889
25.8998
52.6161
28.0616
17.0738
55.1279
17.8213
43.807
47.1411
10.6798
25.9774
21.1028
21.7866
28.8367
36.1508
25.1104
23.5775
30.2139
27.9624
35.2097
32.7706
33.3624
28.2686
29.7512
28.4782
20.1304
25.4217
27.4599
33.027
24.4049
24.5886
32.5631
47.8013
38.8477
32.6937
35.9917
39.8132
30.9546
29.4256
37.4182
26.7416
21.1184
29.0799
38.0345
21.2495
31.228
31.2857
28.0812
24.4511
30.7607
32.4499
24.6828
30.8267
22.8128
44.5817
27.9264
33.1871
40.2202
22.1095
33.5198
23.2703
43.1366
31.9826
27.9577
38.8423
26.1711
31.5322
40.9659
38.8068
32.3786
24.5122
63.032
44.5678
41.0832
85.2029
42.7068
47.6387
61.7148
55.6176
30.5701
38.0938
23.2546
36.3822
45.3504
25.8182
54.9651
31.7017
28.2967
17.7829
25.9469
26.4862
21.2961
36.6463
21.5039
32.7325
30.4625
37.0176
42.3927
43.6241
31.1466
28.1498
28.1724
29.8488
24.2257
21.036
30.638
21.2279
27.7448
31.796
48.4025
26.5288
21.785
21.9055
49.1848
31.3642
30.0879
23.7615
43.332
26.847
35.2568
33.3388
22.4712
34.1366
24.8799
69.275
30.6751
40.7242
23.0444
53.1653
61.7692
21.8735
29.6249
28.4578
28.4886
33.5506
48.9209
35.087
27.1778
43.0267
74.754
27.3864
75.5906
34.7728
42.201
20.3893
26.8889
24.8837
26.8699
42.6824
25.5973
36.3709
85.9772
44.6068
29.0792
28.6101
78.2278
37.6395
30.2113
27.9619
32.7777
35.2043
29.7544
33.36
28.2646
28.4771
20.1294
25.4228
27.4616
33.0278
24.4034
24.5876
32.562
47.8012
38.8446
32.6943
35.9909
39.8135
30.952
25.9804
21.1145
21.7949
28.8464
36.1584
25.123
23.5828
36.193
60.693
32.6526
30.0949
44.2585
47.6644
26.716
42.3591
58.3741
35.2712
30.7763
35.8352
40.7112
32.4857
31.1881
24.6171
35.0998
28.0477
28.8847
40.7368
22.7891
34.0093
24.7848
48.4291
42.6809
30.6994
58.72
26.6534
28.5894
19.2634
24.398
27.4464
33.8591
22.0022
23.6319
28.1429
29.8333
24.1989
21.0171
21.2065
30.6107
27.725
31.7749
48.4039
21.7718
26.5051
49.1693
31.3557
21.889
30.0502
23.7422
26.8145
43.3095
22.4471
35.2234
33.3119
34.0941
24.8719
69.2335
30.6409
53.1273
40.6949
23.019
31.5628
40.9826
38.853
32.432
63.0663
24.5565
44.6051
41.1159
85.218
47.6665
42.7519
30.6133
61.7246
55.6549
38.1318
23.2919
45.3542
36.4202
54.9872
31.7267
25.8602
32.7576
30.4933
37.0296
42.4117
31.1716
28.1851
43.6299
28.3431
17.8236
26.0048
26.5359
21.3444
21.5498
36.698
35.0639
27.1741
74.7997
43.0066
75.581
34.7745
27.3659
42.1524
20.377
26.8758
24.872
25.5641
26.8411
42.6471
36.3413
85.9461
44.5645
29.0673
78.2062
28.5773
37.6225
61.7864
21.9176
29.6655
28.4989
33.593
48.9283
28.5238
64.0034
37.5257
47.0044
28.5578
73.5151
42.5555
47.6603
22.4333
30.1558
14.2394
7.89559
34.041
17.6515
8.54511
28.6653
33.4474
40.9791
11.0271
14.8024
42.4317
23.358
14.1541
12.7632
8.40033
3.22729
7.23089
5.83448
23.4175
29.6575
21.9755
66.2523
18.0781
42.1515
11.3093
40.8052
51.627
36.9698
26.3658
36.0272
35.8119
62.9664
39.5186
68.1637
61.8055
58.7195
38.4853
44.5601
84.8041
54.0358
37.7432
25.9163
29.636
27.0519
30.0076
40.7841
34.6064
105.901
36.5876
49.7833
33.553
52.7936
51.4559
69.2784
20.9702
29.2081
11.9453
8.56427
32.6658
17.5019
8.5346
28.7481
45.5
52.7743
15.4559
18.0101
26.0084
52.6227
16.4322
13.2667
6.43903
3.60547
6.89511
4.9596
24.549
28.0876
17.2522
55.1045
17.8247
47.157
10.8672
43.7898
44.9991
57.0178
72.8825
16.8347
93.942
33.8399
28.9015
43.0735
40.6782
37.0886
10.0985
19.3172
70.9033
22.0936
42.3281
22.5075
15.3056
15.5124
32.9495
33.8375
26.6921
39.8552
39.5761
35.6578
11.5512
19.7786
67.6398
22.5328
43.8492
45.679
13.0141
54.4815
26.2185
67.9502
26.435
51.9319
22.9295
14.2372
11.5581
41.7944
23.9515
40.6882
27.9178
3.45045
4.08701
3.55063
11.5714
11.905
7.99627
31.6401
34.167
34.2367
9.7406
16.1005
67.0682
21.5814
60.0186
64.132
10.359
52.8338
29.5013
109.699
27.1811
21.2953
5.58581
6.68005
4.96822
10.1331
12.3132
13.3686
24.3229
28.5014
30.0806
10.1693
13.0818
60.9686
17.051
47.1946
56.9867
46.9156
11.0575
23.4563
99.0709
26.5485
19.4581
3.43082
4.0265
4.33665
8.06885
10.6136
5.74366
35.5891
28.8555
32.6703
7.76378
17.4203
62.994
15.8531
42.5012
46.4802
8.15939
41.8449
23.449
16.2397
68.6081
32.5364
12.2961
8.87615
7.70698
15.6313
22.6745
21.7343
69.4878
19.5108
17.2057
16.219
26.3484
44.3235
45.619
16.0199
7.99621
2.9478
13.5763
6.64041
24.0535
6.12492
24.2697
29.3781
15.5665
5.62426
36.6593
5.85037
15.772
11.6708
2.17054
2.36856
3.20381
3.31775
4.85222
5.29804
9.72484
10.1043
9.25496
2.4915
20.8548
4.05729
4.77948
7.71161
6.18563
5.65826
2.13081
3.66521
13.9917
3.43648
12.8346
20.9809
23.0974
3.15681
4.92769
6.11283
31.4639
15.5808
13.0698
47.588
12.048
25.0991
28.1417
7.13531
10.6371
27.964
4.88376
3.58416
2.64744
22.4359
14.3158
14.3811
35.6696
4.71964
12.8187
30.8957
14.7004
3.95036
4.92388
1.8334
4.31168
16.0563
1.9216
15.1209
4.33919
3.79704
1.35373
1.84766
2.02452
1.63917
4.25737
1.80479
11.8209
2.69965
20.0318
12.9779
29.5567
5.22616
3.61757
3.90469
9.23479
2.81449
1.80336
7.28157
1.78321
3.91833
4.80221
19.1629
2.33194
6.53458
2.42761
4.62746
19.2846
4.44681
1.87398
3.49836
15.487
13.4467
1.84601
4.63909
4.28019
2.92059
32.2589
5.61944
5.50297
2.37486
13.8288
4.14694
10.2694
4.29144
1.79155
1.91633
12.3918
3.91252
4.66121
19.8531
2.22702
8.22473
21.0189
4.44669
2.55738
4.15578
1.92092
4.01974
16.7719
1.87479
13.2395
4.62965
5.85708
3.55484
17.5106
10.8311
20.8873
5.93842
3.35886
14.6276
32.7841
11.7412
6.61072
23.0497
6.27804
18.8498
17.4094
49.6284
7.78547
20.0826
5.08573
18.5084
44.667
10.0044
2.41724
7.54017
20.0194
21.9613
3.35138
7.97333
4.62171
2.04364
3.00522
3.08717
2.72451
2.63133
5.20885
13.5978
4.13021
21.6545
15.7574
11.0788
4.41078
31.0285
20.0688
10.376
3.94763
15.9527
7.8932
21.4105
8.73888
22.6933
47.0942
26.4488
6.17632
10.3559
55.6575
21.1466
15.379
2.67528
3.42001
5.61769
6.7046
9.56524
5.8892
39.3352
14.268
14.182
23.7081
19.6316
31.5663
36.0148
7.11857
3.56482
5.38983
2.09083
11.7956
2.64553
3.70331
7.57237
6.81057
3.8537
1.91975
3.6735
2.50185
13.5465
12.8232
18.0368
17.3957
3.14009
5.74894
6.1406
28.7193
13.676
5.93062
33.0154
7.30243
22.1394
3.93071
20.9825
20.7218
5.53368
4.88208
5.06188
8.74269
12.7005
11.6736
24.3921
28.7202
30.4114
8.34511
12.3773
61.1412
16.1828
47.2301
56.8956
9.11721
47.1539
26.2035
99.1982
23.8318
32.4003
13.1297
8.80716
9.59666
21.6642
15.5626
22.4074
23.4063
2.77996
3.22899
4.42056
10.0986
4.52928
9.95324
14.7505
4.26857
11.2875
42.3026
4.42209
40.3235
14.6957
9.91619
1.96001
3.05962
4.6116
2.87792
10.2926
4.33696
15.8829
42.0697
11.6562
4.67724
4.90338
39.3443
14.9653
15.1678
3.94131
12.1013
44.5499
47.0714
4.09248
14.4684
10.4771
1.64743
2.92556
4.22842
3.76844
2.51976
11.4395
17.0043
49.3134
13.6955
8.7161
49.5929
5.41654
20.6995
12.5962
3.69679
3.41315
6.96434
4.21693
12.5041
10.5265
30.2048
9.1178
3.94362
3.44279
8.2495
16.2332
13.7893
15.6975
5.94004
32.3019
4.93982
3.64845
17.5506
14.4848
4.61789
1.80623
2.67694
1.64954
2.09289
2.83649
3.49634
9.91012
4.39805
2.79095
1.80052
2.60695
8.35992
3.95054
10.65
4.37152
30.9715
4.77039
2.89518
15.2935
14.9392
4.43679
1.57157
1.56065
2.39689
1.82781
2.91176
2.83559
8.20457
4.04097
2.81256
1.67036
2.23767
13.6854
3.17559
2.47781
1.71822
5.14048
4.80769
7.62417
2.1013
1.99629
3.23473
15.3217
4.07159
10.4306
4.53187
9.81488
2.82994
2.04734
3.14545
1.54001
1.5189
1.43016
2.698
2.58819
3.0572
15.9896
6.28361
3.23647
8.95431
4.58053
2.42614
3.89502
12.2538
9.88046
2.24724
12.9725
3.9191
2.63222
2.91356
2.12248
3.65332
1.53329
1.65239
6.14082
2.66615
3.86505
9.17145
33.7924
3.58309
14.3224
6.36776
2.93562
3.29981
11.472
7.06428
2.34722
16.1759
3.60825
2.2608
3.5428
8.11817
36.7332
13.2203
7.80265
12.2124
3.56756
1.8994
1.60566
2.70374
1.48074
1.43575
2.61661
2.08737
2.4087
3.81211
8.23468
1.79884
6.86221
1.87114
2.37065
2.32244
9.99615
6.64396
2.52196
6.58035
3.08373
2.09853
3.55485
7.86549
44.7488
12.7028
13.2563
8.87606
3.38627
1.80665
1.40538
2.67953
1.44796
1.34028
2.3956
2.43517
2.22858
5.53035
7.68572
1.7644
7.22379
2.21963
1.93141
4.00596
10.3773
7.27742
2.62399
12.5088
3.39361
2.61979
2.98337
1.94777
2.92934
1.57241
1.62157
3.86635
2.9691
5.26448
9.60276
24.0812
3.8471
17.5075
2.99496
6.59932
10.8058
4.50441
31.0003
5.31104
2.93654
15.4846
15.0576
3.94925
1.4945
1.96667
1.43285
1.70516
2.56717
2.43497
8.30772
4.11905
2.95
1.53682
2.22854
14.0719
2.71459
29.9739
9.98662
3.7294
4.04158
9.63713
15.3884
16.6299
1.98979
1.49149
4.31113
4.64448
1.67796
6.52722
1.73252
2.53893
15.4114
2.57562
5.69064
1.97382
3.92674
8.28302
1.80223
3.0873
1.43087
1.48786
1.35844
2.33908
2.46079
2.77266
14.9153
9.97633
3.89726
9.47984
4.12362
2.44014
14.9252
5.83393
32.4898
4.97372
3.44571
14.4054
17.1426
4.03111
1.67291
1.56272
2.44192
1.99681
2.47474
3.10021
9.55648
4.94812
2.80926
1.79025
2.60199
8.9301
4.05555
42.5258
5.27269
12.6911
14.9875
30.2508
17.0438
17.5558
12.4307
1.94681
7.49593
5.39924
18.5964
3.91943
4.02847
25.7746
4.67667
23.3477
35.3541
48.791
9.64939
14.4517
27.0235
4.99574
28.8395
35.5571
48.9707
14.0376
13.7156
28.5982
62.1261
19.0306
23.0359
39.143
57.8593
10.6489
29.6003
63.3363
18.8439
31.9547
39.4976
58.011
13.8786
6.72713
3.46117
5.39679
1.96971
11.5005
2.49441
3.5461
6.26655
5.39986
3.37722
1.8614
3.56647
12.5715
2.36444
12.5863
17.7805
17.2101
2.86776
4.71976
28.6538
5.93447
12.9816
5.55599
32.9514
5.98091
21.745
20.7254
3.60466
20.265
16.1153
10.1135
3.60924
21.49
8.77877
7.72297
22.6076
47.1646
26.5047
5.63476
20.466
55.7319
10.0516
15.5379
2.68155
4.93465
3.19335
9.13718
5.66444
6.42204
69.7239
16.3918
15.4927
19.707
45.5482
26.1215
44.3518
15.8251
13.3618
6.78389
2.60227
23.8239
5.53043
5.84919
24.5436
29.7424
16.0296
5.96396
5.7319
37.1802
16.1475
11.3346
1.87931
2.95541
2.3022
4.0164
3.0519
5.27106
59.5002
12.2558
8.64696
7.58259
27.8216
28.0309
25.0189
7.93672
2.15154
9.89361
8.51569
3.35918
25.3796
3.14662
23.342
6.66051
20.5279
59.0029
9.45764
46.115
21.7882
23.5123
5.42452
23.8808
61.1075
47.7626
10.8946
21.9351
22.5019
127.152
22.8222
27.7123
7.88146
61.1255
44.5425
23.035
130.424
25.3358
26.0097
61.996
45.438
8.44431
13.3899
8.27697
16.3279
3.95903
25.2262
4.84311
8.69966
12.2972
12.5501
6.40247
3.28855
6.12333
22.3092
4.61005
21.6988
30.756
31.7308
7.28579
12.6262
39.2171
14.056
23.1238
15.9186
48.5867
13.9675
36.2825
34.036
6.98684
24.7617
15.7251
21.5643
4.57702
35.8261
8.24757
13.5323
34.0138
42.5651
31.4189
10.5629
27.4853
55.5331
17.9855
19.75
3.6584
4.74767
6.7037
15.2936
9.19276
10.4834
93.5422
23.0647
23.377
24.9118
35.148
61.6271
55.3366
11.2068
6.82649
9.70658
2.46066
26.9934
3.31871
5.19237
10.7143
12.315
5.12257
2.56454
5.45985
21.5901
3.10409
21.444
39.782
38.0478
5.16549
11.3329
10.17
52.2845
20.9757
11.7635
55.4309
11.4499
40.5783
40.1866
4.93147
24.8621
8.60391
19.0131
3.41182
32.3336
7.72949
9.75411
25.3013
39.9865
23.3446
7.49076
43.4229
6.97319
23.209
13.6488
2.37398
3.20638
4.39425
3.74865
6.15624
10.6213
40.5824
28.7811
19.4276
16.7594
24.2264
35.14
33.4369
30.7375
30.4145
46.9233
26.1164
25.2183
32.0865
39.269
28.3337
21.3599
16.9573
22.8773
21.5229
25.6015
24.0902
28.5787
26.5752
17.8912
14.0321
19.0801
32.877
25.2494
28.1193
18.6827
41.625
15.7754
12.4448
34.8582
33.7676
15.2421
4.47407
4.2835
9.0224
5.22092
11.1634
12.041
21.9706
22.6762
10.8539
5.77601
8.05396
27.5297
16.5245
23.3241
20.4472
24.0097
26.2852
26.9677
21.4704
20.6645
15.6302
19.8989
10.9396
6.01989
9.07183
20.0051
13.9448
25.5893
27.7198
23.2502
25.1146
28.2281
27.4931
22.2073
23.0798
33.2499
19.9196
30.657
24.0283
33.4874
19.6014
56.2102
33.6616
58.2963
26.2033
33.686
37.6606
43.9538
38.6728
25.7815
24.3141
21.6751
25.4719
45.0336
33.758
32.1568
12.6724
57.0534
12.5072
10.3255
33.726
32.462
21.4365
20.9098
9.69573
9.00286
8.46412
24.0089
18.4403
30.7028
21.1247
31.7159
34.5921
50.9502
23.5068
24.6175
31.2567
40.2609
30.2341
48.1385
32.3116
40.9031
28.9094
28.4737
39.0817
24.111
51.4043
25.038
39.8749
28.671
24.8619
28.7343
23.011
19.4643
24.709
22.5461
21.0675
18.8558
17.957
23.7252
15.0734
15.9269
21.0473
20.1225
22.3327
24.5286
41.3438
24.7936
27.0227
28.3179
20.621
18.9462
25.1972
17.6068
21.1443
20.1477
23.597
16.7957
18.2654
16.7372
22.9705
14.7826
14.5325
21.1078
19.5154
21.087
23.429
28.7551
25.3183
23.6582
25.6095
20.9114
18.3039
20.4561
22.5904
16.1672
22.8454
16.2557
18.1778
30.0726
29.7475
19.9336
32.8659
21.9393
58.3152
20.479
26.822
41.4421
78.2016
36.3284
26.1472
42.273
37.6208
23.8704
24.5446
41.6571
16.1899
23.2876
43.3088
16.577
18.946
25.199
21.144
17.6087
23.5964
20.1498
16.7955
21.0852
23.4302
28.7511
25.3318
25.6066
23.6563
20.9128
18.2648
16.7366
22.9725
14.7831
14.532
21.1071
19.5175
18.302
20.4538
22.5991
16.1674
22.8429
18.1784
16.254
24.8743
28.7396
19.4741
23.0156
22.5564
24.7118
21.0798
18.8639
17.9663
23.7356
15.0775
15.9339
21.0544
20.1324
22.3337
24.5316
41.3507
24.7999
27.0254
20.6222
28.3256
28.0632
35.0935
22.4956
51.5053
24.7622
42.9087
24.703
24.1169
31.3092
55.6287
28.0966
33.5934
33.779
21.9906
30.6893
30.2889
46.865
26.0841
25.1268
32.055
39.2031
28.2956
21.322
22.8533
16.9338
21.4836
24.0731
25.5611
28.5177
26.5556
17.9204
14.0165
19.0442
32.8201
25.1979
40.5742
28.7911
19.4706
16.7588
24.2271
35.1352
33.439
23.2938
20.4276
24.0041
26.2724
21.4536
26.9621
20.6368
25.5604
27.7239
23.2422
25.1096
22.195
28.2053
27.4936
15.6125
19.9071
10.9444
6.01957
9.08012
19.9835
13.9291
23.0545
33.2316
30.6242
19.9276
33.4585
24.0273
19.5889
28.1049
18.6352
15.7393
41.6172
12.414
33.7598
34.845
15.228
4.47322
4.28626
9.01779
5.2221
11.1617
12.0227
21.9658
22.6968
10.8471
5.78022
8.04471
27.5279
16.5366
55.8061
31.2807
24.288
15.9803
26.7984
56.4248
44.5139
30.7107
21.1171
31.7097
34.5976
24.6232
23.4976
50.9598
31.2648
40.2648
30.2283
48.1355
32.3177
28.8999
40.9128
28.4865
39.0786
51.4452
24.1348
28.6966
39.8906
25.0593
32.2224
12.7583
12.6543
57.0703
10.4196
33.7714
32.4982
21.502
20.99
9.81351
9.08768
8.55707
24.0876
18.5215
52.9635
18.5194
28.0966
22.1663
39.4611
32.9988
42.6099
24.8501
21.586
15.8058
4.58074
35.8326
13.6117
8.34599
34.0601
42.5867
31.4642
10.6616
18.0495
55.5352
27.5672
19.8103
3.67664
6.76865
4.77476
10.5751
9.26919
15.3681
10.9978
6.79746
2.44913
9.56736
3.29718
26.7577
5.13929
10.5768
12.2043
5.0989
2.56944
5.44849
3.08178
21.4232
21.3122
39.7607
5.16587
37.9842
11.2808
52.2575
10.0521
20.7309
11.5969
11.2464
55.3369
4.88956
40.4603
40.0619
93.5478
22.9409
24.613
23.3127
61.5554
35.0821
55.2173
24.6688
18.8175
8.5177
3.37175
32.1746
9.59035
7.68644
25.1402
39.9304
23.2055
7.36421
6.89929
43.3605
23.0327
13.4043
2.34862
4.33384
3.15808
6.0685
3.69919
10.4213
42.6201
5.33367
15.1022
12.8844
17.1769
17.7659
30.3454
12.5169
1.95618
5.45647
7.65281
4.05731
18.7754
3.94717
27.1472
5.01223
28.9148
35.608
14.1202
49.004
13.7516
25.7867
4.66678
23.323
35.3399
48.7949
9.6191
14.4219
29.8622
63.2909
19.0034
32.063
14.0304
39.5574
58.0354
28.6075
62.1289
19.1203
23.0401
39.1749
57.8681
10.691
39.3124
14.0413
14.2901
23.7357
19.486
35.8381
31.5324
6.48559
3.41079
2.02562
5.16214
2.48176
11.4303
3.54866
6.26182
5.38305
3.34087
1.84971
3.55616
12.5765
2.33425
12.4752
17.8474
2.89115
17.275
4.82247
5.49329
28.6762
12.8139
5.53288
5.92912
32.888
20.6922
3.57298
21.6597
20.3972
10.3126
15.9606
4.07416
21.2931
7.99394
9.10654
22.5778
47.1588
26.454
5.63994
55.7204
10.0776
20.4501
15.5098
2.79941
3.20981
4.947
6.55266
5.67102
9.09723
8.62698
9.25528
2.09992
7.36768
3.25865
20.241
3.66491
7.24769
7.13436
5.61244
1.97098
3.51394
2.83787
13.8673
12.3008
20.5419
2.81729
22.0283
4.78348
31.4722
4.89789
15.0352
12.2632
11.6784
47.7703
5.96536
24.507
27.5972
69.8154
16.3157
19.5276
15.3971
26.0848
45.6069
44.3152
15.9568
6.66502
13.1431
2.51393
23.843
5.6496
5.64321
24.718
29.9506
16.3222
6.18689
5.70806
37.4551
16.3615
11.2971
1.84444
2.29206
2.96294
2.99202
4.0409
5.26082
8.41525
2.12641
8.95981
9.96892
25.6392
3.28613
3.38644
23.7472
5.46034
23.8459
61.1708
22.1556
11.0687
47.8238
23.3762
6.97399
20.6892
59.1605
22.0924
9.79603
46.2243
23.2664
130.385
25.5709
26.0926
62.0523
8.83743
45.4418
22.6227
127.195
22.8805
27.9452
61.1893
8.18344
44.6563
16.078
5.9185
32.2473
5.16039
3.71665
14.6466
17.5649
10.7146
4.56627
2.89882
1.83674
2.69759
8.94241
4.24456
10.4403
4.3994
4.71981
31.0653
2.86913
14.9224
15.293
7.81124
4.16349
2.77293
1.73063
2.20981
13.5503
3.16537
2.48546
1.71876
5.06555
4.7699
7.58167
2.07231
2.01417
3.17225
15.3245
4.07307
10.3392
4.40616
9.84179
2.79329
3.09841
15.9845
3.31905
6.25513
4.58789
8.94266
2.48357
3.22457
11.4363
2.32639
7.07665
3.57229
16.1048
2.23329
3.46675
8.25294
36.8062
13.2486
3.51607
7.7875
12.1844
2.37229
3.80339
8.28132
1.79014
2.3459
6.85342
1.85428
3.68487
10.2304
2.55517
7.31776
3.25104
12.3183
2.5483
5.05456
9.62197
24.2425
3.80758
6.82961
17.4686
2.94977
29.9022
10.0115
3.71708
4.06362
9.63195
15.3354
16.7776
1.97059
1.48665
4.30019
4.59675
1.71197
1.67155
6.47528
2.55094
15.4735
2.66553
5.70304
3.96637
2.00612
8.31117
2.70009
14.833
3.6479
9.70877
2.37543
4.00395
9.38662
14.9688
5.68131
4.98508
32.3862
3.40955
14.3769
17.1133
9.83651
4.99596
2.83143
1.74937
2.56612
9.10629
4.36636
10.4585
2.39867
5.88391
3.10148
10.5673
8.97658
3.36871
11.2136
1.73571
4.14092
3.11114
11.3343
3.82527
2.8473
15.6993
4.32828
13.6751
44.5655
46.7904
4.59858
14.9716
17.1741
48.8247
9.12948
14.6749
20.9143
49.2171
6.46026
3.59698
6.576
9.00647
2.31443
11.8457
2.41599
3.05866
2.51638
1.57898
2.49581
1.44041
1.43786
3.2719
2.42051
4.58828
9.03335
24.6823
3.90792
17.6148
6.68904
2.84464
2.43773
8.65206
2.30028
5.48933
2.96172
6.20393
2.02821
1.86675
1.40942
2.51196
1.41534
1.33907
2.38684
2.3996
3.48018
6.8927
44.3943
11.7978
8.1436
12.413
3.17527
2.26959
4.81888
6.54752
1.80852
6.46586
1.9285
2.19373
6.9378
1.88778
5.88086
1.79558
4.97772
1.99182
4.37605
5.21617
6.41725
2.19432
1.9603
4.98669
6.64654
1.99315
5.63602
1.97408
7.30228
2.17801
5.93433
7.09566
1.98117
4.88617
1.6999
1.85671
2.66857
4.76959
1.91409
3.11907
4.62269
4.76522
1.77316
1.66656
4.63928
3.77742
1.72383
4.8878
6.06968
1.99295
1.77081
4.75719
6.20167
1.78869
5.14909
1.91956
7.22399
2.05586
5.80471
6.5107
1.82723
5.17654
1.60633
2.86085
1.73213
5.00483
3.19945
1.74861
2.6111
4.16899
1.66866
1.63423
3.07006
3.0415
1.58959
2.2961
2.05342
1.4857
1.5296
1.5405
2.07827
2.25963
2.36974
1.61153
2.28305
1.49287
2.60092
1.55362
2.13284
2.46581
1.58913
2.52013
1.55225
2.67294
1.56733
2.39673
6.88667
2.20355
5.01954
2.30433
5.77592
2.49364
5.95063
8.27753
2.49125
8.86378
3.93884
6.99988
15.032
2.82731
8.1789
2.48457
3.15006
9.90673
11.2182
2.70252
7.19004
1.9057
3.21314
1.40494
1.4356
2.14997
2.20704
1.35921
1.80235
1.84952
1.39621
1.35267
1.78445
1.86656
1.35539
1.85005
1.38298
2.02114
1.40077
1.97362
1.91085
1.36048
1.82064
1.38278
1.92619
1.3328
1.79361
1.97917
1.33807
6.90966
5.75499
2.17556
1.71696
5.57234
3.63498
2.16579
5.27323
6.69716
2.27719
2.07687
2.09472
6.8273
5.19686
5.71153
2.27535
7.706
2.38362
6.21186
2.18892
7.23902
4.72433
1.55744
2.42892
1.91532
2.51892
1.92276
4.90302
3.43983
7.47885
10.9945
1.89605
11.7864
2.21901
3.16046
2.69113
2.02794
3.18638
1.45455
1.60787
2.24125
5.44199
3.63487
8.31366
33.1565
3.2875
6.05144
13.4848
2.6164
2.52302
9.64961
1.80145
4.7072
2.63505
12.9739
1.72435
1.64005
1.42759
2.34629
1.34871
1.31842
1.7437
2.287
3.08201
8.06142
35.9825
12.0314
11.0675
6.99051
3.26481
1.95362
3.05091
6.18674
1.56019
5.85923
1.53826
1.99292
21.3493
2.5462
3.92718
2.75063
3.94331
9.39168
8.41441
8.82869
1.6559
3.96982
2.50397
3.80997
8.70622
2.43464
14.7581
4.14903
10.8687
42.3992
40.5511
4.09671
15.0178
15.539
42.3933
3.99726
11.0589
14.2094
39.6249
4.31714
18.7053
60.3211
26.0429
30.8698
35.9488
37.5763
13.9633
9.96214
3.67432
28.4917
8.51462
12.2621
25.3932
3.11915
13.6978
4.80898
28.3004
15.4169
13.3244
28.0646
5.24139
7.54636
16.0786
5.75949
2.5728
21.1047
7.13153
2.74635
8.61293
15.8146
9.30873
2.4459
20.3742
5.84863
3.34125
50.5261
24.9862
11.1092
23.7264
24.2643
24.6062
49.5517
49.5191
24.0951
30.8899
11.1407
41.5087
23.2853
22.8342
53.3926
29.0874
14.0114
26.8811
28.0187
29.898
51.57
55.8504
31.0842
34.4891
14.506
57.3958
29.3912
31.1836
5.88046
20.3937
9.11032
2.4837
4.82813
21.3581
3.01778
4.37021
10.2842
4.54471
1.79694
3.98564
12.6034
2.05976
6.80075
3.76948
16.9844
11.1692
5.92803
20.7786
4.16445
4.34289
2.08575
16.7404
4.18852
4.82081
13.4203
2.04854
14.4934
35.93
4.74934
12.7679
3.98883
14.9917
30.9411
11.0313
28.2617
4.1276
5.31999
23.7186
14.7506
2.87594
3.9824
1.34565
2.04236
1.91443
1.83222
4.44092
1.70099
11.6877
2.61929
12.5433
20.0187
3.52438
29.5064
5.20541
5.31898
2.0053
4.95178
17.1717
16.5627
2.08484
4.7254
4.59841
19.7843
6.32668
2.26469
19.7593
2.19619
4.65101
3.62551
9.60724
2.5028
1.72905
1.64569
6.43673
3.8612
3.94885
2.70618
32.2195
4.83682
14.0707
5.3964
2.00144
4.39513
1.93975
16.0521
3.58407
4.79691
1.80817
13.6624
19.3279
146.046
32.5594
25.8791
39.0378
59.3613
6.9847
10.3825
2.85821
20.2696
7.98617
19.9559
6.92791
3.07909
10.498
2.79193
21.8005
10.0669
3.21971
7.10319
23.4576
7.44496
14.2371
7.90595
2.15715
17.4713
2.64981
3.8661
6.09031
9.48364
5.26621
1.77282
2.18907
21.4342
3.28158
49.4121
25.5487
5.7191
23.4491
48.9003
21.5241
23.4859
53.9521
31.2734
32.027
6.37476
106.577
35.6325
21.1601
50.2353
28.4792
11.6828
25.8484
25.5358
28.3293
50.4257
51.6501
27.2103
49.3583
10.4973
97.2302
25.521
29.4425
26.8193
7.31207
9.20044
17.1124
24.2729
13.2404
19.8058
20.4508
4.78974
7.65907
15.139
22.1402
7.13276
13.6964
27.5704
12.5235
20.979
34.6774
36.1986
12.8966
26.5323
29.0814
43.9642
13.6427
21.5805
31.1824
39.0342
13.1472
6.14439
15.8659
4.82913
2.38864
6.59876
15.8779
2.33946
8.82886
22.1489
13.365
4.34926
9.24077
23.8579
4.37414
5.56545
2.50934
18.0255
4.63071
6.80232
15.6208
2.31491
8.67451
5.59769
31.2938
15.0716
13.5572
27.002
4.31621
13.5209
47.345
4.75858
10.4725
3.97103
22.554
25.1537
23.9951
44.0382
11.9997
25.4605
42.4898
24.3418
9.64044
5.60877
1.65954
2.46575
3.40772
2.1982
7.28623
2.90044
11.5557
2.96479
8.35898
22.4264
3.45879
23.2573
9.68805
15.4221
5.94395
25.272
28.5586
51.9203
6.60837
13.347
5.24356
15.5649
4.27121
2.39401
14.5015
2.18301
6.90745
8.46883
21.6206
13.1339
4.60486
4.56928
21.5336
10.5953
5.34345
2.33305
23.2027
3.83619
14.1131
6.62514
2.12622
9.97083
5.50871
27.0318
11.8872
12.8402
4.18777
23.0018
27.7936
6.47408
7.7331
13.2248
17.961
10.879
25.9397
18.3571
4.7903
6.47187
12.4921
6.51924
18.4336
12.3439
25.7064
11.9262
19.9875
33.9792
12.1557
33.9484
25.86
26.1387
39.8468
10.9674
18.8996
10.4773
27.1727
34.9172
16.3107
25.6913
27.4878
10.5386
29.635
12.5065
13.8861
9.12975
4.8337
11.1365
3.32516
3.70433
13.4886
7.20245
18.2296
28.1733
33.0648
18.0517
31.5211
21.6119
14.6518
11.009
25.6635
9.37398
20.062
12.0756
23.8375
8.41592
5.89083
3.46
9.59903
3.09905
3.03405
8.52363
6.24633
14.9084
19.7429
34.3534
27.4814
20.6163
28.2171
14.1313
10.3231
18.7311
21.9261
7.73842
22.6187
7.9016
9.92098
10.1559
23.7011
10.0267
21.6728
10.2204
25.1088
9.0834
13.0143
18.5653
33.6391
26.8879
13.2753
18.3546
26.6761
9.53609
17.7725
21.5116
8.09181
9.78177
21.0598
7.98434
20.4135
14.0368
17.5315
13.3994
18.4255
14.4479
18.8856
20.3302
21.235
16.2797
14.9121
19.8588
21.8091
15.0014
22.1378
14.9958
20.219
17.0519
19.2981
24.0296
15.6644
18.8784
12.8725
13.7859
17.2353
18.4781
13.8592
17.5705
17.8265
14.5263
18.467
12.8171
18.5344
13.7547
17.4561
19.152
20.3117
17.1795
14.2741
18.5913
20.8552
14.7603
19.8625
15.9126
22.2761
17.8077
20.7564
21.4953
15.284
17.2696
12.2046
12.6587
16.1737
16.8677
13.1534
16.7059
16.6521
16.6853
12.5094
11.7658
17.6264
15.9785
11.7951
15.1567
14.5836
10.8555
10.4419
10.8702
15.0134
14.7063
15.7492
12.0498
16.2786
11.3719
16.5346
11.3981
15.5632
15.9346
11.2431
15.0881
10.7589
15.459
11.2218
15.3967
26.0904
16.5283
15.1644
30.4411
15.9115
28.7566
26.1081
27.0404
17.4379
18.8437
30.0424
16.8645
31.7821
28.3418
21.8534
14.1249
16.4288
21.824
14.6552
24.6056
20.5947
43.3057
17.365
36.5199
13.4254
32.0161
17.5737
22.3416
29.4113
27.8488
18.2034
17.1768
28.5758
17.2797
28.6346
37.1625
18.5198
30.2254
20.9211
34.5706
30.3126
19.771
32.6254
12.7587
15.5701
15.3846
15.6196
15.8771
31.7378
28.8326
14.2881
34.3548
11.8679
26.7978
13.2499
20.1353
17.8195
19.7129
15.5694
13.75
19.3241
13.508
18.0641
18.5823
13.756
20.1256
15.3883
19.4402
19.6084
13.5083
17.5469
11.4175
12.3061
15.8233
12.2231
15.9751
16.7603
13.7649
20.3633
12.4564
12.6056
15.4585
14.4895
12.5522
20.0093
15.4114
19.6335
15.4114
20.9057
16.4757
19.2418
20.759
16.5463
23.9401
19.2668
22.3308
21.578
17.7116
23.1183
16.5831
20.7829
23.1709
24.1904
17.3156
21.8469
16.6533
12.5097
16.6889
11.7662
17.6299
11.7944
15.9794
15.1539
14.5785
10.8522
10.4385
14.7034
15.008
10.8671
15.7469
12.047
16.2726
11.3685
16.5326
15.5576
11.3951
15.9352
11.2431
10.7572
15.0896
15.3971
11.2206
15.4605
17.8278
18.4717
14.5321
12.8218
18.5354
17.4597
13.76
19.1507
20.3119
17.1764
14.2734
14.7593
20.8548
18.5897
19.8613
15.9103
22.275
17.8041
20.7553
15.2823
21.4944
17.2704
12.2089
16.1773
12.6626
16.7098
13.158
16.868
43.548
17.1349
12.4618
37.1516
16.9781
32.4998
22.9783
29.9706
28.1447
17.9497
16.715
16.8469
28.9877
29.0405
37.3135
18.4398
20.6481
30.4907
19.3809
34.665
30.676
33.4333
11.2577
14.7692
16.5873
14.8335
32.3294
17.3712
26.1151
16.6265
30.5646
15.2338
28.8641
15.9859
26.1355
27.0624
17.5485
30.1058
18.9205
31.794
28.4321
16.9405
21.8518
14.1234
16.4298
21.8154
14.6551
20.5914
24.5971
15.2437
10.9868
21.3745
10.8645
16.5153
10.5119
15.9724
14.2707
14.2964
10.1052
10.2249
14.1484
10.0755
14.4029
14.371
10.448
14.6601
10.1556
14.1671
15.0379
10.1145
14.9471
10.5973
10.5268
14.8858
10.4022
15.0083
15.0574
28.8718
34.4962
14.3456
11.7368
26.8302
20.2321
13.2811
17.8113
19.7041
15.5629
13.7432
13.5019
19.3149
18.056
18.5763
13.7536
20.1168
15.3838
19.6041
13.5043
19.4313
17.5439
11.252
15.853
12.2902
16.0421
12.2138
16.7501
16.302
25.6923
10.5329
27.4855
12.5018
29.6349
13.8768
9.13133
4.83822
3.32442
11.1468
3.70318
7.20888
13.4886
18.2203
28.1746
18.0507
33.0641
21.6045
14.6483
31.5212
11.0067
9.36931
25.6582
20.0569
12.0693
8.41281
23.8293
5.89206
3.46461
3.09852
9.61725
3.03382
6.2465
8.54223
14.906
19.7378
34.348
27.4696
28.2059
20.6076
14.1333
10.3245
18.724
7.73852
21.9167
7.90055
22.6093
9.92406
12.955
34.4429
10.5225
30.3584
13.5515
31.194
11.2561
13.7995
29.3419
16.795
61.3331
14.7597
21.0927
31.9263
10.2031
10.0624
23.7317
21.6853
10.2768
9.11083
25.1338
13.0911
18.635
33.6015
26.8766
26.672
18.4263
13.3464
9.57706
17.7654
8.08619
21.5034
7.99023
21.0664
9.81209
26.7992
7.34203
17.1108
9.22981
13.2524
19.7921
24.263
20.4537
4.7968
15.1463
7.67582
13.7087
22.139
7.15406
27.5706
12.5438
21.0008
34.6756
36.1961
12.9183
26.5341
29.0815
43.9684
13.6721
21.6052
31.183
39.0333
13.1709
20.6398
53.3182
15.5045
28.7658
10.0293
27.4084
42.4233
17.301
36.5316
7.39193
16.3197
31.6648
19.984
7.37409
6.87051
1.90221
4.34494
3.36639
3.4188
8.96773
2.99518
17.4427
7.4032
22.6224
33.9664
7.97667
37.5665
16.0076
15.7031
3.55612
12.6848
24.3038
28.8603
4.73234
12.5594
8.85249
22.1732
13.4002
4.35549
23.8906
4.38219
9.25831
6.14938
15.8667
4.82817
2.38832
2.3406
15.8811
6.59667
8.70576
5.62456
31.3295
15.114
27.042
13.5909
4.32613
5.57139
2.51244
18.058
4.6302
6.82212
2.31631
15.6327
23.8198
43.9881
11.815
25.3435
24.179
9.45709
42.425
13.2147
47.273
4.66059
10.1885
22.2834
3.8552
25.0052
5.5083
1.65175
3.36117
2.42659
7.11593
2.86852
2.16221
15.1967
5.8565
25.1649
28.4594
6.52701
13.1611
51.8729
11.2288
2.85685
8.005
22.2053
3.33823
9.39031
23.1047
8.26166
21.4686
13.0298
4.55708
4.51584
21.4206
10.4048
5.07755
15.2483
4.0488
2.27783
2.09624
14.1286
6.54757
9.83399
5.47823
26.9553
11.7953
12.6648
4.14791
22.8976
5.21293
2.25011
22.8678
3.67482
6.45964
2.05401
13.771
18.3942
4.82956
12.5635
6.4978
18.4698
12.4137
6.54832
25.7133
11.9408
19.9423
33.9772
25.8728
12.1595
33.9471
26.1421
39.8473
10.9773
18.832
27.1688
10.4887
34.9165
18.678
60.3053
31.2506
25.4432
37.5818
35.9282
13.8258
13.6947
4.81674
28.3373
15.4188
28.069
13.3314
5.24103
9.94014
3.67333
28.4683
8.52018
3.12012
12.232
25.3812
8.60365
15.9018
9.30491
2.44842
20.3825
3.34319
5.84016
7.54066
16.0712
5.76153
2.57327
2.74788
21.0889
7.13137
53.4011
29.0976
13.9973
26.8878
51.5782
29.9086
28.0187
55.8589
31.1055
34.5143
14.4956
57.3972
31.1993
29.4007
50.5258
24.9902
11.123
23.7239
24.2632
24.6006
49.5439
49.5301
24.0882
30.8774
11.1442
41.5124
23.2884
22.8164
14.4915
32.8598
5.40003
11.5838
5.36619
18.4367
23.0435
16.4988
49.9107
6.51244
18.7829
44.806
17.1352
4.64844
4.42116
1.80006
2.70982
2.74237
2.49652
4.92792
2.42769
9.561
2.39278
7.04304
19.6697
3.11855
21.671
7.74672
13.4233
4.04452
13.8942
21.5946
31.0341
4.09719
11.0842
4.38962
10.3355
4.57079
1.80041
12.6168
2.06312
4.01348
6.06415
20.5645
9.18429
2.51809
3.05548
21.3929
4.92026
4.3583
2.08477
16.7592
4.19835
13.4411
4.82763
2.04902
6.94526
3.85699
17.0499
11.2077
6.05582
4.22822
20.8366
11.6323
28.41
4.55211
5.48713
15.0249
3.05501
24.4157
14.5955
36.0619
4.68513
12.7747
15.0224
3.96304
31.0133
4.45905
1.36525
1.9712
2.02897
4.50854
1.78975
1.87351
5.49649
2.16612
5.1387
17.4661
2.243
4.86887
16.9423
12.0587
2.6372
12.7
20.208
3.5451
5.31973
29.5348
3.85222
9.84588
2.74988
1.89174
1.8012
6.77151
4.04408
5.0077
19.8301
6.49087
2.30783
2.2596
19.8808
4.89124
4.64925
2.15487
16.3508
3.91359
5.02583
2.04197
14.055
4.11291
2.75187
32.5159
4.8483
5.92203
2.04358
14.4105
50.2321
28.3661
11.3032
25.8062
28.2023
25.4605
50.4259
51.6443
27.1101
49.2862
10.1352
29.265
97.2931
25.4173
49.5222
25.8004
5.9853
23.7742
21.8285
23.8948
48.9872
54.0749
31.6351
32.1274
6.66141
36.078
106.606
21.4134
10.7847
2.49221
3.15472
6.0721
9.25207
3.46245
10.9273
11.3001
1.74251
3.10259
4.17462
2.88072
11.396
3.92354
15.8465
4.38367
13.8242
44.5953
4.65198
46.7932
15.1502
17.1903
48.8285
9.0997
14.7781
6.51023
20.8139
49.2113
2.38468
2.29722
8.634
5.60308
2.94169
2.02977
6.17827
3.43719
7.24662
44.3198
11.9792
3.19484
8.34035
12.4766
2.21446
5.04962
1.80526
6.66951
2.17215
1.93718
6.49883
6.41668
1.90538
1.87839
4.66039
1.97613
5.56966
5.44746
7.58972
2.03553
2.56654
9.06941
2.14202
9.93895
6.82972
7.62216
2.04218
2.83839
8.3558
2.17537
11.9373
6.59858
6.98319
1.90404
1.8052
5.99013
2.00028
5.01447
4.38693
5.22145
6.45005
2.1821
1.95806
6.65733
1.98566
5.00488
5.64052
1.97614
2.1658
7.29312
7.08874
1.97901
5.94537
4.88039
1.68507
1.8532
2.71628
1.90865
3.14331
4.77273
4.73948
1.81034
4.90634
1.71519
4.72659
1.76698
3.9382
4.96626
6.10771
2.00421
1.79717
6.24041
1.81785
4.82697
5.21285
1.94519
7.26302
2.06883
6.54711
5.85913
1.85491
5.33711
1.64172
1.77933
2.9867
1.80037
3.38011
5.15935
2.65279
1.66986
4.25812
1.66175
3.09116
1.57542
3.1529
4.39931
1.87303
1.53782
4.50701
1.71921
4.70619
3.10558
4.89587
6.17471
2.05481
1.84341
1.82258
6.31185
4.78114
5.17157
2.12342
2.19984
7.52792
1.90628
6.66633
5.98691
4.82989
1.45393
1.73284
2.34286
1.70071
4.72435
2.41299
6.92234
2.22731
2.33997
5.05657
2.52616
5.79875
5.99826
8.30392
2.51373
3.98435
8.88128
15.084
2.85991
7.01922
8.21517
2.51163
3.17783
10.0022
2.73214
7.22794
11.3204
1.89741
1.40679
3.23928
1.44571
2.14792
1.35866
2.21951
1.77137
1.84293
1.35842
1.33702
1.84775
1.33617
1.76176
1.81901
1.36946
1.99962
1.37148
1.88647
1.94951
1.34328
1.81163
1.39038
1.33202
1.932
1.3364
1.9875
1.78735
6.97013
2.21198
5.82264
1.74993
5.63198
2.19796
3.69378
5.30266
6.7179
2.28146
2.09064
2.1111
6.84883
5.22013
5.74565
2.29606
7.72735
2.38869
6.24407
2.20606
7.25062
4.8017
1.57782
1.9427
2.45441
1.95676
2.55503
4.96058
3.51562
7.59197
1.91745
10.984
2.27023
11.8859
3.18525
3.64469
8.37831
3.2167
33.1606
2.625
5.99827
13.5724
2.44256
1.79267
9.51645
4.67993
2.56762
1.71074
12.6854
2.98386
8.0386
36.0801
11.9704
10.9801
6.75671
3.16179
1.9138
3.04109
1.55234
6.09227
1.52861
5.78875
1.95203
8.97191
1.65305
2.5327
4.0817
8.88682
2.45341
3.88749
14.89
4.17744
11.0446
42.4656
15.2111
4.10633
40.6073
15.6702
42.498
4.03062
11.2213
14.3608
4.33538
39.7085
14.4399
4.19978
42.2435
10.8319
14.6345
40.4024
4.17308
8.33343
1.6398
3.7081
2.56267
8.19883
3.53839
2.47393
15.2815
42.2576
10.8325
4.16815
39.471
13.8558
4.46129
21.0944
2.33853
3.601
2.83242
8.16035
8.41319
4.03799
2.67401
5.38535
10.1096
2.07724
13.3434
1.99455
2.75569
3.0071
6.36829
11.9338
35.7856
11.1626
3.13555
6.0578
1.55543
1.35614
2.10662
1.29625
1.27985
2.03934
1.63328
2.14449
3.6627
6.62977
1.77064
6.28397
2.18502
1.75237
3.62523
11.5743
2.19202
7.89826
3.28145
12.4054
2.53089
2.33294
1.66412
2.6545
1.35645
1.40734
4.03468
2.05493
3.77368
8.75136
34.3657
3.75811
13.9668
2.82676
6.46127
2.59078
1.63513
4.14325
1.69155
2.93261
1.60199
3.13866
2.29237
2.05474
1.52987
1.48427
2.08231
2.25969
1.54028
2.42567
1.5781
2.48475
1.55286
2.54496
2.38659
1.56712
2.39319
1.63487
1.49847
2.34459
2.15634
1.56479
2.67661
6.13872
4.53563
1.82798
1.83372
5.2462
5.22379
1.9271
7.50093
1.98067
8.83385
2.60928
6.56158
10.0089
2.12414
7.34102
1.9822
8.10151
2.78846
12.4015
6.28975
2.12615
4.7503
4.70951
1.77978
1.83592
3.96209
4.66253
1.85454
5.20688
6.4203
2.03719
2.1931
2.02184
5.19279
6.37807
5.41725
1.74068
2.83218
1.95502
3.36367
1.96629
5.39949
5.22499
1.94238
6.96351
2.10287
5.66338
1.93545
6.45749
4.80521
1.65778
4.5177
2.04896
3.29566
1.97465
4.90012
5.29741
6.6456
2.06606
2.27552
6.75065
5.20031
2.08463
5.35659
1.568
2.43919
1.93051
2.64723
5.17885
1.95913
5.53139
2.28793
2.36794
7.69639
7.01028
2.13416
6.2109
6.23887
5.26406
1.53416
1.85644
3.21024
5.02094
1.81664
4.84473
6.35859
1.89914
2.04422
6.36757
4.96476
1.80685
4.09941
1.44225
2.43171
1.7594
2.30877
4.67228
1.64535
5.44398
2.00573
7.32774
2.14063
6.82888
5.88183
1.90168
6.8128
4.78334
2.20873
2.11192
5.77005
5.65395
2.40516
8.17292
2.48463
8.86039
3.54992
7.05556
2.71765
13.8052
8.0364
2.29462
9.12431
2.98383
6.93754
2.58358
10.3911
2.13389
4.76926
8.65039
2.05882
5.88414
1.77134
2.79879
3.51462
8.58305
11.9139
44.3752
3.30645
12.4246
9.5997
1.86855
1.48421
2.75105
1.43295
1.36388
2.32541
2.65868
2.02532
3.91471
6.11704
1.58797
1.99086
6.06724
1.66893
3.60492
9.24124
2.15779
6.52586
3.03816
12.062
2.29469
2.73076
1.79006
2.78002
1.49175
1.54688
2.48724
3.69963
5.08112
9.30198
24.6505
3.77689
17.528
2.83154
7.29534
16.0615
4.26644
44.756
13.771
4.52437
15.341
46.9957
11.6674
1.75088
4.4772
3.03427
2.78742
4.09573
11.8577
17.4266
49.0648
14.8662
9.00015
6.37529
49.4468
21.1643
11.4331
2.68127
6.76405
3.07464
10.2962
11.311
3.48438
49.3703
25.1959
23.0417
5.48153
20.4805
48.8958
23.1068
53.7332
29.989
5.96769
31.6957
33.771
20.4374
106.671
50.2856
28.5789
26.0036
11.7024
28.4376
50.4677
25.6843
51.7095
27.3381
10.4268
49.4627
29.5594
25.6838
97.2802
19.2411
31.9842
25.9161
146.106
6.96193
39.0231
59.4194
9.73143
2.76825
7.26508
19.5749
19.6916
2.93653
6.58509
10.3798
2.90144
10.1076
21.8436
23.4628
3.30028
7.07798
6.76638
13.5094
2.00201
6.95103
3.70996
17.0598
2.46152
5.91902
9.58504
1.78994
5.31127
3.31701
21.268
2.22504
14.3373
35.6403
12.6833
4.86882
14.8864
30.7614
4.11592
10.2459
27.9942
5.0599
3.66776
14.2923
22.2115
2.7254
11.3481
2.70027
19.5499
12.4859
5.18714
29.4082
3.66671
5.19637
1.92561
16.5121
4.72456
4.6004
15.7888
2.02441
3.87943
1.38384
2.1856
1.91991
4.49919
1.98137
1.69316
6.86419
20.8141
2.55711
9.10127
3.07457
5.74566
21.5934
4.52905
10.7857
1.85956
5.43034
12.6358
4.10084
2.1225
7.52671
3.70884
11.0253
16.9647
4.28336
20.8923
6.32051
4.49344
2.17964
4.76602
17.1828
13.6223
2.1753
4.84032
16.5856
49.8509
19.5267
6.93516
44.871
4.58542
17.6438
14.3212
32.7492
11.573
5.45209
5.55979
22.9488
18.2862
13.2678
3.87958
21.7259
14.3777
31.1216
11.0336
3.9974
9.65437
2.53163
20.2481
7.65706
8.21605
3.25018
21.6991
4.38793
1.67338
2.69524
2.52888
2.22647
2.32602
4.80733
53.3725
29.0098
26.7307
13.9151
51.5396
27.8806
29.8505
55.8335
31.0194
14.4477
34.4567
29.288
57.372
31.1712
18.706
26.0162
30.8334
60.3346
13.9567
35.9506
37.6095
10.0351
3.73472
8.65375
28.5565
3.15346
25.4653
12.4627
13.782
4.75327
15.4908
28.3799
28.1171
5.14764
13.369
7.5967
16.1732
2.60711
5.87305
2.78091
7.25207
21.1312
8.53298
15.6721
2.38458
9.28908
5.66963
20.3465
3.27108
25.78
11.9309
34.033
19.9464
25.956
34.0063
12.1313
18.5097
4.58493
6.45885
12.4143
18.5589
6.51011
12.3662
26.191
39.928
18.6944
10.6585
34.987
27.1882
10.1965
27.7891
6.16554
7.46894
12.9887
25.9821
10.7357
17.6799
13.4234
47.319
10.5616
4.81236
22.4809
25.1656
3.97745
23.7424
43.982
25.2329
11.8234
24.1442
42.4074
9.37539
11.1499
2.84651
22.4039
8.20848
9.18839
23.2473
3.37755
15.0466
5.55673
28.4397
25.0436
13.0286
51.8858
6.36163
5.46579
1.60796
2.42578
3.3036
7.1835
2.1543
2.79157
6.54491
15.8549
2.44453
4.79818
2.38989
7.01879
15.8754
9.25117
22.3433
4.44014
13.6941
24.0336
9.6283
4.46925
5.79591
2.59786
4.60816
18.1532
2.35939
15.7725
7.34034
9.22854
6.08019
15.3132
31.233
27.0995
4.47413
13.7722
17.1992
36.4871
16.287
7.06201
31.5725
7.39897
19.8478
20.6128
53.2605
28.6298
15.4293
9.74706
42.39
27.3677
15.7446
3.68519
24.4017
12.9085
28.7614
12.9339
4.8363
17.4886
7.65916
33.8688
22.5361
16.1144
7.90348
37.4975
6.90452
1.91277
3.28384
4.33981
3.00064
3.50955
8.79837
27.4496
12.3932
34.6332
20.8865
36.1677
26.4121
12.7211
20.1523
5.01106
7.44747
15.0841
13.5961
6.92652
21.8644
28.9533
43.9555
21.4888
13.2828
39.0154
12.8671
31.0721
26.7375
7.13894
8.8671
17.1138
12.8181
24.0758
19.704
10.1831
21.4951
23.7038
9.81214
25.0119
8.85719
10.294
13.3749
19.2084
27.0246
33.5952
26.8042
13.6437
18.9269
5.54585
3.42934
7.87712
3.27842
3.22191
7.65691
5.6445
9.55139
17.6887
21.6237
7.89459
21.1744
9.79157
7.83859
13.1237
30.4544
10.2854
34.1109
11.3308
31.2767
13.242
7.31218
4.25283
8.21714
3.44198
3.66433
10.8459
6.13428
13.8611
29.2173
61.4071
16.5355
31.9522
14.5071
20.9338
16.106
27.4381
10.6257
25.6928
13.738
29.6162
12.5968
18.2875
28.1038
32.9613
18.0092
21.4674
31.4978
14.8576
15.2536
10.7907
21.4063
10.9066
16.0027
10.4207
16.5366
14.2679
14.2848
10.1357
9.96379
14.1387
14.4017
9.98642
14.9492
10.5203
14.9125
10.4334
15.0364
15.0577
10.3065
14.3764
10.3867
9.97914
14.6972
14.1815
10.0342
15.0611
26.1499
15.2914
30.5968
16.6348
26.1773
16.0337
28.8959
21.9091
14.2807
21.948
16.6904
20.6559
24.7156
14.8023
27.0868
17.555
18.9428
30.1294
31.8017
16.9777
28.4619
43.6225
37.1992
12.4037
17.0856
23.0193
32.5444
16.945
30.0431
28.2492
16.6635
18.0212
16.909
29.1527
29.052
33.533
11.2315
16.6741
14.6752
17.4167
14.8728
32.47
37.3597
18.4022
30.5326
20.6374
30.719
19.3629
34.7019
17.7649
12.778
14.4496
18.419
13.6782
17.4112
18.475
19.0891
20.2059
14.1171
16.9318
14.6091
18.5288
20.7469
17.2092
12.1652
12.5833
16.1479
13.075
16.8116
16.6694
19.8027
15.7888
17.5786
22.1898
15.1447
21.3964
20.7036
16.6491
11.8113
16.6511
12.5603
15.9555
11.8554
17.609
15.1428
14.6454
10.547
10.9008
14.7716
10.9106
14.9996
15.926
11.2733
15.1402
10.8585
15.4604
15.4276
11.2688
15.7426
12.0904
11.4272
16.259
11.4512
16.513
15.5566
19.957
15.3245
19.5808
15.3456
19.1828
16.3878
20.8538
23.0788
16.4708
23.0935
20.6217
24.1325
21.7992
17.2249
20.7157
16.472
19.176
23.8967
17.6245
22.2816
21.547
20.3885
17.4935
13.4421
14.0486
18.8643
18.3846
14.4804
20.3
21.2047
14.9176
16.2664
15.0043
19.8298
21.7777
18.852
12.9043
17.2157
13.8066
17.5475
13.8777
18.4532
22.1089
14.9925
20.1818
17.0582
19.2576
15.6841
23.9991
28.9078
11.7566
34.5177
14.4098
20.264
13.3538
26.8715
17.8696
19.8082
13.9026
15.8472
19.4353
18.1131
13.6673
17.6033
11.2749
15.8955
12.3695
16.0807
16.8107
12.2899
18.6411
13.9183
15.6698
20.2567
19.5643
13.67
19.6691
43.6233
12.3993
37.2015
17.0839
23.0183
16.9402
32.5452
30.042
28.2277
16.6508
18.0153
29.0515
29.1291
16.9024
33.5309
11.2246
16.6669
14.6641
17.4123
32.4407
14.8656
37.3606
18.4002
20.6336
30.5333
34.7027
19.3586
30.7196
26.147
30.5965
15.2862
16.6322
26.174
28.8958
16.0285
21.9055
14.272
21.9453
16.6807
20.6514
14.7946
24.7143
27.0842
17.5528
30.1294
18.9384
28.4619
16.973
31.7994
16.6439
11.8154
12.5701
16.649
11.8643
15.9445
17.6132
15.1514
14.5905
10.5223
10.9251
10.942
14.706
15.0091
15.9318
11.3018
10.8444
15.0626
11.3
15.3986
15.4297
15.7381
12.1003
11.4316
16.2634
11.4594
15.5535
16.5176
17.7606
12.7742
18.4162
14.4439
17.4061
13.6721
18.4714
19.0836
20.1968
14.1124
16.9231
18.5212
14.6042
20.7372
17.2022
12.1665
16.1307
12.5746
16.8012
16.6591
13.0696
19.798
15.7848
17.5686
22.1809
15.1403
20.6992
21.3871
20.3903
13.4506
17.4893
14.0514
18.8664
14.4879
18.3805
20.3013
21.2105
14.9216
16.2727
19.8353
15.0113
21.7787
18.8542
12.9132
17.2192
13.8115
18.4575
17.5499
13.8859
22.1097
14.9941
17.0635
20.1781
15.6903
19.2534
23.9994
19.9539
19.5786
15.3189
15.3417
19.1796
20.8521
16.3821
23.0747
16.4672
23.0852
20.6129
21.795
17.2211
24.1253
20.7128
16.4679
23.8956
19.1712
22.2801
17.619
21.5447
10.1887
21.4798
9.80682
23.6905
8.85206
24.9886
10.3013
13.3819
19.2059
27.013
33.5864
13.6486
26.7934
18.9258
5.55024
3.43261
3.27993
7.89028
3.22287
5.65037
7.66924
9.55715
17.6789
7.89099
21.6143
9.79549
7.83907
21.1661
13.1377
10.283
30.4539
34.0969
11.3409
13.238
31.2744
7.31882
4.25108
3.44237
8.22132
3.66436
6.13881
10.85
13.8764
29.2127
16.5434
61.4077
14.5068
31.9479
20.948
11.0138
20.103
9.46895
25.5731
8.56434
23.7302
12.0233
14.5
19.1182
27.3198
34.3221
19.8615
13.8114
28.0516
10.3514
18.7766
7.88546
21.8038
8.05519
9.94795
22.5008
16.0586
10.5578
27.4281
25.6962
13.6946
12.5161
29.618
18.2262
28.1286
17.9406
32.9868
14.7573
31.5085
21.4286
25.7829
11.9501
34.0321
19.9602
12.1407
25.9591
34.0064
18.5146
4.58839
12.425
6.46035
6.51166
12.3784
18.5629
26.194
39.9336
18.7
10.6743
10.198
34.988
27.1937
27.7884
6.15966
13.0045
7.47621
17.6843
25.9957
10.7312
7.94493
21.4904
4.49097
12.843
4.43174
10.2253
21.5958
5.08525
15.5748
2.32605
4.24125
14.3315
6.43819
2.13874
9.42516
5.35814
11.5079
26.9677
4.01047
22.8897
12.4656
5.18826
2.24967
3.79462
22.9541
13.9129
2.06784
6.41423
23.7134
43.9817
25.2183
11.8672
42.4112
9.3326
24.1305
13.3931
47.3155
10.5524
4.82671
3.966
25.1646
22.4439
15.0151
5.54001
28.4493
25.0396
51.8964
13.0153
6.33348
11.1167
2.84188
22.414
8.18849
9.17448
3.36627
23.2545
5.45815
1.59791
3.32491
2.4363
2.79189
2.14614
7.30198
9.1306
21.9898
4.40572
13.5749
9.478
4.43843
23.7251
6.32724
15.5899
2.33196
4.6056
6.70348
2.29952
15.6538
9.10881
6.03663
15.227
31.1728
4.44624
13.6505
26.9884
5.66387
2.5409
4.48984
17.9503
2.29526
7.19083
15.5762
20.474
53.2911
28.6143
15.3217
9.71424
42.3811
27.2368
17.0839
36.4111
16.1963
7.00023
7.33714
31.4861
19.6645
17.4011
7.65699
33.8175
22.4651
16.0277
7.93249
37.4642
15.6311
3.63176
24.2616
12.7662
12.75
4.77756
28.6979
6.84832
1.91094
4.29395
3.23585
3.47668
2.98846
8.65378
26.75
7.26248
17.2219
9.00409
24.1321
19.7644
12.9959
49.3642
25.2167
23.0469
5.49146
48.8878
23.1154
20.5483
53.7409
30.0741
5.99339
31.7201
20.4795
106.655
33.9058
19.2479
26.0313
31.9202
146.089
6.97197
59.4414
38.9954
10.4099
2.92249
10.1278
21.8686
3.31288
23.4617
7.10658
9.78928
2.78533
7.32692
19.6427
19.708
2.95037
6.62372
5.94069
9.59614
1.79304
5.31332
2.22971
3.32258
21.2562
6.807
13.5519
2.01091
7.01386
3.72363
17.0933
2.47241
3.47656
8.97687
1.66397
2.33385
1.58686
3.73795
6.12314
4.5121
19.242
2.26028
6.10662
19.2749
4.55183
2.18224
4.11332
1.84922
3.19965
15.3302
1.72644
12.6076
4.61859
3.95878
2.82432
4.98061
31.2131
13.4123
2.16419
5.35202
10.3638
28.0363
5.09311
3.71565
22.4058
2.75129
14.4294
14.438
35.7068
12.7327
4.93148
4.14167
30.8051
15.0079
5.23797
1.93261
16.6088
4.74502
15.8982
4.63048
2.03309
11.4403
2.70924
19.6401
12.5635
5.22733
3.68684
29.4346
3.91303
1.38909
1.93652
2.2171
1.70296
1.99771
4.5476
4.6896
11.0011
2.03097
5.7886
4.25368
2.42081
12.7475
7.04674
20.8564
2.59438
9.13666
5.99447
3.08352
21.5491
4.67752
2.54132
5.28421
17.4933
2.54556
5.04432
13.7525
7.69671
3.76105
10.9598
16.9442
4.2962
6.49695
20.8639
14.4815
32.7522
11.9104
5.53605
5.88333
23.0479
18.3589
16.6934
49.7648
19.7348
7.10993
4.61675
44.8056
17.8648
9.98414
2.80508
20.6747
8.3762
8.6643
3.62246
21.8997
13.1828
3.88635
21.6712
14.6865
10.9853
4.02605
31.0491
4.59733
1.75114
2.64299
2.76776
2.52409
2.30057
4.90583
53.3661
28.9164
26.7192
13.6478
27.888
51.5381
29.7633
55.828
31.0211
14.2589
34.404
29.2999
31.0812
57.3826
50.547
25.3566
24.3464
12.1486
24.8673
49.6
24.7845
49.5064
24.3247
11.9534
30.9724
23.7853
23.07
41.4312
18.7571
31.2521
25.5166
60.3514
14.0152
37.5851
35.9543
13.7554
4.77577
15.4289
28.2993
13.2771
5.21776
28.0469
10.1256
3.74624
8.96199
28.4479
12.3076
3.2787
25.4952
8.62346
15.8527
2.42188
9.26475
5.87661
3.32839
20.3215
7.82583
16.4302
2.97623
6.28364
7.56116
3.10021
21.3774
14.563
4.23407
42.2421
10.9138
40.419
14.7821
4.19931
8.50529
1.66098
2.58331
3.90373
3.69559
2.49534
8.39476
15.4119
42.3429
10.9078
4.20565
39.5213
4.50264
13.971
21.3716
2.33919
2.84636
3.68482
4.07455
8.2181
8.42595
3.68935
2.23254
11.7986
8.49377
3.39971
2.60012
12.6919
3.77237
8.9233
3.55934
34.2865
6.16785
2.81205
14.1308
6.37638
1.66717
1.7826
5.48669
1.83114
3.96735
4.83003
4.79672
6.11693
1.7763
1.97747
1.76876
4.75164
6.24861
4.39095
1.55851
1.72832
2.81614
1.69246
4.74059
2.79688
5.19415
1.86581
2.04894
7.14247
1.81749
6.68462
5.67409
2.55903
1.62608
1.67869
4.0944
1.59041
2.90969
3.11154
2.27558
2.06045
1.51373
1.47903
2.26658
1.53323
2.07847
2.40365
1.57837
1.55728
2.51862
2.39827
1.5617
2.54003
2.38138
1.62817
1.49729
2.36105
1.55833
2.67153
2.16473
6.13395
1.8296
4.53476
1.83303
5.24466
1.92908
5.22238
7.49781
1.98309
8.83392
2.61025
10.0102
6.5588
2.13009
7.33705
1.98184
2.80036
8.11476
2.1311
6.28823
12.465
4.71246
1.7635
4.65639
1.82685
3.90429
1.8411
4.6413
5.18075
6.40903
2.0326
2.18713
2.01308
5.17466
6.36099
5.38049
1.72973
2.84318
1.94842
3.32538
1.95344
5.38846
5.20356
1.93666
2.09568
6.95443
1.92657
5.64955
6.44158
1.90059
1.4241
1.39981
3.10733
1.35727
2.16583
2.13958
1.80656
1.8416
1.3468
1.39369
1.35437
1.77614
1.87421
1.81885
1.38561
1.33246
1.92278
1.3384
1.79006
1.97669
1.86366
1.38642
1.4062
2.07187
1.36365
1.93776
1.991
4.79311
1.65892
2.04675
4.5161
1.97305
3.29606
4.89369
5.30853
6.66516
2.07658
2.28112
5.21676
2.09226
6.76493
5.36023
1.573
1.94376
2.45266
5.20254
1.96424
2.65478
5.53834
2.2931
2.37322
7.7017
2.13939
6.21163
7.01786
6.25391
1.5368
5.27009
1.85588
3.22575
1.81927
5.01669
4.8497
6.35629
1.89981
2.04566
4.96262
1.80895
6.36954
4.11536
1.4454
2.44897
1.76244
4.68921
2.3189
1.6491
5.44459
2.00674
2.14278
7.3288
1.90327
5.88192
6.83067
6.80945
2.20618
4.77894
2.1109
5.76495
2.40295
5.65226
8.1717
2.48922
8.86514
3.56776
7.05066
2.72145
13.8597
8.0322
2.29729
2.98864
9.12668
2.58459
6.93886
10.3888
2.12431
4.90542
2.09038
8.67931
1.79443
5.88247
2.80854
3.42239
8.77825
11.8876
44.4222
9.75074
3.21553
12.4298
1.97788
3.97109
1.58156
6.02819
1.67089
1.93826
6.01428
3.37919
2.1518
9.04117
6.5966
2.92802
2.28239
11.8666
4.76919
9.33493
3.75782
24.7471
2.81015
17.5514
7.17337
11.9341
2.76509
3.16208
7.1756
12.0336
3.60103
10.6729
3.61451
1.53888
2.47898
1.5195
1.68836
2.87451
2.47131
13.0639
4.284
32.0264
3.94136
2.80153
16.2561
13.7099
8.14517
4.49019
1.75678
2.44708
2.20045
3.65509
7.98001
2.70247
1.81737
5.69278
5.09835
2.3106
9.25433
2.13458
3.37916
15.5911
12.049
4.75978
3.19766
10.9126
4.72597
3.32697
16.7505
7.3027
3.44963
9.95895
5.10758
2.61697
2.22819
3.44845
1.58659
1.58463
1.48233
2.81612
2.85509
29.7923
9.64019
3.59648
3.57415
8.45134
15.3727
14.7343
5.97584
1.89266
2.63119
1.68046
2.27765
3.14704
3.46033
11.4951
5.56928
5.41255
30.9776
3.44004
15.1854
16.2763
8.99733
4.62907
1.73848
3.00373
2.53533
3.27505
13.6576
3.68427
6.12337
2.30475
8.97243
2.37268
11.9799
3.15336
2.63528
1.78919
1.55949
2.9051
1.5487
2.59195
3.62491
4.7047
8.91274
4.55436
25.362
7.01561
2.97544
17.9571
2.505
5.69673
2.33401
8.94395
2.09263
6.42726
3.10256
3.92826
9.68067
13.1956
44.1778
13.434
3.68035
11.0034
2.16943
1.68749
1.60779
3.20497
1.50573
2.92019
3.01022
2.55668
5.45538
1.88094
8.85958
2.05639
7.99641
2.51594
2.76349
5.96248
2.00623
10.6011
1.94722
14.93
2.84296
3.08014
8.16892
13.0814
36.6533
3.44826
11.6667
6.24822
1.56405
1.35858
1.33965
2.12887
1.3033
1.68713
2.0086
2.12025
3.56858
1.75165
8.58109
2.34962
1.68429
6.50773
3.8863
9.76361
2.16167
11.8771
2.66055
12.9349
3.49432
2.78548
2.09016
1.48391
3.10601
1.6008
2.2793
5.61934
3.97097
9.38987
3.52567
33.4982
2.93183
14.5693
7.28153
2.06245
1.5219
4.55145
4.93318
7.01039
1.71672
1.79088
2.68482
15.747
6.33234
2.86444
8.68621
2.09589
4.28962
2.70029
15.1972
10.2735
3.69196
9.49326
2.41281
3.95483
1.79919
3.04379
1.44988
1.43881
1.33355
2.45468
2.41546
5.75956
1.78879
2.44262
1.65116
2.18543
3.2098
3.06228
12.1572
4.92586
31.1205
5.92311
3.40432
15.4814
16.3473
9.61844
4.25079
1.68835
3.27137
2.63433
3.07839
14.8181
3.71479
1.52829
2.39042
1.42849
1.68231
3.05145
2.20238
14.4937
5.22057
4.59647
32.2246
3.1294
14.269
17.1321
8.95371
4.45567
1.64635
2.62841
2.33176
3.55267
8.56493
30.0454
9.79205
3.86134
3.9732
9.68212
15.5055
16.4119
23.0141
5.7189
58.8574
20.1495
21.2618
45.9448
8.42349
23.5014
5.58328
61.1366
23.9626
21.8305
47.7685
11.1234
7.28333
1.96598
9.06103
7.9696
24.9928
2.98956
2.97529
21.8973
127.172
26.7555
22.3539
44.3201
61.0489
6.8218
22.8989
130.5
25.9801
25.2756
45.4504
62.0501
8.42954
59.424
11.2929
7.63812
7.00131
24.3755
27.5278
27.4297
69.6921
15.5243
19.9425
16.408
44.631
45.4704
26.1011
9.60566
8.10705
2.30347
9.68112
4.11229
20.4451
3.55063
12.7528
19.9921
22.284
2.81746
4.6065
31.5323
5.76749
7.66914
6.55022
2.25927
5.7153
3.47856
3.11393
14.1516
15.5614
12.7702
47.8242
12.3687
27.7594
6.61831
25.0271
20.1436
3.61183
15.9639
10.1201
8.82211
7.85805
21.3198
22.4977
47.0927
5.64552
26.3593
55.6577
20.6693
10.2376
15.4492
2.5832
5.29388
3.22433
6.04055
9.37736
6.70586
6.45049
5.33905
1.97034
3.4467
3.46534
11.2314
2.50575
12.5357
18.0034
17.3979
2.91331
4.96853
5.74221
28.6789
6.54821
5.82624
1.81687
3.48854
3.63303
12.9403
2.32358
13.019
5.61432
32.7937
6.4657
20.666
21.6643
3.68516
39.3534
23.5703
14.1474
13.9996
31.4116
35.869
19.396
25.7538
4.81535
35.379
23.3877
48.7552
14.7416
9.98446
27.2127
4.99893
35.6735
29.0193
14.2937
13.8199
49.0146
13.0199
2.12748
7.81986
5.61529
4.18455
4.15129
18.9199
28.4965
62.0924
23.043
19.0569
57.7846
11.1148
39.108
29.9739
63.3547
32.1315
19.1513
14.3268
58.0507
39.5645
42.5624
5.37368
12.8033
15.1673
17.1762
30.2845
17.8707
93.501
23.6433
24.7467
23.1524
55.3201
35.1866
61.542
10.255
9.39397
2.48265
6.81243
5.00326
26.7721
3.30977
20.8469
39.682
37.7286
5.11416
10.494
52.3123
9.90453
9.77219
11.2996
2.63649
5.08832
5.20141
3.1598
20.8906
20.3031
11.8501
55.3481
11.417
40.0165
4.92735
40.3493
24.6061
4.58691
15.5516
21.3456
7.67513
13.0349
35.7785
33.8796
42.5561
10.5635
31.4054
17.9885
27.5398
55.4874
19.5434
3.64584
4.75162
6.69885
9.01991
15.3475
10.1094
53.0214
21.835
27.8632
18.1404
42.5614
32.9244
39.4894
12.6958
15.8938
3.96936
7.64654
8.18829
24.8974
4.76896
21.7069
30.8867
31.823
6.86603
12.4662
13.6654
39.2998
12.0622
12.5506
3.39082
6.34772
6.13287
4.61612
22.2417
22.7756
15.4541
48.6295
13.4068
36.2663
6.5123
34.0013
12.1108
4.99351
9.70163
6.82894
5.26946
10.6056
11.2629
31.9065
12.7693
57.1081
12.4311
10.0709
32.4273
33.7889
22.1026
20.8467
8.5474
9.32291
7.68926
18.7418
24.2019
30.9745
21.5263
34.9981
32.1985
24.8291
51.3887
23.9243
28.2957
39.0585
23.8941
51.4449
28.5825
24.837
39.7762
18.9305
25.9339
11.8897
16.8618
14.1968
17.9095
24.5915
31.4323
40.4696
48.5952
30.5793
41.1038
32.477
29.3454
55.8872
31.1106
15.5761
23.518
26.5839
44.3621
56.1551
31.031
23.2995
21.8328
24.1953
24.0619
28.9493
31.6733
56.3887
33.6388
26.1866
58.5183
33.7244
37.8663
44.0484
39.2318
27.6417
22.0722
24.3047
25.8578
35.3044
45.3926
22.7851
20.0802
25.778
23.8066
21.048
20.4998
26.4717
22.9142
33.1014
20.084
30.4168
23.9277
19.859
33.2654
24.7297
27.3364
24.9925
22.9397
21.8425
27.032
27.1428
40.5801
28.8389
16.7966
19.6089
24.3009
33.4821
35.1814
30.7595
30.3884
26.2195
46.8695
25.3363
39.2316
32.0516
28.4877
26.6567
14.8122
18.1191
19.1455
25.3799
32.881
27.9419
51.4008
22.3649
35.0274
24.6214
42.8371
24.6182
20.9992
17.1057
14.0244
29.1013
14.963
18.0564
23.7688
24.1525
31.3465
28.2039
55.4546
33.59
22.0358
33.8019
29.7425
19.7977
32.694
29.7284
20.2546
21.8246
58.1024
18.6101
17.4631
13.1444
23.9642
13.8259
16.0104
27.031
26.6842
41.2099
36.2686
77.9144
37.5481
26.006
42.0096
23.659
24.465
15.9691
41.5992
16.3905
43.2314
23.0536
24.609
22.9055
19.1862
28.3828
21.0121
24.6075
21.907
22.3033
24.5197
24.7396
41.3763
20.588
28.3143
27.0366
18.7779
17.4403
21.0236
24.8204
16.8781
19.5958
23.4274
20.43
22.7977
25.1321
28.7156
25.4051
20.2992
22.9904
17.9917
20.2651
16.1323
22.3791
16.2031
22.6124
17.8949
29.7387
32.6918
19.7922
29.7273
20.2492
58.1032
21.82
26.6819
41.1827
36.2629
77.9214
26.001
37.5484
42.0105
18.6041
17.457
13.1388
23.9604
13.8197
16.0048
27.0266
23.6556
24.4624
15.9678
41.5859
23.0489
16.3857
43.2317
27.9403
22.3613
51.3983
35.0256
24.6193
24.6153
42.8352
20.9996
17.1071
14.0239
29.1002
14.9634
18.0553
23.7697
24.1557
31.3483
28.2116
55.4595
22.0387
33.8042
33.5975
18.7814
21.0261
17.4426
24.8213
16.8818
23.4293
19.5978
20.4297
22.8082
25.1494
28.7144
22.9895
20.3064
25.4047
17.9923
20.2661
16.1363
22.3916
16.2043
17.9002
22.6126
24.6004
19.1776
22.9006
28.3772
21.0036
21.8978
24.6034
22.3033
24.5161
24.7338
41.3698
20.5873
27.034
28.3093
30.9676
21.5217
34.9964
32.2109
51.3837
24.8242
23.9231
28.2947
39.0607
51.4377
23.8981
39.7739
28.5796
24.8421
31.4262
40.4697
48.6088
30.5795
41.0992
29.3466
32.4723
18.9401
25.9315
11.9048
16.8741
14.2094
17.9162
24.5968
12.1142
4.99559
9.70881
6.83522
5.27246
10.6067
11.2727
31.888
12.7547
12.4164
57.1006
10.0499
33.7902
32.4137
22.0994
20.8554
8.5582
9.32172
7.68294
18.7481
24.2051
31.0258
23.2944
24.1914
21.8273
24.0568
31.6708
28.9409
56.3774
33.6391
26.198
58.5283
33.7211
37.8749
44.0483
39.2295
27.6425
22.077
24.3041
25.8614
35.2972
45.3871
55.8855
31.1166
15.5592
23.5294
26.5927
44.3504
56.1476
28.0509
18.5394
15.5367
41.6733
12.1687
34.9036
33.7983
21.9315
22.7825
6.59866
10.4088
8.15391
17.136
27.4374
30.7587
30.4035
26.2827
46.867
25.3897
32.0503
39.2527
28.5001
26.7063
14.8949
18.1209
19.2336
25.4259
32.9371
40.6396
28.8916
16.5596
19.5282
24.2834
33.5231
35.2484
24.8283
3.01691
18.6423
8.58571
9.17431
7.56133
32.2147
25.3604
39.9801
7.83584
23.64
43.4112
23.2152
7.13011
13.6114
2.24956
4.28797
3.22074
5.95962
10.7136
3.71431
10.2423
2.48896
9.5866
7.1633
4.96639
3.34493
26.6601
20.7311
39.6669
5.08712
37.7053
10.3726
9.76966
52.3111
9.70608
11.2152
2.63
5.08866
5.17864
20.8034
3.15439
20.2112
12.0739
11.4682
55.2748
40.2443
4.95386
39.8865
93.4704
24.7445
23.6248
23.1024
55.2875
61.5637
35.1365
24.57
5.21557
21.7383
15.5149
13.4261
7.89086
35.766
33.8447
42.5386
10.3278
31.3475
27.3593
17.8175
55.5038
19.4957
3.75362
6.56999
4.64166
15.1239
10.2027
8.87438
12.6794
4.19608
15.1838
7.6337
7.7554
4.61071
24.8822
21.7328
30.8822
6.86827
31.7946
12.3946
13.6568
39.2813
12.0329
12.3936
3.41163
6.31393
6.13675
4.58733
22.224
22.8285
15.5352
13.472
48.5949
6.50186
36.2075
33.9582
53.0377
27.9797
21.7963
18.2526
42.5811
39.4959
32.9233
23.5574
5.60716
61.1364
23.9957
47.7738
21.9027
11.1687
23.0183
5.80541
58.8583
20.1829
8.52076
21.3366
45.9481
7.32378
1.97431
8.16239
9.12957
3.00769
2.99896
25.043
22.9225
130.461
26.0131
25.3478
45.4531
8.48791
62.0538
21.9826
127.197
26.9046
22.3417
6.87525
44.3488
61.0715
59.4531
11.3853
7.07968
7.75572
27.5256
24.4892
27.5678
15.8886
2.75408
6.77831
13.438
5.71096
5.65876
23.7332
24.0414
29.4288
5.54369
15.4061
5.68526
16.0308
36.746
11.2762
1.90483
2.43077
3.13264
3.08315
5.44033
4.12089
69.6399
19.9218
15.6609
16.5133
44.5417
26.1011
45.4571
9.91819
2.22075
8.36876
9.79687
4.30367
3.67077
20.4389
12.6675
20.0708
2.7836
22.2785
4.59774
5.65086
31.461
7.71674
6.71337
2.26787
5.89317
3.51132
3.14234
14.1544
15.6489
12.8591
12.4367
47.7568
6.83882
27.7348
25.0225
20.2385
3.95807
10.1458
15.8167
7.85483
9.04187
21.1024
22.5164
47.0605
5.59932
26.2585
20.6877
10.1955
55.6134
15.3786
2.58689
3.22211
5.31225
9.51755
6.61326
5.79858
6.05506
1.98505
5.05987
3.36663
3.41294
2.4363
11.1461
12.4523
18.1151
2.93396
17.4667
4.97589
5.14203
28.8019
6.4684
5.9822
1.79621
3.44162
3.62166
2.27952
12.9487
12.8265
5.55086
6.28409
32.8287
3.59593
21.6069
20.6439
39.3148
14.0872
23.6695
14.0847
31.5278
19.4136
35.8285
42.4302
5.31001
15.0744
12.7962
30.1628
17.6732
16.9533
2.65351
1.82497
5.55102
5.07357
2.12166
2.28361
8.94264
3.26227
15.4172
4.25791
11.4143
4.41308
3.07282
10.5861
3.29449
16.7112
7.36706
3.52007
2.63545
9.89363
5.12128
29.7474
9.54972
3.5951
3.508
8.35599
15.372
14.4116
11.3418
5.29321
5.43982
30.9759
3.32518
15.1479
16.1497
9.09027
4.62887
1.79769
3.00058
2.50291
3.2667
13.6508
3.4585
2.24397
6.18817
8.76977
2.28308
2.97025
11.7906
4.55304
8.99204
4.36007
25.4502
2.88166
7.0482
17.8629
2.49633
2.34436
5.87056
9.00514
2.11642
3.09561
6.45878
3.90091
10.048
13.3086
44.2906
13.4937
3.67204
11.1555
2.54599
5.59441
1.89859
9.01569
2.08033
7.96379
2.52878
2.73292
1.97061
5.89516
10.5823
1.91306
2.79821
14.8276
3.05126
8.11661
13.1304
36.8114
6.14698
3.38698
11.7298
2.10809
3.58266
1.76303
8.74918
1.68404
2.37529
6.57733
3.93522
2.13854
9.72247
11.8985
2.66009
3.47528
13.0352
3.98562
9.38944
3.4608
33.6701
2.93449
14.6324
7.0666
11.7761
4.9253
5.73189
31.2662
3.32098
16.2524
15.4859
9.27946
4.35138
1.84068
3.19718
2.55745
3.08652
14.8258
14.5632
5.20802
4.71239
32.23
3.15422
17.167
14.3137
9.28996
4.73602
1.6497
2.71171
2.35388
3.75923
8.88818
30.0947
10.0962
3.86283
4.04878
9.76939
15.7167
16.7264
11.201
2.6398
7.0367
3.45418
3.59971
9.76988
12.4171
13.6457
2.14537
5.60352
3.76828
4.5895
14.0396
3.54522
16.7687
4.58718
44.8314
15.8876
46.9968
15.9819
5.83355
18.0251
48.8456
10.0035
16.7318
21.3963
49.2969
7.89836
7.48032
1.54246
3.60108
2.31197
2.18614
3.39516
7.47806
14.3375
4.01105
42.8287
10.0512
3.82804
14.955
40.8849
15.0347
42.4998
3.87703
10.198
4.04344
13.6571
39.8609
21.4783
2.82773
3.95447
2.92228
9.82513
8.13284
4.4111
32.6727
12.6741
9.9398
8.53158
21.5492
22.7273
15.8754
47.0524
56.7988
47.2219
8.89207
99.1324
23.8873
26.1073
24.1154
28.3757
8.0003
30.0181
12.0755
15.9356
60.8511
42.2278
46.2621
9.30258
41.9941
17.7435
68.1496
23.6606
35.0624
29.5228
8.34623
32.5166
17.5067
16.0141
62.5614
39.2745
23.5412
13.722
14.4937
35.7371
31.3624
19.3865
20.397
16.1041
4.58639
10.9273
9.42746
21.4192
8.78114
22.7506
47.211
5.42583
26.5793
10.5825
20.6818
55.699
15.5705
2.94081
5.01888
3.1059
6.45211
7.06162
9.02816
15.595
49.9971
18.8982
6.06951
4.22495
44.9128
16.8
13.7432
32.7785
4.65959
10.6267
22.7368
17.5946
3.97388
12.8073
4.02602
13.4262
21.8235
3.74355
31.0894
11.2509
3.90384
1.43145
2.33123
2.05699
1.90059
4.33097
1.85224
8.47304
2.31714
19.5663
5.96786
21.011
7.83834
2.66606
8.44481
21.4872
10.1515
3.00997
22.1977
4.31419
6.41997
4.88338
11.3718
2.22401
5.97224
2.37597
4.69111
12.8808
9.11361
4.80702
11.8105
16.9935
21.1245
5.99806
7.25374
4.64877
2.05551
16.7452
4.28398
4.93111
2.06746
13.0829
4.37675
19.9658
5.71863
2.31471
2.09714
19.4984
4.64098
3.59574
9.94025
1.94707
2.62351
6.37701
4.11764
1.72429
3.70409
2.5382
4.5582
30.9518
1.90971
13.4919
5.0176
4.03579
1.7646
15.2958
3.20246
12.9422
4.37464
1.69764
14.4489
35.7124
13.0649
5.16654
30.825
4.25669
15.2011
10.6751
28.1761
4.47708
5.37562
2.90821
14.5853
23.3803
11.3399
2.66889
12.6666
19.7013
29.4069
3.66113
5.09507
4.29653
1.43457
2.30915
2.11883
1.99167
1.807
4.87712
5.20443
1.86892
16.6399
4.75544
4.511
2.0348
16.219
9.19868
2.52318
8.05619
9.62415
4.25198
4.0332
20.3999
12.709
20.7063
3.1019
22.1287
5.30735
5.41564
31.3977
7.75182
6.58548
2.0032
5.60568
3.77095
13.9494
3.31578
15.3374
12.5756
11.8119
47.6736
24.7628
6.95475
27.7395
16.0356
13.6638
2.76333
7.64512
5.7874
24.1426
6.53911
24.7239
29.6457
6.3257
16.0453
36.9876
16.0282
5.92177
11.8586
2.04954
3.2823
2.50846
4.58989
5.59523
3.29064
69.5467
15.7938
16.9496
19.3655
45.6247
44.2492
26.2016
42.1277
46.0824
41.6799
8.26797
23.3466
68.3586
16.075
34.993
29.24
6.7547
32.5528
16.9576
15.1098
62.9521
47.2514
57.0489
9.88858
46.8168
22.9715
26.1663
99.1823
23.941
28.2298
9.13924
29.9155
12.5005
16.6263
61.0067
60.0855
64.2289
53.0256
10.8288
109.676
27.4335
29.8963
31.5242
34.0512
9.00862
33.8137
15.4829
21.3749
67.0494
51.9144
22.3056
11.4244
13.9596
41.5892
40.5694
23.9244
43.9387
35.8956
7.18143
36.7838
21.7275
19.9637
73.2862
58.9862
69.5385
16.9757
52.8035
27.2967
108.962
31.971
42.409
22.7619
15.6005
15.5631
33.1031
27.0381
33.9317
23.0077
5.24682
5.08568
5.63903
10.0215
11.6971
11.4934
43.5971
41.1177
10.9163
37.6455
20.0079
22.3715
71.1898
45.1493
57.0652
17.2481
72.9121
29.1881
93.8239
34.1367
105.781
33.2979
49.7396
36.5072
69.1443
51.2331
52.8577
51.716
36.0161
26.4049
36.9277
39.5766
62.9669
35.8908
68.2953
61.787
38.5833
58.8216
44.7423
54.0407
84.823
37.8909
26.1086
27.2197
29.8061
34.8242
30.182
40.887
22.4976
7.82234
14.2244
30.1327
8.44778
17.6525
34.0443
14.3498
13.0136
3.26226
8.49829
7.3973
5.72455
23.7291
28.6942
33.4622
11.1026
40.967
15.0356
42.4074
23.412
29.7635
21.974
18.4184
66.2198
11.3875
40.8944
42.1591
63.9993
28.6228
46.97
37.5014
47.661
42.5928
73.4936
56.1818
37.9399
23.7789
30.6498
40.5138
49.9097
32.2876
52.031
48.8194
48.0948
46.4495
37.8119
44.4495
67.6927
41.8539
24.1171
32.2446
35.3101
34.3859
30.0732
37.9456
62.3763
20.6497
32.9541
30.5972
33.3806
30.1256
50.9519
43.8741
20.5458
27.0319
26.8187
29.3408
43.5856
27.7335
35.7731
27.6382
43.3679
74.9722
75.762
27.8982
35.4349
37.2717
86.0644
29.251
45.0666
38.1147
78.4521
29.4024
41.0261
85.1539
42.6617
47.5925
30.5192
55.5562
61.6826
31.4874
40.9401
32.363
38.7306
62.9595
44.5177
24.4805
28.2435
17.8101
26.4908
25.9704
21.4932
36.6118
21.2844
32.7318
30.5497
42.4064
37.1374
28.0942
43.6356
31.2522
38.1004
23.2215
36.394
45.3975
54.9936
25.7858
31.7239
31.8593
48.4796
26.594
21.7736
49.2603
21.8977
31.4239
28.1871
29.8762
21.0011
24.2379
21.1954
27.7569
30.6704
34.2477
24.8231
30.8958
69.2774
53.2729
23.1159
40.7534
30.1057
23.7208
43.3573
26.8607
33.3464
22.433
35.2924
42.2764
58.3363
30.6762
35.2232
35.7888
32.3703
40.6936
36.1075
60.647
29.9445
32.5621
44.1637
26.622
47.5975
28.4758
19.1579
27.2971
24.2337
33.728
23.5028
21.8907
33.9015
24.6741
42.59
48.3732
26.5322
30.6033
58.6678
31.0948
24.5089
27.9516
35.0364
22.6835
28.8002
40.6713
31.1717
31.2615
28.0333
24.3924
24.6204
32.4033
30.7109
29.3623
37.3729
21.0268
26.666
21.16
29.0206
37.9859
33.4571
23.212
31.9393
43.0954
26.109
27.9007
38.8063
30.7387
22.7041
44.5077
27.8185
33.1042
21.9986
40.1416
28.4758
20.1351
27.5883
25.4163
33.028
24.6916
24.4039
30.2101
27.9447
35.1836
32.7674
29.7499
28.2448
33.3574
32.5603
47.7947
32.6663
38.8196
39.8101
30.9363
35.987
43.8752
20.5403
27.0292
26.816
27.7302
29.3377
43.5853
35.7763
27.6164
74.8996
43.3727
27.8982
35.4043
75.7752
37.2723
86.0655
29.2487
45.0679
29.4005
38.1138
78.4569
62.3797
20.6516
32.9529
30.5975
30.1266
50.9513
33.3842
31.857
48.4633
21.7642
26.5907
21.8921
31.4123
49.2615
28.1851
29.871
20.9969
24.2354
30.6685
27.7516
21.1923
34.2464
24.8217
30.8947
69.282
23.1138
53.2729
40.7552
30.1055
23.7211
26.8599
43.3586
35.2915
22.4324
33.3477
41.0341
85.1574
47.599
42.6741
61.6862
30.529
55.5657
31.4959
40.9451
32.378
38.7419
24.4932
44.5279
62.9664
32.7365
30.5541
42.4102
37.1384
43.6373
28.1004
31.2548
28.2563
17.8203
26.504
25.9853
21.5049
21.2974
36.6258
38.1076
23.2282
45.4011
36.4017
31.7296
25.7937
54.9989
31.1587
31.254
24.3764
28.0232
30.6971
24.6044
32.396
29.3423
37.3579
21.0004
26.6395
29.0015
21.1317
37.971
33.4561
23.208
31.9394
43.0944
26.1077
27.8967
38.8065
30.7364
22.6957
27.8126
44.5009
21.9904
33.0981
40.1414
42.283
58.3359
35.2285
30.6881
32.3786
40.6966
35.798
36.1175
60.6557
29.9693
32.5763
26.6397
44.1785
47.6026
33.8955
24.6663
42.5832
48.3642
26.5271
30.5944
58.6626
28.488
19.1749
27.3168
24.2579
23.5158
21.9084
33.7466
31.0924
24.5033
35.0292
27.9519
28.7929
22.6845
40.6682
25.916
20.9944
28.9055
21.6877
36.1177
23.5827
24.9984
20.6193
8.2909
28.9528
11.3622
17.2779
8.14698
32.4277
28.6153
45.319
15.164
52.6069
17.7463
25.7981
52.7097
15.7051
12.2809
3.61797
6.32786
6.66294
23.8135
4.82638
27.7425
16.5778
17.4028
55.0913
43.5055
10.3965
46.8893
51.7144
26.3989
36.0218
36.9201
39.5689
35.885
62.9633
68.2918
61.7902
38.5875
58.8262
84.8324
54.0483
44.7354
37.8931
26.1027
27.2224
29.8057
34.8198
40.8889
30.18
105.765
49.744
33.2808
36.5116
69.1359
52.8712
51.2179
22.5032
7.82333
30.2377
14.2313
17.7329
8.36799
34.1399
28.7496
33.5403
11.0027
41.0186
14.7978
23.4893
42.4562
14.0766
12.78
3.20371
8.22713
7.20139
5.60813
23.5459
29.7704
21.9959
18.0839
66.2873
11.1101
42.2629
40.965
56.1631
23.7906
37.9542
30.6701
40.4932
32.279
49.9174
52.0642
48.8232
48.1141
46.4711
44.4608
37.8372
67.7153
41.8864
24.136
32.2654
35.3333
37.9631
34.4101
30.0937
63.9719
46.9833
28.7511
37.5459
47.6838
73.4374
42.6766
60.0776
64.2067
10.6835
53.0059
27.394
29.8052
109.668
31.5268
34.0203
9.00802
33.8523
15.5265
21.3545
67.0428
58.9531
69.4998
16.8973
52.7937
31.8765
27.2035
108.96
43.9063
35.8471
7.14475
36.7225
21.6572
19.8666
73.2616
42.428
22.6401
15.5512
15.3143
26.9352
33.0928
33.9498
24.5167
3.73401
5.39123
5.77754
11.622
13.7211
6.9047
43.8236
45.7768
12.8005
54.5385
26.0427
26.2512
68.0528
39.7307
39.9475
11.2416
35.5208
19.4961
22.6106
67.7562
22.7932
5.13075
5.4691
4.94573
9.72243
11.4116
11.1759
45.2178
57.1374
17.0282
72.988
29.1598
34.1988
93.8566
43.6342
41.0547
10.6931
37.5988
19.774
22.139
71.2442
32.6258
12.8068
10.1092
8.59838
22.7523
15.8589
21.6003
19.4422
5.41429
4.52539
4.29747
9.32983
6.07623
11.6487
35.3507
28.925
9.10194
32.554
17.8048
16.2235
62.6411
42.3272
46.3332
9.47517
42.0288
18.0195
68.2228
23.7462
6.55223
2.09005
3.45904
5.39081
2.5062
3.6197
11.4104
6.62571
5.57756
1.96698
3.73842
3.31794
2.46942
12.7732
12.3169
17.4531
3.08208
17.1549
4.83991
28.5331
6.02992
12.9553
5.70657
6.94147
32.9717
3.80906
20.5968
21.6552
39.257
13.7693
23.509
14.4817
35.724
19.4616
31.4214
20.4481
5.09361
15.9721
10.9241
9.45398
8.91252
21.2875
22.5777
47.2017
5.36941
26.5052
10.4453
20.4137
55.7241
15.3983
3.10156
4.90657
3.07838
6.189
7.01961
8.78916
15.4222
49.9585
5.96038
18.7938
16.5491
4.18394
44.8317
13.6083
32.7181
4.59749
10.4029
17.4041
3.81265
22.5651
3.86253
1.42361
2.30854
2.02653
4.26715
1.87872
1.82209
12.6742
3.95455
13.4467
21.7579
3.69312
11.1959
30.9812
8.20952
2.2703
5.54202
19.2421
2.57652
7.59963
20.7786
8.30568
21.3366
3.00837
10.1303
4.29235
6.28056
21.9973
4.8598
11.3265
2.29303
5.95316
2.42156
4.71492
12.8393
8.9123
4.61298
11.7209
16.8958
5.85208
7.07918
20.9878
4.59407
2.03658
4.20287
16.5846
2.04603
4.92708
12.8833
4.4223
19.8975
2.33921
5.83648
4.65013
2.12452
19.5392
3.63854
9.90482
2.00543
2.68422
4.15848
1.76242
6.43458
3.74558
2.55301
4.58898
31.0491
1.92504
5.06189
13.5744
4.12768
1.80798
3.31003
15.4881
1.73951
4.4661
13.053
14.4792
35.7153
5.09497
13.0136
4.22589
15.1157
30.8312
10.9569
28.1703
4.36946
5.2356
2.88259
14.6331
23.4376
4.48822
1.4152
2.26496
2.05401
1.99445
1.79889
4.78961
11.5842
2.66872
12.7647
19.7443
3.68606
5.11931
29.4041
5.18769
1.89037
4.72544
16.7081
2.02672
4.50646
16.1163
9.16664
2.49746
9.69131
8.06408
4.03465
4.25823
20.5776
7.87937
6.70804
2.00462
5.67141
3.8285
3.34669
13.9667
12.8126
20.7811
3.15952
22.2721
5.32426
5.5455
31.4847
15.3857
12.6109
11.7688
47.7766
6.94548
27.8501
24.7712
16.1521
2.85812
13.4074
7.54506
5.99616
6.34203
24.0905
24.5822
29.6111
6.11692
15.8212
16.0349
5.81184
36.9221
11.7694
2.03569
3.31049
2.42146
5.52527
4.69477
3.21647
69.6016
16.752
15.6892
19.501
45.649
26.1412
44.4074
19.1429
3.42433
4.11361
3.67415
7.98212
5.38788
10.7022
42.1479
46.0608
8.13174
41.6668
15.8928
23.2132
68.387
35.2222
28.4444
7.29562
32.2508
17.0073
15.4025
62.8253
32.4194
12.693
7.84584
8.8783
15.3592
21.6165
22.4514
20.7345
5.22341
5.71353
4.52894
9.20574
12.8025
11.5262
23.8106
28.021
9.55451
29.5917
12.4639
16.5149
60.8944
47.1021
56.9573
9.99931
46.7824
26.132
22.9323
99.1426
13.5584
2.09991
5.40647
3.66725
13.8826
4.61918
3.51462
16.8191
4.63315
15.8816
44.8576
16.0319
5.86984
47.02
18.036
48.8325
9.89441
16.571
21.3528
7.87235
49.2992
21.3461
2.73088
3.95262
2.89177
8.02682
9.27391
4.38146
42.7156
5.7179
13.8817
15.5314
18.661
17.8809
30.405
25.9944
4.7966
23.6613
35.5938
10.5879
48.8528
14.9618
13.9881
2.39264
9.06793
7.42437
4.79578
19.384
5.11192
27.3551
4.83332
35.8545
29.0913
49.0408
14.0553
14.3491
29.0206
61.9441
23.4521
19.3879
12.1599
57.8206
39.0852
30.1885
63.2161
19.7983
32.3464
39.5043
57.9208
15.1642
50.0254
25.112
12.0999
23.9993
49.1447
24.0848
24.1211
49.1569
23.7446
30.6665
10.9002
41.2563
22.5644
22.6819
17.7944
25.5292
60.3477
30.3298
35.8923
12.4348
37.5431
8.44749
3.28296
7.17518
28.6007
25.0916
2.63432
11.5829
13.0319
4.06916
28.3855
15.1001
4.08946
12.5615
28.1504
5.1736
15.1678
4.90818
1.92388
20.294
1.99641
4.56659
6.72314
14.3605
2.09894
8.03849
2.6682
4.22454
19.7567
53.1962
29.0637
26.7782
14.4121
27.6713
51.3858
29.784
55.6896
30.6295
14.675
34.2862
28.8917
57.292
31.0405
18.6775
32.2086
145.974
26.0188
38.8921
6.78955
59.2955
9.66208
2.9963
7.69954
20.0758
3.00891
19.5099
6.89653
10.1923
2.99361
21.9506
10.3362
23.4557
7.13698
3.30971
6.45958
13.2502
6.94439
1.8931
2.38632
16.8763
3.43351
5.93485
9.48822
1.75111
5.37907
3.01654
21.5291
2.233
50.1876
28.5896
25.979
11.6852
50.3332
25.5958
28.3805
51.6206
27.1469
10.4469
49.2947
25.5043
97.1889
29.4337
23.2558
7.03802
20.4483
58.6616
45.951
9.81893
21.7122
8.33196
2.38814
10.0434
9.16007
3.4564
3.47963
25.5115
23.6537
5.72776
61.2971
24.1491
11.3152
22.2667
47.8784
22.4252
127.142
27.6814
22.7028
44.456
8.17989
61.1157
23.138
130.483
25.6201
26.1763
9.00698
62.1155
45.5545
59.5832
13.0687
9.18656
8.52779
28.2558
25.0907
28.2317
24.7581
4.06684
7.47053
5.79399
12.5335
7.12395
14.7329
39.6652
39.3831
35.4204
12.1182
19.8213
67.459
22.8995
43.6974
45.5855
13.2229
54.2691
26.2586
26.3604
67.8709
21.3385
4.15801
4.18275
4.75917
8.30787
9.21224
10.8239
42.8646
40.465
36.9727
9.50626
19.0492
70.8929
21.5103
44.9508
56.9601
16.461
72.899
33.6073
28.5631
93.9218
42.1805
22.6561
16.139
15.8238
26.7647
32.8591
33.6108
52.9812
22.3099
18.7146
28.1611
32.9815
42.5983
39.4701
24.9845
16.2224
5.46005
22.0799
9.32052
35.792
14.1484
34.1941
42.7023
31.6614
10.0995
55.5941
18.2301
27.6952
20.0518
3.98676
4.59253
6.35489
9.49338
10.8424
15.2579
12.6892
7.98215
3.70586
15.8567
4.30646
24.9935
8.09059
12.3585
12.7443
6.5288
2.9683
6.12513
22.3608
4.28369
21.3736
30.547
7.37071
31.4722
12.5513
13.9387
39.0907
23.0565
15.8473
14.1328
48.479
33.9028
6.78518
36.2
16.7438
36.6249
15.8586
6.11685
6.29313
31.5082
19.6968
20.3988
53.4316
15.1839
28.6683
42.5172
27.4096
9.42247
15.2596
3.62139
12.3532
24.2718
4.45564
28.5246
12.7849
6.06584
1.86979
2.97342
4.06717
2.68249
8.03449
3.17793
17.1614
7.80511
33.8478
22.4675
37.5618
15.8346
7.80688
8.18672
16.3609
6.69585
2.75863
16.4597
2.95828
7.92132
10.4618
22.2114
4.67472
14.1254
4.80416
10.5566
23.8668
7.45008
2.96712
6.20859
18.3189
16.3724
2.87921
8.5661
10.4337
6.75357
31.2121
15.5761
13.8627
4.91914
27.1299
4.79609
15.5972
3.9687
2.26818
1.99601
14.1865
6.52842
7.78775
21.649
4.42662
13.0748
21.6661
10.5243
4.22711
5.00801
2.17772
3.63744
22.8797
1.96379
13.9058
6.29005
9.38118
5.15251
26.9339
11.5353
22.8976
12.1986
3.82983
13.7671
47.3662
10.8914
4.96945
25.1838
4.1861
22.7173
23.942
43.9447
12.3681
25.3164
10.0068
24.275
42.497
11.747
2.93717
8.81389
22.2464
23.1758
3.61339
9.50436
5.7926
1.70486
2.55141
3.51187
2.30432
3.01875
7.762
15.3368
5.76858
28.4558
25.0885
13.0686
6.58552
52.0087
24.7802
8.53342
2.93709
18.7068
7.40313
32.4414
8.94473
25.4589
40.0388
23.796
8.00771
7.08927
43.408
23.3957
13.5194
2.18634
3.21766
4.23413
3.60482
10.8741
5.83536
93.6513
23.5525
23.3341
24.6922
35.3052
55.33
61.6608
10.3496
7.24458
2.51847
9.47084
3.40933
26.6237
4.93272
9.81364
11.3142
5.13257
2.60293
5.18016
3.25866
20.779
20.5809
39.5359
4.97673
37.7469
10.3643
9.65991
52.2671
20.2101
12.1932
11.5322
55.2958
5.01807
39.9466
40.3508
30.27
7.26736
4.6588
5.21795
13.5518
9.84711
16.4832
44.0067
34.5127
36.964
9.68159
21.803
73.3678
19.5006
59.2466
69.6832
17.4361
52.7223
27.8313
109.131
32.3089
51.8728
22.1318
11.1071
13.7554
40.6541
23.8375
41.6985
73.5417
19.1434
31.1094
31.9179
40.8988
39.0285
50.1984
44.1139
21.1747
26.3231
31.3714
31.2562
50.2072
31.4062
47.0972
30.7992
51.6985
81.9765
39.4482
60.0435
52.5237
44.95
42.049
44.8889
94.5593
56.3319
36.3016
59.3118
61.8715
140.036
37.4998
74.406
47.7461
82.5379
87.0012
58.3687
146.744
53.5113
58.7709
87.0188
78.0858
43.5346
63.9679
28.5192
37.6541
47.1341
42.6199
47.6661
73.564
22.4911
14.1753
8.10524
30.3368
8.61535
34.025
17.986
14.3582
13.1111
8.98978
3.21566
7.38454
23.409
6.08606
28.7191
33.464
11.503
41.0266
14.9929
23.6107
42.4421
29.5591
21.7965
18.2865
66.1005
40.5899
11.5374
42.0575
56.2982
30.7438
24.0353
38.0278
32.4691
49.9188
40.6846
51.9732
48.8228
46.4096
48.0349
67.5889
37.8401
44.441
41.8322
24.2626
35.2986
32.2404
30.1459
34.4084
37.935
20.2044
10.679
7.98483
28.5715
7.53006
32.1937
16.8046
15.4053
12.0461
6.13533
3.36842
6.58921
4.53266
23.7144
28.5541
45.3256
14.8672
52.4706
17.6253
52.6806
25.5062
27.694
16.066
17.2985
55.0926
9.94245
43.5998
46.8504
106.034
33.1316
36.4085
49.6386
51.2521
69.2094
52.7708
51.373
36.1579
25.2892
33.735
35.1768
62.3396
38.2143
68.3183
61.923
58.778
38.6788
44.5489
84.8779
54.1823
37.7808
25.7268
29.7836
27.1735
29.8665
34.5976
40.9978
43.8744
20.7215
30.9835
26.0817
49.9549
31.0456
30.9025
44.9371
42.126
44.9071
94.694
59.4508
36.2141
56.3954
47.0716
30.8556
51.6894
82.192
52.7046
39.3197
60.0638
58.2748
146.673
53.2206
58.7227
86.8952
43.3273
78.1314
61.7364
140.005
37.3055
74.1967
82.3627
47.4318
87.0004
33.1734
66.6037
140.719
61.9453
40.5685
42.1416
84.2166
33.9885
28.63
34.8781
57.3406
47.0912
26.234
39.9032
31.4113
28.3155
51.5447
32.0053
25.4195
36.5774
41.6616
29.7923
31.5175
30.8096
21.6521
40.5375
23.0807
25.0708
24.6881
43.0632
21.8772
34.7258
20.278
28.5593
51.8146
76.435
52.4478
36.3462
50.1627
73.1536
54.9136
51.8633
92.6057
66.9059
41.1025
44.4178
125.972
72.929
60.9523
70.3837
49.972
36.6125
48.4914
49.1499
50.8885
69.049
74.7294
54.9026
38.3172
61.9481
51.2616
83.8207
53.9905
36.0874
60.5341
29.8791
32.5199
26.5722
44.0726
47.5968
42.26
58.3565
30.6454
35.193
40.6702
35.7703
32.3526
28.4489
19.1248
24.1879
27.2393
21.8515
33.6533
23.4728
31.148
24.5469
27.9974
35.079
22.7247
40.715
28.8474
33.9628
24.7326
42.6303
48.4433
58.6506
26.595
30.6649
29.4846
37.4603
26.7942
21.1602
38.0797
21.2987
29.1345
31.3008
31.3134
24.5253
28.1356
24.7579
30.8313
32.481
30.8797
22.8394
27.9696
44.5984
40.2651
22.1404
33.2083
33.5493
23.2975
43.1785
32.022
27.9876
26.1988
38.8749
31.5849
41.0731
32.5752
38.8468
44.6852
24.6307
62.997
41.1071
85.2483
42.8774
47.6224
55.7181
30.6424
61.7347
28.4002
17.9746
26.1778
26.7019
36.8309
21.4627
21.6672
38.0904
23.2174
36.355
45.2785
25.8127
31.6296
54.931
32.7235
30.4073
42.3803
36.9968
28.1317
31.106
43.6481
28.184
29.8621
24.2319
21.0371
21.2282
30.6531
27.7606
31.8165
48.4462
21.7968
26.5495
21.9188
31.3985
49.1993
30.0354
23.6995
26.7929
43.2793
22.4139
33.2709
35.22
34.1006
24.8279
69.2463
30.6543
40.6783
23.0068
53.1518
70.3729
49.9215
36.5363
48.4581
50.84
49.0871
69.0142
74.7126
54.8138
61.8864
38.1954
53.9163
83.795
51.173
76.4344
52.4115
36.3105
50.1241
54.8853
51.8392
73.1287
92.6301
66.89
44.3461
41.0567
72.9075
60.9209
126.043
33.1782
66.6091
61.9491
140.721
42.1479
40.5709
84.2191
33.9986
28.6404
34.8894
57.345
26.2458
47.0986
39.9156
31.4209
28.3297
32.0117
51.5531
41.6668
25.4287
36.5908
29.8002
31.522
21.66
30.8179
23.0902
25.0772
40.5429
24.6953
43.0693
21.8854
34.7341
28.5671
51.8197
20.2868
70.3843
49.9719
48.491
36.6136
69.0492
49.1507
50.8896
74.73
54.9046
38.319
61.9509
51.2627
83.8228
53.9916
29.4864
37.4604
21.1608
26.7955
21.3
29.135
38.0811
31.3031
31.3145
24.5266
28.1469
32.5006
30.8322
24.7603
30.8827
22.8444
27.9729
44.603
22.1441
40.2672
33.2136
33.5545
23.3021
32.0249
43.1813
38.8766
26.2044
27.9919
36.0924
60.5376
32.5262
29.8915
47.6008
26.5786
44.0789
42.263
58.3546
30.6464
35.1935
32.3561
35.7704
40.6699
31.1536
24.5543
28.0038
35.0826
40.7186
22.7324
28.8525
28.4543
19.1295
24.1972
27.2453
21.8567
23.4776
33.6601
33.9673
24.738
48.4461
42.633
30.6695
26.6005
58.651
28.1304
29.827
20.9862
24.1837
27.712
21.1735
30.6135
31.7635
48.4178
21.7425
26.4959
31.3512
21.862
49.1665
30.0107
23.6761
26.771
43.2711
22.386
33.2525
35.205
34.0733
24.8058
30.6236
69.2324
22.9686
40.6611
53.1423
31.5933
41.0784
38.8603
32.593
24.6452
63.0029
44.6949
41.113
85.2496
42.8857
47.6257
30.6519
55.7246
61.7342
38.0967
23.2242
36.3612
45.2743
25.8223
31.6314
54.9317
28.413
17.9858
26.1955
26.7144
21.4776
21.6794
36.8446
32.7311
30.4133
37.0008
42.3847
31.1122
28.1435
43.6487
70.3715
49.9127
36.5149
48.4463
49.0747
50.8317
69.012
74.7152
54.8124
38.192
61.8801
51.172
53.9183
83.7882
33.1326
61.8543
66.4762
140.769
42.0285
84.249
40.5255
31.5275
28.4516
32.1029
51.6378
36.7228
25.54
41.7348
34.1215
28.8313
35.032
57.5122
40.1146
26.397
47.1839
24.6637
42.9463
21.8557
34.6742
28.497
20.2663
51.7661
29.7503
31.4188
21.647
30.7604
25.0028
23.0805
40.4765
76.4302
52.3943
50.1063
36.2736
51.8193
73.1241
54.8677
92.6324
66.8781
44.3312
41.0557
60.9154
72.9023
126.033
47.1118
30.8071
51.7071
81.9853
60.0518
39.4494
52.5303
44.1142
21.1661
26.3146
31.3528
31.401
31.2421
50.1972
44.9476
42.0467
94.5646
44.8898
36.2997
59.3121
56.329
61.8825
140.024
74.3836
37.5065
87.0029
47.7279
82.528
58.3763
146.728
53.4989
58.7814
43.5361
87.004
78.0981
73.5266
19.103
31.0996
31.9046
39.0058
50.2014
40.8641
56.2809
24.0005
30.7739
37.9574
32.5414
40.4061
49.8994
51.9768
48.818
48.0244
46.4086
37.836
44.4356
67.5995
41.83
24.2611
35.2975
32.2351
30.1635
37.9308
34.3448
63.9517
37.6411
28.5854
47.0798
42.5978
73.5266
47.658
22.5232
7.4108
14.2775
30.1075
8.59151
17.7528
34.0161
14.2849
13.0251
3.20487
8.8938
7.34064
6.06334
23.3104
28.657
33.4467
11.3663
40.9565
14.9217
23.5242
42.4113
29.5173
21.8253
18.1896
66.0835
11.5361
42.0368
40.5572
51.3746
25.2856
36.1658
33.7402
35.177
38.2143
62.3483
68.3253
61.93
38.6973
58.7916
54.1963
44.5581
84.8853
37.7903
25.7316
29.7987
27.1869
41.0126
29.8752
34.6071
20.2194
7.956
10.7191
28.6015
7.5301
16.8106
32.2147
15.4427
12.1158
3.36152
6.17192
6.583
4.53051
23.7906
28.5731
45.3733
14.8889
52.5064
17.635
25.5413
52.7013
27.7269
16.2283
17.4467
55.0924
10.0366
46.8814
43.6331
106.056
36.4272
33.1778
49.6608
51.2793
52.7735
69.2352
73.4494
19.3378
31.7836
30.9746
50.1079
40.8159
38.9783
24.8959
4.0937
7.58668
5.79998
12.7207
14.8879
7.17024
39.6721
39.3067
12.112
35.3709
19.8735
22.8842
67.4443
43.7013
45.5698
13.3439
54.2442
26.4365
67.8396
26.3618
42.1715
22.5361
15.6927
16.0879
33.5998
26.6384
32.7968
12.7256
3.66129
8.05445
15.9247
4.29156
8.05649
25.0803
12.3785
12.6524
2.95716
6.511
6.11177
4.2713
22.2953
21.3543
30.53
7.27584
31.4533
12.5059
39.0849
13.9128
23.0638
15.9602
14.1862
48.4618
6.85753
33.8775
36.1851
52.9628
18.822
22.457
28.2306
33.0307
39.4699
42.6228
25.1137
5.51483
16.3216
22.1487
9.39796
14.2685
35.8125
34.2242
42.6859
10.2649
31.6905
18.3577
27.7998
55.5748
20.1475
4.01708
4.64627
6.4541
9.61263
10.9721
15.4207
16.7946
36.6693
6.03113
15.8868
19.8129
6.1296
31.5778
20.5145
53.4214
15.3087
28.7263
27.5095
9.41497
42.5248
5.96771
1.85485
2.95873
4.0722
8.0403
2.63396
3.14883
15.2431
3.5348
12.2028
24.2297
4.37606
12.667
28.5063
17.2145
7.65965
22.6118
33.9142
7.72479
15.7999
37.6126
7.99204
16.2684
2.78899
6.51522
2.8962
8.02473
16.2126
10.3806
22.2152
4.6728
14.0957
4.78682
10.5725
23.8665
7.01772
2.85358
5.51783
18.2324
2.7368
8.16684
16.0147
10.2985
6.60862
15.5537
31.2435
4.90017
13.7771
27.1374
4.89063
15.6432
2.33039
4.10826
6.83605
2.03431
14.4196
8.01484
21.6558
4.46015
13.15
10.6246
4.28304
21.5195
5.02884
2.18395
3.71523
22.9304
1.97817
6.26747
14.0498
9.51054
5.13381
11.6294
26.9526
3.84536
12.1975
22.9081
13.8033
47.3824
5.03381
11.0515
4.23435
22.7938
25.2419
23.9549
43.977
12.223
25.3556
9.90647
24.2756
42.524
5.7821
1.70446
2.55593
3.4803
2.30969
2.99666
7.64947
11.7098
2.96622
8.88702
22.2874
3.65929
9.43915
23.2172
15.2894
5.7215
25.1317
28.4776
6.58629
13.0406
52.0336
10.4558
2.53028
7.28702
9.32774
3.42153
4.96994
26.8967
9.89504
11.4189
2.60897
5.16838
5.19697
3.27914
20.9276
20.6523
39.5649
4.98908
37.7741
10.409
9.7619
52.2944
20.4422
12.2358
11.7257
55.4017
5.07262
40.0932
40.4793
24.9583
3.34549
8.86869
18.9017
7.97651
9.49399
32.5215
25.4718
40.0458
8.15803
24.1501
23.4417
7.21957
43.4204
13.6609
2.24095
3.24677
4.2412
10.8648
3.68305
5.88536
93.6559
23.4774
24.0988
24.8833
35.4539
61.6475
55.4085
30.4255
7.4517
4.73
5.31249
13.7431
10.1948
16.6785
44.1145
34.7343
9.7405
37.0696
21.8985
19.8345
73.4717
59.2804
69.7292
17.763
52.7957
28.2076
32.6387
109.052
28.2561
4.06333
4.6615
3.87656
12.1624
13.1203
8.53362
32.0188
34.7518
10.4568
34.5687
16.3875
22.2079
67.3613
60.1865
64.4269
11.6982
53.2571
30.2974
27.9624
109.651
51.9101
22.2508
14.0029
11.3326
24.0394
41.7597
40.7111
14.2056
2.44161
9.28994
7.69597
19.5498
4.9408
5.305
26.1301
4.76486
23.6825
35.6197
14.9908
10.6149
48.8855
27.4358
4.86613
29.1842
35.9139
14.1925
14.5121
49.0549
29.1764
61.9055
19.5028
23.5093
39.1032
12.2878
57.8342
30.2448
63.1847
19.9457
32.425
39.5116
15.3612
57.9207
49.8716
24.9806
12.0983
23.8861
23.8888
23.8795
48.991
49.0229
23.5828
10.7312
30.5332
22.4226
22.4626
41.2061
53.1656
28.8945
14.1582
26.5791
29.6239
27.432
51.2878
55.7177
30.4519
14.1033
34.2422
30.9388
28.6599
57.3272
19.0596
32.5456
26.2184
145.921
7.07256
38.8489
59.3454
10.148
2.82105
7.63072
19.9939
6.8898
2.99912
19.694
10.6356
3.06021
10.7067
22.2508
7.427
3.46653
23.6513
7.12237
13.7482
2.05574
7.35014
3.75859
2.54491
17.1459
6.36305
9.81087
1.83277
5.50956
3.30846
2.35345
21.8708
49.2549
25.5841
5.85147
23.4967
23.479
21.5556
48.5426
53.7829
30.762
6.16118
31.909
21.1411
35.1011
106.55
50.0511
28.46
12.0267
25.8599
25.532
28.3163
50.1999
51.5128
27.251
10.7502
49.2633
25.5531
29.4316
97.1334
59.5021
12.4539
8.66807
8.19122
24.7233
27.9226
28.0208
26.7518
7.32397
9.13589
17.2819
19.8704
12.6322
24.1528
27.5734
12.9733
21.2121
34.6968
13.2845
36.1651
26.6039
20.4265
5.38242
8.00631
15.3842
7.68844
22.0412
14.0303
29.0642
43.9304
21.8183
13.8039
13.4968
39.0103
31.1391
25.8051
12.1153
19.9731
34.045
33.989
12.2006
26.0114
18.5089
4.87233
6.35288
12.604
12.6301
6.48393
18.4597
26.1901
39.9023
18.6656
10.7191
34.951
10.2065
27.1649
27.8252
6.44611
7.71231
13.2184
10.8564
26.0441
17.9485
27.7834
18.5731
15.9114
41.5033
12.4649
33.5734
34.6417
21.74
22.6733
10.7037
6.56859
8.39028
27.1997
17.1702
30.6649
30.3334
26.2953
46.888
25.4037
39.2387
31.9735
28.3771
26.6341
18.2355
14.9165
19.3848
32.8789
25.3458
22.6841
19.9962
25.6895
23.7669
26.397
20.3897
20.958
22.7647
32.9902
19.9681
30.2836
23.7524
33.1649
19.7081
24.6112
27.2856
22.8859
24.9394
27.047
26.9663
21.7745
11.0428
9.54337
25.5331
20.0738
12.1586
8.52931
23.7315
14.6994
19.3065
34.3394
27.393
14.0414
20.0266
28.0939
10.3562
18.7367
7.77562
21.8303
9.97448
7.96243
22.5064
13.0259
10.2964
30.3546
34.0794
11.3274
13.1748
31.191
13.787
29.2059
16.4781
61.3415
20.9446
14.4325
31.8831
55.7907
31.0338
15.6374
23.8104
26.5621
44.3087
56.1071
30.9338
21.6249
35.0554
32.4623
24.12
24.7655
51.4541
28.0715
39.0392
23.7516
51.2081
24.7561
28.2946
39.6466
31.375
40.5665
30.8303
48.922
29.6183
32.4967
41.1143
55.9528
33.3599
25.9815
58.4607
33.3334
37.7284
43.8407
38.4798
25.5438
23.9564
21.2435
25.1154
44.927
33.4112
25.9224
21.0793
21.7378
28.9806
23.6078
25.0942
36.1822
28.5492
20.2071
25.4698
27.6457
24.4864
33.0816
24.7658
30.2739
28.0505
35.2869
32.7841
28.3611
33.4
29.7911
32.6219
47.8361
32.7188
38.9069
31.0247
39.863
36.0265
18.8372
17.4954
24.8664
21.0808
19.6538
16.9375
23.4805
20.4996
22.867
28.7288
25.1671
20.3779
23.0447
25.4349
18.0746
20.3216
16.2261
22.4262
17.9841
16.2921
22.6568
19.9708
15.4247
15.4395
19.6392
16.478
19.2029
20.9064
23.1296
16.5657
20.7752
23.1623
17.2947
24.181
21.8603
20.7251
16.5594
19.2436
23.9364
17.7023
21.5499
22.3298
17.7929
14.5543
12.897
18.4814
13.7932
18.4975
17.4782
19.1576
20.3199
17.2231
14.294
20.8555
14.7683
18.5944
19.87
15.8998
17.8313
22.2701
21.4933
15.2795
20.7654
17.2377
12.3937
12.7293
16.1263
13.2093
16.6937
16.8366
20.4343
14.0975
13.5161
17.5286
14.5484
18.4047
18.9313
20.3428
21.2295
16.3367
14.9903
21.8099
15.0773
19.8655
22.1481
15.0369
17.1226
20.1926
24.0264
15.751
19.2722
18.8794
12.9791
13.8764
17.3467
13.9489
17.6879
18.4735
16.7718
11.891
12.6836
16.6723
12.0676
16.0897
17.6418
28.7557
14.3798
12.0123
34.3578
13.3493
26.7348
20.0798
17.8626
19.8194
15.9049
13.9259
13.6878
19.4484
18.1161
18.5895
13.9188
15.7251
20.2522
13.6807
19.5594
19.6046
17.5651
11.5957
12.4295
15.8172
12.3324
16.7781
15.9679
26.0458
15.2383
16.6715
30.4545
15.9687
26.0545
28.7679
21.8265
14.2606
16.7211
21.9212
24.7053
14.7731
20.5681
26.9873
17.552
18.8519
30.023
16.8998
28.3427
31.7169
14.161
12.1738
12.0635
20.6535
11.9864
15.0172
15.7229
13.1204
13.0762
12.5111
11.9738
13.07
12.0054
13.1043
13.59
12.3705
12.8188
13.4907
13.4258
12.3
13.8305
13.4129
11.6296
11.6251
14.0215
11.6723
14.2915
13.322
43.3071
17.4786
13.2365
36.693
17.5593
32.1668
22.5041
29.7832
28.0753
18.3203
17.1189
17.316
28.8628
28.9146
37.1578
18.6496
20.9791
30.3106
19.8138
30.4338
34.5667
33.1316
12.1131
15.3157
16.1631
15.4649
16.8364
32.1016
27.9276
22.3701
51.3238
35.0499
24.5752
24.6467
42.8026
24.1998
31.3478
28.5087
55.7738
22.1092
33.905
33.8021
30.0675
19.9073
29.7227
32.8673
21.9118
20.4648
58.3676
26.8711
41.5006
78.2176
36.3719
37.6605
42.3149
26.1843
23.923
24.6117
16.1888
41.7288
16.6002
43.3731
23.322
42.1947
20.3619
26.8514
24.8465
42.6406
26.8465
25.576
35.0876
27.2149
43.052
74.8037
34.8161
27.4066
75.5822
36.36
85.979
29.0434
44.5978
37.6177
28.593
78.2328
30.2751
28.0521
35.2917
32.7843
33.4009
28.3649
29.7913
28.5498
20.2121
25.4754
27.6491
24.7675
24.4906
33.0843
32.6218
47.8368
38.9093
32.7232
36.0262
31.0279
39.8647
25.9231
21.0829
21.7413
28.9826
25.0973
36.1837
23.6086
24.6735
19.2559
28.4311
22.9225
21.9763
21.0802
24.6101
22.2723
24.5324
24.7186
41.4186
28.2937
20.5551
27.0515
20.4328
13.5108
14.0989
17.5207
14.5493
18.9149
18.4059
20.3359
21.2302
14.9911
16.3371
15.0786
19.8598
21.81
18.8947
12.9817
13.8826
17.2656
13.9544
18.4895
17.5966
22.145
15.0376
17.1226
20.1929
15.751
24.0248
19.2718
16.7053
12.6309
11.8645
16.6866
11.9205
17.6708
15.9882
15.226
14.6716
11.0408
10.5853
15.0988
11.0102
14.7868
15.804
12.1717
11.533
16.3302
15.6331
11.529
16.5749
15.9963
11.3484
10.8865
15.1151
11.3506
15.4786
15.4638
19.9697
15.4373
15.4213
19.6346
16.4749
20.9032
19.2013
20.7241
16.5566
19.2407
23.934
21.5491
17.6992
22.3268
23.1269
16.5601
20.7663
23.1592
17.289
21.8574
24.1785
17.7892
12.8817
14.5514
18.4757
13.788
17.4673
18.4948
19.1537
20.3149
14.2839
17.2143
14.7609
18.5905
20.8511
17.2323
12.2761
12.7011
16.1879
13.1921
16.7194
16.8306
19.8664
15.8945
17.8228
22.2665
15.2739
20.7622
21.4893
15.302
11.0038
10.8889
21.4338
10.5287
16.5697
16.0215
14.3449
14.3454
10.2346
10.2823
10.1147
14.1687
14.4838
14.4376
10.4807
10.2432
14.6789
10.1461
14.1835
15.1016
15.0111
10.6284
10.561
14.9403
10.4251
15.1258
15.0634
43.5873
12.4941
17.1694
37.259
17.023
23.0532
32.5693
30.0348
28.2008
16.7815
18.0344
29.098
16.9336
29.0444
33.5162
11.306
14.8317
16.6339
32.3944
14.9163
17.4382
37.3357
18.4691
20.6813
30.5316
19.4222
30.7293
34.688
28.7575
11.8125
14.4087
34.546
13.366
20.2335
26.7465
17.8533
19.8135
13.9172
15.9045
18.1087
13.684
19.4414
17.5472
11.3407
12.4037
15.8997
16.7623
12.3178
16.0787
18.5859
13.9216
15.728
20.2436
13.6812
19.6032
19.5515
26.0597
16.6706
15.2709
30.606
16.0035
28.8915
26.0686
26.9987
17.5747
18.8855
30.1009
16.9346
28.4448
31.7201
21.825
14.2641
16.7267
21.9114
14.777
20.5669
24.694
29.9662
19.859
32.7637
29.7071
20.3664
21.8768
58.286
26.7768
41.4473
36.329
78.2134
42.2506
26.1082
37.6114
23.8069
24.4987
16.0854
41.6617
16.4797
23.2265
43.299
27.9497
22.4033
35.0633
51.3336
24.6762
24.5991
42.8103
24.2013
31.3461
28.4947
55.7666
22.1095
33.8005
33.8955
61.6413
21.8568
29.5692
28.4221
48.8386
33.482
28.4497
22.6984
20.0052
23.7674
25.6877
20.4096
20.9646
26.394
24.6205
27.2851
22.8922
24.941
27.0541
21.7798
26.9636
22.7814
33.0007
19.9607
30.2971
19.7226
23.7473
33.1728
40.5181
28.678
19.4406
16.625
24.0227
35.1434
33.2718
27.7631
18.5248
15.8446
41.5148
12.4101
33.5685
34.6327
21.7098
22.6385
6.55435
10.6547
8.34544
17.1336
27.1886
16.2711
10.8315
25.5551
27.3405
12.831
13.9543
29.463
18.4872
27.9667
18.115
32.8093
15.1498
21.4935
31.3354
11.0366
9.53116
20.0658
25.5263
8.5213
12.1451
23.7244
14.7194
19.3371
27.3899
34.332
28.0894
14.0708
20.0492
10.3632
18.7301
7.78265
21.8284
7.96234
22.5014
9.99197
10.3382
9.88914
21.4104
23.6736
8.9628
10.4206
24.9434
13.3946
18.8526
26.9337
33.6166
18.6551
13.6279
26.7406
9.7353
17.6729
7.94987
21.5343
7.9439
9.91211
21.1252
13.0911
10.3477
34.0858
30.376
13.2265
11.3817
31.2132
13.8714
29.2137
16.5474
61.3391
14.48
31.8986
21.0583
55.9487
33.3629
26.0173
58.4624
33.3376
43.8386
37.7409
38.4808
25.5696
21.2552
23.9874
25.1263
33.4172
44.9305
32.1557
12.6806
12.3965
57.1876
10.3585
32.4284
33.8349
21.4164
20.7502
8.79255
9.66059
8.46008
18.2181
24.0027
55.8192
31.0952
23.8968
15.7277
26.6441
56.1322
44.3574
20.4825
5.41545
8.07385
15.4344
22.0853
7.76474
14.0895
27.6064
13.02
21.245
34.7023
26.6394
13.3288
36.1649
29.097
43.9252
13.8842
21.8745
31.1598
13.5647
39.0105
27.8727
6.48992
7.77288
13.3435
26.1247
10.9106
18.0288
21.5032
6.55011
3.71873
12.7363
5.39883
4.45166
3.79508
27.0412
13.4483
10.1109
16.5825
8.22424
5.89146
7.18388
28.839
29.7715
25.0016
25.4296
25.52
21.4948
21.6355
20.0331
32.2192
23.0854
25.4758
21.1524
17.9797
17.2607
27.1001
16.5486
8.31872
29.461
16.3879
19.7304
12.0093
36.7558
38.8175
32.1162
34.4117
36.2473
29.299
27.3725
27.6158
33.8532
12.6586
34.1141
21.6937
22.3903
16.1119
42.267
54.3145
39.7937
42.4981
35.8658
31.9395
29.6588
9.3426
14.0257
5.30557
6.79137
4.57131
3.02766
3.5518
3.55442
5.01201
13.0435
6.51785
3.98788
2.73165
2.44717
12.4882
3.1255
2.77284
6.57392
5.90135
3.85931
2.22912
10.5843
24.5015
5.22372
17.222
9.59941
5.78727
4.54702
15.7123
32.5528
10.2064
20.7871
13.6475
6.54306
5.27404
28.1344
34.9363
40.4528
28.0775
17.2371
19.4733
10.2295
33.4858
35.5594
64.6466
34.3362
7.553
16.166
16.6606
31.608
33.2875
62.352
33.1413
9.53851
15.906
17.195
35.7946
35.3244
63.926
33.1546
9.3533
16.8404
17.5225
1.89191
1.93457
1.715
1.5476
1.4509
1.50249
1.34661
35.0785
35.1864
32.6107
18.8707
17.1034
9.98914
17.2688
2.20407
4.78343
2.31249
2.85599
3.18286
1.78746
2.25287
19.4948
13.6845
23.6379
7.83641
7.43693
9.9888
6.077
40.5358
51.7273
33.9037
34.8416
45.4268
24.3677
22.0062
19.4413
46.7033
9.2005
16.5693
30.7331
8.81769
6.92921
4.47408
2.29201
2.17649
2.96025
2.65956
1.7979
2.17021
4.73757
2.19136
2.27775
2.82045
3.08768
1.77561
2.21298
33.6328
50.7012
31.5059
33.9716
28.7025
20.6862
20.1121
38.6077
35.4891
37.3995
17.1015
18.3684
7.36697
17.2013
1.99402
1.76777
2.06231
1.54876
1.58022
1.57811
1.39055
1.90605
1.87866
1.7085
1.53446
1.44585
1.49296
1.34164
8.30657
6.28382
9.78421
3.58563
2.05437
2.86541
2.6392
17.6236
8.26394
47.8696
24.9984
19.5751
7.00706
4.9853
9.15312
27.7336
7.45808
12.9341
21.9648
10.3238
4.08963
12.7244
10.2541
16.0174
6.40288
7.50534
3.08489
6.33699
10.5749
2.05268
2.89382
2.9168
4.4834
1.96468
1.61692
9.9269
2.54353
1.86843
4.05593
2.76707
1.88105
1.5322
1.45589
1.4445
1.48898
1.27835
1.26496
1.26291
1.21674
6.76401
7.69704
10.6703
3.74475
1.78018
2.55674
2.74494
7.66541
37.3743
9.27834
16.5159
25.8709
9.24699
3.54495
20.2902
53.7143
9.53524
25.095
25.1265
6.97162
5.99241
24.8496
7.32803
10.0233
8.05001
14.3113
4.86506
4.31062
22.1906
4.59152
8.12209
7.03308
14.0377
4.65473
3.61356
1.69419
1.50445
1.58677
1.35921
1.31456
1.3596
1.25341
1.45424
1.46634
1.49053
1.2661
1.27827
1.26393
1.21712
4.18648
4.42563
6.37933
2.86693
1.90942
2.14079
2.64702
7.40635
3.92983
21.4052
7.87319
13.4935
4.158
2.76096
15.788
33.1579
9.05963
16.0782
25.5425
10.5368
7.23111
4.06109
2.7109
5.14285
2.46892
2.03831
1.46954
1.68873
1.67016
6.17352
2.23894
2.59377
2.03084
1.44201
1.37696
13.5224
13.6022
13.7682
12.3587
11.7055
11.7334
12.3537
28.7503
23.2558
12.433
24.9731
15.0824
17.6671
16.5879
19.7487
27.7767
24.2864
21.3057
26.144
19.8026
18.3703
29.8855
34.6235
22.0841
22.2223
26.6146
16.7348
18.7968
23.3068
20.4396
25.3566
18.7758
16.6531
17.0814
17.6577
12.2039
7.40186
17.3256
9.54473
5.19963
3.39451
4.05985
3.5705
12.1933
5.04342
6.17308
4.02118
2.65014
2.39587
1.41231
1.6956
1.70992
1.50891
1.32379
1.35827
1.36218
5.89605
1.58917
2.21616
1.92849
2.94246
1.54784
1.43379
1.40995
2.68818
1.92
1.49133
2.22791
1.42406
1.3779
5.15868
2.33313
4.76059
1.79337
1.95357
3.1991
1.59947
1.92386
1.76825
2.02695
1.39144
1.33567
1.34997
1.35373
18.3682
19.9147
10.2924
18.9075
9.53309
12.5085
12.7357
17.5155
18.2282
9.21684
18.3705
9.13831
12.486
12.7321
52.6127
29.5605
25.2873
27.8803
25.5293
12.4165
10.9081
50.182
25.1076
24.0742
26.2772
24.8727
9.9441
9.12027
2.37305
1.56928
2.20739
1.45076
1.89555
1.36132
1.41158
2.16194
1.39501
1.79792
1.41548
1.82466
1.34565
1.33741
2.12224
4.7662
1.76671
4.69041
2.50077
2.26444
1.61466
8.31758
4.85682
18.4572
12.5824
6.73935
4.09852
2.67603
3.68201
11.4028
1.88418
6.95342
3.10955
2.45591
1.75876
17.1593
31.0673
17.657
18.716
13.6266
4.92978
4.70377
1.43206
1.43054
1.46696
1.2654
1.27882
1.27969
1.22363
1.68647
1.5129
1.76016
1.31895
1.34702
1.33845
1.23075
8.4394
15.8696
6.35092
4.71644
5.38248
2.61127
3.27889
19.4766
21.0584
16.9126
19.2841
18.261
16.2727
15.2709
17.5941
17.7334
23.9553
18.6949
19.027
16.5287
15.6017
17.4409
16.2994
17.6609
14.6588
12.8744
13.4823
13.8828
22.3715
26.6147
22.0966
20.1331
20.5517
18.9686
17.6775
17.8044
18.8876
15.4125
17.1394
15.0153
13.6523
13.9348
18.2356
16.4763
14.4249
16.5773
14.4709
13.1963
13.1692
2.01167
1.98315
7.54018
4.52939
3.60344
2.59823
1.72717
11.6806
6.79831
28.0368
16.4263
10.553
5.04711
4.11617
6.27582
3.69979
18.5118
12.1863
5.52047
3.96482
3.10591
25.1226
48.2205
34.4262
24.8907
17.0697
12.2813
7.02747
1.43202
1.4659
1.43813
1.27757
1.26623
1.28003
1.22319
1.69532
1.77969
1.52782
1.35804
1.32358
1.34792
1.23444
6.5377
13.0519
7.06728
3.29679
5.65806
2.24968
3.29899
2.31781
1.81061
6.00417
2.89106
2.0222
1.67367
1.53648
1.57559
1.97451
3.29982
1.77541
2.42741
1.58539
1.45855
1.92184
1.85408
2.1534
1.48226
1.36364
1.39621
1.41688
7.16359
5.21583
2.68493
2.16582
3.76887
2.29601
1.87437
2.66251
1.72026
3.05539
2.65803
1.61504
1.48805
1.53074
2.58611
2.11832
1.55232
2.0611
1.52662
1.41887
1.43624
3.73444
8.76504
3.16203
3.24623
2.55902
1.63624
1.79626
1.98759
3.92162
4.78381
3.19921
2.01194
1.6344
1.8123
1.8711
6.43483
1.98949
2.88524
3.64687
2.12464
1.58401
2.93544
1.97207
11.7818
6.86988
3.28484
2.36241
1.60266
5.01193
20.8829
4.11383
10.2267
5.10137
2.89095
2.13353
14.8569
22.6549
29.6321
12.7409
6.71828
12.1614
4.49674
30.3805
32.6293
32.1568
13.5423
12.883
5.30392
13.9849
1.84743
1.81928
2.04357
1.46443
1.53555
1.55052
1.36678
1.87363
1.71448
1.94643
1.46714
1.49133
1.51147
1.33398
2.25342
2.11642
4.55501
3.04637
2.68786
1.71989
2.16266
2.15357
2.33186
4.49977
2.60369
3.03084
1.78519
2.195
33.1119
27.8761
27.9668
25.7207
22.1798
20.392
23.0898
23.0179
22.1494
27.4501
25.2998
20.7815
18.2414
17.0343
10.7063
19.1106
29.916
18.4352
26.7654
21.189
14.8734
30.0037
17.8107
39.9855
31.5883
23.686
22.9789
20.6073
29.2778
31.9663
68.0249
37.49
42.1911
29.3828
26.2338
50.8213
67.6122
46.3559
49.4252
35.7773
37.0355
32.8601
2.24399
4.53909
2.11374
3.04075
2.68753
1.71649
2.16002
2.15223
4.54137
2.33121
2.61705
3.03881
1.78761
2.20141
1.86995
2.05128
1.83623
1.47418
1.5406
1.55604
1.36999
1.88098
1.92799
1.6946
1.47154
1.48538
1.50837
1.33378
41.5239
45.2036
44.4646
30.4696
24.7522
26.1281
14.0745
30.8938
11.2287
6.3428
19.8571
14.1387
6.81796
5.16377
34.1566
11.1444
7.62978
19.5188
14.9644
7.10834
5.15689
46.8442
30.5093
48.9916
22.4147
23.4642
23.2342
12.1353
23.113
4.0941
5.29907
10.3467
12.0637
4.50982
2.57579
25.8845
8.4567
8.07316
12.7055
14.0962
6.64067
4.35619
10.1292
6.00342
13.8633
5.5022
2.58414
3.95166
3.21532
20.5172
17.9227
43.9141
21.0266
26.5453
8.71063
8.36379
10.9635
7.95624
36.8274
15.5775
23.0206
11.6265
5.14487
8.19898
9.82242
14.5946
4.06892
5.81114
2.34484
3.16707
8.02313
19.0957
24.2505
6.81624
4.31098
3.45264
9.453
14.3524
8.66445
43.8093
19.1136
32.4701
10.2334
5.28325
35.5787
32.5832
76.6765
42.0373
44.7574
22.7278
18.9137
54.6214
71.5908
58.8381
51.5566
40.5752
54.1344
39.0455
68.5085
48.2787
48.6709
48.9614
49.6725
35.9302
35.3004
35.378
33.2079
44.7428
31.1839
33.2995
21.8822
20.1578
44.1462
63.9066
63.1791
28.7219
27.3622
29.0397
10.6181
30.4258
5.61612
7.11976
13.1469
14.9496
4.66529
3.61581
30.2156
6.15665
6.72256
9.7385
15.812
5.14095
3.19576
22.9944
24.9976
46.7542
7.22523
23.4676
23.448
8.58335
46.4308
23.3794
24.0736
22.9331
23.5625
8.76241
9.94521
16.8059
19.4581
16.6744
15.7853
14.4165
16.1939
14.9344
16.3745
26.2582
23.0716
16.2051
19.5933
13.4385
14.1414
15.4962
22.472
18.7106
16.9294
21.278
14.4373
13.0834
36.3518
26.0877
28.1295
19.2973
20.1822
23.3463
15.8912
19.8195
14.8576
17.4749
12.0515
10.6477
10.9688
12.1471
14.9425
26.3963
17.4241
16.8722
22.3795
14.604
13.6492
21.3549
13.9843
17.6023
14.1958
17.9477
12.2972
12.2023
10.7709
21.0236
23.4648
11.9918
22.9631
13.6588
12.6132
18.8669
21.5806
24.9393
18.1335
23.9104
16.5096
17.5971
21.2761
20.8546
22.534
15.4709
16.287
16.6404
14.8184
25.7599
16.3442
27.7215
16.7945
13.7347
25.2686
14.9117
11.3831
22.7283
19.3026
10.3705
22.1562
14.5238
15.4724
17.2881
9.11832
18.0192
9.48643
18.4869
12.9796
12.4818
28.6876
23.0374
12.1343
24.894
14.7832
17.3651
16.2043
20.1011
27.9603
24.8589
21.338
26.2333
19.7834
18.6739
29.7447
34.6709
21.7356
22.0444
26.574
16.4475
18.5411
23.4556
20.9146
25.4677
18.7631
16.7633
17.6587
17.2854
19.4942
22.8837
11.5755
22.3161
10.5644
14.7088
15.6689
17.4648
18.2013
9.30418
18.6545
9.6727
13.1424
12.6309
18.3528
19.7809
10.0699
18.7341
9.307
12.0001
12.2479
17.4616
18.0222
8.97612
18.1699
8.91436
11.9754
12.2395
23.6606
21.2401
10.6987
23.1921
11.8864
13.7316
12.6674
19.0994
25.2873
21.7247
24.2357
18.3294
16.6658
17.7796
25.9932
27.9733
16.3057
25.5187
13.5578
16.8307
14.9397
21.5412
21.0167
22.8257
15.6392
16.4437
14.9968
16.795
26.3159
23.1397
16.3932
19.6414
16.2276
13.4363
14.1358
15.3084
22.3744
18.6968
16.7308
21.2908
14.3477
12.9678
36.3941
28.0622
25.8707
19.0915
23.3714
20.1417
15.8267
19.8697
14.86
17.51
12.0239
10.5865
12.1102
10.9167
17.3747
26.3533
14.8943
22.3221
16.8185
14.5463
13.5933
21.3308
17.5287
13.9142
17.9066
14.1479
12.2408
12.1367
13.8839
14.1619
13.8146
12.6043
11.9485
12.6606
11.9549
16.8361
19.3949
16.5911
15.6963
14.366
16.2477
14.8679
21.0982
19.6588
16.9917
19.3051
18.1824
16.1408
15.2381
17.5821
23.923
17.7021
18.9773
18.6272
16.4601
15.5763
22.3159
26.5679
21.9708
20.4931
20.0209
18.8535
17.5753
17.5686
16.2982
17.6692
14.5338
12.7923
13.3645
13.8223
17.9787
18.9906
15.444
17.1878
14.8809
13.4512
13.8441
18.4075
16.5802
14.4099
16.6965
14.4665
13.1102
13.0781
26.3672
17.3875
14.9057
22.3365
16.8312
14.5567
13.6028
21.3338
17.5288
13.9145
17.908
14.1492
12.2397
12.1354
23.1534
26.3237
16.3995
19.6432
16.2243
13.4286
14.1363
15.2131
18.6531
22.2871
21.2553
16.6289
14.2981
12.9171
19.8783
14.8542
17.5092
12.0132
10.5745
12.104
10.9037
36.3802
27.9876
25.763
23.3461
20.1018
18.9862
15.782
13.8025
13.7706
14.0773
12.5583
11.9025
11.9075
12.6
16.8256
16.5806
19.3548
15.6778
14.3476
14.8579
16.2442
18.9843
17.972
15.4353
17.1819
14.873
13.4432
13.835
18.3932
16.5692
14.3973
16.683
14.4521
13.0982
13.0672
19.6535
21.1041
16.9874
19.3097
18.1844
16.1405
15.2319
17.5766
17.6986
23.9072
18.9777
18.6261
16.4614
15.5717
17.5596
16.2977
17.6716
14.53
12.7826
13.3573
13.8135
22.3199
26.5551
21.9773
20.4961
18.8665
20.0258
17.5835
23.1321
28.7698
12.2422
24.965
14.9138
17.4735
16.3179
20.0446
24.7352
27.953
26.2495
21.3734
19.8253
18.6313
23.4528
20.8238
25.4773
18.7991
16.7652
17.2672
17.686
29.8405
34.7185
21.8966
26.6391
22.1499
16.5799
18.6479
22.985
19.5609
11.6747
22.4205
10.6537
14.8204
15.7823
17.519
18.2807
9.36533
18.7388
9.74405
13.2416
12.7277
19.8464
18.3721
10.1046
18.8019
9.3413
12.0883
12.3357
17.492
18.0986
9.02689
18.2427
8.9532
12.0661
12.3342
21.3093
23.6916
10.7278
23.2544
11.9072
13.8199
12.7553
19.1343
21.6832
25.2703
24.2435
18.4054
16.7488
17.8355
21.5992
20.9896
22.8615
15.7286
16.5017
16.8547
15.0918
26.0346
28.0101
16.2862
25.5698
13.5593
16.8981
15.0178
46.971
25.3649
22.4547
23.7565
23.2092
6.70488
8.60957
10.3505
3.85016
10.345
3.38496
1.78528
3.3552
1.81929
46.6661
23.9754
22.8984
23.6226
22.6938
8.91066
9.02579
10.8018
3.62082
1.73688
10.2077
3.06054
3.20873
1.76682
52.8507
29.3765
25.614
27.3334
25.0957
11.0267
9.10163
9.8765
3.47175
10.3287
2.98655
1.64001
3.01607
1.61266
50.3105
24.4456
23.4564
25.822
24.2285
8.5539
8.49967
13.5945
3.74046
1.83229
11.5428
3.71834
3.16869
1.67367
62.9648
63.6383
44.0348
27.7689
26.7552
28.1419
8.42795
29.3317
6.30605
5.84866
15.2399
8.12566
4.75967
3.09061
29.5819
7.20947
4.95394
14.8633
12.0948
4.4695
3.42386
12.6571
28.2366
7.10738
17.1066
10.72
5.4029
4.47222
6.72539
18.8844
3.76085
12.935
5.46917
4.12535
3.20766
25.2961
48.4689
34.5512
25.3705
17.0558
12.1317
7.02436
20.607
53.7158
9.33278
25.1729
24.9128
7.07367
6.22681
7.85889
37.3976
9.98021
26.006
16.7437
9.97545
4.033
2.68664
8.95632
2.71155
3.53489
2.98755
1.96439
1.69184
8.06957
14.0783
9.55213
3.81771
6.01602
2.37545
3.11973
9.36664
14.0492
5.31563
4.58014
6.80736
3.03492
3.5612
3.56204
13.0645
5.02027
3.99512
6.53698
2.73619
2.44932
12.0318
17.2028
7.56859
9.81877
5.42567
3.47637
4.035
4.03266
12.8441
5.36046
6.773
4.52296
2.86842
2.55436
15.7026
32.5885
10.1466
13.6944
20.8401
6.66801
5.36408
10.6529
24.5071
5.27388
17.2182
9.75986
5.90081
4.56224
27.2629
40.4154
34.9074
19.6055
28.0786
17.0018
10.7774
3.3194
16.1621
4.11364
6.36625
5.50224
2.74001
2.47081
9.37739
16.7861
7.44845
5.72862
5.42184
2.7962
3.70743
20.409
43.9063
17.884
21.1022
26.5786
8.95724
8.14211
11.417
36.9939
8.02182
23.0588
15.6405
11.805
5.33066
41.3279
45.0114
45.4399
30.0393
25.1936
26.7183
14.5859
30.798
12.0665
6.87213
20.1704
15.1472
7.91226
5.23646
33.8686
11.9777
8.46217
19.8084
15.6196
8.34109
4.99435
29.8785
39.8675
17.6135
31.4978
23.4963
22.8002
20.4289
29.3006
68.0735
32.0131
37.503
42.1544
29.3401
26.2207
50.7241
67.5352
46.3951
49.4137
35.5784
36.97
32.7133
19.4897
46.4794
9.21006
30.494
15.7262
8.50493
7.15601
40.2795
51.681
33.6377
45.2726
34.6174
24.1498
21.6234
27.6621
42.0196
28.0276
30.9731
30.3718
22.817
22.3359
33.4692
50.6923
31.3653
33.9345
28.6343
20.4738
19.5968
27.068
8.30852
16.5456
16.323
29.4679
19.6831
11.9981
27.5962
33.8414
12.6328
21.6458
34.123
22.347
16.064
36.7237
38.7937
32.0736
34.3884
36.2239
29.2722
27.3296
42.2715
39.7786
54.3317
31.9343
42.5119
35.8552
29.653
14.8625
43.7343
9.0123
19.4937
32.5146
10.6299
5.71399
35.6009
76.7865
32.5891
44.8552
42.1128
22.949
19.0922
30.6657
36.3027
33.9546
29.6148
27.9415
21.9421
24.0479
35.4059
44.608
33.2139
33.2012
31.0835
21.8834
20.2888
58.9077
71.578
54.6668
54.1816
40.6537
51.5882
39.1095
24.8097
35.1268
36.0464
26.2803
18.9818
19.2125
25.794
41.3917
28.7018
19.5224
41.2706
28.5455
29.3498
21.3907
68.5176
48.6912
48.3381
49.7005
49.0029
35.9737
35.335
33.2093
27.9974
27.9725
22.2488
25.7756
20.4656
23.1785
23.0101
27.4226
22.1416
20.7794
25.2891
18.2512
17.0443
54.658
71.6149
58.8836
51.5999
40.6548
54.1708
39.115
35.1256
24.8146
36.0227
26.2799
19.0111
25.8032
19.2376
68.5185
48.2759
48.6848
48.9813
49.6816
35.9623
35.3299
41.4056
19.572
28.7372
28.5736
41.27
29.3738
21.4443
71.5755
58.9083
54.6698
54.1748
51.5977
40.6547
39.1071
35.129
24.8168
36.053
26.2867
18.9849
25.7963
19.2185
68.5154
48.6922
48.341
49.6948
49.0135
35.9742
35.3364
41.3906
28.7042
19.5296
41.2718
28.5471
29.3519
21.3949
33.1927
27.9895
27.9636
25.7637
22.2406
20.4539
23.1649
23.0144
22.1495
27.4223
25.2923
20.7791
18.2523
17.0482
28.8844
29.8146
25.0601
25.477
25.5753
21.5515
21.6936
20.0598
23.1019
32.2442
25.5038
21.1846
18.0107
17.2883
71.5987
54.6322
58.8547
51.5659
54.1335
40.6246
39.069
35.1043
24.7797
35.9834
26.24
18.9884
19.2115
25.7769
68.5043
48.2613
48.6714
48.9487
49.6507
35.9195
35.3076
41.3768
28.6956
19.5568
41.2209
28.5488
29.3307
21.4166
29.293
68.0955
32.0103
42.2229
37.5181
29.3718
26.2256
29.9534
39.9694
17.7637
31.5676
23.6688
22.8828
20.5021
50.7794
46.4253
67.7003
37.0467
49.4579
35.7486
32.7602
27.6074
27.9604
41.9477
30.2701
30.9083
22.7424
22.2588
33.3349
50.6522
31.3312
28.5099
33.8702
20.4596
19.7385
40.4428
51.6838
33.7712
34.6779
45.3288
24.2461
21.8321
19.4388
46.4485
9.03028
30.4806
15.6771
8.3153
7.00235
30.7415
34.0226
36.3664
29.6669
27.9994
21.9714
24.1085
35.4057
44.6473
33.206
33.2162
31.0878
21.8743
20.3025
35.6038
76.7615
32.5826
44.8439
42.0979
22.9798
19.1526
14.7723
43.7143
8.93598
32.4951
19.3611
10.6209
5.67903
63.6135
62.9391
44.016
27.6984
28.1131
26.724
8.38049
29.5433
7.20753
4.93772
14.864
12.0713
4.4919
3.45236
29.2719
6.29382
5.81218
15.1731
8.10126
4.75873
3.10432
7.13245
1.96882
2.16193
3.54111
4.64953
2.6957
1.77898
6.71721
18.8563
3.76625
5.46572
12.9087
4.12283
3.21228
12.635
28.1994
7.09728
17.0777
10.7197
5.39406
4.46455
25.282
34.514
48.4592
12.1298
25.3489
17.0234
7.01521
7.80175
37.3889
9.90445
16.6841
25.9565
9.92533
4.03735
20.5986
53.7015
9.26382
25.1015
24.8674
7.04842
6.20275
2.68233
2.70304
8.91909
2.98668
3.52286
1.96092
1.69033
8.02424
14.06
9.52787
5.99167
3.80019
2.36668
3.10749
12.139
17.2931
7.72007
10.0042
5.48706
3.51311
4.06053
4.05096
5.40938
12.9294
6.88797
4.55691
2.89305
2.56966
3.31139
4.11884
16.1111
6.2802
5.37316
2.72491
2.4741
9.39412
16.7235
7.31866
5.67316
5.25643
2.74429
3.73146
11.7079
37.0562
8.17947
23.2003
15.8171
12.0322
5.44014
20.4745
43.9278
17.8681
26.7012
21.126
9.05705
8.17278
45.0006
41.2928
45.3302
29.9677
26.443
24.9857
14.3393
33.8149
11.6578
8.18116
19.5256
15.3877
8.00238
4.96421
30.7406
12.0383
6.90996
20.0305
15.2135
7.83873
5.25659
22.6158
5.74936
7.41214
13.1049
13.5965
8.25428
3.87642
25.3448
46.9803
22.4275
23.7405
6.69271
23.2009
8.58186
8.30565
2.67616
7.7199
2.9029
1.66277
3.00509
1.64455
46.6816
23.9563
22.8525
23.6095
22.6826
8.89041
8.99795
6.64178
1.68955
2.69765
2.64735
5.89371
2.60501
1.60021
29.567
52.8442
25.2317
27.569
10.9631
24.9194
9.08448
8.162
3.20725
8.69528
2.79402
1.58179
1.58445
2.77938
50.3031
24.569
23.3295
25.822
24.1762
8.53839
8.47439
11.8898
1.89194
3.42021
4.03019
9.1538
2.97381
1.64143
49.137
30.6875
47.0952
23.4836
23.8667
22.6252
12.5289
26.1734
8.4908
8.81851
14.4958
13.265
7.36797
4.78767
17.0852
7.1147
5.18773
12.7967
10.9137
5.95955
3.56128
23.472
5.03504
4.07183
12.1815
9.63673
4.65047
2.6384
8.21874
6.35361
9.65144
3.55746
2.10083
2.83564
2.69837
17.4963
47.8491
8.14361
19.4231
24.9242
6.8301
4.83476
9.25706
27.6355
7.56849
21.897
12.8436
10.2934
4.11663
2.58503
6.22525
2.58067
3.32405
3.01585
2.07649
1.71806
6.58417
13.9962
7.72491
3.61908
6.42172
2.57586
3.49469
5.36031
21.3125
4.12206
11.2423
5.47203
3.62378
2.50006
3.54251
12.9678
2.19159
8.0564
3.84945
2.97637
1.87246
15.344
29.7423
23.6277
13.4218
12.846
8.60916
5.9962
4.31636
5.23046
2.8392
2.08371
2.60312
1.58109
1.87703
1.83806
6.80768
2.60115
2.14399
2.88158
1.53148
1.47736
4.07955
9.45761
4.57534
3.86584
3.50788
1.97704
2.11379
2.09425
6.16118
3.98833
3.78365
2.52556
1.87396
1.83468
2.98303
11.8486
3.15112
3.95266
3.91967
2.14638
2.18387
12.7704
16.0424
10.4403
7.64832
6.53135
3.09832
6.48838
4.51303
4.0124
6.55358
2.93093
1.88803
2.55212
2.12447
15.9302
33.1519
10.0432
16.2656
25.586
10.4733
7.54296
7.58789
21.8147
4.16747
13.79
8.69085
4.30566
2.77302
7.93983
18.0771
5.2667
6.29589
12.1373
3.55745
2.71228
3.45232
10.9835
1.95764
6.49249
3.02816
2.3798
1.71951
17.8175
31.1196
17.3316
13.5304
17.8931
4.85029
4.34055
46.6362
30.4254
48.9964
22.4681
23.5122
23.0082
12.7422
23.248
4.05068
6.47185
11.9906
12.3708
5.69303
2.88692
16.7655
6.09289
6.15899
11.8316
12.0456
6.73384
3.74558
26.4897
8.82169
7.75778
13.1415
14.1936
6.91463
4.35321
45.5909
45.1106
41.4528
26.6192
24.8007
30.2352
13.9738
22.6953
5.77656
6.52923
13.2446
13.0716
7.39242
3.72606
33.9864
8.11787
11.3854
15.4759
19.4663
7.37046
5.28668
30.8865
6.47025
11.3689
14.3788
19.8806
7.01286
5.31904
43.948
63.8158
62.9883
28.0906
26.6157
28.2923
9.13287
30.1683
5.08291
7.45772
12.2944
14.8107
4.93428
3.34315
29.2566
5.61136
6.22477
8.55121
15.1351
4.8223
2.79006
18.5198
8.31939
24.0422
6.71257
4.21611
8.91304
3.72821
35.3753
76.6633
32.4492
44.5906
41.9275
22.1736
18.4569
14.4845
43.7583
9.26211
32.4864
19.3253
10.673
6.18715
30.9606
36.5281
34.2279
28.1479
29.7935
21.942
24.2665
35.0911
32.9787
44.6586
31.0058
33.0962
21.5352
19.7347
36.9539
38.9344
32.2987
34.5568
36.3851
29.3492
27.5235
27.3617
33.8588
12.1033
34.1124
21.129
21.8582
15.6142
42.2209
54.3732
39.84
42.5399
35.8648
31.7977
29.5872
33.4498
31.4469
50.6654
33.9181
28.5554
20.6632
20.1401
29.0141
67.7865
31.7419
41.9548
37.1756
29.1198
25.9586
30.0532
40.0948
18.1846
23.9841
31.5882
23.1401
20.8111
50.8601
46.2654
67.8195
36.9988
36.0039
49.285
32.8524
29.1193
25.2944
29.9394
25.7796
25.6492
21.7709
21.9444
20.1349
32.2942
23.1526
21.2668
25.5798
18.1156
17.3819
33.1287
27.8762
27.9831
22.1893
25.7309
20.3819
23.0681
23.0869
27.4951
22.14
20.9835
25.5093
18.6453
17.3911
29.1379
29.9489
25.3066
25.6598
25.7919
21.7747
21.9428
20.1439
32.3092
23.1641
25.5951
21.2782
18.1243
17.3884
33.1687
28.0127
27.9127
22.2231
25.764
20.4113
23.0983
23.1287
27.5288
22.1842
21.0245
25.5534
18.6887
17.4354
30.9284
36.5169
34.2008
29.7819
28.1308
21.9343
24.2364
35.104
44.6571
32.9883
33.092
31.0063
21.5414
19.7565
18.6322
8.26494
24.0942
6.70838
4.06469
8.9761
3.56745
35.4356
32.4973
76.6971
41.9683
44.6404
22.3168
18.5484
14.5352
43.7648
9.23633
32.4947
19.3572
10.6913
6.03663
36.9401
32.2741
38.9379
36.3013
34.4862
29.086
27.4526
27.1393
33.6493
12.5572
33.7626
21.4707
21.644
15.7432
41.2555
54.274
39.6138
34.6685
42.2349
31.057
28.3099
19.2317
13.5501
23.6476
7.89268
7.14681
9.84114
5.97649
40.4789
33.8805
51.7334
34.8437
45.4162
24.342
21.899
19.522
46.7135
9.36188
16.6474
30.7887
9.12342
7.12874
19.134
30.0588
10.9566
26.781
18.7099
21.3021
14.9758
29.0195
31.7544
67.7603
41.9057
37.1739
29.1054
25.9602
30.0543
40.0909
18.2168
23.9612
31.5803
23.1388
20.8172
50.8663
46.2424
67.7178
36.9638
35.9885
49.2579
32.8668
45.1027
45.4868
41.4195
26.418
30.1734
24.5585
13.7723
33.9427
7.96529
11.266
15.2743
19.3196
7.16363
5.25245
22.4844
5.65602
6.37879
13.0168
12.9146
7.21055
3.6879
30.8197
11.2938
6.50137
19.7387
14.3125
6.96043
5.29773
63.7008
43.8646
62.8824
27.9405
28.044
26.5046
9.17134
29.9856
5.09834
7.47523
12.2504
14.7224
4.86513
3.31451
29.0605
6.1862
5.56297
14.971
8.55955
4.78827
2.77406
30.9273
49.1957
47.1761
23.6648
22.7941
23.849
12.5877
26.1052
8.6257
8.7319
14.5399
13.1261
7.24237
4.95273
23.4994
4.2379
5.05906
9.97263
12.2426
4.83151
2.77496
6.63579
7.79267
14.042
3.62516
6.47407
2.57865
3.51145
5.36014
4.29163
21.4591
5.55962
11.2356
3.68458
2.54765
3.53104
12.9935
2.25883
4.00306
8.04084
3.11897
1.92405
15.5452
29.7194
23.761
12.9285
8.6541
13.4698
6.18751
4.26734
2.82074
5.24419
2.082
2.57103
1.56985
1.8697
1.83429
6.86077
2.6045
2.14989
2.88947
1.53148
1.47758
4.11466
4.49774
9.48839
3.52756
3.92234
1.99036
2.13641
2.099
6.20994
3.99875
2.54446
3.84182
1.88771
1.8327
4.48536
4.0882
6.66078
2.95442
1.88385
2.53561
2.14584
15.8514
9.91393
33.1796
16.2989
25.6276
10.5654
7.49892
7.79343
21.7792
4.24853
8.71711
13.8955
4.3313
2.78835
2.16351
4.67356
1.89021
4.56275
2.68766
2.40041
1.70666
7.85698
5.02638
17.9714
6.19501
12.0553
3.51157
2.66275
3.35245
11.1013
1.95002
3.11783
6.43628
2.37907
1.69017
16.8778
31.0199
17.6062
13.3518
4.93198
17.9279
4.44067
30.6455
46.7033
49.0536
22.511
23.1294
23.4726
12.6204
23.2125
4.27567
6.45557
12.1146
12.2395
5.97416
3.08007
26.4656
7.77839
8.6896
14.2425
13.0413
7.02133
4.52685
7.13386
1.87826
2.53567
2.2421
3.28047
1.76195
1.60634
1.54369
3.12494
2.00307
1.78156
2.50268
1.6104
1.45517
5.51865
2.82537
5.20126
2.19992
2.27781
3.46002
1.8796
2.07527
1.77719
2.23695
1.52372
1.36934
1.45335
1.4021
3.242
1.81524
2.48572
1.73334
2.66275
1.52619
1.53792
2.64738
1.57993
2.10015
1.62868
2.18508
1.49502
1.46642
2.97656
1.84488
2.75404
1.64466
2.34543
1.50391
1.59511
2.65882
1.52144
2.00731
1.55881
2.10721
1.43829
1.4198
8.1112
2.03817
2.8126
2.30376
3.36895
1.69827
1.62498
1.45752
3.10108
2.17491
2.5439
1.58149
1.52555
1.44912
8.89902
2.28101
4.84773
2.3325
3.8936
1.83822
1.7403
2.42896
2.51409
2.71282
1.54644
1.43851
1.50494
1.47171
4.46889
4.38758
6.50471
2.86443
1.89298
2.16933
2.57044
7.78093
21.4164
3.94605
13.6579
7.96889
4.18806
2.78752
15.675
33.1522
8.83307
25.5546
16.0431
10.5625
7.13053
3.46073
11.1455
1.87615
6.64907
3.1434
2.44751
1.74362
7.94282
18.3032
4.6925
12.3926
6.47559
3.95902
2.74709
17.3174
17.693
30.9267
18.5628
4.98716
13.6642
4.69307
2.41853
11.1688
2.80428
3.43396
3.72124
1.94843
1.82483
12.7429
9.0208
15.7888
5.16868
6.98793
2.68777
5.08844
4.38147
6.98862
8.02653
3.13598
1.8098
2.18459
2.55248
7.46809
27.5632
4.94826
11.6868
22.1081
9.11035
3.41959
17.1786
47.9742
8.19277
19.2273
25.325
7.19879
4.58303
5.98989
1.65077
1.79532
2.59499
3.48877
1.95628
1.45765
2.99733
11.569
1.83918
3.08867
6.58588
2.24746
1.54964
4.88345
20.1217
3.71642
9.8647
4.9206
2.77653
1.97543
14.7537
22.3746
29.6296
6.15993
12.5797
11.7047
4.04789
2.69087
6.40392
2.6187
2.84848
3.35403
1.97225
1.64378
6.66895
8.0825
14.173
6.23106
3.75749
2.58861
3.76064
5.40219
9.27066
13.2351
5.02695
2.402
2.932
3.44052
10.6768
36.9501
7.57825
22.9667
15.557
11.3729
4.81508
20.2218
43.9242
17.6676
26.3763
20.4995
7.62589
7.33529
2.96671
15.6806
3.98518
5.09302
6.35504
2.73917
2.34459
8.80441
6.36892
15.846
4.6698
5.56633
2.65542
3.3506
10.6077
24.3988
5.18224
17.2856
9.43223
5.95313
4.75512
15.9917
32.532
10.6934
21.0137
14.173
7.05979
5.57245
28.0532
34.9077
40.4071
28.0598
17.1678
19.5441
10.6371
7.61517
9.03546
14.0324
3.65949
5.32764
2.06531
2.86932
6.16055
18.5739
3.60131
5.55125
12.0594
3.93322
3.01022
11.6639
28.583
6.93295
10.791
16.6077
5.19721
4.15456
25.2125
34.8538
48.3112
12.4188
17.5809
24.976
6.99369
21.1541
17.027
19.6627
18.2455
19.3614
16.2019
15.2731
17.7734
24.0634
17.8084
18.8277
19.0824
16.6013
15.7059
22.3972
22.1639
26.6882
20.2184
19.0109
20.5909
17.7271
17.5683
16.3507
17.7235
14.5899
12.8259
13.8552
13.4155
15.3995
18.9471
17.9402
14.836
17.1404
13.4083
13.8024
18.3669
14.3497
16.5301
14.4072
16.6476
13.0517
13.0186
26.3043
16.3769
23.0874
16.2129
19.6256
13.4125
14.1159
14.895
22.0096
18.4883
16.33
21.1255
14.1476
12.7436
36.3516
25.5474
27.7504
20.021
18.7093
23.2499
15.6577
19.8176
14.836
17.4905
11.9979
10.5485
10.8837
12.086
15.0102
26.5201
17.4831
16.9828
22.5013
14.7065
13.7289
21.4158
14.1195
17.7107
14.3229
18.0461
12.4582
12.369
18.947
15.4008
17.943
14.8356
17.1403
13.4076
13.8034
18.3648
14.3495
16.5322
14.4055
16.6454
13.0501
13.0183
17.0358
21.1602
19.6716
18.2569
19.3687
16.212
15.2806
17.7678
24.0671
17.8109
19.0852
18.8254
16.6021
15.706
22.4003
22.1669
26.6938
19.0127
20.5941
20.2191
17.7288
17.5776
16.3588
17.7315
14.5988
12.8306
13.8613
13.4235
26.4393
15.0121
17.4851
16.9675
22.4425
14.6935
13.7208
21.3569
14.0482
17.635
14.2554
17.9708
12.3589
12.2673
16.4587
26.3397
23.2017
16.2469
19.6649
13.4416
14.181
14.8986
22.0162
18.4886
21.1286
16.3286
14.1443
12.7442
36.3615
25.5454
27.7584
20.0213
23.2587
18.7064
15.6559
19.9308
14.8832
17.535
12.0242
10.5813
12.1307
10.911
5.38245
9.39033
13.3783
5.05724
2.39822
2.92464
3.45981
10.7662
7.61333
36.9568
15.6249
23.036
11.5237
4.81557
20.3224
43.9605
17.7516
26.5086
20.6473
7.74359
7.45637
3.25331
12.3276
3.02507
6.65135
6.29615
4.08197
2.42991
10.596
5.17857
24.3332
9.44397
17.2477
5.94779
4.74797
16.0175
32.5123
10.754
20.994
14.2273
7.10972
5.55738
28.0179
34.8734
40.3877
17.154
28.0215
19.5545
10.6838
2.97521
15.7595
4.01326
6.42494
5.14156
2.75899
2.35184
8.95202
6.41772
15.9736
5.61116
4.70505
2.66291
3.38238
6.73805
7.80258
10.6793
3.75291
1.7807
2.56759
2.75675
7.69517
9.30199
37.3367
16.5437
25.8394
9.38448
3.55843
20.3093
53.6848
9.81718
25.3512
25.1331
7.12005
5.98154
6.15987
3.6171
18.4884
5.5261
11.9764
3.92874
3.02698
11.5672
28.4342
6.88126
10.6378
16.4823
5.1761
4.15027
25.0739
34.764
48.263
12.2771
17.3907
24.882
6.94819
7.77449
9.37883
14.0897
5.27853
3.72
2.06194
2.90465
12.7626
9.19186
15.7913
5.21021
7.06007
2.70312
5.23364
3.49739
1.90422
10.8693
3.03997
6.60461
2.48221
1.78056
7.94816
18.329
4.67684
6.40716
12.392
3.94648
2.73132
18.18
17.3321
30.9384
4.94248
13.6975
18.4311
4.56043
4.33154
6.83763
7.95672
3.10521
1.7642
2.13936
2.49984
7.4125
4.86451
27.5754
11.6354
22.0739
9.00274
3.41079
17.1583
47.9514
8.20529
25.3322
19.2568
7.13975
4.53726
6.48871
7.9258
14.3087
6.04498
3.68048
2.45276
3.60426
3.01855
1.94477
11.7105
3.17221
6.69651
2.33733
1.60711
4.83296
20.2262
3.6748
4.93466
9.86637
2.79987
1.96971
15.06
22.5979
29.556
6.16409
12.1147
12.6589
4.26741
1.88179
7.01547
2.50656
2.23693
3.23911
1.75152
1.60366
1.53646
3.063
1.97562
1.75145
2.45449
1.59433
1.44975
5.44426
2.76258
5.12107
2.24538
2.14583
3.41694
1.85202
2.05032
1.75564
2.19744
1.51457
1.36823
1.39847
1.44916
1.80554
3.23443
2.45342
1.72424
2.6363
1.5189
1.53083
2.64038
1.57595
2.09594
1.61961
2.17176
1.4886
1.46293
1.8487
2.9869
2.76088
1.64178
2.35122
1.5042
1.59902
2.67464
1.52165
2.00946
1.5601
2.11146
1.43816
1.4193
2.07205
8.36942
2.85109
2.36913
3.41174
1.72206
1.644
1.45864
3.10538
2.18667
2.55477
1.58399
1.53024
1.45192
8.96232
2.32292
4.87161
2.36464
3.92345
1.85837
1.7584
2.43478
2.53317
2.72003
1.54936
1.43972
1.50713
1.47341
7.36847
2.75557
1.9331
3.10967
2.20639
1.72997
1.63197
1.51042
3.08436
2.02604
1.69856
2.49437
1.57097
1.43802
8.16564
5.13315
2.58062
2.05007
3.79492
2.36541
1.84855
2.20073
2.08358
2.44342
1.53213
1.39434
1.48333
1.41785
2.68736
1.82906
3.02197
2.39527
1.69613
1.52051
1.59149
2.92729
2.30392
1.59966
2.35758
1.65066
1.49883
1.47665
1.41422
1.7039
1.71057
1.51077
1.32318
1.36073
1.36059
1.41497
1.95969
1.83091
1.70474
1.36101
1.40387
1.37996
5.83483
2.21562
1.58797
2.92919
1.91771
1.5498
1.43528
1.40962
2.69797
1.91594
2.22903
1.49786
1.42557
1.37574
5.17527
4.79195
2.39207
3.20942
1.81938
1.97162
1.61072
1.92363
1.76487
2.02472
1.39241
1.33534
1.34909
1.35475
2.1623
1.52509
2.42583
2.06171
1.45798
1.3743
1.40273
2.09836
1.80158
1.39356
1.77278
1.39266
1.33435
1.33616
25.2496
29.4945
52.6381
12.1505
25.4192
27.6718
10.714
3.57776
8.63915
9.80645
3.28143
1.63166
1.72265
3.00089
12.3489
2.17841
4.00101
5.23083
10.4405
3.63884
1.86109
50.1627
23.8762
24.9367
24.5648
26.2535
9.8694
9.15104
3.8755
3.43485
8.77742
2.80227
3.38231
1.79705
1.98367
2.02716
4.79337
3.30324
2.23675
3.15754
1.72665
1.72878
23.0029
25.0363
46.9582
6.97865
23.4897
23.4078
8.24336
3.34563
9.72927
9.20328
2.9571
1.65989
1.62674
3.09607
10.3135
1.62724
3.13613
3.02114
8.94921
2.93385
1.5972
46.719
23.2719
23.9995
22.8236
23.4822
7.95356
8.58434
12.1464
7.35355
17.2941
5.18348
9.49884
3.38523
4.04807
3.55813
12.1383
5.03162
4.00597
6.15891
2.64399
2.39099
8.25688
5.05455
13.5347
4.31667
5.91813
2.76464
3.22076
3.21436
12.1928
4.53545
3.75295
5.70798
2.52095
2.26776
23.5588
10.5537
21.1017
11.7237
23.0686
13.5979
12.5512
19.1947
25.4763
21.936
18.2172
24.3519
16.6047
17.8558
25.9505
15.9597
28.0077
16.5526
13.3211
25.4686
14.7554
21.5395
21.1829
22.8589
15.6046
16.5313
14.9808
16.8741
9.9384
19.6762
18.1635
9.13544
18.6323
11.9433
12.182
17.2724
8.81539
17.9457
8.7395
18.0806
11.9385
12.2163
28.7442
12.4247
23.2224
15.0637
24.9486
17.651
16.5668
19.7542
27.7634
24.2939
21.2966
26.1264
19.791
18.3724
29.8792
22.0529
34.6036
16.7132
22.2093
26.5961
18.7854
23.2896
20.4397
25.339
18.7628
16.6403
17.0767
17.6424
11.8559
23.0904
19.6099
10.8604
22.5315
15.1122
16.0467
17.57
9.57323
18.3777
9.95075
18.8447
13.5617
13.0772
16.9919
16.674
19.529
15.7717
14.4707
14.9772
16.3817
16.9819
16.6763
19.5306
15.7742
14.4662
14.9749
16.3668
13.5015
13.5971
13.7581
12.3554
11.6999
12.342
11.724
23.5627
21.0948
10.5494
23.0546
11.7186
13.5938
12.5516
19.1736
25.4565
21.9241
24.3271
18.1942
16.5859
17.8337
25.9488
27.9775
15.9688
25.4433
16.5454
13.3188
14.7478
21.5174
21.1674
22.8339
15.5904
16.5128
16.8535
14.9715
19.6731
9.93578
18.1653
18.6303
9.13229
11.9473
12.1853
17.2714
17.9449
8.81267
18.0792
8.73606
11.9424
12.22
23.1346
11.8638
19.6147
22.5867
10.865
15.1447
16.0752
17.5687
18.4261
9.57135
18.8864
9.9479
13.588
13.1107
8.20735
5.02619
13.4285
5.90679
4.29098
2.77105
3.22513
3.2054
12.1026
4.53548
5.69508
3.73786
2.52668
2.27543
29.514
25.0855
52.6163
12.1213
27.8312
25.1902
10.6944
3.57921
8.64736
9.80971
3.28333
1.63106
1.72155
3.00297
12.353
2.18048
4.00609
5.23654
10.444
3.63998
1.86129
50.147
25.1108
23.7338
26.2491
24.518
9.87689
9.1536
3.89709
3.44422
8.83658
2.81691
3.41369
1.79789
1.97532
2.03909
4.84002
3.39244
2.24558
3.21965
1.73224
1.73689
4.00342
2.64589
5.06395
2.43868
1.99453
1.46683
1.67892
1.65817
6.20723
2.23862
2.59089
2.0044
1.44115
1.37994
25.3953
23.1117
47.0422
7.05005
23.6168
23.6073
8.01314
46.8214
24.2762
23.3522
23.7033
22.931
7.66672
8.34036
7.8074
1.93063
2.81904
2.2388
3.14919
1.74878
1.64393
1.51336
3.07173
2.0333
1.70946
2.51222
1.58042
1.44322
8.37802
2.58057
5.14924
2.37425
2.07101
3.79771
1.8578
2.2053
2.08099
2.44654
1.53796
1.39361
1.41894
1.4866
1.82826
2.71752
3.06171
1.69286
2.39607
1.51957
1.59809
2.9474
1.5914
2.26504
1.64637
2.33528
1.49093
1.46527
1.41696
1.98003
1.84176
1.71894
1.36252
1.38141
1.40685
1.53159
2.16602
2.43307
1.46129
2.06403
1.37705
1.40582
2.0973
1.39341
1.79877
1.39178
1.76941
1.33335
1.33532
3.31073
2.86995
1.81366
2.81514
1.72335
1.56946
1.62268
2.73518
2.32512
1.59718
2.29243
1.59758
1.48508
1.47875
2.82201
1.91314
6.94196
3.64322
2.28539
1.86851
1.68062
1.56823
2.13751
3.38435
2.77464
1.82995
1.66496
1.48346
2.3579
1.98161
2.59514
1.61299
1.41207
1.52658
1.44678
5.83547
5.70332
2.92386
3.86202
2.34059
2.27141
1.9391
1.4319
1.72763
1.71699
1.51203
1.32648
1.37421
1.36559
1.41017
1.86966
1.874
1.67043
1.35275
1.38185
1.38235
2.33574
2.19156
1.5496
1.88465
1.43925
1.35426
1.40019
2.14291
1.79837
1.39096
1.82275
1.40861
1.34213
1.33465
2.2742
1.69633
6.7327
2.81509
1.9787
1.52403
1.43608
1.42084
1.96857
2.93806
2.26031
1.52603
1.43552
1.38503
1.94402
2.09148
2.22715
1.41961
1.34987
1.38106
1.37155
8.43408
4.885
2.27218
3.54834
2.1915
1.83086
1.65307
46.9611
22.8196
25.1156
23.3772
23.4796
7.01203
8.06701
7.64647
2.40672
6.99366
2.61149
1.56623
2.76998
1.52061
46.7365
23.1528
24.1153
22.6917
23.5792
7.81056
8.44943
6.16737
2.38924
1.63874
5.78627
2.51741
2.48849
1.50244
4.32741
5.30718
2.89847
2.63839
2.22155
1.54474
1.78601
1.85247
2.46814
6.4771
2.79052
2.18277
1.5473
1.47384
3.84371
9.02218
3.42184
3.31908
2.73383
1.63382
1.81181
1.8326
2.86467
4.95386
2.95837
2.07003
1.55915
1.55985
52.6316
25.538
29.1813
25.5202
27.5057
12.2143
10.7849
10.4919
3.96373
11.5262
3.50652
1.70865
1.76319
3.27512
50.1545
24.0048
24.7603
24.8288
25.9144
10.0153
9.29347
14.1806
4.16689
1.95044
12.6902
4.25251
3.76848
1.82564
8.21134
13.263
4.96525
5.8646
4.22891
2.75754
3.19463
3.0925
4.48579
11.8762
5.64616
3.64079
2.48729
2.23858
11.4241
17.1302
7.01818
5.10531
9.03992
3.31972
3.91557
3.6263
4.96882
11.8522
3.98042
6.06648
2.64091
2.40203
19.3951
11.5091
22.9008
10.4916
22.3569
14.7483
15.707
17.3362
9.1907
18.1629
9.58274
18.6324
13.1538
12.637
12.1112
23.0579
28.5929
14.7523
24.8852
17.3942
16.2591
20.1465
24.8899
28.0238
26.329
21.4155
19.875
18.7176
23.575
20.9244
25.5808
18.8573
16.814
17.7429
17.3278
29.6532
21.7204
34.6937
16.4157
26.561
22.0673
18.5576
18.3871
10.3141
19.8765
9.56494
18.8749
12.4974
12.7198
17.5338
9.24103
18.1959
9.16971
18.3385
12.4747
12.718
10.9398
21.2799
23.6224
12.0855
23.141
14.1096
13.1069
18.9602
21.5389
25.0102
23.9801
18.3249
16.8319
17.757
21.4425
20.7873
22.6278
15.8953
16.5298
15.3316
16.8613
25.9306
16.3424
27.8413
13.7357
25.4157
17.0334
15.2628
13.8341
14.1111
13.8037
12.6016
11.946
12.6364
11.9441
16.7592
19.2598
16.5718
15.6406
14.2566
14.8233
16.1519
13.8337
14.1103
13.7999
12.5966
11.94
12.632
11.9393
16.7711
19.2629
16.5799
15.6463
14.2653
16.1609
14.8361
19.3911
22.8948
11.5081
22.3499
10.4899
14.749
15.7072
17.3326
18.1612
9.18827
18.6296
9.58073
13.1562
12.6401
23.0532
12.1118
28.589
24.8819
14.7532
17.3958
16.2601
20.1398
24.8904
28.0161
26.3206
21.41
19.8703
18.7113
23.5682
20.9214
25.5731
18.8527
16.8083
17.3213
17.7384
29.6492
34.6895
21.7199
26.5566
16.4174
22.0679
18.5588
21.3297
10.9149
23.6428
23.2017
12.0555
14.1455
13.1299
18.98
21.5251
25.0159
18.3721
24.0089
16.8813
17.7857
21.5001
20.7863
22.6756
15.9483
16.5624
15.3805
16.8928
25.9764
27.8981
16.2762
17.0616
25.4799
13.6859
15.2953
8.24786
13.2432
5.00262
5.86738
4.23501
2.76992
3.21758
3.08426
4.48138
11.8369
5.62831
3.62174
2.48155
2.23406
11.6023
17.152
6.99781
5.11729
9.16998
3.35769
3.95874
3.65336
5.01249
11.9055
4.01437
6.12835
2.66984
2.42388
46.9579
25.4284
22.7574
23.6701
23.284
7.02543
8.09439
7.66462
2.41168
7.02467
2.61742
1.56661
1.52166
2.77305
46.7398
24.3231
23.0334
23.7716
22.6104
7.83589
8.45572
6.18659
2.39781
1.64346
5.80054
2.52466
2.496
1.50451
4.41133
5.35382
2.95509
2.23739
2.6448
1.54931
1.79957
1.85891
2.47886
6.53535
2.18936
2.81653
1.54828
1.47655
3.79583
9.05127
3.41507
2.71294
3.31782
1.63436
1.8015
1.82536
2.95378
5.14883
2.06943
2.97737
1.54689
1.54782
3.25557
1.8118
2.80227
1.71341
2.77936
1.55745
1.61052
2.6966
1.58736
2.28013
1.58598
2.25244
1.47186
1.46549
1.92324
2.76107
7.1821
2.30778
3.5917
1.86642
1.67944
1.58385
2.14776
3.39365
2.75769
1.8386
1.66535
1.48986
2.31663
1.97347
2.55894
1.61141
1.40927
1.52317
1.44966
5.78582
2.80247
5.35411
2.3051
3.79177
2.2275
1.92145
1.43901
1.74307
1.72188
1.51916
1.32855
1.36714
1.37916
1.40982
1.87458
1.88006
1.67899
1.35498
1.38477
1.38431
1.73101
2.31445
7.0492
2.04155
2.84111
1.54306
1.45731
1.41926
1.96842
2.89892
1.51708
2.24565
1.43249
1.38688
1.94581
2.08841
2.21833
1.41918
1.34932
1.37275
1.38075
8.4348
2.26921
4.83689
1.81666
2.204
3.50986
1.64884
2.31869
5.6971
1.80469
2.87572
1.9919
1.6635
1.53113
1.57102
1.9836
3.30883
2.4606
1.78259
1.5915
1.4584
1.93632
1.86733
2.1794
1.48604
1.36509
1.3977
1.41898
6.88902
5.21071
2.6636
3.75784
2.14876
2.26736
1.86187
2.15478
2.67768
1.7026
2.03907
1.6112
1.45777
1.47191
2.60585
2.16087
1.5833
2.09742
1.60851
1.47921
1.48046
2.65298
3.04761
1.73022
2.64827
1.62437
1.48975
1.53177
2.57387
2.10671
1.54599
2.05436
1.52784
1.41901
1.43345
2.60737
7.17307
1.84892
3.37186
2.23358
1.6989
1.57596
1.46182
2.09139
2.98819
2.49373
1.60207
1.52215
1.42629
2.22634
1.92578
2.35082
1.49516
1.38092
1.39895
1.45058
5.69007
5.11224
2.58151
3.49786
2.18415
1.93963
1.73262
5.10062
3.92522
20.8719
5.1685
10.518
3.0826
2.1068
2.95158
12.1331
2.0033
6.9562
3.54166
2.60836
1.74628
15.2309
29.846
23.0156
12.4388
12.904
7.59715
5.04604
2.31922
2.37577
5.8256
2.75198
2.91454
1.72481
1.49494
6.52501
12.8963
7.0411
5.58447
3.28022
2.24187
3.28629
16.721
7.20386
48.1103
25.004
18.8863
7.00499
4.31965
7.74223
27.5639
4.75126
22.2139
11.8099
9.31933
3.48576
2.6094
2.90164
11.6311
3.8765
3.72999
2.12076
1.92697
12.6959
15.8511
9.33753
7.3711
5.82373
2.96872
5.38086
15.6162
8.89402
33.0967
25.4281
15.9854
10.4124
7.17077
7.65018
21.3676
3.95736
13.5411
8.08373
4.21354
2.82422
2.71424
2.69058
9.47191
2.93471
3.80576
1.82207
1.59404
8.1393
14.3158
9.35145
5.55413
3.8261
2.24823
3.01037
11.6259
6.81482
28.1555
10.6534
16.4851
5.11625
4.13853
6.30212
18.5331
3.69747
12.2485
5.53986
3.96348
3.10535
24.985
48.2749
34.4487
17.019
24.8882
12.2068
6.87434
8.05848
6.99401
11.1814
4.06911
1.98709
2.8776
2.87163
20.4949
9.5127
53.8141
25.046
25.4522
7.11716
6.07822
8.30114
37.4394
9.94183
26.2432
16.7502
9.88794
3.82704
3.07913
11.9445
3.35384
5.87381
6.52481
4.12896
2.55797
15.4978
10.218
32.4992
13.5438
20.7242
6.59805
5.66706
10.2182
24.2954
5.1991
8.82674
16.8961
5.99857
4.61988
27.8505
40.452
34.9472
19.2907
16.7302
27.9202
9.8666
9.03632
5.34766
12.8019
4.95154
2.29335
3.38406
2.83351
20.3104
17.7666
43.9464
20.6278
26.3967
7.54001
7.28227
10.0757
36.8993
7.46296
15.3168
22.819
11.1366
4.67959
23.1059
26.3169
16.3784
19.6726
16.2438
13.4579
14.1296
15.2113
18.6425
22.292
21.2316
16.6226
14.2962
12.9254
19.8454
14.8731
17.5319
12.0419
10.6059
10.9326
12.1184
36.3308
27.9473
25.7275
23.3157
18.9517
20.075
15.7701
17.3754
14.8868
26.3302
22.2952
16.7793
14.5143
13.5787
21.3096
17.5043
13.8746
17.8767
14.1059
12.1974
12.094
17.8025
15.4094
18.8841
17.1347
15.011
13.6477
13.9312
18.2335
16.4693
14.4212
16.5736
14.4688
13.1936
13.1659
17.3703
26.3262
14.8807
22.29
16.7731
14.5081
13.5727
21.3057
17.5028
13.8717
17.8717
14.1006
12.1917
12.0895
23.1022
16.3749
26.3136
19.669
16.241
13.4547
14.1261
15.2124
18.6392
22.2917
21.2295
16.6247
14.2943
12.9219
19.8418
14.8681
17.5275
12.0388
10.6037
10.9301
12.1151
36.3325
27.9482
25.7361
23.3147
20.0773
18.9556
15.7694
19.4695
16.9048
21.0528
19.278
18.2529
16.2657
15.2642
17.5887
17.727
23.9423
18.6882
19.0204
16.5262
15.5999
17.4343
16.2931
17.6546
14.6528
12.8701
13.8774
13.4774
22.3669
26.6024
22.0899
20.1265
20.5448
18.9662
17.6746
2.72618
2.71921
9.54961
2.96201
3.84374
1.82367
1.60102
8.1472
14.4224
9.42738
5.698
3.84488
2.23653
2.99025
20.4688
9.5821
53.8175
25.4225
25.131
7.08567
6.03086
8.21034
9.85984
37.4097
26.1738
16.702
9.80711
3.79908
15.7201
10.2928
32.5703
20.9448
13.8593
6.77382
5.79025
10.3769
5.18313
24.3238
17.107
9.19107
6.0267
4.63451
27.2704
40.3945
34.8622
27.9864
19.6208
16.7948
10.6249
8.19638
15.6748
6.28068
4.66556
5.33151
2.65319
3.2299
20.158
17.6358
43.9454
26.2828
20.5423
7.50147
7.12593
10.2191
7.51876
36.82
22.8015
15.3589
11.0738
4.74905
1.87936
1.74646
6.52033
3.72571
2.98556
2.21035
1.50567
5.17991
3.9435
20.8941
5.1317
10.5824
3.07134
2.10403
2.98187
1.89353
12.0807
3.45687
7.02553
2.57162
1.70369
15.041
29.8036
22.9979
12.2434
7.67326
12.9456
4.98467
7.05492
4.91582
8.36335
3.1943
1.81093
2.53934
2.23353
16.7573
7.27948
48.0692
25.0169
18.9501
7.02242
4.33484
7.82814
4.78167
27.5871
11.8139
22.2078
9.31333
3.50604
12.562
15.7222
9.29857
5.58889
7.19433
2.77643
5.32986
8.29005
4.87323
18.4038
12.52
6.58668
3.93259
2.65081
3.65796
1.94444
11.0114
6.82467
2.97259
2.47654
1.80205
17.9976
31.1234
17.1818
18.48
13.6911
4.88083
4.51766
4.36363
4.10211
6.18775
2.85377
1.89788
2.5891
2.15441
15.6313
8.95152
33.0382
25.3477
15.8662
10.3326
7.15546
7.33332
3.8921
21.2125
13.2988
7.76091
4.13408
2.76866
2.15167
1.70989
2.71133
2.04249
1.61825
1.45985
1.4734
2.64543
2.17373
1.59178
2.10722
1.61747
1.482
1.48436
2.60917
1.83842
7.06767
3.36113
2.2171
1.70982
1.57848
1.45947
2.09954
2.9908
1.6032
2.50864
1.52874
1.42912
2.2425
1.95988
2.3833
1.50817
1.38631
1.45844
1.40798
5.69024
5.1299
2.55745
1.94777
3.51462
2.18346
1.7432
48.9447
46.6187
30.3805
23.7403
23.0226
22.5992
13.0993
26.7333
9.31676
7.62256
13.7135
14.3778
7.06792
4.18583
23.4985
6.48811
4.44035
12.634
12.459
6.03895
3.21536
1.93131
5.21751
2.39954
2.87147
5.46036
2.66554
1.802
4.02425
2.20876
11.7922
3.81091
7.71231
2.85889
1.93859
8.43517
18.6561
4.74908
12.8079
7.22136
4.77065
2.8475
17.8229
18.4837
31.0068
5.44908
19.2086
13.8344
5.13655
7.83175
4.53778
21.7647
8.82863
13.7763
4.3595
2.89079
15.6493
33.1769
9.99802
25.4793
16.2862
10.4872
7.56118
2.6162
2.64968
12.0888
4.15298
4.65689
2.43215
1.85131
12.8962
16.2404
10.7308
8.40844
7.2699
3.54551
6.74873
4.9046
5.52515
3.14817
2.85891
2.31315
1.65251
1.92783
1.79665
2.44118
6.79753
2.98621
2.28581
1.59511
1.48249
2.76015
2.7311
6.42333
2.92019
3.19595
1.94558
1.6745
6.68481
14.4616
7.91114
6.5752
3.75422
2.57413
3.59283
8.06869
6.04282
27.5347
21.7677
12.2707
9.8343
3.55827
17.7234
47.6179
8.67525
19.5281
24.7529
6.96293
5.16097
46.8396
49.0407
30.4707
23.5233
22.4428
23.1918
12.2657
23.1614
5.46921
3.9739
12.2075
10.4856
4.40332
2.4889
25.993
8.57648
7.8551
12.9221
14.1166
6.80346
4.12818
16.8225
5.09632
6.25868
10.9838
12.3839
5.70167
3.21615
62.9503
43.9196
63.6373
26.8347
28.2861
28.2076
9.1725
29.4755
5.69208
6.93936
8.90857
15.5854
4.73035
3.01715
21.7003
4.17203
4.45698
11.2392
11.7224
3.86052
2.55319
29.9453
7.2468
5.01281
14.7809
12.4024
4.42579
3.3003
41.5557
44.5458
45.18
24.8774
30.5005
26.3172
14.2536
30.9528
6.30626
11.144
14.0284
19.8967
6.77971
5.11878
34.1455
11.4252
7.99672
19.7238
15.3141
7.40451
5.15141
10.6957
29.9139
19.1085
18.4261
26.7615
21.1876
14.8703
30.0018
17.7964
39.9778
23.676
31.5821
22.9717
20.6017
29.2782
68.0314
31.9627
37.4906
42.1997
29.3853
26.2355
50.8181
67.618
46.3476
35.7742
49.4219
37.029
32.8594
13.4823
19.0976
23.4147
7.70954
7.22779
5.97552
9.8771
19.427
9.05915
46.4576
16.0213
30.6389
8.55763
6.99211
40.4012
51.7993
33.7971
45.3686
34.7654
24.2654
21.9331
27.6478
28.0264
42.0518
30.451
31.0788
22.9555
22.3788
33.6726
31.5473
50.8343
28.8204
34.1339
20.7823
20.0898
27.2486
12.6508
33.6771
21.5462
33.812
21.755
15.8883
36.902
38.9075
32.2299
36.2973
34.4632
29.1186
27.4438
41.2784
39.6283
54.2911
31.1031
34.6762
42.2592
28.362
8.29794
18.4581
24.127
6.74517
3.94254
3.57716
8.69104
14.672
9.42629
43.8846
19.7104
32.6218
10.9109
6.08343
35.4069
76.6571
32.4925
41.9738
44.6027
22.0812
18.3646
35.0319
32.9153
44.5991
33.0305
30.9454
21.4864
19.6384
28.9897
25.1743
29.8711
25.5566
25.6615
21.6597
21.8189
20.0136
23.0427
32.1846
25.4508
21.1357
17.9802
17.2603
33.1245
27.9732
27.8876
25.729
22.1887
20.4
23.0997
23.0224
22.1526
27.4541
25.3055
20.7876
18.2473
17.0382
28.9929
29.877
25.1856
25.6693
25.562
21.6691
21.8305
20.0064
23.0314
32.1767
21.1307
25.4425
17.9756
17.2547
27.6486
28.0263
42.0507
30.4432
31.0734
22.948
22.3762
33.6607
50.8222
31.532
28.8187
34.1214
20.7778
20.0771
19.3907
9.01671
46.4111
30.609
15.9334
8.51527
6.96957
40.3873
33.7858
51.8071
45.3558
34.7525
24.2395
21.9175
27.2883
12.7304
33.7098
33.8047
21.6535
21.8284
15.9831
36.9113
32.2472
38.9182
34.4709
36.3053
29.1306
27.463
41.2776
39.6454
54.2772
42.2431
31.1441
34.6816
28.3734
35.0355
44.622
32.9106
30.9593
33.0388
21.5003
19.7121
14.6191
9.21984
44.007
32.7509
19.7495
10.9207
6.00488
35.488
32.5479
76.6116
44.6918
42.0451
22.4606
18.62
62.9243
63.6141
43.9075
28.2431
26.7833
28.1745
9.1353
29.4166
6.94561
5.67253
15.5487
8.78577
4.71119
3.00909
29.8824
7.2264
5.01752
14.751
12.3836
4.41602
3.29598
21.6627
4.1474
4.43688
11.2183
11.6799
3.85018
2.54371
48.9988
30.599
46.6814
23.1814
23.7306
22.7164
13.06
26.6835
7.85085
9.29336
14.451
13.6539
7.30274
4.50111
23.4692
6.65878
4.6989
12.5742
12.6988
6.51846
3.4331
4.02045
2.1842
11.4718
3.37376
7.45188
2.79449
1.98854
8.3068
4.63614
18.5363
6.85798
12.7151
4.55404
2.75924
18.385
17.9661
30.9844
5.33057
13.8183
18.9144
4.99412
3.80694
4.56477
6.40281
2.89916
1.8722
2.10324
2.58592
7.8283
4.5545
21.8537
8.86476
13.8177
4.37073
2.92726
15.7332
10.2055
33.2022
16.3371
25.5054
10.4445
7.61302
12.9462
10.8887
16.2928
8.46921
7.36004
3.55896
6.8458
3.72612
3.14653
8.79342
3.27037
2.56341
1.64385
1.78684
1.96758
3.90548
4.87528
3.22376
2.01355
1.63202
1.79548
4.81907
3.1121
5.42221
2.2592
2.82431
1.65008
1.92521
1.78849
2.41125
6.75215
2.26036
2.95896
1.59051
1.47583
2.98749
2.0545
11.9637
7.06888
3.42784
2.48805
1.65749
4.99788
4.25694
21.064
10.2876
5.19997
2.9575
2.18544
15.1683
22.879
29.7101
12.8832
6.68918
12.4695
4.76347
6.4664
7.32252
13.8703
3.48373
6.16844
2.35487
3.38517
5.33234
7.72077
8.88392
3.44882
1.94425
2.40255
2.79281
8.03577
6.09372
27.4425
21.7872
12.251
9.87619
3.54836
17.4234
8.10544
47.5974
19.3451
24.4934
6.65359
4.82501
24.5574
52.2995
28.4523
24.7938
11.3847
26.9316
11.2776
11.836
5.26668
12.6251
4.32396
2.00943
3.92738
2.15739
49.7818
24.119
24.9017
24.6327
25.7194
11.5316
10.8374
13.6617
2.03003
5.22212
4.04167
13.003
4.06513
2.08669
22.8628
46.8872
24.8276
23.4316
6.64382
23.3941
8.07428
10.4254
3.29186
9.43194
2.9929
1.76042
1.637
3.35954
46.6061
23.4391
24.1749
22.9938
23.6226
8.38948
9.46784
10.0644
1.57121
3.02067
2.80225
8.76962
2.78929
1.55804
43.9199
41.2393
44.92
24.7829
25.8375
29.9616
14.7133
30.6538
6.7987
11.8949
14.9533
20.0127
8.12118
5.24281
33.6977
8.08866
11.8381
15.2675
19.6428
8.42825
4.99827
10.2704
8.06581
16.8351
5.9119
6.47609
3.06278
3.90274
15.8503
10.515
32.5342
14.3082
21.1884
7.74965
5.7815
11.0909
5.49134
24.2912
10.4866
17.5088
6.586
4.36298
27.2357
40.2384
34.6327
19.6726
17.203
27.914
11.7484
11.5936
6.71161
16.9432
4.8647
8.86767
3.20619
3.86246
3.70842
11.9525
5.09796
3.91652
6.00749
2.58966
2.42631
8.8605
5.16552
13.494
4.43731
6.13464
2.87056
3.33215
3.14903
12.0296
4.48828
3.7889
5.76555
2.59487
2.28975
8.36369
7.10429
11.3646
4.19525
2.1979
3.17813
2.95696
20.6968
10.2169
53.8434
25.6889
25.6287
7.85984
6.48685
8.5676
10.3532
37.5487
17.185
26.4531
10.831
4.00789
1.96276
1.9312
7.32519
4.35334
3.48341
2.48778
1.67398
12.1558
6.77615
28.1423
10.3997
16.6293
4.84541
4.01052
6.1726
3.47057
18.4739
5.28587
12.2455
3.7842
2.88519
24.9826
48.233
34.4992
16.8523
12.0244
24.9308
6.84131
44.1323
63.1255
63.8521
27.1526
28.5439
28.504
10.2699
29.8703
6.01081
6.41209
9.07481
15.4233
4.95547
3.12365
30.0217
5.50898
6.88179
12.9057
14.7438
4.59135
3.58407
35.4054
33.2386
44.7448
31.1993
33.3079
21.8935
20.1798
27.3989
13.1164
33.6652
21.8628
33.8398
22.0221
16.1915
36.8373
32.199
38.883
36.3038
34.4343
29.1532
27.4132
41.3182
39.5886
54.2912
31.1699
34.7118
42.2808
28.4175
13.414
18.962
23.0933
7.30442
7.2974
5.89583
9.6644
19.4113
8.76258
46.5148
16.0824
30.4083
8.36479
6.81045
40.3658
33.6443
51.6661
34.6795
45.3229
24.2676
21.7568
33.2477
31.2588
50.5636
28.4252
33.7797
20.3345
19.5242
29.851
17.6418
39.8964
23.5749
31.4376
22.8354
20.5033
29.2294
32.009
68.0395
42.0935
37.3598
29.225
26.1183
50.6927
67.6001
46.3759
35.5903
36.9434
49.3293
32.6512
58.9249
54.6774
71.5975
40.6855
54.2098
51.6089
39.1517
26.9401
35.2204
35.6842
25.4525
19.7477
19.8924
25.1576
39.4068
21.4091
28.3043
27.9288
37.619
27.2032
21.0348
68.5089
48.7426
48.3137
49.7374
49.0042
36.0194
35.3903
28.9646
25.141
29.8401
25.6347
25.5277
21.6199
21.7776
20.0701
32.2475
23.1141
21.1981
25.522
18.0346
17.3054
33.3305
28.0761
28.0729
25.8752
22.3397
20.5715
23.2935
23.036
27.4708
22.0863
25.4646
20.9702
18.6328
17.3704
54.6241
58.8427
71.5905
40.5831
51.5599
54.1394
39.0555
68.513
48.2929
48.6876
48.9773
49.6913
35.9615
35.3278
58.9269
71.5978
54.6791
54.21
40.6884
51.6095
39.1526
35.2196
26.9407
35.6846
25.4523
19.7471
19.8922
25.1567
68.5092
48.7409
48.3127
49.7367
49.0044
36.0187
35.3884
39.4099
21.4128
28.3065
27.9325
37.6205
27.2054
21.0372
28.9679
25.1464
29.8407
25.6396
25.5284
21.6268
21.7918
20.0763
23.1192
32.2513
21.2042
25.5265
18.0419
17.3119
33.3341
28.084
28.0777
22.347
25.8802
20.5769
23.2993
23.0474
22.1016
27.4844
20.9861
25.4807
18.6489
17.3854
19.0896
8.15655
24.2151
6.82645
4.40543
9.44847
3.46184
35.5463
32.5571
76.654
41.999
44.7115
22.6783
18.8867
14.3685
8.67542
43.7603
19.0049
32.4146
10.2529
5.32963
16.446
8.21354
26.9978
29.4765
16.1834
19.5859
11.8812
36.8485
32.2236
38.8807
36.3648
34.4983
29.3877
27.4748
27.6218
12.6579
33.8685
21.5887
34.1674
22.3179
16.0927
42.2945
54.3791
39.8225
35.9252
31.9122
42.5688
29.6858
33.2508
31.2533
50.5653
33.7789
28.4305
20.3236
19.508
18.9889
13.4891
23.1889
7.3434
7.2725
9.63942
5.92113
40.3901
33.6631
51.6738
45.3494
34.7326
24.3306
21.7825
19.5184
9.11303
46.596
30.5426
16.5909
8.59191
6.91712
29.2391
32.0209
68.0445
37.3668
42.0993
29.2311
26.1262
29.86
17.6648
39.9211
31.4452
23.6006
22.8435
20.5108
50.7108
46.3788
67.6112
49.3306
36.9487
35.6211
32.656
43.8726
44.9048
41.2232
25.7114
24.7076
29.9228
14.6011
33.6504
7.98946
11.6925
15.1397
19.507
8.26938
4.97036
30.627
6.85735
11.9351
15.0256
19.9521
8.11233
5.24162
6.02946
10.2271
13.9951
5.54689
2.58643
3.22079
3.98678
11.1441
8.01864
36.9024
15.7105
23.1417
11.8038
5.17927
20.6183
18.0034
43.9468
21.1315
26.6823
8.85156
8.45436
10.415
8.24992
17.0043
6.62
6.06855
3.09737
3.94896
11.0723
5.41706
24.2776
10.4777
17.521
6.55488
4.32764
15.9346
10.6105
32.5413
14.4188
21.2634
7.79678
5.80906
27.2841
34.6161
40.2228
17.243
19.73
27.9084
11.7996
11.6295
6.74295
17.0267
8.89707
4.87644
3.21212
3.86836
3.70281
5.1205
12.0054
6.0346
3.92091
2.60134
2.4383
8.75747
5.10183
13.4888
4.40535
6.10518
2.85218
3.30259
3.14318
4.49575
12.0646
3.78728
5.77257
2.58834
2.28365
8.72687
9.96674
14.5974
4.04912
5.76592
2.37453
3.25723
7.3231
8.75204
11.8995
4.35853
2.25988
3.05379
3.25234
9.17716
10.7156
37.6027
26.8162
17.2581
10.9887
4.05644
20.7991
10.286
53.9657
25.8948
25.6123
8.0464
6.49033
6.19382
3.47367
18.4861
12.2717
5.30832
3.78186
2.88959
12.0095
6.75522
28.2416
16.6784
10.4535
4.88215
4.00775
24.8161
34.5156
48.3104
24.9328
11.954
16.7593
6.70511
24.2344
28.1125
52.2215
10.2096
24.4539
26.598
10.5255
49.6332
24.0022
24.7266
24.3738
25.4535
11.4867
11.275
10.775
23.4658
21.0153
11.9979
22.9503
13.6529
12.609
18.8542
24.9367
21.5836
18.1135
23.9019
16.493
17.5812
25.7553
16.3566
27.7036
13.7443
16.7864
25.2536
14.9065
21.2598
20.8545
22.5203
15.4562
16.2721
16.6248
14.8051
10.0847
18.2248
19.5988
9.27668
18.5473
11.9315
12.1973
17.3068
8.815
17.8254
8.81956
17.9735
11.878
12.1102
11.3691
19.3029
22.7281
10.3599
22.1559
14.5231
15.47
17.291
9.12746
18.031
9.48422
18.491
12.9837
12.4943
11.9505
28.4764
22.9017
14.5507
24.7545
17.1512
16.008
20.1954
27.9733
24.9881
26.2267
21.2828
19.71
18.7348
29.5504
21.4623
34.5483
16.2227
26.4369
21.8256
18.3206
23.4602
20.9873
25.4672
18.6941
16.7446
17.5979
17.3042
16.9862
21.0921
19.5551
18.3366
19.3304
16.3489
15.3438
17.5912
24.0106
17.7845
18.677
19.0619
16.561
15.6637
22.3915
22.0748
26.6609
18.9619
20.1079
20.5763
17.6857
17.5302
16.3682
17.7193
14.7456
12.9561
13.5792
13.9631
15.4645
17.8578
18.9447
15.072
17.1985
13.707
13.9839
18.3001
14.5201
16.5461
14.5631
16.6485
13.2878
13.2652
14.0572
14.2963
13.8804
12.6974
12.0682
12.0812
12.8058
15.0083
17.4908
26.5207
16.9695
22.5085
14.6999
13.7325
21.487
14.0961
17.7349
14.3187
18.0938
12.4227
12.3233
15.468
18.9452
17.8589
15.075
17.1995
13.7106
13.9878
18.3007
14.5218
16.5468
14.5654
16.6496
13.2904
13.2671
16.9866
19.554
21.0902
18.3349
19.3285
16.3474
15.3444
17.587
17.7793
24.0046
19.0561
18.6722
16.5539
15.6567
17.5288
16.3662
17.7173
14.7443
12.957
13.9638
13.5773
22.3849
22.0674
26.6541
18.954
20.57
20.1016
17.6782
16.7878
16.6538
19.4328
15.7652
14.4008
16.1864
14.9135
14.0466
13.8795
14.2883
12.694
12.0626
12.0753
12.7968
16.4056
23.1188
26.2747
16.2257
19.6153
13.4547
14.1635
15.4591
18.7006
22.4472
16.8963
21.2738
14.423
13.0623
19.8642
14.8766
17.4972
12.0628
10.652
12.1583
10.976
36.3488
26.0679
28.1124
19.271
20.1801
23.3451
15.8832
10.0832
19.6032
18.218
9.2739
18.5505
11.9345
12.2008
17.3025
8.81555
17.8297
8.81669
17.9772
11.8813
12.1149
11.9666
22.9003
28.4684
14.5669
24.7476
17.1502
16.0098
20.188
24.9778
27.9646
21.2768
26.2188
19.7054
18.7277
23.4504
20.979
25.458
18.6899
16.7404
17.5941
17.2984
29.5443
21.4767
34.5377
21.8208
16.238
26.4268
18.3172
22.544
8.65244
4.81765
14.5657
7.6338
4.85522
3.74108
24.9273
10.6633
7.47013
8.48064
15.0215
5.01399
4.37692
27.1212
13.5859
10.2106
16.6859
8.36343
5.96234
7.20766
21.5143
6.56644
3.72089
5.41132
12.8241
4.46993
3.81021
24.8928
10.5459
7.44532
14.7897
8.35245
4.95792
4.35486
22.3883
8.51895
4.75804
14.4043
7.566
4.79118
3.69558
31.101
32.8785
32.8584
14.5382
14.4392
7.43545
15.704
38.7174
35.6082
37.4863
17.152
18.4462
7.37548
17.2868
34.9172
32.4908
35.084
16.8013
18.5896
9.15486
17.2441
35.2562
35.8665
63.8988
33.1161
8.29637
16.9123
16.0882
33.659
31.7127
62.4138
33.2643
8.25027
16.6679
14.9967
35.7583
33.1856
64.6958
34.4247
5.99448
15.6879
15.1302
38.7559
37.2892
35.6945
17.4632
16.7775
5.85161
16.5632
31.0323
33.1505
32.8106
14.3853
13.9219
5.84744
14.8977
35.4584
33.397
64.617
34.2428
7.5702
16.5829
16.1414
35.6896
35.212
63.9012
33.0886
9.15487
16.7555
17.3672
31.6184
33.2107
62.3688
33.1281
9.40812
15.9036
17.0553
31.1537
32.8107
32.9287
14.4922
14.4901
7.48926
15.7275
35.0557
34.9742
32.4813
18.6713
16.9939
9.25886
17.093
38.61
37.2253
35.5869
16.6952
17.3403
5.78297
16.3737
35.2881
35.127
32.6291
17.3564
19.0514
10.1826
17.1695
35.8073
35.1832
63.9265
33.142
8.05837
15.9675
16.7252
35.6928
33.2032
64.7098
34.4077
5.93034
15.5729
15.0725
33.6289
31.7781
62.4827
33.3248
8.02059
16.4958
14.9525
31.1504
32.9211
33.2697
13.9763
14.5132
5.8496
14.9065
10.8959
2.04849
2.84575
3.23549
4.54924
1.98404
1.59498
11.2567
2.86698
1.91776
3.04316
4.60895
1.91316
1.52059
26.7823
10.4278
13.7315
16.401
8.42028
5.88862
7.33605
21.0581
3.68232
6.09015
11.7852
5.71142
4.44858
3.81276
24.8697
7.36349
10.067
8.0597
14.3247
4.87592
4.34242
22.1326
8.10385
4.56622
7.02161
14.0076
4.62209
3.60748
26.8706
10.5698
13.8539
8.53993
16.5309
6.01785
7.48218
21.1041
6.14103
3.71736
11.9101
5.73626
4.5152
3.87496
10.5968
2.0478
2.90883
4.48372
2.9247
1.97406
1.61781
10.0498
1.89282
2.57438
4.09799
2.82628
1.90525
1.54042
10.7702
2.00463
2.79746
3.16263
4.50942
1.95675
1.57831
11.1754
1.8971
2.85689
2.99109
4.58749
1.88323
1.50785
9.88844
2.48403
1.7685
4.04483
2.60459
1.78316
1.49407
9.77664
2.6766
1.96155
2.70611
4.08833
1.82862
1.57989
10.7099
2.85077
1.97715
4.47862
2.96709
1.94122
1.56644
11.3299
2.86286
2.10641
4.61126
3.22793
2.06883
1.62535
21.1144
3.75783
6.27551
5.69703
12.0068
4.54753
3.89818
26.7604
13.3778
10.1813
8.32146
16.322
5.88892
7.26274
22.4465
4.6976
7.97163
6.88068
14.1366
4.77953
3.61026
25.0353
10.1722
7.46816
14.5601
8.16588
4.92537
4.34084
21.1013
6.27999
3.75829
12.0039
5.68331
4.55016
3.90496
26.7656
13.3935
10.1925
16.3241
8.31936
5.8937
7.27216
22.3533
7.8637
4.66357
13.9341
6.79239
4.7249
3.58216
25.0203
10.0046
7.45035
14.2697
7.98439
4.83863
4.30136
9.90606
1.75926
2.47586
2.61546
4.04612
1.78431
1.49051
9.83983
2.68741
1.99066
4.11515
2.76022
1.84715
1.59599
10.8522
2.0388
2.9138
3.06422
4.53311
2.00175
1.59908
11.3545
2.89702
2.1285
4.63183
3.25327
2.10055
1.63769
31.375
33.3322
62.2087
32.8735
7.73885
14.6188
16.2079
32.847
35.3088
64.559
33.9027
5.71691
14.2096
14.9749
34.8792
35.4088
63.724
32.7087
8.05478
16.451
15.7213
34.8542
32.2733
34.7573
17.073
18.7358
9.97354
16.9237
38.6445
35.3427
37.0499
16.3162
17.1413
5.33408
15.7625
34.8505
32.3342
34.9399
18.2727
16.6385
8.68409
16.7822
31.3791
33.1096
33.1451
14.8474
14.3957
7.37348
15.7836
33.2343
31.6142
62.5433
33.3052
8.94269
16.7516
15.7375
35.2342
35.9177
64.0853
33.187
9.00345
17.0574
16.7224
33.7645
36.0589
64.8221
34.5785
7.66828
16.3031
16.8221
39.1069
37.8311
36.0078
18.9854
17.6228
7.96386
17.7008
30.4785
32.2842
32.6972
13.7133
12.9757
5.31378
14.0952
38.5484
35.3152
36.9902
17.1047
16.2776
5.32866
15.7615
32.8912
35.2818
64.5786
33.9527
5.70001
14.2981
14.994
31.399
33.2381
62.2525
32.9376
7.61268
14.6332
16.0882
35.4282
34.8635
63.7402
32.7357
7.95579
15.6897
16.3558
35.0223
32.2955
34.6889
17.237
18.8567
10.0939
16.8427
34.6505
34.6677
31.9979
18.2154
16.5999
8.78856
16.5545
39.2152
37.8314
36.0077
18.8337
17.5444
7.61387
17.4442
30.9874
32.7156
32.7984
14.114
14.407
7.12654
15.4681
34.9664
35.799
64.0175
32.9792
8.8159
16.8544
16.5138
32.8352
31.2903
62.3718
33.0114
8.79926
16.5123
15.5342
35.9549
33.5427
64.8154
34.3067
7.32676
16.5388
15.9977
22.1189
4.43148
8.14873
13.9283
6.77257
4.35558
3.38489
24.8054
7.48573
10.1404
14.2467
7.88842
4.58246
4.18963
20.9672
3.56395
6.03598
5.56191
11.9623
4.24308
3.55118
26.7592
9.76568
13.3916
8.0581
16.1944
5.376
6.65591
24.7708
7.44483
10.0924
7.83937
14.1805
4.55508
4.14186
22.0588
4.39117
8.08505
6.71172
13.8766
4.33599
3.35733
26.8138
9.78265
13.4605
8.04429
16.2536
5.37051
6.65669
20.9763
3.55902
6.04412
5.55884
11.9796
4.24253
3.55088
6.34213
5.89826
5.36985
5.18416
4.64644
4.21318
4.22763
11.1029
8.69636
9.99076
7.25354
6.40068
7.55809
6.206
8.32689
7.55936
8.57241
6.50528
5.53269
6.23375
5.71779
7.97372
5.87883
5.13455
3.17062
5.68484
4.82954
3.64178
5.92224
3.85477
3.94948
2.56336
3.82982
3.78065
2.59491
1.23507
1.23425
1.26199
1.21824
1.23994
1.23796
1.22607
1.21819
1.21524
1.21316
1.21112
1.20482
1.20471
1.21001
1.49481
1.28009
1.25865
1.3588
1.32716
1.27176
1.24108
1.84812
1.96644
2.10291
1.52679
1.62146
1.94406
1.88924
8.66074
10.3556
8.94677
7.70604
8.23086
6.36244
6.06706
6.55218
9.18793
6.92118
6.83086
7.35931
5.53901
5.34484
8.76774
6.98145
7.58745
4.97173
4.19291
3.20712
5.39237
1.26927
1.51255
1.33966
1.2861
1.35213
1.27806
1.25175
1.36802
1.24702
1.25954
1.23995
1.2491
1.22211
1.23145
8.69208
3.27212
5.17478
4.01093
3.92289
6.52078
2.48551
1.46387
1.27681
1.28956
1.2858
1.29731
1.23943
1.2556
1.2387
1.24574
1.27062
1.23626
1.22527
1.22713
1.23436
1.2394
1.21649
1.22606
1.21208
1.22314
1.20847
1.21369
1.26072
1.23066
1.24907
1.21803
1.21443
1.22809
1.21244
1.20051
1.20763
1.21537
1.19778
1.20089
1.19471
1.19414
7.67334
7.56286
6.96159
5.41998
5.43751
4.76906
4.79034
4.12793
6.47459
4.11105
2.61408
4.29467
3.07693
3.771
1.24861
1.25368
1.21061
1.21629
1.26614
1.24164
1.20505
1.21712
1.20232
1.21406
1.19603
1.22925
1.19729
1.20911
1.21715
1.21692
1.22345
1.2047
1.21264
1.20163
1.2047
1.21756
1.21615
1.21361
1.2177
1.21295
1.21447
1.2149
3.98774
6.78695
4.51257
2.77831
3.80117
2.52406
4.16744
1.22382
1.21801
1.20153
1.20744
1.22111
1.21937
1.19976
1.24406
1.20655
1.21471
1.2017
1.22912
1.21056
1.21279
1.2662
1.2861
1.29763
1.24829
1.22156
1.2378
1.22823
1.21801
1.24292
1.24035
1.22281
1.21091
1.21112
1.23041
1.20696
1.21008
1.28322
1.22255
1.2254
1.20554
1.19917
1.43803
1.40963
1.50607
1.84559
1.68805
1.78165
1.74465
6.54935
9.74997
7.45199
5.71098
6.02948
4.69457
7.25923
5.36575
6.03021
6.55382
4.77242
3.87124
4.04177
4.4226
1.24045
1.23217
1.25277
1.23308
1.22049
1.22349
1.22561
1.29173
1.52325
1.35382
1.26074
1.32891
1.28057
1.24976
1.98894
1.74179
2.16414
1.4703
1.55296
2.003
1.92981
11.4401
10.3591
6.68428
9.20126
9.3724
13.4897
8.30329
10.025
7.76346
6.23309
7.06698
8.23372
9.52035
7.36908
1.24341
1.22266
1.24612
1.24975
1.22325
1.22901
1.27567
1.21491
1.19396
1.22485
1.20218
1.20589
1.19417
1.23238
1.36216
1.40932
1.47281
1.84811
1.61065
1.66264
1.73809
10.1452
9.28922
6.35917
9.49503
7.92386
12.338
8.05014
8.92821
6.62699
5.27937
6.54672
6.83275
9.15742
6.88942
2.56801
5.90903
3.37111
2.96454
3.52638
2.392
4.45539
1.33572
1.27349
1.28036
1.33639
1.26522
1.31342
1.41949
1.25639
1.24091
1.23672
1.2582
1.22825
1.25776
1.26129
10.6502
2.39744
2.47542
2.18728
5.50701
3.91745
3.72266
12.6067
2.46788
2.50147
2.14592
4.83263
4.13146
3.75847
1.31511
1.31478
1.25035
1.27807
1.33167
1.30842
1.26098
1.30565
1.29965
1.2582
1.27368
1.30082
1.30252
1.2627
1.25828
1.25806
1.23342
1.23995
1.25385
1.25258
1.22971
1.32889
1.31093
1.26725
1.26523
1.33767
1.29471
1.2551
36.8933
24.8156
21.7963
28.8757
28.7293
37.4533
28.8764
10.0159
9.49289
9.30029
6.34809
12.3346
7.93634
7.90735
8.77552
6.44257
5.35682
6.65104
6.78617
9.03554
6.83635
11.3813
10.2601
9.13923
6.54435
13.3679
9.28535
8.21317
10.1701
7.82252
6.10737
7.04256
8.29262
9.67176
7.415
8.78079
6.44314
6.65164
5.35621
9.03705
6.78932
6.83728
10.0095
9.48327
6.33846
9.28283
7.93038
12.3143
7.89692
10.1653
7.81361
7.03653
6.10344
9.65803
8.28717
7.4102
11.4086
10.2731
6.54719
9.1367
9.29932
13.3982
8.22347
36.8719
24.7804
28.84
21.7822
37.4284
28.6971
28.8555
1.31498
1.31424
1.27759
1.24991
1.30794
1.33136
1.26063
1.30555
1.29946
1.27345
1.25807
1.3022
1.30085
1.26267
1.25831
1.25807
1.2401
1.23378
1.25258
1.25397
1.2299
1.33026
1.31071
1.2655
1.26615
1.29531
1.33437
1.25588
1.24161
1.25731
1.24718
1.22682
1.27535
1.23497
1.22321
1.2459
1.21432
1.2235
1.23139
1.23488
1.22925
1.23713
1.22038
1.20293
1.21776
1.19692
1.22321
1.19871
1.20829
1.25929
1.23569
1.25266
1.21947
1.33431
1.22161
1.23545
11.5526
9.1986
10.2941
6.66925
13.5004
8.37366
9.42584
10.226
7.15625
6.27124
7.88575
7.55122
9.68415
8.37958
10.0789
9.18264
9.36425
6.26793
12.1843
7.84596
7.97053
8.9935
6.71165
5.32291
6.63864
6.87571
9.2554
6.96054
10.2264
7.15636
7.88566
6.26908
9.68506
7.5496
8.37731
11.5518
9.19301
6.66455
10.2997
8.36798
13.507
9.42229
8.994
6.71882
6.64657
5.3113
9.25638
6.86952
6.95302
10.1075
9.17938
6.25064
9.36433
7.85271
12.2109
7.97644
1.24096
1.25487
1.22585
1.24728
1.23352
1.27485
1.22303
1.24507
1.21367
1.23058
1.22314
1.22845
1.23408
1.23645
1.2203
1.20274
1.19664
1.21823
1.19857
1.2232
1.20765
1.26071
1.23657
1.2202
1.25282
1.22248
1.3349
1.23578
12.0125
1.92831
2.17045
2.23397
3.47325
3.92952
4.49366
1.23185
1.21823
1.20016
1.19314
1.26999
1.20727
1.19527
1.21726
1.19287
1.19873
1.20121
1.19971
1.19944
1.21433
1.21172
1.2151
1.20573
1.19745
1.23021
1.20769
1.19475
1.20584
1.19565
1.20247
1.19329
1.20246
1.19304
1.20584
1.23851
1.22227
1.25585
1.22148
1.28501
1.20602
1.23502
1.21726
1.20741
1.2023
1.21097
1.20329
1.21238
1.21521
1.24653
1.20838
1.25327
1.21604
1.2646
1.20232
1.2413
1.22498
1.20734
1.19979
1.21963
1.19876
1.22256
1.22292
1.23865
1.25614
1.22223
1.22147
1.28546
1.2351
1.2059
1.21702
1.20697
1.21062
1.20172
1.21206
1.20287
1.21491
1.22468
1.20808
1.21879
1.20209
1.22185
1.20096
1.2224
1.23171
1.20018
1.21741
1.19277
1.272
1.19488
1.20746
1.21683
1.19212
1.20034
1.19825
1.19875
1.19915
1.2139
1.21722
1.19823
1.20206
1.21126
1.20058
1.20898
1.21723
1.21462
1.19876
1.2039
1.19504
1.21301
1.19955
1.20445
1.21659
1.19462
1.21382
1.19901
1.20413
1.19754
1.22454
1.21748
1.20378
1.19578
1.19681
1.21183
1.20345
1.19814
1.22748
1.19865
1.21853
1.21033
1.20823
1.20055
1.25412
1.21665
1.2036
1.21096
1.20735
1.21535
1.20316
1.21336
1.2324
1.21947
1.21214
1.25051
1.20447
1.23565
1.25115
1.22372
1.19773
1.21807
1.20604
1.22145
1.19681
1.21959
1.24957
1.21926
1.21308
1.25664
1.20285
1.24047
1.29584
1.21635
1.21059
1.2031
1.20687
1.21508
1.21292
1.20275
1.23234
1.21891
1.24965
1.21145
1.23524
1.20396
1.24993
1.25275
1.22056
1.26024
1.21467
1.24265
1.20555
1.30152
1.21435
1.20334
1.19838
1.19436
1.21292
1.20369
1.19916
1.21649
1.19439
1.19802
1.2134
1.19704
1.20392
1.22279
1.25224
1.19743
1.20767
1.21658
1.20869
1.21033
1.26389
10.8303
2.31313
2.30425
1.92937
5.55086
3.37657
3.70725
1.24796
1.24765
1.22683
1.25725
1.22484
1.27916
1.23477
1.25264
1.22958
1.23009
1.21546
1.239
1.25116
1.22714
1.21992
1.22828
1.19753
1.20762
1.20861
1.23916
1.19957
1.24158
1.23623
1.21717
1.22844
1.23012
1.26921
1.21881
9.93732
9.38825
6.21209
9.23218
7.82387
12.2547
7.79528
8.71048
5.17457
6.30257
6.51078
6.66455
6.71158
8.96395
10.0341
6.23817
7.7755
7.07987
8.23907
7.37708
9.53861
8.71184
6.30161
5.17531
6.51027
6.66545
8.96192
6.71415
9.94255
6.21244
9.39189
9.2357
7.82646
7.79864
12.2605
11.4439
6.69055
10.3844
9.21876
9.37867
8.30941
13.5105
1.25052
1.22756
1.22537
1.21028
1.2376
1.22608
1.25009
1.23645
1.21325
1.23745
1.22779
1.22862
1.21199
1.26668
1.33727
1.28146
1.27497
1.33806
1.26666
1.42158
1.31425
1.30787
1.25368
1.26948
1.28936
1.26546
1.29629
1.29799
1.25707
1.23882
1.24066
1.25749
1.22944
1.26036
1.25745
1.30576
1.26179
1.26634
1.30766
1.25245
1.31443
1.2997
11.4474
9.17439
6.56804
10.2846
8.26329
13.4701
9.33235
10.1632
6.12636
7.03981
7.82678
7.4217
8.29806
9.66092
8.95831
5.30135
6.65156
6.5731
6.85502
6.92069
9.1951
10.169
7.04147
6.12918
7.82905
7.42579
9.66287
8.3034
11.4524
6.56951
9.17287
10.2807
8.26583
9.33668
13.4653
10.1517
6.35633
9.29217
9.49636
7.92569
8.04992
12.3444
1.30822
1.26804
1.25011
1.28962
1.26455
1.29847
1.29715
1.3043
1.26654
1.2601
1.30859
1.25131
1.29998
1.31411
1.46836
1.36779
1.52567
1.96341
1.68269
1.85447
1.68885
8.63848
3.02965
4.99804
4.03423
3.9876
6.63672
2.31743
5.85634
7.94269
5.11188
3.16428
5.67633
3.641
4.8129
4.04735
6.87158
4.54802
2.89299
3.9195
2.67288
4.30876
3.82873
5.86828
3.92066
2.55288
3.81376
2.58678
3.75904
4.11476
6.5035
4.0978
2.67091
4.32472
3.11828
3.83179
1.44908
1.41251
1.50419
1.80185
1.67712
1.75302
1.70296
1.90016
1.50317
1.99333
1.73545
2.43717
2.29261
1.87364
6.20336
2.79687
3.54756
3.27963
3.77996
4.78623
2.62662
9.76843
6.56243
7.45584
5.81196
6.11008
7.31857
4.84446
5.41421
6.08204
6.58397
4.88403
3.98925
4.15902
4.54236
7.57121
8.33471
8.58416
6.51215
5.53556
5.72425
6.23827
6.08122
5.41593
6.58842
4.88793
3.98667
4.54056
4.15917
6.56591
9.75334
7.45771
5.81505
6.10567
4.84841
7.31062
8.70058
11.1451
9.9977
7.26043
6.42116
6.21019
7.5822
8.61861
3.01114
4.98575
4.01577
3.96119
6.61972
2.29969
1.91572
1.89086
1.38506
2.75024
1.66329
2.3143
1.62702
1.4677
1.36677
1.5258
1.96028
1.67947
1.85191
1.68578
6.91315
4.07787
4.57481
2.90274
3.93947
4.32832
2.68385
6.56153
4.15054
4.13129
2.68666
4.36042
3.86302
3.13764
6.21051
2.80743
3.56096
3.29653
3.79464
4.80102
2.63902
1.45093
1.41381
1.50611
1.80794
1.68204
1.75895
1.70848
1.4577
1.2729
1.23965
1.33783
1.28076
1.25432
1.23479
1.23718
1.24525
1.27085
1.24141
1.22109
1.22725
1.23209
1.2262
1.23536
1.24375
1.22615
1.21594
1.21981
1.21918
1.28007
1.26127
1.28862
1.244
1.22208
1.22697
1.2366
1.2496
1.24938
1.25227
1.22623
1.2167
1.2233
1.22966
1.24472
1.21949
1.24134
1.22326
1.21108
1.23244
1.21135
1.27712
1.2373
1.25154
1.22439
1.24421
1.23687
1.22386
1.24532
1.23795
1.27129
1.23629
1.22493
1.23322
1.22703
1.4747
1.26536
1.2544
1.32138
1.27925
1.25477
1.24296
1.21607
1.21685
1.22931
1.21953
1.20401
1.21629
1.20381
1.91183
1.96119
1.46584
2.41655
1.69684
2.24925
1.83533
2.73839
6.00321
3.49792
3.22508
3.77033
2.59552
4.66891
1.39585
1.44105
1.49192
1.78725
1.65364
1.6869
1.74469
3.3102
8.71905
5.19624
4.02815
3.96088
2.50537
6.54607
1.36169
1.39967
1.47919
1.87284
1.61624
1.67175
1.72788
11.1132
8.74509
10.0558
7.32408
6.39425
7.5643
6.28841
8.32559
7.58706
8.57894
6.54735
5.60601
6.27785
5.78931
9.68739
6.56464
7.47894
5.78088
6.01113
7.20533
4.7915
6.15354
5.42735
6.65707
4.87505
3.88249
4.49523
4.08163
8.32456
7.58358
8.57552
6.54294
5.60536
6.27719
5.78519
11.1209
8.74218
10.0508
7.31558
6.40785
7.57445
6.2823
6.13315
5.40592
6.63418
4.85347
3.89537
4.50125
4.0797
9.67795
6.55752
7.47825
5.75886
5.98513
7.18225
4.76665
6.01779
2.74491
3.53506
3.23097
3.76972
4.6776
2.59933
1.97194
1.91902
1.47003
2.43167
1.70536
2.2609
1.84252
1.39843
1.44388
1.49562
1.79282
1.65773
1.69163
1.74975
2.01598
1.925
1.41117
2.9482
1.70169
2.42725
1.74346
1.3592
1.39668
1.47675
1.86712
1.60589
1.66182
1.71976
1.24702
1.23887
1.27252
1.24157
1.22275
1.23308
1.22858
1.22597
1.23617
1.24846
1.22648
1.21545
1.21966
1.2185
1.28537
1.26284
1.29376
1.24491
1.2217
1.22766
1.23623
1.2481
1.25009
1.25379
1.22779
1.21669
1.2231
1.23026
1.24501
1.21998
1.24046
1.22392
1.21148
1.23332
1.21211
1.27467
1.23926
1.25128
1.22486
1.24475
1.23559
1.2252
1.26926
1.47492
1.25644
1.3242
1.27746
1.25404
1.24372
1.21739
1.218
1.23147
1.21903
1.20371
1.21645
1.20337
1.26327
1.2221
1.25323
1.22245
1.20984
1.22249
1.20709
1.21291
1.23782
1.23686
1.21646
1.20352
1.20383
1.21547
1.21802
1.21837
1.22887
1.20647
1.21329
1.20543
1.2026
4.12662
6.47468
4.11122
2.6071
4.27272
3.06465
3.7592
5.78978
3.77338
3.88827
2.47648
3.72332
3.68557
2.459
5.79991
7.95772
5.09521
3.1638
5.58
3.57242
4.76573
6.945
4.103
4.565
2.8813
3.90444
4.28121
2.64391
5.79234
3.77603
3.88967
2.48083
3.72691
3.69092
2.46302
5.79524
7.93805
5.08675
3.13964
5.53868
3.55071
4.73075
6.93062
4.09843
4.55736
2.86147
3.89123
4.25826
2.62978
1.2643
1.22172
1.25286
1.22203
1.20969
1.22176
1.20702
1.21216
1.2351
1.23504
1.21495
1.20185
1.20277
1.21358
1.25781
1.23064
1.24775
1.2156
1.21446
1.22426
1.21298
1.21916
1.21725
1.22841
1.20378
1.2138
1.20635
1.20028
1.24125
1.21779
1.24986
1.21976
1.20363
1.21614
1.20496
1.2255
1.27147
1.26015
1.22505
1.2108
1.20825
1.22532
1.2279
1.25825
1.23783
1.21382
1.21305
1.21103
1.22601
3.9907
6.78986
4.51119
2.77685
3.80448
2.52414
4.16819
7.89697
5.90087
5.1237
3.11757
5.56009
4.66355
3.64216
3.91884
6.07494
4.04951
2.53427
3.79395
2.56083
3.76445
6.81095
4.41127
4.30569
2.68692
4.47827
3.90483
3.18684
7.89653
5.90819
5.12821
3.11934
5.56175
4.66392
3.64553
3.91858
6.09191
4.05833
2.5368
3.79328
2.55408
3.77505
6.83792
4.42241
4.31929
2.69639
4.50707
3.92775
3.19851
1.23731
1.21698
1.24834
1.21825
1.20204
1.21399
1.2038
1.22406
1.26647
1.25572
1.22332
1.21049
1.20765
1.22472
1.21721
1.21903
1.22656
1.20324
1.21408
1.19993
1.20636
1.22986
1.25708
1.24384
1.2122
1.2127
1.21186
1.22318
1.23938
1.23214
1.25627
1.23311
1.22042
1.22345
1.2251
1.25352
1.60633
1.28159
1.32584
1.37581
1.27075
1.24205
1.24661
1.24444
1.28088
1.24671
1.22521
1.23194
1.23409
1.25652
1.25084
1.26154
1.23147
1.21622
1.23274
1.22388
1.2347
1.26692
1.24543
1.22119
1.24105
1.2225
1.23304
1.21767
1.21178
1.23387
1.2162
1.20121
1.20264
1.21134
1.24101
1.23271
1.25632
1.22931
1.22488
1.22987
1.22311
1.44514
1.37243
1.51598
1.95965
1.64654
1.8362
1.69348
1.41125
1.95542
2.00778
1.72855
2.91543
2.4569
1.73096
3.24016
8.61365
5.11401
4.04371
3.94835
2.47973
6.47169
1.5148
1.93188
2.0831
1.73147
2.49758
2.35887
1.965
2.89524
6.16929
3.59804
3.35484
3.92956
2.77046
4.77746
5.36634
6.03049
6.55506
4.77376
3.87205
4.04339
4.4232
8.69683
11.2562
10.0053
7.32766
6.38866
6.28798
7.59143
7.52686
8.28144
8.52882
6.51859
5.6017
5.76459
6.25063
6.54683
9.74657
7.45024
5.70871
6.02311
4.69182
7.25567
7.52681
8.27746
8.5284
6.51659
5.59749
5.76201
6.24603
8.70055
11.2788
10.0076
7.33464
6.40993
6.29469
7.61201
1.44403
1.37244
1.51542
1.96145
1.64629
1.83551
1.69448
8.61559
3.24209
5.11975
4.04714
3.94873
6.47303
2.48054
1.44041
1.41178
1.51032
1.84738
1.68974
1.7837
1.74656
6.20467
2.90324
3.61559
3.36503
3.93602
4.79945
2.77457
1.25539
1.28517
1.61327
1.32799
1.37885
1.27233
1.24346
1.24622
1.248
1.28544
1.24764
1.22595
1.23475
1.23189
1.26739
1.29314
1.30487
1.24946
1.22144
1.2369
1.22866
1.25632
1.24866
1.26178
1.23177
1.21662
1.23221
1.22391
1.21987
1.24448
1.24326
1.22594
1.21237
1.21335
1.23362
1.23634
1.26977
1.24684
1.22272
1.24094
1.22455
1.23325
1.21791
1.21295
1.23368
1.21559
1.20086
1.2024
1.21137
1.23408
1.24045
1.26055
1.23015
1.22341
1.22383
1.22862
1.24199
1.26073
1.40266
1.2739
1.30703
1.2451
1.23653
1.38399
1.4553
1.48836
1.75196
1.62403
1.64322
1.70775
2.57542
5.92121
3.41346
2.97347
3.52453
2.39366
4.45974
4.05881
6.4824
3.95278
2.54953
4.31934
3.03213
3.73989
3.59763
5.80367
3.71612
2.33929
3.586
2.31366
3.58065
3.80507
6.7287
4.33726
2.75108
3.72516
2.46821
4.12075
5.60584
7.81971
4.92187
3.07545
5.55469
3.52851
4.65776
1.45161
2.09745
1.96841
1.7112
2.82124
2.40228
1.76356
3.28775
8.73593
5.0216
3.98382
3.98532
2.49694
6.60382
11.1257
8.67508
9.9788
7.2001
6.29351
7.4535
6.15383
7.54259
8.33715
8.55491
6.46037
5.52007
5.68603
6.20878
9.85798
6.63522
7.53808
5.91655
6.13512
7.35986
4.92864
5.46198
6.10064
6.66093
4.93805
3.94113
4.15575
4.5262
8.34035
7.54786
8.56188
6.46686
5.52184
6.21141
5.6914
8.67928
11.1157
9.98578
7.2103
6.27811
6.16272
7.44022
6.07943
5.42328
6.6126
4.90332
3.94732
4.52016
4.14646
6.61567
9.84986
7.52482
5.89557
6.12255
4.90713
7.34931
1.82694
1.41007
1.81842
2.26753
1.5735
2.02576
1.70448
1.38078
1.45134
1.48345
1.74786
1.6212
1.64033
1.70403
6.47145
4.048
3.9436
2.53477
4.29819
3.7223
3.01679
5.79246
3.58027
3.7026
2.32072
3.5678
3.56246
2.29673
6.72082
3.79087
4.32908
2.7499
3.71422
4.11287
2.46171
7.81199
5.61026
4.91955
3.07736
5.54661
4.64945
3.53334
3.28673
8.73865
5.01633
3.98736
3.99184
2.50104
6.609
1.36331
1.41169
1.47477
1.85429
1.61449
1.66578
1.74314
2.10117
1.45287
1.96957
2.81854
1.71147
2.40572
1.76697
28.3884
4.59288
3.99464
4.61441
12.3564
11.9589
8.00151
30.1107
7.11599
5.05002
4.37862
13.8752
9.37545
16.2184
25.1644
3.92959
5.45117
7.1246
12.537
7.06659
14.8791
21.9453
4.16283
4.90553
4.19866
8.69491
11.1751
9.75383
30.0791
7.14429
5.04142
4.32094
13.8566
16.1976
9.36233
28.3839
4.6156
3.98267
4.60994
12.3308
11.8716
7.9491
21.6987
4.13481
4.84042
4.16725
8.57832
9.64668
11.0092
25.4032
3.96012
5.46949
7.31103
12.823
7.13758
15.1184
21.0527
5.47517
4.83652
6.25896
9.87914
13.0902
12.0642
19.2884
3.36874
3.81826
4.2671
7.84438
5.58357
10.5116
19.0071
4.64609
3.77212
3.81217
8.4373
11.252
5.52836
20.6382
5.44898
4.69284
4.88251
8.648
12.4204
11.642
22.1276
4.65255
4.71313
5.34681
9.30975
11.602
10.4692
24.7583
3.62973
5.84279
5.28403
11.7829
14.0233
6.9111
22.0184
4.63049
5.27629
4.65534
9.26618
10.4348
11.4997
24.8292
3.6384
5.88175
5.27515
11.9509
14.081
6.92822
20.5253
5.59506
5.21516
4.68068
8.41081
11.752
12.2433
19.3624
5.29943
4.21084
4.34459
9.22097
5.92863
11.5483
19.1537
3.4611
4.08918
3.4918
7.85814
10.8545
5.30362
20.7617
5.22381
4.40558
5.24344
9.1041
11.5481
12.5449
27.7648
3.31198
3.47506
3.74947
10.8475
7.38186
11.1501
29.8179
6.12839
3.75628
4.7452
13.6198
8.62778
15.6098
27.7827
3.32044
3.4537
3.74859
10.9131
7.38731
11.1142
29.7621
6.10483
4.72846
3.73963
13.5519
15.5637
8.56526
7.52954
7.62935
6.90762
5.42559
4.78706
5.39783
4.77197
5.89848
6.34316
5.36872
5.18484
4.21487
4.64775
4.22541
7.63226
7.5583
6.91363
5.44304
5.40143
4.80406
4.76799
1.46335
1.26517
1.2792
1.34506
1.34433
1.28889
1.24919
1.512
1.26917
1.33924
1.28643
1.35248
1.27811
1.25183
1.61658
1.31027
1.41607
1.26506
1.34803
1.29399
1.25727
1.61892
1.32672
1.38503
1.34005
1.38186
1.29268
1.30015
1.4639
1.25916
1.3153
1.26164
1.32084
1.26829
1.23917
1.80439
1.91202
2.12453
1.45549
1.57876
1.9416
1.82752
6.84924
8.73638
7.58354
4.83092
4.16165
3.16594
5.35122
1.8392
1.93315
2.0506
1.50431
1.60825
1.91763
1.85784
7.59633
8.02008
8.91687
4.56445
5.4038
3.44029
5.69652
1.76518
1.95003
2.1775
1.45116
1.56962
1.98714
1.87631
1.9257
1.80606
2.14219
1.45774
1.57842
1.95146
1.83826
1.82715
1.94073
2.05572
1.50905
1.60879
1.92472
1.86535
7.94129
7.42892
8.84524
4.46708
5.19133
3.3449
5.60091
1.96366
1.84324
2.09398
1.52583
1.61849
1.93715
1.88616
1.74975
1.9203
2.13283
1.44316
1.55981
1.95792
1.85042
27.4822
41.8845
27.8618
30.8773
30.2497
22.7724
22.1925
1.26536
1.4643
1.27977
1.3458
1.34806
1.28958
1.24924
1.64576
1.31682
1.43218
1.26709
1.35215
1.29673
1.25825
1.32594
1.60979
1.38035
1.33905
1.37819
1.29088
1.29975
1.27951
1.49351
1.26015
1.35237
1.32659
1.26969
1.24066
1.48144
1.25978
1.31697
1.26123
1.31996
1.26725
1.23875
2.97837
11.8315
3.16259
3.88348
3.92701
2.15465
2.18843
1.3162
1.21246
1.23509
1.22175
1.24867
1.21285
1.20415
1.46505
1.27611
1.28979
1.28458
1.29681
1.2393
1.25497
1.30488
1.20909
1.22784
1.23276
1.2503
1.21442
1.20233
1.28522
1.23665
1.22426
1.24459
1.23292
1.20967
1.22804
1.34149
1.22033
1.21047
1.23996
1.22802
1.20544
1.20156
1.32778
1.21296
1.23559
1.22272
1.25024
1.21292
1.20409
1.3069
1.22836
1.20899
1.25164
1.23214
1.21437
1.20226
1.28302
1.23561
1.22415
1.243
1.23233
1.20918
1.22678
1.38966
1.24959
1.26335
1.24019
1.25162
1.2221
1.23039
1.33493
1.21284
1.22509
1.23044
1.23551
1.20546
1.20512
1.22796
1.26126
1.22717
1.24942
1.218
1.25016
1.21364
5.85368
6.25513
5.2699
5.08474
4.11187
4.52859
4.08071
7.67297
7.56767
6.96442
5.44182
5.43689
4.7865
4.79599
5.84687
6.24966
5.26671
5.05817
4.09165
4.51124
4.06923
1.23848
1.21489
1.22456
1.21053
1.22197
1.20673
1.2123
1.22794
1.26291
1.22785
1.25002
1.21844
1.2515
1.21392
1.2174
1.23998
1.22592
1.21173
1.20925
1.22225
1.2133
1.25685
1.22712
1.22732
1.24695
1.24887
1.21727
1.21267
6.3389
5.86575
5.31963
5.08242
4.52937
4.04275
4.08523
7.54554
7.60017
6.86248
5.38396
4.71467
5.43552
4.71831
6.33153
5.86376
5.31828
5.07609
4.52468
4.03965
4.08264
7.56606
7.60616
6.87114
5.40546
4.73736
5.44083
4.72268
1.21663
1.2393
1.22455
1.21075
1.20767
1.22127
1.2117
1.25718
1.22756
1.2276
1.24686
1.2488
1.21783
1.21257
10.2254
3.81632
11.3622
3.44166
1.66209
3.17371
1.72439
9.25807
4.04811
10.5643
3.35055
1.70366
3.03176
1.85588
14.2934
4.06876
1.95349
12.6744
4.3344
3.78259
1.80875
12.9814
4.96342
2.54366
11.3129
5.69892
3.78754
2.08653
1.21981
1.34489
1.23414
1.22307
1.23598
1.20531
1.20235
1.25058
1.29114
1.24564
1.25392
1.24344
1.21752
1.23429
1.22674
1.22094
1.35789
1.25998
1.25069
1.21328
1.20493
1.22499
1.28188
1.23075
1.21986
1.22344
1.20687
1.21655
1.25943
1.39831
1.25303
1.2593
1.25689
1.21616
1.24449
2.92967
3.90417
16.0083
5.10688
6.27808
2.69618
2.27282
1.21054
1.20624
1.28268
1.2264
1.2214
1.20569
1.19918
1.25031
1.28895
1.2452
1.25347
1.24276
1.2172
1.23402
1.2206
1.35515
1.23551
1.22408
1.23716
1.20527
1.20238
1.22098
1.22819
1.34921
1.25642
1.25515
1.21438
1.20789
1.26113
1.40238
1.2555
1.26064
1.25926
1.2174
1.24564
1.22583
1.30081
1.23139
1.21993
1.2272
1.20656
1.21559
2.33733
2.40335
5.87481
2.90503
2.75168
1.71467
1.49563
1.28812
1.48923
1.29813
1.33036
1.36471
1.28361
1.25515
1.62489
1.27994
1.36449
1.30172
1.37348
1.28041
1.2532
1.24674
1.48495
1.31722
1.24656
1.30769
1.25913
1.23053
1.24195
1.44565
1.25953
1.30389
1.3109
1.25482
1.2321
1.56711
1.32104
1.35676
1.32753
1.36089
1.28717
1.29933
1.79177
1.86498
1.99854
1.46284
1.5573
1.84902
1.77819
8.87923
7.23592
7.79815
5.15251
4.29879
3.28319
5.49489
1.93565
1.7723
2.04886
1.47074
1.58047
1.92797
1.85494
1.8587
2.07559
2.2603
1.52891
1.61467
2.05494
1.98369
7.80806
7.04104
8.86903
4.20467
5.1179
3.3306
5.67849
1.98594
1.73852
2.15962
1.46858
1.55055
1.99992
1.92689
8.87751
7.79702
7.23064
5.14925
4.30104
3.27928
5.48962
1.85931
1.78705
1.99357
1.4589
1.55374
1.84575
1.77486
1.94166
1.77337
2.0542
1.47414
1.58318
1.933
1.86049
7.82099
8.86662
7.04976
4.21751
5.11214
3.33582
5.6823
2.07873
1.85959
2.26465
1.53129
1.61752
2.05909
1.98704
1.29715
1.55624
1.36794
1.26285
1.3333
1.2828
1.25025
1.27904
1.62371
1.36475
1.29997
1.37396
1.28142
1.25279
1.28997
1.29913
1.49487
1.33343
1.36574
1.28475
1.25541
1.25124
1.51114
1.32731
1.24843
1.31159
1.26055
1.23116
1.32235
1.5675
1.35783
1.32877
1.36149
1.2886
1.30058
1.23674
1.25885
1.4271
1.29816
1.30909
1.25373
1.23122
2.79865
9.49266
2.75131
3.89098
2.94562
1.88027
1.63706
7.54786
7.6149
6.88578
5.36115
4.74435
5.31008
4.70195
6.3323
5.93406
5.36278
5.16228
4.59865
4.2248
4.18597
7.61429
7.54104
6.88232
5.34586
5.31464
4.72904
4.69749
5.91612
6.32534
5.34942
5.15165
4.21518
4.59277
4.18808
26.8497
35.1516
35.607
25.3705
19.6884
19.8304
25.0777
35.099
24.7675
36.0036
26.2344
18.9575
25.7607
19.1811
39.2945
28.1829
21.3277
37.5106
27.8148
27.0885
20.951
41.3385
19.4875
28.642
28.4843
41.2091
29.2794
21.3456
30.9309
34.2014
36.5161
28.2002
29.8481
22.1243
24.3003
2.82927
9.50899
8.16919
2.99983
1.91989
1.71714
3.51718
3.46004
10.8613
9.83739
3.1879
1.8436
1.70079
3.59555
6.24874
1.65966
2.47124
2.55227
5.9384
2.6058
1.56443
10.515
1.63757
3.16921
3.04265
9.22085
3.00333
1.61755
8.34931
2.68067
7.75053
2.91055
1.66457
3.0131
1.64674
6.65061
2.70065
1.69123
5.89805
2.65264
2.6113
1.60228
8.21064
3.21745
8.74606
2.79938
1.58284
2.78513
1.58577
11.9197
3.43285
1.89625
9.19956
4.0512
2.97796
1.64277
22.1574
4.67371
4.81123
12.4303
12.3955
4.25882
3.08473
7.13235
2.16129
1.96533
4.65273
3.53984
2.69552
1.77706
8.45043
6.82983
10.7947
3.9031
2.07968
3.04069
2.67701
9.65695
6.01411
13.8292
5.45014
2.62128
3.7382
3.29788
22.8636
7.56157
5.95011
13.7355
13.35
8.47367
3.99336
29.7401
10.476
18.8935
18.2041
26.5975
20.9933
14.6503
13.2132
18.6921
23.1181
7.34128
7.09859
5.81689
9.56829
8.5197
19.4074
24.5487
7.18383
4.59545
3.55868
9.67414
35.2179
26.9061
35.667
25.4068
19.7135
25.1076
19.8596
39.3737
21.3879
28.2647
27.8923
37.5836
27.1639
21.0126
26.9016
35.1692
35.6442
25.419
19.7343
19.8822
25.1201
39.3838
28.2932
21.4287
37.5971
27.9258
27.1963
21.054
35.2198
26.9104
35.6731
25.4093
19.7158
25.1095
19.8628
39.3763
28.2677
21.391
37.5879
27.8946
27.165
21.0156
35.1426
26.8539
35.5992
25.3747
19.7042
25.0877
19.8459
39.3538
28.2539
21.4077
37.5553
27.8982
27.1578
21.0263
19.1967
13.5108
23.2884
7.43074
7.38487
9.80874
5.95504
19.4975
8.52477
24.5575
7.22082
4.58019
9.69444
3.55788
22.079
4.81667
4.66167
12.3927
12.3877
4.24603
3.08462
6.79249
8.42436
10.7406
3.90402
2.08015
2.67567
3.03193
5.91498
9.82218
14.0047
5.44888
2.56222
3.2421
3.73599
3.85254
10.3253
10.3246
3.38075
1.78633
1.81971
3.35231
10.7572
3.61648
1.73408
10.1796
3.04881
3.19949
1.7652
3.47385
9.87591
10.3232
2.9875
1.64076
1.61326
3.01627
13.6685
3.74345
1.83258
11.5949
3.72243
3.17232
1.67424
7.66663
2.18928
1.98182
4.68274
3.45255
2.60248
1.70509
26.6925
16.0353
7.90089
29.1651
15.6544
18.9182
11.4093
27.3796
41.7592
27.7589
30.771
30.1171
22.692
22.0959
2.58652
6.24248
2.59478
3.35501
3.05978
2.08734
1.72167
4.7975
1.78968
2.18397
2.53756
4.65636
2.34232
1.64994
12.2965
3.25567
3.02064
6.63532
6.24115
4.08107
2.43151
2.57198
9.03815
2.60935
3.40774
2.81288
1.72637
1.54589
2.52653
9.11933
2.58407
2.81931
3.57992
1.73758
1.5383
2.41846
11.1508
2.80311
3.43729
3.72012
1.94895
1.82764
2.70779
6.43758
2.64554
2.73124
3.18597
1.82174
1.58998
3.99652
10.5791
11.6792
3.56774
1.75185
1.82131
3.33193
14.3855
1.9841
4.22967
4.35251
12.8499
3.83073
1.85506
2.50701
8.17286
7.49838
2.64224
1.57185
1.51808
2.80913
6.39889
1.70862
2.55055
2.57626
5.90152
2.51046
1.52658
3.99242
10.5917
11.6668
3.56763
1.75013
1.81965
3.33252
14.4037
1.98509
4.22849
4.3541
12.8782
3.83242
1.85498
3.18349
9.3887
8.8267
2.83134
1.61138
2.97144
1.58254
2.61574
8.20614
7.51073
2.62338
1.60865
2.7891
1.55701
10.0307
1.59917
2.98806
2.96518
8.5385
2.83189
1.56326
6.59515
1.83361
2.83534
2.70728
6.04515
2.53102
1.60362
9.75705
3.36081
9.18578
3.00451
1.68665
3.14547
1.64964
10.2578
3.13623
1.64398
8.88045
3.07054
2.97289
1.61303
9.14678
3.85325
10.3435
3.34059
1.65003
3.04584
1.76627
12.5963
4.6188
2.25988
10.9262
5.42477
3.69857
1.93525
9.76933
3.35828
9.20375
3.0078
1.68517
3.14611
1.64884
10.3117
3.13648
1.64456
8.91324
3.07618
2.97957
1.61359
7.14565
4.90879
8.42114
3.19769
1.80577
2.54338
2.22413
4.44148
4.34832
6.36845
2.89572
1.94448
2.62821
2.22515
8.01608
6.87056
11.0345
3.98603
1.95721
2.84772
2.81646
2.87185
3.77414
15.8133
5.01467
6.13481
2.60372
2.22399
8.87285
5.44307
12.7851
4.98027
2.35043
3.39268
2.8887
2.53188
2.78813
11.3932
3.60893
3.76678
1.97881
1.85537
16.737
5.80307
6.31474
11.9657
12.2394
7.04318
3.74771
3.94492
4.54734
6.49435
2.90625
1.85691
2.10658
2.55722
5.25691
7.86096
8.86283
3.55343
1.95767
2.41756
2.83478
30.9262
34.2045
36.4812
29.7398
28.0735
21.9057
24.228
13.4635
19.0902
23.3928
7.69688
7.22109
5.9674
9.87031
30.9522
34.229
36.5116
28.1007
29.767
21.926
24.2535
8.30182
18.8164
24.3714
6.81381
3.96526
3.55609
8.88808
2.60312
2.62544
12.0375
4.14588
4.6357
2.41103
1.84032
2.43961
2.49685
6.08492
2.86862
2.72391
1.7164
1.54188
5.07081
10.5953
11.4709
4.45235
2.0191
2.14896
3.88441
11.6553
4.32017
1.9905
10.7289
4.46999
4.0679
2.00933
2.65807
9.09526
7.93954
2.80485
1.79892
1.62588
3.24093
6.00269
2.32468
1.56105
5.71985
2.35503
2.42255
1.49011
2.80343
16.0107
3.72524
5.72938
6.55568
2.82202
2.14699
30.9369
36.5187
34.2106
28.2081
29.8575
22.1341
24.3082
27.6248
41.9093
27.992
30.2146
30.8472
22.6891
22.2531
24.8403
35.18
36.0844
26.3208
18.9957
19.2264
25.8409
41.4215
19.5403
28.7396
28.5768
41.3028
29.3862
21.4102
26.8832
35.1758
35.6337
25.409
19.7247
25.1129
19.8699
24.814
35.1304
36.0386
26.2775
19.0007
25.7989
19.2274
39.3003
21.34
28.1919
27.8256
37.5172
27.1011
20.9654
41.3502
19.5041
28.6621
28.497
41.2216
29.2963
21.3676
24.8378
35.1772
36.0826
26.3193
18.9934
19.2242
25.8388
41.4245
28.7405
19.5411
41.3036
28.5796
29.3873
21.4112
27.6459
28.0096
41.9262
30.8614
30.2242
22.6913
22.2656
2.81159
3.77914
16.1979
6.70376
5.85713
2.87497
2.15177
2.83495
2.80594
9.92288
4.08881
3.02272
1.91588
1.65947
5.24539
11.0843
11.5283
4.48316
2.13277
4.17683
2.15794
5.22598
12.0591
12.4991
4.3685
2.10347
4.17367
2.14434
11.4133
1.83531
4.11636
3.67801
10.336
3.67793
1.90586
12.7639
1.85917
4.43556
3.64615
12.4563
3.79535
1.938
19.0258
26.2725
21.8334
21.8645
20.6073
16.4212
17.2964
3.07686
4.31001
6.83783
4.01765
2.56604
2.12679
2.00535
1.25046
1.22529
1.22173
1.2363
1.24641
1.23819
1.21455
1.26513
1.25496
1.25554
1.24886
1.24031
1.22773
1.23426
9.18559
6.55153
6.92004
6.83112
7.36091
5.54144
5.34491
8.88806
10.2195
8.5274
8.07693
7.56587
6.28882
5.90812
9.16266
6.83842
6.47916
7.2587
6.74727
5.37051
5.1673
10.3488
8.65182
8.93725
7.69601
8.22132
6.35533
6.05644
6.83702
9.16009
6.48006
7.25215
6.7397
5.36077
5.16612
10.2468
8.87233
8.51805
8.08264
7.56934
6.26338
5.89768
1.23423
1.23519
1.26099
1.21837
1.23961
1.23768
1.22614
1.22518
1.25041
1.22167
1.2362
1.24613
1.23795
1.21445
1.21547
1.2184
1.21275
1.21165
1.20479
1.20503
1.20992
1.25589
1.26625
1.25717
1.25038
1.2412
1.22811
1.23496
1.2177
1.21442
1.2134
1.2114
1.21197
1.20935
1.2113
1.20604
1.19806
1.20206
1.19521
1.19361
1.19637
1.19213
1.20054
1.19647
1.19698
1.19573
1.19641
1.1954
1.19552
1.20782
1.20049
1.21556
1.20115
1.1976
1.19476
1.1942
1.21693
1.21233
1.21343
1.21093
1.21044
1.20813
1.21007
1.20195
1.20971
1.21013
1.199
1.20803
1.2009
1.19822
1.78039
3.81512
3.01938
2.32657
1.85906
1.53
1.43234
1.20598
1.20183
1.19987
1.20362
1.19909
1.1975
1.19797
1.19839
1.19721
1.20511
1.19969
1.19827
1.1972
1.19589
1.20985
1.21392
1.20245
1.20072
1.19639
1.20064
1.195
2.95491
5.90451
3.76308
3.57536
2.48439
2.05165
2.01665
1.21595
1.21706
1.2136
1.21288
1.21733
1.21425
1.21455
1.2057
1.1991
1.20131
1.19849
1.20286
1.19674
1.19703
1.22357
1.2059
1.21962
1.20123
1.21914
1.20493
1.20114
1.57134
1.7972
2.67601
1.73359
1.46875
1.3547
1.33155
1.25997
1.23563
1.24099
1.23639
1.21837
1.23594
1.22368
1.21952
1.24524
1.22298
1.24062
1.23308
1.23408
1.21299
1.21554
1.21513
1.21909
1.20416
1.2068
1.20232
1.21039
1.2354
1.23888
1.2414
1.22951
1.23127
1.22456
1.22781
8.58933
8.92546
10.2474
7.56999
8.10415
6.30807
5.92798
6.37597
9.09679
6.78869
6.66502
7.22657
5.33857
5.12369
8.9155
8.62196
10.2927
8.14696
7.66105
6.36943
6.04745
19.9256
19.4114
28.2763
19.4295
19.6305
15.4189
15.367
6.37645
6.78989
9.10111
6.66824
7.23058
5.34046
5.12446
8.59249
10.2529
8.92714
7.5735
8.10755
6.30816
5.92904
8.92435
10.2988
8.62615
8.15182
7.66433
6.37519
6.0509
1.25386
1.23944
1.23074
1.22805
1.2147
1.23169
1.21864
1.23078
1.2423
1.22702
1.21442
1.22372
1.22601
1.21834
3.5454
6.33542
4.30979
3.86837
2.79693
2.30355
2.19064
3.07122
6.83595
4.28675
2.5626
4.00178
2.11793
1.9981
19.934
19.4085
28.2706
19.43
19.6347
15.428
15.3772
19.036
21.8438
26.2912
21.8804
20.6225
16.4297
17.3078
19.948
28.2811
19.4213
19.6457
19.441
15.4391
15.3873
3.54085
4.30509
6.32732
3.86661
2.79565
2.3038
2.1924
1.82478
3.44505
2.27484
2.21484
1.74043
1.48237
1.4738
1.81338
3.52945
2.97262
1.73176
2.16114
1.5757
1.43134
19.0121
26.259
21.8137
21.8404
20.5904
16.413
17.2842
20.1391
28.0392
19.6498
19.7154
19.4454
15.8935
15.7682
19.013
26.2573
21.8146
20.5897
21.8396
16.4137
17.2839
20.1365
28.0045
19.6482
19.7004
19.4311
15.8975
15.7677
1.81284
3.43019
2.26052
1.72917
2.20074
1.47556
1.46635
1.80875
3.51967
2.90873
1.73149
2.14721
1.56671
1.43083
1.90983
3.49172
3.98935
2.5572
2.05924
1.67596
1.57051
1.56475
1.78359
2.85647
1.79643
1.48736
1.324
1.32572
2.8841
4.14449
6.5317
3.98324
2.56809
2.08689
2.03823
3.02656
3.82104
5.99702
2.54261
3.64084
2.05863
2.02826
2.89253
4.15289
6.54252
3.98895
2.57194
2.0902
2.04088
3.02333
3.83079
5.9877
2.54194
3.65196
2.06434
2.03467
1.92449
3.48637
4.01348
2.07367
2.56353
1.67732
1.57217
1.56131
1.77309
2.83735
1.49359
1.78794
1.32766
1.33432
1.76168
3.04812
2.07618
1.58306
1.9452
1.42502
1.37075
2.95204
5.90358
3.75944
2.48398
3.57525
2.05092
2.0157
2.95428
6.70219
4.09312
2.61118
3.95451
2.09112
2.02255
2.96451
6.72289
4.12163
3.9757
2.61915
2.1034
2.03304
1.77075
3.06949
2.08851
1.5917
1.9565
1.42877
1.37449
1.78175
3.80679
3.06503
2.33763
1.85009
1.52358
1.43105
2.23227
4.99217
4.74543
3.32021
2.53103
2.04096
1.88294
19.9275
19.414
28.2775
19.4324
19.6331
15.4216
15.3702
18.9528
21.7792
26.2188
20.5312
21.8098
16.3513
17.2245
18.9492
21.7774
26.2192
21.8098
20.5285
16.3474
17.221
2.16202
4.79068
4.64977
2.43145
3.22055
1.97839
1.81925
1.56849
1.78596
2.68809
1.73356
1.46956
1.35027
1.32989
3.31849
7.50863
4.4514
3.01806
4.37335
2.28701
2.31318
2.81518
5.72723
3.65356
2.33128
3.46886
1.97808
1.92346
19.0287
21.8452
26.3012
20.6135
21.8851
16.4198
17.2963
20.0893
19.6065
28.0081
19.6724
19.4097
15.8561
15.7306
19.0342
26.3052
21.8507
20.6196
21.8899
16.4256
17.3027
20.0582
27.968
19.573
19.3639
19.63
15.8187
15.6883
3.30713
4.46996
7.50034
3.04224
4.39926
2.29831
2.34043
2.81222
3.66902
5.75956
3.4878
2.33208
1.97186
1.92301
)
;

boundaryField
{
    sphere
    {
        type            omegaWallFunction;
        blending        binomial;
        n               2;
        value           nonuniform List<scalar> 
16440
(
42.9201
37.4846
33.7089
162.575
49.3153
166.372
36.0889
33.6882
50.2248
265.382
48.5475
263.144
42.284
36.2823
165.145
37.7321
42.9523
166.49
48.535
264.461
49.9115
263.153
165.138
162.722
49.8308
265.169
264.681
265.432
264.612
265.251
50.2489
49.782
265.136
50.2327
49.8031
264.508
264.605
162.664
162.717
162.718
166.541
165.177
165.079
263.111
49.863
33.726
264.496
265.081
49.8617
48.53
36.2422
48.5229
263.177
263.125
263.157
48.5553
48.5291
265.378
49.838
49.8308
50.219
48.5363
165.183
166.331
165.238
166.469
37.6914
43.0006
42.9961
37.7241
166.323
165.184
36.1292
36.188
166.497
165.229
42.3438
42.3159
166.301
42.9257
37.5152
165.282
36.0554
42.3094
263.155
48.5611
48.5424
263.056
265.416
264.668
50.2501
49.7968
50.2522
49.8151
265.421
263.156
48.5658
48.5546
263.153
263.141
263.183
49.2936
33.6855
33.6864
265.093
48.5246
36.0582
36.1947
166.376
166.547
49.3355
37.4894
49.9081
162.721
162.578
33.6709
33.7075
162.661
162.63
162.579
33.7078
162.631
49.3482
37.4784
37.6884
165.063
166.371
165.152
166.544
265.382
264.537
50.2558
42.9535
42.9954
42.926
264.558
49.8481
50.2566
265.26
502.664
40.1796
143.813
187.738
71.2428
34.6888
497.401
65.7526
557.276
137.78
182.76
66.1023
557.419
49.7147
49.7987
117.128
68.136
444.837
27.8493
30.5925
111.213
98.5112
82.1693
45.9153
107.957
106.581
93.9019
139.185
78.8637
106.185
92.8064
44.7814
45.1683
204.696
109.887
143.149
108.708
95.677
46.5908
109.2
96.9948
80.967
45.2984
317.472
222.132
222.319
107.613
93.9066
78.8454
44.465
46.1186
56.4692
259.512
316.858
222.18
221.952
56.23
259.216
47.4593
498.299
35.8009
138.942
183.776
69.132
108.012
108.991
108.714
83.768
496.786
34.5536
60.0409
137.729
182.562
67.7778
36.4013
129.741
337.373
107.501
353.063
352.171
80.6762
61.5291
35.155
130.643
334.736
36.0928
497.629
65.5105
556.983
96.0467
142.851
97.2238
38.456
502.163
67.3005
65.6673
557.25
402.509
49.0242
141.613
107.348
61.2642
397.017
43.8156
139.01
184.055
65.481
556.945
49.4541
49.4406
116.908
81.8245
108.789
95.6681
83.5729
144.044
189.869
65.8223
557.404
49.8186
50.0748
117.407
37.1942
39.7652
109.696
95.8347
33.0004
36.3158
69.0354
443.684
29.0554
28.5396
45.5067
46.9421
46.9873
48.7707
73.8838
36.6332
133.729
446.526
31.3016
28.1744
108.057
47.3228
333.496
47.5692
35.0143
131.296
106.723
204.264
55.4421
259.418
333.997
395.311
41.5037
31.3592
34.6307
106.168
205.083
56.4356
260.157
236.04
334.067
396.684
43.1151
33.0637
36.8394
107.835
107.65
141.689
109.567
95.7843
46.8804
316.072
221.955
222.089
56.6794
260.75
106.692
350.944
352.269
139.118
104.325
106.133
92.7892
45.5766
331.365
55.4101
259.351
236.194
351.472
350.977
106.666
334.487
236.514
49.6537
81.8384
64.268
37.4741
137.301
334.652
59.9435
395.805
41.4525
31.408
34.6794
45.6763
35.7583
129.415
106.445
335.165
399.483
46.3779
37.4351
41.6069
110.234
49.6235
110.084
48.8408
334.428
46.0266
73.9292
68.1516
31.2441
28.1949
143.968
501.424
38.4103
30.5946
27.8525
67.676
129.245
333.791
106.045
45.6785
395.406
137.779
182.76
34.5052
497.448
137.673
182.682
395.402
497.401
34.6818
557.275
137.674
182.682
497.446
34.5031
395.284
46.0341
334.65
446.471
28.1804
31.2341
73.9258
40.177
502.658
143.974
189.722
38.4236
501.446
67.6739
71.2535
129.244
106.043
45.6786
333.789
337.003
110.091
49.6286
401.745
399.084
107.865
334.831
48.8195
236.504
109.889
47.4286
108.909
46.9113
143.152
96.0181
142.901
141.525
108.834
95.9014
141.621
46.6002
107.604
46.826
107.645
333.427
350.981
351.515
235.995
236.19
317.033
222.192
222.078
260.805
108.837
315.578
221.828
221.984
259.308
236.202
106.597
45.5183
106.703
45.2573
45.1722
351.991
106.687
331.34
45.5685
139.184
106.192
139.092
106.145
78.8602
106.185
92.806
139.09
106.142
92.7987
106.192
93.0163
139.184
139.093
93.9082
139.184
139.09
45.5129
106.59
45.2582
106.703
352.24
108.084
106.576
331.34
45.5614
351.989
106.676
236.194
205.084
259.764
317.038
222.082
222.193
260.804
259.313
315.6
221.988
221.824
236.209
236.516
47.4273
352.381
334.468
108.91
46.9086
109.651
95.8097
107.346
142.902
141.52
108.832
95.7073
141.619
107.593
350.968
351.513
46.8209
107.641
236.003
47.4593
396.317
47.4596
236.004
316.398
222.147
221.851
316.421
221.957
222.012
204.254
236.497
315.597
222.016
221.954
259.118
259.397
56.4542
259.509
56.674
261.01
205.274
45.7759
108.061
44.7518
46.1279
106.398
394.935
395.425
41.4601
31.4178
34.6723
394.934
31.4119
34.6728
395.425
41.4595
45.7845
107.74
107.921
106.277
334.238
315.585
222.02
221.882
204.701
259.388
317.488
222.15
222.243
205.286
56.6878
260.989
236.012
56.37
56.2508
258.996
45.4939
96.0268
107.981
316.888
221.987
222.112
56.4421
260.124
236.499
47.4731
107.84
397.324
43.6758
33.0588
36.6961
33.0122
36.3551
396.718
43.1534
333.696
47.5746
68.9404
69.2327
28.5778
29.1546
184.097
498.271
36.0151
29.1634
28.5657
69.087
334.452
107.697
47.5531
107.775
107.516
46.9331
46.5473
333.462
353.097
109.747
46.9639
334.453
47.3334
48.7257
111.339
46.9533
49.5425
110.229
67.7774
71.243
444.905
27.8406
30.7063
36.3985
68.2909
37.4342
73.9142
28.16
31.2537
34.7467
138.142
183.108
496.785
34.5534
60.0413
497.958
34.7466
27.841
30.7064
71.2342
68.2902
83.7585
28.1595
31.2613
37.4301
137.363
73.9132
334.992
107.925
48.7259
111.368
46.9726
110.246
49.5611
107.783
46.5296
333.435
46.9341
45.3276
109.349
45.494
109.739
108.989
334.493
47.3314
46.9589
333.988
47.5858
35.0154
69.0255
35.1588
130.58
69.3263
28.608
29.1965
35.8358
139.354
184.56
61.3523
36.0459
80.6997
69.2137
35.0501
131.281
444.418
29.1916
28.5979
69.177
107.81
47.5573
139.07
556.977
556.858
35.9169
139.056
184.058
396.637
141.606
141.578
95.8747
108.788
95.9071
143.171
109.532
95.7649
402.551
49.0728
37.5006
41.6854
187.937
40.1479
504.582
144.492
190.392
557.167
66.1185
65.8635
557.578
50.108
49.8584
117.451
557.395
50.0958
49.8265
117.415
65.8324
38.4476
502.169
143.83
187.943
67.2567
40.1491
504.554
144.472
190.358
82.2258
98.5738
83.5678
37.4623
41.6402
141.578
108.784
95.7071
80.98
96.9051
81.7168
143.198
142.807
109.694
95.8364
109.53
95.7662
396.353
43.2003
33.0965
36.3905
36.1395
498.856
139.477
65.535
557.141
65.4967
557.032
49.4379
49.4757
116.929
556.984
49.4325
49.4568
116.928
65.4972
556.958
61.5128
35.9524
498.908
139.491
184.53
33.0955
36.7914
396.676
35.8656
556.946
139.003
183.679
497.614
35.9983
395.951
109.549
109.7
142.861
143.167
96.0206
141.609
141.581
402.077
37.2286
39.7846
399.89
46.4185
503.329
40.1732
64.4071
503.38
38.426
49.7937
49.7504
117.134
65.6586
557.254
557.403
65.7823
557.31
65.6685
557.256
144.049
503.332
40.1719
144.253
188.421
64.4191
503.382
38.4399
402.079
82.2394
97.23
46.4036
109.551
95.7822
143.203
142.831
97.0021
80.9398
96.0124
108.791
95.7101
108.794
95.6701
106.691
141.62
141.576
33.147
36.892
397.056
43.923
139.403
184.517
61.534
498.897
35.9057
556.946
49.4661
49.4361
116.895
65.5081
556.969
65.4947
556.946
65.5212
556.981
139.374
184.154
61.2155
498.833
36.0233
396.324
43.1311
47.5799
28.526
29.0248
69.0163
130.402
35.9035
138.987
183.796
139.002
184.153
35.7661
498.332
69.1676
68.9223
131.145
106.603
47.5401
333.68
46.9879
47.3306
109.024
109.736
352.211
333.437
46.5441
107.785
351.189
107.516
49.5814
337.405
108.738
446.526
31.3016
28.1724
68.2406
71.2673
30.6882
27.8694
81.8588
35.8076
129.359
67.8651
34.7334
496.739
137.803
182.637
59.8488
34.5818
498.005
138.062
183.033
182.638
34.7337
496.739
138.101
183.033
59.8482
34.5809
498.005
73.8814
68.2445
129.588
445.592
30.6886
27.8671
36.6343
133.744
71.2774
35.805
129.358
67.8631
81.857
110.166
49.5715
337.169
45.9517
108.876
48.7711
335.245
334.46
46.9855
109.728
353.067
352.208
109.024
109.227
45.3189
108.139
46.5626
46.9478
351.17
351.356
107.53
107.798
69.1287
28.5628
29.0565
80.6587
35.0816
130.584
69.1052
61.299
35.9342
499.487
139.387
184.266
61.5971
139.402
184.617
35.7947
499.54
35.0889
444.389
29.0752
28.5645
69.2456
34.9923
80.6527
69.0022
47.549
333.969
333.822
106.634
47.4353
107.725
334.574
47.4462
236.504
204.25
316.411
222.033
221.902
108.007
96.9344
316.392
221.859
222.048
236.017
260.993
205.08
317.028
222.311
222.032
204.882
316.058
221.983
221.962
55.4167
259.108
334.285
106.304
46.1198
107.751
44.4753
106.168
45.7844
93.9067
78.8443
31.3347
34.6307
78.8445
93.9065
395.311
41.5035
106.304
334.285
46.1198
107.951
44.4757
107.748
333.992
45.7843
317.034
222.237
222.035
204.886
55.4472
55.4174
259.098
316.062
221.937
221.971
236.514
316.876
222.148
221.923
56.2468
259.19
108.147
45.3251
96.0504
80.9881
81.7767
96.9486
45.4906
109.34
56.2748
259.015
204.479
56.4214
260.355
316.879
221.966
222.119
106.759
47.461
32.9758
36.2993
397.397
43.8531
334.807
47.4559
236.023
46.8354
333.419
107.612
46.5977
108.855
95.6904
106.632
141.52
142.9
107.307
109.637
95.8129
143.088
108.871
352.332
352.865
47.3871
109.822
236.492
236.203
55.5003
259.192
55.4189
45.9429
82.2037
111.242
317.462
222.273
222.166
56.4335
259.776
205.281
236.203
351.147
45.5762
331.34
106.599
45.1788
44.4543
108.089
44.7846
106.713
331.365
45.2617
106.604
45.5229
106.133
92.7888
139.151
93.907
78.8637
139.127
106.136
92.7769
139.149
106.188
92.8214
139.118
104.302
139.151
78.8633
93.9064
106.136
92.7775
104.325
139.127
106.188
92.8219
139.149
331.34
106.692
351.15
45.1749
106.592
107.593
44.7822
108.084
45.2614
350.933
106.711
45.5208
106.601
236.207
316.092
222.102
221.951
55.5166
259.183
204.926
108.868
45.935
97.1984
82.1906
83.5019
98.531
46.968
111.365
56.4094
56.6829
260.748
317.469
222.16
222.291
205.265
236.03
333.469
107.645
46.829
107.603
46.5875
141.702
108.87
95.705
141.529
108.758
95.703
107.34
109.574
95.7969
142.907
109.641
95.8241
143.09
352.368
46.9047
108.909
47.3805
109.817
48.8546
335.166
108.027
399.474
46.3743
37.1895
39.7298
37.4617
41.6236
402.148
49.0269
334.045
45.6859
36.6239
35.7622
71.3343
67.7623
30.6289
27.8829
38.4417
144.213
188.225
67.1564
40.179
83.8053
36.4316
129.82
73.9888
447.188
31.2538
28.2178
68.2277
106.447
46.0362
41.4951
31.3407
34.6371
34.5298
65.7849
65.7175
49.839
49.7535
117.169
557.385
49.8734
50.0487
117.417
66.1118
60.1535
34.7149
498.612
138.18
183.227
31.4063
34.679
31.341
34.6371
395.68
41.495
59.9436
138.078
183.152
34.5292
557.284
49.737
49.8083
117.133
65.7649
557.28
66.1103
557.425
65.8059
557.383
60.154
138.183
183.228
498.612
34.7147
395.805
41.452
333.807
81.8434
36.6281
133.662
67.7606
445.558
27.8824
30.627
71.3398
64.2813
38.4482
502.659
144.218
188.235
67.1405
144.41
190.192
40.18
503.873
36.4298
129.821
37.4714
83.8001
447.19
28.2168
31.2554
68.2255
73.9896
46.0366
334.645
108.025
48.8399
37.1995
39.731
402.13
49.0074
337.309
49.6548
58.9746
520.974
25.77
25.7173
43.4822
43.4985
44.2103
66.9395
68.2082
362.118
83.4942
46.4616
39.3486
118.66
82.515
344.81
49.4393
43.0071
353.149
35.8642
108.027
183.128
102.288
80.0511
50.4285
49.8317
263.151
263.303
357.449
111.174
186.478
105.567
359.985
44.6995
38.1089
81.8388
117.484
121.501
343.729
42.8804
35.8127
119.69
342.191
89.5118
49.0048
52.027
272.11
272.239
49.7394
50.8246
49.8117
269.656
269.628
48.9085
59.2774
520.726
25.7831
81.3483
44.8379
356.251
82.5638
360.031
45.8444
58.4747
520.605
25.6148
25.7705
42.9146
42.9572
43.7225
67.6656
38.6179
110.507
185.359
40.1919
91.6507
25.8773
43.575
43.5964
44.3601
68.3058
111.551
187.463
67.903
344.698
67.2614
48.9148
49.6973
262.311
262.231
50.2119
49.8241
267.431
50.6948
264.009
264.076
48.9172
266.345
110.786
185.926
353.428
108.04
183.144
216.087
84.7193
85.2458
85.267
216.341
51.4051
271.582
271.312
50.4419
50.2842
267.972
50.8147
50.2135
50.4321
268.201
52.0523
68.3236
68.2279
51.3584
271.545
271.261
49.8369
67.2079
25.8877
25.7164
58.4826
25.6163
66.9373
67.2085
58.9694
25.883
25.6184
25.7661
58.4793
50.4152
268.18
52.0277
272.135
272.227
68.2919
51.3649
271.232
49.8483
50.8046
91.6343
50.2354
267.89
111.509
110.806
111.177
110.535
185.408
104.877
84.7667
84.7266
216.107
50.693
263.991
346.52
49.8147
84.7055
216.084
84.6405
353.22
108.058
108.007
183.094
108.026
183.127
108.036
183.141
108.058
353.219
108.007
353.148
108.038
183.143
353.425
216.108
50.6936
263.948
346.521
124.271
84.6488
216.088
111.505
187.385
105.685
110.809
185.973
104.969
110.539
185.413
355.159
84.7575
84.5772
216.138
48.9483
48.8715
49.6801
262.259
262.369
49.6859
262.35
85.1166
85.3686
49.839
263.344
50.6357
264.021
263.951
49.8532
342.347
50.1769
50.3752
268.219
35.8493
87.4548
357.675
79.5178
43.0019
49.8457
50.1662
50.3618
268.2
49.8445
263.285
263.2
50.6435
264.018
263.956
84.6804
84.6764
216.142
49.6801
262.219
262.307
118.518
344.563
48.9427
38.6045
44.8187
343.678
48.8956
49.685
262.175
262.348
216.324
48.9438
48.8762
48.8665
266.382
49.8297
68.0125
67.6415
49.8013
269.643
269.641
48.9037
82.422
344.621
122.977
50.3104
50.3282
346.439
50.8269
268.774
51.4257
66.987
67.2571
66.9911
67.2587
51.4111
271.319
52.0315
272.29
272.157
50.3098
267.887
82.6486
83.6553
346.467
124.25
48.9795
82.4074
118.585
122.97
344.653
48.8613
68.0162
67.6432
49.8278
67.6485
25.8244
25.7466
59.1915
25.7622
67.9792
89.5535
110.525
185.389
104.9
111.239
110.77
185.899
104.964
111.545
187.441
91.6891
40.1501
68.2176
68.2547
25.6109
25.7665
58.9647
25.7149
25.8869
43.6584
43.6376
44.4375
58.4744
25.7663
25.7133
58.9616
520.957
43.637
43.5854
44.3727
25.8808
68.2234
68.2425
91.6792
46.4977
40.1844
111.234
186.557
105.588
110.529
185.392
104.904
38.1168
44.6556
38.5
356.283
111.565
187.471
105.715
110.759
185.888
104.953
89.5264
67.6437
59.2714
25.832
25.7392
42.9909
42.9796
43.7733
25.7883
59.1884
42.9621
42.9285
43.7201
25.7589
67.9769
89.5445
68.0029
59.2711
25.72
25.7662
25.7806
59.2749
110.799
185.954
111.555
357.259
111.225
186.536
355.384
355.836
91.9366
45.8447
68.2957
68.1686
58.9521
25.7115
25.7698
43.5556
43.4639
44.2279
58.4766
520.602
25.6136
25.8773
25.7151
58.9523
520.962
25.7675
25.6151
58.4752
68.1585
39.4143
360.042
45.8625
110.802
185.953
104.993
357.256
356.286
44.7028
38.0575
359.443
81.3336
44.8097
111.245
105.601
110.494
355.419
67.9977
25.7646
42.945
42.9679
43.7328
59.2665
25.7203
25.7634
25.7797
59.2732
520.718
67.6637
48.9194
266.55
49.846
67.563
49.7996
269.598
269.615
48.8465
50.8594
268.814
344.666
49.7037
50.2726
267.856
52.0386
272.118
51.4014
271.338
67.2595
66.9912
66.9891
52.0284
272.206
272.096
51.411
271.342
50.8615
122.244
49.726
50.2946
267.909
48.9914
121.58
48.9851
48.9198
49.8692
269.751
67.5614
67.9029
49.8284
269.69
269.728
48.8577
266.372
48.9113
266.333
89.4735
89.5465
48.9504
216.349
49.6684
262.175
359.945
216.159
84.6793
50.6871
264.003
49.8106
263.162
263.248
50.3917
79.9145
119.802
115.636
79.6985
87.456
79.4357
357.603
42.8785
35.8105
357.676
35.8117
79.4354
357.602
42.878
50.3919
268.23
342.312
49.5101
115.636
79.6983
342.194
49.8296
267.425
49.8168
216.346
85.379
49.6692
262.335
262.176
117.503
81.865
358.986
44.843
38.0975
38.5517
44.6785
48.9651
118.496
82.5789
49.6998
262.373
262.292
48.9602
84.7571
216.146
110.536
356.073
111.185
186.481
111.515
187.396
105.695
357.444
216.332
84.645
84.73
216.107
49.8468
263.326
263.171
118.659
49.7959
39.3576
83.5198
46.4806
50.4229
50.6795
264.118
263.948
216.097
49.4773
342.066
119.771
108.04
108.029
183.13
35.8289
357.215
43.0072
35.8641
108.004
183.092
102.3
353.217
108.057
183.175
108.029
183.13
102.292
353.149
79.4855
42.8829
35.8645
357.214
43.007
108.006
183.094
102.301
353.386
108.058
102.327
353.217
342.012
49.4834
50.1614
49.8566
263.182
263.337
122.243
82.4839
45.8157
39.3465
40.115
83.5177
362.133
46.4744
50.4308
124.274
346.578
50.6754
216.139
110.552
185.409
104.883
356.071
111.189
186.477
110.8
185.941
104.964
111.519
187.393
50.266
50.8221
268.852
49.8785
267.387
68.2392
68.335
52.0664
87.4069
66.9418
58.4756
25.7648
25.6249
43.5555
43.5513
44.2935
25.8753
58.9605
43.581
43.6393
44.3717
25.7204
67.2116
66.942
25.6217
43.5177
43.5011
44.227
58.4757
25.7631
25.7205
25.8723
58.9609
520.958
67.2116
49.8873
267.393
51.4386
271.664
68.2375
68.3303
52.0573
272.194
272.312
50.442
50.8226
268.865
190.975
34.5227
82.1679
28.3771
94.1434
544.432
148.662
27.7939
88.6547
147.249
39.1265
51.3521
157.639
480.223
159.479
184.531
28.3672
518.76
23.8306
86.8538
74.7606
46.7048
46.3109
37.7632
28.6261
72.1526
124.107
637.023
38.3121
50.9699
87.5021
29.5168
504.088
541.109
144.094
22.6238
83.7404
33.1996
141.512
46.0614
152.136
72.5293
237.447
28.426
124.585
637.978
45.1277
52.5367
46.4055
45.1132
52.5184
46.3678
62.6362
62.6184
50.4658
41.6114
33.8485
22.6574
223.74
105.212
194.056
588.278
478.965
157.185
41.8096
57.2658
32.7437
93.4043
508.043
181.042
45.6252
25.4617
38.141
106.821
225.965
593.02
92.0182
93.0535
44.797
46.9679
318.245
94.1447
259.062
50.104
231.18
131.732
54.9705
48.4023
378.394
47.0923
102.399
214.298
98.3483
48.616
317.355
93.4786
231.271
238.124
92.3137
257.089
48.9347
267.206
50.7982
56.5748
355.775
126.623
414.946
130.037
51.6573
104.15
97.0967
132.579
135.3
376.575
97.0628
93.9071
44.6699
46.7186
307.018
375.577
49.5008
268.427
285.937
52.1539
58.6786
55.3272
319.717
319.821
268.192
280.693
267.948
280.56
358.687
418.289
107.113
99.8261
138.284
379.161
100.073
96.7066
76.8595
376.634
317.22
333.866
93.202
49.5423
361.001
230.108
130.032
53.8657
47.9796
46.1358
307.529
48.7559
98.4884
231.49
93.3079
333.71
48.3768
257.041
229.588
238.2
360.046
126.695
120.017
464.119
29.5039
51.6461
112.844
159.826
33.8831
155.457
34.5453
46.3699
44.3971
80.4155
306.742
101.538
309.003
48.5017
98.2055
343.643
93.0505
201.717
243.67
50.7015
226.792
343.346
93.1588
243.207
50.2325
275.129
466.288
30.7485
114.818
161.814
35.993
36.5886
476.719
351.994
102.74
309.842
29.1032
185.754
516.894
76.2822
24.3596
88.178
541.63
23.6348
144.788
84.7098
142.668
34.5116
47.5575
153.376
157.204
387.019
333.742
93.6689
231.388
229.352
238.067
92.7671
49.2061
257.627
50.7087
57.0671
357.6
316.627
93.634
231.61
229.965
92.9343
49.1932
238.937
57.8601
423.319
424.928
52.1687
52.7045
301.563
351.143
353.412
28.3509
184.652
518.304
74.6827
23.767
86.2864
33.2258
24.5335
539.578
22.6301
144.101
83.5743
141.411
33.0923
45.9821
152.071
156.75
134.374
56.3614
403.851
32.6827
70.0661
327.822
26.6429
267.518
284.879
51.3393
57.4367
56.0424
277.766
57.987
285.831
88.6193
100.966
314.069
88.4052
100.396
88.1244
295.076
55.2978
420.628
420.399
50.3377
50.4018
299.604
298.875
349.451
34.2468
25.1999
132.762
55.7665
403.411
33.7235
70.4065
26.739
53.3243
275.654
299.557
56.1236
185.381
29.7562
517.368
519.085
24.9046
87.6709
76.1934
46.9751
46.9362
38.2092
28.7435
71.9219
124.03
39.1942
52.6259
88.6409
29.9803
530.234
128.739
417.984
374.521
112.46
129.791
125.673
469.323
155.597
33.1894
33.5089
188.79
522.798
27.8982
91.0603
79.9228
39.6555
30.1422
46.2772
46.2853
37.786
28.4608
72.1031
124.042
40.762
54.7459
90.97
32.235
100.85
443.677
34.5108
144.743
66.8328
39.9684
138.729
184.632
77.5617
417.141
374.091
132.468
76.4344
121.745
465.441
31.4475
34.5489
25.9349
96.2446
63.0621
36.3834
30.3153
139.074
134.174
72.0174
487.892
540.084
145.381
22.996
84.9791
34.6372
142.822
47.8962
153.475
71.9534
236.72
28.7381
123.867
44.6668
52.247
46.0085
44.7154
52.2962
46.0251
62.4122
62.5041
50.2132
43.045
35.2557
23.4372
224.285
106.138
591.239
54.4725
106.861
99.8837
137.664
482.954
378.574
96.7323
56.375
164.233
38.5486
159.985
39.0676
116.547
546.415
28.0111
150.421
90.15
39.4535
148.042
53.4942
158.952
72.3076
28.7388
124.499
637.912
45.1944
52.6976
46.5303
45.3338
52.8371
46.6355
62.9128
62.9129
50.7076
47.7805
39.7839
25.857
225.711
106.6
195.295
589.798
37.4575
139.205
37.279
140.035
36.724
141.018
37.8782
143.007
107.632
100.477
139.372
485.173
380.328
97.0774
162.006
36.1175
157.603
36.9565
34.2467
143.434
134.803
33.3204
136.004
33.3432
148.606
34.1412
139.105
157.719
386.868
39.5805
52.3197
30.5695
88.5386
175.94
42.8313
22.7807
34.8739
105.909
224.148
588.407
92.0041
92.0783
45.8959
45.6187
46.1688
48.2021
308.4
82.0497
394.878
341.681
47.7314
49.2552
82.5387
310.344
104.068
104.223
482.44
162.824
134.796
58.0112
36.5205
406.377
73.1797
29.2618
38.3525
51.0153
29.4626
87.4454
530.092
41.6853
22.6777
33.8354
105.772
194.373
224.272
591.131
95.323
93.4982
432.825
48.3833
45.5231
364.915
59.4913
128.687
31.6371
383.434
32.2485
66.5338
410.607
129.645
47.0824
343.039
378.677
105.846
105.845
72.6727
72.6606
103.759
310.519
133.071
55.8918
33.3785
404.472
70.5497
26.646
57.8841
126.81
29.9284
381.468
362.703
30.4538
64.5402
127.889
45.9458
330.389
98.8247
49.2965
266.527
284.022
50.601
56.8869
55.8058
319.943
320.052
267.573
267.875
280.532
214.761
331.185
49.9284
342.632
92.8567
243.166
49.7997
343.638
285.11
51.6707
57.4802
53.6124
55.693
93.7888
437.562
29.3305
136.666
60.8645
34.7803
177.356
69.8501
486.627
131.372
32.5362
164.368
141.674
31.6804
133.248
134.369
32.4658
137.524
31.5547
134.224
135.812
361.753
119.253
29.6137
64.3198
56.4584
125.185
28.2695
380.302
44.8262
56.6635
321.302
269.322
282.126
268.939
343.564
93.7433
243.78
50.8633
345.065
276.125
224.026
311.652
311.948
53.1633
55.7762
95.2487
439.289
30.9033
137.946
62.6039
36.6185
178.657
71.3996
132.895
34.8581
33.5434
134.928
136.079
148.93
34.5411
139.395
33.6797
136.194
30.483
65.4338
363.02
58.3185
127.811
29.7606
382.336
408.79
128.9
46.0795
417.202
373.848
94.7598
107.242
100.357
138.322
483.427
379.202
97.0038
378.02
244.659
344.6
94.5379
244.084
95.6499
202.1
50.8227
284.4
87.6
99.3623
312.702
87.6785
99.285
293.525
86.9101
293.961
414.767
73.7131
109.104
74.3903
104.191
97.118
135.233
97.1209
93.9298
74.8461
375.724
339.653
335.696
335.957
342.689
92.8244
243.303
49.8883
284.832
87.8656
99.7255
87.7581
99.5104
312.503
76.6925
338.259
338.315
72.4872
153.739
123.294
467.301
33.0282
118.115
164.728
38.7527
39.6333
106.136
312.975
56.8579
422.346
421.991
52.2219
51.4388
351.877
301.045
37.6262
29.139
137.788
59.9112
409.882
37.363
75.3048
30.0025
54.086
56.2064
463.932
162.686
29.5276
33.116
24.5282
93.7553
437.928
60.9713
34.9439
29.4595
136.882
131.544
177.346
69.9282
33.8054
155.363
34.5187
112.761
32.5033
164.418
133.343
31.7311
134.425
31.575
147.194
32.4741
137.581
101.21
308.683
133.256
55.6136
32.3037
402.737
69.3933
26.0236
56.8911
125.561
28.6635
380.758
30.0972
65.1653
361.879
127.562
45.3658
399.2
55.0307
301.041
57.0289
98.1216
64.3577
38.4099
33.4205
141.174
74.5791
135.525
393.679
38.7884
38.0617
139.39
140.796
39.1554
37.5255
33.14
68.8361
61.9323
131.927
32.7336
385.966
367.689
133.081
47.9813
413.78
355.617
106.087
312.933
56.0573
58.0505
367.57
61.894
131.874
32.707
33.1208
68.8033
133.019
47.9188
125.582
469.403
33.1893
118.076
38.7076
39.5955
100.747
442.974
34.452
66.8641
39.9281
138.589
38.7487
138.969
37.4867
116.61
164.155
38.5101
159.97
38.9783
478.608
153.7
467.288
166.35
32.9924
37.3859
138.804
139.662
36.6637
98.0203
33.3522
64.3413
38.3936
135.443
353.583
104.284
311.218
364.985
123.159
59.4591
31.5759
32.1813
66.2887
410.98
129.654
47.0218
54.9523
277.488
56.967
54.1018
56.1871
350.568
101.504
309.133
361.781
119.586
30.0931
65.1689
56.8881
380.7
28.6542
409.455
127.524
45.3208
482.829
163.013
392.537
157.214
386.513
95.2509
93.4958
432.81
48.3815
45.474
57.8894
423.115
52.8027
52.1315
302.85
302.167
350.804
137.647
409.333
544.748
150.394
28.002
89.8813
39.3681
53.4291
158.839
41.8512
57.2722
93.409
32.7821
47.6599
39.6529
25.7694
225.936
106.971
592.563
188.85
33.3854
79.7783
27.8065
90.6451
45.6303
38.1456
25.4805
225.985
106.84
593.038
40.6654
54.6782
90.7085
32.1093
506.053
93.0569
92.0229
432.336
46.9702
44.8012
478.046
156.482
134.599
56.7889
421.894
421.534
52.1743
51.3958
351.778
300.924
133.025
53.5344
275.733
300.107
55.5357
361.403
119.181
29.5811
64.4473
56.4157
125.162
380.412
28.2755
408.361
126.834
44.7751
350.33
101.213
464.019
91.246
29.4871
93.6785
29.429
60.966
34.938
131.486
159.853
33.8563
34.5616
32.4651
133.002
31.5357
38.356
50.9771
87.6083
29.4839
529.909
541.109
144.094
22.6238
83.7403
141.512
33.1992
46.0614
41.6768
22.6819
33.8385
105.367
194.199
223.984
588.316
28.7824
28.4254
46.3082
46.2703
37.7937
28.4305
184.508
28.3837
516.256
23.765
86.6074
74.7442
41.6112
22.6572
33.8471
105.211
223.738
588.276
541.145
144
22.6005
83.7045
141.43
33.1003
46.0017
152.162
93.6926
29.31
136.528
60.7877
34.7741
131.344
463.935
162.687
150.066
29.5258
32.4804
164.298
132.919
134.022
31.49
33.7971
34.5109
155.36
33.8565
34.5618
32.4652
133.002
31.5359
464.017
29.4871
93.678
29.4272
136.666
60.9676
34.9372
131.484
41.6768
33.8387
22.6819
223.985
105.368
588.317
184.53
28.3667
74.7601
23.828
86.8473
38.3548
50.9765
29.4833
87.6069
46.3089
46.6997
37.7613
28.778
28.4319
28.6222
46.2674
46.3046
37.7906
541.147
144
22.6004
83.7058
33.1012
141.432
46.0016
152.164
38.3095
50.9681
29.5149
87.4995
504.086
184.506
28.382
518.63
74.7425
23.7623
86.6061
32.4809
141.576
134.024
31.4905
33.7977
34.5123
112.759
93.6909
437.869
29.3083
60.7869
34.7726
131.343
150.065
119.979
463.934
162.685
91.2928
29.5246
101.549
361.773
56.8887
125.556
28.6526
30.0876
65.1656
127.542
45.3584
54.0894
56.2036
93.4683
95.2346
45.4513
48.3678
163.005
134.165
57.8675
423.098
424.417
52.1148
52.7759
302.751
353.61
409.313
47.6544
25.7386
39.6477
106.942
195.419
225.899
592.534
190.994
34.5294
28.3772
94.144
82.1698
544.771
150.413
28.009
89.9013
39.3846
147.999
53.4348
158.836
40.6484
54.6728
32.0915
90.7032
544.454
148.671
27.8235
88.6702
39.1469
51.3826
157.659
188.857
33.4152
520.663
27.821
90.6707
79.8107
478.043
156.479
159.487
402.184
134.612
56.7902
421.534
421.904
51.3977
52.1826
300.824
351.707
361.404
56.4167
125.162
28.2754
380.413
29.5814
64.4452
126.835
44.7754
101.214
308.686
53.5324
275.736
300.105
55.5328
56.0437
58.0551
367.558
126.149
33.1174
68.7992
61.8953
131.878
385.901
32.706
413.6
47.9235
106.094
100.731
34.4398
66.8668
39.9283
138.575
38.7294
147.747
138.949
37.4667
139.793
469.408
169.093
33.1933
164.691
38.6997
39.5898
160.181
118.081
37.3685
168.803
138.787
36.6448
139.625
140.952
98.0117
33.3568
64.3263
38.3807
135.435
393.545
38.5005
38.9674
116.607
478.601
467.277
153.695
32.9833
365.002
32.1942
66.2981
59.4586
128.634
31.5748
383.171
410.963
46.977
54.966
300.938
56.9473
353.548
104.226
224.484
224.226
313.158
77.118
396.842
357.543
395.956
342.505
285.876
88.589
101.011
88.5142
100.409
418.29
77.0486
107.686
139.3
97.2637
417.959
112.374
107.265
138.339
379.181
100.03
97.1862
107.12
135.305
138.286
96.8713
416.92
374.022
76.6823
132.526
106.811
99.9243
137.719
416.937
111.248
395.005
341.694
356.354
394.959
356.6
336.835
337.072
284.837
87.7777
99.5164
312.649
87.8596
224.09
224.099
311.707
312.221
224.101
99.8001
49.9462
214.813
330.604
49.4966
56.6575
321.45
321.178
269.089
269.187
94.5044
202.096
50.8288
243.461
50.7233
344.89
49.2512
333.82
316.477
49.2108
55.3159
319.812
319.706
267.932
268.178
280.681
214.39
48.4867
49.7192
343.457
92.733
202.117
94.1875
49.8512
223.919
224.205
393.013
375.942
284.394
87.687
87.5853
312.568
74.8186
392.745
339.602
46.6962
316.352
93.2287
231.269
237.978
48.3165
46.3149
339.304
284.369
87.6367
87.576
99.2619
356.666
74.8421
375.68
414.961
108.899
104.149
132.575
135.284
376.527
94.0712
414.52
73.7128
109.115
104.197
135.243
376.38
94.0836
104.149
97.0958
132.579
135.299
376.575
97.0617
93.9061
414.538
371.528
104.189
135.232
480.987
376.366
104.149
132.575
135.284
481.27
97.0809
414.962
130.085
104.197
97.1937
132.527
135.243
376.38
94.0835
414.521
92.4586
130.116
414.944
73.6817
92.4699
108.952
104.19
135.233
480.988
74.3586
414.537
109.042
393.012
74.8041
339.299
356.626
392.744
74.8165
375.467
335.648
355.868
284.387
87.6851
99.2781
313.126
87.5833
334.706
317.372
93.4789
257.141
48.9281
46.3152
333.398
316.35
257.026
48.3122
335.729
392.924
74.8433
375.673
284.362
87.6325
312.768
87.5714
99.2567
312.84
293.919
224.078
312.078
56.6592
321.413
269.193
281.658
269.061
331.349
99.7953
49.945
243.464
50.7248
94.5116
244.088
50.8319
345.704
318.245
94.1446
50.1024
49.2505
48.3607
308.244
333.778
231.745
360.516
229.879
258.248
49.1913
214.399
329.266
48.4935
329.58
98.349
48.6116
94.1945
243.271
49.8571
342.073
92.7945
243.302
49.7216
274.761
343.477
224.208
224.483
224.222
396.838
77.1152
285.872
88.5891
88.5093
100.403
313.82
88.1607
357.538
76.6462
342.412
107.679
100.51
139.295
484.851
100.41
97.1005
417.959
95.304
133.505
75.9765
112.284
107.264
138.348
483.462
416.918
94.9681
132.521
106.809
99.9504
135.114
137.728
483.256
99.7595
96.8046
416.935
94.7323
132.269
356.343
337.022
105.739
72.5469
284.835
87.773
99.5041
312.641
87.8569
99.7379
312.625
294.282
341.283
377.019
356.599
311.72
224.094
103.687
53.2853
300.173
274.827
55.9925
58.2926
29.7369
362.887
121.365
30.4452
65.3933
46.0367
30.7447
115.267
162.043
36.1198
36.9864
157.569
96.1526
439.468
62.9979
36.386
30.2717
134.144
34.8183
135.742
33.6779
114.811
35.9831
36.5782
476.714
121.767
465.322
31.3943
34.2451
134.575
135.648
33.3451
95.1998
62.6225
36.6265
30.9117
132.871
351.995
102.783
57.8911
29.9883
381.67
362.404
30.4837
64.7272
127.837
45.9614
408.129
53.1249
274.677
55.738
49.2833
226.388
343.55
93.6517
50.858
213.816
329.73
48.7658
55.7885
320.026
267.854
267.588
280.222
342.769
243.365
50.1719
48.1375
316.646
93.5952
92.762
49.147
238.021
343.048
93.1003
243.145
50.2118
55.7904
267.819
267.621
280.427
213.801
330.361
49.2828
243.732
95.0577
50.8091
344.938
224.463
244.287
226.396
329.436
48.4979
98.197
342.013
49.8121
343.706
214.504
48.6373
98.4092
92.8114
243.1
201.974
49.7798
55.3272
267.974
268.201
343.624
93.0415
243.662
50.6866
344.896
214.588
330.685
49.4375
94.5821
243.934
50.8953
214.888
49.93
56.6173
321.399
268.871
269.256
282.082
350.443
101.272
308.604
53.6082
299.516
55.6566
56.4451
28.2661
29.6031
64.2987
361.648
44.7758
409.005
46.342
92.322
48.9429
257.107
46.7183
44.6514
100.179
268.14
285.195
51.6576
57.4936
101.588
309.205
54.0652
56.26
56.8918
125.562
380.561
28.6455
30.0539
64.9476
362.092
45.3116
464.04
162.723
29.537
33.8124
34.4923
155.39
93.7173
60.8587
34.7771
29.303
131.317
32.4989
134.062
31.5208
51.6656
112.844
33.8714
34.5448
93.7751
61.0373
34.9416
29.4464
136.804
131.511
69.8879
486.596
32.5189
133.271
31.7305
134.442
31.6
32.4333
112.849
33.822
34.4901
474.972
464.039
91.254
29.5366
32.498
132.91
134.041
31.5182
93.7173
437.349
60.8639
34.7781
29.3029
131.32
126.694
120.014
29.5038
32.5195
133.291
31.7319
134.443
31.6011
32.4338
93.7743
437.483
61.0381
34.9415
29.447
136.804
131.512
177.319
69.8868
101.319
56.4509
28.268
380.301
361.649
29.6065
64.3076
44.8199
409.011
53.6061
299.552
276.646
55.6848
316.252
92.2416
257.088
48.3753
360.272
46.6893
317.124
48.9288
238.285
361.048
229.665
51.6306
57.4354
56.8843
28.6443
362.092
30.0516
64.9379
45.2675
410.025
54.0619
56.2155
342.046
202.092
49.8184
244.292
226.412
55.3317
267.948
268.214
280.688
214.39
329.434
48.6346
92.7915
243.137
49.7765
214.599
49.4407
227.088
56.6344
321.422
268.879
281.468
269.271
345.031
94.5987
243.98
50.8909
214.9
331.201
49.9448
311.922
224
343.867
93.7178
201.755
50.8754
330.229
49.2754
98.8478
93.1658
243.387
201.638
50.1908
213.941
329.73
48.7712
98.4533
55.7943
267.856
267.57
231.99
94.1091
333.912
93.2196
49.5383
48.1649
46.1578
50.6907
57.2009
54.4476
47.9495
316.626
333.425
92.7392
49.1444
360.17
266.509
283.993
50.5688
56.8511
226.499
226.825
48.7537
343.653
93.7603
243.754
201.719
50.8325
345.022
55.8027
320.246
267.818
280.326
267.634
214.052
330.374
49.2915
98.8321
224.374
352.76
103.741
310.819
53.287
300.178
56.0266
58.3036
127.811
382.335
29.7411
30.4567
65.4103
362.996
121.412
128.882
46.0853
115.271
36.13
157.574
36.9977
96.2325
63.0063
36.3924
30.3001
139.048
134.206
71.9611
34.8678
134.952
33.4908
136.084
33.7302
34.4419
139.383
152.013
121.771
164.33
31.4039
34.2902
134.926
33.3418
135.994
33.3939
34.2155
139.199
95.282
62.6363
36.642
30.9488
137.98
132.935
390.936
71.4324
57.9012
126.842
381.619
30.0039
30.497
64.7341
362.519
120.71
45.9211
408.249
53.1385
299.712
274.694
55.7119
53.1735
275.507
55.827
102.81
30.4999
64.565
362.652
120.703
57.9284
381.472
29.9975
408.686
45.9228
157.5
387.123
55.2843
420.203
50.348
50.4181
349.418
132.801
157.443
386.749
92.1016
92.0409
432.342
45.6639
45.9676
403.5
541.638
22.96
145.242
85.0558
142.743
34.4812
47.7004
153.484
39.2475
52.4946
88.7463
30.0428
530.08
42.9181
34.9473
22.815
224.18
105.966
588.421
29.6505
185.152
76.1761
24.8417
87.9811
42.8143
35.0014
23.297
224.005
105.745
588.416
39.3824
52.1223
88.4211
30.3815
55.275
420.122
420.09
50.3038
50.4136
299.009
349.674
92.0733
92.0932
45.9161
45.7208
478.355
157.781
132.889
53.3064
299.506
56.0959
30.4717
65.2349
363.136
121.42
58.3293
127.799
382.117
29.7414
46.0226
352.859
103.735
310.502
356.291
284.863
87.821
312.676
87.8494
99.5206
341.62
47.996
334.166
317.052
94.1707
232.16
238.756
49.563
258.365
48.1423
285.848
88.4336
100.406
313.824
88.6192
100.973
313.956
88.3835
295.414
358.581
77.0391
342.961
54.9984
56.8834
353.451
104.18
311.116
32.2209
66.5079
59.4477
128.631
383.337
31.5951
364.782
129.578
47.0063
48.3665
335.512
94.1387
50.0391
52.1074
58.796
49.2429
47.7024
104.027
56.0433
303.94
57.9787
106.099
313.247
33.1374
68.9994
61.901
32.749
367.498
126.237
47.9796
56.8605
421.467
422.079
51.5502
52.1514
350.525
301.51
156.748
385.919
133.143
479.866
159.33
390.119
134.613
405.834
92.0549
93.162
44.8723
47.0151
134.372
56.3551
32.6813
70.0622
327.786
26.6405
157.619
386.785
137.739
59.8949
409.244
37.3795
75.3682
332.701
30.0019
483.028
162.984
93.5205
95.3474
45.5141
48.3437
539.574
22.6301
144.1
83.573
141.424
33.0927
45.9823
152.074
38.3127
51.0099
87.3436
29.497
41.622
33.8453
22.6552
224.02
105.615
194.232
591.091
28.3687
184.705
74.8394
23.8444
86.6025
539.685
22.6788
144.208
83.6175
141.902
33.2504
46.136
152.463
38.3625
51.0245
87.4626
29.4671
530.096
41.6858
33.8356
22.676
224.275
105.772
591.134
28.3509
184.651
518.304
74.6826
23.7668
86.2861
41.6222
33.8459
22.6554
224.032
105.617
591.097
38.3125
51.0098
87.3434
29.4968
539.684
22.6803
144.212
83.6192
33.2695
46.1366
33.2258
24.5328
28.3683
184.701
518.894
74.8386
23.8439
86.6023
41.6889
33.8373
22.6788
224.268
105.773
591.13
38.3615
51.024
87.4613
29.4671
530.097
133.146
56.8471
421.462
422.073
51.5414
52.1372
301.416
351.378
92.0634
93.1582
44.8754
47.0139
479.802
159.308
405.839
480.005
157.618
57.8557
423.325
424.902
52.1692
52.7078
301.66
351.184
93.5251
95.3574
432.827
45.5142
48.3528
137.709
59.8721
409.203
37.3564
75.3335
29.9882
483.027
162.983
393.357
54.9964
301.633
56.8973
32.2337
66.5201
364.796
59.4605
128.639
383.345
31.6061
47.0156
353.445
104.182
333.501
49.1782
48.3559
318.434
94.8357
363.544
50.0404
259.127
49.2613
47.7234
82.5543
33.1322
68.995
367.477
61.9041
131.922
32.7475
386.142
47.9919
355.563
106.123
284.854
87.8503
87.8015
99.7676
312.53
87.8628
76.834
341.501
336.948
72.604
92.7918
49.2122
257.684
238.242
50.6339
56.8275
48.0317
46.1655
317.098
94.1733
232.17
49.5608
258.41
238.931
361.081
48.1648
46.1453
102.222
106.815
106.709
72.5359
72.5075
342.954
76.6762
395.812
53.1698
299.09
55.8648
102.863
309.967
30.5061
64.5768
57.937
30.0005
362.756
45.971
133.011
55.8364
403.744
33.3043
70.5258
26.6052
478.568
157.743
132.804
55.7867
404.061
33.7279
70.3549
26.7476
478.92
157.681
387.32
92.2439
92.1807
432.412
45.7294
46.0343
29.1354
185.766
520.107
76.4168
24.3761
88.263
541.811
22.988
145.259
85.0678
143.142
34.5538
47.7884
153.895
39.2558
52.5018
88.7499
30.0484
42.925
34.9536
22.8173
224.181
105.967
194.754
588.421
34.5323
25.8676
541.803
23.6691
144.804
84.7193
34.5858
47.6602
29.6935
185.162
519.83
76.3243
24.8578
88.0665
42.8137
35.0026
23.2964
224.005
105.746
588.416
39.3794
52.1198
88.4214
30.3789
55.3258
420.555
420.521
50.3205
50.4437
349.183
299.207
349.907
157.434
133.108
55.9127
404.464
33.3699
70.549
26.6635
92.207
92.2368
45.9751
45.7864
158.025
387.472
30.478
65.2503
58.3351
127.803
29.7396
382.149
363.247
46.0617
352.874
103.776
310.697
121.741
465.443
164.387
152.096
93.1465
31.4501
95.2434
30.9348
137.699
62.7215
36.6762
132.861
35.9853
36.5632
157.51
34.2674
33.3671
39.6109
52.3676
88.3989
30.5726
540.091
144.984
23.79
84.6922
34.6816
47.6656
153.335
43.046
23.4317
35.2123
106.126
194.525
224.277
591.233
28.7721
28.7368
46.8712
46.9135
38.1583
28.7204
185.984
29.1312
24.4047
87.9388
76.3615
43.0305
22.7847
35.0442
106.308
224.426
591.215
540.099
145.433
23.0187
85.0413
142.807
34.6005
47.8606
153.473
96.1827
438.928
30.2858
63.0655
36.3869
134.122
466.362
93.8776
30.7475
34.8069
166.551
33.6566
115.316
161.966
36.0612
36.895
416.99
373.8
94.7484
132.378
111.324
416.913
374.061
132.483
76.7
106.868
135.071
137.679
99.8046
107.104
138.384
96.8546
418.241
96.1782
77.0204
112.848
107.297
100.398
138.266
483.145
379.007
100.057
97.0324
107.637
100.58
139.369
123.343
467.197
33.0209
97.9967
64.2613
38.3865
33.3742
135.473
116.561
38.5272
39.0391
37.3678
139.645
36.6347
56.3339
100.872
66.8222
39.9625
34.5309
144.794
138.749
77.6112
118.004
164.757
38.7491
39.6691
38.8443
38.1238
139.502
140.849
154.036
39.2659
144.354
37.5745
40.7551
54.7458
90.9689
32.2279
546.136
27.8541
148.656
88.8975
39.2077
51.4566
157.812
45.7313
25.5882
38.2628
106.478
194.97
225.767
590.287
34.6295
190.914
28.3779
94.6083
82.44
41.7875
57.272
93.6056
32.7464
546.581
28.0287
150.404
90.1244
39.5397
53.6273
159.417
47.7029
25.7407
39.7117
106.554
225.656
589.756
28.4592
28.5888
46.326
46.6812
37.7643
28.4573
72.5686
124.457
28.7488
207.534
72.3607
237.317
124.567
45.3817
52.8799
46.6944
45.2457
52.7462
46.5906
62.952
62.9565
50.7571
46.277
46.2851
37.7858
28.5886
28.4561
46.325
46.678
37.7632
45.3661
52.8491
46.6489
45.2036
52.7046
46.539
62.9236
62.9202
50.7171
28.7438
72.3185
124.51
637.924
188.783
33.5051
27.8903
91.0541
79.9236
45.7302
25.5949
38.2608
106.483
225.773
590.293
546.133
148.649
27.8508
88.8908
147.341
39.2094
51.4579
157.819
41.7829
57.2926
93.624
32.7428
530.651
39.6186
30.112
190.941
34.6244
28.3799
94.5929
82.4189
47.7216
25.739
39.7285
106.541
225.637
589.739
546.597
150.431
28.0263
90.1502
148.468
39.5373
53.6109
159.388
98.006
441.886
33.385
64.2672
38.3904
135.484
123.335
166.319
153.676
33.0124
37.372
146.503
36.6373
164.23
38.5212
39.0332
159.989
131.712
56.369
469.341
169.109
155.636
33.2112
38.8164
147.848
38.0823
139.458
140.803
39.2222
37.5455
140.025
118.042
38.758
39.6807
160.206
416.763
373.837
75.9314
111.336
107.098
99.8168
138.383
484.294
96.6973
106.868
99.9849
135.075
137.684
96.8306
53.901
130.015
54.3673
418.46
375.169
96.1876
417.741
374.509
95.2544
133.544
75.9608
112.48
107.644
100.476
136.597
139.389
485.181
97.0776
107.282
100.487
135.925
138.255
97.1182
95.3144
438.883
62.7261
36.677
30.963
137.915
132.916
178.678
71.4226
35.9903
36.5586
34.306
33.3903
134.94
136.025
34.2163
139.143
33.4051
29.8196
185.407
24.9329
87.7712
76.3542
39.6193
52.3751
88.4108
30.5774
530.161
540.238
23.8358
145.003
84.7002
143.129
34.742
47.7857
153.764
43.0483
23.4319
35.2089
106.122
194.522
224.275
591.231
46.9721
46.9316
38.2062
28.7779
72.0039
124.114
28.7295
206.942
71.9227
236.736
123.869
636.866
44.7258
52.3011
46.0456
44.7118
52.2676
46.0436
62.51
62.4237
50.2253
28.7487
46.8709
46.9116
38.1579
44.7113
52.2915
46.0235
44.6754
52.2585
46.006
62.4889
62.4666
50.2138
28.7171
206.907
71.986
123.897
636.683
34.318
25.27
39.1968
52.6324
88.6495
29.9823
504.249
176.379
29.1635
186.007
24.4197
88.0305
76.5005
43.0344
22.7853
35.0469
106.307
224.425
591.214
540.247
23.0467
145.451
85.0502
143.206
34.6798
47.9588
153.893
30.7401
34.8316
166.617
33.5362
134.936
136.099
34.4713
33.6804
136.198
161.954
36.049
36.8688
157.543
162.001
36.132
157.593
36.9599
115.366
476.737
34.8764
134.533
33.7245
466.391
30.7637
96.2354
438.953
30.3022
138.925
63.0926
36.4079
134.173
42.9602
34.9797
22.7824
224.456
106.337
591.23
185.935
29.0868
76.379
24.3825
87.8801
39.1704
52.5555
29.964
88.5927
504.158
46.9516
46.89
38.1617
28.6679
28.7641
28.7164
46.9379
46.9589
38.1949
540.101
144.983
23.7466
84.7087
34.6327
142.718
47.6163
39.5475
52.3345
30.5442
88.3596
530.164
503.924
185.369
29.6841
517.353
519.066
76.1455
24.8284
87.6212
34.223
143.377
134.462
135.674
33.3193
136.043
137.612
35.937
157.459
36.5049
95.1948
30.867
137.672
62.6564
36.601
132.806
121.708
465.399
93.0861
31.3969
107.317
100.478
138.302
100.072
97.1976
107.637
100.547
139.371
100.377
97.234
417.991
374.506
76.0096
95.3052
133.604
112.421
418.238
375.128
77.027
134.533
107.098
99.9189
135.394
138.374
484.275
379.388
100.057
96.7935
416.995
75.9147
132.382
76.6731
416.914
95.0204
132.475
111.359
38.7362
39.6649
479.94
38.7377
139.065
140.417
37.4618
469.357
169.125
97.3676
33.228
100.742
66.8489
39.9746
34.4669
138.643
37.4888
139.247
37.3087
140.074
36.7558
37.9027
153.678
33.0341
98.1522
442.08
64.326
38.4515
33.4699
141.294
182.097
74.6679
135.603
47.7838
39.7866
25.8542
225.7
106.591
589.79
34.5972
190.934
521.316
82.2549
28.4083
94.5004
41.9278
57.358
32.8795
93.6861
546.28
27.846
148.631
88.8617
39.2868
147.772
51.5322
158.255
45.676
38.2038
25.5233
225.719
106.43
194.941
590.238
37.6912
29.1793
33.5026
188.758
520.013
80.0367
27.8558
91.0891
40.7033
54.6904
32.1692
90.9178
46.67
46.314
37.7536
28.4539
28.5915
45.174
52.5673
46.3988
45.1038
52.5082
46.4014
62.6842
62.5877
50.4762
46.2876
46.2857
37.7953
207.162
72.1023
28.4636
124.046
28.7388
28.455
46.6701
46.3138
37.7535
207.461
72.1645
237.137
28.5898
124.301
637.887
72.1061
28.4644
124.048
46.2861
46.285
37.7946
546.414
150.415
28.0101
90.1439
39.4546
148.046
53.4949
41.9291
57.3542
32.8821
93.6821
530.684
190.929
34.5964
521.312
524.73
82.2563
28.4069
94.4996
45.681
38.2111
25.5173
225.708
106.421
590.23
546.3
148.646
27.87
88.8839
39.2892
147.763
51.5466
158.25
40.6958
54.6938
32.1627
90.9172
530.655
37.6987
29.1833
188.77
33.5274
520.024
80.0539
27.8725
91.1117
38.7369
140.421
37.4609
141.676
164.779
38.7304
160.195
39.6591
100.741
34.467
66.845
39.9733
138.643
395.893
469.356
97.3634
33.2253
55.0143
129.8
164.252
38.5543
39.07
116.571
98.1258
33.4515
141.289
64.3084
38.4329
74.6568
135.58
153.701
467.23
95.3969
33.0448
107.316
100.507
138.304
483.184
379.038
418.468
77.0263
96.1719
417.764
76.0079
133.603
53.8525
128.71
107.11
99.8225
138.395
379.409
96.7017
106.844
99.978
137.651
378.561
96.8203
76.7107
417.149
76.7064
416.763
75.9039
94.7453
34.9117
134.882
33.6212
136.16
33.7613
34.5627
139.369
152.941
30.7626
96.3055
439.163
63.0921
36.4085
30.3327
139.137
179.305
72.0884
134.229
540.227
23.0248
145.396
84.9843
34.7067
47.9744
153.886
42.9536
34.974
22.7837
224.455
106.335
591.23
34.3405
25.2838
29.118
185.956
517.65
76.5017
24.3977
87.9685
39.1758
52.5516
29.9673
88.5969
28.7332
44.6906
52.2504
46.0124
44.7164
52.2792
46.0261
62.4343
62.456
50.2067
46.9477
46.8868
38.1597
207.093
71.8959
236.78
28.6677
124.005
71.9048
28.761
123.827
636.679
71.9868
236.843
28.7159
124.072
46.9357
46.9571
38.1934
43.0441
35.2531
23.4357
224.285
106.136
591.238
540.244
23.7822
145.001
84.717
34.7012
143.125
47.7214
153.747
34.4819
25.8565
39.5501
52.3383
30.5441
88.3689
503.991
29.7296
185.394
76.2912
24.8415
87.7063
35.9096
36.4927
95.2596
62.6595
36.5975
30.887
137.879
178.641
71.3672
487.644
132.856
465.396
164.333
31.3877
103.811
310.724
363.156
58.3427
29.7541
30.4806
65.2532
128.971
46.0749
53.3423
56.1182
92.0293
91.9895
432.296
45.6505
45.7775
403.9
477.684
157.122
55.2963
420.067
420.092
50.4687
50.3258
299.121
132.475
43.0446
23.4273
35.2138
105.706
223.98
588.408
185.229
29.7202
24.8187
87.9016
76.2046
541.675
144.889
23.7068
84.8392
34.5738
142.712
47.6308
153.412
39.1593
52.3951
29.9732
88.6876
541.656
145.236
22.9787
85.0612
34.5494
47.8311
153.536
185.74
29.1271
516.886
24.3396
88.1985
76.3794
157.411
386.724
403.473
477.906
157.502
387.135
132.8
55.2597
419.981
420.197
50.3751
50.3351
349.298
299.503
349.329
362.599
57.8728
126.798
29.9259
381.431
30.4438
64.522
408.613
127.861
45.8985
352.09
102.783
309.737
53.1289
299.012
55.8082
396.939
77.0385
343.049
378.755
357.626
358.573
285.868
88.4602
88.636
313.975
317.11
93.249
258.457
49.5951
266.688
48.0012
307.216
333.731
316.476
231.396
93.6767
92.778
49.2166
229.362
105.775
72.6246
284.863
87.8264
312.68
87.8507
99.5224
87.7891
294.161
356.292
106.15
313.297
61.9233
32.7549
367.36
126.155
33.1455
69.025
48.0138
413.118
56.0629
303.972
58.0171
318.418
232.661
94.8217
335.554
50.0344
363.566
268.442
48.3808
316.636
333.503
92.9455
49.2006
229.977
267.497
51.324
57.4428
59.4961
383.386
31.6503
364.919
32.245
66.5222
129.624
47.0461
54.9867
301.658
276.731
56.9001
137.555
95.3292
93.4921
432.819
48.3853
45.5183
57.8635
424.533
52.7222
52.1849
353.353
351.051
157.441
386.242
403.317
480.497
159.52
93.2638
92.1754
47.0375
44.9066
56.8717
422.485
421.88
52.1264
51.5367
301.591
300.629
133.352
55.6802
32.3112
403.417
69.3647
26.0542
479.281
156.968
386.485
41.6853
22.6776
33.8357
105.771
224.276
591.131
184.672
28.334
516.94
23.8297
86.5286
74.698
539.539
144.192
22.6514
83.6082
33.1868
141.496
46.0395
152.043
38.3196
51.0197
29.5028
87.357
530.065
503.579
175.125
41.6265
22.657
33.8488
105.62
224.031
591.1
33.1035
24.5423
184.681
28.3861
517.004
518.774
23.7799
86.3738
74.8236
539.724
144.122
22.659
83.5868
33.1738
141.817
46.0794
152.491
38.3525
51.0154
29.4626
87.4455
539.539
144.191
22.6516
83.6076
33.1958
46.0398
184.673
28.3341
516.94
23.8297
86.5286
74.6981
41.6269
22.6577
33.8493
105.619
194.236
224.022
591.096
38.3189
51.0197
29.5033
87.3564
530.065
503.578
539.726
144.122
22.6594
83.5871
33.1522
141.817
46.0798
152.491
33.1026
24.5417
184.681
28.3859
518.774
23.7788
86.3729
74.8235
482.379
162.814
392.831
137.555
157.449
57.855
424.533
422.984
52.7053
52.1821
353.269
301.498
351.051
93.2611
92.1717
47.0355
44.9029
134.805
58.0266
36.5426
406.392
73.2025
29.2798
159.523
390.61
133.349
55.6772
32.3098
403.416
69.3631
26.0521
156.965
386.483
56.8771
422.49
421.875
52.1426
51.5356
301.603
300.629
350.636
367.362
61.9184
131.927
32.754
386.103
33.1428
69.0189
413.06
47.9677
355.576
106.1
56.0533
57.9887
49.226
286.267
335.516
318.399
239.965
363.306
94.1219
50.0308
231.228
47.1241
48.4181
308.629
267.547
284.997
51.3425
57.4886
316.664
231.627
92.9762
258.382
49.2152
229.984
104.263
55.0018
56.9327
338.365
338.139
106.683
342.717
377.832
358.57
285.865
88.6462
100.968
314.1
88.4453
100.433
88.1637
48.1682
308.046
317.062
232.183
258.397
49.5884
238.766
284.039
50.6949
57.0648
46.1493
48.0296
81.5751
307.568
101.231
266.578
283.818
50.6269
56.8195
316.524
257.688
49.2282
238.242
360.261
395.13
341.434
341.709
376.829
284.879
87.8781
99.5306
87.8269
99.7917
87.7282
294.082
87.8801
356.304
58.3379
382.123
29.7509
363.269
121.501
30.4805
65.2532
128.955
46.0298
409.377
53.3481
299.554
56.0871
157.958
387.434
92.1687
92.138
45.7221
45.8493
55.3452
420.5
420.528
50.4803
50.3558
132.706
55.706
33.638
403.367
70.3385
26.6764
327.914
478.402
157.366
39.5769
52.3157
30.564
88.5368
43.0391
23.4223
35.2069
105.704
194.344
223.979
588.408
34.4891
25.8414
185.239
29.7629
519.794
24.8326
87.9888
76.3521
541.848
144.904
23.7395
84.846
34.645
143.113
47.7314
153.828
42.8283
22.7807
34.871
105.91
224.149
588.407
39.1604
52.3916
29.9735
88.6877
504.798
176.448
34.3151
25.2465
541.828
145.249
23.0052
85.0672
34.6204
143.194
47.9217
153.948
185.748
29.1558
516.884
520.142
24.3517
88.2779
76.5159
132.761
55.7319
33.6597
404.041
70.3031
26.6942
92.1288
92.2037
432.377
45.9432
45.6713
478.841
157.635
387.285
133.008
55.8447
33.3333
403.782
70.5573
26.6135
328.086
55.3058
420.404
420.621
50.4016
50.3615
299.729
157.719
387.655
102.835
53.1481
299.064
275.513
55.8425
53.1349
55.7343
362.349
120.592
30.4412
64.7186
57.8446
126.784
381.586
29.9254
45.9099
351.977
102.724
95.1648
439.152
30.8644
62.581
36.5975
132.828
34.1717
165.884
33.2472
137.512
121.756
465.3
164.298
31.3979
161.762
35.8766
36.4929
157.414
34.8153
134.584
135.74
33.6375
136.125
137.737
96.1911
439.454
30.2918
138.95
62.9986
36.3871
134.188
36.0163
157.502
36.9002
466.264
165.845
30.7319
362.913
121.401
30.4748
65.4193
58.3091
127.794
29.756
382.275
408.619
46.0345
53.2947
274.782
300.153
56.0083
352.734
103.669
310.589
313.146
55.7778
267.605
280.434
267.801
280.318
343.267
93.6849
243.753
50.8402
213.874
329.526
48.7364
226.356
343.052
93.0904
201.656
94.3668
50.2108
344.045
316.633
93.5793
231.186
92.7526
257.64
49.1502
47.9692
81.4833
48.1214
308.018
231.965
361.007
230.115
93.1968
49.5168
213.702
48.7721
201.611
243.366
50.1744
343.985
214.111
330.232
49.2883
343.652
201.722
243.567
50.8387
276.113
344.994
224.099
344.636
94.4891
243.879
50.8804
345.819
276.341
56.656
321.213
269.313
268.931
281.525
330.729
98.7579
49.4804
201.703
93.9983
50.6752
214.489
48.6407
55.3169
319.711
319.978
268.184
267.926
244.629
226.473
92.8049
243.496
49.8253
329.426
48.4896
54.0955
56.26
30.0832
64.9728
362.015
56.9055
125.55
380.54
28.6409
45.2946
350.678
101.551
317.175
93.5218
48.9645
257.067
46.7024
376.521
93.3017
231.487
360.277
48.3834
257.102
44.3994
46.3761
99.8077
29.613
64.3206
361.753
56.458
125.185
28.2694
380.302
44.8252
350.464
101.322
93.7018
437.272
29.4209
136.594
61.0372
34.9406
131.457
32.481
164.344
31.5623
120.018
162.896
150.092
29.4983
33.8801
34.5405
126.694
51.6452
32.5367
164.369
31.6832
133.151
134.389
32.466
137.528
31.5577
464.038
162.727
150.116
91.2578
29.5372
159.765
33.8139
34.4942
112.848
32.4824
164.345
31.5671
135.832
93.7018
29.4206
61.0369
34.94
131.457
390.01
33.8715
34.543
112.844
464.124
91.2056
29.4984
126.692
51.6459
126.694
93.7883
437.562
29.3298
136.665
60.8641
34.7796
69.8496
486.627
131.372
159.763
33.8241
34.4934
474.973
464.037
91.2577
29.5367
362.015
30.0836
64.9721
56.9061
125.55
28.6407
380.541
409.943
127.59
45.2948
54.093
56.2601
101.552
46.7025
317.178
231.45
238.313
92.3197
48.9662
267.254
284.267
50.8383
56.5289
44.3998
46.3765
306.753
93.2892
231.474
360.268
92.2414
257.101
48.3792
53.6085
55.6875
350.464
101.323
214.651
49.9249
344.594
202.128
95.7411
243.915
50.8747
214.62
330.754
49.4919
343.409
93.0079
201.715
243.638
50.6847
344.858
245.245
55.3188
319.978
268.202
280.698
267.947
280.595
342.64
92.8656
202.01
243.229
49.807
98.4136
48.6476
342.419
92.8022
202.079
49.8184
343.71
48.4814
226.483
313.089
313.076
213.924
49.2915
55.788
320.153
319.944
267.606
267.801
226.499
343.417
93.1833
243.268
201.682
94.3741
50.2352
344.087
98.4743
48.7449
284.111
231.192
360.464
49.1488
46.1533
48.0043
377.489
101.214
128.672
53.8724
54.401
129.983
50.7067
57.2124
46.1465
48.1567
81.9576
333.927
317.246
230.123
238.726
93.2294
49.5451
343.031
93.1729
50.2182
344.095
55.8194
320.115
267.605
267.886
280.545
213.826
329.747
48.7815
98.4561
343.973
93.7782
201.768
50.9001
226.806
214.255
98.8837
49.3061
30.4696
64.7466
362.468
120.651
57.8717
126.816
29.9508
381.66
45.971
351.999
102.788
34.212
33.2838
134.887
135.95
34.15
33.2891
136.122
93.1477
31.4119
161.769
35.887
36.5055
114.82
96.2726
30.321
139.166
63.0049
36.3928
179.291
72.0826
134.251
36.0245
36.9066
157.505
476.881
122.78
466.264
152.847
93.9274
30.7326
53.3128
56.0388
352.742
103.718
311.728
311.843
341.389
284.834
87.868
99.7284
87.7634
99.5197
105.725
72.6063
356.357
395.018
376.6
106.822
99.8692
137.733
483.247
378.783
99.7612
96.7168
416.716
374.075
94.9971
132.546
107.137
99.9495
138.294
483.971
96.8153
418.166
112.326
76.398
107.674
139.305
484.856
380.128
418.032
96.1453
338.213
338.233
106.731
285.84
88.497
100.377
88.5352
100.951
313.835
88.3533
77.0814
343.235
378.43
358.625
224.126
312.865
224.023
92.8753
201.952
49.7735
343.572
342.754
92.8428
202.173
49.8869
214.333
48.6467
98.3747
214.657
48.5136
55.3515
319.876
267.969
268.206
280.723
316.499
231.788
49.2234
258.324
360.786
48.4039
47.0966
267.555
284.695
51.3732
57.3886
54.9874
131.762
49.2375
318.211
94.8705
50.0579
259.031
231.149
52.1488
58.6822
93.0798
243.479
50.7333
344.961
214.564
331.32
49.9122
56.6477
321.475
269.044
269.177
49.4946
98.8234
284.387
87.6168
87.649
99.3504
312.669
339.653
103.873
70.5054
74.7554
231.306
333.461
48.3352
50.8384
56.6352
46.3427
44.3939
317.399
93.4761
231.284
48.9429
257.155
46.7262
44.6706
307.025
100.192
355.879
103.96
74.8159
392.775
356.645
375.913
104.191
97.1179
132.523
135.233
376.367
93.9295
414.716
92.4755
130.043
73.685
104.151
135.301
481.288
51.6402
126.629
51.6586
414.75
130.118
73.7129
109.011
104.193
97.1177
135.242
93.9196
414.733
92.514
104.146
97.1937
135.289
481.271
376.563
97.08
94.004
414.766
371.526
73.7129
92.4944
130.16
104.151
97.1977
132.582
135.302
376.577
97.0662
94.003
414.715
73.6849
51.6589
126.628
104.193
97.1182
132.526
135.243
97.0992
93.9205
74.3899
414.749
371.533
73.7127
92.4558
104.146
97.1941
132.575
135.29
481.271
376.563
94.0048
414.732
73.6872
356.699
284.388
87.6198
99.2903
313.022
87.652
99.3536
293.607
392.861
74.7545
339.22
355.794
46.3142
306.372
316.381
93.2592
92.2115
48.3349
267.247
284.481
50.8303
56.5962
44.6708
46.7255
80.5747
307.022
100.192
51.6699
57.636
334.702
48.9383
257.151
361.525
74.8162
375.337
284.397
87.5919
99.3515
87.6725
99.2804
312.987
86.8148
74.8011
393.01
356.64
224.161
244.902
342.423
92.8988
243.353
201.954
49.7756
214.526
48.5132
98.2573
55.3593
319.955
268.215
267.99
280.611
214.462
329.606
48.6476
316.489
49.2097
258.31
360.783
47.0802
48.3898
378.378
82.2374
102.398
129.846
54.9753
56.3241
131.754
268.46
286.046
52.1594
58.7197
47.7146
49.2641
310.339
318.249
50.0571
259.075
343.934
93.0443
243.469
201.77
50.7141
344.943
275.588
344.672
94.54
244.086
202.104
50.831
276.335
226.79
227.148
56.6413
269.182
281.641
269.07
282.025
214.786
330.585
49.4788
214.685
49.9059
224.007
224.171
336.949
72.6418
356.6
394.986
356.348
76.8563
341.789
417.213
373.865
132.304
106.84
99.8848
135.153
137.749
96.7327
416.723
132.537
76.7008
111.572
107.147
99.9634
135.335
138.296
483.965
96.8299
76.4294
107.254
100.366
138.337
379.213
100.025
97.0143
418.17
95.2921
107.679
100.596
139.31
380.132
100.418
97.191
418.032
375.153
96.1419
134.592
77.0502
113.047
285.849
88.5189
100.412
88.5397
100.943
313.841
88.0766
88.34
378.007
357.546
378.39
358.618
104.301
311.237
55.0092
57.0243
59.5011
31.6109
32.2331
66.35
365.133
123.245
47.0516
164.194
38.5334
160.014
39.0131
98.1308
64.3693
38.4235
33.4214
141.165
135.532
74.5733
490.826
37.4645
139.078
37.2633
140.051
36.7431
152.207
37.8124
155.67
97.3153
33.2227
38.8129
139.446
38.073
140.806
37.5479
153.99
39.1699
100.852
66.9212
39.9784
34.5012
144.669
138.686
77.5191
492.627
61.9382
131.945
32.7431
33.1449
68.842
367.709
47.9436
56.0832
58.0704
53.5646
275.791
55.5826
350.335
101.259
308.895
29.5892
64.4703
56.4197
125.175
380.468
28.2768
361.501
44.821
134.852
58.0262
407.025
36.5087
73.1304
29.2623
133.261
55.6155
32.3029
69.3917
26.0225
159.737
478.765
156.708
93.1972
92.1618
432.4
47.0405
44.848
33.4235
188.895
520.739
522.918
79.9178
27.8201
90.7435
544.582
27.8205
148.701
88.6707
147.681
39.1842
51.4507
40.6814
54.6976
90.7285
32.1259
45.6473
38.1604
25.4954
226.016
106.848
195.121
593.059
39.6008
30.1244
544.903
28.0044
150.432
89.9091
148.401
39.4603
53.5213
159.259
34.532
191.02
521.992
82.3032
28.3594
94.2167
47.6856
39.6748
25.7753
225.981
106.989
195.461
592.603
41.8636
57.3006
93.4426
32.7915
57.8887
424.804
423.498
52.8229
52.1254
353.817
134.375
56.3739
403.217
32.7005
70.1528
328.48
26.6683
483.465
163.221
95.3715
93.6303
432.881
48.424
45.5286
157.433
387.032
30.0964
65.1661
56.8905
125.56
28.6627
380.758
361.878
45.366
350.575
101.549
93.7679
438.005
60.7914
34.7768
29.337
136.739
131.399
177.38
69.889
112.761
33.8051
34.5185
32.5208
31.6821
133.263
134.361
32.5064
137.599
31.5318
28.417
184.521
519.058
23.775
86.6868
74.8848
38.313
50.9723
87.5042
29.5183
529.876
541.323
22.6319
144.021
83.7196
141.834
33.1783
46.0996
41.6171
22.6611
33.8528
105.216
194.061
223.742
588.281
46.3002
46.27
37.7933
28.6193
207.307
72.1968
237.089
124.165
28.4379
207.42
72.1537
124.291
45.1622
52.5675
46.4326
45.1798
52.5836
46.4665
62.6597
62.6787
50.5168
28.7709
46.6915
46.3093
37.762
45.1917
52.6783
46.5281
45.3734
52.876
46.655
62.8685
62.9721
50.7129
28.4283
72.5399
124.593
33.2441
24.5203
38.3543
50.9781
87.606
29.4837
504.342
175.425
28.4001
184.542
23.8413
86.9342
74.9011
41.6786
22.6817
33.8415
105.37
223.988
588.319
541.282
22.6523
144.111
83.7521
141.913
33.2737
46.1564
152.55
120.065
464.017
29.4942
32.5019
164.417
31.7302
133.341
134.423
32.4735
31.5741
159.854
33.8603
34.567
32.5208
133.263
31.6823
134.361
31.532
32.5065
91.3034
29.5274
93.7677
60.7904
34.7766
29.3368
136.739
177.38
69.8889
131.399
389.678
33.1159
24.5281
541.323
22.6319
144.021
83.7197
33.1786
46.0996
41.6171
33.8529
22.6611
223.742
105.216
588.281
28.4169
184.521
516.256
519.058
74.8847
23.7746
86.6869
38.313
50.9723
29.5183
87.5041
529.876
504.163
28.4356
45.1564
52.5481
46.4181
45.1192
52.5267
46.3787
62.6446
62.6243
50.4735
46.27
46.3003
37.7933
72.158
28.6177
124.111
637.03
72.5353
28.4289
124.593
207.272
72.3094
28.7701
124.319
637.059
46.3096
46.6916
37.7622
33.2441
24.5199
41.6803
33.8424
22.6833
223.987
105.371
588.319
541.284
22.6531
144.113
83.7535
33.2758
141.915
46.1573
152.551
38.3542
50.9779
29.4837
87.6058
504.342
28.3997
184.542
516.267
74.9005
23.8409
86.9346
33.8611
34.5676
155.43
93.7547
437.927
60.9715
34.9437
29.4591
136.882
69.9276
486.863
131.543
150.048
464.017
162.861
91.2602
29.4938
56.4157
28.2753
29.5868
64.4623
361.502
119.215
44.7746
398.648
408.542
53.5731
300.164
275.842
55.5525
56.8812
421.993
422.37
51.4626
52.2546
301.171
134.867
58.041
36.5232
407.052
73.1471
29.2735
478.761
156.709
92.1577
93.1991
44.8486
47.0385
159.749
390.354
37.6379
29.1493
40.6755
54.6975
32.1201
90.7272
506.129
45.6476
25.49
38.162
106.845
195.119
226.018
593.057
33.436
188.903
27.8273
90.7553
79.9313
544.595
27.8328
148.706
88.6799
39.1935
147.688
51.4629
158.089
39.588
30.1147
47.6903
25.7739
39.6788
106.984
195.457
225.966
592.594
41.8618
57.3058
32.7901
93.448
544.91
28.0074
150.44
89.9171
39.4676
148.401
53.5235
159.257
34.5349
191.029
521.999
524.873
28.3607
94.2169
82.3036
134.375
56.3742
32.7008
403.217
70.153
26.6681
137.785
59.9062
37.3559
75.2935
29.9985
332.06
57.8805
423.494
424.796
52.1172
52.8154
302.228
350.9
353.839
93.631
95.3799
432.879
45.5285
48.427
157.433
163.229
101.549
309.348
54.0804
56.2014
32.2406
66.3613
59.5021
128.668
31.6074
383.228
365.14
123.25
47.0465
353.571
104.289
311.227
37.448
37.2581
139.105
140.032
37.8108
36.7236
139.683
141.047
95.3001
33.0096
164.173
38.5217
38.9894
159.988
100.824
443.189
66.9021
39.9614
34.4851
144.646
184.584
77.4986
492.609
138.658
38.7211
39.6139
160.203
118.094
479.722
469.43
155.649
33.212
56.0764
58.0942
355.676
106.173
313.166
35.454
35.3683
45.1925
45.6624
45.3206
79.5739
357.19
42.3604
115.758
44.4218
81.8079
42.125
357.605
79.4333
33.7268
87.456
79.6992
115.637
36.0944
35.717
44.2183
359.468
44.9841
35.21
355.835
35.6452
45.9654
37.4834
35.4741
42.9369
45.7239
166.329
36.2773
89.6007
165.137
42.2952
45.8829
118.653
82.4865
83.6455
120.445
45.4112
264.779
264.532
49.3231
48.5546
263.29
355.181
162.662
37.7001
91.8986
33.6711
87.4072
49.9232
265.438
42.9831
42.9463
42.9193
42.9477
166.542
166.372
49.9293
37.6933
91.8742
91.6322
264.488
49.2928
45.7251
45.7001
162.631
33.7086
87.4527
45.3968
35.469
35.3677
35.2212
45.1912
33.667
87.4031
162.575
162.632
87.4529
45.3973
35.4777
35.2224
35.4327
520.607
33.6674
87.4036
45.7347
265.332
49.9084
37.6954
91.8779
37.4866
165.172
165.074
356.012
355.158
120.515
83.4995
44.8215
80.0461
115.505
79.824
42.2477
162.664
353.396
42.362
357.117
79.4848
42.2471
83.4969
45.3182
44.8147
82.5029
356.078
356.01
263.282
48.5477
36.2374
89.5842
89.5065
48.5236
263.11
44.3193
81.3756
49.3473
264.559
264.801
265.06
79.917
115.877
33.6881
87.4068
42.2342
87.4064
357.604
42.1253
42.2332
49.333
264.7
44.4219
44.318
358.959
81.3795
81.8325
263.062
89.5892
45.9848
45.9893
81.7263
83.634
120.409
45.2259
45.4058
45.2046
45.4339
120.441
81.7367
117.636
45.9894
45.994
42.2951
42.295
36.1317
89.5281
45.9585
35.7172
35.675
520.687
35.6956
45.9721
36.2036
355.848
81.7186
44.253
37.5236
45.4426
83.5568
91.8908
45.677
45.693
42.9242
35.2418
35.4283
520.96
35.3531
35.4665
42.9043
35.4288
35.3907
35.462
45.6797
45.6866
37.5149
44.9686
83.5836
45.4594
361.67
91.9246
44.2269
359.471
44.2423
81.7081
360.409
357.27
45.952
520.724
35.7237
35.6676
35.7231
520.686
35.6928
45.9696
42.2856
165.282
89.6025
45.94
35.619
35.6749
35.637
520.719
36.0686
89.48
166.497
356.289
44.3
359.449
81.3331
44.2144
45.4522
83.5886
360.02
44.9762
82.5706
45.7198
45.6483
42.9721
520.961
35.3894
35.4201
35.2081
35.4743
35.3577
35.4165
35.2439
520.601
45.6422
37.7244
91.9276
45.4484
82.5881
45.0012
91.6818
44.2944
81.7602
44.2128
355.858
45.9339
35.6387
520.727
35.6173
35.672
35.6352
45.9627
89.4726
45.8697
117.607
81.7263
82.6621
45.4337
45.2036
45.2268
120.434
83.6378
118.578
82.6889
82.4748
81.7284
117.617
45.8675
45.881
48.5232
36.0414
36.1763
117.479
81.848
81.3838
44.3394
44.3858
118.482
82.5623
49.9064
265.089
115.867
33.7306
42.2368
42.1236
87.4061
33.7311
87.4568
79.5221
42.2364
42.1233
87.4067
81.3989
44.3562
81.7879
44.3968
359.953
89.4824
89.5543
165.05
356.046
44.8449
45.3096
79.8295
115.514
80.0493
115.757
353.149
42.2506
357.143
42.3605
79.5742
42.2482
357.118
42.3606
79.5743
79.8233
80.0494
115.757
82.5042
118.644
44.83
360.501
45.3104
83.4911
120.55
356.057
357.484
264.634
91.6596
45.6843
45.7177
45.1958
520.602
35.4209
35.2274
35.4701
35.3712
45.4002
87.4522
45.1961
35.2269
520.602
35.4056
35.3729
35.4834
45.4022
87.4529
45.6747
45.7255
91.6429
91.8814
83.7393
67.0912
524.412
444.841
36.5132
133.428
60.0693
51.3467
50.8702
22.6236
43.3121
101.54
41.3527
43.2631
61.0108
31.1988
34.5023
36.3607
102.27
61.3881
48.8468
143.824
37.0066
187.76
39.5562
108.721
95.8859
335.799
50.9239
232.879
94.9085
204.687
55.3813
329.588
334.662
50.3841
284.448
54.4746
351.093
93.9091
73.6825
104.295
108.952
106.145
92.9859
78.8603
481.288
43.1333
339.304
56.3473
214.807
330.607
56.102
352.926
77.0449
113.066
483.967
46.0634
333.401
341.751
50.6176
231.996
94.1146
56.1413
213.995
259.2
329.563
49.433
334.539
93.9035
150.098
78.847
44.6613
55.3321
214.325
329.438
109.34
334.812
152.886
80.9738
45.2165
106.626
80.5608
61.4465
519.677
35.0619
443.707
477.784
130.466
49.8715
266.684
54.86
284.043
49.7835
333.492
337.356
81.7565
59.7641
35.7407
444.909
478.582
129.188
73.3442
54.8607
351.145
108.147
349.454
71.8893
61.1741
51.595
51.6003
22.6719
43.8881
102.164
497.69
43.6826
96.926
75.9695
107.326
64.3187
50.8357
50.8657
22.7035
43.1887
66.0999
101.864
46.2212
76.6907
106.646
111.42
152.095
439.133
65.5268
43.8867
61.7984
32.8621
36.1864
95.9731
96.0345
80.9482
45.4485
43.6506
65.798
557.31
49.7776
49.7521
117.134
61.7085
37.2762
189.872
41.4625
168.93
139.775
46.1076
115.36
165.96
136.051
65.5013
49.4555
49.4404
116.906
443.666
34.9236
478.316
131.12
102.076
61.9848
45.8679
107.946
311.154
37.4264
74.0107
101.722
61.1564
399.888
31.6249
337.059
337.052
45.4189
107.698
72.534
130.537
29.2072
408.768
396.281
498.273
42.9738
32.9199
36.7036
56.3473
213.925
54.7858
280.236
56.5753
268.16
55.5625
395.055
41.3179
137.775
31.2685
34.5408
27.7637
409.124
281.532
259.41
224.2
166.627
131.319
29.0267
351.474
96.0358
75.8918
111.251
44.9304
334.437
342.479
93.8992
104.302
480.987
43.1514
224.019
352.257
259.768
224.145
224.143
352.859
224.536
108.874
83.5129
46.885
110.127
107.73
350.191
76.4741
93.9102
150.066
134.302
44.3688
106.05
71.9172
28.1803
409.543
441.588
170.951
139.909
137.283
32.4726
65.8283
65.7014
50.0472
49.8551
117.414
65.8116
557.298
66.1012
557.419
49.8475
50.0375
117.391
49.7989
49.7136
117.127
65.6804
557.278
50.0385
49.8482
117.407
65.8099
65.6816
557.279
65.7508
336.995
46.8712
401.766
137.148
32.4508
413.658
48.8707
37.2704
41.4721
189.729
155.624
83.4849
37.0164
39.5509
399.062
46.1889
168.819
139.642
107.983
335.117
31.509
106.342
44.7052
28.1615
446.486
37.4392
36.374
478.988
129.65
353.724
76.4303
73.1929
102.284
61.7207
64.1489
522.418
61.3988
101.892
81.6885
35.6617
74.1353
350.027
71.8535
107.579
395.285
27.7628
44.3632
308.685
41.3102
31.2678
34.5467
150.042
437.794
112.755
101.686
61.1415
43.6434
43.2631
50.9222
50.7888
22.7085
43.2073
59.8627
518.632
61.0104
31.1979
34.5024
437.871
134.157
112.758
31.2681
34.5468
41.3098
112.755
164.353
93.9019
150.042
61.1414
60.0643
518.755
101.685
50.8692
51.3394
557.378
22.623
43.6362
43.2076
43.3074
50.7868
50.9178
22.7066
101.539
59.8617
41.3512
164.297
134.158
106.447
309.335
129.642
28.1565
409.436
83.7195
37.4266
482.82
137.125
73.1783
76.4059
61.7055
67.0706
524.408
101.882
64.1791
522.448
35.6587
36.5162
480.225
133.461
81.6897
71.8513
74.1559
350.025
27.7623
408.36
44.3606
107.576
32.44
111.219
46.8751
312.941
37.2564
41.4506
442.966
170.858
98.512
155.63
83.4861
46.1993
441.35
82.1687
97.1693
31.532
45.819
311.008
108.701
352.927
334.495
343.279
352.388
109.662
109.603
96.0043
112.999
484.852
46.1056
75.9722
107.374
483.459
44.9474
483.967
46.064
97.1711
111.452
45.4335
96.0199
75.8652
106.639
341.375
259.175
259.762
352.239
224.077
56.6016
214.511
331.363
205.112
56.3489
282.004
281.641
285.931
56.0994
49.6662
93.6698
267.501
284.642
54.8075
280.564
55.2936
329.259
331.393
339.3
350.951
285.411
55.5968
49.5117
335.721
335.735
339.596
73.6806
104.331
93.0163
92.9858
78.8636
43.1411
78.8453
481.003
43.1423
481.287
43.1333
73.7157
109.043
78.8472
43.1502
43.1412
73.6808
104.331
108.899
481.003
43.1423
93.9065
73.7129
109.115
106.142
92.7991
104.295
43.1502
93.9032
73.7154
331.392
339.601
335.856
350.95
50.3847
268.159
285.491
55.6026
54.4801
49.5123
231.266
93.231
351.093
339.596
259.119
224.102
282.01
56.6111
214.457
335.784
50.9232
94.9091
232.877
54.8086
49.6535
93.6606
55.2956
55.3931
214.304
259.164
223.924
260.354
343.335
338.248
46.1023
109.602
95.8107
96.9967
81.8252
44.95
76.6813
106.61
111.519
45.4388
75.8714
111.158
224.077
334.571
107.723
45.406
310.604
28.9526
408.656
152.882
81.8226
396.931
43.5478
32.9135
138.955
36.5721
152.006
32.8627
36.2083
43.0065
439.177
106.735
310.049
334.035
108.117
29.2942
259.001
224.106
224.098
56.2809
214.047
260.343
330.215
204.286
56.1593
280.514
266.677
54.8678
49.9574
333.469
266.531
54.785
280.341
56.3351
260.133
352.181
224.216
55.3186
204.723
214.252
55.3655
329.458
280.585
331.188
281.482
333.702
106.043
44.3802
129.188
27.7452
54.4635
50.2247
93.4931
334.959
55.5268
129.741
28.1435
409.961
150.116
112.849
41.3615
437.349
31.1988
137.637
34.4986
182.562
437.484
497.959
164.421
134.255
150.116
31.2215
34.4984
41.361
150.098
164.421
138.231
183.108
106.159
308.806
333.987
27.7449
49.4335
231.503
93.3071
333.754
54.4698
50.2236
93.4907
334.887
268.108
285.067
55.5124
28.1444
55.3608
330.69
282.104
351.332
224.172
204.455
214.1
280.529
280.241
50.612
54.8746
284.424
49.9569
231.196
93.5952
54.7759
204.457
213.996
329.564
280.442
224.293
131.255
28.9727
439.606
166.655
136.265
499.507
136.197
139.342
184.247
499.486
333.802
29.3262
106.622
45.2371
309.76
29.2791
34.9414
443.698
477.852
131.083
72.2076
35.0816
478.204
130.404
72.0543
102.202
62.0531
61.2644
61.7629
102.064
80.5701
71.84
34.9632
131.098
72.4286
109.218
28.9838
409.18
45.408
351.337
351.187
341.516
266.559
54.7711
50.5061
342.749
338.116
334.981
107.914
45.8389
133.563
399.456
31.5806
54.8495
51.002
94.8235
56.0915
286.3
137.412
32.5099
413.213
35.7385
478.577
72.109
36.5727
73.9934
73.337
447.131
480.002
76.2569
101.579
61.0279
518.894
101.729
61.158
59.7657
61.0284
101.579
61.1586
101.728
72.1123
81.7488
36.5647
133.569
73.987
447.14
76.2341
108.72
399.467
31.5907
45.8433
311.119
49.7726
93.625
231.587
56.1114
50.9966
232.668
32.4909
413.231
313.27
341.621
49.8668
93.6711
231.404
54.7825
266.703
54.869
284.153
50.4979
338.192
342.761
106.744
29.2998
408.729
72.2429
444.409
72.0825
102.202
62.0544
61.7652
102.064
478.438
72.4916
479.072
29.004
65.5048
65.463
49.4062
49.4383
116.877
49.4152
49.4554
116.925
65.4974
556.957
395.973
43.0483
32.9482
36.244
183.693
80.9776
114.943
102.118
61.7708
43.9639
43.8382
51.5376
51.5402
22.6416
43.8462
61.4199
519.412
61.9463
152.892
32.9562
36.6627
136.091
81.7372
75.9263
106.679
111.452
108.795
45.4667
82.2377
484.301
46.1044
98.5407
44.9348
109.703
95.8472
83.5335
485.156
46.1016
153.688
46.2124
441.884
37.0032
143.824
39.582
139.663
443.682
101.862
61.3945
525.202
102.222
61.6818
65.6583
65.7731
557.302
49.7469
49.77
117.112
43.1883
43.327
50.9226
51.2747
557.489
22.6281
43.2435
43.644
49.7495
49.7702
117.129
65.7727
557.302
50.8355
50.8657
22.7036
43.3272
43.2443
50.922
51.2707
557.413
22.6252
43.6401
64.3245
61.3969
102.215
525.18
61.6749
97.211
37.0085
39.5902
168.824
139.664
116.55
170.991
96.0498
46.0964
108.798
95.6836
482.981
45.4716
77.037
112.832
46.1171
483.138
44.9286
114.941
166.004
184.176
102.112
61.763
51.5923
51.5939
22.6702
43.9642
43.8322
43.8917
51.5392
51.536
22.6424
43.8427
102.161
61.9425
152.876
115.301
49.4417
49.4353
116.892
65.5103
65.496
65.5239
556.982
33.0004
36.7626
166.589
136.15
43.791
497.687
97.0101
152.947
62.0218
61.4498
102.224
51.6142
51.5219
556.968
22.6344
43.8139
43.8779
43.9097
51.6233
51.5604
22.6557
102.13
61.1341
165.894
114.897
42.997
438.64
152.054
44.9639
485.178
46.1086
107.362
112.934
108.79
95.7194
82.2129
46.0799
106.651
111.398
97.204
76.683
118.061
37.2722
41.4612
170.903
98.577
155.656
48.8341
168.952
144.268
188.422
61.7044
67.1655
102.239
61.3687
523.209
101.838
49.8184
50.0741
117.407
66.082
557.388
51.2797
50.9161
22.6203
43.2415
43.3199
50.8591
50.8428
22.7115
43.192
65.8219
66.0912
557.389
43.651
43.242
51.2803
50.916
22.6202
43.3176
43.1922
50.8569
50.8427
22.711
102.243
67.1659
61.3635
101.833
523.228
170.902
139.916
83.5678
118.055
48.835
443.529
98.5728
155.651
442.059
81.8167
44.9635
107.33
112.907
112.43
484.299
46.1064
45.4355
111.362
111.433
62.0174
519.869
102.222
43.8825
51.6104
51.5186
22.6346
43.8114
43.8746
43.9085
51.6204
51.5594
22.6546
61.7956
102.128
519.537
114.89
438.843
152.047
107.815
29.0235
409.26
334.735
109.356
72.4877
80.5241
34.9803
349.81
348.953
71.7995
61.7346
61.2074
102.168
61.5127
519.712
35.0179
478.191
130.368
72.0024
34.9215
80.54
72.2259
29.191
45.2342
108.011
334.487
342.717
353.099
334.23
50.535
94.1899
54.8634
266.537
283.709
54.7796
49.8784
337.005
341.421
351.345
110.278
137.173
32.4675
111.39
51.0009
56.1344
49.7884
231.615
93.6402
54.8536
31.6243
410.597
335.008
76.2166
83.7285
36.392
479.429
129.588
73.3759
445.595
72.155
61.1559
59.9687
101.585
61.0312
101.722
59.9686
518.431
61.0313
101.585
37.4254
137.173
76.2041
36.3927
479.43
73.3741
83.728
74.0285
480.498
72.1527
479.279
351.59
32.4669
46.9026
313.086
111.257
268.426
56.134
50.9975
232.651
94.8174
54.8671
333.551
49.7967
93.6495
311.357
50.5308
94.1858
334.167
266.668
54.8572
54.787
49.8897
231.418
93.6859
333.792
29.0367
334.449
444.38
478.974
349.904
71.8665
102.074
61.7319
61.9848
102.168
72.0515
72.2754
349.519
349.55
478.555
309.944
29.1972
408.052
45.2347
309.831
32.8316
36.1617
136.054
152.009
80.9743
114.809
396.997
43.7094
166.56
81.761
115.229
152.844
29.006
45.4037
109.204
260.161
224.234
224.47
56.143
259.192
49.9472
284.347
54.885
333.882
50.5933
94.1093
56.1581
259.008
329.726
56.3037
260.321
224.112
282.133
56.3693
214.492
259.543
329.463
280.577
214.419
28.1373
107.951
44.6876
309.026
334.943
50.2696
54.4556
284.281
49.4277
27.7638
308.811
31.2909
34.5404
134.229
78.8479
112.844
134.144
134.15
395.055
41.3184
437.272
78.848
93.8992
150.092
112.849
150.116
28.1373
44.6872
309.026
285.113
55.5691
334.969
50.2757
93.529
54.4502
333.73
49.4169
308.812
56.5721
260.99
331.166
56.3842
259.549
214.497
329.472
214.416
329.416
224.384
224.307
204.461
330.386
280.422
280.332
214.125
329.547
54.7916
333.474
49.9446
93.5825
266.714
54.8928
284.455
50.6255
94.1286
232
280.249
330.25
29.2382
310.058
165.951
152.02
439.59
115.233
310.799
224.01
350.986
224.172
341.71
45.4521
108.746
95.6895
97.2119
76.7113
111.485
46.0765
75.9459
46.1055
98.5405
77.0497
112.961
224.529
352.048
224.157
259.346
329.613
204.93
329.3
280.607
49.6815
93.695
54.8532
50.8723
335.774
268.42
56.0901
281.649
214.93
330.596
224.016
224.154
335.725
339.22
49.535
93.255
267.261
54.5058
284.566
268.17
55.6046
285.518
50.3873
335.698
335.959
339.517
339.414
480.987
43.1513
108.891
106.191
92.8192
78.8628
43.1351
481.003
43.1414
73.6876
109
43.1422
109.104
106.192
92.8196
78.8628
481.288
43.1351
93.91
108.89
481.004
43.1415
109.011
43.1418
109
335.725
352.055
49.5374
333.422
54.502
268.184
55.5974
285.534
50.3767
231.28
93.4706
339.517
339.414
224.028
329.306
280.717
267.563
54.8558
284.697
49.6709
93.6895
231.775
333.856
56.0943
50.8685
94.8626
232.838
335.832
331.307
341.308
75.9085
111.179
483.258
45.4694
46.0675
483.438
44.9379
75.9556
112.253
484.855
46.1059
342.4
343.314
133.648
31.5679
116.65
441.603
168.924
139.657
502.649
170.977
139.984
144.408
190.197
503.876
337.031
32.4838
413.798
106.163
129.415
395.68
27.7815
74.227
71.9146
445.563
480.907
101.885
61.39
524.876
61.7062
102.271
350.905
73.2073
479.645
28.1794
309.348
164.364
498.658
138.077
183.151
101.542
61.0153
50.9112
50.7909
557.372
557.448
22.7135
43.2998
43.2125
43.6231
51.3251
50.8719
557.427
22.6259
43.2661
101.687
61.1446
150.049
134.3
112.755
164.364
134.23
150.066
498.658
61.0152
101.542
43.2124
50.7908
50.9113
22.7108
43.3002
43.266
43.6224
50.8711
51.3247
22.625
61.1443
101.686
519.188
112.754
27.782
350.274
351.978
74.2517
480.969
101.884
61.3899
522.931
61.7048
102.27
73.2048
76.4616
479.645
483.525
31.5771
411.162
168.906
153.723
116.634
114.445
114.109
36.3861
25.0793
207.251
237.004
550.298
30.2953
520.61
25.923
42.9835
25.0148
207.761
36.3569
62.3506
46.9279
551.247
31.4653
520.969
26.3024
44.2489
47.372
63.53
432.33
40.957
86.8665
87.6616
122.26
124.567
92.4709
342.241
119.769
79.824
44.5424
119.617
128.89
96.1567
134.619
47.0076
93.601
394.972
216.782
316.209
357.675
79.5217
43.0016
89.4952
35.8507
115.865
350.677
342.306
81.8108
122.805
44.7007
427.746
87.7364
91.5509
38.115
157.481
117.478
316.466
268.784
50.3328
266.555
49.004
114.141
114.368
36.7615
25.0147
207.104
236.797
550.975
31.0821
26.5738
44.2058
127.721
95.264
133.558
361.666
46.4749
90.441
430.238
113.87
113.583
36.2137
24.869
207.079
236.957
550.451
31.3946
26.1888
43.9314
127.405
95.0171
360.018
81.3564
44.8411
87.1028
427.54
24.9588
206.809
36.699
63.105
47.7438
104.879
93.5078
39.3844
25.1131
207.467
36.5341
237.215
43.5321
43.4715
44.2191
63.6847
47.5121
105.702
186.562
91.7364
38.6101
185.352
42.9198
42.9622
43.7243
550.371
31.2037
520.728
26.6411
44.1839
47.6849
63.1823
432.31
41.9138
87.8857
87.7578
123.066
46.7205
124.236
346.471
118.555
353.481
30.3654
551.185
26.0864
43.196
47.1454
62.5674
41.2027
88.2054
87.4409
47.6525
94.9304
118.634
352.879
344.652
49.4978
276.638
263.235
263.317
216.171
84.7102
84.7051
48.9165
126.71
358.972
132.291
104.949
46.7905
395.935
219.27
219.25
124.577
92.4949
130.16
102.344
79.9145
353.428
44.7155
392.894
84.6125
360.514
82.5001
45.8329
94.1954
40.1274
160.213
120.545
355.668
268.223
50.1558
272.205
79.4876
119.984
42.8833
85.4905
425.569
89.4852
159.795
35.829
183.176
115.504
350.327
49.807
277.566
264.006
264.177
43.6342
43.5562
44.361
43.5399
43.6249
44.3531
43.4918
43.4812
44.209
43.6261
43.5371
44.3564
187.387
186.479
264.185
268.858
50.4376
164.692
94.1701
40.1128
160.184
93.4512
360.478
82.4907
123.289
45.8041
428.978
267.899
49.7464
263.281
263.131
50.1601
272.172
276.756
115.749
41.2003
88.3814
87.2388
272.303
551.256
31.4934
26.3185
44.2814
63.5832
47.5254
63.559
47.3815
31.3194
551.026
26.1728
43.8725
40.9613
86.8659
87.6712
267.349
342.017
183.175
120.061
89.5222
35.864
155.43
550.618
30.3976
26.0937
43.2167
47.121
62.6332
36.533
25.0944
36.3561
25.0142
237.445
113.885
113.579
36.2221
24.8985
207.361
46.9256
62.3494
79.4855
119.98
357.119
42.8829
89.4786
159.792
35.8256
183.175
159.854
89.5223
155.43
357.19
79.5749
120.065
43.0067
85.6416
62.6337
47.1217
550.614
30.3949
26.0887
43.2117
114.104
114.438
25.0889
36.5245
24.8996
207.362
36.2244
237.071
25.0757
207.248
36.3822
113.572
113.881
550.218
30.293
25.9209
42.9827
89.4799
159.793
35.8268
155.36
42.8816
85.4866
350.575
50.148
276.739
432.783
41.1845
88.3461
87.2262
47.5071
63.5629
551.02
31.304
26.165
43.8599
271.524
115.505
350.33
267.356
49.4537
264.124
268.838
120.517
355.624
83.4959
125.59
362.117
46.463
90.2772
430.563
94.1748
40.1146
93.4515
164.149
39.3503
159.965
82.4763
123.272
360.474
45.7964
49.7668
118.637
185.969
216.354
85.2845
85.2571
357.453
47.6373
356.078
82.6038
46.8256
96.1632
128.895
134.623
105.689
127.806
95.3041
133.506
104.965
105.57
127.332
94.9723
126.684
94.732
358.978
132.269
47.0131
46.7164
216.147
84.5863
84.6386
219.437
219.286
124.274
219.128
216.674
44.7492
119.756
91.2278
353.389
79.6955
44.5135
91.177
342.191
119.616
44.5423
91.1145
353.458
44.7158
124.621
92.5123
130.085
102.328
124.527
92.4588
130.117
102.303
102.288
124.579
92.4946
130.161
102.339
183.094
102.328
124.621
92.5122
102.303
124.526
124.566
130.036
102.34
124.574
92.4943
130.161
44.7495
91.2272
44.5137
342.018
79.9127
44.7144
91.2705
84.7297
84.6418
122.234
344.757
316.419
84.714
85.2851
216.352
85.2515
47.6345
82.6078
46.8246
127.806
360.012
127.33
104.881
126.685
46.7159
394.96
121.485
92.988
118.507
352.747
266.493
48.9486
122.796
91.7572
38.6007
91.542
161.809
157.475
44.8114
427.166
266.294
48.8981
262.176
84.6737
84.7038
216.156
122.979
344.508
216.334
263.232
115.626
342.15
267.451
49.5347
119.675
317.184
119.813
350.699
119.936
425.915
85.357
89.4515
159.759
35.8128
159.826
89.4933
155.463
89.4511
159.756
155.382
79.4372
119.938
42.8802
425.915
350.465
267.449
49.5259
119.797
219.178
317.236
122.992
219.262
85.3496
85.1174
266.487
274.795
91.765
162.049
266.298
48.9856
117.619
352.119
269.7
269.695
42.0474
87.8386
87.9625
550.43
31.1843
26.6657
44.3113
63.2978
47.7782
63.2138
47.7438
550.343
31.0861
26.6024
44.1291
432.315
41.9255
87.9814
87.6914
266.535
275.591
118.588
355.386
46.7161
121.563
93.0685
394.874
82.664
47.0715
122.208
93.5775
395.121
343.826
46.765
357.252
47.6598
396.943
267.883
49.7383
118.544
344.651
318.426
124.223
277.732
355.533
271.367
271.627
432.362
40.9742
87.08
87.5081
432.833
41.1644
87.4113
88.1276
30.2695
25.9211
550.877
42.9701
62.2862
46.945
30.3697
26.0786
551.195
43.1896
62.5661
47.1408
62.2867
46.9498
30.2694
550.876
520.605
25.9216
42.9701
62.5732
47.1414
551.193
30.369
26.0771
43.1877
271.583
432.365
40.9751
87.511
87.0807
41.16
87.4069
88.1209
118.531
344.64
316.622
122.192
47.0553
395.111
93.5589
355.424
46.7228
394.909
316.517
121.586
343.873
47.667
94.9543
396.949
46.7598
266.364
275.47
352.143
42.0604
87.8511
87.9748
31.1947
550.43
26.6755
44.3231
63.3035
47.7827
63.2184
47.7478
550.342
31.0831
26.6014
44.127
269.715
269.695
432.381
41.9262
87.6959
87.9862
42.9305
42.9146
43.6955
42.9345
42.919
43.7082
87.1025
427.54
91.5399
161.793
38.117
31.2495
550.947
26.7345
44.288
47.7017
63.0883
36.7738
25.0296
236.842
36.6846
24.9736
206.885
114.013
114.355
36.6971
24.9865
206.907
236.724
47.7204
63.1779
122.73
360.425
44.6677
91.6917
38.52
157.559
186.564
126.666
127.418
95.0289
105.593
128.939
134.536
105.695
93.5337
164.238
39.4221
159.997
94.2237
160.181
550.45
31.3897
26.1873
43.9281
47.3749
63.6575
550.659
31.4634
26.2799
44.2359
47.4821
63.6337
43.4645
43.5227
44.2118
36.2086
24.893
236.944
36.3955
25.0754
207.448
114.397
114.127
36.3457
24.9838
207.532
237.42
36.5271
25.1212
43.4541
43.5257
44.2147
113.87
113.583
36.3958
25.0752
36.3443
25.0117
237.345
114.394
114.124
36.5223
25.1153
207.481
237.231
47.3774
63.6636
31.4567
26.2755
550.654
44.2294
47.4755
63.6221
82.5513
45.8323
428.658
93.523
39.4125
125.707
90.4717
94.2595
164.783
94.7523
126.677
132.386
128.961
134.546
127.713
91.5367
161.792
157.504
31.2582
26.7433
550.944
44.2994
47.6949
63.0826
114.137
114.363
36.7797
25.0374
207.157
236.927
36.6787
24.966
36.7667
25.0209
207.131
236.815
114.011
114.352
36.6941
24.9836
236.725
550.974
31.0831
26.5753
44.2075
47.7176
63.176
122.721
91.6793
42.9129
42.9576
43.719
91.7409
360.486
81.7705
122.768
44.7074
428.095
63.1709
47.7365
551.012
31.05
26.5478
44.1558
114.442
114.079
24.9625
207.095
36.6497
24.9597
36.7307
236.677
24.9863
36.7031
114.366
114.125
31.1692
550.946
26.6473
44.1771
91.493
161.745
38.0685
44.8158
187.469
104.99
105.706
127.772
128.948
96.177
105.58
94.7488
126.662
127.404
164.786
94.2722
160.202
361.695
125.733
46.5033
90.4953
123.371
63.6776
47.508
31.5376
550.666
26.319
44.3117
63.6111
47.3462
31.3472
550.436
26.1713
43.8912
43.5719
43.6067
44.358
114.13
114.385
25.0094
36.3429
25.0809
207.488
36.387
113.578
113.872
24.878
36.2138
236.946
25.113
36.5343
24.9856
36.3479
114.127
114.386
25.0768
36.3843
24.8836
207.079
36.2119
236.96
113.576
113.871
31.5403
550.591
26.3209
44.3158
63.6001
47.3404
31.3392
550.433
26.1671
43.8846
94.2642
40.1852
361.667
83.5855
125.726
46.5016
93.5358
160.006
123.378
128.946
134.526
127.769
95.3041
360.48
104.867
127.428
95.0388
132.493
126.658
132.378
122.761
428.091
87.6072
63.1648
47.7309
31.0554
551.012
26.5529
44.1649
24.9517
36.6938
236.741
114.439
114.075
24.9623
36.6481
24.957
206.817
36.7276
236.676
24.9855
207.1
36.7014
114.365
114.125
63.1031
47.7407
550.945
31.1706
26.6504
44.1816
91.4842
161.744
157.461
121.708
352.904
48.9919
41.897
87.6688
87.9439
269.702
269.659
47.6222
63.1054
31.0768
550.415
26.5588
44.1885
343.818
266.34
48.9744
46.796
94.0766
47.6573
94.9409
121.566
47.0621
395.113
122.21
355.586
50.3734
272.272
277.787
271.615
41.1995
87.4374
88.1999
432.409
40.9643
87.4862
87.0765
47.1411
62.5773
550.879
30.2701
25.9182
42.9683
46.9501
62.2855
551.185
30.3655
26.0869
43.1961
46.9477
62.2866
550.878
30.2695
25.9167
42.9669
432.405
40.9607
87.4807
87.0736
271.628
346.416
268.819
50.3767
124.219
344.729
353.49
46.793
395.883
123.039
94.0704
343.858
47.0862
93.5947
46.7196
266.53
432.365
41.907
87.9569
87.6828
269.733
550.37
31.2022
26.6432
44.1886
47.6197
63.1055
47.6834
63.183
31.0772
26.5618
550.416
44.1911
41.9203
87.8952
87.7685
352.112
262.333
274.651
44.8279
87.2076
91.5187
38.0821
161.98
91.7185
38.5319
81.7835
122.776
44.6756
87.7119
427.719
266.5
48.9536
344.492
85.1465
85.3955
343.678
121.5
122.934
317.217
84.7044
264.071
219.198
268.238
342.312
316.25
342.193
119.692
79.5224
357.677
43.0053
85.5082
159.818
89.4952
35.8527
155.452
119.937
89.449
155.395
89.4957
159.822
35.8529
155.461
120.018
43.0047
85.5076
425.911
89.45
155.387
119.936
85.355
425.915
50.2159
115.867
350.678
119.802
119.693
316.237
219.234
85.1574
216.691
316.651
343.744
121.525
344.548
122.962
219.243
216.68
121.776
87.2237
427.177
91.5318
157.419
91.728
161.982
266.542
274.852
185.397
84.6122
46.7374
394.98
82.518
47.0243
122.256
93.6153
104.868
127.37
105.577
127.76
95.2786
133.471
128.889
362.139
134.602
83.488
47.608
396.847
85.2577
85.2165
344.807
346.541
124.26
84.6214
84.7283
44.7155
392.894
91.2685
44.5443
119.63
91.1191
316.41
342.245
353.386
44.5141
91.1834
44.7476
393.01
183.144
102.344
124.568
102.292
124.524
92.4563
124.62
130.083
102.327
124.577
124.568
92.4751
130.043
124.524
130.118
124.62
92.5137
130.083
44.5437
119.614
119.771
342.245
317.38
44.514
44.7476
84.7354
84.6498
216.111
344.792
84.7557
84.6037
355.195
46.7461
47.0121
93.6029
394.981
126.726
94.7734
94.991
127.36
105.582
127.775
133.492
105.7
128.893
46.8099
47.6048
353.586
267.937
93.4829
125.645
272.321
40.9619
87.6728
86.8729
31.3166
26.1693
551.02
43.8698
63.5646
47.3733
63.6046
47.5104
31.4966
551.246
520.958
26.316
44.2873
41.1982
88.3948
87.2433
89.485
159.794
155.363
550.293
30.2918
25.918
42.9799
46.9304
62.3552
113.876
113.573
36.3758
25.0563
36.2286
24.907
237.16
36.5127
25.0991
114.424
114.095
36.36
25.0178
207.77
237.457
30.3904
26.0861
550.607
43.2091
47.1248
62.6382
89.5262
155.429
119.979
62.3555
46.9305
550.293
30.2918
25.9182
42.98
24.9055
207.393
36.2272
237.091
113.573
113.876
25.0443
207.169
36.3761
237.019
25.0191
207.768
36.3602
237.452
25.1062
36.5094
237.095
114.095
114.424
62.6404
47.125
30.3903
550.608
26.086
43.2089
89.527
159.855
120.065
271.389
432.399
40.9613
86.874
87.6683
31.3147
26.169
551.02
43.8675
47.3749
63.5769
47.5071
63.5858
31.495
551.246
26.3145
44.2846
41.1965
87.243
88.3896
350.575
268.248
123.277
88.739
428.998
93.4666
164.714
94.1769
125.63
278.62
424.436
521.907
42.8649
185.263
39.5522
140.568
30.0437
54.7055
55.2536
188.104
58.9408
39.9281
210.464
43.82
57.8406
389.761
36.3947
72.9202
29.1535
516.268
36.0093
177.774
33.1729
47.2914
133.103
24.4192
63.517
39.2407
63.0897
38.8648
30.9631
30.9633
38.7691
33.4712
23.5476
50.3408
95.6771
175.254
197.46
529.874
22.1729
177.039
69.6994
49.8561
53.8244
34.2181
205.587
182.806
38.2002
38.6695
33.3546
23.4093
199.356
27.6598
29.0252
51.7412
132.919
31.5436
32.3724
56.2231
386.503
32.6205
402.656
69.9806
26.5606
530.838
23.4347
198.093
54.0069
99.3027
52.1848
195.102
201.25
32.4918
33.5481
42.7948
446.017
444.455
26.0277
27.0762
506.047
144.424
184.238
77.2946
147.265
37.0705
139.649
151.843
37.6308
99.9039
96.8719
362.49
240.162
47.9132
97.6632
363.102
51.992
309.965
110.182
308.613
82.251
342.003
92.7856
351.863
258.724
47.1727
96.3451
361.259
359.755
229.763
50.1205
99.3224
375.582
44.5492
371.531
90.95
73.6992
42.4239
79.5856
74.3591
97.1669
94.0711
95.1181
376.292
108.77
80.5709
100.184
335.716
116.961
103.875
392.862
91.116
74.7576
280.237
343.664
321.185
92.9993
98.8327
353.345
259.167
201.755
50.6062
57.5185
50.6402
57.6403
101.01
378.517
47.4349
375.158
94.7084
77.0346
45.3806
82.9432
76.4249
135.301
98.1511
336.86
282.247
118.716
360.637
258.395
96.3931
238.548
47.0528
50.6731
377.47
81.4841
109.609
101.193
319.897
258.46
201.671
352.205
229.397
245.31
245.615
345.013
219.414
226.86
219.486
227.101
223.793
276.554
359.321
92.2243
95.8467
46.4108
49.7124
306.387
361.296
91.215
425.916
85.5052
162.899
49.7468
119.302
54.8814
474.96
37.0393
141.675
95.5957
180.676
51.6664
134.26
376.308
108.517
99.8022
464.12
125.557
44.6255
380.523
306.647
258.931
92.7471
280.604
351.967
93.9987
344.915
275.425
245.17
244.793
343.088
219.273
243.607
219.233
226.529
223.552
276.287
274.982
94.3787
201.688
344.135
93.978
165.884
51.6642
122.192
476.923
56.8063
165.986
39.0295
97.6728
182.58
53.8722
137.641
465.331
46.115
419.993
37.1134
179.293
34.1753
134.623
25.1
48.682
176.481
35.6145
206.111
51.0206
183.417
54.8476
39.809
132.535
55.6126
519.397
33.6463
70.2353
327.333
26.6357
46.7285
95.9297
360.037
359.919
50.352
88.0523
377.837
46.9518
96.2449
360.692
284.866
258.3
360.157
50.9702
308.265
363.516
303.345
62.7331
65.2264
35.9956
516.929
177.666
33.0323
133.102
24.4415
47.1874
34.1384
182.394
205.186
49.6474
53.6387
38.2241
55.5417
402.848
385.919
32.239
69.2029
25.9657
28.1486
32.9974
286.319
52.1185
52.3735
303.975
353.467
279.792
58.8141
356.276
99.5037
88.2975
338.395
85.3262
295.291
313.669
61.6592
61.0227
27.1549
327.962
33.3384
50.7181
50.3665
277.741
57.1069
409.343
37.6611
178.726
34.4662
48.8339
175.819
134.342
25.8238
63.8211
39.4441
63.7487
39.3497
31.2117
31.2521
39.2764
33.7572
637.538
23.5442
51.5799
504.183
96.6738
176.359
197.935
22.5242
138.861
71.8295
46.8059
93.6748
76.132
130.037
44.4467
82.3391
76.4101
97.3518
169.087
131.681
54.4193
125.38
40.9593
520.058
182.247
37.6026
51.8915
178.151
138.009
29.0778
62.9538
38.8558
62.9959
38.9129
31.0066
31.0451
38.5861
33.3654
636.961
23.4721
207.595
72.5371
124.412
52.5041
506.707
97.6213
178.154
197.663
530.7
23.4219
141.046
181.692
74.4283
61.1717
30.8646
61.9236
492.896
396.017
47.0028
93.9178
76.3456
45.0623
82.0837
76.6694
93.1453
164.389
128.743
51.5617
121.215
476.556
56.7032
179.27
27.5523
57.5311
392.117
71.9332
124.039
637.539
206.126
51.1977
183.24
55.3346
35.7749
39.8702
39.1926
33.7537
636.682
23.375
199.603
28.7303
30.2203
52.6105
194.534
33.1848
148.292
153.325
34.01
138.787
135.069
99.798
97.8531
58.9614
41.3656
146.636
478.828
99.486
184.861
54.9862
139.794
40.7784
211.864
188.647
55.7214
60.1078
45.275
39.0436
33.6788
23.3881
72.1734
237.155
124.308
45.1534
52.5598
46.3908
45.1081
52.5088
46.3991
62.681
62.5886
50.4744
201.319
32.9143
34.6086
52.4171
139.07
37.8985
158.956
39.0436
143.942
146.614
40.2844
152.216
36.7126
136.584
100.376
98.2889
57.4303
166.665
39.7269
98.0376
183.115
54.4655
476.734
136.17
137.926
37.2344
137.669
33.0814
482.947
206.839
71.9676
123.878
44.6708
52.2457
46.009
44.7167
52.2942
46.0242
62.4106
62.5019
50.212
132.855
55.7392
519.402
33.3071
70.3836
26.5407
197.764
529.975
22.7395
51.6256
504.495
96.6014
52.6158
194.702
199.692
28.5541
29.9739
42.7112
445.05
26.3977
444.919
26.2392
504.719
379.012
110.889
102.238
376.889
336.95
118.843
93.0742
76.8729
281.766
377.737
81.5564
380.027
112.346
467.24
128.693
47.0984
59.7735
392.832
524.729
37.312
408.64
75.2022
29.922
29.3171
35.3976
330.754
197.61
22.1873
50.5019
503.691
95.814
175.267
51.8583
199.604
27.791
29.1125
43.9229
447.232
27.8059
508.706
444.933
26.5642
123.233
59.6151
393.386
131.961
400.569
120.368
106.771
396.936
77.0353
283.708
466.389
127.822
46.1404
27.2363
33.1668
327.491
120.675
57.3715
398.834
129.508
137.729
178.318
71.2093
142.795
33.4023
148.603
34.4046
352.537
259.435
201.705
50.5205
58.1264
50.5616
266.674
58.1078
353.912
99.8596
260.458
231.225
94.1296
201.997
275.122
50.6588
299.556
50.8448
350.642
409.125
277.935
56.5382
69.6944
485.782
54.353
26.508
55.7702
389.997
141.502
31.6003
132.898
134.128
146.88
152.045
32.3025
35.6239
147.137
31.2259
126.96
56.1549
128.857
398.802
321.292
51.6612
59.0474
51.4473
58.8515
95.1042
201.725
94.1341
312.555
94.3604
243.407
274.727
50.2721
299.775
50.6125
349.184
408.233
277.304
56.9284
55.794
487.905
28.3791
57.2373
390.897
38.178
143.748
137.802
33.2356
57.6607
121.447
130.389
399.493
356.602
377.064
87.7542
294.166
46.9993
93.1805
75.9816
44.8219
81.8718
76.6596
135.987
100.012
97.961
106.661
93.9659
76.6219
119.749
282.679
81.9194
342.329
244.916
226.55
243.356
226.526
223.471
243.299
275.234
276.282
345.734
356.698
231.448
99.2876
86.8054
84.0335
86.8165
312.996
44.5819
371.526
91.0416
73.6983
42.4742
79.6524
74.3644
132.523
376.367
95.123
335.738
91.2688
280.291
116.922
80.6079
103.927
103.959
70.5603
70.5683
94.221
202.168
275.19
343.804
312.693
312.008
312.257
243.489
94.0407
84.8856
87.758
337.061
87.7503
294.145
312.75
294.184
106.716
106.786
72.552
312.895
313.244
243.666
95.6475
95.3192
429.012
129.859
88.7566
166.368
53.0557
123.267
186.111
60.7102
42.5379
100.581
56.3355
479.735
469.446
47.6925
385.944
309.989
103.975
360.466
300.957
63.1455
62.2467
29.8331
332.071
36.2701
51.6738
51.4613
276.753
300.849
278.82
57.6395
409.544
91.3036
126.629
49.8024
119.293
54.2266
26.5148
55.8586
486.864
389.798
54.8744
37.0411
141.652
475.16
95.5975
180.706
51.6403
135.761
141.65
35.6803
135.822
31.2995
463.932
125.165
44.3692
380.406
27.5462
32.5534
327.841
119.623
56.684
389.798
129.548
51.5928
278.876
51.3794
57.3904
58.747
182.028
30.2664
490.825
59.8245
42.2324
153.969
147.826
144.205
141.786
36.9286
61.8268
409.866
126.222
403.438
135.095
396.304
207.215
72.3191
237.126
124.328
72.1194
124.241
45.3709
52.8717
46.6493
45.1708
52.669
46.5198
62.9721
62.8629
50.7104
207.186
72.3103
237.106
124.317
207.76
72.5277
124.584
45.1603
52.6627
46.5093
45.3614
52.8645
46.6416
62.8508
62.9598
50.6975
45.1069
52.5183
46.367
45.1265
52.5348
46.4036
62.6182
62.6349
50.4644
72.1054
237.069
124.229
45.3625
52.8663
46.6446
45.157
52.6632
46.5134
62.9646
62.8562
50.7037
207.183
72.3063
237.103
124.314
637.06
72.1073
124.23
72.1509
237.001
124.106
385.896
47.6759
103.946
52.151
303.273
278.585
52.3619
279.857
58.6728
403.29
126.163
61.7839
135.022
144.45
184.262
77.3188
37.9059
147.998
140.468
153.657
39.0122
97.2637
125.343
430.558
90.2707
169.088
54.2956
186.066
60.6645
170.87
42.4933
100.549
56.3134
479.708
139.809
61.1767
30.8096
61.9827
491.809
396.186
147.76
42.1923
143.887
141.737
36.8531
37.0757
37.6308
142.558
140.917
74.3398
58.8613
41.2888
146.529
99.4429
184.763
140.969
95.2939
441.364
88.7433
123.248
53.0271
40.1792
151.848
36.607
58.6622
181.662
489.98
30.2478
59.7525
393.569
128.654
383.214
59.542
406.421
131.786
400.585
51.3175
300.968
51.5219
278.807
57.3372
51.6509
300.832
51.4554
278.743
57.592
125.542
44.6484
100.095
56.6552
402.668
129.485
389.694
399.108
59.8171
37.3275
75.1845
331.452
29.9445
134.188
56.2378
32.6288
69.9956
327.862
26.5747
43.8902
27.7784
447.412
508.054
26.5506
444.698
65.0674
62.9212
29.8203
36.2417
28.176
32.9863
211.449
55.5574
59.9196
40.7097
188.264
45.2061
54.0552
181.052
99.3478
23.4625
198.106
530.856
201.166
32.7898
34.4656
52.4269
195.445
520.656
40.8459
182.212
37.5214
137.955
29.0299
51.81
177.915
201.271
32.4869
33.5528
52.196
195.116
52.427
97.3773
23.3759
197.661
530.853
42.8006
446.025
27.0829
444.458
26.0337
55.464
402.184
386.182
32.2321
69.232
25.9314
29.2542
329.435
35.3393
300.911
63.0615
62.183
27.497
327.219
32.5159
50.6479
277.708
398.6
56.0698
128.804
44.3718
481.27
136.669
69.7371
31.5938
134.088
146.87
32.3419
152.136
137.259
85.6396
162.86
425.565
49.8447
119.295
54.1697
177.005
486.052
26.5027
55.8255
54.9065
164.353
37.0398
141.582
95.6035
180.718
51.6571
475.147
134.233
35.6418
135.758
31.2585
50.4968
504.269
175.423
95.9784
22.1813
197.614
49.8556
53.8239
34.2177
205.586
182.805
38.2001
51.8408
199.629
27.7863
29.1298
39.0067
33.7032
637.063
23.4139
38.6689
33.354
637.977
23.4084
62.9993
38.929
62.9614
38.8548
31.055
31.0102
38.6327
33.3571
637.811
23.4514
36.0198
177.639
33.0472
47.1785
133.086
24.4295
51.7397
194.056
199.355
27.6587
29.0232
49.6869
53.6771
182.634
34.1449
205.445
38.2418
31.5423
146.809
32.3717
54.1947
26.5197
55.6263
486.083
389.575
91.2939
85.4879
425.57
126.625
119.288
49.8013
35.5985
141.581
137.274
135.694
31.1999
54.8675
37.035
180.703
95.5914
51.6379
475.159
31.5941
134.089
146.87
32.342
137.259
69.7363
180.718
54.9066
37.04
95.6036
475.147
134.233
141.583
35.6418
135.758
31.2588
91.2459
437.794
425.565
162.859
119.295
49.8447
54.1694
177.004
26.5025
55.8234
486.051
389.691
199.63
27.7868
29.1302
51.8413
194.199
516.267
36.0085
177.771
33.1706
133.102
24.4185
47.2891
22.1802
197.612
529.908
50.494
504.265
175.421
95.972
63.0876
38.8646
63.5096
39.2357
30.9629
30.9612
38.9993
33.6982
23.4124
38.6341
33.3575
637.813
23.4518
38.7643
33.4674
637.021
23.5445
62.9573
38.8528
62.9952
38.9252
31.0082
31.0518
205.447
49.6879
53.6791
182.635
34.1467
38.2431
529.872
197.446
22.1703
50.3381
95.6749
175.251
516.253
36.0176
177.637
33.0453
133.084
24.4275
47.1762
136.526
177.038
69.6973
35.5984
146.809
137.275
135.689
31.2001
54.8674
37.036
475.159
95.5923
180.704
51.6388
54.1933
486.081
26.5181
55.6255
389.574
425.568
126.624
119.287
49.7998
380.756
119.587
56.6461
129.472
399.201
300.816
51.4464
51.653
350.79
278.8
57.619
43.8656
444.686
26.53
447.374
27.7597
137.627
59.8032
392.536
37.3161
75.1665
29.937
331.435
327.848
28.1631
32.9767
302.138
62.9053
65.0405
29.8086
36.2298
52.411
201.132
32.7757
34.4608
521.92
42.8715
185.26
39.5353
54.7097
140.568
30.0303
55.5671
59.9409
40.7221
211.478
188.295
45.2149
197.654
23.3589
530.839
52.4122
97.3655
177.907
55.2812
58.9559
188.123
39.9525
210.486
43.8479
40.8749
182.244
37.5496
51.8374
137.988
29.0549
133.022
55.4612
386.181
32.2309
69.2315
25.9303
57.8587
389.781
36.4269
406.452
72.952
29.1744
327.218
27.4947
32.5152
329.463
29.2775
35.3675
300.902
62.1813
63.0765
119.181
56.0703
128.804
398.598
44.3731
50.646
267.216
284.45
277.707
50.8012
56.5719
360.178
52.36
278.521
303.258
279.862
133.021
61.7689
135.001
403.293
47.6784
37.8886
140.446
153.634
38.9924
143.864
61.1599
30.8082
61.9693
491.791
396.175
42.1736
141.722
36.8329
97.2645
131.732
125.346
54.3014
479.711
60.6637
42.4899
100.555
186.068
56.3149
140.938
74.3555
489.981
40.1636
146.512
142.548
36.5872
58.6488
181.66
30.2342
59.7627
58.8481
41.2767
99.4411
184.757
54.9715
95.2795
123.234
166.337
88.7304
428.973
129.815
53.0153
129.641
400.473
59.5673
123.174
131.81
277.456
51.5346
267.497
284.537
51.3203
278.751
57.2994
47.0519
483.251
95.6951
95.1268
244.087
312.963
243.543
358.69
378.518
338.252
106.784
95.0062
72.5513
120.371
283.72
378.117
88.1601
338.3
378.63
76.6502
94.016
119.808
282.718
81.9501
85.3669
88.3128
295.082
314.019
295.306
313.825
106.717
72.4981
100.586
100.457
47.4361
375.128
94.7124
77.0384
45.3825
82.9133
76.4552
136.537
100.414
98.2583
380.126
46.8347
76.1637
374.495
93.6218
44.426
82.4124
136.009
97.9772
100.077
98.1555
379.163
46.9805
93.9758
76.2993
129.818
45.0577
82.0617
135.112
99.7572
97.8856
378.734
46.9867
373.785
93.1524
75.9503
128.641
44.7885
81.939
76.6632
376.639
105.727
93.6143
76.8655
72.6041
282.293
118.724
231.761
87.6742
258.318
377.129
92.9922
76.7846
281.76
118.862
99.7393
231.195
87.8371
105.758
72.5643
84.8928
294.036
312.628
294.262
94.3702
243.306
311.788
312.074
243.404
353.823
260.439
343.726
93.0091
98.8236
353.339
259.164
201.762
51.6285
268.443
59.1287
51.4762
268.161
58.7636
245.015
344.321
245.252
226.977
223.567
226.658
275.447
345.704
276.106
94.0382
380.277
112.282
82.5978
239.288
92.9425
360.482
46.9166
96.1997
360.749
229.922
51.1157
50.6261
57.6311
50.5926
57.5085
98.2247
333.393
351.956
258.884
201.901
94.043
274.728
223.211
244.281
244.567
342.368
219.143
217.24
226.355
226.353
243.264
275.01
343.7
312.769
311.884
312.419
356.637
99.2804
103.896
376.238
74.8052
116.989
280.323
80.558
70.5302
355.873
99.3633
84.0308
86.8222
335.861
86.8836
313.126
293.84
293.614
375.469
335.651
116.939
280.246
80.3979
103.883
70.5464
306.694
108.706
46.41
95.8767
360.182
359.137
92.1895
257.031
229.628
49.587
306.367
108.426
375.942
80.3224
99.6779
103.874
392.862
74.7559
280.236
116.96
86.79
84.0128
86.8781
293.474
312.842
293.927
231.44
103.863
70.5169
70.5319
392.924
91.2749
116.907
280.323
44.5669
73.7087
371.491
90.9509
42.4356
79.572
74.3928
97.1669
97.1937
97.0809
95.1454
44.5867
371.498
91.0408
73.6884
42.458
79.7318
132.527
97.1005
95.0975
95.1178
97.2182
94.0245
44.6047
91.0423
73.6991
126.695
42.4741
79.6994
132.522
97.1175
95.1181
95.1455
376.527
371.491
44.5672
73.7091
90.9512
126.623
42.4358
79.5718
74.3926
97.1003
95.0975
371.498
44.5869
91.041
73.6886
126.695
42.4581
79.7317
97.2191
94.0256
371.53
44.5482
73.6981
90.9488
42.423
79.5849
132.522
97.1187
376.366
95.1186
371.527
44.6042
73.6987
91.0418
42.4738
79.699
375.936
103.891
116.983
280.315
231.276
86.8146
103.879
91.1782
280.265
116.935
70.5274
70.5439
99.3611
84.0233
86.8766
293.832
293.609
312.568
238.286
92.3296
359.924
47.1781
96.3746
361.506
229.763
50.163
306.365
375.942
108.424
80.3183
99.6785
92.185
359.133
95.8763
237.974
46.4084
229.632
49.5832
355.77
99.3188
86.7845
103.865
70.5185
70.5333
280.303
376.512
116.909
84.0071
86.872
293.469
356.654
231.416
257.044
94.0388
94.1579
312.225
243.408
51.4781
58.7689
51.6291
59.1295
260.397
202.096
353.758
344.873
275.416
245.231
245.046
344.354
219.278
226.661
226.978
223.57
219.439
217.406
95.6956
276.155
47.9144
97.6625
363.108
362.49
240.164
259.061
231.182
51.9922
309.969
112.281
380.275
82.5971
103.95
378.322
110.093
82.2157
102.283
96.1639
46.8972
360.284
239.103
92.9066
51.0485
342.325
92.7345
98.2336
351.965
258.895
258.724
201.894
351.868
202.128
274.981
343.685
94.0368
244.53
244.309
223.235
219.163
217.357
226.357
219.175
226.342
312.431
311.893
313.178
312.956
106.79
283.717
95.0033
120.37
72.5633
85.3667
88.3128
338.276
295.118
314.016
295.306
106.696
72.4793
378.049
395.955
94.0152
282.715
378.689
119.792
136.532
380.121
98.254
100.484
97.121
46.832
374.53
76.1641
93.6224
130.037
44.4283
379.219
82.3639
136.011
100.032
97.9765
374.053
46.9782
76.2975
93.9743
45.057
82.0909
76.632
378.772
97.8847
46.9824
373.819
75.9507
93.1546
128.644
44.7912
81.8898
294.029
105.733
72.6161
84.8935
87.6686
87.8388
118.84
76.7814
281.744
81.4646
311.779
127.79
466.283
382.27
46.1312
284.334
277.54
50.6787
50.3728
57.159
399.379
349.399
128.847
57.5739
403.191
391.688
130.285
93.9615
427.743
87.7294
165.876
51.6593
122.179
57.4516
166.584
39.7316
98.043
183.162
54.4446
476.919
136.188
137.789
138.843
71.7792
134.603
33.3517
34.3116
56.5594
178.92
27.5807
487.326
57.3583
143.716
38.0996
148.582
139.056
33.2697
56.7937
165.917
39.019
143.371
97.6628
182.575
136.121
137.572
93.1451
164.321
87.2122
121.173
51.6283
33.1914
34.0668
137.764
178.339
71.2392
37.2479
148.29
138.867
33.1624
55.7667
28.373
57.2572
487.114
390.824
126.84
398.778
120.669
57.366
402.848
129.527
284.081
277.263
50.5803
299.704
50.2276
56.8909
349.04
311.811
311.705
94.3238
94.1172
312.626
320.007
259.452
98.8497
352.561
244.821
244.468
226.638
219.182
223.332
219.156
201.73
276.098
345.061
93.099
98.4428
352.119
258.433
50.5421
58.0859
50.509
58.1153
201.623
274.775
344.001
110.781
308.024
102.097
359.918
257.684
46.7473
96.0041
360.432
50.2722
344.089
274.951
244.717
244.607
343.26
219.102
226.345
226.65
223.318
219.199
217.393
320.071
50.5279
58.0303
50.5293
58.1743
93.6628
98.8083
352.469
259.387
230.064
201.685
275.934
313.114
312.956
244.569
223.229
219.174
217.349
219.108
217.252
226.348
274.779
92.7251
258.927
351.962
94.1545
202.087
342.404
258.777
280.676
351.958
274.962
343.586
319.869
319.719
50.5835
57.6057
50.6776
267.524
57.5613
93.9917
201.711
275.414
321.244
98.7232
259.087
353.119
229.707
95.7513
202.171
345.853
99.8333
353.901
260.486
51.3901
58.7864
51.6051
268.39
59.0229
125.173
380.262
44.3715
99.7007
267.257
284.179
50.8478
50.6613
276.652
277.869
56.4956
126.929
398.67
119.213
56.1183
128.796
376.248
108.445
360.066
47.1151
238.468
96.2893
50.2453
376.572
108.753
80.6151
307.005
278.899
277.491
51.3993
300.136
127.577
399.223
119.64
56.6926
403.837
129.443
91.254
49.6999
119.286
474.973
54.8384
164.291
37.0286
141.609
95.5819
180.652
51.6462
134.113
136.456
177.023
69.6585
54.2981
26.5032
55.7416
485.813
389.893
132.814
31.5494
146.822
32.3339
137.21
35.5853
135.76
31.1798
54.8817
37.0386
95.5947
180.676
474.961
54.3276
177.32
26.4967
55.9586
390.109
141.675
35.6652
147.196
137.508
135.882
31.2727
54.8381
164.29
37.028
95.5818
180.651
134.114
135.757
162.723
85.3569
119.286
49.6999
31.5447
32.3326
137.205
141.607
35.585
146.82
31.1717
136.456
177.023
69.6585
54.298
26.5033
55.7413
485.813
389.915
91.2146
425.915
85.5055
162.899
49.7464
119.301
35.6655
147.196
137.508
135.883
31.2683
141.891
152.461
54.3262
26.4961
486.595
55.9595
390.109
125.186
126.95
398.795
119.213
56.1186
128.797
267.259
284.289
50.8565
50.6631
277.936
56.5337
350.522
359.499
95.8761
238.366
46.4181
229.624
49.7596
108.676
80.5904
100.077
359.87
92.2909
96.2434
47.0933
50.1811
127.556
399.141
119.64
56.6943
129.456
51.3769
300.114
277.506
278.808
274.784
343.71
244.573
342.341
219.109
226.325
223.219
319.903
319.642
50.5846
57.6147
50.6885
57.5593
98.404
351.885
258.705
229.968
201.962
94.1052
274.965
343.538
259.094
321.262
98.7221
353.13
245.319
245.622
226.88
223.797
219.428
219.484
276.536
51.3896
58.7968
51.6192
268.402
59.0442
202.162
95.7398
345.795
99.8563
335.539
353.926
260.502
311.632
94.3265
95.1308
345.102
320.032
352.56
259.426
344.059
320.095
333.791
352.15
258.476
50.5429
266.68
58.0856
50.5112
266.563
58.1222
238.719
360.82
258.452
96.4277
47.0569
361.267
230.104
50.7254
81.9659
110.853
308.364
102.196
377.409
109.536
307.196
101.101
257.622
359.734
95.9695
46.7384
237.849
229.397
50.2189
245.031
244.971
219.165
217.247
223.528
319.898
258.429
98.4731
352.154
95.0636
276.138
50.5244
58.0268
50.5307
58.1938
334.234
352.573
259.473
313.034
313.042
50.3821
277.617
408.725
57.6127
399.489
391.798
130.341
57.4639
39.7432
98.051
183.168
56.6215
179.261
27.589
488.138
57.3943
143.791
38.1468
148.908
137.86
33.3239
93.1623
439.315
427.172
87.2179
51.6382
121.187
143.444
37.292
148.621
33.2153
55.8284
178.682
28.3896
487.927
57.2977
143.071
153.793
127.829
398.721
57.4192
129.604
277.193
50.2265
283.713
50.6181
299.053
50.2306
277.337
56.7803
126.855
46.1345
101.136
127.906
57.4153
129.503
398.743
55.698
33.23
70.3657
327.45
26.5131
299.616
298.89
61.6334
61.0002
27.1418
33.0453
132.598
55.6368
33.6491
70.1854
26.6438
42.7667
26.2846
444.948
504.743
26.4591
445.083
27.1366
33.3369
326.68
35.5964
206.367
183.45
51.127
55.2833
39.7028
51.6244
96.8642
22.5539
198.013
199.728
28.5683
30.028
52.6975
194.752
37.5717
516.631
178.676
34.4576
134.281
25.7637
48.7744
504.481
175.887
199.711
28.5799
30.0204
52.6043
194.352
51.4967
96.5701
22.6366
197.729
529.966
27.1113
33.2869
299.413
61.1442
61.4803
42.7626
444.819
26.4376
445.17
26.2792
55.7606
403.888
386.904
33.2873
70.375
26.562
27.1678
326.825
33.089
50.3589
277.673
128.946
57.651
130.271
399.435
392.012
46.1226
356.7
99.7728
87.7802
376.881
376.93
294.142
84.9257
336.924
87.7886
294.205
118.837
105.774
76.87
281.76
81.5481
72.6111
337.058
282.281
378.042
76.8472
118.813
82.188
72.6454
105.797
307.218
109.566
377.733
47.0363
96.35
360.85
93.2119
360.803
50.7885
308.036
110.781
378.9
81.9879
102.121
85.3454
338.364
294.973
232.666
378.682
259.112
106.671
395.822
94.0272
76.6845
282.667
119.722
106.767
72.4924
72.5086
94.9418
120.378
283.715
278.652
51.3265
301.657
51.5826
276.745
57.4242
400.438
410.494
351.461
47.0685
59.564
123.155
131.891
393.236
110.121
102.29
97.727
47.9264
231.213
362.486
240.11
51.9117
310.305
380.018
112.327
82.5394
279.785
52.3726
131.91
386.131
132.997
403.362
61.8103
135.157
396.032
300.541
62.0909
63.2855
55.5388
402.847
32.239
69.2019
25.9646
27.5594
326.599
32.5706
57.8971
36.467
73.0422
330.157
29.2204
29.312
35.3825
42.8653
444.699
26.074
27.1529
445.856
506.703
28.1468
32.9938
29.8149
36.2485
393.371
43.8803
447.163
26.5241
444.92
27.7536
508.702
34.1393
205.174
182.443
49.6561
53.6353
38.2244
50.3535
503.514
175.104
95.5184
22.1814
197.462
530.058
199.322
27.6621
29.0057
51.7564
36.0234
517.016
177.978
133.311
47.3388
175.292
34.2814
205.385
182.626
49.8206
53.7865
38.2635
50.5103
503.752
95.8112
22.1945
197.622
199.547
27.7692
29.1084
51.8578
194.375
35.9956
516.929
177.666
33.0328
133.102
24.4416
47.1873
503.514
175.104
199.276
27.648
29.0078
51.7579
194.234
50.3533
95.5183
22.1813
197.462
530.058
34.283
205.384
182.666
49.8296
53.7905
38.2635
36.0225
517.014
177.977
133.309
47.3381
503.751
175.291
199.599
27.7906
29.1123
51.8589
194.374
50.5089
95.8092
22.1941
197.622
326.603
27.5608
32.5724
300.535
62.0837
63.2761
42.8704
26.0768
444.7
445.861
27.1576
134.599
57.8867
390.113
36.4669
522.797
73.0401
29.2138
29.3082
330.156
35.3854
386.784
303.433
62.7304
65.2061
43.885
444.917
447.159
26.5245
27.7585
29.7997
332.669
36.2305
51.5941
276.694
410.444
278.658
129.592
400.451
59.5746
123.17
131.897
467.196
47.0625
96.253
46.9531
360.699
360.149
238.936
92.927
258.283
50.9683
308.262
378.028
110.111
82.1706
102.285
97.7511
47.945
231.234
362.512
240.133
94.1581
51.9336
310.334
380.04
112.356
104.057
133.004
403.363
61.7864
126.211
135.137
84.9197
87.6914
312.743
294.034
294.318
356.702
376.857
336.999
105.773
282.266
118.786
72.6329
105.766
376.846
118.828
76.8675
93.0822
281.802
81.5703
95.9667
46.7418
360.271
283.829
229.391
360.108
50.408
377.799
109.645
307.577
101.243
96.3907
47.0484
230.103
360.986
93.2333
50.8441
308.392
378.946
110.853
81.9981
358.579
357.592
378.649
120.377
77.0431
283.725
377.76
94.0245
119.696
282.699
277.412
50.237
398.864
126.866
381.509
127.932
57.4511
120.745
129.552
27.1684
33.0768
328.067
387.646
27.1644
327.345
33.3665
519.564
42.8257
445.019
26.3119
26.4905
445.099
37.1473
516.895
179.462
134.807
48.7221
504.825
35.6693
206.424
51.1359
55.2924
183.509
39.7804
51.6345
96.8759
176.493
530.081
198.011
22.5629
199.741
28.5728
30.0335
52.7008
35.6928
206.169
51.0284
183.475
54.854
39.8968
37.6181
516.63
178.852
134.476
48.8188
504.56
175.905
199.724
28.5838
30.0235
52.6075
194.353
51.495
96.5747
197.728
22.6348
529.966
299.54
61.1944
61.5394
387.541
27.2133
327.493
33.1344
42.8206
444.886
26.4625
26.3078
445.183
519.885
128.967
399.553
57.695
121.47
130.347
466.35
207.103
71.9639
124.059
71.882
236.651
123.815
44.6808
52.261
45.9892
44.6593
52.2254
45.983
62.4716
62.3843
50.1773
44.6882
52.2818
46.0136
44.6706
52.2558
45.9999
62.4818
62.463
50.2092
71.9851
123.895
636.683
482.979
71.2234
438.673
121.217
51.5627
476.56
55.8912
178.342
486.862
28.4165
57.3885
391.154
33.2424
142.72
134.591
135.686
148.32
34.07
138.814
56.7971
165.93
39.0309
182.544
97.6876
53.8997
136.061
37.251
143.412
137.644
33.1409
51.7141
503.947
96.5067
197.764
530.163
22.7728
51.1143
54.9372
35.7813
205.878
183.255
39.9453
52.5712
199.654
28.6803
30.1579
39.3014
33.814
637.538
23.3944
39.1689
33.7324
636.667
23.567
63.6687
39.3457
63.6994
39.378
31.2409
31.1548
39.176
33.7458
23.3573
517.608
37.1788
179.438
34.242
48.7894
134.759
25.1683
52.6176
194.857
199.66
28.7074
30.1128
51.2884
55.4221
183.321
35.7395
206.152
39.8387
56.6611
178.936
487.079
27.5535
57.4973
122.144
165.873
87.5789
428.059
51.5385
476.713
33.3988
134.594
135.767
34.3392
38.077
148.616
143.712
139.003
137.813
33.198
57.3729
39.6566
97.9927
183.071
54.386
47.0006
75.9669
93.2749
44.8516
378.586
81.8896
76.7025
47.0334
93.93
76.3538
45.068
82.1884
99.9555
99.8873
96.8925
97.8621
135.397
379.369
100.058
98.1937
47.4366
77.0513
375.166
94.6144
45.3467
82.9348
135.939
97.9404
97.1745
136.592
380.326
100.381
98.2929
95.351
123.259
88.8953
166.32
428.668
53.1635
141.035
181.682
74.4188
58.5604
30.2664
59.6571
490.258
58.9202
168.822
41.3314
146.501
99.5028
184.86
55.0196
478.823
140.911
37.0901
147.335
138.81
37.6944
142.631
40.194
151.84
36.6231
61.1939
184.679
30.8614
492.932
61.9462
60.7346
170.999
42.5531
147.858
100.583
186.149
479.902
140.041
141.795
42.319
37.0162
148.493
52.4964
97.614
530.695
23.4161
197.662
40.0184
210.865
55.4229
188.446
59.0973
43.9259
52.193
201.372
32.6145
33.6875
42.9772
521.285
185.457
54.7886
181.233
140.805
53.9604
99.4326
198.081
23.4031
530.66
40.873
211.909
55.6889
60.0739
188.689
45.3847
52.3885
195.257
201.278
32.8514
34.5419
207.162
72.1031
124.043
72.156
237.126
124.294
637.878
45.1019
52.5046
46.3919
45.1447
52.5538
46.3834
62.5777
62.672
50.4637
38.5847
33.365
23.4715
636.955
38.8132
33.4543
23.52
63.0894
38.8733
63.4975
39.2259
30.9676
30.9641
38.6229
33.3636
23.432
637.328
39.037
33.6886
638.139
23.3979
45.0989
52.5054
46.395
45.1454
52.554
46.3849
62.5831
62.6755
50.4686
207.448
72.1557
237.125
124.293
637.878
62.9536
38.8555
62.9959
38.9135
31.0064
31.0454
38.8134
33.4547
23.5206
38.6226
33.363
637.127
23.4303
63.0885
38.8719
63.4934
39.2224
30.9659
30.9627
39.0325
33.6847
23.3952
520.052
40.9547
182.247
37.6087
51.8861
138.009
29.0835
52.1955
194.975
201.379
32.6114
33.6847
55.4167
59.0909
188.444
40.0201
210.862
43.9275
53.9538
508.717
99.4284
181.242
198.075
23.3967
521.307
42.97
185.431
54.7781
140.782
52.3817
195.245
201.262
32.8647
34.557
55.7155
60.1021
188.708
40.8659
211.929
45.373
58.5669
30.2686
59.6697
490.268
393.246
95.3477
88.8873
129.777
123.257
53.1553
37.0965
138.817
139.653
151.85
37.7018
40.1995
142.64
140.911
36.6247
58.9162
41.3268
184.852
99.4917
55.0092
478.816
97.3706
430.269
125.399
54.4489
42.2925
153.991
144.308
141.782
36.9857
60.753
42.5671
186.178
100.62
479.927
47.0281
93.2806
75.9725
44.857
81.973
135.393
379.398
100.056
98.1888
378.591
99.8086
97.8657
47.4057
94.6338
77.0608
45.3522
82.8464
46.8256
76.1236
93.6646
44.4392
82.4298
380.343
100.388
98.3012
378.998
100.043
97.9244
55.9442
28.416
57.4187
487.676
391.259
56.7963
39.0289
143.477
97.6851
182.549
136.18
37.2896
148.645
137.699
33.1763
37.7319
517.438
178.916
48.8949
134.548
51.7251
504.015
96.5184
175.841
22.7771
197.76
35.8629
205.95
51.1195
54.9415
183.264
40.0478
52.5641
199.653
28.6739
30.1519
63.8159
39.4441
63.7411
39.3456
31.2117
31.2478
39.3054
33.817
637.751
23.3972
39.1635
33.7271
23.5612
39.2811
33.7615
23.5477
63.6672
39.3481
63.6947
39.3759
31.2435
31.1534
39.1728
33.7433
23.3551
51.5833
96.6802
197.933
22.525
530.233
37.2144
517.675
179.619
48.831
134.949
52.6143
194.856
199.66
28.7089
30.1151
35.8186
183.322
206.225
51.2934
55.4293
39.9252
93.8575
165.858
87.5667
428.048
122.126
51.5272
38.1023
148.936
143.768
139.325
137.857
33.2197
57.3521
39.6291
97.9791
183.062
476.701
44.6599
52.235
45.9957
44.7127
52.2781
46.0212
62.4237
62.4534
50.1988
71.8967
236.781
124.005
637.526
206.818
71.9062
123.828
207.101
71.9895
236.844
124.073
483.185
33.4788
135.822
148.649
34.4276
57.4341
39.733
98.0426
183.109
143.751
38.1508
139.042
137.857
33.2286
71.9
487.099
93.9359
165.921
87.6105
122.194
51.568
56.7198
178.968
27.5729
57.5212
392.065
199.625
28.6226
30.0567
52.6588
194.896
517.583
37.122
179.425
34.2744
134.763
25.1861
48.7147
22.4944
198.007
530.253
51.5436
176.315
96.6384
63.8074
39.3946
63.7396
39.3077
31.1598
31.2073
39.1675
33.6834
23.5098
39.2161
33.7663
636.679
23.5722
39.2405
33.7732
637.54
23.355
63.7446
39.3708
63.8
39.4154
31.2585
31.1782
205.907
51.1703
54.9805
183.233
35.7325
39.8959
197.766
22.74
51.6249
96.4455
175.785
37.5638
178.696
34.4135
134.303
25.7627
48.7527
37.2082
33.0533
182.498
56.7398
38.9749
97.6418
53.8619
476.518
178.316
71.1822
55.8471
486.839
28.3374
57.3192
391.106
427.508
128.718
164.333
87.0666
121.15
51.5186
135.96
97.9521
379.036
136.586
380.295
98.2935
46.8196
76.1653
93.72
130.122
44.4688
82.3289
47.4372
77.0504
94.6242
45.3436
82.9805
76.4443
98.1915
373.833
47.0055
75.9676
93.2674
44.8499
81.9248
374.089
47.0272
93.9133
76.3434
129.776
45.0561
82.1369
60.7508
42.5585
100.635
186.189
139.917
141.683
37.8961
39.0421
143.938
147.751
42.2165
153.624
36.898
443.528
125.404
430.285
131.716
54.4706
144.484
184.251
77.329
61.0832
30.864
492.056
61.8768
395.892
40.3147
152.245
143.042
141.039
36.7441
95.4041
428.664
88.9202
166.367
53.1833
123.313
58.6985
30.3336
491.137
59.7464
393.404
201.311
32.9156
34.6111
52.4131
195.287
42.9317
185.23
39.545
140.568
30.0137
54.7336
198.094
23.477
530.678
54.1172
508.709
181.312
99.581
40.0913
210.899
188.484
55.3886
59.0605
43.9963
201.336
32.5509
33.6264
52.1652
40.9542
182.404
138.179
51.8856
197.647
23.3667
530.661
52.4565
506.744
178.129
97.582
45.1936
52.6974
46.5297
45.3387
52.8361
46.6342
62.9127
62.9123
50.7072
207.563
72.525
237.322
124.397
637.121
63.5012
39.2155
63.0761
38.8664
30.9539
30.9609
38.6204
33.3602
23.4276
38.8053
33.4577
637.888
23.5308
62.9901
38.9162
62.9611
38.8633
31.0559
31.0142
38.5895
33.3687
23.4752
636.962
207.466
72.3072
237.215
124.498
207.48
72.5275
237.336
124.398
39.044
33.6789
637.911
23.388
38.6219
33.3607
637.127
23.4279
63.5004
39.2156
63.076
38.8663
30.9538
30.9608
38.8028
33.456
23.5296
38.5895
33.3691
636.966
23.4757
62.9882
38.9146
62.9605
38.8632
31.0545
31.0141
55.7136
60.1006
40.7793
211.861
188.645
45.2757
198.086
23.4803
54.1185
99.5828
181.308
42.9307
185.231
39.5449
140.569
30.014
54.7327
201.322
32.5623
33.6358
52.1596
194.934
55.4142
59.0853
40.0982
210.919
188.504
44.0073
197.644
23.3585
52.4491
506.743
178.116
97.5763
40.9788
182.424
138.199
51.9096
147.743
42.2159
153.627
36.8982
186.182
60.7462
42.5534
100.628
56.3689
479.934
144.485
184.254
77.3307
61.0833
492.059
30.8631
61.8766
430.281
131.709
169.123
90.49
125.4
54.4677
58.9573
41.3646
478.84
99.5116
184.876
58.6691
182.072
491.116
30.315
59.7337
123.303
428.682
88.9284
166.356
53.1914
97.1364
135.963
100.075
97.9556
47.4094
77.048
375.16
94.6217
45.3432
82.8804
76.4124
374.542
46.8456
76.1667
93.7175
130.114
44.4707
82.4101
135.406
100.068
98.2011
135.054
99.7817
97.8365
47.018
76.3646
374.103
93.9373
45.0778
82.0672
373.819
47.0299
75.9605
93.2583
44.8363
82.0267
143.819
38.1865
148.973
33.2703
143.215
93.9319
165.921
51.5649
122.191
56.7715
27.5759
57.5579
487.914
392.152
35.8358
206.185
51.194
183.344
55.3339
39.9403
199.625
28.6158
30.0514
52.6536
194.894
37.154
179.593
134.938
48.7535
530.253
198.006
22.4962
51.5521
504.226
176.335
96.6492
39.1879
33.7506
636.683
23.3746
63.8035
39.3914
63.7354
39.3054
31.159
31.2067
39.1655
33.6819
637.526
23.5106
39.2127
33.763
23.57
39.239
33.7718
637.539
23.3557
63.7425
39.368
63.7992
39.4138
31.2562
31.1777
199.603
28.7297
30.2187
52.6074
194.532
35.8099
205.964
183.347
51.1748
54.9846
39.9863
197.765
530.163
22.7405
51.63
175.806
96.454
37.6101
517.421
178.875
134.495
48.7931
182.5
56.7331
38.9654
97.6336
476.51
55.8917
28.3292
57.345
391.208
93.0802
427.503
87.0623
51.5115
121.145
127.827
382.162
121.448
57.6931
130.325
399.558
361.082
299.563
275.674
50.3635
277.733
50.7061
57.1044
42.6684
445.151
444.811
26.2245
26.3498
326.828
27.1999
33.132
55.5442
386.959
33.5533
519.36
402.801
70.1602
26.566
299.353
61.5287
61.1406
327.28
27.0761
33.1949
52.5096
194.346
199.674
28.6184
30.1435
516.676
37.5896
178.643
34.414
48.7238
134.272
25.7434
51.1416
54.9902
183.474
35.6898
206.167
39.8966
22.4781
197.983
530.059
51.5299
96.7991
176.431
51.2029
55.311
183.497
35.6881
206.405
39.8089
37.138
179.361
34.2431
48.702
134.703
25.1456
132.56
55.5898
33.5923
70.1411
26.5977
326.646
27.0894
33.2447
55.7088
33.2606
403.228
70.3976
26.5212
27.1506
327.47
33.0732
298.774
60.9646
61.6357
120.636
57.3341
129.443
398.712
46.1239
275.429
50.2121
50.6137
277.325
56.7792
360.035
377.87
338.114
395.884
76.712
282.74
72.4959
119.764
338.419
106.79
283.729
120.385
106.69
72.5295
100.436
232.188
88.0791
100.974
88.3792
259.11
85.3608
295.373
313.856
295.002
361.008
96.3906
238.939
47.0548
284.148
230.107
50.8579
109.573
101.131
359.926
257.636
95.9333
238.074
46.7398
50.3582
105.781
72.6239
376.829
76.8375
93.5699
282.275
378.048
118.785
356.71
99.7794
87.7841
84.9282
294.21
312.628
258.305
131.944
386.164
133.025
61.7468
403.39
135.065
52.4064
286.351
279.828
52.1534
58.8425
94.1434
240.134
362.503
47.9363
97.7641
51.9332
110.134
82.1935
308.292
102.319
360.17
96.26
238.959
46.9688
360.712
284.881
50.9955
123.234
59.6097
400.506
131.952
51.5726
278.662
351.573
332.084
29.796
36.215
43.9195
444.93
447.23
27.8039
26.5602
422.984
303.353
301.525
65.2027
62.7426
134.25
56.2693
32.6296
518.431
69.9463
26.5859
28.1782
327.211
33.0035
390.592
42.8934
27.1442
445.897
26.0676
444.709
63.2954
62.1173
27.5932
327.258
32.6028
51.857
194.372
199.546
27.7759
29.114
35.9833
177.797
33.1559
47.2968
133.117
24.4302
49.8129
53.7847
182.613
34.2101
205.32
38.1805
22.1861
197.469
50.3572
95.5235
51.7611
194.236
199.275
27.6463
29.0074
36.0329
177.844
47.2267
133.293
49.6538
53.6454
34.2109
205.244
182.508
38.3073
197.61
22.1873
530.092
50.502
503.692
95.8144
175.267
49.8298
53.7833
182.567
34.2119
205.321
38.1811
35.9833
177.797
33.1557
47.2968
133.117
24.4303
51.7609
199.322
27.6628
29.0076
197.468
22.1857
50.3561
175.124
95.5222
49.664
53.6462
34.2135
205.251
182.446
38.3084
517.004
36.0324
177.843
47.2257
133.292
59.7707
37.3123
408.64
75.2017
29.9204
332.085
29.7942
36.213
134.25
56.2698
386.243
32.63
403.319
69.948
26.5876
327.212
28.1781
33.0041
303.247
65.1987
62.7408
42.8891
445.892
27.1397
26.063
444.707
330.774
29.3351
35.4139
327.257
27.5907
32.6024
63.3115
62.1135
132.996
403.287
126.151
61.7484
135.062
47.7059
103.972
277.731
303.939
52.4003
279.747
52.1468
58.8062
310.008
379.965
112.273
82.5185
362.32
259.048
97.7361
47.9312
51.8817
378.124
110.216
82.2306
102.414
360.361
96.2964
239.134
46.9819
360.977
51.0514
301.706
276.745
51.5893
278.763
72.5226
72.4906
76.7064
378.943
119.748
282.716
295.275
85.3606
88.2924
313.714
295.117
357.624
110.808
82.0221
102.137
93.2243
360.82
96.353
47.043
360.854
230.069
50.8031
377.796
109.645
92.8004
360.107
229.401
95.9691
46.7512
50.4083
376.847
118.811
76.8597
282.296
76.8769
394.876
93.0798
118.836
281.803
84.9395
294.338
312.769
356.717
399.478
57.7316
130.394
50.3575
275.676
277.663
42.7369
444.867
445.167
26.2605
26.3824
299.237
299.559
61.574
61.196
27.1253
33.256
387.485
197.762
529.974
22.7368
51.6266
504.576
96.6098
175.949
52.5069
199.686
28.6143
30.1384
516.675
37.6339
178.82
48.7667
134.466
206.223
51.1435
54.993
183.531
35.7657
39.9819
52.6153
194.703
199.705
28.5508
29.9713
22.4788
197.984
530.06
51.5324
96.8058
51.2046
183.554
55.3121
35.7601
206.461
39.8872
37.1665
179.53
48.7348
134.887
27.1211
33.2782
327.306
42.7545
445.064
26.4157
26.2578
444.974
27.1813
33.1054
298.986
61.0092
61.679
50.2228
277.395
50.2599
299.687
277.215
127.789
57.2814
129.47
390.78
398.675
360.199
46.1156
33.1401
134.543
135.61
148.262
34.0098
55.7326
487.095
28.3581
57.1883
37.2001
143.325
138.831
33.0597
93.1275
427.167
128.657
121.155
51.6326
56.7629
38.9644
476.694
97.6516
182.544
53.8581
178.948
71.8895
487.345
38.1327
143.679
139.069
33.1916
56.5909
27.5747
57.3879
391.719
183.103
57.4028
39.6663
98.0049
54.384
476.881
93.9183
129.969
122.144
51.6422
128.864
57.6222
130.319
399.387
50.3865
50.6952
277.544
57.1716
46.1194
95.0928
95.7504
312.972
320.135
319.797
50.5151
58.1792
50.5188
58.0009
275.932
344.974
98.4557
333.432
352.105
258.373
244.593
244.724
223.332
219.218
226.679
219.12
217.273
243.192
274.97
95.9879
46.7468
359.757
237.87
229.396
50.2442
307.211
377.423
109.559
101.11
378.6
110.767
102.087
238.55
47.0567
96.4087
360.629
258.367
50.6713
342.667
93.0815
98.4475
352.069
258.397
94.3295
274.732
93.6853
98.8711
352.63
259.472
95.1021
244.429
244.856
219.182
226.386
219.194
226.617
223.338
311.835
311.705
202.138
321.381
51.6548
59.0539
51.4405
58.8343
223.558
245.283
244.983
219.398
217.4
226.956
219.319
226.679
243.634
343.335
92.9825
353.181
259.078
275.255
344.824
98.4052
280.677
351.907
258.748
50.6633
57.554
50.5569
267.236
57.5976
244.876
342.394
219.242
226.527
223.443
202.091
94.1525
274.98
343.722
98.1906
333.742
351.972
258.952
51.4193
277.491
300.124
278.858
409.944
127.589
399.141
56.6889
119.613
129.436
464.124
44.6354
306.674
96.2777
47.1357
361.096
229.7
359.905
238.313
92.3185
50.212
108.696
80.6081
100.095
95.87
46.4156
229.613
359.513
238.373
92.2496
49.7716
306.752
376.316
108.528
80.4262
126.959
398.802
56.1548
119.253
128.857
54.2722
176.988
26.4855
55.9395
390.01
31.5956
132.993
134.106
146.878
32.3013
35.6261
141.605
137.188
135.812
31.2456
91.2056
425.911
126.692
119.292
49.7421
54.8755
37.032
474.959
95.5932
180.664
51.6654
35.6238
147.139
141.678
135.83
31.2008
85.3556
425.915
119.289
49.6996
54.8424
37.0321
474.973
95.5809
180.661
35.6268
141.61
137.194
31.2222
136.594
69.6944
54.2723
176.988
485.782
26.4858
55.9393
180.666
54.8761
37.0329
95.5936
51.6655
474.96
162.895
119.292
49.7426
54.3521
177.356
26.5074
55.7697
389.997
180.66
54.8423
37.0322
95.5813
162.726
49.6991
119.288
56.6897
119.613
129.436
399.14
277.491
300.124
51.4206
268.164
51.6731
278.859
57.4815
44.6357
108.696
306.674
376.521
100.095
47.1386
96.282
361.097
359.905
257.067
229.704
50.213
108.528
376.316
80.4262
99.8084
95.8568
46.4031
229.599
359.512
238.364
49.7695
299.55
276.655
50.6511
277.924
353.837
94.476
99.8448
260.386
276.32
345.746
353.261
98.7747
259.128
94.0049
275.26
244.987
223.584
219.431
217.409
226.955
219.355
226.683
319.717
50.6723
57.5589
50.5584
57.595
275.133
343.6
258.756
351.914
94.1405
275.008
351.965
258.944
98.1844
244.883
244.658
223.425
219.173
217.264
226.55
259.433
98.8127
352.467
50.5146
58.1772
50.5188
266.549
58.0183
244.945
245.054
219.332
226.86
219.22
223.569
275.166
258.48
352.205
96.0181
46.7512
229.394
238.04
92.7713
359.941
257.7
50.2965
109.634
307.552
81.5007
308.355
110.848
378.67
102.183
47.0727
96.4437
361.267
360.818
258.447
50.7304
201.662
274.957
320.031
50.5238
58.1363
50.5638
58.1197
352.07
258.444
95.1506
276.361
345.078
244.799
245.229
219.231
226.547
223.543
352.653
259.515
127.84
57.3414
129.557
398.791
465.311
37.2414
148.587
143.395
139.157
137.576
33.1035
164.311
121.173
51.6469
476.702
56.7785
38.9775
182.551
97.6661
56.653
27.5822
57.4237
488.158
391.829
57.4087
39.6709
183.104
98.0135
87.7137
165.844
427.72
51.6428
122.149
300.231
50.3978
277.65
312.752
94.0783
93.0031
76.799
281.76
118.862
337.025
84.894
87.7579
336.862
312.509
294.15
105.749
72.57
76.8628
118.709
282.289
135.136
97.8767
47.0296
94.0099
76.3261
45.0769
82.1693
135.328
100.093
98.1634
379.172
46.7911
374.518
93.5867
76.1459
44.4147
82.2952
100.59
97.1824
136.525
100.411
98.2597
47.4287
375.152
77.0252
94.7111
45.3716
82.9549
357.513
72.4646
72.5132
85.3349
88.0464
313.922
294.956
295.372
94.9748
283.701
120.307
232.828
313.232
312.326
311.951
313.017
274.952
94.2149
343.798
333.857
351.825
258.754
259.007
98.2653
352.073
319.863
50.6667
57.6641
50.6211
57.5441
229.959
360.498
92.9637
46.9537
239.324
96.2373
51.1461
378.39
110.193
82.2516
308.631
102.412
380.261
112.266
82.5711
94.1138
240.146
362.473
47.8856
97.6529
363.127
285.939
51.9791
245.345
245.59
344.042
219.485
227.11
219.327
226.799
223.762
275.647
201.788
94.0461
353.734
260.401
99.7772
281.995
321.221
51.613
59.1138
51.469
58.7565
353.343
259.186
334.709
311.999
312.271
84.0261
86.8908
293.831
293.627
375.723
335.738
103.878
74.8457
280.291
116.921
70.5505
355.792
375.58
392.861
280.235
116.964
95.9333
46.441
229.655
92.2316
238.172
359.331
257.105
49.6521
376
108.503
80.3462
306.709
99.7725
47.1891
238.303
96.3845
361.533
229.764
92.3402
359.942
50.1757
376.304
80.577
108.775
103.928
70.5601
70.5681
375.337
280.273
116.92
91.2299
74.801
280.325
116.978
97.1206
95.1226
44.574
371.53
90.9511
73.7005
42.4245
79.639
97.1976
94.0028
132.582
376.577
97.0659
95.1222
44.5605
371.533
73.6895
91.0401
42.46
79.5977
132.526
376.38
97.0983
95.095
44.5956
371.526
73.7106
90.9519
42.4389
79.704
132.576
95.1404
44.5816
73.698
91.0414
42.474
79.6519
74.3639
95.1226
44.5737
371.53
73.7002
90.9509
126.625
42.4243
79.6386
376.38
95.0957
44.56
73.689
91.0396
42.4597
79.5973
97.0808
95.1409
44.5951
371.526
73.71
90.9513
42.4385
79.7037
103.879
103.874
70.5509
70.5058
86.8055
293.832
84.0263
86.8887
312.673
375.548
91.117
280.235
375.939
116.953
231.31
257.044
108.431
80.3269
99.677
229.66
359.148
95.9037
46.436
238.003
360.204
49.5993
376.303
108.772
359.936
92.3365
47.183
238.298
96.3794
229.759
50.1708
91.1837
392.775
280.273
116.92
84.0315
86.9077
293.523
293.958
355.876
375.911
116.977
91.23
280.324
311.956
312.332
244.699
223.446
219.215
226.528
219.233
226.547
274.999
94.0713
343.567
258.952
352.009
319.822
50.6283
57.5416
50.6756
57.6785
258.795
98.3898
351.927
96.2369
46.9451
229.952
360.485
92.9519
239.313
51.1336
308.619
110.18
380.321
112.337
82.5821
104.071
97.6842
47.8879
363.35
231.178
94.1279
240.313
362.653
52.0272
345.735
245.539
245.375
223.757
219.325
219.488
217.394
321.153
321.555
51.4639
58.7383
51.6121
59.1187
259.117
353.263
98.8047
353.826
260.433
99.7862
311.722
311.836
105.796
105.785
72.5846
377.024
118.855
93.0112
76.7963
281.761
376.566
282.28
118.7
47.01
93.1972
75.9969
44.84
81.8446
378.798
99.7781
97.8924
47.0305
374.079
93.9994
76.3201
45.072
82.2159
379.171
100.104
98.1743
135.999
97.9754
46.7935
374.526
76.1561
93.5981
44.4221
82.264
136.529
98.2689
47.429
77.0229
94.7114
45.3699
83.0029
85.3366
313.948
295.003
295.361
76.6362
93.9974
395.949
282.703
119.772
77.0735
94.9698
396.811
283.716
120.29
128.677
383.235
278.87
277.516
51.579
301.03
400.634
411.083
129.708
59.6242
393.684
131.895
58.8944
41.3222
146.627
99.4803
184.803
478.637
58.7599
182.03
30.2815
59.8226
40.2598
142.922
141.077
36.6548
158.08
443.21
125.397
430.595
90.3217
169.15
54.3364
147.85
42.2595
144.224
141.805
36.947
61.2596
184.608
30.8469
62.0415
396.326
133.079
403.374
126.246
61.8433
135.116
52.3774
303.328
278.605
279.874
50.6829
300.165
277.818
408.504
126.864
398.717
56.1018
402.736
119.22
128.863
389.678
29.3372
330.121
35.4257
27.5485
32.5515
327.842
390.343
386.703
42.8549
27.1086
446.048
26.0449
444.509
40.8959
182.421
138.167
51.8656
177.953
40.0089
210.543
188.108
55.2821
58.9563
43.9068
52.4401
506.132
97.3916
23.3742
197.654
530.856
201.312
32.5135
33.5678
52.1873
40.7806
211.519
188.391
55.5672
59.943
45.2853
42.8807
185.434
140.751
54.7267
181.102
201.205
32.7977
34.4846
52.4126
54.0742
508.147
99.3777
530.869
198.093
23.464
302.942
302.237
65.0851
62.9225
28.1853
33.0129
393.088
43.9414
447.448
27.7978
26.571
444.749
519.188
127.561
56.6832
119.622
399.203
129.548
54.251
26.525
486.894
55.6568
54.8744
475.16
37.041
141.652
95.5974
180.706
134.23
135.761
35.6388
147.136
31.2438
152.579
36.0532
516.256
177.808
47.214
133.274
50.3394
504.162
95.6781
175.269
22.1722
197.46
34.2244
205.509
49.6998
53.6892
182.698
38.3266
51.7445
199.371
27.6648
29.0296
62.9893
38.9212
62.9612
38.8569
31.0557
31.0136
38.7575
33.4638
637.223
23.5497
38.6386
33.3632
23.4592
638.031
38.9868
33.6908
637.066
23.4134
63.4946
39.2279
63.0877
38.8672
30.962
30.9661
38.6717
33.3575
23.4124
637.983
50.4908
95.9762
22.1794
197.612
529.909
36.0432
516.267
177.943
47.3275
133.291
51.8434
194.202
199.645
27.79
29.1341
34.294
205.646
182.865
49.8662
53.8345
38.2821
91.2607
119.306
162.862
85.6432
425.569
49.85
35.6794
147.194
141.649
137.58
135.82
31.2981
54.9129
475.147
37.046
95.6091
180.719
35.6388
147.136
137.599
31.2441
438.004
425.568
85.4874
162.685
49.8022
119.293
54.2509
26.5248
486.894
55.6555
141.835
152.579
34.2245
205.509
182.698
49.6999
53.6894
38.3267
199.371
27.665
29.0297
51.7446
194.061
36.0531
177.808
133.274
47.2139
22.1722
197.46
50.3394
175.269
95.678
38.6378
33.3624
637.817
23.457
62.9612
38.8569
62.9895
38.9204
31.0129
31.0545
38.757
33.4627
23.5472
38.6725
33.3576
637.984
23.4122
38.9856
33.6904
23.413
63.0882
38.8666
63.4944
39.2278
30.9649
30.9621
199.647
27.7923
29.1351
51.8444
194.201
34.2951
205.648
49.8693
182.869
53.8361
38.2827
22.1794
197.613
529.909
50.4907
175.425
95.9757
36.0429
177.943
133.291
47.3274
54.9126
37.0466
475.147
95.6097
180.72
54.2259
177.345
26.5143
55.8588
425.568
85.6429
49.8494
119.306
126.844
56.104
128.874
50.6798
277.747
301.087
62.2579
63.1664
29.3509
330.168
35.4411
386.704
42.851
26.0449
444.523
27.1039
446.044
197.653
530.855
23.372
52.4342
97.3861
177.95
52.1874
201.253
32.501
33.5714
40.9084
520.744
182.435
51.8778
138.181
40.0196
188.126
210.558
55.2818
58.9671
43.9184
52.4107
201.253
32.8157
34.4864
198.092
23.4623
530.867
54.0722
508.151
181.107
99.3765
40.7861
211.526
55.5848
188.394
59.9497
45.2891
42.8833
185.431
54.7283
140.75
28.1837
328.481
33.0128
29.8267
36.261
302.929
62.9176
65.074
43.9428
444.761
26.5707
27.7987
447.446
387.032
393.087
300.842
51.4572
276.744
278.834
129.711
400.638
59.6364
131.919
467.287
40.2459
152.201
146.606
142.912
36.6305
123.249
166.352
53.0372
184.784
58.8739
41.3007
478.62
99.4639
61.2328
30.8328
62.0214
186.094
60.6896
42.5167
100.562
97.2932
125.375
90.3056
169.128
430.58
54.322
303.326
52.3776
279.936
217.394
216.779
216.681
216.663
216.65
217.356
216.781
216.683
217.351
216.685
217.262
216.693
216.78
216.668
217.388
216.671
216.718
216.779
217.369
216.669
217.252
217.386
216.687
216.771
217.344
216.799
216.716
217.369
217.27
216.695
216.777
217.346
)
;
    }
}


// ************************************************************************* //
