/*--------------------------------*- C++ -*----------------------------------*\
| =========                 |                                                 |
| \\      /  F ield         | OpenFOAM: The Open Source CFD Toolbox           |
|  \\    /   O peration     | Version:  2412                                  |
|   \\  /    A nd           | Website:  www.openfoam.com                      |
|    \\/     M anipulation  |                                                 |
\*---------------------------------------------------------------------------*/
FoamFile
{
    version     2.0;
    format      ascii;
    arch        "LSB;label=32;scalar=64";
    class       volScalarField;
    location    "10";
    object      p;
}
// * * * * * * * * * * * * * * * * * * * * * * * * * * * * * * * * * * * * * //

dimensions      [0 2 -2 0 0 0 0];

internalField   nonuniform List<scalar> 
76471
(
-1.49483e-07
-0.0489546
-0.0506281
-0.0499236
-0.0501799
-0.0502557
-0.0456164
-0.0480771
-0.0499442
-0.0496728
-0.0505511
-0.0473489
-0.0139195
-0.0478163
-0.0497618
-0.0492361
-0.0478905
-0.042096
0.00341935
-0.0479065
-0.0493063
-0.0496696
-0.0514867
-0.0470025
-0.0460228
-0.0499014
-0.050115
-0.0502369
-0.0434878
-0.0467184
-0.0483891
-0.0499651
-0.0498042
-0.0498235
-0.0498312
-0.0502143
-0.0495121
-0.0498005
-0.0498556
-0.0498633
-0.0499361
-0.0497302
-0.0496437
-0.0498697
-0.0506174
-0.0497221
-0.049989
-0.0500369
-0.0501407
-0.0483952
0.00176143
-0.048382
-0.0504587
-0.049727
-0.0499978
-0.0501908
-0.0503486
-0.0468666
-0.0486022
-0.0494527
-0.0496313
-0.0499277
-0.0500724
-0.0491437
-0.0472863
-0.0495188
-0.0497564
-0.0498501
-0.0498793
-0.0499143
-0.0497908
-0.0495664
-0.050866
-0.0498104
-0.049814
-0.0498595
-0.0500766
-0.0497767
-0.0498126
-0.0497656
-0.049782
-0.0499753
-0.0497927
-0.0498569
-0.0498195
-0.0498025
-0.049778
-0.0497548
-0.050484
-0.05002
-0.0498906
-0.0498
-0.0496575
-0.0498188
-0.049693
-0.0497194
-0.0496756
-0.0489205
-0.0492666
-0.0500002
-0.0499202
-0.0497682
-0.0498213
-0.0498526
-0.0498811
-0.0507839
-0.0403392
-0.0448632
-0.0501992
-0.0499193
-0.0497701
-0.049824
-0.049855
-0.0499708
-0.0501322
-0.041233
-0.0489773
-0.0497852
-0.0497995
-0.0496608
-0.0498252
-0.0497041
-0.0497249
-0.0496984
-0.0410193
-0.0464264
-0.0498246
-0.049837
-0.0498434
-0.0498774
-0.0497768
-0.0497406
-0.049602
-0.0418825
-0.0498416
-0.0498895
-0.0498508
-0.0498132
-0.0498015
-0.0497613
-0.0504726
-0.0481721
-0.0495748
-0.0498019
-0.0496319
-0.0479546
-0.049786
-0.0497876
-0.0497614
-0.0497515
-0.0496641
-0.0497633
-0.049854
-0.0497932
-0.04973
-0.049827
-0.049783
-0.0497379
-0.0502149
-0.0498339
-0.0498535
-0.0496478
-0.0497677
-0.0496794
-0.0497141
-0.049724
-0.0495559
-0.0500008
-0.0495392
-0.0497735
-0.0496892
-0.0497264
-0.0497414
-0.0496728
-0.0502169
-0.048027
-0.0492002
-0.0495374
-0.0497743
-0.0496903
-0.0497297
-0.0497448
-0.0496749
-0.0497272
-0.0486197
-0.0514404
-0.0498642
-0.0498541
-0.0496488
-0.0497703
-0.0496826
-0.049614
-0.0492512
-0.0488774
-0.050106
-0.0498901
-0.0497898
-0.0497966
-0.0497379
-0.0497447
-0.0497562
-0.0496236
-0.0493818
-0.0497049
-0.0498515
-0.0498776
-0.0498077
-0.0498579
-0.049723
-0.0496815
-0.049623
-0.0497554
-0.0497272
-0.0497217
-0.0495345
-0.0496236
-0.048522
-0.0496989
-0.0498158
-0.0497296
-0.0497501
-0.0497165
-0.0478519
-0.0488437
-0.0497438
-0.049826
-0.0497873
-0.0497219
-0.0497464
-0.0497778
-0.0497973
-0.0500427
-0.0497264
-0.0498075
-0.0496444
-0.0497497
-0.0496988
-0.0497668
-0.0498733
-0.0503126
-0.0485924
-0.0495995
-0.0497569
-0.0496952
-0.0496967
-0.0497142
-0.0496619
-0.0498463
-0.0487281
-0.000713413
-0.0490652
-0.0495983
-0.0497571
-0.0496964
-0.0496973
-0.0497158
-0.0496652
-0.0497204
-0.0483412
-0.0490769
-0.0495453
-0.0498088
-0.0496471
-0.0497501
-0.0496995
-0.0496679
-0.0497669
-0.050432
-0.0499515
-0.0497823
-0.0497078
-0.0497877
-0.0497241
-0.049732
-0.0497772
-0.049734
-0.0501273
-0.0471116
-0.0497539
-0.0498314
-0.0498484
-0.049708
-0.0497899
-0.0497149
-0.0497717
-0.0496549
-0.0497229
-0.0496732
-0.049709
-0.0497187
-0.0497491
-0.0497876
-0.049751
-0.0497728
-0.0498669
-0.0497597
-0.0498191
-0.0498492
-0.0497935
-0.0498007
-0.0498476
-0.0499027
-0.0498211
-0.0497366
-0.0497867
-0.0496732
-0.0497619
-0.0497252
-0.0498578
-0.0499325
-0.0502978
-0.0498763
-0.0500881
-0.0498765
-0.0497807
-0.0497851
-0.0498717
-0.0498986
-0.049408
-0.0500029
-0.0504989
-0.0499517
-0.0498764
-0.0497836
-0.0497879
-0.0498729
-0.0500413
-0.0500292
-0.0456952
-0.0491059
-0.0494089
-0.0497874
-0.0496724
-0.0497659
-0.0497284
-0.0498887
-0.0499023
-0.0516475
-0.049831
-0.0497337
-0.0497574
-0.0497876
-0.0497836
-0.0497336
-0.0498699
-0.0499477
-0.050457
-0.0497493
-0.0497819
-0.0498889
-0.0497783
-0.049861
-0.0498196
-0.0498041
-0.0498371
-0.0497449
-0.0497255
-0.0497405
-0.0496444
-0.049855
-0.0496607
-0.0497293
-0.04974
-0.0480531
-0.0493903
-0.0498392
-0.0497096
-0.0497363
-0.0497194
-0.0498286
-0.050035
-0.0455207
-0.0496417
-0.0498616
-0.0499165
-0.0497493
-0.0497505
-0.0498822
-0.0498785
-0.0427992
-0.0455734
-0.0508832
-0.0500702
-0.0498869
-0.0496636
-0.0498975
-0.0503527
-0.0506583
-0.0415959
-0.0455788
-0.0504613
-0.050224
-0.0498897
-0.049652
-0.0499382
-0.0505191
-0.0500166
-0.038011
-0.0451139
-0.049026
-0.0498768
-0.0498626
-0.0497336
-0.0497319
-0.0496357
-0.0503384
-0.0444798
-0.0492772
-0.0496161
-0.0498527
-0.0498335
-0.0497599
-0.049729
-0.049798
-0.0498783
-0.0493039
-0.0498812
-0.0497605
-0.0497179
-0.0497422
-0.0499491
-0.05103
-0.0479781
-0.050524
-0.049743
-0.0499593
-0.0478929
-0.0500416
-0.0498716
-0.0497662
-0.0496784
-0.0495907
-0.0498025
-0.0498541
-0.0500496
-0.0496963
-0.0496741
-0.049701
-0.0494677
-0.0488694
-0.0504735
-0.0501202
-0.0494435
-0.0504584
-0.0502852
-0.0449161
0.0056426
-0.0465645
-0.0502353
-0.0499854
-0.0493272
-0.0499237
-0.0500959
-0.0428918
-0.0482268
-0.0499994
-0.0502436
-0.0495381
-0.0491906
-0.049487
-0.0464729
-0.0495521
-0.0498432
-0.0499876
-0.0497078
-0.0496938
-0.0498015
-0.0484085
-0.0500169
-0.0498353
-0.0497702
-0.0498718
-0.0489691
-0.0426443
-0.0503694
-0.0500881
-0.0501179
-0.0406546
-0.0452145
-0.0499412
-0.0485297
-0.0480368
-0.0399331
-0.0387238
-0.04727
-0.0483553
-0.0479296
-0.0384616
-0.0470546
-0.051516
-0.0504545
-0.048414
-0.0411623
-0.0437783
-0.0505082
-0.0500835
-0.0500541
-0.0419701
-0.0502068
-0.049566
-0.0501183
-0.0501229
-0.0505644
-0.0503985
-0.0437003
-0.0405753
-0.041216
-0.0489519
-0.050283
-0.0411935
-0.0483103
-0.0497669
-0.0502072
-0.0492562
-0.0506661
-0.0502301
-0.0503779
-0.0510784
-0.0515469
-0.0502632
-0.0425743
-0.0509803
-0.0468969
-0.042611
-0.0440755
-0.0402746
-0.0421431
-0.0405077
-0.0481146
-0.0419205
-0.0481363
-0.000851585
-0.0479227
-0.0487708
-0.0484275
-0.0490027
3.05981e-05
-0.0493658
-0.0500332
-0.0484985
-0.0472123
-0.0499326
-0.0449037
-0.0457806
-0.0394123
-0.0411452
-0.0361098
-0.0421428
-0.0402893
-0.041921
-0.0481433
-0.0405264
-0.0481433
-0.000837233
-0.0484349
-0.0490137
-0.0479624
-0.0487694
-0.0485102
-0.0472152
-0.049358
-0.0500345
-0.0457881
-0.0394064
-0.0499388
-0.0449126
-0.0360969
-0.0411366
-0.0412482
-0.0405384
-0.0412111
-0.0482899
-0.0489279
-0.050287
-0.0492324
-0.0506521
-0.0497774
-0.0502334
-0.0510799
-0.0515783
-0.0502563
-0.0503866
-0.0510234
-0.0469308
-0.0502746
-0.042686
-0.0440978
-0.0427203
-0.0419602
-0.0502138
-0.0495746
-0.0501465
-0.0501528
-0.0505728
-0.0504056
-0.0437845
-0.0490663
-0.0506135
-0.0500137
-0.047159
-0.0478694
-0.0498339
-0.0498428
-0.0467076
-0.0477923
-0.0497973
-0.0499151
-0.0498251
-0.0499584
-0.0510464
-0.0484871
-0.0492814
-0.0497098
-0.0495489
-0.0497208
-0.0460306
-0.0498789
-0.0506876
-0.049781
-0.0497434
-0.0498025
-0.0489224
-0.0498941
-0.0500244
-0.0498342
-0.0498582
-0.049885
-0.0498141
-0.0500925
-0.0501535
-0.0498378
-0.0498977
-0.049833
-0.0499524
-0.0502045
-0.0464506
-0.0499084
-0.0499886
-0.0499271
-0.0498098
-0.0433968
-0.0500266
-0.0497582
-0.04947
-0.0484169
-0.0495346
-0.0466453
-0.0454724
-0.0451602
-0.0495782
-0.0496814
-0.0472441
-0.0495068
-0.0469054
-0.0497236
-0.0496697
-0.0499102
-0.0478868
-0.0495504
-0.04647
0.00609233
-0.0451539
0.00368521
-0.0428534
-0.0456095
-0.0139207
-0.0454965
-0.0485836
-0.0505094
-0.0466888
-0.0500407
-0.0420697
0.00149137
-0.0503941
-0.0486138
-0.0500102
-0.046521
0.0034334
-0.0448715
-0.0431146
0.00598345
0.00609498
0.00368702
-0.0428531
-0.045144
-0.0454949
-0.0456341
-0.0466889
-0.050041
-0.0485698
-0.0505201
0.00149526
-0.0474254
-0.0500254
-0.0465315
-0.050452
-0.0487133
-0.0430916
0.00595654
-0.0449843
-0.0466163
-0.049534
-0.0451898
-0.0454442
-0.0472083
-0.0495435
-0.0495807
-0.0496795
-0.0457117
-0.0500282
-0.0479999
-0.0497537
-0.0496832
-0.0465685
-0.0495608
-0.0484771
-0.0492691
-0.0495437
-0.0497139
-0.0497295
-0.0498821
-0.049743
-0.0498038
-0.0506962
-0.0497876
-0.0500437
-0.0489334
-0.0498892
-0.0498253
-0.0498422
-0.049871
-0.0501827
-0.0489644
-0.0498453
-0.0499733
-0.0498508
-0.0499163
-0.0465111
-0.0499454
-0.0498361
-0.0499223
-0.0500049
-0.0497706
-0.0494734
-0.0500397
-0.0484261
-0.0490825
-0.0506211
-0.0500236
-0.0471706
-0.0498422
-0.049856
-0.0478831
-0.0498117
-0.0499345
-0.0478097
-0.0498415
-0.0499715
-0.0510852
-0.0479101
-0.0500723
-0.049638
-0.0497833
-0.0497124
-0.0503873
-0.0495982
-0.0479941
-0.0510222
-0.0496649
-0.048052
-0.050019
-0.0499724
-0.0508513
-0.0498056
-0.0498764
-0.0498302
-0.049916
-0.0498376
-0.0486858
-0.0498017
-0.049826
-0.049759
-0.0497636
-0.049758
-0.0497635
-0.0498021
-0.0497569
-0.0497435
-0.0496167
-0.0497664
-0.0497552
-0.0498444
-0.049872
-0.0499497
-0.0498843
-0.0498043
-0.0497798
-0.0500544
-0.0481569
-0.0499274
-0.0494187
-0.0488064
-0.0495315
-0.0500194
-0.0434691
-0.049813
-0.0495721
-0.0493339
-0.0497823
-0.0492118
-0.0427251
-0.0441263
-0.0497017
-0.0481513
-0.0457065
-0.0497987
-0.0470309
-0.0500067
-0.0472173
-0.0497317
-0.0455198
-0.0497189
-0.0456341
-0.0405542
-0.0413256
-0.0412248
-0.0358322
-0.0488064
0.00176023
-0.0462335
-0.0474513
-0.0503352
-0.0417885
-0.0496832
-0.0468686
-0.0140239
-0.0503043
-0.0454583
-0.0498132
-0.0450829
-0.0400414
-0.0386571
-0.0358311
-0.0411428
-0.0462333
-0.0487999
-0.0417879
-0.0496802
-0.0473832
-0.0503211
-0.0140271
-0.0484631
-0.0498231
-0.0450202
-0.050261
-0.0454656
-0.0386346
-0.0400466
-0.0440298
-0.0427109
-0.0481389
-0.0497045
-0.0470128
-0.0499708
-0.045694
-0.0497651
-0.049644
-0.0496487
-0.04555
-0.0497123
-0.0455053
-0.0412938
-0.0405173
-0.0495228
-0.0434612
-0.0497853
-0.0500054
-0.0497637
-0.0492045
-0.0493422
-0.0510349
-0.0496973
-0.0500278
-0.0500137
-0.0480393
-0.0498157
-0.0499246
-0.0498466
-0.0498688
-0.0498471
-0.0498368
-0.0486947
-0.0497597
-0.0497661
-0.0497661
-0.0497631
-0.0497736
-0.0484018
-0.0497728
-0.0497719
-0.0497437
-0.0496306
-0.0498974
-0.0498157
-0.0498148
-0.0499285
-0.0498872
-0.0499819
-0.0494557
-0.0481485
-0.0488118
-0.047911
-0.05009
-0.0496275
-0.0497901
-0.0497132
-0.0504068
-0.049589
-0.0479987
-0.0479184
-0.0496528
-0.0481735
-0.0499505
-0.0496099
-0.049749
-0.0495637
-0.0498155
-0.0497744
-0.0497593
-0.0497614
-0.0497743
-0.0497463
-0.0497231
-0.0496371
-0.0482818
-0.0497355
-0.0498814
-0.0479651
-0.049897
-0.0499199
-0.0497826
-0.0497699
-0.0498265
-0.0498669
-0.04992
-0.0497883
-0.0497933
-0.0497583
-0.0507002
-0.0497161
-0.0497633
-0.0497325
-0.0504758
-0.0499051
-0.0437874
-0.0502886
-0.0499659
-0.0464345
-0.0498191
-0.0498583
-0.0501824
-0.0498393
-0.0496241
-0.046059
-0.049693
-0.0496864
-0.0496944
-0.041899
-0.0499861
-0.0426537
-0.0469108
-0.0501523
-0.0509089
-0.0410419
-0.0500738
-0.0482878
-0.0449429
-0.039118
-0.0496963
-0.0455219
-0.0412789
-0.0482596
-0.0483005
-0.0391168
-0.0448546
-0.0455199
-0.0496835
-0.0403486
-0.0483283
-0.0483226
-0.0468038
-0.042646
-0.0509162
-0.0501509
-0.0489013
-0.0482864
-0.0500952
-0.0437873
-0.050285
-0.049802
-0.0499682
-0.0501725
-0.0498327
-0.0498621
-0.0460508
-0.0504718
-0.0496799
-0.0497038
-0.0496861
-0.0500096
-0.0499266
-0.0497872
-0.0498762
-0.0497533
-0.0497957
-0.0497954
-0.0499073
-0.0507231
-0.0499552
-0.0497742
-0.0497387
-0.0497259
-0.0499071
-0.047913
-0.0496535
-0.0499745
-0.0496111
-0.0497524
-0.0497629
-0.0497674
-0.0497508
-0.0497625
-0.0497363
-0.0497137
-0.0482776
-0.0497388
-0.0499052
-0.04992
-0.0504404
-0.0496975
-0.0496218
-0.0497425
-0.0496863
-0.0497171
-0.0497602
-0.0497281
-0.0496914
-0.0497327
-0.0496937
-0.0497281
-0.0497315
-0.0496245
-0.0496779
-0.0497098
-0.0497299
-0.0495385
-0.0497237
-0.0497399
-0.0495483
-0.0496951
-0.049813
-0.04776
-0.0466773
-0.0497808
-0.0496197
-0.0497011
-0.0497756
-0.0483291
-0.0497378
-0.0497561
-0.0497335
-0.0497269
-0.0497735
-0.049708
-0.0486647
-0.0497357
-0.0497813
-0.0497067
-0.0478753
-0.0497834
-0.0471541
-0.0504587
-0.0500323
-0.0498224
-0.0501128
-0.0498432
-0.0489067
-0.0497857
-0.0500145
-0.0497564
-0.0496297
-0.0496974
-0.0497901
-0.0488934
-0.0496789
-0.0499105
-0.0493503
-0.0500764
-0.0502744
-0.0514037
-0.0501193
-0.0507964
-0.0488719
-0.050149
-0.0499906
-0.0497616
-0.0469037
-0.0491653
5.91512e-05
-0.0483328
-0.0485502
-0.0482513
-0.0487038
-0.00171598
-0.0469028
-0.0497517
4.8698e-05
-0.0483339
-0.0491545
-0.0481121
-0.0488383
-0.00107474
-0.0481804
-0.0514199
-0.0502714
-0.0508079
-0.05012
-0.0495874
-0.0499592
-0.0501812
-0.0504495
-0.0500316
-0.0498388
-0.0498243
-0.0500132
-0.0497564
-0.0489039
-0.0497891
-0.0497112
-0.0497281
-0.0496835
-0.0499312
-0.0497727
-0.0488748
-0.0501079
-0.0498182
-0.0466722
-0.0497854
-0.0477705
-0.0497673
-0.0495906
-0.0497596
-0.0497373
-0.0483346
-0.049743
-0.049775
-0.0496843
-0.0497088
-0.0497828
-0.0497196
-0.0487347
-0.049768
-0.0471293
-0.047935
-0.0504548
-0.0497123
-0.0497352
-0.049753
-0.0497106
-0.0497266
-0.0497267
-0.0496929
-0.0496813
-0.0497288
-0.0496829
-0.0497094
-0.0496049
-0.0495472
-0.0497162
-0.0497043
-0.0497262
-0.0497169
-0.0496423
-0.049675
-0.0497215
-0.0494265
-0.0497565
-0.0496958
-0.0497318
-0.049693
-0.0497604
-0.0497151
-0.0496755
-0.0497086
-0.0497131
-0.0497312
-0.0497176
-0.0497502
-0.0497127
-0.0497486
-0.0496758
-0.0503846
-0.0477655
-0.047115
-0.0497807
-0.0497464
-0.0497182
-0.0497511
-0.0497185
-0.0497144
-0.0497714
-0.0497334
-0.048392
-0.0497392
-0.0497899
-0.0495788
-0.0497662
-0.04971
-0.0497842
-0.0467097
-0.049836
-0.050028
-0.0494924
-0.0497835
-0.0499531
-0.0497237
-0.0497558
-0.049819
-0.04967
-0.0489686
-0.049727
-0.049985
-0.0498474
-0.0498793
-0.0500938
-0.0500941
-0.0505705
-0.0501133
-0.0503864
-0.0497525
-0.0491399
-0.0504299
-0.050364
-0.0519303
-0.0485622
-0.000704171
-0.048843
-0.0478988
-0.0483304
-0.0483272
-0.000451757
-0.049701
-0.0469692
-0.0488432
-0.0485575
-0.0483304
-0.0479136
-0.000223569
-0.0487222
-0.0469737
-0.0497171
-0.0503906
-0.0501141
-0.0491469
-0.0497548
-0.0503405
-0.0519392
-0.0503637
-0.0500276
-0.0494947
-0.0497235
-0.0488416
-0.0497855
-0.0498219
-0.0496805
-0.049764
-0.0500088
-0.0497864
-0.0489622
-0.0498892
-0.0501266
-0.0498409
-0.0505676
-0.0497844
-0.0477747
-0.0497548
-0.0497185
-0.0485325
-0.0497177
-0.0497786
-0.049736
-0.0497129
-0.0497895
-0.0497282
-0.0484423
-0.0497572
-0.0496971
-0.0495835
-0.0467034
-0.0479091
-0.0498156
-0.0497208
-0.0496357
-0.0497131
-0.0494246
-0.0497409
-0.0496907
-0.0496888
-0.0497483
-0.0497183
-0.0497115
-0.049611
-0.0497097
-0.0497304
-0.0497953
-0.0497093
-0.049757
-0.0504333
-0.0499706
-0.0479442
-0.0498167
-0.0497548
-0.0482182
-0.0496271
-0.0497502
-0.0497328
-0.0497613
-0.0498102
-0.0497312
-0.0497373
-0.049741
-0.0495222
-0.0497256
-0.0496711
-0.0498528
-0.048197
-0.0496538
-0.047874
-0.0499118
-0.0505495
-0.0497849
-0.0497471
-0.0497445
-0.0499568
-0.0507251
-0.0498151
-0.0498197
-0.0498278
-0.049739
-0.0498225
-0.0498743
-0.0498252
-0.0499871
-0.0501892
-0.0420145
-0.0497268
-0.049842
-0.0496918
-0.0505995
-0.0460752
-0.0496403
-0.0499312
-0.0501768
-0.0500024
-0.0498659
-0.0465923
-0.0504782
-0.0438874
-0.050314
-0.0482276
-0.0489994
-0.0411809
-0.0516542
-0.0427817
-0.0472554
-0.0481106
-0.0480755
-0.0404697
-0.0420364
-0.0456929
-0.0454301
-0.0385339
-0.0480758
-0.0481269
-0.0420372
-0.0404771
-0.0499949
-0.0385342
-0.0453844
-0.0482331
-0.0503082
-0.0411721
-0.0490002
-0.0502899
-0.0472398
-0.0428483
-0.0501816
-0.0420133
-0.0496859
-0.0497295
-0.0460663
-0.0496384
-0.0506003
-0.0501954
-0.0498953
-0.049892
-0.0466282
-0.0500051
-0.043922
-0.049919
-0.0505564
-0.0497427
-0.0497812
-0.0507398
-0.0498135
-0.0499633
-0.0498164
-0.0498582
-0.0498262
-0.0498638
-0.0497416
-0.0499776
-0.0499854
-0.0479503
-0.0497597
-0.0482177
-0.0496099
-0.0497265
-0.0497587
-0.0498355
-0.0497316
-0.0497135
-0.0495408
-0.0496791
-0.0498844
-0.0482039
-0.0478786
-0.0479776
-0.0497008
-0.0505148
-0.0497851
-0.0497398
-0.0496218
-0.0499326
-0.0478823
-0.0487724
-0.0481446
-0.0492766
-0.0499793
-0.0500785
-0.0499583
-0.049864
-0.0498647
-0.0499171
-0.0498985
-0.0497845
-0.0497651
-0.0497468
-0.0484018
-0.0497218
-0.0497964
-0.0496925
-0.0497211
-0.0496999
-0.0486217
-0.0497645
-0.0497597
-0.0498851
-0.0497348
-0.0498038
-0.0497166
-0.0507696
-0.0499323
-0.0500397
-0.0495983
-0.0510281
-0.0492263
-0.0492779
-0.0497012
-0.0496699
-0.0498527
-0.0435743
-0.0495029
-0.0406317
-0.0412004
-0.0497037
-0.0451319
-0.049524
-0.0497414
-0.0473708
-0.0458253
-0.0502968
-0.0473317
-0.0496383
-0.0479948
-0.044498
-0.0402563
-0.0422795
-0.0504754
-0.0455784
-0.0500302
-0.0486387
-0.0143426
-0.0469679
-0.0478326
-0.0500077
-0.0421739
-0.0487204
-0.0460668
0.00158044
-0.0380103
-0.0422797
-0.0402641
-0.0500312
-0.0455803
-0.0504721
-0.0143518
-0.0469674
-0.0486341
-0.0421816
-0.0506883
-0.0478309
-0.0460864
0.00156827
-0.0487538
-0.0415437
-0.041183
-0.0406272
-0.0495236
-0.0455125
-0.0496974
-0.0473729
-0.0497332
-0.0473518
-0.0499097
-0.0458663
-0.0480287
-0.0496688
-0.0428221
-0.0496925
-0.0492461
-0.0496571
-0.0436296
-0.0500348
-0.0495299
-0.0487863
-0.0500222
-0.0481468
-0.0500945
-0.0498597
-0.0498573
-0.0499333
-0.0499355
-0.0499061
-0.0497422
-0.0496223
-0.0497844
-0.049717
-0.049768
-0.0484208
-0.0496978
-0.0497219
-0.0497089
-0.0497523
-0.0497524
-0.0486344
-0.0498024
-0.0497607
-0.0498908
-0.0497178
-0.0507902
-0.0500337
-0.0480483
-0.049553
-0.0496729
-0.0497919
-0.049618
-0.047893
-0.0511201
-0.0500034
-0.0499028
-0.0479132
-0.0498425
-0.0498086
-0.0467412
-0.0497793
-0.0497269
-0.0470744
-0.0498633
-0.0505192
-0.0489496
-0.0485246
-0.0500574
-0.0495679
-0.0497867
-0.0434572
-0.0499539
-0.0498307
-0.0499257
-0.0464339
-0.0502027
-0.0498148
-0.0499847
-0.049778
-0.0490524
-0.050132
-0.0500131
-0.0497318
-0.0497063
-0.049685
-0.0489024
-0.0499273
-0.0497179
-0.0505487
-0.0496885
-0.0496832
-0.0497091
-0.0460794
-0.0497852
-0.0494994
-0.0492636
-0.0484193
-0.0496853
-0.0467618
-0.0497736
-0.0482275
-0.0498296
-0.0456613
-0.0470752
-0.0495301
-0.0495114
-0.0469676
-0.0455432
-0.0455407
-0.0464491
-0.0452011
0.00565839
-0.0432434
0.00326795
-0.0503833
-0.0465653
-0.0499231
-0.0475429
0.00134449
-0.0422215
-0.0483266
-0.0500917
-0.0462405
-0.0453996
-0.0450011
-0.0138987
-0.0428901
0.00353546
0.00614278
-0.0432424
-0.0451942
0.00326225
-0.0499247
-0.0488625
-0.0503939
0.00134302
-0.0422166
-0.0475796
-0.0462497
-0.0502771
-0.0483467
-0.0449528
-0.0139458
-0.0453892
0.00349446
-0.0449437
0.00608375
-0.0467564
-0.0496773
-0.049846
-0.0497905
-0.0497811
-0.0470885
-0.0457065
-0.0469785
-0.0497094
-0.0495705
-0.0455086
-0.0455444
-0.0494818
-0.0485188
-0.0497842
-0.0500598
-0.0434963
-0.0499318
-0.0500538
-0.0499645
-0.0464564
-0.0501968
-0.0497782
-0.0498707
-0.0498211
-0.0501368
-0.0500251
-0.0490384
-0.0496884
-0.04977
-0.0497389
-0.0499404
-0.0497336
-0.048901
-0.0496877
-0.0496935
-0.0505986
-0.0497356
-0.0460883
-0.0495317
-0.0495563
-0.0492695
-0.0511395
-0.0499128
-0.0497913
-0.0479424
-0.0467386
-0.0497283
-0.0479151
-0.0470845
-0.050553
-0.0437379
-0.0503554
-0.0505146
-0.0500799
-0.0500675
-0.0493999
-0.0500292
-0.0420057
-0.0426865
-0.0442479
-0.0502539
-0.0469543
-0.050879
-0.050174
-0.0515278
-0.0509693
-0.0496178
-0.0504517
-0.0491196
-0.0489505
-0.0484234
-0.0409018
-0.0411912
-0.0414902
-0.0380681
-0.0498931
-0.0387258
-0.0460121
-0.0492059
-0.0472731
-0.0480874
-0.000214838
-0.0477474
-0.0481457
-0.0482543
-0.000435887
-0.0401594
-0.0479748
-0.0411079
-0.0385011
-0.0380695
-0.0415551
-0.0460095
-0.045285
-0.0499064
-0.0481282
-0.0499449
-0.0492173
0.000274186
-0.0482593
-0.0485509
-0.0477945
-0.000311381
-0.0410148
-0.0480499
-0.0401376
-0.0399139
-0.0443336
-0.0427427
-0.0508841
-0.0426908
-0.0502478
-0.0509605
-0.0503655
-0.050176
-0.0491206
-0.0500957
-0.0496389
-0.0408766
-0.0501398
-0.0489438
-0.0406386
-0.0503405
-0.0500943
-0.0494178
-0.0419973
-0.0463944
-0.0345663
-0.0409141
-0.0420166
-0.0410436
-0.0319753
-0.0478456
-0.0419166
-0.0156136
-0.0182196
0.00709904
-0.037355
-0.0300163
-0.0360972
-0.0356442
-0.037009
-0.00395719
-0.0364456
0.0102524
-0.0387869
-0.0386074
-0.0241437
-0.0362979
-0.0218849
-0.0340969
-0.0142853
0.00308059
-0.026104
0.0086054
-0.0370125
0.00287181
-0.0364783
0.0162611
-0.0379168
-0.0359697
-0.0365141
0.0026611
-0.00196016
-0.0402788
0.00281565
-0.0360362
-0.0391209
-0.0226795
-0.0295101
-0.0247614
-0.0320881
-0.0101425
-0.046579
-0.0300689
-0.0389366
-0.0356273
-0.0462328
-0.0386682
-0.0410776
-0.0461418
-0.0256578
-0.0364706
-0.0158882
-0.0349397
-0.0509419
-0.0489214
-0.0451113
-0.0481655
-0.0499163
-0.0458604
-0.0499675
-0.0502022
-0.049912
-0.0498424
-0.0499166
-0.0499884
-0.0470509
-0.0499489
-0.0498609
-0.0500516
-0.0498824
-0.0498605
-0.0501289
-0.0504073
-0.0492075
-0.047236
-0.0484949
-0.0499049
-0.04675
-0.0489529
-0.0378828
-0.0505389
-0.0406017
-0.0498285
-0.0478903
-0.0491659
-0.0496989
-0.0497559
-0.0494581
-0.0492502
-0.0501006
-0.0493143
-0.0493286
-0.0498941
-0.0498893
-0.0494239
-0.0497444
-0.0502765
-0.0496696
-0.0514498
-0.0499494
-0.0501721
-0.0500358
-0.0503934
-0.050035
-0.0514519
-0.0489285
-0.0498795
-0.0498152
-0.0495394
-0.0502312
-0.0485918
-0.0484287
-0.0497293
-0.0344115
-0.0485318
-0.0499333
-0.0341916
-0.0420009
-0.0323132
-0.00148272
-0.0363912
-0.030266
-0.0445766
-0.0350938
-0.0498895
-0.0478168
-0.0505635
-0.0510957
-0.0506819
-0.05057
-0.0500865
-0.0493031
-0.0478808
-0.0451138
-0.0490725
-0.0505945
-0.0498909
-0.0502728
-0.00179193
-0.0326758
-0.0312261
-0.0420435
-0.034697
-0.00393327
-0.03549
-0.0321216
-0.0423344
-0.0347292
-0.0505644
-0.048103
-0.0499197
-0.0505701
-0.0500872
-0.0510851
-0.0506771
-0.0451385
-0.0505577
-0.0493782
-0.0499032
-0.0502875
-0.0490803
-0.0505894
-0.000624158
-0.0310735
0.000850037
-0.0317872
-0.0479281
-0.0303351
-0.0378192
-0.0357103
-0.0461292
-0.0342411
-0.0491594
-0.05062
-0.0498285
-0.0494653
-0.0492289
-0.0497043
-0.0497551
-0.0493327
-0.0499299
-0.0501201
-0.0494123
-0.049746
-0.049898
-0.0498996
-0.0514609
-0.0502007
-0.050302
-0.0500446
-0.0504144
-0.0499634
-0.0501975
-0.0490299
-0.0502836
-0.050096
-0.0495593
-0.0503099
-0.0499005
-0.0498512
-0.0310876
-0.0309858
-0.0441456
-0.0501012
-0.0497586
-0.0496728
-0.0454363
-0.0496984
-0.0501812
-0.0449962
-0.0498173
-0.0480534
-0.0496937
-0.0489772
-0.0484325
-0.0506194
-0.0499748
-0.0462855
-0.0496845
-0.0500652
-0.0470433
-0.0510135
-0.0496668
-0.0501444
-0.0504716
-0.0529417
-0.050128
-0.049707
-0.0476479
-0.0502671
-0.0505882
-0.0496149
-0.0496812
-0.0498038
-0.0497322
-0.0462619
-0.0496781
-0.0496729
-0.049714
-0.0494898
-0.0496966
-0.0493248
-0.0502291
-0.0493316
-0.050367
-0.0485985
-0.0498394
-0.0498126
-0.0497587
-0.0495324
-0.0496699
-0.0501898
-0.0498724
-0.0498169
-0.0497639
-0.049776
-0.0495026
-0.0497802
-0.049496
-0.0496969
-0.049631
-0.042642
-0.044859
-0.0460104
-0.0496008
-0.0481975
-0.036352
-0.0493187
-0.039427
-0.0426057
-0.0404617
-0.00169867
-0.0331906
-0.0360577
-0.0468646
-0.0327612
-0.0185447
-0.0151921
-0.0408075
-0.0352793
-0.00310699
-0.0264262
-0.0360318
-0.0404459
-0.0314456
-0.0249094
-0.0206776
-0.0484067
-0.0403727
-0.0342741
-0.0416993
-0.0476824
-0.0328813
-0.0164207
-0.0495492
-0.0496609
-0.0497794
-0.049799
-0.0497547
-0.0501835
-0.0498921
-0.0495059
-0.0502324
-0.0497048
-0.0496231
-0.0498094
-0.0495169
-0.0483313
-0.0457255
-0.0474123
-0.0496119
-0.0491484
-0.0494354
-0.0458368
-0.0467204
-0.0460439
-0.0497172
-0.0470793
-0.0484373
-0.0455622
-0.0499282
-0.049675
-0.0505874
-0.0503579
-0.0499281
-0.0497036
-0.0493155
-0.048254
-0.0505208
-0.0467328
-0.0504163
-0.0496883
-0.048889
-0.047751
-0.0498636
-0.049246
-0.049232
-0.0493254
-0.0416069
-0.051754
-0.0498337
-0.049887
-0.0498564
-0.0497628
-0.0497894
-0.0498136
-0.0498755
-0.0497765
-0.0498486
-0.0498274
-0.049803
-0.0497722
-0.0499033
-0.0497897
-0.0498382
-0.0498093
-0.0498027
-0.0497666
-0.049752
-0.0497994
-0.0497646
-0.0498876
-0.0497957
-0.0497851
-0.049773
-0.0497459
-0.0498623
-0.0497858
-0.049906
-0.0499931
-0.0497396
-0.0492032
-0.0496373
-0.0498007
-0.0538769
-0.0501633
-0.0507608
-0.0501092
-0.0381679
-0.0498219
-0.0489873
-0.0501582
-0.0501733
-0.0497983
-0.0513701
-0.0494535
-0.0506464
-0.0497623
-0.048234
-0.0496679
-0.0496291
-0.0492464
-0.0489593
-0.0421718
-0.0466327
-0.0494288
-0.0494378
-0.0182003
0.00123384
-0.0136907
-0.0503318
-0.0448649
-0.0499095
-0.0503461
-0.0490118
-0.0475691
-0.0497194
-0.0479455
-0.0501285
-0.0470696
-0.0507405
-0.0499802
-0.0501102
-0.0506463
-0.0316931
-0.013625
-0.0404349
-0.0448442
-0.0156149
-0.0303324
-0.0446406
-0.0193147
0.00165937
-0.000231376
-0.0192498
-0.0499068
-0.0492106
-0.0503121
-0.0475691
-0.0497189
-0.0503322
-0.0490163
-0.0470316
-0.0507285
-0.0479412
-0.0501226
-0.0505728
-0.0506855
-0.0499507
-0.0317213
-0.0128043
-0.0407596
-0.0459772
-0.0134199
-0.0356992
-0.045321
-0.0151514
-0.0501279
-0.050002
-0.0498084
-0.0513803
-0.0494322
-0.0501726
-0.0497911
-0.0481631
-0.0496471
-0.0506404
-0.0492255
-0.0489405
-0.0496566
-0.049638
-0.0407769
-0.0060491
-0.0470857
-0.0443918
-0.0280594
-0.0484358
-0.049944
-0.0498223
-0.0498842
-0.0496113
-0.0499218
-0.0496109
-0.050706
-0.040548
-0.0417029
-0.0498628
-0.0497656
-0.0498513
-0.049819
-0.0498761
-0.049776
-0.0497935
-0.049831
-0.0498161
-0.0497734
-0.0499051
-0.0497948
-0.0498032
-0.0497705
-0.0498095
-0.0497949
-0.0498505
-0.049802
-0.0497707
-0.0497654
-0.0497481
-0.04979
-0.0497963
-0.0498764
-0.0498648
-0.0498051
-0.0497782
-0.0497609
-0.0451156
-0.0429363
-0.0500732
-0.0524838
-0.0524348
-0.0481547
-0.0499834
-0.0498208
-0.0496754
-0.0500461
-0.0495843
-0.0491783
-0.0498092
-0.0497929
-0.0498003
-0.0504621
-0.0495317
-0.0496756
-0.049672
-0.0497313
-0.0506564
-0.0497191
-0.0497185
-0.0495018
-0.0498506
-0.046381
-0.0497482
-0.0498935
-0.0491872
-0.0497653
-0.0449256
-0.0501551
-0.0494126
-0.0513987
-0.0496445
-0.0496723
-0.0496267
-0.0497904
-0.0497162
-0.049707
-0.0496837
-0.0497324
-0.0494839
-0.0497071
-0.0501604
-0.0496713
-0.0498982
-0.0495851
-0.0497392
-0.0490054
-0.0490715
-0.0467158
-0.0498164
-0.0499919
-0.0497608
-0.0497605
-0.0498452
-0.0498388
-0.0497088
-0.0497097
-0.0498333
-0.0497994
-0.0497579
-0.049856
-0.0497731
-0.0497522
-0.0497264
-0.0497953
-0.0497555
-0.0506463
-0.0511897
-0.0495516
-0.0498557
-0.0498984
-0.0504423
-0.047084
-0.0498637
-0.0501373
-0.0498279
-0.0476601
-0.0499729
-0.0413611
-0.0376286
-0.0424957
-0.0500901
-0.0514243
-0.0501307
-0.0500854
-0.0499235
-0.0493599
-0.0497698
-0.049736
-0.0492511
-0.0490656
-0.0497604
-0.0499439
-0.0494593
-0.0488966
-0.049448
-0.0438041
-0.0503882
-0.0497691
-0.0482726
-0.0444995
-0.0507155
-0.0358916
-0.0384315
-0.0338608
-0.0384069
-0.035249
-0.0311525
0.0095342
-0.0323385
-0.0344632
0.0110244
-0.0449859
-0.0392663
-0.0386309
-0.0406072
-0.0501264
-0.050215
-0.050088
-0.0493664
-0.0497682
-0.0500872
-0.0499233
-0.0490499
-0.0497215
-0.0497494
-0.0494558
-0.0488737
-0.0497675
-0.0499592
-0.0350332
-0.049493
-0.0505807
-0.0480472
-0.0496717
-0.0419251
-0.0503128
-0.0494427
-0.0498396
-0.0498119
-0.049757
-0.0498352
-0.0498035
-0.0497348
-0.0497084
-0.0497682
-0.0497488
-0.0497703
-0.0497899
-0.0497493
-0.0497446
-0.0497386
-0.0515784
-0.050399
-0.0506787
-0.0497426
-0.0512586
-0.0498317
-0.049594
-0.0513749
-0.0498122
-0.0493225
-0.0495541
-0.0481316
-0.0499488
-0.0495133
-0.0496508
-0.0515765
-0.0495619
-0.0466413
-0.0499737
-0.0498996
-0.0509722
-0.0498658
-0.0486457
-0.0497642
-0.0490312
-0.0496896
-0.0497032
-0.0496539
-0.0496919
-0.0494708
-0.049714
-0.0496812
-0.0495892
-0.0496631
-0.0496303
-0.0496828
-0.0494362
-0.04967
-0.0499736
-0.0495991
-0.0496514
-0.0495633
-0.0496953
-0.0497281
-0.0496486
-0.050459
-0.0497026
-0.049269
-0.0498439
-0.0497092
-0.0498285
-0.0497925
-0.0497211
-0.0497591
-0.0498219
-0.0498234
-0.0497314
-0.0497939
-0.0497558
-0.0497444
-0.0498065
-0.0498602
-0.0497883
-0.0458853
-0.0498432
-0.0473613
-0.0497618
-0.0498055
-0.0498143
-0.0500058
-0.0488034
-0.0497992
-0.0500651
-0.0493268
-0.0500585
-0.0506568
-0.0443967
-0.0403645
-0.0479923
-0.0446829
-0.0498384
-0.0490718
-0.0494747
-0.049896
-0.0497909
-0.0492057
-0.0492683
-0.0499931
-0.0497758
-0.0490753
-0.0500935
-0.0503124
-0.0501863
-0.051356
-0.0492688
-0.0479413
-0.0509619
-0.0504281
-0.049648
-0.0461457
-0.0510218
-0.0373446
-0.0370898
-0.00570983
-0.0395783
-0.0361601
0.0132994
-0.0373831
-0.0412351
-0.00334631
-0.000573672
-0.0401501
-0.0383332
0.00703262
-0.0449783
-0.0386896
-0.0459106
-0.0385827
-0.0494757
-0.0500429
-0.049839
-0.0492171
-0.0492712
-0.0499014
-0.0497942
-0.0490646
-0.0498831
-0.0500065
-0.0501942
-0.0513757
-0.0501184
-0.0503253
-0.0486781
-0.0496058
-0.0503933
-0.0474503
-0.0497997
-0.0468747
-0.0497205
-0.0470151
-0.0498666
-0.0497948
-0.0496898
-0.0497063
-0.0498229
-0.0498238
-0.0497336
-0.0497578
-0.0497496
-0.0497428
-0.0497779
-0.0498616
-0.0497873
-0.0497408
-0.0498358
-0.0499103
-0.049633
-0.0497261
-0.0496739
-0.049494
-0.0497767
-0.0495731
-0.0496709
-0.0501907
-0.0499145
-0.0493106
-0.0494733
-0.0503747
-0.048754
-0.0486293
-0.0496766
-0.0497434
-0.0496351
-0.0512177
-0.049714
-0.0496669
-0.0497999
-0.0497294
-0.0486342
-0.049843
-0.0498927
-0.0491877
-0.04955
-0.049747
-0.0491943
-0.0496694
-0.0458283
-0.0496341
-0.0497791
-0.049783
-0.0498569
-0.0498558
-0.049824
-0.0498579
-0.0498614
-0.049754
-0.0498912
-0.0497812
-0.0498345
-0.049763
-0.0498387
-0.0498127
-0.0497556
-0.0497797
-0.0497519
-0.0497379
-0.0497682
-0.0497744
-0.0497598
-0.0497886
-0.0498583
-0.0498219
-0.0497704
-0.0497842
-0.0497552
-0.0497919
-0.0505228
-0.0483917
-0.0494942
-0.049314
-0.0486559
-0.0496911
-0.0514723
-0.0480773
-0.0496202
-0.0358689
-0.0496775
-0.0490964
-0.0492942
-0.0506851
-0.0496507
-0.0478679
-0.0495458
-0.0503357
-0.0498826
-0.0516982
-0.049967
-0.0502094
-0.0505982
-0.0496273
-0.0340532
-0.034799
-0.0512833
-0.0496444
-0.0479079
-0.0506665
-0.0261419
-0.0269336
-0.0330827
-0.0206705
-0.0508281
-0.0504973
-0.0501603
-0.048041
-0.0509922
-0.0478248
-0.0502568
-0.0505233
-0.0500192
-0.0475078
-0.0508275
-0.0497789
-0.0504877
-0.0449749
-0.0270316
-0.0361325
-0.0351574
-0.0263688
-0.0501628
-0.0498887
-0.0508285
-0.0478257
-0.0502596
-0.0480482
-0.0509908
-0.0475133
-0.0494191
-0.0505177
-0.0504982
-0.0449826
-0.0508453
-0.0497788
-0.0198156
-0.0299034
-0.0372378
-0.021691
-0.0492955
-0.0498186
-0.049675
-0.0478598
-0.049546
-0.050684
-0.0496494
-0.0517084
-0.0499489
-0.0503441
-0.0506333
-0.0496437
-0.0499951
-0.0502327
-0.035098
-0.0439703
-0.0519538
-0.0499146
-0.0474857
-0.0387153
-0.0503482
-0.0475152
-0.0497907
-0.0396121
-0.049363
-0.0487462
-0.0498536
-0.0497485
-0.0497809
-0.0498659
-0.0498601
-0.0498603
-0.0498255
-0.0497789
-0.0497834
-0.0497519
-0.0498333
-0.0498005
-0.0498471
-0.0497894
-0.0497554
-0.0497485
-0.0497554
-0.0497723
-0.0497632
-0.0497358
-0.0497705
-0.0498362
-0.0497778
-0.0498039
-0.0497632
-0.0497831
-0.04979
-0.0497925
-0.0499946
-0.049879
-0.0496509
-0.0527437
-0.0500697
-0.0492215
-0.0470854
-0.0493976
-0.0496806
-0.0503875
-0.0496009
-0.0490437
-0.0496797
-0.0501071
-0.0497973
-0.0497002
-0.0497662
-0.0503601
-0.0497082
-0.0493913
-0.0506277
-0.0498507
-0.0431943
-0.0501972
-0.050472
-0.0498101
-0.0499084
-0.0500698
-0.0517742
-0.0518053
-0.0478233
-0.0497295
-0.0504514
-0.0494716
-0.0515773
-0.0498195
-0.0496224
-0.0497193
-0.0502472
-0.0495828
-0.0498466
-0.0501946
-0.0497909
-0.049868
-0.0496926
-0.0496463
-0.0495466
-0.0443502
-0.0539128
-0.0499528
-0.0484455
-0.0491581
-0.0499511
-0.0508236
-0.0493513
-0.0484146
-0.0503225
-0.0505561
-0.0411624
-0.0464555
-0.0312132
-0.004751
-0.0411611
-0.0305707
-0.00230146
-0.0275103
0.00384342
-0.0401386
-0.0288534
0.000630542
-0.0286489
-0.04579
-0.0285233
-0.0333526
-0.0459842
-0.0495336
-0.0486894
-0.0498514
-0.0497171
-0.0494073
-0.0498389
-0.0495706
-0.0498404
-0.0502554
-0.0498904
-0.0498359
-0.050198
-0.0496542
-0.0495701
-0.0496708
-0.0470011
-0.0497607
-0.0456853
-0.0471924
-0.0501451
-0.049518
-0.0468979
-0.0497627
-0.0516651
-0.049405
-0.0523097
-0.0495921
-0.0476677
-0.0503518
-0.0497123
-0.0490172
-0.0499341
-0.0492389
-0.0497663
-0.0500107
-0.0497402
-0.0525403
-0.0391663
-0.0419666
-0.048994
-0.050027
-0.0465846
-0.0499396
-0.0496002
-0.0472994
-0.0490236
-0.0440524
-0.0457522
-0.0459538
-0.0451995
-0.0497388
-0.0485014
-0.0469135
-0.0496741
-0.0450988
-0.0495678
-0.0498111
-0.036039
-0.0498509
-0.04998
-0.049723
-0.0499772
-0.0502106
-0.0491575
-0.051209
-0.0498903
-0.0502455
-0.0499137
-0.0502076
-0.049985
-0.0512539
-0.0494964
-0.0497287
-0.0495319
-0.0493119
-0.0499447
-0.0497427
-0.0491555
-0.0491101
-0.0497154
-0.0492024
-0.0496489
-0.0496592
-0.0506555
-0.0489241
-0.0481488
-0.0436185
-0.0483273
-0.0380864
-0.0394708
-0.0416308
-0.00110016
-0.0315993
-0.0302569
-0.0494394
-0.0502344
-0.0500205
-0.0493851
-0.0504443
-0.0450672
-0.0479218
-0.050938
-0.0499474
-0.0502388
-0.0496906
-0.0478201
-0.050329
-0.0469328
-0.0124454
-0.0380668
-0.0439103
-0.0389345
-0.03569
-0.00847115
-0.0365472
-0.00143802
-0.0328996
-0.0315258
-3.25102e-05
-0.0500137
-0.0504918
-0.0494298
-0.0450666
-0.04793
-0.0494229
-0.050454
-0.0502253
-0.0504514
-0.050929
-0.0502569
-0.0468951
-0.0496581
-0.0478059
-0.0299015
-0.0333356
-0.0497379
-0.0498547
-0.0498562
-0.0491687
-0.0512069
-0.050001
-0.0502105
-0.0499185
-0.050049
-0.0498937
-0.0512412
-0.0494927
-0.0502069
-0.0499904
-0.0493184
-0.049701
-0.049732
-0.0491613
-0.0491064
-0.0499546
-0.0497565
-0.049622
-0.049676
-0.0497175
-0.0489148
-0.0481214
-0.0496781
-0.0506546
-0.0396588
-0.0478774
-0.0399665
-0.0403866
-0.0100256
-0.0386275
-0.0445973
-0.0495113
-0.047679
-0.0398622
-0.0496358
-0.0502704
-0.0442824
-0.0496231
-0.0507108
-0.045603
-0.0476178
-0.046192
-0.0483252
-0.0498026
-0.0498544
-0.0501521
-0.0496007
-0.0496672
-0.0419628
-0.0490054
-0.0494989
-0.0497565
-0.0481672
-0.0486693
-0.0424928
-0.0431452
-0.0504717
-0.0481835
-0.0501289
-0.0495048
-0.0493779
-0.0365219
-0.04944
-0.0473075
-0.0498951
-0.0490443
-0.0504673
-0.0509249
-0.0511916
-0.0509387
-0.0493233
-0.0474127
-0.0492783
-0.0502196
-0.0507407
-0.0476776
-0.0507836
-0.0512452
-0.0493291
-0.041749
-0.0497837
-0.0502858
-0.0469353
-0.0498297
-0.0445407
-0.045118
-0.0310801
-0.0160497
-0.0214219
-0.0324896
-0.0475444
-0.0414238
-0.0125066
-0.0442837
-0.0338353
-0.0132098
-0.0254763
-0.0374788
-0.00186507
-0.0301085
-0.0139925
-0.0191275
-0.0218207
-0.0324357
-0.0416016
-0.0395505
-0.0139039
-0.042478
-0.0300225
-0.0153461
-0.0278708
-0.0383685
-0.0151714
-0.0299251
-0.0161232
-0.0172947
-0.0253508
-0.0479063
-0.0460241
-0.0135762
-0.0503394
-0.0348147
-0.0341541
-0.0470919
-0.0492932
-0.0401099
-0.0476784
-0.0326106
-0.0418534
-0.0237728
-0.0442106
-0.031819
-0.0503881
-0.0461527
-0.0504218
-0.0508134
-0.045856
-0.0500593
-0.0466492
-0.0501164
-0.0496658
-0.0485564
-0.0503738
-0.0483173
-0.0494109
-0.0532878
-0.0503444
-0.0495828
-0.0507992
-0.0405955
-0.0534842
-0.0495816
-0.0503826
-0.0477121
-0.0500479
-0.0502279
-0.0496508
-0.0351832
-0.0496517
-0.0504486
-0.0482395
-0.0498054
-0.0487349
-0.0497903
-0.050053
-0.0484875
-0.0505416
-0.0500644
-0.0507874
-0.050481
-0.0482971
-0.0486476
-0.0495978
-0.0503234
-0.0474488
-0.0498735
-0.0457399
-0.0508262
-0.0504146
-0.0467762
-0.0502285
-0.049572
-0.0474
-0.0498131
-0.0395501
-0.0504942
-0.0461484
-0.0450319
-0.0310227
-0.0163941
-0.0441972
-0.0239145
-0.0318577
-0.0359018
-0.010248
-0.0198378
-0.030048
-0.0373412
-0.0218695
-0.0426339
-0.0495623
-0.0468274
-0.0496165
-0.0419591
-0.0471193
-0.049955
-0.0505464
-0.0449301
-0.0497713
-0.0413318
-0.00551462
-0.0474021
-0.0457661
-0.028445
-0.0497591
-0.0345191
-0.0400208
-0.0493144
-0.0465296
-0.0421491
-0.0327726
-0.0496106
-0.044396
-0.0405319
-0.0445767
-0.0479639
-0.0466633
-0.0301447
-0.0356979
-0.0389449
-0.0449791
-0.0388
-0.0458164
-0.0386764
-0.0497363
-0.043879
-0.0503351
-0.0507039
-0.0446929
-0.0488613
-0.0507805
-0.0495804
-0.0478605
-0.0501339
-0.050927
-0.0514302
-0.0494919
-0.0509475
-0.0411847
-0.0423541
-0.037463
-0.0462262
-0.0387243
-0.0461622
-0.0411656
-0.0448661
-0.0393184
-0.0384249
-0.0407626
-0.0490297
-0.0478625
-0.0503478
-0.0509156
-0.0460413
-0.0495666
-0.0508713
-0.0491982
-0.051279
-0.0503677
-0.0507771
-0.0493244
-0.04747
-0.0508056
-0.0256442
-0.0365719
-0.0349185
-0.015993
-0.0151712
-0.0339417
-0.0345536
-0.0497097
-0.050856
-0.0474687
-0.0500761
-0.0366199
-0.0495633
-0.0472284
-0.0497967
-0.0349215
-0.0443348
-0.051515
-0.0496453
-0.0472244
-0.0380571
-0.0501722
-0.0255329
-0.013711
-0.0458775
-0.0496739
-0.034352
-0.0496312
-0.0461467
-0.0307368
-0.0453588
-0.0282289
-0.0328988
-0.0172004
-0.018658
-0.0152639
-0.00213247
-0.0257028
-0.0412531
-0.0145521
-0.0301346
-0.0248577
-0.0208478
-0.0159042
-0.0413047
-0.0277705
-0.0168138
-0.0300534
-0.0260985
-0.0270233
-0.0207486
-0.0330925
-0.0142759
0.00308749
0.00859923
-0.0260971
-0.0269472
-0.0361117
-0.0351442
-0.0262623
-0.0312232
-0.0133157
-0.0442341
-0.0418531
-0.0301427
-0.0159826
-0.0441641
-0.031394
-0.013577
-0.0416381
-0.0454046
-0.014146
-0.0353701
-0.0447866
-0.0374342
-0.00592231
-0.0372553
0.0132399
-0.0362752
-0.0397308
-0.0369899
0.00288025
-0.0364708
0.0162667
-0.0359467
-0.037912
-0.0374753
-0.00348199
-0.000532512
-0.0414398
0.00697982
-0.0403031
-0.0384329
-0.0361322
-0.0386215
-0.0386151
-0.0341298
-0.0365402
-0.00199226
0.00265337
-0.0402888
0.00278035
-0.0391319
-0.0360448
-0.0355088
0.00943257
-0.0314227
0.01086
-0.0326173
-0.0347234
-0.018441
-0.0138546
0.000950082
-0.0227029
-0.0295218
-0.0321175
-0.0247573
-0.0195054
0.00141313
-0.000497478
-0.019493
-0.0323724
-0.012649
-0.0472669
-0.0425004
-0.0340697
-0.0133459
-0.0448288
-0.0322904
-0.0138934
-0.0409401
-0.0422875
-0.0153784
-0.0299805
-0.0430003
-0.00490843
-0.0303164
-0.039183
-0.0025855
-0.027423
-0.0159214
-0.0212683
0.00355938
-0.0381032
-0.0288601
0.000351412
-0.0285596
-0.0189929
-0.0216557
-0.024854
-0.0208366
-0.0159088
-0.0277674
-0.041303
-0.0168093
-0.0300405
-0.0186175
-0.0152552
-0.00212003
-0.0412508
-0.0256655
-0.0145457
-0.0301188
-0.0269583
-0.0361203
-0.0262711
-0.0351653
-0.0156207
0.00710026
-0.0181785
-0.0261111
-0.0270049
-0.0331105
-0.0207089
-0.0314109
-0.01358
-0.0454077
-0.0416321
-0.0353767
-0.0141374
-0.0447906
-0.0312409
-0.0132932
-0.0418475
-0.0442456
-0.0159823
-0.03013
-0.0441679
-0.0374968
-0.000535543
-0.00346461
-0.0414348
0.00697491
-0.0384376
-0.0403002
-0.0373707
-0.0299973
-0.0356636
-0.036092
-0.0374445
-0.00589138
-0.0372147
0.0132492
-0.0397156
-0.0362635
-0.03548
0.00944305
-0.0314101
0.0108916
-0.0347121
-0.0325843
-0.0369674
-0.00393127
-0.0363632
0.0103102
-0.0385837
-0.038801
-0.0360888
-0.0385144
-0.0340737
-0.0385573
-0.0194785
0.00139189
-0.0194883
-0.00046904
-0.0240933
-0.0361901
-0.0340474
-0.0217649
-0.0183785
0.00102341
-0.0137409
-0.0322732
-0.0138958
-0.0422923
-0.0409514
-0.0299746
-0.0153605
-0.0430096
-0.0323307
-0.0125561
-0.0425024
-0.0472882
-0.0132961
-0.0339804
-0.044821
0.00355809
-0.0288417
-0.0381143
0.000364699
-0.0285756
-0.0189892
-0.0216774
-0.00482297
-0.0391912
-0.030308
-0.00254336
-0.0274328
-0.0159224
-0.0212651
-0.016269
-0.0238315
-0.0441725
-0.0317186
-0.0449469
-0.0308596
-0.0196878
-0.0299734
-0.0217572
-0.0372419
-0.0357666
-0.0411726
-0.00542698
-0.0457699
-0.0473536
-0.0283976
-0.0497201
-0.0343951
-0.0400083
-0.0465121
-0.0492592
-0.0327392
-0.042003
-0.0495745
-0.0424688
-0.046766
-0.0495615
-0.0495955
-0.0418255
-0.0470683
-0.0505319
-0.0499623
-0.0447916
-0.0497558
-0.0449196
-0.0387552
-0.0386524
-0.0457803
-0.046333
-0.0408101
-0.0345391
-0.044355
-0.0405374
-0.0479302
-0.044555
-0.0496954
-0.0438454
-0.0507064
-0.050351
-0.048749
-0.0446705
-0.0508024
-0.0495554
-0.0478748
-0.0509579
-0.0501585
-0.0495023
-0.0514298
-0.0509769
-0.0449004
-0.0392234
-0.0406675
-0.0384442
-0.0420611
-0.0410616
-0.0478596
-0.0320256
-0.0412413
-0.0375274
-0.0424311
-0.0490684
-0.0478791
-0.0509471
-0.0503723
-0.0495714
-0.0460654
-0.0509028
-0.0492356
-0.0513313
-0.0508094
-0.0503903
-0.047533
-0.0493594
-0.0508352
-0.0150624
-0.0419867
-0.0349624
-0.0442763
-0.0496978
-0.0515802
-0.0379886
-0.0472842
-0.0502587
-0.0255793
-0.0136395
-0.0497424
-0.0459931
-0.0342671
-0.0497267
-0.0340224
-0.0346485
-0.0509114
-0.0497549
-0.0475434
-0.0501656
-0.0367147
-0.0473482
-0.0495882
-0.0498888
-0.028234
-0.0454756
-0.0329961
-0.0172156
-0.0462724
-0.0308226
-0.0508013
-0.0406059
-0.0495874
-0.0534884
-0.0503913
-0.0495847
-0.0351537
-0.050464
-0.0496592
-0.0482406
-0.0498193
-0.0487593
-0.0500766
-0.0498167
-0.0485025
-0.0505632
-0.0477236
-0.0500583
-0.0502443
-0.0496726
-0.0486734
-0.0503541
-0.0496233
-0.0474686
-0.0499086
-0.0458052
-0.0504486
-0.0508613
-0.0467913
-0.0502721
-0.0500811
-0.0508185
-0.0505105
-0.0483264
-0.0498543
-0.0474147
-0.0395349
-0.0505235
-0.0461707
-0.0495897
-0.0432006
-0.0489655
-0.049404
-0.0489049
-0.0539062
-0.0491547
-0.0442225
-0.04527
-0.0431335
-0.0502041
-0.05272
-0.0524867
-0.0498374
-0.0496822
-0.0490779
-0.0426486
-0.0487966
-0.0483335
-0.0484176
-0.0506055
-0.0499621
-0.0468051
-0.0497646
-0.0470414
-0.0500839
-0.0506193
-0.0511977
-0.0491815
-0.046475
-0.049766
-0.0473618
-0.0496833
-0.0513915
-0.0506412
-0.0506239
-0.0498311
-0.0512592
-0.0499964
-0.0495322
-0.0462668
-0.0496666
-0.0470268
-0.050052
-0.0419401
-0.0505172
-0.0495593
-0.0458062
-0.0497547
-0.0473996
-0.0496979
-0.0420446
-0.0491735
-0.0504471
-0.0485641
-0.0503716
-0.0499542
-0.0499197
-0.0421917
-0.0499467
-0.0499233
-0.0509984
-0.0496384
-0.0416616
-0.0506538
-0.0484168
-0.0391331
-0.0500145
-0.0499378
-0.0497007
-0.0528825
-0.0501298
-0.049354
-0.0455892
-0.0507142
-0.0496123
-0.0461378
-0.047604
-0.0467883
-0.0443868
-0.0516204
-0.0441711
-0.046151
-0.0495297
-0.0487835
-0.0499105
-0.042779
-0.0461504
-0.0449349
-0.0496098
-0.0485509
-0.0452999
-0.0470017
-0.0497082
-0.0498621
-0.0494496
-0.0485855
-0.0459578
-0.0475507
-0.0497365
-0.0493632
-0.0495893
-0.0496708
-0.0487363
-0.0493159
-0.0482842
-0.0515321
-0.0497423
-0.0501036
-0.0497648
-0.0496788
-0.0454367
-0.050187
-0.0497037
-0.0499306
-0.0489206
-0.0500852
-0.0499316
-0.0495358
-0.0501909
-0.0498952
-0.0500326
-0.0471137
-0.0504433
-0.0499924
-0.0499323
-0.0504642
-0.0498835
-0.0501414
-0.0380578
-0.0501008
-0.0508068
-0.0499048
-0.0499988
-0.0498993
-0.0496297
-0.0496961
-0.0500532
-0.0449617
-0.0497997
-0.0496765
-0.0480142
-0.0494724
-0.0441392
-0.0538133
-0.0483574
-0.0498996
-0.0490994
-0.0498133
-0.0455914
-0.0458574
-0.0450918
-0.049684
-0.0444552
-0.039719
-0.0475714
-0.0495032
-0.0502216
-0.049576
-0.0442487
-0.0361426
-0.0300095
-0.033488
-0.0345296
-0.0381678
-0.0437342
-0.0484645
-0.0416954
-0.0395404
-0.031323
-0.0312318
-0.040143
-0.0480302
-0.0397483
-0.0386934
-0.0101181
-0.0404562
-0.0508414
-0.048435
-0.0493025
-0.0412794
-0.0505388
-0.0503388
-0.0493106
-0.0304569
-0.0377885
-0.036264
-0.0344136
-0.0462367
-0.048024
-0.0390298
-0.0492327
-0.0360254
-0.0469778
-0.0341158
-0.0399907
-0.0327229
-0.0413453
-0.0473553
-0.0310156
-0.0309757
-0.0435596
-0.037993
-0.0485594
-0.0392685
-0.0415059
-0.0358179
-0.0394065
-0.0480766
-0.0398757
-0.0402262
-0.00985547
-0.0384866
-0.0297726
-0.033165
-0.000859115
-0.0316341
-0.0300617
-0.00110965
-0.0324778
-0.0312283
0.00048556
-0.00165216
-0.0329999
-0.0312129
-0.0124647
-0.0392275
-0.0381662
-0.0439353
-0.00869585
-0.0365913
-0.0356958
-0.000479298
-0.0308137
0.00107305
-0.0316287
-0.0420477
-0.00394784
-0.0346982
-0.0354911
-0.0321306
-0.0347326
-0.0423365
-0.0425492
-0.0329461
-0.00183144
-0.0400485
-0.032796
-0.0465973
-0.0359897
-0.0410003
-0.00325374
-0.0266758
-0.0356103
-0.0316069
-0.0361981
-0.0407746
-0.000641141
-0.0310886
-0.0317648
0.00085627
-0.0125626
-0.0378424
-0.0389149
-0.0438695
-0.00846803
-0.0356854
-0.0366649
-0.00102161
-0.0314471
-0.0300841
-0.00126777
-0.0326304
0.00024319
-0.0313184
-0.00110071
-0.0324754
0.000488745
-0.0312252
-0.000862924
-0.0315919
-0.0300629
-0.000466867
-0.030813
0.00107594
-0.0316265
-0.00164997
-0.0330131
-0.0312125
-0.0124679
-0.0392049
-0.043938
-0.0381928
-0.0366177
-0.00868279
-0.0356965
-0.0420069
-0.00147732
-0.0322831
-0.0363211
-0.0302577
-0.0350857
-0.0446486
-0.0410589
-0.0266682
-0.00326302
-0.035574
-0.0316269
-0.0407613
-0.0362348
-0.0426251
-0.00180117
-0.0329848
-0.0401547
-0.0328134
-0.0360817
-0.0467199
-0.00176105
-0.0327742
-0.0312609
-0.00123521
-0.0326034
0.000237824
-0.031306
-0.0125538
-0.0379439
-0.0439547
-0.0390842
-0.0357236
-0.00855216
-0.0367335
-0.000958218
-0.0315496
-0.0301046
-0.0299627
-0.0333307
-0.0360101
-0.0313351
-0.0312656
-0.0400825
-0.0397475
-0.0480037
-0.010081
-0.0386337
-0.040471
-0.0345158
-0.0381604
-0.0484548
-0.0437154
-0.0416452
-0.0395319
-0.048803
-0.0375803
-0.040486
-0.0505027
-0.0507111
-0.0483978
-0.0492899
-0.0410568
-0.0502888
-0.050496
-0.0471035
-0.034136
-0.0400787
-0.0327951
-0.0474687
-0.0413972
-0.0487165
-0.04855
-0.0497596
-0.0345161
-0.0500184
-0.0485791
-0.0481345
-0.0391303
-0.0360816
-0.0492825
-0.0342282
-0.0395015
-0.0399795
-0.0481355
-0.00993013
-0.0402613
-0.0385009
-0.0298321
-0.033247
-0.0436051
-0.0485877
-0.0379902
-0.0393145
-0.0415053
-0.0358837
-0.0443825
-0.0461432
-0.0495149
-0.0498729
-0.0487722
-0.0516058
-0.0485658
-0.045951
-0.0497408
-0.0475419
-0.0493346
-0.0495683
-0.0427654
-0.0449294
-0.0461385
-0.0495834
-0.0485297
-0.0452965
-0.0496988
-0.0469872
-0.0498485
-0.049421
-0.0509452
-0.0489232
-0.0481621
-0.0451217
-0.0496714
-0.0487362
-0.0493202
-0.048281
-0.0497458
-0.0515334
-0.0499251
-0.0499682
-0.0458698
-0.0502203
-0.0499195
-0.0499221
-0.0498566
-0.0499423
-0.0501006
-0.0489314
-0.0499453
-0.0495427
-0.0499089
-0.0502061
-0.0500043
-0.0499667
-0.0470593
-0.0498758
-0.0500763
-0.0498754
-0.0498929
-0.0500516
-0.0504771
-0.0471303
-0.0500172
-0.0499596
-0.0499082
-0.0504743
-0.0500716
-0.0500207
-0.0499132
-0.0496834
-0.0500594
-0.0497339
-0.0501021
-0.0504328
-0.0492271
-0.0472433
-0.0499084
-0.0485141
-0.0502196
-0.0380932
-0.050834
-0.0501285
-0.0495122
-0.0467561
-0.0444972
-0.0397637
-0.0495163
-0.0475677
-0.0502529
-0.0495776
-0.0441587
-0.0538053
-0.04992
-0.048358
-0.0491059
-0.0498118
-0.0456204
-0.0450901
-0.0458463
-0.0496856
-0.0442531
-0.043185
-0.0494157
-0.0489117
-0.04527
-0.0502184
-0.0431492
-0.0527266
-0.052509
-0.0498472
-0.0490883
-0.0496987
-0.0488078
-0.0426623
-0.0483419
-0.0539187
-0.0491635
-0.0442155
-0.0468212
-0.0497849
-0.050101
-0.0470579
-0.0514047
-0.0506534
-0.0498412
-0.0506339
-0.050009
-0.0512675
-0.0495423
-0.0506281
-0.0512063
-0.0491985
-0.0464876
-0.0497762
-0.0473828
-0.0496949
-0.0419563
-0.0505428
-0.0495731
-0.0485842
-0.0503964
-0.0499365
-0.0499786
-0.0499631
-0.0422071
-0.0499418
-0.0458294
-0.0497664
-0.0474166
-0.0497124
-0.0420637
-0.0491933
-0.0504607
-0.0416832
-0.0500397
-0.0497252
-0.0499595
-0.0501553
-0.0529045
-0.0493798
-0.0455647
-0.0496261
-0.0507334
-0.0461508
-0.047627
-0.0506705
-0.0484462
-0.039145
-0.0467648
-0.0471313
-0.0498485
-0.0449924
-0.0498167
-0.0500486
-0.0525588
-0.0503634
-0.0499371
-0.0500494
-0.0497092
-0.0496399
-0.0466289
-0.0500436
-0.0500008
-0.0510605
-0.0499715
-0.049339
-0.0497616
-0.0498687
-0.0492494
-0.0496956
-0.0493146
-0.0516228
-0.0498147
-0.0498969
-0.0493524
-0.0495285
-0.0504742
-0.0485981
-0.0497166
-0.0522451
-0.0494747
-0.0505365
-0.0473924
-0.0482757
-0.0507223
-0.0498935
-0.0430846
-0.0497579
-0.0516131
-0.0468644
-0.050412
-0.0458255
-0.0467446
-0.0460907
-0.04974
-0.0471381
-0.0457475
-0.04728
-0.0498403
-0.0503876
-0.0496387
-0.0500139
-0.0478404
-0.0498341
-0.0495777
-0.0504503
-0.0469711
-0.0484868
-0.0454774
-0.0499917
-0.049861
-0.0505077
-0.0496741
-0.0493022
-0.0498261
-0.0497088
-0.0459309
-0.049767
-0.0499936
-0.0497973
-0.0500117
-0.0496963
-0.04928
-0.0498751
-0.0497589
-0.0504064
-0.0496932
-0.0497359
-0.0498607
-0.0493647
-0.0497536
-0.0498312
-0.0467571
-0.0491997
-0.0489698
-0.0498667
-0.0500462
-0.0498566
-0.0494016
-0.0518653
-0.0415601
-0.0492448
-0.0506012
-0.0498331
-0.0498251
-0.0518246
-0.0517813
-0.0500716
-0.0470598
-0.0455379
-0.048446
-0.0499365
-0.0505456
-0.0497747
-0.0458215
-0.0460164
-0.0466263
-0.0495997
-0.047824
-0.0498404
-0.050563
-0.0494555
-0.0501847
-0.0470059
-0.0471508
-0.045637
-0.0497723
-0.0495509
-0.0501534
-0.0430517
-0.0455979
-0.0451454
-0.0459639
-0.0497729
-0.0495727
-0.0445277
-0.0476677
-0.0398952
-0.0495727
-0.0496622
-0.0503425
-0.0467901
-0.0442637
-0.0484387
-0.0538662
-0.0499438
-0.04992
-0.0491323
-0.0451012
-0.0497954
-0.0481104
-0.0496498
-0.0483478
-0.0474219
-0.0457215
-0.0496461
-0.0494696
-0.0491622
-0.0439224
-0.0484348
-0.046893
-0.0450986
-0.0495827
-0.0495662
-0.0497367
-0.0515792
-0.045975
-0.0495796
-0.049792
-0.0487517
-0.0174157
-0.0463383
-0.0312085
-0.028499
-0.0455779
-0.0332988
-0.0471824
-0.0403554
-0.0343443
-0.0416385
-0.0331246
-0.0475431
-0.0487077
-0.0497173
-0.0485368
-0.0486533
-0.0347819
-0.0500625
-0.0486956
-0.040333
-0.050287
-0.0373847
-0.0477628
-0.0375661
-0.030198
-0.0340559
-0.0355289
-0.0460392
-0.0505289
-0.0494463
-0.0483455
-0.0504175
-0.0410088
-0.0502442
-0.0163809
-0.0449239
-0.0307996
-0.0237089
-0.0441127
-0.0314856
-0.0160496
-0.0211734
-0.0187086
-0.0215393
-0.0304666
-0.00472913
-0.0391184
-0.0273482
-0.00241987
-0.0285391
-0.0379055
0.00381976
-0.0283997
0.000554761
-0.0407991
-0.00311357
-0.0352794
-0.0264264
-0.0360286
-0.0314288
-0.0404436
-0.0419966
-0.0361798
-0.00169211
-0.0321487
-0.035056
-0.0445165
-0.0301486
-0.0420968
-0.00407322
-0.0355753
-0.0347413
-0.0347518
-0.0320165
-0.0423917
-0.0249323
-0.0207335
-0.0255213
-0.00212565
-0.0375058
-0.0302433
-0.0142551
-0.0279642
-0.0384854
-0.015261
-0.0300611
-0.0164018
-0.0187089
-0.0215355
-0.016024
-0.0211642
-0.0285393
0.0038346
-0.037892
-0.0283971
0.000566334
-0.030434
-0.0391059
-0.00467616
-0.0273434
-0.00240007
-0.042621
-0.00170054
-0.0404794
-0.0331573
-0.0360671
-0.0327468
-0.0469188
-0.0421016
-0.0355451
-0.00400261
-0.0346789
-0.0347326
-0.042345
-0.0319735
-0.042053
-0.00161978
-0.0362618
-0.0321952
-0.0350607
-0.0301278
-0.0445088
-0.0185509
-0.0151535
-0.0279382
-0.015331
-0.038443
-0.0300066
-0.0162895
-0.0255345
-0.0374943
-0.00209693
-0.0302038
-0.014115
-0.0173913
-0.0284853
-0.0455719
-0.033291
-0.0462999
-0.0311535
-0.0484395
-0.0363599
-0.0392784
-0.0492954
-0.0490072
-0.0484788
-0.0496914
-0.0346737
-0.0486274
-0.050052
-0.0491616
-0.0375972
-0.0302787
-0.0341382
-0.0461546
-0.035893
-0.0488409
-0.040355
-0.0375111
-0.050306
-0.0506642
-0.0483063
-0.0494303
-0.0410614
-0.0504708
-0.0503011
-0.0237241
-0.0439721
-0.0313919
-0.0448484
-0.0307367
-0.0445342
-0.0398816
-0.0476545
-0.0495536
-0.0503098
-0.0496387
-0.0456008
-0.0451387
-0.045931
-0.0497505
-0.0450942
-0.0497669
-0.0480902
-0.0496138
-0.0467595
-0.0442588
-0.048413
-0.0499208
-0.0538322
-0.0498905
-0.0490913
-0.0439279
-0.0426326
-0.04485
-0.0459727
-0.0495642
-0.0459947
-0.0495689
-0.0498242
-0.0487089
-0.0484113
-0.0468532
-0.049562
-0.0450634
-0.0495255
-0.0496902
-0.0515358
-0.0468139
-0.0471566
-0.047258
-0.0457574
-0.0498581
-0.0495902
-0.0504378
-0.0504402
-0.0469936
-0.0484478
-0.0499852
-0.0454972
-0.0497793
-0.0505757
-0.0500642
-0.0478744
-0.0498235
-0.0496186
-0.0505482
-0.0501712
-0.0504848
-0.0501488
-0.0528872
-0.049625
-0.049322
-0.049825
-0.0497015
-0.0497692
-0.0458607
-0.0500349
-0.050013
-0.0498014
-0.0492767
-0.0496895
-0.0498763
-0.0497148
-0.0502786
-0.0476588
-0.0505924
-0.0496268
-0.0498059
-0.0496861
-0.0497641
-0.0497037
-0.0504147
-0.0497413
-0.0498709
-0.0497613
-0.0493689
-0.0497416
-0.0496887
-0.0462743
-0.0496829
-0.0497256
-0.0497062
-0.049496
-0.0498411
-0.0492208
-0.0467737
-0.0489903
-0.0498801
-0.0498632
-0.0500533
-0.0493657
-0.0502492
-0.0493168
-0.0504123
-0.0498359
-0.0485799
-0.0493515
-0.0518898
-0.0492783
-0.0415272
-0.0505409
-0.0498244
-0.049862
-0.051764
-0.0516806
-0.0500798
-0.0458336
-0.0459965
-0.046602
-0.0496029
-0.0498605
-0.047021
-0.04713
-0.0498004
-0.0456574
-0.0495434
-0.0501936
-0.0478535
-0.0498642
-0.0506097
-0.049494
-0.0502138
-0.0430156
-0.0471302
-0.0498372
-0.0449708
-0.0498406
-0.0500422
-0.0525334
-0.0500448
-0.0496996
-0.0496304
-0.050019
-0.0466271
-0.0499884
-0.0510483
-0.0499673
-0.0497922
-0.0493412
-0.0498592
-0.0492963
-0.0516185
-0.0498187
-0.0498972
-0.0495335
-0.0493613
-0.0504773
-0.0485341
-0.0497143
-0.0495199
-0.0522786
-0.0505388
-0.0473691
-0.0507079
-0.0499471
-0.0429668
-0.0497968
-0.0516058
-0.0497844
-0.0516256
-0.0481945
-0.0499421
-0.0507101
-0.043091
-0.0488646
-0.0481575
-0.0499906
-0.0498149
-0.0496677
-0.0493662
-0.050676
-0.0497964
-0.049742
-0.0492926
-0.0497684
-0.049285
-0.0485548
-0.0498991
-0.049399
-0.0498564
-0.0493994
-0.0497285
-0.0462212
-0.0497026
-0.0498333
-0.0491674
-0.0499176
-0.0497753
-0.0497799
-0.0497694
-0.0495055
-0.0497141
-0.0503671
-0.0499158
-0.0487866
-0.0492741
-0.0498919
-0.0500449
-0.0491553
-0.0499171
-0.0498353
-0.0498325
-0.0504914
-0.0497749
-0.0499002
-0.0496845
-0.0497876
-0.0497913
-0.0503059
-0.0497401
-0.0497793
-0.050357
-0.0497251
-0.0500387
-0.0496043
-0.0497446
-0.049695
-0.0498229
-0.0498406
-0.0503922
-0.0515226
-0.04939
-0.0495588
-0.0496682
-0.049805
-0.0497661
-0.0507285
-0.0497346
-0.0497849
-0.0496104
-0.0482159
-0.0499113
-0.0496812
-0.0516896
-0.0495584
-0.0498858
-0.050067
-0.0497547
-0.0499064
-0.0497321
-0.0496625
-0.0496934
-0.0512158
-0.0497024
-0.0495388
-0.0463782
-0.0498499
-0.049759
-0.04914
-0.0498869
-0.0483978
-0.0498819
-0.049936
-0.0497637
-0.0486307
-0.0498251
-0.0498716
-0.0492485
-0.0487594
-0.0501101
-0.0497685
-0.0497243
-0.0497482
-0.0503187
-0.0497578
-0.04945
-0.0495042
-0.0497129
-0.050601
-0.0497531
-0.0498285
-0.0492492
-0.0497712
-0.0449416
-0.049937
-0.049755
-0.0525399
-0.0470749
-0.0390623
-0.0417245
-0.0506508
-0.0455605
-0.0494889
-0.0475444
-0.0461258
-0.0504682
-0.0483178
-0.0508903
-0.0496998
-0.0496366
-0.0498642
-0.0499844
-0.0491853
-0.050094
-0.0527383
-0.0506393
-0.0497778
-0.0498126
-0.0517441
-0.0517595
-0.0501036
-0.0492941
-0.0492986
-0.0501065
-0.0485866
-0.0503471
-0.0498192
-0.0501653
-0.0499091
-0.0528845
-0.0503761
-0.0496403
-0.0497871
-0.0492591
-0.0458472
-0.0496729
-0.0497171
-0.0429315
-0.0451415
-0.0500599
-0.0524179
-0.0525166
-0.0487322
-0.0491063
-0.0440542
-0.0489749
-0.0496205
-0.0496914
-0.0482063
-0.0485801
-0.0425366
-0.0493009
-0.0487062
-0.0504002
-0.0461405
-0.0495766
-0.0497318
-0.0474062
-0.0394066
-0.049967
-0.049848
-0.049892
-0.0496435
-0.0496253
-0.049943
-0.0500469
-0.0491534
-0.0504877
-0.0486115
-0.0472519
-0.0499227
-0.0505953
-0.0480551
-0.0448995
-0.0487194
-0.0500463
-0.0497066
-0.0496345
-0.0500734
-0.0453779
-0.0496537
-0.0494909
-0.049266
-0.0486058
-0.0514108
-0.0480234
-0.0496614
-0.0506906
-0.0405228
-0.0493777
-0.0493748
-0.0533142
-0.0503226
-0.0368933
-0.0473012
-0.0494513
-0.049861
-0.0151333
-0.025753
-0.0459954
-0.0137482
-0.0496996
-0.0497652
-0.0343776
-0.0420698
-0.0341384
-0.0496536
-0.0346952
-0.0507908
-0.0500873
-0.0476156
-0.0259453
-0.0365387
-0.0160052
-0.0350687
-0.0351272
-0.0498005
-0.0514962
-0.0442926
-0.0502065
-0.0381181
-0.0473765
-0.0408566
-0.0471868
-0.00609052
-0.0444186
-0.0484623
-0.0280847
-0.0100055
-0.0415602
-0.0497488
-0.046951
-0.0502721
-0.0497665
-0.044369
-0.0355362
-0.034157
-0.0470854
-0.0490087
-0.0401057
-0.0474562
-0.0327291
-0.0416013
-0.0194581
-0.0299293
-0.0216352
-0.037087
-0.032163
-0.0125562
-0.0424273
-0.0472041
-0.0131445
-0.0340305
-0.0446406
-0.0193256
0.00165065
-0.000242405
-0.0192466
-0.032075
-0.0407261
-0.0136601
-0.0420066
-0.0151709
-0.0427642
-0.0297233
-0.0239164
-0.0361433
-0.0217435
-0.0338423
-0.0225052
-0.0292604
-0.0245224
-0.031858
-0.0160247
0.00706655
-0.0184339
-0.0318304
-0.040778
-0.0127815
-0.0460317
-0.0135022
-0.0453493
-0.0356834
-0.014608
0.00344508
0.00879755
-0.0262331
-0.0265636
-0.0272444
-0.0208898
-0.0338597
-0.0273872
-0.0368696
-0.0266258
-0.0358618
-0.0320665
-0.0136524
-0.0407131
-0.0420034
-0.0151614
-0.0297202
-0.0427551
-0.0181831
0.00125329
-0.0136869
-0.0321512
-0.0424112
-0.0125176
-0.0471522
-0.0131244
-0.0446116
-0.0340209
-0.0224954
-0.0292592
-0.0245162
-0.03185
-0.0239035
-0.036149
-0.0217412
-0.0338333
-0.0145785
0.00339323
0.00892678
-0.0263554
-0.0315877
-0.040433
-0.0135845
-0.0448584
-0.0154749
-0.0446584
-0.030312
-0.015944
0.0072417
-0.0183825
-0.0272828
-0.036647
-0.0266545
-0.0354991
-0.026425
-0.0272186
-0.0208396
-0.0334406
-0.0257895
-0.013728
-0.0459936
-0.0496373
-0.0343887
-0.049771
-0.0369275
-0.0472668
-0.0494442
-0.0498682
-0.0260307
-0.0365689
-0.0160413
-0.0351136
-0.0351843
-0.0497874
-0.0443042
-0.051524
-0.0381326
-0.0502285
-0.0474082
-0.0421078
-0.0341769
-0.0496581
-0.0508063
-0.0347231
-0.0501048
-0.0476452
-0.00995695
-0.0420771
-0.0465887
-0.0494477
-0.0494382
-0.0340798
-0.0470745
-0.0400975
-0.0490053
-0.0327207
-0.0474452
-0.0415541
-0.0194385
-0.0299403
-0.0215954
-0.0370451
-0.041495
-0.0497738
-0.0503011
-0.0468988
-0.049779
-0.044321
-0.035489
-0.050388
-0.0461509
-0.0497245
-0.0473901
-0.0393965
-0.0495528
-0.0501349
-0.0507296
-0.0381402
-0.0500932
-0.0500325
-0.0504732
-0.0491552
-0.0472226
-0.0485985
-0.049914
-0.0500179
-0.0496809
-0.0496372
-0.0500264
-0.0496388
-0.0453914
-0.0505633
-0.0480213
-0.0487424
-0.044891
-0.0494644
-0.0486163
-0.049241
-0.0480193
-0.0513906
-0.0496432
-0.0494
-0.0533266
-0.0503422
-0.0493899
-0.045513
-0.0506876
-0.0495013
-0.0461299
-0.0475421
-0.0390741
-0.050911
-0.0496939
-0.0496439
-0.0499926
-0.0498746
-0.0501072
-0.0491891
-0.0527485
-0.0504811
-0.0483051
-0.0493549
-0.0493247
-0.0517847
-0.0416586
-0.0506833
-0.0497627
-0.0497648
-0.0517805
-0.0500822
-0.0519248
-0.0492339
-0.0501137
-0.049288
-0.0503314
-0.0485904
-0.0498351
-0.0499691
-0.049992
-0.0497423
-0.0492153
-0.049819
-0.0496352
-0.0501846
-0.0499318
-0.0503727
-0.0528441
-0.0495841
-0.049247
-0.0498022
-0.0496479
-0.0457804
-0.0497186
-0.0487192
-0.0538874
-0.0489754
-0.0496796
-0.0496292
-0.0485648
-0.0482051
-0.0424974
-0.0492716
-0.048664
-0.0491333
-0.0440217
-0.0497554
-0.0516533
-0.0482009
-0.0498825
-0.0507184
-0.0432329
-0.0493291
-0.0497874
-0.0506977
-0.0498816
-0.0497787
-0.0493323
-0.0488901
-0.0494002
-0.0497107
-0.0496702
-0.0462385
-0.0498415
-0.049203
-0.0498729
-0.0497895
-0.0497724
-0.0497731
-0.0496202
-0.049494
-0.0503601
-0.0493239
-0.0485155
-0.049886
-0.049399
-0.0498558
-0.0498946
-0.04991
-0.0496876
-0.0497665
-0.0503581
-0.0497634
-0.0497285
-0.0505205
-0.0467324
-0.0503896
-0.0499084
-0.048793
-0.0493259
-0.049883
-0.0503496
-0.0497119
-0.0500288
-0.0495929
-0.0497347
-0.0496878
-0.0498171
-0.0498312
-0.0495573
-0.0500308
-0.0482275
-0.0496604
-0.0517087
-0.0497258
-0.0495553
-0.0496729
-0.0488943
-0.0477057
-0.0498499
-0.0503551
-0.0514994
-0.0494008
-0.0500659
-0.049748
-0.0499045
-0.0497263
-0.0496672
-0.0496855
-0.051215
-0.0496991
-0.0483724
-0.0498868
-0.0499355
-0.0497775
-0.0492677
-0.0500313
-0.0497636
-0.0497669
-0.0497124
-0.0497229
-0.0503178
-0.0494169
-0.0494674
-0.049699
-0.0498249
-0.0506086
-0.0498169
-0.0492183
-0.0485861
-0.0498113
-0.0498575
-0.0492235
-0.0487311
-0.0499293
-0.0497581
-0.0525429
-0.0470845
-0.0513855
-0.0498223
-0.0520574
-0.0496478
-0.0493389
-0.047444
-0.0504927
-0.0496201
-0.0493157
-0.0494526
-0.0492605
-0.0499039
-0.0487048
-0.0503212
-0.0496089
-0.0496961
-0.0512553
-0.0496591
-0.0493802
-0.0481231
-0.049566
-0.049819
-0.0495436
-0.0514911
-0.0498157
-0.0496274
-0.0487978
-0.0477799
-0.0497201
-0.0500862
-0.0497395
-0.0496983
-0.049818
-0.0493752
-0.0497555
-0.0495921
-0.0496897
-0.0506594
-0.0497184
-0.0495979
-0.049696
-0.0496803
-0.0497122
-0.0497463
-0.049489
-0.0497069
-0.0496607
-0.0496978
-0.0496678
-0.0494384
-0.0497082
-0.0496972
-0.0497084
-0.0496703
-0.0497296
-0.0497001
-0.0494846
-0.0497015
-0.0497181
-0.0497475
-0.0496675
-0.0498059
-0.0496762
-0.0496899
-0.0496545
-0.0495721
-0.0496646
-0.0494422
-0.0496845
-0.0496789
-0.0497468
-0.0496641
-0.0496274
-0.0495277
-0.0496979
-0.0497254
-0.0504987
-0.0503605
-0.0467086
-0.0499069
-0.0490852
-0.0498026
-0.0498734
-0.0503521
-0.0497425
-0.0497246
-0.0496059
-0.0495492
-0.0496809
-0.0495549
-0.0498907
-0.0487276
-0.0491386
-0.0497121
-0.0497812
-0.0497123
-0.0496294
-0.0497198
-0.0502669
-0.0497279
-0.0495863
-0.0466439
-0.0495693
-0.0499306
-0.0509219
-0.0498702
-0.0503151
-0.0499402
-0.0496732
-0.0492188
-0.0498605
-0.0491599
-0.0497229
-0.0499623
-0.0495786
-0.0420063
-0.0491052
-0.0503632
-0.0419087
-0.0503134
-0.0494359
-0.0485206
-0.0498601
-0.0502103
-0.0498109
-0.0420844
-0.0499052
-0.0497099
-0.0458828
-0.0498047
-0.0497275
-0.0473694
-0.0462723
-0.0496778
-0.0499024
-0.0470461
-0.0496544
-0.0462773
-0.0496957
-0.0496865
-0.0494864
-0.049657
-0.0496624
-0.0497408
-0.0505971
-0.0504244
-0.0478258
-0.049799
-0.0497563
-0.049823
-0.0497392
-0.0504732
-0.0498128
-0.0497696
-0.0493487
-0.0499775
-0.0497666
-0.0515915
-0.0506714
-0.050442
-0.049759
-0.0512806
-0.0496238
-0.0498842
-0.0484863
-0.0504912
-0.0497937
-0.0465835
-0.0498489
-0.049777
-0.0472732
-0.0468285
-0.049745
-0.0498764
-0.0469975
-0.0504861
-0.048195
-0.0508493
-0.0457559
-0.0503075
-0.0500232
-0.0467217
-0.0500506
-0.0506645
-0.0502227
-0.0495959
-0.0486409
-0.04979
-0.0473315
-0.0498531
-0.0469852
-0.0498077
-0.0499082
-0.0496371
-0.0499555
-0.0497703
-0.0498456
-0.0500924
-0.0498221
-0.0457273
-0.0498054
-0.0497464
-0.0497851
-0.0498157
-0.0488299
-0.0498737
-0.0499983
-0.0500916
-0.0493507
-0.0498282
-0.0494692
-0.0350697
-0.050556
-0.0496547
-0.0480464
-0.0501499
-0.0494922
-0.0500809
-0.0496596
-0.048614
-0.0503225
-0.0484564
-0.0492284
-0.0512739
-0.0507394
-0.0502602
-0.0475668
-0.0493181
-0.0507777
-0.0449544
-0.0392397
-0.0385838
-0.040584
-0.042186
-0.0412119
-0.0318658
-0.0479278
-0.0490597
-0.0502293
-0.047865
-0.050836
-0.0459593
-0.0507982
-0.049626
-0.0462847
-0.0386223
-0.0409016
-0.0462614
-0.0462001
-0.0405588
-0.0343986
-0.0462265
-0.0299305
-0.0355328
-0.0386174
-0.0493924
-0.0502589
-0.0478238
-0.0508889
-0.0514447
-0.0508598
-0.0495245
-0.0442508
-0.0405023
-0.04476
-0.0478106
-0.0445915
-0.0381872
-0.0382357
-0.0455604
-0.0352553
-0.031154
0.00953694
-0.0323457
0.011016
-0.034462
-0.0367837
-0.0362878
-0.00380206
-0.0386397
0.0105735
-0.038438
-0.0363155
0.00285246
-0.00191855
-0.0400585
0.00296926
-0.0358052
-0.0389559
-0.0371316
-0.030158
-0.0362511
-0.035926
-0.037027
-0.0374747
0.00352537
-0.0366445
0.0163967
-0.0357543
-0.0367245
-0.0366615
-0.0059463
-0.0359505
0.0135278
-0.0384473
-0.0365456
9.13733e-05
-0.00383395
-0.0340857
0.00732503
-0.0333222
-0.0343772
-0.0358855
-0.0384382
-0.0338526
-0.0384148
-0.0363007
0.00285204
-0.0400548
-0.0019118
-0.0358043
0.00297706
-0.0389489
-0.0367757
-0.00380075
-0.0362996
0.0105855
-0.0386512
-0.0384337
-0.037132
-0.0370693
0.00329059
-0.0362667
-0.0379296
0.0161401
-0.0374571
-0.0301616
-0.0359236
-0.0360685
-0.037553
-0.000125689
-0.0406135
-0.00342932
-0.0382009
0.00685683
-0.0402234
-0.0374621
-0.00579555
-0.0367664
0.0131569
-0.0361392
-0.0395634
-0.0413918
-0.0376706
-0.042528
-0.0492487
-0.0507504
-0.05129
-0.0502595
-0.047591
-0.0507906
-0.0493284
-0.0463178
-0.0386386
-0.0409235
-0.0462889
-0.0422142
-0.0412272
-0.0318946
-0.0479483
-0.049079
-0.0502291
-0.0508495
-0.0478663
-0.0508115
-0.0459669
-0.0496463
-0.0462361
-0.0299595
-0.0355258
-0.0387544
-0.0494563
-0.050416
-0.0437759
-0.0498049
-0.0482525
-0.0507464
-0.0444744
-0.0461927
-0.0405353
-0.0343489
-0.0446165
-0.0382772
-0.038396
-0.0456059
-0.049409
-0.0502901
-0.0509148
-0.0478301
-0.0509006
-0.051444
-0.0495477
-0.0442576
-0.040477
-0.0447097
-0.0478296
-0.0457876
-0.0508369
-0.050306
-0.0467283
-0.0500152
-0.0504724
-0.0481796
-0.0502207
-0.0486433
-0.0495873
-0.0473362
-0.0497797
-0.0500432
-0.0506545
-0.0498538
-0.0504283
-0.0498972
-0.0470667
-0.0498566
-0.049816
-0.0501456
-0.0498522
-0.0469762
-0.0499049
-0.0498121
-0.049947
-0.0496429
-0.0497714
-0.0498344
-0.0498246
-0.0500785
-0.0457187
-0.0497867
-0.0497912
-0.0497129
-0.0497992
-0.0488197
-0.0500129
-0.0498203
-0.0493467
-0.0500479
-0.0498187
-0.0476968
-0.0499859
-0.0501163
-0.0486334
-0.0497071
-0.0484745
-0.0503547
-0.0501741
-0.049528
-0.0485307
-0.0502187
-0.0498625
-0.0498164
-0.0421019
-0.0497171
-0.0499071
-0.0420116
-0.0491115
-0.0503655
-0.0462835
-0.0496839
-0.0499109
-0.047053
-0.0458958
-0.0498075
-0.0497268
-0.0473768
-0.0497405
-0.0490666
-0.0489771
-0.0467139
-0.0498185
-0.0497616
-0.0500014
-0.0496539
-0.0462749
-0.0496902
-0.049713
-0.0496569
-0.0494971
-0.0496674
-0.0497841
-0.0505125
-0.050638
-0.0478585
-0.0498076
-0.0498769
-0.0498115
-0.0497922
-0.0505327
-0.0498262
-0.0498585
-0.0501185
-0.0493912
-0.0498111
-0.0484552
-0.0504463
-0.0497229
-0.0506184
-0.0511671
-0.0496264
-0.0467765
-0.0496679
-0.0498104
-0.0469348
-0.0465717
-0.0498881
-0.049861
-0.0472397
-0.0496425
-0.0521103
-0.0493621
-0.0504878
-0.0474768
-0.0496336
-0.0493185
-0.0494714
-0.0499181
-0.0492448
-0.0503309
-0.0487021
-0.0500712
-0.0494248
-0.0513857
-0.0495899
-0.049682
-0.0512674
-0.0496515
-0.0493405
-0.0496494
-0.0496574
-0.0495533
-0.0496404
-0.0506614
-0.0495804
-0.0495778
-0.0487772
-0.0477759
-0.0496998
-0.050062
-0.0497228
-0.0496883
-0.0498072
-0.0496438
-0.0496603
-0.0496181
-0.0497821
-0.0496948
-0.0496741
-0.0497082
-0.0497389
-0.0497117
-0.0494955
-0.049659
-0.0496607
-0.0497012
-0.049702
-0.0494581
-0.0496962
-0.049704
-0.049668
-0.0497012
-0.0497499
-0.0496903
-0.0494883
-0.0496945
-0.0497127
-0.0497021
-0.0496754
-0.0497275
-0.0497115
-0.0494858
-0.049746
-0.0496628
-0.0498035
-0.0496758
-0.049686
-0.0496404
-0.0496758
-0.0495685
-0.0496958
-0.0494419
-0.0496761
-0.0497468
-0.0496286
-0.0496669
-0.049699
-0.0495347
-0.0497284
-0.0498994
-0.0497527
-0.049109
-0.0495596
-0.050313
-0.0497605
-0.0497457
-0.0501537
-0.0496587
-0.0498731
-0.049584
-0.050497
-0.0503142
-0.0467325
-0.0497602
-0.0498395
-0.049692
-0.0496102
-0.0497114
-0.0503048
-0.0495657
-0.0495997
-0.0495483
-0.0496816
-0.0495482
-0.0498791
-0.0487144
-0.0491745
-0.049693
-0.0503229
-0.0499726
-0.0496998
-0.0499039
-0.0491896
-0.0497372
-0.0491917
-0.0500033
-0.0495995
-0.0499028
-0.0496192
-0.0491613
-0.0498705
-0.0497228
-0.0491429
-0.0497935
-0.0502746
-0.049921
-0.0499515
-0.0465764
-0.0495855
-0.0508399
-0.0498925
-0.0496301
-0.0496878
-0.0497159
-0.049805
-0.0497513
-0.0495443
-0.0496863
-0.0496514
-0.0495923
-0.050191
-0.0496756
-0.0504449
-0.0466282
-0.0502797
-0.0501509
-0.0497529
-0.0496397
-0.0498595
-0.0498752
-0.0497714
-0.0488781
-0.0497064
-0.0496044
-0.0496444
-0.0502539
-0.0497176
-0.0497068
-0.0497005
-0.0497126
-0.0497132
-0.0494907
-0.049704
-0.0496608
-0.0496981
-0.0496748
-0.049745
-0.0496871
-0.0497223
-0.0496817
-0.0494635
-0.0497037
-0.0497043
-0.049717
-0.0496505
-0.0496429
-0.0497343
-0.0494686
-0.0496775
-0.0497171
-0.0496719
-0.0496525
-0.0494699
-0.0496839
-0.0497485
-0.0497273
-0.0496651
-0.0497712
-0.0497054
-0.0495736
-0.0488753
-0.0496952
-0.0478797
-0.0494344
-0.0496587
-0.0497189
-0.0498221
-0.0495999
-0.0508616
-0.0497541
-0.0495464
-0.0496358
-0.0495605
-0.0512943
-0.0502748
-0.051541
-0.0493398
-0.0495185
-0.049891
-0.0481895
-0.0496839
-0.0516688
-0.0498801
-0.0495908
-0.0493141
-0.0498748
-0.0494188
-0.0487545
-0.0503507
-0.0496727
-0.0492846
-0.0492749
-0.0522584
-0.0496503
-0.0474246
-0.0504947
-0.0514651
-0.0497316
-0.0466225
-0.0497846
-0.0472822
-0.0496405
-0.0468618
-0.0497154
-0.0470073
-0.0498586
-0.0506548
-0.0511637
-0.0494583
-0.0485416
-0.0505593
-0.0497731
-0.051662
-0.0497771
-0.0506092
-0.0505081
-0.0496333
-0.0498959
-0.051327
-0.0496981
-0.0478219
-0.0504973
-0.050228
-0.0496342
-0.0497497
-0.0497599
-0.0497124
-0.0497797
-0.0498215
-0.0463352
-0.0497226
-0.04954
-0.049744
-0.0497898
-0.046764
-0.048991
-0.0491487
-0.0500053
-0.0498498
-0.049854
-0.0462769
-0.049714
-0.0470327
-0.0499751
-0.0420137
-0.0491336
-0.0504209
-0.0485183
-0.0498083
-0.0498891
-0.0502278
-0.0498503
-0.0497454
-0.0421191
-0.0419323
-0.0502868
-0.0494833
-0.0501537
-0.0495661
-0.0497068
-0.0486213
-0.0500276
-0.0503886
-0.0485079
-0.0477707
-0.050015
-0.0503747
-0.0495812
-0.0351439
-0.0497154
-0.0481026
-0.049844
-0.0457136
-0.050102
-0.0498556
-0.0497261
-0.0498077
-0.0498255
-0.04991
-0.0498897
-0.0499099
-0.04709
-0.0498072
-0.0497473
-0.0499812
-0.0499157
-0.0471207
-0.0499273
-0.0504208
-0.0502814
-0.049843
-0.0499026
-0.0495615
-0.0486609
-0.0503524
-0.0497473
-0.0474496
-0.050455
-0.0482184
-0.0504389
-0.0508008
-0.0458126
-0.0499869
-0.0468549
-0.0496082
-0.0477825
-0.0508914
-0.0501397
-0.0495423
-0.0514474
-0.0509601
-0.0449542
-0.0386753
-0.0458823
-0.0385744
-0.0463443
-0.0343945
-0.0408317
-0.0497226
-0.0502829
-0.0439709
-0.0507446
-0.0445653
-0.0508458
-0.0487785
-0.0465813
-0.0300317
-0.038881
-0.0356197
-0.0421673
-0.0413561
-0.0478779
-0.0321185
-0.0461469
-0.0380682
-0.0459894
-0.0404511
-0.0494704
-0.050533
-0.0514274
-0.0513292
-0.0495244
-0.0511531
-0.0478719
-0.0413503
-0.0426574
-0.0376874
-0.0448587
-0.0389075
-0.0400053
-0.0384755
-0.0373855
-0.00335031
-0.0412422
-0.000574181
-0.0401583
0.00702733
-0.0383334
-0.0372843
-0.0299334
-0.0360023
-0.0356356
-0.0369136
0.00291444
-0.0364772
0.016265
-0.0378325
-0.0359354
-0.0365967
-0.0357062
-0.00404599
-0.038281
-0.038148
0.0104838
-0.0362615
-0.00209865
-0.041438
0.00274547
-0.0403298
0.00297468
-0.0358607
-0.0356896
-0.038058
-0.037887
-0.0337117
-0.0351803
0.0095041
-0.0311681
0.0109794
-0.0344746
-0.0322816
-0.0373457
-0.00570408
-0.0371035
-0.0395741
0.0133011
-0.036174
-0.0369118
0.00292013
-0.0364777
-0.0378319
0.0162674
-0.0359409
-0.0372865
-0.0299521
-0.0360177
-0.0356446
-0.0362512
-0.0401444
-0.00196165
0.00278307
-0.0390082
-0.0358428
0.00303476
-0.0365971
-0.00394792
-0.0357668
-0.0383731
0.0105093
-0.0381837
-0.0351615
0.009528
-0.0311613
-0.034459
0.0110019
-0.0322686
-0.0356787
-0.038033
-0.0379042
-0.0336908
-0.0444117
-0.040378
-0.0480187
-0.0446943
-0.04962
-0.0509017
-0.0477833
-0.0501427
-0.049557
-0.050969
-0.0514486
-0.0466043
-0.0300417
-0.0388853
-0.0356291
-0.0463612
-0.0344049
-0.0408438
-0.0497321
-0.0502855
-0.050759
-0.0439782
-0.0508568
-0.0445624
-0.0487865
-0.0461619
-0.0381412
-0.0460428
-0.0405062
-0.0493001
-0.0509823
-0.0479483
-0.0504498
-0.049661
-0.0510405
-0.0461503
-0.0422255
-0.0413441
-0.0479208
-0.0321285
-0.0449185
-0.0388829
-0.0400276
-0.0385061
-0.0494961
-0.0505439
-0.0513196
-0.0514341
-0.0511592
-0.0495428
-0.0478957
-0.04142
-0.0426973
-0.0377517
-0.0486242
-0.0496981
-0.0500293
-0.0485123
-0.0503898
-0.0501461
-0.0495658
-0.0503751
-0.0351497
-0.0495879
-0.0481049
-0.0497139
-0.0477781
-0.0500112
-0.0498096
-0.050002
-0.0498174
-0.0488021
-0.0497978
-0.0493253
-0.0500728
-0.0498425
-0.0457127
-0.0498737
-0.050129
-0.0498032
-0.04973
-0.0498651
-0.0499089
-0.0499276
-0.0498399
-0.0470706
-0.0498076
-0.0500118
-0.049712
-0.0499332
-0.0471506
-0.0504714
-0.0499131
-0.0498903
-0.050259
-0.0499269
-0.05008
-0.0506997
-0.0504831
-0.0458428
-0.0508681
-0.046852
-0.0500403
-0.0505124
-0.0482514
-0.046629
-0.0497897
-0.0472939
-0.0496531
-0.0485482
-0.0505755
-0.0497791
-0.0516701
-0.0497813
-0.0505154
-0.0506196
-0.0499
-0.0496375
-0.0513393
-0.0506653
-0.0511697
-0.0494679
-0.049703
-0.0496525
-0.0497465
-0.0504634
-0.0497072
-0.0498508
-0.0492818
-0.0496988
-0.0478213
-0.0502413
-0.0505083
-0.0497552
-0.0496445
-0.0497681
-0.049756
-0.0499049
-0.0498159
-0.0463808
-0.049774
-0.0498099
-0.0495673
-0.0498299
-0.0468196
-0.0491546
-0.049006
-0.0499153
-0.0500147
-0.0498403
-0.0462283
-0.0496437
-0.0469762
-0.0499241
-0.0458473
-0.0498774
-0.0473216
-0.0498136
-0.0484641
-0.0497822
-0.0501899
-0.0498537
-0.0496954
-0.0498549
-0.0421051
-0.0418848
-0.0502805
-0.0494492
-0.0419857
-0.0491517
-0.0504997
-0.049881
-0.0491234
-0.049739
-0.0497983
-0.0491741
-0.0503054
-0.0499174
-0.0499564
-0.0495948
-0.0465617
-0.0498931
-0.0508746
-0.0498336
-0.0486055
-0.049748
-0.0490459
-0.0496238
-0.04967
-0.0497054
-0.0497913
-0.0498609
-0.0494851
-0.0496543
-0.0488895
-0.0496886
-0.0495906
-0.0502071
-0.050429
-0.0466284
-0.0501916
-0.0501553
-0.0497246
-0.0496201
-0.0498179
-0.0496861
-0.049644
-0.0497064
-0.049689
-0.0497051
-0.0494737
-0.0497147
-0.0497053
-0.0497203
-0.0497121
-0.0497082
-0.0497016
-0.0494947
-0.0496574
-0.0496812
-0.0496637
-0.0497384
-0.0496845
-0.0497249
-0.0496793
-0.0497015
-0.0494564
-0.0497003
-0.0496779
-0.0496677
-0.0495849
-0.0496289
-0.0496807
-0.0496676
-0.0494305
-0.0497147
-0.0496451
-0.0496501
-0.0497336
-0.0496767
-0.0494642
-0.0497144
-0.0496725
-0.0496496
-0.0496827
-0.0494646
-0.0497446
-0.049725
-0.0496592
-0.0497698
-0.0497006
-0.0494164
-0.0496698
-0.0496589
-0.0497186
-0.0495731
-0.049649
-0.0508724
-0.0499919
-0.0495984
-0.0496518
-0.0495606
-0.0495663
-0.0488795
-0.0496759
-0.04789
-0.0494678
-0.0500286
-0.0496923
-0.048221
-0.0496875
-0.051784
-0.0495706
-0.0495705
-0.0496282
-0.0495575
-0.0512959
-0.0502445
-0.0515636
-0.0493352
-0.0497006
-0.0492806
-0.0493519
-0.0496432
-0.0523339
-0.0504914
-0.0474656
-0.051518
-0.0496869
-0.0470893
-0.0497927
-0.0500491
-0.052543
-0.0498015
-0.0450125
-0.0486623
-0.0499529
-0.0492669
-0.0498063
-0.049405
-0.0503785
-0.0496217
-0.0496157
-0.0491265
-0.0496824
-0.0501662
-0.0497921
-0.0496754
-0.0497969
-0.0494446
-0.0504843
-0.0496983
-0.0492212
-0.0483968
-0.049899
-0.049829
-0.0496512
-0.0496512
-0.0497501
-0.0463113
-0.0498726
-0.0492832
-0.0498372
-0.0501348
-0.0497192
-0.049695
-0.0498123
-0.050292
-0.0493468
-0.0517103
-0.049696
-0.0488876
-0.0497963
-0.0479773
-0.0496136
-0.0497002
-0.0481587
-0.0499173
-0.0496905
-0.0498999
-0.0518434
-0.0496257
-0.0497627
-0.0496549
-0.0498717
-0.0497547
-0.0497926
-0.051003
-0.0502841
-0.0496975
-0.0496496
-0.0498843
-0.0498746
-0.0486299
-0.0497725
-0.0491183
-0.0504798
-0.0502956
-0.0467149
-0.0498063
-0.0497461
-0.0495861
-0.0497102
-0.0496713
-0.0497403
-0.0502697
-0.0499253
-0.0497877
-0.0490383
-0.049907
-0.0503462
-0.0497323
-0.0497719
-0.0492243
-0.0501414
-0.0497031
-0.0498019
-0.0497157
-0.0503557
-0.049386
-0.0497422
-0.0496219
-0.0462755
-0.0498106
-0.0498716
-0.049175
-0.0499171
-0.0486883
-0.0494662
-0.0496983
-0.0505166
-0.0497207
-0.0491844
-0.049796
-0.0484264
-0.0498264
-0.0499766
-0.0497536
-0.0506454
-0.0499173
-0.0430478
-0.04821
-0.0497241
-0.0515305
-0.0490684
-0.0441113
-0.0493473
-0.0487417
-0.049545
-0.0497554
-0.0489133
-0.0426243
-0.0482266
-0.0486171
-0.0538214
-0.0487453
-0.0500794
-0.0429208
-0.0451644
-0.0523407
-0.0525366
-0.050122
-0.0528275
-0.0503422
-0.0499002
-0.0499534
-0.0498348
-0.0501262
-0.0496823
-0.0499061
-0.0492037
-0.0492992
-0.0492897
-0.0501801
-0.0498516
-0.0485826
-0.0503868
-0.0505929
-0.0497412
-0.0496992
-0.0516781
-0.0500284
-0.0517203
-0.0492136
-0.041588
-0.0517864
-0.0492612
-0.0499023
-0.0500436
-0.0496749
-0.0527712
-0.0492693
-0.0501263
-0.0510208
-0.0497328
-0.0391343
-0.0495381
-0.0507371
-0.0456118
-0.0476133
-0.0461697
-0.0417371
-0.0494585
-0.0534133
-0.0495549
-0.0504725
-0.0508749
-0.040655
-0.0506069
-0.0449018
-0.0488228
-0.0480665
-0.0500575
-0.0497311
-0.049697
-0.0454567
-0.0496702
-0.0501462
-0.0500599
-0.04926
-0.050485
-0.0499737
-0.0486608
-0.0473715
-0.0501866
-0.0501064
-0.0383427
-0.0507233
-0.0500088
-0.0499913
-0.0499646
-0.0497448
-0.0500974
-0.0496306
-0.0474511
-0.0497777
-0.0395625
-0.0505289
-0.0462758
-0.041857
-0.0470713
-0.0505567
-0.0499591
-0.0448213
-0.0498257
-0.0198156
-0.0298956
-0.0372278
-0.0216723
-0.0344029
-0.0492831
-0.0400185
-0.0464789
-0.0420003
-0.0496592
-0.0327018
-0.0425149
-0.0496147
-0.046821
-0.0496702
-0.0101265
-0.0412173
-0.0458033
-0.0473493
-0.00528794
-0.0497996
-0.0283603
-0.0421001
-0.035129
-0.0519589
-0.0439899
-0.0499246
-0.0474564
-0.0503466
-0.038776
-0.0259126
-0.0362963
-0.0350457
-0.016241
-0.0368096
-0.0495404
-0.0475126
-0.0504242
-0.0256575
-0.048339
-0.0462644
-0.0137801
-0.051003
-0.0350004
-0.0153845
-0.0270181
-0.0361324
-0.03515
-0.026368
-0.0157098
-0.0181115
0.00701509
-0.0313146
-0.0442568
-0.0131741
-0.0419077
-0.0301211
-0.0442346
-0.0160788
-0.0143741
0.00290542
-0.0262191
0.00853165
-0.0314932
-0.0454546
-0.0417106
-0.0137419
-0.0448524
-0.0354821
-0.0142751
-0.0239188
-0.0358468
-0.0337609
-0.0216755
-0.0224864
-0.0293237
-0.0318469
-0.0245497
-0.0322856
-0.0478382
-0.0125783
-0.0413569
-0.033866
-0.0441908
-0.0130903
-0.0183853
-0.0136587
0.00147762
-0.0322426
-0.0413768
-0.0394427
-0.0138378
-0.0423089
-0.0298321
-0.0152679
-0.01943
0.00162315
-0.0193602
-0.000201882
-0.0261542
-0.0269524
-0.0330932
-0.0206861
-0.0143888
0.00287301
-0.0262116
0.0085146
-0.0315051
-0.0454546
-0.0137536
-0.0417215
-0.0354829
-0.0448588
-0.0142897
-0.0157273
-0.0181371
0.00699343
-0.0313284
-0.0442728
-0.0419235
-0.013194
-0.0442443
-0.0301347
-0.0161012
-0.0224688
-0.029319
-0.0318358
-0.0245549
-0.0238909
-0.0358101
-0.0337417
-0.0216109
-0.0322287
-0.0413776
-0.0138401
-0.0394443
-0.0298309
-0.0423067
-0.0152624
-0.0194112
0.00158655
-0.0193538
-0.000208352
-0.0322554
-0.0478117
-0.0413481
-0.0125
-0.0441739
-0.0337983
-0.0130601
-0.0183608
-0.0135883
0.00151351
-0.0343962
-0.0400129
-0.0493012
-0.0464785
-0.0420065
-0.0327054
-0.0496748
-0.0358811
-0.0418559
-0.0505699
-0.047077
-0.049966
-0.0448249
-0.0498419
-0.0101515
-0.0412174
-0.0458038
-0.00530829
-0.0473485
-0.0283639
-0.0498117
-0.0425161
-0.0496153
-0.0468209
-0.0496826
-0.0258611
-0.0362544
-0.0350619
-0.016171
-0.0340678
-0.0512826
-0.0348364
-0.049664
-0.0479463
-0.0506509
-0.0421585
-0.0256339
-0.0483217
-0.0137007
-0.0462876
-0.0349228
-0.0510393
-0.0152983
-0.0368394
-0.0495378
-0.0475554
-0.0504469
-0.0534013
-0.0495655
-0.0504809
-0.0494522
-0.0508775
-0.0406467
-0.0495529
-0.0486458
-0.0493325
-0.0497113
-0.0481161
-0.051485
-0.0500498
-0.0497188
-0.049687
-0.0496492
-0.045433
-0.0501188
-0.0506197
-0.0488719
-0.0449078
-0.0480558
-0.0501451
-0.0505525
-0.0492084
-0.0500118
-0.0474103
-0.0486593
-0.0499273
-0.0500126
-0.0499874
-0.0501376
-0.0497651
-0.0496609
-0.0501892
-0.0383476
-0.0501239
-0.050778
-0.0496795
-0.0505437
-0.0463365
-0.0497692
-0.0495491
-0.0489309
-0.0426315
-0.0486231
-0.0482239
-0.049064
-0.0441055
-0.0487486
-0.0500887
-0.0451647
-0.0429295
-0.0525338
-0.0523596
-0.0538376
-0.0495963
-0.0491947
-0.0497488
-0.0496703
-0.0496428
-0.0458715
-0.0501172
-0.0503472
-0.0529034
-0.0498909
-0.0498924
-0.0498308
-0.0501323
-0.0499059
-0.0497055
-0.0491824
-0.0491983
-0.0501514
-0.0493031
-0.0498432
-0.0503228
-0.0485845
-0.0506398
-0.0496996
-0.0496826
-0.0500087
-0.0518426
-0.0517237
-0.0493121
-0.0517632
-0.0416378
-0.0492604
-0.0509401
-0.0497242
-0.0505145
-0.0483421
-0.0495185
-0.0456498
-0.050735
-0.0461383
-0.0475821
-0.0417465
-0.0391206
-0.0497713
-0.0500375
-0.0525779
-0.0497996
-0.0450434
-0.0501316
-0.0497013
-0.0497601
-0.0497806
-0.0493922
-0.0496612
-0.0504626
-0.0485729
-0.0486476
-0.0499296
-0.0492328
-0.049808
-0.0483854
-0.0498965
-0.0498147
-0.0496481
-0.0496385
-0.0497471
-0.0498509
-0.0463399
-0.049831
-0.049284
-0.0492197
-0.0496804
-0.049728
-0.049628
-0.0512121
-0.0501422
-0.0497175
-0.0496903
-0.0498197
-0.0495644
-0.0496895
-0.0500442
-0.0482037
-0.0497293
-0.0496569
-0.0519001
-0.0496049
-0.0497242
-0.0497614
-0.0496672
-0.0497176
-0.0497504
-0.0509955
-0.0502488
-0.0493269
-0.051706
-0.0496826
-0.0489068
-0.0497927
-0.0479767
-0.0497141
-0.0496644
-0.0497975
-0.0497326
-0.0502806
-0.0496919
-0.0496438
-0.0498749
-0.0498027
-0.0497325
-0.0498424
-0.0495604
-0.0497403
-0.0496693
-0.0502853
-0.0499224
-0.0497532
-0.0496143
-0.049048
-0.0497691
-0.0503127
-0.0497274
-0.0498748
-0.0486143
-0.0497699
-0.0491304
-0.0504799
-0.0502607
-0.0467074
-0.0495863
-0.049837
-0.0463068
-0.0498436
-0.0491991
-0.04991
-0.0486186
-0.0498381
-0.0498802
-0.0491937
-0.0492325
-0.0494603
-0.0497761
-0.0497266
-0.0505171
-0.0498047
-0.0491791
-0.0484131
-0.049831
-0.0499802
-0.0497533
-0.0486724
-0.0482353
-0.0497027
-0.051563
-0.0498083
-0.0516243
-0.0499937
-0.0506664
-0.0430219
-0.0481485
-0.0522605
-0.0493756
-0.0496221
-0.0476725
-0.0503625
-0.0492414
-0.0495545
-0.0500758
-0.0490462
-0.0502696
-0.0513251
-0.0496022
-0.0497013
-0.0492787
-0.0490571
-0.0496831
-0.0499146
-0.0492183
-0.0497544
-0.0466912
-0.0500129
-0.049618
-0.0510598
-0.049932
-0.0499261
-0.0495745
-0.0504093
-0.0500132
-0.0500025
-0.049703
-0.0525488
-0.0498222
-0.0449091
-0.0470556
-0.0431183
-0.0478743
-0.049999
-0.0494891
-0.0506778
-0.0469999
-0.0456816
-0.0497525
-0.0472044
-0.0501193
-0.0495203
-0.0499699
-0.0458483
-0.0466828
-0.0460729
-0.0495688
-0.047129
-0.0499793
-0.0455883
-0.0484837
-0.0506561
-0.0497357
-0.0492996
-0.041563
-0.0493163
-0.0518901
-0.0494097
-0.0492776
-0.0501651
-0.0485911
-0.0499128
-0.0504546
-0.0496362
-0.0489562
-0.0466683
-0.0489872
-0.0499156
-0.0498298
-0.0495425
-0.0495865
-0.0499068
-0.0461947
-0.0498186
-0.0495202
-0.0497087
-0.0495022
-0.0496982
-0.0498775
-0.0504557
-0.0498297
-0.0492667
-0.0497595
-0.0498749
-0.0497108
-0.0505975
-0.0478038
-0.0503198
-0.0497128
-0.0497637
-0.0497732
-0.0499192
-0.0497846
-0.049914
-0.0497793
-0.0496315
-0.0492016
-0.0495921
-0.0497988
-0.0492384
-0.0458553
-0.0496467
-0.0496158
-0.0501142
-0.0528807
-0.0500191
-0.0504101
-0.0499156
-0.0469859
-0.0455101
-0.0499875
-0.0484805
-0.0504618
-0.0498232
-0.0503007
-0.0471083
-0.0498181
-0.045616
-0.0472294
-0.0502942
-0.049642
-0.045852
-0.0460852
-0.0466882
-0.0497088
-0.0468673
-0.0484068
-0.0451818
-0.0496154
-0.0469375
-0.0497219
-0.0494573
-0.0459934
-0.0495444
-0.0487232
-0.0498638
-0.0426643
-0.0460728
-0.0449554
-0.0495803
-0.0440167
-0.0484896
-0.0497698
-0.0475237
-0.0459198
-0.0495173
-0.0492231
-0.0468324
-0.0452138
-0.0498999
-0.0496453
-0.0481299
-0.0455794
-0.0459647
-0.045091
-0.0498241
-0.0444936
-0.049562
-0.0476208
-0.0397515
-0.0497216
-0.0502985
-0.049528
-0.0450048
-0.0308784
-0.0440857
-0.0237314
-0.0315812
-0.0162074
-0.0489654
-0.0504675
-0.0377298
-0.0404918
-0.0492886
-0.0302891
-0.0377022
-0.0360298
-0.0462811
-0.0342299
-0.0490845
-0.0498238
-0.0486894
-0.0502046
-0.0486386
-0.0346819
-0.0484443
-0.0492576
-0.0393026
-0.0363196
-0.0484225
-0.0343167
-0.0402868
-0.0329014
-0.0477659
-0.041684
-0.0457611
-0.0285571
-0.033346
-0.0174164
-0.00205572
-0.0413329
-0.0256327
-0.0145806
-0.0302568
-0.0414041
-0.0161093
-0.028025
-0.0169345
-0.0302566
-0.0185482
-0.015415
-0.0251561
-0.0210599
-0.0421202
-0.0322457
-0.0363225
-0.00169014
-0.0446077
-0.0304274
-0.0352724
-0.0422966
-0.035024
-0.00420912
-0.035868
-0.0323462
-0.0426327
-0.03498
-0.0426301
-0.0332252
-0.0403104
-0.00181376
-0.0469829
-0.0328707
-0.0360363
-0.041062
-0.0266834
-0.00325742
-0.0353761
-0.0316848
-0.0406872
-0.0362607
-0.0401351
0.0038375
-0.0288461
0.000631099
-0.0286429
-0.0161213
-0.0213504
-0.0189794
-0.0217574
-0.0161202
-0.0414144
-0.0280207
-0.0169552
-0.0302701
-0.0413481
-0.00207325
-0.0256311
-0.0146011
-0.0302736
-0.0251581
-0.0210742
-0.0185517
-0.0154295
-0.0423
-0.035025
-0.0358679
-0.00422373
-0.0426334
-0.032357
-0.0349858
-0.0421268
-0.0322478
-0.00170692
-0.0363235
-0.0304391
-0.0446057
-0.0352804
-0.0410782
-0.0266864
-0.0353741
-0.00328562
-0.0406915
-0.0316988
-0.0362742
-0.042644
-0.0332028
-0.00179429
-0.0403171
-0.0328643
-0.0470104
-0.0360476
-0.0411504
-0.00467422
-0.0305283
-0.002271
-0.0275028
-0.0189851
-0.0217647
-0.0160846
-0.0213449
-0.0440782
-0.0237332
-0.0315725
-0.0449995
-0.0308629
-0.0162171
-0.0508232
-0.0484138
-0.0493425
-0.0503191
-0.0411499
-0.0505457
-0.0492905
-0.0302924
-0.0376989
-0.0462706
-0.0360257
-0.0342295
-0.0489654
-0.0377283
-0.0504614
-0.0404849
-0.049164
-0.0487449
-0.0498498
-0.0502606
-0.0346765
-0.0486666
-0.0484966
-0.0342923
-0.0402952
-0.0478056
-0.0328949
-0.0416579
-0.0485083
-0.039315
-0.0493102
-0.0362646
-0.046495
-0.0311971
-0.0173873
-0.0515536
-0.0483886
-0.049611
-0.0451694
-0.046924
-0.0497161
-0.0494371
-0.0440039
-0.0484699
-0.0497548
-0.045926
-0.0475118
-0.0492042
-0.0494963
-0.0426562
-0.0460589
-0.0449448
-0.0495598
-0.0452505
-0.0499166
-0.0496921
-0.0481772
-0.0444096
-0.0499726
-0.0539321
-0.0484865
-0.0492103
-0.0499798
-0.0468826
-0.0445726
-0.0495922
-0.0397005
-0.0476503
-0.0503319
-0.0497553
-0.0495695
-0.0456398
-0.0460168
-0.0451313
-0.0498598
-0.0431041
-0.0502108
-0.0478865
-0.0500231
-0.0495031
-0.0507329
-0.0458415
-0.0466695
-0.0460541
-0.0495754
-0.047126
-0.0499529
-0.0484719
-0.0456151
-0.0496396
-0.0507018
-0.0499913
-0.0505518
-0.049927
-0.0497705
-0.0500652
-0.0518663
-0.0519421
-0.049402
-0.0493311
-0.0416058
-0.0519209
-0.0493377
-0.0492362
-0.0501251
-0.0499038
-0.0485807
-0.0504402
-0.0496147
-0.0489111
-0.0489316
-0.0466567
-0.049813
-0.0498773
-0.0494839
-0.0495962
-0.0498906
-0.049849
-0.046204
-0.0497033
-0.0494948
-0.0494904
-0.0497047
-0.0498725
-0.0498438
-0.0504823
-0.0497507
-0.0492781
-0.0499208
-0.0497132
-0.0506218
-0.0502526
-0.0478029
-0.0497543
-0.0497249
-0.0497817
-0.0499243
-0.0499106
-0.0497942
-0.0497776
-0.049179
-0.0496305
-0.0495204
-0.0498355
-0.0491633
-0.0496693
-0.0457897
-0.0495593
-0.050103
-0.0500066
-0.0528182
-0.0503712
-0.0469666
-0.0499529
-0.045518
-0.0484925
-0.0504619
-0.0497367
-0.0478051
-0.0497086
-0.0504755
-0.0494674
-0.0499326
-0.0471129
-0.0497866
-0.0472731
-0.0456723
-0.0495806
-0.0503053
-0.0458365
-0.0461152
-0.0467424
-0.0496918
-0.0502985
-0.0499132
-0.0506583
-0.0431633
-0.0481318
-0.0495482
-0.0492388
-0.0500809
-0.0489922
-0.0502644
-0.0512878
-0.0495783
-0.0497048
-0.0492654
-0.0500274
-0.0467012
-0.0496343
-0.0510567
-0.0499496
-0.0499439
-0.0495993
-0.0504126
-0.0500316
-0.0498303
-0.0448976
-0.0470911
-0.0468443
-0.0504234
-0.0484864
-0.0506777
-0.0495955
-0.0456297
-0.0476108
-0.0461799
-0.0499811
-0.0497271
-0.0499987
-0.0494082
-0.0527442
-0.050195
-0.0416999
-0.0508926
-0.049685
-0.0458801
-0.0498991
-0.0495332
-0.0474126
-0.048405
-0.049875
-0.0498166
-0.0501585
-0.0496724
-0.0419897
-0.0496701
-0.0418196
-0.0501383
-0.0495003
-0.0462975
-0.0497511
-0.0470299
-0.0500842
-0.0506425
-0.0511693
-0.0494309
-0.0516907
-0.05062
-0.0497652
-0.0505139
-0.0495901
-0.051305
-0.0499211
-0.0467518
-0.0497062
-0.0469609
-0.0498244
-0.0484762
-0.0505413
-0.0498279
-0.0538589
-0.0495941
-0.0490355
-0.0497448
-0.0482206
-0.042486
-0.04866
-0.0430009
-0.0501157
-0.0451451
-0.0524537
-0.0526178
-0.0492996
-0.0487828
-0.0488237
-0.0431053
-0.0443862
-0.0443325
-0.0484193
-0.0499964
-0.0538618
-0.0499215
-0.0491897
-0.0446074
-0.0476912
-0.0495345
-0.0398552
-0.0496458
-0.0502798
-0.0468343
-0.0495631
-0.0451721
-0.0497867
-0.0496899
-0.048114
-0.0500212
-0.0501414
-0.0507685
-0.0380773
-0.0501948
-0.0491777
-0.0504993
-0.048531
-0.0501064
-0.0472811
-0.0496437
-0.0498338
-0.0498668
-0.0496108
-0.0498892
-0.0495664
-0.0498874
-0.0498923
-0.0470072
-0.0503717
-0.0501982
-0.049953
-0.0498667
-0.0498895
-0.0499386
-0.0470542
-0.0499226
-0.0497621
-0.0498295
-0.0500491
-0.0497766
-0.0498574
-0.0487162
-0.0499564
-0.0500446
-0.0497992
-0.0492868
-0.0498353
-0.0500989
-0.045762
-0.0498365
-0.0497617
-0.0498473
-0.0498007
-0.0495119
-0.0493103
-0.0485798
-0.0514991
-0.0496616
-0.0480969
-0.05074
-0.0449767
-0.0481026
-0.0488508
-0.0500854
-0.0497088
-0.0496808
-0.0501807
-0.049668
-0.0454538
-0.0426746
-0.0460477
-0.0448453
-0.0496095
-0.0484231
-0.0474746
-0.0496453
-0.0458007
-0.049476
-0.0493011
-0.0515959
-0.0460383
-0.049517
-0.0487593
-0.049827
-0.0441033
-0.0442784
-0.0382491
-0.0487436
-0.0437916
-0.0416522
-0.0395165
-0.029904
-0.0333321
-0.0482833
-0.0401321
-0.0397296
-0.0385831
-0.0404307
-0.00989172
-0.0344692
-0.0312398
-0.0312028
-0.0485425
-0.0493485
-0.03631
-0.0390937
-0.0490751
-0.049713
-0.048513
-0.0486428
-0.0500788
-0.0344999
-0.0484957
-0.0403373
-0.0342292
-0.0416263
-0.0477888
-0.0326779
-0.0507096
-0.0493736
-0.0484223
-0.0505076
-0.0503058
-0.0412875
-0.0487162
-0.0504869
-0.0405534
-0.037762
-0.0478599
-0.0376613
-0.0302792
-0.0343374
-0.0459201
-0.0359223
-0.0345011
-0.0478842
-0.0396493
-0.039962
-0.0404201
-0.0386499
-0.0100288
-0.0312437
-0.0312509
-0.0360215
-0.0298716
-0.0334067
-0.0126788
-0.0392307
-0.0440705
-0.0381167
-0.0367515
-0.00855516
-0.035904
-0.00142709
-0.0328988
-0.0315188
-2.23214e-05
-0.00187727
-0.0329767
-0.0314125
-0.00079731
-0.0312673
-0.0319568
0.000617295
-0.042777
-0.0404775
-0.0331636
-0.00192285
-0.0469402
-0.0361923
-0.0329952
-0.0411281
-0.0357212
-0.00341527
-0.0268369
-0.0363687
-0.0408579
-0.0317995
-0.0419413
-0.0362369
-0.032143
-0.00147379
-0.0444319
-0.0349685
-0.030008
-0.042044
-0.0354114
-0.0039191
-0.0346513
-0.0345783
-0.0424026
-0.0318913
-0.00166453
-0.0328861
-0.0311903
-0.000506063
-0.0308459
-0.0316877
0.00103587
-0.000854806
-0.031442
-0.0299318
-0.00111438
-0.032442
-0.0311209
0.000434648
-0.00110848
-0.0315993
-0.0302666
-0.0126843
-0.0440674
-0.0392097
-0.0381052
-0.036757
-0.0359025
-0.00856226
-0.000806543
-0.0312665
0.000607963
-0.0319585
-0.0018836
-0.0329592
-0.0314128
-0.0411213
-0.0357203
-0.0268358
-0.00341655
-0.0408546
-0.0363646
-0.0317978
-0.042762
-0.0404566
-0.0019208
-0.033176
-0.0361853
-0.0468847
-0.0329911
-0.0420674
-0.0354032
-0.0346067
-0.0039264
-0.0423821
-0.0345881
-0.0318972
-0.041961
-0.036244
-0.00144524
-0.032129
-0.0349736
-0.0444282
-0.0300045
-0.000527982
-0.0308511
-0.0317067
0.000991781
-0.0124404
-0.04393
-0.0380791
-0.0389525
-0.0357011
-0.0365548
-0.00846151
-0.00165032
-0.0328915
-0.0311959
-0.00113509
-0.032445
0.000390091
-0.0311364
-0.000832657
-0.0314497
-0.0299385
-0.04012
-0.04829
-0.0397136
-0.0385874
-0.00990232
-0.0404328
-0.0360455
-0.0487461
-0.0382606
-0.0438047
-0.0416587
-0.0395248
-0.0312245
-0.0311871
-0.0344679
-0.0472979
-0.0403124
-0.0342932
-0.0476417
-0.0415893
-0.0329293
-0.0483243
-0.0362999
-0.0493478
-0.0392515
-0.0488174
-0.0497367
-0.0485949
-0.0500422
-0.0486456
-0.0346129
-0.0478339
-0.0376638
-0.0302556
-0.0458985
-0.0343202
-0.0358822
-0.0506886
-0.0493822
-0.0484019
-0.0502929
-0.0505
-0.0412414
-0.0486978
-0.0405375
-0.0504765
-0.0377207
-0.0312414
-0.031216
-0.0483218
-0.0435586
-0.0380559
-0.0394341
-0.041607
-0.034454
-0.0298675
-0.0333827
-0.0359984
-0.0443816
-0.0457392
-0.0451891
-0.045937
-0.0497291
-0.0443123
-0.0499868
-0.0484147
-0.0538539
-0.0499057
-0.0491738
-0.0495563
-0.0451694
-0.0497928
-0.0481108
-0.0496789
-0.0468169
-0.0496461
-0.0498343
-0.0498648
-0.049894
-0.049601
-0.0495558
-0.0500186
-0.0507717
-0.0501369
-0.0380497
-0.0501982
-0.0492148
-0.0505166
-0.0501242
-0.0485239
-0.0472651
-0.0499028
-0.0498876
-0.0503803
-0.0470234
-0.0499707
-0.0502274
-0.0498753
-0.0499049
-0.0499097
-0.0499431
-0.0471239
-0.0498341
-0.0498014
-0.0500661
-0.0497829
-0.0498627
-0.049979
-0.048721
-0.0498084
-0.050044
-0.049295
-0.0498443
-0.0500821
-0.0498408
-0.0457704
-0.0498306
-0.0497611
-0.0498157
-0.0500941
-0.0497236
-0.0497024
-0.0496911
-0.0502212
-0.0454917
-0.0494647
-0.0493542
-0.048619
-0.049687
-0.05154
-0.0480716
-0.0507043
-0.0480824
-0.0449432
-0.0488195
-0.0484301
-0.0496685
-0.0474849
-0.045751
-0.049492
-0.0492915
-0.0484953
-0.0496729
-0.0469588
-0.0451387
-0.0495919
-0.0498177
-0.042647
-0.0448717
-0.0461047
-0.0496379
-0.0459899
-0.0495334
-0.0498414
-0.0487819
-0.0440712
-0.05163
-0.0468222
-0.0497389
-0.049976
-0.0500107
-0.0494145
-0.0502222
-0.0527309
-0.0391704
-0.0503814
-0.0484759
-0.0416995
-0.050938
-0.0496856
-0.0419064
-0.048951
-0.0499398
-0.0458488
-0.0499243
-0.0494795
-0.0474378
-0.041757
-0.0501047
-0.0495476
-0.046262
-0.0497427
-0.0500851
-0.0470418
-0.0517008
-0.0497712
-0.0505953
-0.0504994
-0.0496165
-0.0499246
-0.0513275
-0.0466332
-0.0499828
-0.0496851
-0.0473366
-0.0506974
-0.0511281
-0.0494741
-0.0467956
-0.0497116
-0.0498397
-0.04699
-0.0484816
-0.0505479
-0.0498486
-0.0500958
-0.0429979
-0.0451446
-0.0524078
-0.0526209
-0.0489873
-0.0440472
-0.0538337
-0.049316
-0.0488027
-0.048792
-0.049612
-0.0503833
-0.0461554
-0.047436
-0.0497163
-0.0395934
-0.0500549
-0.0506952
-0.0507967
-0.0504189
-0.0458327
-0.0500327
-0.0466548
-0.0496274
-0.0503293
-0.0484829
-0.0498409
-0.0473201
-0.04766
-0.0499935
-0.049633
-0.0500955
-0.0485589
-0.0503472
-0.0483184
-0.0494981
-0.0505561
-0.0350296
-0.0496668
-0.0480273
-0.0532611
-0.0493999
-0.0503539
-0.050744
-0.0406274
-0.0462407
-0.0309076
-0.0172559
-0.0454868
-0.0283606
-0.0330565
-0.0337277
-0.0496652
-0.0506825
-0.0345776
-0.0500038
-0.047549
-0.0253416
-0.0459812
-0.0478294
-0.0135385
-0.0503142
-0.0348182
-0.034794
-0.0510113
-0.0491729
-0.044051
-0.0494356
-0.047007
-0.0386177
-0.042019
-0.0152906
-0.0255458
-0.0364916
-0.0349404
-0.0161964
-0.0488563
-0.0503217
-0.0507437
-0.0477036
-0.05082
-0.0459687
-0.0494239
-0.0411689
-0.0424594
-0.0375789
-0.0419761
-0.0409332
-0.0319846
-0.0477256
-0.0447574
-0.0392068
-0.0384504
-0.0406628
-0.0461324
-0.0387336
-0.0461302
-0.0410778
-0.0493822
-0.0497829
-0.0504051
-0.0436444
-0.0506856
-0.0443765
-0.0484211
-0.0442697
-0.0404022
-0.0444112
-0.0478747
-0.0462587
-0.0343358
-0.040699
-0.0448469
-0.0387897
-0.0457931
-0.0386738
-0.0465054
-0.0302697
-0.0355772
-0.038997
-0.0424415
-0.0494834
-0.046742
-0.0494855
-0.0342066
-0.0493006
-0.0471131
-0.0401532
-0.0477
-0.0418989
-0.0326483
-0.0410694
-0.0473078
-0.0443645
-0.00601728
-0.0486509
-0.0279755
-0.0356772
-0.0197482
-0.0301098
-0.0372013
-0.0217884
-0.0099981
-0.0442577
-0.0238035
-0.0318744
-0.0164433
-0.0304789
-0.0412318
-0.00469479
-0.0275957
-0.00238823
-0.0191293
-0.0218226
-0.0402233
-0.02896
0.0037351
-0.0287276
0.000545963
-0.0324437
-0.0395512
-0.0416027
-0.0139073
-0.0424775
-0.0153483
-0.0300254
-0.0185623
-0.0137153
0.00140875
-0.0241446
-0.0361548
-0.0217061
-0.034128
-0.0195777
0.00154732
-0.000330358
-0.019526
-0.0226921
-0.0296462
-0.0322033
-0.0247415
-0.0361666
-0.0384709
-0.038474
-0.034138
-0.0370199
-0.0362357
-0.00395064
-0.0387289
-0.037505
0.0102877
-0.0356707
-0.0315124
0.00963863
-0.0326656
-0.0371078
0.0109487
-0.036573
-0.0328225
-0.00200486
0.00262633
-0.0346913
-0.034418
0.00284641
-0.0374408
-0.0371019
-0.005651
-0.0362343
-0.037963
0.0136895
-0.0373524
-0.0301057
-0.0361168
-0.0357543
-0.0379872
-0.0379357
-0.00338007
-0.000252199
-0.036047
-0.0391858
0.00731237
-0.0372246
-0.036711
0.00291158
-0.0361268
-0.0382634
0.0164322
-0.031275
-0.0447317
-0.040282
-0.0133369
-0.0444279
-0.0301114
-0.0153291
-0.031433
-0.0405726
-0.0457695
-0.0126312
-0.0450525
-0.0132228
-0.0354135
-0.0261255
-0.0270933
-0.0207345
-0.0332197
-0.0156224
-0.0181001
0.00737556
-0.0269789
-0.0362691
-0.0352989
-0.0262691
-0.0142953
0.00365981
0.00904649
-0.0260342
-0.0184802
-0.0150343
-0.0384189
-0.0278872
-0.0151412
-0.0299289
-0.0161581
-0.0248426
-0.0205953
-0.028959
-0.0402218
0.0037374
-0.0287251
0.000547934
-0.0160563
-0.0214182
-0.0412304
-0.0304834
-0.0047273
-0.0275922
-0.00238898
-0.0324854
-0.041426
-0.0475681
-0.0125318
-0.0443001
-0.0132092
-0.0338345
-0.019567
0.00154663
-0.0195234
-0.00032534
-0.0226823
-0.0296283
-0.0247483
-0.0321847
-0.0185556
0.00140735
-0.013715
-0.0241374
-0.0361477
-0.0341138
-0.0217018
-0.0354727
-0.0314914
0.00953115
-0.034959
-0.0326432
0.0108843
-0.0364864
-0.0392511
0.00268308
-0.00178385
-0.0357302
-0.0388371
0.00288764
-0.0360704
-0.0384626
-0.0341201
-0.0384552
-0.0369376
-0.0363529
-0.00382612
-0.0383815
-0.0387186
0.0103263
-0.0373499
-0.0409379
-0.000325822
-0.00330057
-0.0386349
-0.0399229
0.0070811
-0.0368604
-0.0365039
0.00292649
-0.037979
-0.035854
0.0163922
-0.0372758
-0.0372355
-0.00572708
-0.0394365
-0.0362646
0.0134329
-0.0372118
-0.0300519
-0.0355256
-0.0361066
-0.0313725
-0.0456768
-0.0405614
-0.0126139
-0.0450185
-0.0353786
-0.0131889
-0.0312121
-0.0402697
-0.0447089
-0.0132888
-0.0444139
-0.0152584
-0.030063
-0.0269037
-0.036111
-0.0262241
-0.0350547
-0.0142382
0.00362814
-0.0260412
0.00909749
-0.026036
-0.0270297
-0.0329703
-0.0206759
-0.0155613
0.00746694
-0.0180386
-0.0248441
-0.0206018
-0.0374453
-0.0254507
-0.00182165
-0.0300901
-0.013913
-0.0184554
-0.0150212
-0.028379
-0.0455219
-0.0330834
-0.0463162
-0.0309622
-0.0347924
-0.0492109
-0.0509969
-0.0440426
-0.0494419
-0.0386125
-0.0470187
-0.0365628
-0.0473809
-0.0494446
-0.049921
-0.033757
-0.0506819
-0.0496777
-0.0346126
-0.0500153
-0.0475676
-0.0152933
-0.0255148
-0.0364734
-0.0161783
-0.03495
-0.0420432
-0.0490475
-0.0509159
-0.0504584
-0.0512048
-0.0509253
-0.0474263
-0.0493295
-0.0488586
-0.0507307
-0.0503178
-0.0477046
-0.050804
-0.0494145
-0.0459741
-0.0447758
-0.0391855
-0.0406617
-0.0384595
-0.04615
-0.0387834
-0.0410847
-0.0461375
-0.0411952
-0.0376003
-0.0424841
-0.0419998
-0.0409335
-0.0477313
-0.0320025
-0.0492615
-0.0507342
-0.0502311
-0.0476748
-0.0507831
-0.0493191
-0.0512314
-0.0493617
-0.0504134
-0.0498009
-0.0436213
-0.0506941
-0.0483799
-0.0443483
-0.0448482
-0.0388596
-0.0387216
-0.0457978
-0.0464999
-0.0302434
-0.0390107
-0.0355611
-0.0442647
-0.0403966
-0.0478693
-0.0443915
-0.0462494
-0.0406745
-0.0343144
-0.0410132
-0.0443329
-0.0472634
-0.0059741
-0.0486279
-0.0279343
-0.0416973
-0.0502979
-0.0497983
-0.0469034
-0.0498233
-0.0444925
-0.0423778
-0.0467083
-0.0494998
-0.0494767
-0.0197181
-0.0300747
-0.021743
-0.0371728
-0.00994971
-0.035643
-0.0164113
-0.0450753
-0.03102
-0.0497196
-0.0474449
-0.0395849
-0.0496127
-0.050336
-0.0496598
-0.0484797
-0.0498616
-0.0473193
-0.0504733
-0.048213
-0.0500707
-0.0507118
-0.0505737
-0.0495189
-0.0350011
-0.0496875
-0.0480152
-0.0501554
-0.0495281
-0.0476625
-0.0500152
-0.0507542
-0.040625
-0.0494192
-0.00220803
0.0146731
0.00289721
0.00488093
-0.0096897
-0.00908789
-0.00896203
-0.00949387
0.00156021
-0.0208431
-0.0130051
-0.0207903
-0.0127687
-0.0286756
-0.000552891
-0.000379492
-0.0296187
-0.000644764
-0.028873
-0.0296629
0.00522309
0.00133401
0.00762985
0.000797524
0.00848844
-0.014021
-0.00973236
-0.0109516
-0.0143541
-0.0493047
-0.0395562
-0.0505658
-0.0506029
-0.0501841
-0.047943
-0.050341
-0.0498762
-0.0472415
-0.0490283
-0.05022
-0.0490186
-0.0495537
-0.0499876
-0.0502984
-0.041527
-0.0442824
-0.0500095
-0.0404126
-0.0485134
-0.0497353
-0.0489028
-0.0497148
-0.0498486
-0.0496992
-0.0496527
-0.049624
-0.0491916
-0.0426811
-0.0495484
-0.0493908
-0.0496777
-0.0447752
-0.0498935
-0.0246356
-0.00939289
-0.000771032
-0.0146936
-0.0127154
-0.02086
-0.0173863
-0.0489279
-0.0497606
-0.0494212
-0.0500821
-0.0497349
-0.049763
-0.0496108
-0.0503774
-0.0492207
-0.0497755
-0.05008
-0.0501519
-0.0499724
-0.0501279
-0.0465276
-0.0392619
-0.0451326
-0.0497809
-0.0355178
-0.0481812
-0.0488556
-0.00403485
-0.00443772
-0.027569
-0.0130649
-0.0135513
-0.0236524
-0.0132237
-0.0273225
-0.0233496
-0.0494313
-0.0499888
-0.0489482
-0.0497643
-0.0496139
-0.0500961
-0.0497438
-0.0497896
-0.0496865
-0.0503729
-0.0499761
-0.0501361
-0.0500893
-0.0501619
0.0015818
0.0029327
-0.00826828
0.00160155
-0.00829175
-0.0272411
-0.0105502
-0.0134034
-0.0114987
-0.02535
-0.0167315
-0.0483444
-0.040019
-0.0481166
-0.0500114
-0.0404474
-0.0482763
-0.0499735
-0.0494269
-0.0508097
-0.0498026
-0.0493025
-0.0497321
-0.0462704
-0.0508793
-0.0498677
-0.0499123
-0.0499095
-0.0498409
-0.0498686
-0.0498587
-0.0498334
-0.0500493
-0.0502264
-0.0495558
-0.0500215
-0.0478193
-0.0500672
-0.0499148
-0.0440935
-0.0439547
-0.0441884
-0.0501871
-0.0465845
-0.0463284
-0.040479
-0.046659
-0.0462488
-0.0395616
-0.0499763
-0.0485872
-0.0479471
-0.0498137
-0.0437841
-0.0470594
-0.0506739
-0.0500688
-0.0473725
-0.0498097
-0.0501123
-0.0467137
-0.049546
-0.0498103
-0.0488037
-0.0499184
-0.0499467
-0.0517226
-0.0431525
-0.0442304
-0.0435261
-0.0541086
-0.0509274
-0.0483236
-0.0478955
-0.0482556
-0.0496518
-0.0496691
-0.0499071
-0.0497115
-0.0498186
-0.0497603
-0.0498095
-0.0498777
-0.049771
-0.049803
-0.0497831
-0.0497877
-0.0498953
-0.049839
-0.0497983
-0.0497714
-0.0498166
-0.0497763
-0.0495925
-0.0500581
-0.0498802
-0.0498921
-0.0497891
-0.0497175
-0.0497941
-0.0496418
-0.0486318
-0.0490534
-0.0497727
-0.049768
-0.0493447
-0.0496365
-0.0495051
-0.0490479
-0.0485486
-0.0498283
-0.0496354
-0.0495414
-0.049072
-0.0492943
-0.0468901
-0.0490703
-0.0498031
-0.0445592
-0.0492381
-0.0500193
-0.0289261
-0.0138769
-0.00196166
-0.0123845
-0.0131884
-0.027418
-0.0114857
-0.0294578
-0.0206144
0.000123685
-0.0174471
-0.0211359
-0.0296451
-0.0173497
-0.00010013
-0.000187665
-0.0246811
-0.0156736
-0.0114829
-0.0184726
-0.0240848
-0.0125523
-0.0490746
-0.049506
-0.0496358
-0.0493345
-0.0496242
-0.0497579
-0.0497656
-0.0486203
-0.0497547
-0.0495104
-0.049577
-0.0490312
-0.0498369
-0.0496235
-0.0487075
-0.0440379
-0.0481762
-0.0491404
-0.0431111
-0.0477787
-0.0494063
-0.0495747
-0.0494231
-0.0496291
-0.0495549
-0.0497229
-0.049656
-0.0496152
-0.0498113
-0.0499729
-0.0498251
-0.049804
-0.0497842
-0.0498865
-0.0497737
-0.0498589
-0.0498472
-0.0498016
-0.0498312
-0.0497912
-0.0498093
-0.0497907
-0.0501037
-0.0500634
-0.0468753
-0.0497523
-0.0507078
-0.0499001
-0.0499965
-0.0498353
-0.0497612
-0.0498042
-0.0498489
-0.0505775
-0.049831
-0.0498082
-0.0481541
-0.0481197
-0.0498582
-0.0498188
-0.0497892
-0.0498501
-0.0498372
-0.0497896
-0.0498631
-0.0499227
-0.048344
-0.0499799
-0.0498257
-0.0497941
-0.0498092
-0.049811
-0.0497961
-0.0498361
-0.0497554
-0.0497974
-0.0497888
-0.0498526
-0.0497467
-0.0497624
-0.0497317
-0.0496803
-0.0497635
-0.049739
-0.0497673
-0.0496881
-0.0500095
-0.0510635
-0.0494857
-0.049902
-0.0489822
-0.0496477
-0.0498137
-0.0499722
-0.0489214
-0.0501566
-0.050185
-0.0500709
-0.050289
-0.0503964
-0.0485183
-0.0447539
-0.0457806
-0.0501993
-0.040162
-0.0412785
-0.049274
-0.049544
-0.0439356
-0.0503051
-0.0498813
-0.0501455
-0.046493
-0.0497539
-0.049792
-0.049801
-0.049849
-0.0497447
-0.0498014
-0.0497922
-0.0496714
-0.0497637
-0.0497684
-0.049769
-0.0496821
-0.0497689
-0.0497397
-0.049915
-0.0434117
-0.0492291
-0.0499416
-0.0466444
-0.0497291
-0.0489611
-0.0498332
-0.0502529
-0.0483755
-0.0497953
-0.0498204
-0.0498017
-0.0481968
-0.0481706
-0.0485481
-0.0478275
-0.0495348
-0.0491972
-0.0491688
-0.049058
-0.0496497
-0.0496213
-0.0496489
-0.0496588
-0.0484445
-0.0495153
-0.0442527
-0.0494641
-0.0544974
-0.0505206
-0.0492955
-0.0512426
-0.0497942
-0.0498759
-0.0498058
-0.0498171
-0.0497497
-0.0498493
-0.049746
-0.0497413
-0.0498069
-0.0497516
-0.0497355
-0.0497869
-0.0497089
-0.0496823
-0.0497567
-0.0495917
-0.04974
-0.0496907
-0.0497478
-0.0497746
-0.0497287
-0.042756
-0.0498221
-0.0502597
-0.0502069
-0.0451171
-0.0493245
-0.0478433
-0.0497779
-0.050674
-0.00651055
-0.000961019
-0.00537258
-0.00542613
-0.0496224
-0.0491948
-0.0496652
-0.0491694
-0.0498307
-0.0487213
-0.0497976
-0.0501604
-0.0496726
-0.0499789
-0.0495478
-0.0487748
-0.0493919
-0.0492191
-0.0442768
-0.0403809
-0.0485542
-0.0479092
-0.0433748
-0.0445434
-0.0488192
-0.00535198
-0.00442713
-0.00404949
-0.00518718
-0.0496643
-0.0499861
-0.0496221
-0.048724
-0.0497982
-0.0491598
-0.049829
-0.0499001
-0.0501885
-0.0501446
-0.049427
-0.0491749
-0.0495334
-0.0487527
-0.00179457
-0.0484728
-0.040739
-0.0497465
-0.0490645
-0.0439927
-0.0507669
-0.0504489
-0.0499567
-0.0499928
-0.0500925
-0.0500337
-0.0499383
-0.050016
-0.0500637
-0.049581
-0.0409828
-0.049807
-0.0497867
-0.049795
-0.0498522
-0.0497486
-0.049818
-0.0497546
-0.0497534
-0.0497605
-0.0497395
-0.0497108
-0.0496838
-0.0497326
-0.0497854
-0.0496997
-0.0497389
-0.0497453
-0.0497498
-0.0497295
-0.0497266
-0.049752
-0.0497833
-0.0497446
-0.0497003
-0.0497266
-0.04976
-0.0497065
-0.0496671
-0.0495691
-0.0495162
-0.0495491
-0.0495429
-0.0495968
-0.0495724
-0.04963
-0.0496261
-0.0495956
-0.0495739
-0.0496284
-0.0490526
-0.0495851
-0.0493693
-0.0497002
-0.0497171
-0.0497272
-0.0493719
-0.0500071
-0.0497483
-0.0499432
-0.0510559
-0.049747
-0.0498465
-0.0497436
-0.0497818
-0.0497861
-0.049866
-0.0497987
-0.0497807
-0.0497043
-0.0496701
-0.0497523
-0.0497391
-0.0497914
-0.0497456
-0.0471162
-0.0506548
-0.0448114
-0.0487134
-0.0506707
-0.0498659
-0.0498506
-0.0489253
-0.0492653
-0.0495328
-0.0510669
-0.048852
-0.0456048
-0.0459486
-0.010011
-0.00956334
-0.00949602
-0.00982391
-0.0495045
-0.0490607
-0.0494026
-0.0499414
-0.0500816
-0.0497424
-0.0496468
-0.0491282
-0.0497141
-0.0486476
-0.0496273
-0.0500281
-0.0495377
-0.0490582
-0.0274751
-0.0290577
-0.0012558
-0.00166078
-0.0290135
-0.0276812
-0.00223617
-0.0494029
-0.048582
-0.049505
-0.0497448
-0.0496469
-0.0499509
-0.0500836
-0.0486375
-0.0498264
-0.0491024
-0.0495525
-0.0490555
-0.0496328
-0.0500277
-0.0168268
-0.0109432
-0.0171824
-0.0110551
-0.049002
-0.0484052
-0.0518683
-0.0511015
-0.0495239
-0.0487835
-0.0521787
-0.0461189
-0.0500244
-0.0489709
-0.0472172
-0.0516797
-0.049745
-0.0498146
-0.0497523
-0.0498651
-0.0497973
-0.0497783
-0.0497857
-0.0496826
-0.0497247
-0.0497837
-0.0497863
-0.0497487
-0.0497501
-0.0497389
-0.0489961
-0.0497442
-0.0498096
-0.0497199
-0.0495145
-0.0497212
-0.0497493
-0.0481701
-0.0481224
-0.0497047
-0.0497248
-0.0496936
-0.0497156
-0.049676
-0.0497298
-0.0497177
-0.049772
-0.0500477
-0.0496112
-0.0496783
-0.0495458
-0.0497666
-0.0508318
-0.0505947
-0.0500187
-0.043828
-0.0516277
-0.0503864
-0.050354
-0.0498553
-0.0500448
-0.0498695
-0.0508167
-0.0498512
-0.0474499
-0.0503499
-0.0472966
-0.0516152
-0.0471549
-0.0389988
-0.0497314
-0.0497365
-0.0496819
-0.0497408
-0.04975
-0.0496942
-0.049684
-0.0498229
-0.0498633
-0.0498508
-0.0498057
-0.0498208
-0.0498626
-0.049914
-0.0499768
-0.0504142
-0.0499117
-0.0498974
-0.0499189
-0.0492588
-0.0498985
0.0141021
-0.0344289
-0.0422539
-0.0476788
-0.0493268
-0.0382084
-0.0380569
-0.0465818
0.00101142
-0.00355518
-0.00355911
0.0004386
-0.0331571
-0.0392546
-0.0463805
-0.0441718
-0.0401676
-0.0316107
-0.045046
-0.0496563
-0.0497289
-0.049705
-0.0496037
-0.0497124
-0.0496821
-0.0525965
-0.0496843
-0.0497612
-0.0497333
-0.0496896
-0.0496851
-0.0497468
-0.0497491
-0.0498575
-0.0498511
-0.0498176
-0.049876
-0.0499326
-0.0498112
-0.0498204
-0.0497723
-0.0497757
-0.0495901
-0.0495795
-0.0497587
-0.0497319
-0.0494587
-0.0497628
-0.0497309
-0.0497312
-0.0497906
-0.0497425
-0.0497661
-0.0497667
-0.0496512
-0.0497373
-0.0497595
-0.0497368
-0.0497744
-0.0497572
-0.0497244
-0.0499248
-0.0498887
-0.0500044
-0.0479252
-0.0497465
-0.0501136
-0.0499235
-0.0497714
-0.0498742
-0.0498346
-0.0495348
-0.0498452
-0.0498536
-0.0498167
-0.0496689
-0.0499054
-0.0497552
-0.0494007
-0.0497619
-0.049917
-0.0497767
-0.0479232
-0.0477784
-0.0497122
-0.0475391
-0.049978
-0.0497766
-0.049606
-0.0496068
-0.0492644
-0.0495522
-0.0495886
-0.0496408
-0.0496618
-0.0498016
-0.0498486
-0.0498026
-0.0498142
-0.049859
-0.0499108
-0.0499169
-0.0497958
-0.0497295
-0.0497376
-0.0497244
-0.0498669
-0.0497051
-0.0496917
-0.0491655
-0.0490273
-0.0499605
-0.0486407
-0.0497083
-0.050428
-0.0445823
-0.0497748
-0.0490225
-0.0495421
-0.0496092
-0.0497949
-0.0487015
-0.0492341
-0.0498483
-0.0496243
-0.0492116
-0.0496337
-0.0495099
-0.0489021
-0.0483867
-0.0412641
-0.0414215
-0.0469044
-0.0493753
-0.0449697
-0.0365655
-0.0491019
-0.047613
-0.0368691
-0.050557
-0.0489116
-0.0471076
-0.0391178
-0.0493231
-0.0472476
-0.0351576
-0.0495522
-0.0496367
-0.0497726
-0.0487024
-0.0492369
-0.0495983
-0.0497913
-0.0492407
-0.0498914
-0.0498746
-0.0489024
-0.048413
-0.0496405
-0.0495428
-0.0494554
-0.0506248
-0.0419314
-0.0416051
-0.0460042
-0.0459153
-0.0498043
-0.0498506
-0.0498069
-0.0499106
-0.0499189
-0.049825
-0.0498668
-0.049742
-0.0497174
-0.0497959
-0.0497075
-0.0496959
-0.0497283
-0.0498546
-0.0478142
-0.0498714
-0.049799
-0.0494533
-0.0498451
-0.0497712
-0.0493736
-0.05016
-0.0498972
-0.0498895
-0.0497877
-0.0503958
-0.0495952
-0.0496891
-0.0522514
-0.0519571
-0.0469277
-0.0513385
-0.0383484
-0.0392669
-0.0479421
-0.0480985
-0.0552938
-0.0432179
-0.0473014
-0.0482517
-0.0498519
-0.0503845
-0.0482652
-0.0498864
-0.050038
-0.0498091
-0.0462739
-0.0501023
-0.0494998
-0.0500201
-0.0497286
-0.0495394
-0.0497153
-0.0496325
-0.0496984
-0.0496741
-0.0497049
-0.0496336
-0.0496322
-0.0495994
-0.0415419
-0.0497409
-0.0499009
-0.0451218
-0.00176553
-0.00470058
-0.0499653
-0.0499889
-0.0498677
-0.0503169
-0.049576
-0.0495524
-0.0490466
-0.0500052
-0.0492937
-0.0496208
-0.0486633
-0.0497958
-0.049091
-0.0498579
0.00126123
-0.0102989
0.00474158
-0.0110618
0.00169391
-0.0498768
-0.0501065
-0.0499621
-0.0495925
-0.0490943
-0.0503217
-0.0495782
-0.049633
-0.0494561
-0.0500095
-0.049063
-0.0497537
-0.0486655
-0.0497639
-0.0125807
-0.0344437
-0.0431924
-0.0374033
-0.0352619
-0.0121779
-0.0375149
-0.0490296
-0.04946
-0.0484826
-0.045008
-0.0494375
-0.0486906
-0.0447809
-0.0444166
-0.0494501
-0.0500561
-0.049618
-0.0494673
-0.050666
-0.0492781
-0.0458315
-0.0477428
-0.0459361
-0.0456064
-0.0419139
-0.0449475
-0.0493162
-0.0497712
-0.0498574
-0.0497878
-0.0494026
-0.0497417
-0.0497367
-0.0518194
-0.047145
-0.0466732
-0.053305
-0.0533246
-0.0450524
-0.0453495
-0.0449194
-0.0412562
-0.0458406
-0.0446371
-0.0495287
-0.0426196
-0.041156
-0.0474603
-0.0391991
-0.0438966
-0.0499722
-0.0482524
-0.0436777
-0.0484649
-0.0466736
-0.0431489
-0.0358117
-0.0470552
-0.047869
-0.0387691
-0.0468818
-0.0327078
-0.0396122
-0.00262115
-0.00277776
-0.0359989
-0.0472583
-0.0477817
-0.0417513
-0.046832
-0.0353469
-0.041359
-0.0484777
-0.0514691
-0.0519093
-0.0446726
-0.0521721
-0.043152
-0.0474393
-0.0486014
-0.0500956
-0.0516308
-0.0486855
-0.0512403
-0.0476823
-0.0491866
-0.0436247
-0.04423
-0.0500223
-0.0434798
-0.0453775
-0.0450136
-0.0455679
-0.0458958
-0.0435801
-0.0441954
-0.0474634
-0.039097
-0.0486777
-0.0457325
-0.0446796
-0.0503141
-0.0412767
-0.0400269
0.00839649
-0.0170382
-0.0111156
-0.0173399
-0.0112346
-0.0488987
-0.0407851
-0.0503187
-0.0495925
-0.0446021
-0.0507056
-0.050991
-0.0488991
-0.0487619
-0.0517451
-0.050267
-0.0493259
-0.0477443
-0.0514495
-0.0140769
-0.00985852
-0.0110488
-0.0144809
-0.00199382
-0.0487191
-0.0489971
-0.051973
-0.0515884
-0.0494904
-0.049241
-0.0520264
-0.0486318
-0.0450336
-0.0519358
-0.0516119
-0.0477361
-0.0433568
-0.0520756
-0.041146
-0.0458436
-0.0445825
-0.0495455
-0.0425575
-0.0410424
-0.041074
-0.0412549
-0.000143331
-0.000188707
0.0139987
0.00113172
-0.00349287
-0.00346646
0.000543831
-0.0357856
-0.038567
-0.0469843
-0.048005
-0.0327031
-0.0394871
-0.0469108
-0.036019
-0.0417596
-0.0479729
-0.0474379
-0.0413811
-0.0353226
-0.0469885
-0.0102268
-0.00988802
-0.00983183
-0.0100849
-0.0208394
-0.0129967
-0.0207868
-0.0127571
-0.0275135
-0.00140547
-0.00174653
-0.0290977
-0.00231337
-0.029064
-0.0277311
-0.0436513
-0.0402002
-0.0478598
-0.0482957
-0.0444088
-0.042709
-0.0486285
-0.00681345
-0.00143577
-0.00575175
-0.00576624
-0.0286964
-0.00039004
-0.000547691
-0.0296256
-0.028883
-0.000656079
-0.0296825
-0.00557641
-0.00466708
-0.00427477
-0.00540179
-0.0439035
-0.0439057
-0.0501488
-0.0481496
-0.0469119
-0.0431317
-0.0484789
0.00519862
0.00132838
0.00762468
0.000768031
-0.0346289
-0.0427077
-0.0492255
-0.0478579
-0.0382719
-0.0385255
-0.0468475
-0.0333262
-0.0393551
-0.046383
-0.0444506
-0.0402375
-0.0318163
-0.0451936
-0.00245901
-0.00262424
-0.000140324
-0.000177523
0.00111886
-0.00350293
-0.00347977
0.000533047
0.0140346
-0.0360426
-0.041772
-0.0474428
-0.0479811
-0.0353324
-0.0413995
-0.0469959
-0.0358077
-0.0385532
-0.0480391
-0.0470029
-0.039498
-0.032696
-0.0469284
-0.0274967
-0.00173185
-0.00139343
-0.0290891
-0.0290492
-0.00230479
-0.027723
-0.00217052
0.0147452
0.00297411
0.00492299
-0.0101588
-0.00978889
-0.00976391
-0.009997
-0.0436838
-0.0401785
-0.0483399
-0.0478978
-0.0427492
-0.0443975
-0.0486706
-0.00555904
-0.00466592
-0.00425324
-0.00539673
-0.00961008
-0.00901114
-0.00887828
-0.00941836
-0.00671423
-0.00128902
-0.00563667
-0.00562566
-0.0438676
-0.0438216
-0.0481244
-0.0501087
-0.0430873
-0.0468532
-0.0484626
0.00168718
-0.0333089
-0.039345
-0.0444606
-0.046408
-0.0318099
-0.0402322
-0.0452007
-0.0345875
-0.0426217
-0.0478244
-0.0492486
-0.0384889
-0.038175
-0.0468343
-0.00248086
-0.00266444
-0.0474092
-0.039032
-0.0486295
-0.0446388
-0.0457139
-0.0502866
-0.0399634
-0.0412467
-0.0168749
-0.010953
-0.0171806
-0.0111156
-0.048835
-0.0407624
-0.0495658
-0.0502687
-0.0508169
-0.0444764
-0.0509507
-0.0488537
-0.0487544
-0.0502481
-0.0517364
-0.0477411
-0.049321
-0.0514232
-0.00187028
-0.0487499
-0.0489931
-0.0516018
-0.0519814
-0.0492326
-0.0494991
-0.0520505
-0.0486642
-0.044985
-0.051627
-0.0519756
-0.0432855
-0.0477812
-0.0521092
-0.041272
-0.0446897
-0.0459155
-0.0496223
-0.0411549
-0.0426545
-0.0412112
-0.0413787
-0.0500136
-0.043482
-0.0453942
-0.0450274
-0.045586
-0.0459128
-0.0436516
-0.044246
-0.0467792
-0.0471947
-0.0518891
-0.0451509
-0.0533956
-0.0533628
-0.0404745
-0.0466563
-0.0462266
-0.0489954
-0.0500927
-0.0472882
-0.0517962
-0.0427275
-0.0497023
-0.0473091
-0.0483239
-0.0497046
-0.0481915
-0.0504058
-0.0491171
-0.0498497
-0.0497616
-0.0498627
-0.0497462
-0.0499164
-0.0494676
-0.0462391
-0.0395521
-0.0499614
-0.0485756
-0.0479335
-0.0496559
-0.0411813
-0.0470558
-0.0447558
-0.0505698
-0.050574
-0.048685
-0.0554841
-0.0434004
-0.0490308
-0.0497834
-0.0497419
-0.0498139
-0.0495265
-0.0498883
-0.0497022
-0.0522452
-0.0519846
-0.0469109
-0.0513551
-0.0383172
-0.0391811
-0.0461209
-0.0477924
-0.0459846
-0.0450181
-0.042113
-0.0456753
-0.049488
-0.0419104
-0.0416093
-0.0506206
-0.0460569
-0.0459591
-0.04467
-0.0495921
-0.0497803
-0.0495048
-0.0492032
-0.0507169
-0.04942
-0.0475642
-0.0473279
-0.0503655
-0.0516856
-0.0390584
-0.0473152
-0.0494371
-0.0498072
-0.050809
-0.0493088
-0.0497395
-0.0462747
-0.050883
-0.0497668
-0.0498293
-0.0496802
-0.0498145
-0.0525951
-0.0498217
-0.049745
-0.0500992
-0.0511919
-0.0500904
-0.0496796
-0.0498616
-0.0491874
-0.0498997
-0.0498124
-0.0497523
-0.0496537
-0.0498396
-0.0497907
-0.0498272
-0.0498158
-0.0500148
-0.0493558
-0.0489479
-0.0499557
-0.0496761
-0.0488984
-0.0512315
-0.0498581
-0.0499068
-0.0499001
-0.0498364
-0.0498583
-0.0498275
-0.0498494
-0.0504371
-0.0495166
-0.0450656
-0.0501969
-0.0478881
-0.0507167
-0.0499889
-0.0500499
-0.0501491
-0.0501305
-0.0500553
-0.0501414
-0.0499697
-0.0501077
-0.0499807
-0.0495354
-0.0501917
-0.0500066
-0.0477932
-0.0499419
-0.0500005
-0.0494367
-0.0439128
-0.0504383
-0.049678
-0.0499889
-0.0465724
-0.0502138
-0.0499839
-0.050363
-0.0499206
-0.0499127
-0.049177
-0.0498968
-0.0499226
-0.0499195
-0.0462339
-0.049996
-0.049745
-0.0494199
-0.0499374
-0.0500642
-0.0440267
-0.0441281
-0.0438685
-0.0501572
-0.0465211
-0.0462916
-0.0474175
-0.049773
-0.0496508
-0.0494119
-0.0498438
-0.0496584
-0.049738
-0.0458668
-0.0477239
-0.0460173
-0.045628
-0.0420266
-0.0449345
-0.0492555
-0.0486496
-0.049923
-0.0490435
-0.0497123
-0.0445877
-0.0504437
-0.0273688
-0.0106293
-0.0134474
-0.0253986
-0.0116679
-0.0168833
-0.050593
-0.0471923
-0.0392394
-0.0489376
-0.0353668
-0.0494374
-0.047302
-0.0491956
-0.0470255
-0.0497468
-0.0490001
-0.0493425
-0.0448062
-0.0497449
-0.0486518
-0.0441946
-0.0481013
-0.049124
-0.0433642
-0.0478209
-0.0492596
-0.0482153
-0.0479788
-0.0399814
-0.0498889
-0.040352
-0.0498572
-0.0481429
-0.0244055
-0.0112092
-0.0153269
-0.0122517
-0.018075
-0.0237907
-0.049403
-0.0413637
-0.0495703
-0.0494165
-0.0498223
-0.0448747
-0.0496731
-0.0487936
-0.0446331
-0.0482446
-0.0491998
-0.0445329
-0.0483633
-0.04927
-0.001777
-0.00470494
0.00170778
0.00515336
-0.00987836
-0.0106751
0.0021326
-0.00416666
-0.00448431
0.00188398
0.00320925
-0.00800728
0.00189105
-0.00804192
-0.0125653
-0.0374967
-0.0430655
-0.0345117
-0.0375845
-0.0121211
-0.0352501
-0.0468885
-0.0366032
-0.0449484
-0.0494463
-0.0367486
-0.0476099
-0.0492145
-0.027578
-0.013564
-0.0130687
-0.0236545
-0.0273251
-0.013236
-0.0233574
-0.0288069
-0.0121846
-0.00194986
-0.0136323
-0.0131189
-0.0114201
-0.0271568
-0.0297346
-0.000137012
-0.017728
-0.0208711
-0.0176387
-0.0213838
-0.0299388
0.00160245
0.00296112
-0.00827617
0.00161076
-0.00830114
-0.00176684
-0.00472369
-0.012701
-0.034727
-0.0432417
-0.0377
-0.0353371
-0.0123454
-0.0377376
0.00155413
0.00506727
-0.0100008
0.00201065
-0.0107703
0.00171785
0.00516363
-0.00987447
-0.010666
0.00213749
-0.00173649
-0.00470188
0.00189227
-0.00800654
0.00321814
-0.0080371
0.0018935
-0.0125579
-0.0374952
-0.0345111
-0.0430679
-0.0121187
-0.037585
-0.0352482
-0.00416803
-0.00450649
-0.0246271
-0.000762518
-0.00940887
-0.0146586
-0.0208709
-0.012711
-0.0173707
-0.0468935
-0.044942
-0.0365805
-0.0494788
-0.0367356
-0.049211
-0.0476218
-0.0297299
-0.017727
-0.000138381
-0.0208621
-0.0213721
-0.0176431
-0.0299345
-0.046592
-0.0451727
-0.0392961
-0.0498713
-0.0355491
-0.0488984
-0.0482946
-0.0288336
-0.00194846
-0.01221
-0.0136809
-0.0114319
-0.0131445
-0.0272007
-0.00407249
-0.00445385
-0.0126914
-0.0347043
-0.0376436
-0.0432865
-0.0123259
-0.0353543
-0.0377362
0.00156282
-0.00998907
0.00503584
0.00200764
-0.0107449
-0.00181122
-0.00472863
-0.048777
-0.0391511
-0.0472477
-0.0490273
-0.0350783
-0.04722
-0.0499081
-0.0492242
-0.0498879
-0.0486148
-0.0490268
-0.0496897
-0.0445409
-0.0504154
-0.0487626
-0.0441283
-0.049153
-0.048044
-0.0478464
-0.0432219
-0.0493535
-0.0492351
-0.0470115
-0.0489843
-0.0497769
-0.0447095
-0.0493287
-0.0498167
-0.0244456
-0.0112523
-0.0153887
-0.0181465
-0.0123039
-0.0238412
-0.0492637
-0.0496444
-0.0428046
-0.0494225
-0.0497458
-0.0499567
-0.0448941
-0.0489104
-0.0447339
-0.0492895
-0.0483324
-0.0484918
-0.0446153
-0.0493592
-0.0495176
-0.0414123
-0.0494536
-0.0496027
-0.0449455
-0.0498727
-0.0497244
-0.0461072
-0.0459688
-0.0477798
-0.0421006
-0.0450099
-0.0456642
-0.0494736
-0.0415941
-0.0419086
-0.0506131
-0.0460483
-0.0459388
-0.0446539
-0.0495695
-0.0494904
-0.04977
-0.050697
-0.0491845
-0.0493999
-0.0497667
-0.0496781
-0.0498305
-0.0498152
-0.0525913
-0.049744
-0.0498232
-0.0475655
-0.0473314
-0.0503716
-0.0390589
-0.0516871
-0.0473162
-0.0500961
-0.0511824
-0.0496809
-0.050096
-0.0491775
-0.0498667
-0.0499015
-0.049813
-0.0497574
-0.0498447
-0.0496613
-0.0498311
-0.0497953
-0.0498191
-0.0493113
-0.050572
-0.0395585
-0.0506119
-0.0479475
-0.0501891
-0.0503478
-0.0500222
-0.0489609
-0.0493637
-0.0499691
-0.0489075
-0.0496859
-0.0512411
-0.0500701
-0.0501584
-0.0501879
-0.0500803
-0.0501827
-0.0501258
-0.0500055
-0.0498907
-0.0490406
-0.04725
-0.0502333
-0.0495656
-0.0490279
-0.0499993
-0.0504613
-0.0450827
-0.0495359
-0.0502215
-0.0507483
-0.0479045
-0.0500105
-0.0494465
-0.0504627
-0.0439673
-0.0496959
-0.0500135
-0.0502333
-0.0465989
-0.0502926
-0.0415346
-0.044296
-0.0404119
-0.0499761
-0.0485261
-0.0500096
-0.0503836
-0.0499211
-0.0499339
-0.0499157
-0.0492164
-0.0499339
-0.049946
-0.0462226
-0.0497744
-0.0500147
-0.0499579
-0.0494502
-0.0500859
-0.0474479
-0.0497811
-0.0494304
-0.049656
-0.0496833
-0.0498517
-0.0497384
-0.045888
-0.0460296
-0.0477299
-0.0449504
-0.0420505
-0.0456429
-0.0467874
-0.0519006
-0.0472012
-0.0534034
-0.045155
-0.0533801
-0.0462374
-0.0490029
-0.0501075
-0.0473009
-0.0518081
-0.0491307
-0.049869
-0.0498737
-0.0497727
-0.0499313
-0.0497634
-0.0494779
-0.0427385
-0.049718
-0.0473249
-0.0497172
-0.0483384
-0.0482056
-0.0504188
-0.0496748
-0.0412017
-0.0490525
-0.0498024
-0.0498292
-0.0497541
-0.0499039
-0.0495444
-0.0497179
-0.0470733
-0.0505841
-0.0447737
-0.0486997
-0.0505894
-0.0554932
-0.043419
-0.0522717
-0.046914
-0.0520176
-0.0391888
-0.0383079
-0.0513734
-0.0484946
-0.0477943
-0.0482874
-0.0482241
-0.0481441
-0.0481068
-0.0479664
-0.048063
-0.0468732
-0.0519461
-0.0522025
-0.039201
-0.0382575
-0.0512935
-0.0479758
-0.0475868
-0.0478552
-0.0498195
-0.0498384
-0.0500656
-0.0502171
-0.0497127
-0.0500129
-0.0498555
-0.0497999
-0.0496985
-0.0504102
-0.0498662
-0.0506641
-0.0508736
-0.0500363
-0.0516432
-0.0438719
-0.0500671
-0.046863
-0.0500509
-0.0497357
-0.0506893
-0.0499765
-0.0498798
-0.0498052
-0.0497449
-0.0496795
-0.0498021
-0.0495633
-0.0498263
-0.0497787
-0.0500037
-0.0483128
-0.0498171
-0.0500003
-0.049805
-0.0498183
-0.0498109
-0.0497244
-0.0494891
-0.0499558
-0.0498303
-0.0499722
-0.0498535
-0.0498465
-0.0498226
-0.0502638
-0.0494591
-0.049833
-0.0498507
-0.0512671
-0.0500683
-0.049783
-0.0496617
-0.0497694
-0.0498147
-0.049809
-0.049794
-0.0498119
-0.0495174
-0.0544489
-0.049514
-0.0442614
-0.0505228
-0.0512781
-0.0492756
-0.0498689
-0.0497269
-0.0499353
-0.0497783
-0.0500684
-0.0498645
-0.049875
-0.0498036
-0.0497818
-0.0497416
-0.0498318
-0.0505547
-0.0497866
-0.0498058
-0.049396
-0.0467359
-0.0497977
-0.0499172
-0.0504258
-0.0492016
-0.0498336
-0.050116
-0.0504292
-0.0501401
-0.0499026
-0.0510287
-0.0498735
-0.0496968
-0.0499386
-0.0479028
-0.0499
-0.0499445
-0.0497716
-0.0500822
-0.049906
-0.048025
-0.0478603
-0.0476217
-0.0498422
-0.0499083
-0.0500755
-0.050189
-0.0497579
-0.0499031
-0.049586
-0.0504534
-0.049606
-0.0495815
-0.0517475
-0.0469755
-0.0465068
-0.0531238
-0.0532154
-0.0448712
-0.0441431
-0.0438647
-0.0440377
-0.0501259
-0.0465346
-0.0462911
-0.0475421
-0.0494855
-0.0497518
-0.0498022
-0.0498375
-0.0497546
-0.0498036
-0.0444547
-0.0493597
-0.0498938
-0.0496048
-0.0494707
-0.0505047
-0.0491778
-0.0494085
-0.0414694
-0.0417975
-0.0505923
-0.0458694
-0.0459757
-0.0411881
-0.0413771
-0.0495374
-0.0415182
-0.0494135
-0.0496231
-0.045041
-0.0499275
-0.04966
-0.0247154
-0.0156622
-0.0115084
-0.0240971
-0.0184903
-0.0125847
-0.0489857
-0.0483409
-0.0449628
-0.0494411
-0.0447172
-0.0494225
-0.048647
-0.0492525
-0.0427976
-0.0493413
-0.0496367
-0.0496995
-0.0499208
-0.0449307
-0.0483271
-0.0402449
-0.0481466
-0.0499788
-0.0407358
-0.0483062
-0.0500048
-0.0488496
-0.0481147
-0.0439297
-0.0491678
-0.0430193
-0.0495422
-0.0478023
-0.0271152
-0.0132587
-0.0104443
-0.0164945
-0.0114049
-0.0252112
-0.0490676
-0.048558
-0.0490137
-0.0498968
-0.0496985
-0.0503446
-0.0445438
-0.0486154
-0.038764
-0.0471933
-0.0493638
-0.0350034
-0.0471963
-0.0498631
-0.0473854
-0.0390173
-0.00221557
-0.00235572
-0.0294577
0.00011852
-0.0206148
-0.0174474
-0.0296446
-0.0211385
-0.0173533
-0.0464997
-0.0394869
-0.0497767
-0.045058
-0.0483273
-0.035482
-0.0486737
-0.0246595
-0.0145868
-0.000905933
-0.00936384
-0.0128341
-0.0174128
-0.0207536
-0.027662
-0.0136896
-0.0237773
-0.0130875
-0.0234578
-0.0133003
-0.0273978
-0.0468456
-0.0363169
-0.0494409
-0.0446436
-0.047482
-0.0369285
-0.0491523
-9.24315e-05
-0.000204188
-0.00221332
-0.00234606
-0.028934
-0.00196935
-0.0138868
-0.0123747
-0.027406
-0.0132084
-0.0114921
-0.0465191
-0.0394583
-0.0450377
-0.0497643
-0.0354842
-0.0483789
-0.0486708
-0.0275915
-0.023746
-0.0136885
-0.013055
-0.0132275
-0.0234057
-0.0273583
-0.0246731
-0.000887339
-0.01461
-0.00935978
-0.0174218
-0.0128057
-0.0207696
-0.0468795
-0.0363886
-0.0446595
-0.0494199
-0.0369231
-0.0475229
-0.0491574
-0.0411633
-0.0413421
-0.0489327
-0.0449582
-0.0483318
-0.0494454
-0.044726
-0.0486549
-0.0494297
-0.0495514
-0.0494206
-0.0414974
-0.0496109
-0.0450337
-0.049667
-0.049886
-0.0482123
-0.0401829
-0.0498561
-0.0480433
-0.0483758
-0.0406604
-0.0496406
-0.0491935
-0.0427769
-0.0496049
-0.0493089
-0.0496669
-0.044882
-0.0498851
-0.0271706
-0.0132952
-0.0104862
-0.0114835
-0.016577
-0.0252259
-0.0492395
-0.049084
-0.0468776
-0.0497543
-0.0446159
-0.0499173
-0.049237
-0.0504071
-0.0388187
-0.0492161
-0.0470293
-0.0472817
-0.0350891
-0.0492931
-0.0490636
-0.0485434
-0.0498791
-0.0490189
-0.0496997
-0.0445078
-0.0503467
-0.0473492
-0.0389493
-0.0441345
-0.043841
-0.0500932
-0.044035
-0.0462702
-0.0465073
-0.0475386
-0.049465
-0.0497723
-0.0497212
-0.0497297
-0.0498105
-0.0497643
-0.0444424
-0.0493426
-0.0495966
-0.0498691
-0.0505015
-0.0494343
-0.0491348
-0.0494072
-0.0414643
-0.0505941
-0.0418054
-0.0458666
-0.0459751
-0.0468683
-0.0522222
-0.0519759
-0.0382336
-0.0391997
-0.0513081
-0.0502327
-0.0498739
-0.049983
-0.0500336
-0.0495892
-0.0498574
-0.0505058
-0.0479655
-0.0475757
-0.0497871
-0.0478339
-0.0498233
-0.0500387
-0.0498116
-0.0496827
-0.0497612
-0.0498146
-0.0495793
-0.0497808
-0.0498448
-0.049883
-0.0506794
-0.050897
-0.0516658
-0.0500568
-0.0438926
-0.0499956
-0.0483065
-0.0499815
-0.0498093
-0.0497985
-0.0497947
-0.0498095
-0.0496072
-0.0495253
-0.0498443
-0.0499607
-0.0499594
-0.0499149
-0.0498913
-0.0498144
-0.0470599
-0.0437953
-0.0506814
-0.0473763
-0.0500756
-0.0498156
-0.0498325
-0.0494677
-0.0502737
-0.0498367
-0.0512753
-0.0498586
-0.0500732
-0.0497909
-0.0496645
-0.0498192
-0.0497742
-0.0497816
-0.0498041
-0.0498102
-0.0501209
-0.0495585
-0.0467297
-0.0498161
-0.0499265
-0.0488158
-0.0499553
-0.0495179
-0.0495185
-0.0544512
-0.0442719
-0.0512877
-0.0505137
-0.0492736
-0.0498791
-0.0497246
-0.0497995
-0.0499318
-0.0498448
-0.0500727
-0.0498856
-0.0493958
-0.0498151
-0.0467558
-0.0499377
-0.0504293
-0.0498493
-0.0492426
-0.0517136
-0.0431527
-0.0442496
-0.0541127
-0.0435233
-0.0509142
-0.0504172
-0.0504061
-0.0498839
-0.0501594
-0.0498879
-0.0507748
-0.0498958
-0.049971
-0.0479126
-0.0499648
-0.0499154
-0.049808
-0.0499245
-0.0501121
-0.050207
-0.04984
-0.0497325
-0.0499402
-0.0496324
-0.0505156
-0.0496257
-0.0480293
-0.0478677
-0.049854
-0.0476224
-0.0500832
-0.0499191
-0.0517569
-0.0464619
-0.0469759
-0.0448388
-0.0532058
-0.0531366
-0.0484929
-0.0477904
-0.0482942
-0.0482302
-0.0479769
-0.0480967
-0.0479317
-0.0481758
-0.0483763
-0.0497955
-0.0498115
-0.0497933
-0.0482083
-0.0481609
-0.048465
-0.0502117
-0.0496774
-0.0496065
-0.0497497
-0.049905
-0.0497969
-0.0497681
-0.0497601
-0.0499353
-0.0497693
-0.049732
-0.0497564
-0.0497758
-0.0498048
-0.0497641
-0.0497886
-0.0497831
-0.0498117
-0.0491584
-0.0497618
-0.0498415
-0.0495442
-0.0499
-0.0498442
-0.0497623
-0.0497781
-0.0497513
-0.0498585
-0.0497625
-0.0498147
-0.0497887
-0.0497652
-0.0496985
-0.0497536
-0.0497152
-0.0497253
-0.0497803
-0.0484216
-0.0499399
-0.049861
-0.0498401
-0.0482127
-0.0481897
-0.0485577
-0.0478302
-0.0498848
-0.0478726
-0.0499355
-0.0498701
-0.0496731
-0.0498515
-0.0501388
-0.0491772
-0.0466139
-0.0499145
-0.0497116
-0.0489167
-0.0502165
-0.0498158
-0.0515954
-0.0441757
-0.0431467
-0.0508399
-0.0541035
-0.0434136
-0.0504235
-0.0501571
-0.0503776
-0.049873
-0.050825
-0.0499024
-0.0498701
-0.0497764
-0.049688
-0.0496578
-0.0498251
-0.0503983
-0.0498027
-0.0497521
-0.0500184
-0.0466638
-0.0496082
-0.049901
-0.0496425
-0.050565
-0.0497803
-0.0496763
-0.0498588
-0.0494139
-0.0497518
-0.0499482
-0.0497584
-0.0497853
-0.0498208
-0.0508641
-0.0506219
-0.0438117
-0.0516645
-0.0499924
-0.0497917
-0.0495978
-0.0496577
-0.0497453
-0.049537
-0.0497365
-0.0497636
-0.0436492
-0.0440908
-0.0498696
-0.0462791
-0.0497812
-0.0499215
-0.0500037
-0.049412
-0.0500084
-0.0493051
-0.0439376
-0.0495694
-0.050329
-0.0498971
-0.050173
-0.046507
-0.0503475
-0.0443424
-0.041605
-0.0485441
-0.0405929
-0.0500253
-0.049954
-0.0498521
-0.0503235
-0.0498544
-0.049236
-0.0498462
-0.0498912
-0.0499894
-0.0501583
-0.0495709
-0.0499407
-0.0477729
-0.0499552
-0.0499042
-0.0493593
-0.0497203
-0.049267
-0.0507526
-0.0497246
-0.0508233
-0.0462809
-0.0497011
-0.0495299
-0.0496025
-0.0497522
-0.0495909
-0.0496609
-0.0497073
-0.0474503
-0.0503458
-0.0472545
-0.0471413
-0.0389644
-0.051617
-0.0495155
-0.0494566
-0.04966
-0.0496833
-0.0525512
-0.04961
-0.0497622
-0.0499211
-0.0434085
-0.0412946
-0.0446212
-0.0458315
-0.0495388
-0.0410419
-0.0424646
0.00195949
-0.0344193
-0.0491133
-0.0425829
-0.0475616
-0.0382236
-0.0466135
-0.0382851
0.00540063
0.00151134
0.00783951
0.000987571
-0.0331052
-0.0442083
-0.0461729
-0.0390907
-0.044981
-0.0315557
-0.0400124
-0.036275
-0.0472534
-0.0387707
-0.0481826
-0.0329075
-0.0471765
-0.0403486
0.0136708
-0.0365609
-0.0476206
-0.0480855
-0.0423439
-0.0471581
-0.0358578
-0.0418203
0.000923833
-0.00377561
0.000430302
-0.00378104
0.00540935
0.00150217
0.00099548
0.00783586
-0.0330985
-0.0442057
-0.0390873
-0.0461711
-0.0315535
-0.044974
-0.0400086
0.00198196
-0.0344094
-0.0490881
-0.0475508
-0.0425749
-0.0465911
-0.0382168
-0.0382795
-0.0364248
-0.0476223
-0.0423337
-0.0481691
-0.0358379
-0.0472025
-0.041836
0.000578335
-0.00387585
0.000123507
-0.0039116
-0.0361614
-0.0472836
-0.0483118
-0.0387105
-0.0472348
-0.0328941
-0.0399681
0.0138505
-0.0412966
-0.0446039
-0.0458234
-0.0495276
-0.0410305
-0.0424662
-0.048489
-0.0447204
-0.0457656
-0.0501865
-0.0412471
-0.0400953
-0.0436452
-0.0440954
-0.0498475
-0.0497656
-0.0462409
-0.0499237
-0.0499663
-0.0499984
-0.0494122
-0.0499711
-0.0501471
-0.049931
-0.0495562
-0.0499407
-0.047752
-0.0498913
-0.0503322
-0.0415676
-0.0443152
-0.049996
-0.0405562
-0.0485242
-0.0499473
-0.049855
-0.0498531
-0.0503359
-0.0498428
-0.0492306
-0.0498865
-0.0493488
-0.0492596
-0.0497134
-0.0507547
-0.0497145
-0.0462795
-0.0508208
-0.0499844
-0.0494625
-0.0510273
-0.0498933
-0.0489345
-0.0497993
-0.049599
-0.049498
-0.0494612
-0.0496789
-0.0496534
-0.0495972
-0.0525396
-0.0497518
-0.0496808
-0.0495143
-0.0497457
-0.0495871
-0.0496475
-0.0495928
-0.0496941
-0.0474692
-0.0472721
-0.0503198
-0.0389938
-0.0471534
-0.0515835
-0.0498425
-0.0499025
-0.0478494
-0.0498456
-0.0496298
-0.0498112
-0.0500922
-0.0497579
-0.0496975
-0.0498279
-0.0496634
-0.0497952
-0.0504103
-0.049752
-0.0516088
-0.04317
-0.0441794
-0.0434442
-0.0541126
-0.050879
-0.050114
-0.050121
-0.0498774
-0.0503708
-0.0497339
-0.0510673
-0.0498688
-0.05004
-0.0496252
-0.046667
-0.0499169
-0.0496676
-0.0497955
-0.050579
-0.049925
-0.0499813
-0.0483326
-0.0498125
-0.0497946
-0.0498081
-0.0498104
-0.049787
-0.0495991
-0.0497554
-0.0496165
-0.0497275
-0.0495234
-0.0497704
-0.0495752
-0.049854
-0.0497616
-0.0494256
-0.0497865
-0.0499252
-0.0498749
-0.0497995
-0.0506202
-0.0508561
-0.0516579
-0.0437899
-0.0499605
-0.0479187
-0.0481398
-0.0498989
-0.0497884
-0.0497506
-0.0497602
-0.0497441
-0.0499065
-0.0497242
-0.0497549
-0.0497702
-0.0497606
-0.0497995
-0.0497984
-0.0497825
-0.049807
-0.0484551
-0.0502096
-0.0496716
-0.0496
-0.0497415
-0.0498436
-0.0497759
-0.0497383
-0.0497737
-0.0497723
-0.0498553
-0.0498084
-0.0497857
-0.0497736
-0.0497311
-0.0496898
-0.0497752
-0.0497011
-0.0497744
-0.0491589
-0.0497612
-0.0495429
-0.0498424
-0.0498961
-0.048427
-0.0499336
-0.0498546
-0.0498322
-0.0481895
-0.0482147
-0.0480822
-0.0481127
-0.0497938
-0.0497292
-0.0497148
-0.0497675
-0.0497425
-0.0497478
-0.0497394
-0.0496907
-0.0491221
-0.0496729
-0.0497644
-0.0494727
-0.0498183
-0.0497195
-0.0497331
-0.0497206
-0.0497377
-0.049712
-0.0497766
-0.0496528
-0.0496111
-0.049641
-0.0496357
-0.0497042
-0.0497568
-0.0497442
-0.0497547
-0.0497374
-0.0497567
-0.0497302
-0.0495642
-0.049527
-0.0495723
-0.0495506
-0.0496927
-0.0496889
-0.0497262
-0.0496762
-0.0497172
-0.0496808
-0.0496893
-0.0496395
-0.0492518
-0.0491865
-0.0491415
-0.0497348
-0.049748
-0.0497367
-0.0497299
-0.0497691
-0.0497436
-0.04973
-0.0496077
-0.0496275
-0.0495749
-0.0496346
-0.0495979
-0.0495784
-0.0496435
-0.049669
-0.04953
-0.0495764
-0.0496219
-0.0497888
-0.0497117
-0.0497593
-0.0497262
-0.0497913
-0.0496723
-0.0497281
-0.0499476
-0.0494934
-0.0494097
-0.0495304
-0.0496189
-0.0497357
-0.0497141
-0.0497126
-0.0497266
-0.0497295
-0.0496045
-0.0482252
-0.0481537
-0.0554159
-0.043449
-0.0496048
-0.0410002
-0.0470834
-0.0447513
-0.0505064
-0.0505742
-0.048655
-0.0462693
-0.0395654
-0.0499709
-0.048586
-0.0479356
-0.0490517
-0.0497385
-0.0497945
-0.0498017
-0.0497591
-0.0497389
-0.0495683
-0.0497969
-0.0496343
-0.0497808
-0.0498842
-0.0497971
-0.049927
-0.0498221
-0.0500622
-0.0466729
-0.0497508
-0.0494612
-0.0498657
-0.0498822
-0.0487388
-0.0498842
-0.0506946
-0.0470549
-0.0438188
-0.0501101
-0.0498536
-0.0473265
-0.0499057
-0.0502232
-0.0498147
-0.0495157
-0.050042
-0.0511937
-0.0499061
-0.0403532
-0.0465843
-0.0472948
-0.0482971
-0.0497517
-0.048182
-0.0503957
-0.0493128
-0.0497627
-0.0497972
-0.0497881
-0.0494131
-0.0497238
-0.0496681
-0.0461519
-0.0490192
-0.0500791
-0.0517433
-0.0472499
-0.0456136
-0.0459343
-0.0499608
-0.0501063
-0.0500004
-0.0500382
-0.0499472
-0.0500712
-0.0500203
-0.049871
-0.0472049
-0.0502213
-0.0490431
-0.0499592
-0.049558
-0.0489998
-0.0491972
-0.0504591
-0.0503968
-0.0395322
-0.0500796
-0.0502094
-0.0478716
-0.0497664
-0.049721
-0.0496976
-0.0497621
-0.0496965
-0.0497203
-0.049753
-0.0499343
-0.0493152
-0.0499209
-0.0489495
-0.0511571
-0.0488804
-0.0496086
-0.045369
-0.045021
-0.0017609
-0.0487066
-0.0519394
-0.0449333
-0.0514306
-0.0478541
-0.0520502
-0.0432038
-0.0139366
-0.00971054
-0.010744
-0.0144387
-0.0487842
-0.0513655
-0.0519022
-0.0488565
-0.0519656
-0.049155
-0.0495657
-0.0484709
-0.0497455
-0.0407567
-0.0490705
-0.0440276
-0.0504352
-0.0507464
0.00875325
-0.0485541
-0.0496573
-0.0514132
-0.0481304
-0.0509713
-0.0472541
-0.0492381
-0.016328
-0.0104014
-0.010677
-0.0165621
-0.0436533
-0.0437416
-0.0478391
-0.0498758
-0.0428614
-0.0466872
-0.0482005
-0.00535744
-0.00441564
-0.00517796
-0.00405566
-0.00930444
-0.00880315
-0.00914949
-0.00857965
-0.0284928
-0.000459975
-0.000387558
-0.0294641
-0.000546281
-0.0286825
-0.0295121
-0.00223027
0.0147279
0.00470054
0.0030811
-0.0206824
-0.01342
-0.0130264
-0.0207158
-0.00978881
-0.00932704
-0.00958829
-0.00938968
-0.0288765
-0.00257313
-0.00232557
-0.0322503
-0.00301332
-0.029485
-0.0324043
-0.00651092
-0.000966452
-0.00544356
-0.0053635
-0.0436485
-0.0478381
-0.0437364
-0.0498676
-0.0428546
-0.0482001
-0.0466678
-0.028491
-0.000467511
-0.0294622
-0.000387381
-0.0295124
-0.0286788
-0.000547967
-0.00931605
-0.0088259
-0.00860251
-0.0091617
-0.020889
-0.0134634
-0.013077
-0.0209252
-0.044
-0.0486298
-0.0403054
-0.047978
-0.0431515
-0.0489124
-0.0444151
-0.00219827
0.0148225
0.00482794
0.00312489
-0.0277021
-0.00185136
-0.0297171
-0.00146538
-0.0279041
-0.00242045
-0.0293552
-0.00991135
-0.0093672
-0.00966516
-0.0094109
-0.0487327
-0.0449451
-0.051964
-0.051448
-0.0478837
-0.0432245
-0.0520757
-0.0139752
-0.00975154
-0.014487
-0.0107804
-0.04881
-0.0513805
-0.0488717
-0.0519296
-0.049169
-0.0519893
-0.0495909
0.00875183
-0.0485661
-0.0495654
-0.0481468
-0.0514219
-0.0472519
-0.0510512
-0.0492587
-0.0163614
-0.0104271
-0.0107347
-0.016572
-0.0455985
-0.045917
-0.0502536
-0.0450902
-0.0502025
-0.0492989
-0.0497711
-0.0478363
-0.0506654
-0.0498712
-0.0472018
-0.0490374
-0.0502239
-0.0489935
-0.049556
-0.049962
-0.0497631
-0.0496955
-0.0497241
-0.04978
-0.0496912
-0.0497544
-0.0497394
-0.0491882
-0.0503808
-0.0504246
-0.0395471
-0.0501678
-0.050069
-0.0478786
-0.049907
-0.049293
-0.0489549
-0.0498654
-0.0488788
-0.051088
-0.0495793
-0.0454128
-0.0450612
-0.0554252
-0.0434551
-0.0462698
-0.0395585
-0.0499735
-0.0479381
-0.0485848
-0.0490619
-0.0497424
-0.0498074
-0.0497982
-0.0497447
-0.0497612
-0.0495749
-0.0470883
-0.0447602
-0.0505156
-0.0505826
-0.048659
-0.0495007
-0.049461
-0.0442642
-0.0544961
-0.0492939
-0.0505371
-0.0512341
-0.0498054
-0.0497666
-0.0496226
-0.0498756
-0.049822
-0.0498257
-0.0499233
-0.0500683
-0.0466765
-0.0494706
-0.0497537
-0.0487439
-0.0498856
-0.0498766
-0.0497946
-0.0497504
-0.0495968
-0.0497103
-0.0497437
-0.0497391
-0.0497984
-0.0499817
-0.0471
-0.0506894
-0.0438896
-0.049869
-0.0502068
-0.0473805
-0.049986
-0.0503141
-0.0495881
-0.0498774
-0.0512928
-0.0501034
-0.0499864
-0.0403303
-0.0465725
-0.0428079
-0.049875
-0.049301
-0.0497518
-0.0497244
-0.0497933
-0.0496744
-0.0493858
-0.0496254
-0.0460983
-0.0489941
-0.0500136
-0.0516746
-0.0471976
-0.0473331
-0.0483654
-0.049808
-0.0504467
-0.0482222
-0.0480894
-0.0481214
-0.0497202
-0.0497768
-0.0497057
-0.0497316
-0.0497407
-0.0497393
-0.0497312
-0.049778
-0.0498029
-0.0497115
-0.0497288
-0.0497199
-0.0497232
-0.0497242
-0.0497661
-0.0491026
-0.0496577
-0.0497503
-0.049453
-0.0495341
-0.0491856
-0.0491616
-0.0490535
-0.0496476
-0.0496058
-0.0496284
-0.0496386
-0.0495653
-0.0495202
-0.0495449
-0.0495772
-0.0496932
-0.0496788
-0.0496853
-0.0497231
-0.0496965
-0.0497144
-0.0496856
-0.0497312
-0.0497372
-0.0497434
-0.0497266
-0.0497656
-0.0497243
-0.0497431
-0.0496513
-0.0496197
-0.0496493
-0.0496584
-0.0496369
-0.0492467
-0.0491373
-0.0491821
-0.0495938
-0.0496043
-0.0496252
-0.0495544
-0.0496351
-0.0495542
-0.0495846
-0.0496744
-0.0495289
-0.0495755
-0.049627
-0.0484401
-0.0496117
-0.0497297
-0.0497099
-0.0497112
-0.0497372
-0.0497235
-0.0495988
-0.0499403
-0.0494862
-0.0495235
-0.0494015
-0.0482739
-0.0482087
-0.0481639
-0.0481176
-0.0500528
-0.0495982
-0.049645
-0.0495268
-0.0496117
-0.0497568
-0.0497176
-0.0497257
-0.0496846
-0.0497579
-0.0497212
-0.0484635
-0.049767
-0.0497331
-0.0497698
-0.0497349
-0.0497392
-0.049708
-0.0497293
-0.0496873
-0.0497321
-0.0496729
-0.0496962
-0.049674
-0.0496849
-0.0497298
-0.0494988
-0.0491854
-0.0490227
-0.0491562
-0.0496283
-0.0495973
-0.0496527
-0.0496102
-0.0497065
-0.0497444
-0.049766
-0.0497398
-0.0497485
-0.0497261
-0.0497481
-0.0496363
-0.0495388
-0.0495746
-0.0496363
-0.049638
-0.0495669
-0.049605
-0.0495993
-0.0496319
-0.0492694
-0.0491227
-0.0492554
-0.0497241
-0.0497327
-0.049734
-0.0497205
-0.0497504
-0.0497177
-0.0497446
-0.0496969
-0.0496983
-0.0497054
-0.0497305
-0.0496781
-0.0497247
-0.0497049
-0.049815
-0.0496777
-0.04974
-0.0496462
-0.0497767
-0.0496745
-0.049695
-0.0497626
-0.0481484
-0.0481864
-0.047311
-0.0496363
-0.0481674
-0.050328
-0.0481406
-0.0461165
-0.0500221
-0.0489752
-0.0516786
-0.0472142
-0.0493778
-0.0497874
-0.0497759
-0.0497728
-0.0496834
-0.0494407
-0.0497244
-0.042666
-0.0497505
-0.0403557
-0.0465956
-0.0497505
-0.0437413
-0.0506587
-0.0469966
-0.0498206
-0.0472667
-0.0499764
-0.0497353
-0.049718
-0.0496017
-0.0497574
-0.0497841
-0.049751
-0.0497182
-0.0501342
-0.0498175
-0.0496056
-0.0466913
-0.0488693
-0.0499984
-0.0499487
-0.0498083
-0.0498263
-0.0496161
-0.0497704
-0.0499631
-0.0498021
-0.049812
-0.0495387
-0.0545171
-0.0441673
-0.0494565
-0.049255
-0.0513038
-0.0504412
-0.0490403
-0.0498049
-0.0498086
-0.0497384
-0.0495541
-0.0497414
-0.0497763
-0.046312
-0.0500199
-0.0395967
-0.0479704
-0.0486326
-0.0554357
-0.0434787
-0.0496424
-0.0410162
-0.0453873
-0.0450401
-0.049191
-0.0395461
-0.0504448
-0.0503969
-0.0501916
-0.0478764
-0.0500807
-0.0497955
-0.0498469
-0.0498
-0.0497662
-0.0497946
-0.0498116
-0.0497288
-0.0499181
-0.0502859
-0.0490901
-0.0472688
-0.0490801
-0.0500245
-0.049621
-0.0503133
-0.0493604
-0.0502957
-0.0452204
-0.0497994
-0.0507285
-0.0480093
-0.0499865
-0.0500314
-0.0500849
-0.0500421
-0.0500072
-0.0500553
-0.0499909
-0.0167945
-0.0109052
-0.0110237
-0.0171459
-0.0489058
-0.0516773
-0.0485881
-0.0499893
-0.0493886
-0.0514177
-0.0475895
0.00871721
-0.048873
-0.0494203
-0.0502675
-0.0407378
-0.0509276
-0.0507055
-0.044475
-0.0489349
-0.051851
-0.0483681
-0.0510746
-0.0494992
-0.0521153
-0.0487362
-0.0135422
-0.00923951
-0.0139792
-0.0103546
-0.0489163
-0.0513929
-0.0526077
-0.0445322
-0.0524736
-0.0427031
-0.0479023
-0.0013872
-0.0274684
-0.00125714
-0.0290396
-0.0016581
-0.0276776
-0.0290034
-0.00223748
-0.00192561
0.0149929
0.0050989
0.0032426
-0.043613
-0.0478194
-0.0401477
-0.0482741
-0.0443534
-0.0485926
-0.0427112
-0.0208577
-0.0131682
-0.0208452
-0.0128272
-0.00914137
-0.00854939
-0.00902246
-0.00831077
-0.0291442
-0.000939079
-0.0309555
-0.000812967
-0.0312255
-0.000923848
-0.0292446
-0.0433753
-0.0494196
-0.0432889
-0.0477676
-0.0460595
-0.0480295
-0.0426856
-0.00630292
-0.000631354
-0.00504916
-0.00519263
-0.00537726
-0.00448541
-0.00520391
-0.00410726
-0.0100205
-0.00958473
-0.00984281
-0.00950819
-0.0208685
-0.0131757
-0.0128402
-0.0208495
-0.00194027
0.0149716
0.00322061
0.00508153
-0.043617
-0.0478317
-0.0482808
-0.04016
-0.0485939
-0.0443676
-0.042717
-0.0285952
-0.0299459
-0.00055584
-0.000678962
-0.000686797
-0.0297301
-0.0289296
-0.00914214
-0.00857094
-0.00901835
-0.00832517
-0.00536282
-0.00447033
-0.00520323
-0.00409513
-0.0433601
-0.0494217
-0.0477533
-0.0432723
-0.0480135
-0.0460582
-0.0426663
-0.00628694
-0.000586925
-0.00502187
-0.00515795
-0.0489212
-0.0485973
-0.0516922
-0.049993
-0.0494105
-0.047594
-0.0514309
0.00869843
-0.0488856
-0.0494263
-0.0407368
-0.0502859
-0.0506924
-0.0509436
-0.0444814
-0.0135538
-0.00925752
-0.0139927
-0.0103721
-0.0489555
-0.0514143
-0.0445322
-0.0526073
-0.042706
-0.0525
-0.0479272
-0.00135481
-0.0453749
-0.0450292
-0.0498653
-0.0489213
-0.0498521
-0.0492624
-0.0510666
-0.049533
-0.0488493
-0.0497888
-0.0498467
-0.0497776
-0.0498126
-0.0498093
-0.0497974
-0.0497671
-0.0491949
-0.0395435
-0.0504088
-0.0504561
-0.0500849
-0.0478801
-0.0502083
-0.0499105
-0.0490973
-0.0502513
-0.0472727
-0.0500074
-0.049076
-0.0496019
-0.0500187
-0.0500611
-0.0500624
-0.0501371
-0.0500695
-0.0500613
-0.0500114
-0.0503197
-0.0494042
-0.0452353
-0.0502798
-0.0507363
-0.0498211
-0.0479694
-0.04565
-0.045985
-0.0493856
-0.049781
-0.0497917
-0.0497781
-0.0496901
-0.0497305
-0.049444
-0.0473115
-0.0496411
-0.0481788
-0.0481438
-0.0503314
-0.0403604
-0.0465981
-0.0426758
-0.049759
-0.0497322
-0.0493776
-0.0497357
-0.0500243
-0.0499582
-0.0497607
-0.0510605
-0.0497618
-0.0437491
-0.0469943
-0.050665
-0.049984
-0.0472721
-0.0498268
-0.0497262
-0.0497133
-0.0497585
-0.0496079
-0.0497458
-0.0497853
-0.0497417
-0.0502019
-0.0496944
-0.0498704
-0.0467373
-0.0500739
-0.0489581
-0.0500044
-0.0498485
-0.0498183
-0.0497584
-0.0496035
-0.0498045
-0.0499946
-0.0498487
-0.0495957
-0.0545689
-0.0494852
-0.0441614
-0.0513827
-0.0492682
-0.0504388
-0.0462814
-0.0499721
-0.0396089
-0.0479262
-0.0486107
-0.0471353
-0.0507238
-0.0448695
-0.0487503
-0.0507328
-0.0496634
-0.0410417
-0.055475
-0.0435238
-0.0495877
-0.0497069
-0.0497414
-0.0497202
-0.0496637
-0.049716
-0.0497461
-0.050031
-0.0495816
-0.0495053
-0.0496289
-0.0497529
-0.0497229
-0.0497106
-0.0497427
-0.0496904
-0.0497164
-0.0496792
-0.0484392
-0.0495709
-0.0495085
-0.0495531
-0.0495348
-0.04969
-0.049674
-0.0497305
-0.0496942
-0.0496886
-0.049674
-0.0497301
-0.0496994
-0.0497339
-0.0497337
-0.0497462
-0.049719
-0.0497333
-0.0497399
-0.0494914
-0.049173
-0.0491405
-0.049012
-0.0496246
-0.0495933
-0.0496489
-0.0496057
-0.0495907
-0.0496224
-0.049559
-0.0496205
-0.0495666
-0.0495862
-0.0496237
-0.0496385
-0.0495382
-0.0496405
-0.0495742
-0.0497198
-0.0497372
-0.049715
-0.0497324
-0.0497125
-0.0497514
-0.0497419
-0.0496323
-0.0495624
-0.0495954
-0.0495996
-0.049629
-0.049266
-0.0491194
-0.0492497
-0.0490471
-0.0495784
-0.049362
-0.0496942
-0.0496882
-0.0497154
-0.0497892
-0.0496456
-0.0497568
-0.0496738
-0.0497641
-0.0498087
-0.048194
-0.0482354
-0.0485246
-0.0478402
-0.048337
-0.0497825
-0.0498741
-0.0497992
-0.048128
-0.0481819
-0.0491493
-0.0497145
-0.04953
-0.0498058
-0.0497642
-0.0497487
-0.0497439
-0.0497852
-0.0497449
-0.0497787
-0.0497218
-0.049851
-0.04978
-0.0497377
-0.0497546
-0.0497903
-0.0498242
-0.0497443
-0.0484826
-0.0496541
-0.0497623
-0.0497402
-0.0497398
-0.0497773
-0.0497239
-0.0497471
-0.049804
-0.0497214
-0.0497273
-0.0497564
-0.0497277
-0.0498215
-0.0497327
-0.0484021
-0.0498655
-0.0498294
-0.0498172
-0.0481632
-0.0482366
-0.0479011
-0.0480932
-0.0495805
-0.04946
-0.0497879
-0.0500012
-0.0498633
-0.0499492
-0.0498579
-0.0497593
-0.0495921
-0.0497753
-0.049566
-0.0497612
-0.0494554
-0.0497196
-0.050041
-0.0498688
-0.0483753
-0.050113
-0.0498952
-0.0498576
-0.049933
-0.0499849
-0.0498744
-0.0466824
-0.0495677
-0.0505583
-0.0497718
-0.0496376
-0.0516041
-0.0441321
-0.0431247
-0.043409
-0.0507927
-0.0540594
-0.049779
-0.0497517
-0.0498291
-0.0497102
-0.0497651
-0.0504596
-0.0498029
-0.0498832
-0.0497996
-0.0478232
-0.0498574
-0.0496574
-0.0498264
-0.0500571
-0.0491858
-0.0497568
-0.0466613
-0.0499206
-0.0502772
-0.0498066
-0.0489419
-0.0500224
-0.0435569
-0.0497261
-0.0496631
-0.049758
-0.0495203
-0.049727
-0.049624
-0.0496506
-0.0495413
-0.0497309
-0.0497522
-0.0496017
-0.0497964
-0.0525924
-0.0496501
-0.0500129
-0.0499007
-0.0511114
-0.0495106
-0.0496858
-0.0498208
-0.0490258
-0.0493895
-0.0508204
-0.0497869
-0.0492909
-0.0497294
-0.0463215
-0.0508671
-0.0503354
-0.0444454
-0.0416292
-0.0500535
-0.0486136
-0.0406172
-0.0500482
-0.0495747
-0.0500602
-0.0502895
-0.0499697
-0.0478824
-0.0501048
-0.0498851
-0.0499481
-0.0463135
-0.0498029
-0.0494424
-0.0500324
-0.0500661
-0.0494513
-0.0505106
-0.0440877
-0.0497405
-0.0500673
-0.0466571
-0.0503081
-0.0438041
-0.0442118
-0.0486659
-0.0458236
-0.0447966
-0.0503389
-0.0413823
-0.0401851
-0.0414327
-0.0459829
-0.0447515
-0.0497315
-0.0411378
-0.0425485
-0.0358463
-0.0385077
-0.0480069
-0.047004
-0.0395001
-0.0326898
-0.0469637
0.00102191
-0.0035428
0.000457058
-0.00354717
-0.036087
-0.0479363
-0.0417733
-0.0474448
-0.0414062
-0.047026
-0.0354006
0.00199335
-0.0331719
-0.0463827
-0.0392596
-0.0441695
-0.0401749
-0.0450485
-0.0316136
0.00532251
0.00142496
0.00092123
0.00774423
-0.0360956
-0.0417751
-0.0479388
-0.0474446
-0.0414067
-0.035402
-0.0470314
0.0140799
-0.0358572
-0.0480178
-0.0385239
-0.0470201
-0.0395059
-0.0469746
-0.032702
0.00533786
0.00144454
0.000939154
0.00775867
-0.0344011
-0.0476652
-0.042227
-0.0493109
-0.0381903
-0.0465683
-0.0379971
0.00204417
-0.0486711
-0.0458182
-0.0447894
-0.0503432
-0.0413858
-0.0401839
-0.0415015
-0.0460215
-0.044801
-0.0497615
-0.042581
-0.0411596
-0.0500233
-0.0435595
-0.0474416
-0.0473034
-0.050364
-0.0471505
-0.0516291
-0.0389849
-0.0497132
-0.0497561
-0.0496714
-0.0495235
-0.04972
-0.0496587
-0.0496234
-0.0493911
-0.0508163
-0.0492891
-0.0497846
-0.0497269
-0.0508668
-0.0463138
-0.050006
-0.049903
-0.0495118
-0.0511078
-0.0498205
-0.049675
-0.0490128
-0.0500538
-0.0500826
-0.0496407
-0.0502872
-0.0500436
-0.0500828
-0.0479285
-0.0499886
-0.0499234
-0.0503528
-0.0498968
-0.0499339
-0.0499119
-0.0492199
-0.0503978
-0.0417
-0.0444547
-0.0486336
-0.0501314
-0.0406766
-0.0494966
-0.0505399
-0.0497482
-0.0441355
-0.0500891
-0.0467057
-0.0503373
-0.0499214
-0.049948
-0.0498226
-0.0463445
-0.050041
-0.0494042
-0.0501053
-0.0438547
-0.0442647
-0.0497745
-0.0505921
-0.0508422
-0.0438222
-0.0500182
-0.0516328
-0.0496655
-0.0497772
-0.0494378
-0.0499933
-0.0497818
-0.0498264
-0.0499882
-0.0499862
-0.0498845
-0.0495779
-0.0466816
-0.0497805
-0.0505626
-0.0496585
-0.0500418
-0.0498714
-0.0501083
-0.0483739
-0.0498997
-0.0498562
-0.0499258
-0.0497358
-0.0498187
-0.0497164
-0.0497028
-0.0497425
-0.0497813
-0.050435
-0.0500841
-0.0498531
-0.0503458
-0.0500202
-0.0498617
-0.0496938
-0.0510615
-0.0516233
-0.0431175
-0.0441435
-0.0507887
-0.0434093
-0.0540607
-0.0491792
-0.0497505
-0.0499158
-0.0466567
-0.049805
-0.050267
-0.0489091
-0.0498578
-0.0497985
-0.0498444
-0.0478075
-0.0496323
-0.0500277
-0.0497968
-0.0485243
-0.0478418
-0.0483292
-0.0497821
-0.0498733
-0.0497964
-0.048182
-0.0481237
-0.0498484
-0.0497288
-0.0497797
-0.0497751
-0.0497876
-0.0497585
-0.0498285
-0.0497605
-0.0491455
-0.0497107
-0.0498008
-0.0495272
-0.0497982
-0.049727
-0.0497185
-0.0497339
-0.0497201
-0.0497115
-0.0497959
-0.0500437
-0.0496073
-0.0496737
-0.0495421
-0.048477
-0.0484067
-0.0498802
-0.0498367
-0.0498281
-0.0481727
-0.0482386
-0.0478963
-0.0480651
-0.047951
-0.0481259
-0.0481832
-0.048247
-0.0482309
-0.0481462
-0.048525
-0.0477953
-0.0470483
-0.0465906
-0.051666
-0.0449744
-0.0531023
-0.0531831
-0.0480886
-0.0476628
-0.0499318
-0.0478946
-0.0501161
-0.0499898
-0.0502325
-0.0500241
-0.0495913
-0.0498059
-0.0495746
-0.0506084
-0.0495767
-0.0503605
-0.0501594
-0.0499158
-0.0503819
-0.0499005
-0.0507779
-0.0499142
-0.0516226
-0.0440101
-0.0430322
-0.0540305
-0.0506884
-0.0434727
-0.0493795
-0.049982
-0.0467344
-0.0498149
-0.0492265
-0.0498542
-0.0504363
-0.0497784
-0.0498545
-0.0498033
-0.0497241
-0.0498418
-0.0498049
-0.0506061
-0.049324
-0.0440339
-0.0543182
-0.0492667
-0.051059
-0.0490295
-0.0502473
-0.050112
-0.0498686
-0.0466683
-0.0496819
-0.0499493
-0.0500748
-0.0489204
-0.0497507
-0.0497161
-0.0497459
-0.049658
-0.0497511
-0.0498098
-0.0497357
-0.0498728
-0.0498271
-0.0501363
-0.0495121
-0.0511577
-0.0499918
-0.0499267
-0.049799
-0.0506748
-0.0437632
-0.0469957
-0.0472954
-0.0498359
-0.0500644
-0.049902
-0.0497871
-0.0498957
-0.0483054
-0.0497388
-0.0497226
-0.0497949
-0.0498525
-0.0508749
-0.050611
-0.0515863
-0.0438135
-0.0500174
-0.0497474
-0.0497189
-0.0496281
-0.049618
-0.0497304
-0.0497163
-0.0495063
-0.0499942
-0.0496526
-0.0467043
-0.0499508
-0.0497723
-0.0497864
-0.0506262
-0.0502019
-0.0499089
-0.0498077
-0.0496686
-0.0503759
-0.0496772
-0.0496865
-0.0519706
-0.0522547
-0.0469311
-0.0383228
-0.0513389
-0.0392474
-0.0494624
-0.0419254
-0.0506258
-0.0416001
-0.0459228
-0.0460125
-0.0445014
-0.0496563
-0.0495704
-0.0494177
-0.0491765
-0.0493866
-0.0504965
-0.0477649
-0.0497763
-0.0498451
-0.049415
-0.0497884
-0.0493625
-0.0497306
-0.0442197
-0.0441067
-0.0502571
-0.0438873
-0.0463872
-0.0466103
-0.0474957
-0.0390919
-0.0505568
-0.0471093
-0.0489188
-0.0390919
-0.0493254
-0.0351672
-0.0472583
-0.0493395
-0.0498641
-0.0471039
-0.0492427
-0.0493474
-0.049991
-0.0447443
-0.0271732
-0.0103313
-0.013167
-0.0113831
-0.025223
-0.01656
-0.0487969
-0.049186
-0.0483088
-0.0442424
-0.0494717
-0.0478403
-0.0432223
-0.0493368
-0.0494995
-0.0497736
-0.0428498
-0.0498393
-0.0449781
-0.0500144
-0.0483007
-0.0482111
-0.0502036
-0.0402966
-0.0498744
-0.0406886
-0.0485577
-0.0495412
-0.049619
-0.041403
-0.0493686
-0.0498536
-0.0497084
-0.0449653
-0.0489355
-0.0494371
-0.0482709
-0.0448742
-0.0494285
-0.0486709
-0.0446515
-0.0247066
-0.0114672
-0.0155984
-0.0126168
-0.0240635
-0.0185179
-0.000489526
-0.00055588
-0.024667
-0.00933075
-0.0145541
-0.000826307
-0.0173942
-0.0207705
-0.0127512
-0.0279453
-0.0134433
-0.0139746
-0.0240567
-0.0136115
-0.0277182
-0.0237248
-0.0467229
-0.0502053
-0.0454004
-0.0395892
-0.0490977
-0.0486299
-0.0356522
-0.0288887
-0.0123144
-0.0138073
-0.00191805
-0.0273708
-0.0114382
-0.0131312
-0.029607
-0.0176674
-4.47432e-05
-0.0207562
-0.0175517
-0.0298171
-0.0212653
-0.00244309
-0.00256307
-0.000502387
-0.000566352
-0.0469102
-0.044981
-0.049377
-0.0365358
-0.0491071
-0.0368806
-0.047611
-0.0279513
-0.0134446
-0.0240581
-0.0139882
-0.0237301
-0.0277167
-0.0136192
-0.0246727
-0.00934093
-0.000837804
-0.0145608
-0.0127629
-0.0207736
-0.0174053
-0.0467393
-0.0453971
-0.0502378
-0.039565
-0.0491192
-0.0356501
-0.048665
-0.029614
-0.0176834
-0.0207665
-5.72584e-05
-0.0298272
-0.0175658
-0.0212724
-0.0288723
-0.0122827
-0.00188902
-0.013794
-0.0114131
-0.0273541
-0.0131164
-0.00248799
-0.00262256
-0.0474929
-0.0390852
-0.0491648
-0.0499589
-0.0490258
-0.0486413
-0.0497044
-0.0504276
-0.0445731
-0.0271751
-0.0103503
-0.0131849
-0.0165725
-0.0252325
-0.0113884
-0.0487997
-0.049183
-0.0442311
-0.0483138
-0.0478356
-0.0494697
-0.0432235
-0.0493397
-0.0498538
-0.0492422
-0.047105
-0.0499854
-0.049334
-0.0447464
-0.0483884
-0.0502583
-0.0482776
-0.0402837
-0.0499339
-0.0486229
-0.0406983
-0.0493624
-0.0498186
-0.0494949
-0.0429245
-0.0498613
-0.0450342
-0.0500488
-0.0490149
-0.0494882
-0.0448911
-0.0483125
-0.0487257
-0.0494902
-0.0446376
-0.0246955
-0.011449
-0.0155902
-0.0240545
-0.0126033
-0.0185143
-0.0496432
-0.0496612
-0.0494177
-0.0413598
-0.0497627
-0.0499074
-0.0449534
-0.0413365
-0.0414431
-0.0444863
-0.0495583
-0.0496463
-0.0494048
-0.0491573
-0.0504821
-0.0493673
-0.0442764
-0.0502718
-0.0441367
-0.04391
-0.0464212
-0.0466477
-0.0465846
-0.047054
-0.0516807
-0.0531156
-0.0449718
-0.0531891
-0.0502299
-0.049712
-0.0500424
-0.0498753
-0.0496051
-0.0495776
-0.0506673
-0.0480848
-0.0499238
-0.0476665
-0.0478921
-0.0499886
-0.0501053
-0.0499043
-0.049987
-0.0498807
-0.0479201
-0.0497267
-0.0500918
-0.0499054
-0.0500908
-0.0499261
-0.0501046
-0.0503439
-0.0497259
-0.0498842
-0.0510304
-0.0494193
-0.0499979
-0.049831
-0.0467634
-0.0498704
-0.0492408
-0.0504805
-0.0497608
-0.0498498
-0.0497343
-0.049793
-0.0497993
-0.0498303
-0.0506265
-0.0515875
-0.0440014
-0.0430356
-0.0507027
-0.0540036
-0.0434958
-0.0497591
-0.0498147
-0.0498427
-0.0494927
-0.0498331
-0.0498391
-0.0498399
-0.0492678
-0.0440232
-0.0492064
-0.0542719
-0.0502249
-0.0489829
-0.0509965
-0.0501165
-0.0498731
-0.0496928
-0.0466867
-0.0500756
-0.0499519
-0.0489392
-0.0497527
-0.0497483
-0.0497221
-0.0496787
-0.0497478
-0.0497223
-0.0498251
-0.0498783
-0.0498348
-0.0495261
-0.0501519
-0.0499284
-0.050009
-0.0511796
-0.0498404
-0.0506525
-0.0469985
-0.043794
-0.0498222
-0.047333
-0.0500795
-0.0495324
-0.0497639
-0.0499189
-0.049435
-0.0497956
-0.049864
-0.0498974
-0.0499047
-0.0498941
-0.0497972
-0.0483045
-0.0497476
-0.0497174
-0.0498013
-0.0497353
-0.0497273
-0.0495914
-0.0495657
-0.0497026
-0.0497349
-0.049417
-0.0499677
-0.0496348
-0.049923
-0.0467134
-0.0497714
-0.0497634
-0.0506065
-0.0498142
-0.0508502
-0.0505808
-0.0499875
-0.0438039
-0.0515628
-0.0479012
-0.0497033
-0.0477635
-0.0475319
-0.0499562
-0.0497638
-0.0481908
-0.0482535
-0.0482429
-0.0481716
-0.0485317
-0.0478057
-0.0520653
-0.0469388
-0.0523189
-0.039201
-0.0514276
-0.0383638
-0.0471674
-0.044796
-0.050855
-0.048851
-0.0507152
-0.0490494
-0.0498453
-0.0497642
-0.0498744
-0.0496194
-0.0496042
-0.0498336
-0.0494315
-0.0409154
-0.0463106
-0.0500178
-0.0396202
-0.0479368
-0.0486846
-0.04279
-0.0498378
-0.0492669
-0.0498421
-0.0497623
-0.0497862
-0.0493936
-0.0496958
-0.0497316
-0.0460646
-0.0499685
-0.0488296
-0.0471725
-0.0515967
-0.0403232
-0.0465844
-0.0470735
-0.0518575
-0.046591
-0.0533033
-0.0533056
-0.0449766
-0.0478287
-0.046112
-0.0459971
-0.0450375
-0.0457664
-0.0421678
-0.0477045
-0.0497254
-0.0493789
-0.0497966
-0.049419
-0.0499015
-0.0497079
-0.0441153
-0.0501052
-0.0441648
-0.0439161
-0.0462924
-0.0465674
-0.0500214
-0.0499222
-0.0499388
-0.0504093
-0.0499251
-0.0492564
-0.0499593
-0.0504846
-0.0443256
-0.0416424
-0.0405112
-0.0486493
-0.0502035
-0.049235
-0.049519
-0.0439336
-0.0503152
-0.0498253
-0.0501076
-0.0465094
-0.0499023
-0.0499853
-0.0495521
-0.0500828
-0.0500261
-0.0498635
-0.0478587
-0.0501905
-0.0501395
-0.0492886
-0.0451364
-0.0506649
-0.0496173
-0.0479265
-0.0499662
-0.0503282
-0.047278
-0.0491218
-0.0497318
-0.0500395
-0.0490564
-0.0499476
-0.0500207
-0.0500289
-0.0500179
-0.0499828
-0.0500028
-0.0499923
-0.0497625
-0.0497727
-0.0492263
-0.0488971
-0.0487516
-0.0509487
-0.0494425
-0.0491711
-0.050422
-0.0394768
-0.0504114
-0.0478557
-0.0502289
-0.0500186
-0.0497674
-0.0497234
-0.0497638
-0.0497726
-0.0497247
-0.0497574
-0.0497746
-0.0500823
-0.0500015
-0.0495074
-0.0511029
-0.0498415
-0.0497393
-0.0490982
-0.0473511
-0.0502399
-0.0472394
-0.0388973
-0.0471536
-0.0515865
-0.049644
-0.0496901
-0.0496255
-0.0495251
-0.0496732
-0.0496658
-0.0525652
-0.0494065
-0.0493091
-0.0497765
-0.0507832
-0.0497495
-0.0508868
-0.0462881
-0.0444652
-0.0500427
-0.0494455
-0.0496068
-0.0494376
-0.0492395
-0.0507066
-0.0494538
-0.0506225
-0.0419241
-0.0416231
-0.0460466
-0.0459411
-0.0477419
-0.0458788
-0.0460029
-0.0419918
-0.0456139
-0.0449788
-0.0489735
-0.0484783
-0.0494722
-0.0450339
-0.0494511
-0.0447755
-0.0487146
-0.0492465
-0.0493343
-0.0427965
-0.0495823
-0.0497242
-0.049924
-0.0448575
-0.0245405
-0.0154141
-0.0112689
-0.0181663
-0.023972
-0.0122835
-0.0482084
-0.0498155
-0.0479865
-0.040168
-0.0495592
-0.0484336
-0.0404422
-0.0491595
-0.0497379
-0.0488687
-0.0469422
-0.0497194
-0.0492952
-0.0446517
-0.0487058
-0.0479192
-0.0489228
-0.0439517
-0.0492308
-0.043203
-0.0476547
-0.0491549
-0.0490116
-0.0486433
-0.0499363
-0.0496861
-0.0446561
-0.0504131
-0.0488002
-0.0492326
-0.0473446
-0.0388379
-0.0499738
-0.047118
-0.035273
-0.0273085
-0.0133888
-0.0106176
-0.0168757
-0.0253838
-0.0116916
0.00126969
0.00475128
-0.0102911
0.00170533
-0.0110554
-0.0128761
-0.0433721
-0.03792
-0.0349194
-0.0379188
-0.0355434
-0.0125726
-0.00417187
-0.00453033
0.00142146
-0.00843266
0.00281308
-0.00845094
0.00142818
-0.0289986
-0.013793
-0.0122965
-0.00205866
-0.0115718
-0.0273563
-0.0132698
-0.0467034
-0.0498784
-0.039504
-0.0453476
-0.04848
-0.0488997
-0.0357569
-0.029884
-0.021035
-0.000284413
-0.0178645
-0.0215454
-0.0300826
-0.0177744
-0.046848
-0.049345
-0.0363159
-0.0446134
-0.0474578
-0.0491329
-0.0368191
-0.0245781
-0.0145765
-0.00919942
-0.000716724
-0.020725
-0.0173197
-0.0126641
-0.0275308
-0.0236236
-0.0135311
-0.0130072
-0.0233148
-0.027276
-0.0131737
-0.00407028
-0.00441177
-0.012566
-0.0431726
-0.034446
-0.0374173
-0.035253
-0.0375108
-0.0121609
0.00177307
0.00307001
-0.00814688
-0.00816673
0.00176676
-0.00163903
-0.0045406
0.00173246
-0.00984687
0.00521209
-0.010626
0.00214457
-0.012883
-0.03792
-0.0433717
-0.0349187
-0.0379203
-0.0125758
-0.035543
-0.00176942
-0.00471401
0.00141868
-0.00843404
0.00280609
0.00141839
-0.00845248
-0.00416205
-0.00452261
-0.0298828
-0.021035
-0.017865
-0.000286105
-0.0177747
-0.0300814
-0.021546
-0.0289937
-0.0137892
-0.00205228
-0.0123055
-0.0132643
-0.0273598
-0.0115698
-0.0466775
-0.0498738
-0.045353
-0.0395
-0.0488935
-0.0484136
-0.0357525
-0.0275118
-0.0236319
-0.0130042
-0.0135944
-0.0272616
-0.0233163
-0.0131586
-0.0468618
-0.0493372
-0.0446107
-0.0363043
-0.0491375
-0.0474588
-0.0368111
-0.0245666
-0.0145558
-0.000685501
-0.00917804
-0.0173013
-0.020713
-0.0126317
0.00172181
-0.00816083
0.00301855
-0.00817758
0.00172498
-0.00405019
-0.00438499
0.0016891
-0.00987248
0.00513389
0.00210665
-0.0106541
-0.00162488
-0.00452013
-0.049648
-0.0495855
-0.0496181
-0.041549
-0.0497367
-0.0451307
-0.0499105
-0.0245842
-0.015429
-0.0112978
-0.0123228
-0.0239885
-0.0181962
-0.0484313
-0.049921
-0.040213
-0.0481167
-0.0483466
-0.0499106
-0.0405317
-0.0493091
-0.0493602
-0.0496344
-0.0428624
-0.049763
-0.049963
-0.0449356
-0.0486852
-0.04892
-0.0479283
-0.0439577
-0.0492355
-0.047641
-0.043187
-0.0491454
-0.0488843
-0.0497614
-0.0469486
-0.0497294
-0.0446353
-0.049324
-0.0487712
-0.0492038
-0.0388156
-0.0473181
-0.047094
-0.049947
-0.0352287
-0.0272874
-0.0133753
-0.0106014
-0.0253705
-0.0168612
-0.0116684
-0.0491537
-0.049017
-0.0499277
-0.048637
-0.0496818
-0.0504136
-0.0446456
-0.0461145
-0.0478224
-0.0459973
-0.0457616
-0.0450389
-0.0421761
-0.0476908
-0.0493727
-0.0497149
-0.0497864
-0.0494006
-0.0496856
-0.0498942
-0.0441366
-0.0501201
-0.0439722
-0.044192
-0.0465999
-0.0463011
-0.0498837
-0.0498144
-0.0500474
-0.0462571
-0.0500991
-0.0500002
-0.0495147
-0.0500335
-0.0499459
-0.0499336
-0.0504446
-0.0499319
-0.0499714
-0.0492762
-0.0492348
-0.0495277
-0.0503219
-0.0439486
-0.049832
-0.0465169
-0.0501071
-0.0499015
-0.0499884
-0.0500818
-0.0495623
-0.0498645
-0.0500255
-0.0478635
-0.0504892
-0.0443364
-0.0416446
-0.0486652
-0.0405074
-0.0501931
-0.0499587
-0.0500251
-0.050025
-0.0500351
-0.0500069
-0.0499914
-0.0500129
-0.0502085
-0.0501493
-0.0451625
-0.0492629
-0.0479771
-0.0495871
-0.0506874
-0.049988
-0.0503249
-0.0491274
-0.0472673
-0.0500624
-0.0497192
-0.049075
-0.0497768
-0.0497278
-0.0497903
-0.0497767
-0.0497663
-0.0497086
-0.0497883
-0.0497823
-0.049787
-0.0489052
-0.0492355
-0.0494614
-0.0509801
-0.0487545
-0.0491776
-0.0504191
-0.0504071
-0.039487
-0.050224
-0.047866
-0.0500317
-0.049752
-0.0497291
-0.0495401
-0.0496561
-0.0496947
-0.0497272
-0.049712
-0.0500882
-0.0495089
-0.0500012
-0.0511522
-0.0498435
-0.0491107
-0.0497394
-0.0495468
-0.049714
-0.0495373
-0.0496616
-0.0496506
-0.0497654
-0.052565
-0.0494139
-0.0493184
-0.0507912
-0.0497894
-0.0497536
-0.0508981
-0.0463008
-0.047363
-0.0502481
-0.0472515
-0.0515935
-0.0471699
-0.0389197
-0.0494724
-0.0506317
-0.0416145
-0.0419224
-0.0459529
-0.0460621
-0.0469395
-0.0520866
-0.0523354
-0.0514392
-0.039208
-0.0383532
-0.0490082
-0.0497542
-0.0498578
-0.0498496
-0.0495881
-0.0498423
-0.0496267
-0.0552426
-0.0431849
-0.0471932
-0.0508831
-0.0448116
-0.0507186
-0.0488971
-0.0494077
-0.0408904
-0.046313
-0.0500003
-0.0396073
-0.0486435
-0.0479441
-0.0473366
-0.0498726
-0.0482766
-0.0504084
-0.0483045
-0.042757
-0.0497963
-0.0460957
-0.049982
-0.0488532
-0.051634
-0.0471901
-0.0403208
-0.0465952
-0.0435975
-0.0442066
-0.0456102
-0.0459187
-0.0499825
-0.0434995
-0.041178
-0.0413721
-0.0484785
-0.0519366
-0.0514877
-0.0446806
-0.0522076
-0.0474294
-0.0431668
-0.0485623
-0.0518758
-0.0514472
-0.0488629
-0.0520335
-0.0493674
-0.0489859
-0.00171831
-0.0142561
-0.00983498
-0.0147215
-0.0109998
-0.0486238
-0.0516554
-0.0500889
-0.0487068
-0.0512555
-0.049203
-0.0477231
-0.0485647
-0.0500502
-0.0494295
-0.0409648
-0.0507293
-0.0442524
-0.0507814
-0.0171484
-0.0110687
-0.0174931
-0.0111587
0.0084687
-0.0486799
-0.0458
-0.0447657
-0.0502799
-0.0402011
-0.0413958
-0.00261522
-0.00277212
-0.0346706
-0.0490542
-0.0480042
-0.0425217
-0.0467466
-0.0380781
-0.0385987
-0.0334099
-0.0466704
-0.0444352
-0.0396061
-0.045278
-0.0404979
-0.0318429
0.00178351
0.00513772
0.00130835
0.000733662
0.00757919
-0.00664724
-0.00105853
-0.00547164
-0.00554516
-0.00951871
-0.00892113
-0.00879663
-0.00931065
-0.00548139
-0.00465156
-0.00428102
-0.00529814
-0.0302786
-0.0298339
-0.00052748
-0.00116289
-0.0295256
-0.0306033
-0.00122166
-0.0437498
-0.047621
-0.0481495
-0.0404694
-0.0483969
-0.0445587
-0.042715
-0.00977651
-0.00962975
-0.00979329
-0.00947893
-0.00217756
0.0147716
0.00300713
0.00489552
-0.0255808
-0.0272711
-0.000833373
-0.00100635
-0.026755
-0.0261957
-0.00136453
-0.0206791
-0.012884
-0.0126441
-0.020644
-0.0360773
-0.0478301
-0.0473343
-0.0417837
-0.0468763
-0.0414116
-0.0354087
0.0139749
0.00120178
-0.00339387
-0.00339466
0.000666393
-4.06445e-05
-9.34366e-05
-0.0334005
-0.0444348
-0.046669
-0.0395836
-0.0452775
-0.0318395
-0.0404855
-0.0346641
-0.0480111
-0.0490797
-0.0425255
-0.0467608
-0.0385857
-0.0380731
0.00515331
0.0013092
0.00758471
0.000745006
0.0017815
-0.0438877
-0.0482475
-0.0499774
-0.0436834
-0.0484599
-0.0431403
-0.0466932
-0.00552928
-0.00465469
-0.00534085
-0.00427064
-0.0286327
-0.0289614
-0.000525063
-0.000272431
-0.0286364
-0.029417
-0.000616168
-0.00663803
-0.00105581
-0.0055387
-0.00546154
-0.00955003
-0.00898349
-0.00938955
-0.00882184
-0.0436075
-0.0481761
-0.0476773
-0.0403948
-0.0484648
-0.0426257
-0.0444586
-0.0269264
-0.0282415
-0.00114656
-0.00116987
-0.00202764
-0.027017
-0.0285787
-0.020763
-0.012938
-0.0207146
-0.0127383
-0.00995465
-0.00970269
-0.00960517
-0.00988844
-0.00207399
0.0148752
0.00501132
0.00308938
-0.0357426
-0.0479005
-0.0470409
-0.0387098
-0.0468832
-0.0394002
-0.0326596
0.00110192
-0.00344999
0.000577024
-0.00347355
0.0141177
-7.5199e-05
-0.000128557
-0.0412495
-0.0414395
-0.0413079
-0.0446909
-0.0458712
-0.0495637
-0.0426652
-0.0412106
-0.0485535
-0.0514304
-0.0518477
-0.0488524
-0.0520004
-0.0489806
-0.0493532
-0.00170699
-0.0142583
-0.00986028
-0.0110095
-0.0147207
-0.0485377
-0.0494401
-0.0500441
-0.0409148
-0.0507204
-0.0507147
-0.0442074
-0.0171769
-0.0110993
-0.0112032
-0.0175196
0.00851689
-0.0486564
-0.0447432
-0.0457923
-0.0502662
-0.0401556
-0.0413677
-0.047442
-0.03917
-0.045601
-0.045924
-0.0453413
-0.0449093
-0.0499896
-0.0434943
-0.0348178
-0.0462606
-0.0369727
-0.0232047
-0.0418253
-0.0332593
-0.042995
-0.0433784
-0.0413741
-0.0418898
-0.0434858
-0.0435818
-0.0362801
-0.0308974
-0.0401319
-0.0476185
-0.0413244
-0.0454656
-0.043106
-0.0462997
-0.0465523
-0.0414532
-0.0410832
-0.0454192
-0.0259382
-0.0462393
-0.0347491
-0.0451059
-0.0353939
-0.0321677
-0.0434166
-0.0344589
-0.0258899
-0.0389498
0.00776585
-0.0175876
-0.019225
0.0077009
-0.018058
0.00201669
0.00544071
-0.0199463
-0.00669732
-0.0138496
-0.00408526
0.00251586
-0.00385733
-0.00478865
-0.00442058
-0.00521513
-0.00456616
-0.00409444
-0.00246955
-0.00753357
-0.0344662
-0.0256129
-0.0343604
-0.0327177
-0.0326982
-0.0311558
-0.0352536
-0.00836561
-0.0170863
-0.0134654
-0.0131433
-0.0101167
-0.0111185
-0.00952955
-0.0107807
-0.0158483
0.00173106
-0.000509407
-0.0273469
0.00918814
-0.0193785
-0.0233101
-0.0142741
-0.0135978
0.00180062
0.0107643
-0.0105374
-0.0197028
-0.0068927
-0.00175219
-0.0256768
-0.0282723
-0.00759776
-0.00655037
-0.0274079
-0.00337363
-0.00268303
0.00330448
-0.0101602
-0.0161335
-0.0326265
-0.0360801
-0.0130048
-0.0193878
-0.0319411
-0.00404261
-0.0252449
-0.00383379
-0.0289672
-0.0105983
-0.00660119
-0.0276716
-0.0110622
-0.0325841
-0.0228528
-0.0355958
-0.0219784
-0.0159248
-0.0317105
0.00660807
0.00827447
-0.0198139
-0.0178367
-0.00185989
-0.0157118
-0.0173062
0.00314733
-0.0172212
0.00928947
-0.0251668
-0.0110818
-0.0127877
0.0105277
-0.00992519
-0.0137645
-0.0106579
0.0053941
-0.014477
-0.0173011
0.0220262
0.00375314
-0.0275762
0.0204411
-0.0162343
-0.0273683
-0.0187175
-0.00617098
-0.0109606
-0.0130083
-0.0188299
-0.0176229
0.00870788
0.0166465
-0.0242318
-0.017454
-0.0262826
-0.000769137
0.00181856
-0.0226321
-0.000652804
-0.0267366
-0.0225392
-0.0282124
-0.00128488
-0.00126546
-0.029081
-0.0011615
-0.0298161
-0.0265936
-0.0251006
-0.0186793
0.000410905
0.000398067
-0.000743041
-0.0214754
-0.022955
-0.0101725
0.00238859
-0.0235415
-0.0277788
-0.000817885
-0.0053784
-0.0282364
0.00371938
0.0041123
-0.000725842
0.00429551
0.00137119
0.00113288
-0.0188658
-0.0211548
-0.0300065
-0.030068
-0.0179541
-0.021585
-0.0306138
0.00603616
-0.0144138
-0.0249378
-0.00225719
-0.0295059
-0.0148967
-0.00258279
-0.029387
-0.019243
-0.0324408
-0.0211442
-0.0308518
-0.0209029
-0.0184914
-0.0314073
-0.0093922
-0.00316677
9.13815e-05
-0.0268785
-0.0325559
-0.0393329
-0.0408698
-0.030041
-0.0245909
-0.0388791
-0.000701096
0.00148249
0.00273168
-0.0259617
-0.0258089
-0.0324665
-0.0338003
-0.0264077
-0.020694
-0.0340637
-0.030449
-0.0371515
-0.0334719
-0.036239
-0.0342542
-0.0287575
-0.0350204
-0.0243821
-0.0436025
-0.0171715
-0.0377175
-0.018113
-0.0264086
-0.0398164
-0.0318087
-0.0313766
-0.0441512
-0.0468715
-0.0267732
-0.034697
-0.0444248
-0.0179072
-0.0121942
-0.0128898
-0.00308667
-0.00639186
-0.0144609
-0.0373663
-0.0358886
-0.0392776
-0.0406652
-0.036774
-0.0381872
-0.0411749
-0.0137748
-0.0351522
-0.0411923
-0.033797
-0.0401002
-0.0360941
-0.0277142
-0.0411503
-0.0303352
-0.0458991
-0.0310406
-0.0430601
-0.0325362
-0.0308065
-0.0434246
-0.0251891
-0.030742
-0.0261538
-0.0111774
-0.0157847
-0.0326788
-0.0368099
-0.0127763
-0.0185794
-0.0313222
-0.0162388
-0.0253583
-0.00619654
-0.0226946
-0.0303719
-0.0347017
-0.0189009
-0.0284989
-0.0438183
-0.0446545
-0.0506337
-0.0458657
-0.0422491
-0.0494415
-0.0462395
-0.0419118
-0.0531536
-0.0427845
-0.0523094
-0.0463425
-0.0505596
-0.0481017
-0.0415047
-0.0514382
-0.0457498
-0.0527504
-0.0521606
-0.0505106
-0.0457117
-0.0452912
-0.0409878
-0.0521408
-0.0506343
-0.0501547
-0.0467831
-0.052089
-0.0497572
-0.0476561
-0.0516193
-0.0494279
-0.0493049
-0.0521422
-0.05013
-0.0485574
-0.0502091
-0.0502181
-0.0492324
-0.0500065
-0.0511311
-0.0403261
-0.0507066
-0.0505465
-0.0468653
-0.0500171
-0.0497031
-0.050366
-0.049668
-0.0481448
-0.0496834
-0.0469753
-0.049189
-0.0398455
-0.0498655
-0.0496933
-0.0512216
-0.0493576
-0.0378785
-0.0516533
-0.0548636
-0.0455358
-0.0502498
-0.0484348
-0.0447289
-0.051126
-0.0349499
-0.0446425
-0.0441857
-0.052577
-0.0395974
-0.0439247
-0.0319706
-0.0378938
-0.0445621
-0.0406668
-0.0462053
-0.0393721
-0.0394344
-0.0358391
-0.0444046
-0.0404796
-0.0466614
-0.048966
-0.0475341
-0.0484041
-0.0426661
-0.0429231
-0.0488613
-0.0409421
-0.046205
-0.0335011
-0.0426786
-0.0405479
-0.0405842
-0.0502349
-0.0488198
-0.0500143
-0.0503807
-0.0501705
-0.0501735
-0.0504529
-0.0486484
-0.043231
-0.0376579
-0.0417563
-0.0410348
-0.0454218
-0.0401208
-0.0475981
-0.0450844
-0.0374604
-0.044194
-0.041794
-0.0455113
-0.0468524
-0.0370798
-0.0281858
-0.00288063
-0.0140036
-0.0158662
-0.014847
-0.0166852
-0.0284844
-0.000826853
-0.00884987
0.00107354
-0.00675459
-0.00508149
-0.00376034
-0.00583564
-0.0164781
-0.0206989
-0.0311851
-0.00788211
-0.0172564
-0.0176441
-0.00766932
-0.00478847
-0.00739822
-0.023766
-0.0195038
-0.0302699
-0.0158798
-0.00710367
-0.021003
-0.0279697
-0.00745071
-0.0143073
-0.0147292
-0.0133965
-0.0194148
-0.028236
0.00112206
0.000463245
-0.011378
0.000556656
-0.0118925
0.00199783
0.00541139
-0.00539621
-0.00605395
0.00322338
0.0011496
0.000658084
-0.0116742
0.00132696
-0.0118098
-0.0338327
-0.023126
-0.0290608
-0.0403025
-0.0242243
-0.0363789
-0.0397706
-0.028995
-0.0180519
-0.0316142
-0.0327604
-0.0405057
-0.0342783
-0.0259815
-0.026817
-0.0421629
-0.037217
-0.0366641
-0.0455494
-0.0326544
-0.0389189
-0.0298549
-0.0393464
-0.0438817
-0.0488753
-0.0497336
-0.0497187
-0.0498425
-0.0496858
-0.0496919
-0.0496227
-0.0489342
-0.0502648
-0.0500448
-0.0504479
-0.0502455
-0.0502056
-0.0505199
-0.0154679
-0.0201301
-0.0286243
-0.00968172
-0.0162155
-0.0179889
-0.00954074
-0.02861
-0.0287265
-0.0184711
-0.0235603
-0.0448176
-0.0401707
-0.0482165
-0.0456811
-0.0487834
-0.0406796
-0.0469159
-0.050907
-0.0422648
-0.0427538
-0.0500484
-0.0500612
-0.0460492
-0.0462329
-0.0491101
-0.0495103
-0.0502695
-0.0495551
-0.0459673
-0.0497066
-0.0510786
-0.0435399
-0.0475304
-0.0474147
-0.0450059
-0.0444284
-0.0494104
-0.045065
-0.0411602
-0.0438599
-0.0449683
-0.0475291
-0.0439898
-0.0463346
-0.0492472
-0.0428033
-0.0495089
-0.0498823
-0.0439112
-0.0493421
-0.0465824
-0.0496583
-0.0466284
-0.0500024
-0.0500663
-0.0435916
-0.0494273
-0.0443331
-0.048955
-0.0439836
-0.0418303
-0.0506525
-0.0510937
-0.0460785
-0.0461048
-0.0485998
-0.0491993
-0.0519937
-0.051444
-0.0470888
-0.0487922
-0.0507582
-0.049666
-0.0502947
-0.0497583
-0.0495613
-0.0503482
-0.0499621
-0.0492125
-0.0492959
-0.0464946
-0.0489053
-0.04814
-0.0414571
-0.0495301
-0.0408785
-0.0477155
-0.0504581
-0.05004
-0.0491892
-0.0479258
-0.0474777
-0.0495629
-0.0471658
-0.0496133
-0.0514503
-0.0472712
-0.0549789
-0.0417329
-0.0530798
-0.0425103
-0.0513295
-0.050999
-0.0524215
-0.041837
-0.053282
-0.0428687
-0.0427181
-0.0484846
-0.0523518
-0.0453362
-0.0430797
-0.0528622
-0.0533612
-0.0492943
-0.0461689
-0.0465058
-0.046075
-0.0505263
-0.0494756
-0.0515217
-0.0433342
-0.0471455
-0.0467387
-0.0468531
-0.050087
-0.0516522
-0.0456826
-0.0488635
-0.048171
-0.0507741
-0.0505277
-0.0498559
-0.0492856
-0.0495976
-0.0497115
-0.0499377
-0.0494578
-0.0501964
-0.048518
-0.0498279
-0.0498671
-0.0502153
-0.0500343
-0.050044
-0.0487827
-0.0541525
-0.0403638
-0.0494285
-0.0511486
-0.0505519
-0.0497014
-0.0484027
-0.0488714
-0.0507461
-0.0496141
-0.0491741
-0.0417711
-0.0503706
-0.0537409
-0.0475195
-0.0499506
-0.0504765
-0.0483186
-0.0543783
-0.0515728
-0.0413377
-0.052174
-0.0493598
-0.048982
-0.0511065
-0.0529602
-0.0471937
-0.0424005
-0.0460983
-0.051661
-0.0493444
-0.0497377
-0.0497242
-0.0496368
-0.0496517
-0.04967
-0.0497284
-0.0494439
-0.0495884
-0.049644
-0.0495758
-0.0497425
-0.0496707
-0.0496245
-0.0496557
-0.0498682
-0.0500748
-0.0498595
-0.0499415
-0.0498106
-0.0498492
-0.0481816
-0.0478342
-0.048232
-0.0498182
-0.0495441
-0.0496871
-0.0496726
-0.0493616
-0.0496016
-0.049583
-0.0496932
-0.049519
-0.0495963
-0.0495598
-0.0492513
-0.0496173
-0.0496428
-0.0495716
-0.0496205
-0.0496464
-0.0496755
-0.0488575
-0.0449008
-0.043268
-0.0477498
-0.0455895
-0.0450406
-0.0480089
-0.0458626
-0.0448077
-0.0451877
-0.049379
-0.0493969
-0.0492597
-0.0479943
-0.0476034
-0.0468388
-0.0425814
-0.0359426
-0.0478605
-0.0449411
-0.0341814
-0.043664
-0.0465931
-0.0444994
-0.0457749
-0.0375812
-0.031167
-0.0473372
-0.039629
-0.0398579
-0.0500957
-0.0427455
-0.0459677
-0.0377582
-0.0486768
-0.0490008
-0.0333606
-0.0449453
-0.0388619
-0.0348691
-0.042405
-0.0280519
-0.00284262
-0.0133727
-0.0120466
-0.0147851
-0.0115386
-0.0266991
0.000900061
0.00320721
-0.00616605
-0.000487413
-0.0177003
-0.00636861
-2.8439e-05
-0.00257009
-0.0152038
-0.0146
-0.00951985
-0.000149605
-0.0280754
-0.00342877
-0.017433
-0.0108378
-0.0203859
-0.0152895
-0.0264556
-0.000422839
4.17163e-05
0.00613799
-0.0115932
-0.013456
-0.024749
0.00632678
-0.0116589
-0.0134658
0.00558469
-0.00754478
-0.0136092
-0.0243388
-0.0122757
0.00445193
-0.0125045
-0.0274524
-0.0238875
-0.0294445
-0.0375678
-0.0205003
-0.0420405
-0.0333389
-0.0366423
-0.0227831
-0.0424478
-0.0383106
-0.0450646
-0.0400941
-0.0354308
-0.0311211
-0.0439456
-0.0360733
-0.0369471
-0.0433636
-0.0270801
-0.0284294
-0.0276364
-0.0309926
-0.0416942
-0.00446999
-0.0168742
-0.0187625
-0.041389
-0.0453046
-0.0460895
-0.0429115
-0.0483728
-0.0418171
-0.0459704
-0.0478829
-0.0483065
-0.0482244
-0.0496244
-0.0498881
-0.0496962
-0.0496931
-0.0497303
-0.049327
-0.0497473
-0.0496117
-0.0496538
-0.0496502
-0.0497314
-0.0496384
-0.0500489
-0.0498649
-0.0498983
-0.0498385
-0.0497828
-0.0498397
-0.0496102
-0.0493425
-0.0495791
-0.0496858
-0.0495006
-0.0495905
-0.0495612
-0.0500647
-0.0496014
-0.0498927
-0.0498767
-0.0497867
-0.0497079
-0.0498048
-0.0478206
-0.0481787
-0.0482086
-0.0498166
-0.0496571
-0.0495824
-0.0496629
-0.049233
-0.0496323
-0.0496368
-0.0495938
-0.0495703
-0.0496341
-0.0496825
-0.0434188
-0.0408272
-0.0481469
-0.0497132
-0.0458465
-0.0477007
-0.0488458
-0.0470969
-0.0485218
-0.0480261
-0.0431928
-0.050137
-0.0431964
-0.0504263
-0.0498299
-0.0452081
-0.0494311
-0.0499982
-0.0478619
-0.0494664
-0.0487108
-0.0403756
-0.0460405
-0.0478009
-0.0446193
-0.0481734
-0.048536
-0.0461609
-0.0474355
-0.0481147
-0.0459594
-0.0460601
-0.0468333
-0.0496364
-0.0495091
-0.0495059
-0.0483577
-0.0485138
-0.0487795
-0.0496657
-0.0506213
-0.0490957
-0.0491123
-0.0523443
-0.0395346
-0.0500725
-0.0487461
-0.049805
-0.0467558
-0.0492686
-0.0496198
-0.0511444
-0.0476172
-0.0501923
-0.0496799
-0.0514624
-0.0391229
-0.0510422
-0.0508837
-0.0481732
-0.050995
-0.0453553
-0.0488309
-0.0435232
-0.050653
-0.0498695
-0.0454015
-0.0500559
-0.0488364
-0.0519014
-0.0500225
-0.0491463
-0.0480459
-0.0486207
-0.0470164
-0.0479649
-0.0482606
-0.0498249
-0.0492936
-0.0490045
-0.0503357
-0.0485322
-0.0484749
-0.0462593
-0.0477439
-0.0518705
-0.0485565
-0.0511707
-0.0531044
-0.0470498
-0.0536125
-0.0424301
-0.0537971
-0.0491576
-0.0495605
-0.0501043
-0.0496271
-0.0479445
-0.0465265
-0.0494255
-0.0491316
-0.0501195
-0.0494491
-0.0490844
-0.0497619
-0.0510566
-0.049556
-0.048458
-0.0496661
-0.051018
-0.0493207
-0.0490967
-0.0495972
-0.0491666
-0.0480745
-0.04894
-0.0484477
-0.048363
-0.049409
-0.0501504
-0.0493456
-0.0493652
-0.0504252
-0.0487029
-0.0503893
-0.0468188
-0.0499137
-0.0515955
-0.0423626
-0.0516729
-0.0414092
-0.0490867
-0.0525378
-0.0513239
-0.0474823
-0.0491484
-0.0532036
-0.0493742
-0.0494289
-0.0494262
-0.050149
-0.0500277
-0.0489605
-0.0511712
-0.0526519
-0.0482383
-0.0412066
-0.0492848
-0.0476199
-0.0525835
-0.0492531
-0.0523215
-0.0498404
-0.0498626
-0.0498048
-0.0497388
-0.0498442
-0.0497836
-0.049837
-0.0497081
-0.0476641
-0.0477811
-0.0479386
-0.050048
-0.048721
-0.0502373
-0.0497786
-0.0503189
-0.0481955
-0.0496725
-0.0498088
-0.048611
-0.0498571
-0.0414171
-0.0497468
-0.0364916
-0.0519191
-0.0521052
-0.0489705
-0.0345372
-0.0506115
-0.0472076
-0.0493259
-0.0474185
-0.0522383
-0.0508679
-0.0508409
-0.0460789
-0.0358521
-0.0505607
-0.0484612
-0.0487631
-0.0465224
-0.0522417
-0.0498692
-0.045207
-0.0499286
-0.0516441
-0.0480036
-0.0497278
-0.0488273
-0.0496008
-0.0497013
-0.0496587
-0.0498544
-0.0496757
-0.0444935
-0.030117
-0.0312215
-0.0459246
-0.0383319
-0.0418875
-0.0427776
-0.0482819
-0.0393174
-0.0485945
-0.048404
-0.0452197
-0.0456497
-0.0447936
-0.0507375
-0.0455884
-0.0499892
-0.0495045
-0.049464
-0.0505877
-0.0379166
-0.0312232
-0.0419591
-0.0369034
-0.0397861
-0.0471387
-0.00452024
-0.0144563
-0.00306741
-0.000932704
0.0011787
-0.0043486
-0.00636298
-0.00664926
-0.00641286
-0.0129691
-0.0120635
-0.00645756
-0.0328072
-0.0259087
-0.0200967
-0.021199
-0.0297684
-0.0344371
-0.017315
-0.0328682
-0.0222238
-0.0179926
-0.0292208
-0.0283894
-0.015926
-0.0358754
0.00704482
-0.00616569
-0.0200722
-0.00131455
-0.00913377
-0.00243377
0.00138531
0.00418177
0.0035984
-0.00108882
0.0010307
0.00271463
0.00349432
-0.0201146
-0.0119527
0.00401999
0.00401803
-0.0120596
0.00195113
-0.0368933
-0.0261185
-0.012686
-0.0287889
-0.028957
-0.0269232
-0.0365823
-0.0198248
-0.0204043
-0.00695517
-0.04889
-0.0499517
-0.0501536
-0.0502102
-0.050302
-0.0500602
-0.0504124
-0.0488056
-0.0497001
-0.0496093
-0.0496461
-0.0498525
-0.0496438
-0.0496403
-0.0363986
-0.0313272
-0.0302277
-0.0432548
-0.0310944
-0.0339613
-0.0403349
-0.0327053
-0.0225204
-0.00381676
-0.0225119
-0.025708
-0.0346871
-0.017822
-0.030139
-0.034515
-0.0341789
-0.018072
-0.0370151
-0.0368451
-0.0260215
-0.0231809
-0.0389054
-0.034853
-0.0292461
-0.0396891
-0.0500062
-0.0440415
-0.0470396
-0.0468026
-0.0467102
-0.0438331
-0.047287
-0.0496793
-0.049802
-0.0477961
-0.0506456
-0.0468896
-0.0517788
-0.050129
-0.0464652
-0.0496092
-0.0468064
-0.0432779
-0.0509102
-0.0410745
-0.0501866
-0.044124
-0.0517748
-0.0498107
-0.0498539
-0.049782
-0.0498415
-0.0497983
-0.0498359
-0.0498639
-0.049854
-0.0498548
-0.0498062
-0.0497496
-0.0497912
-0.0498561
-0.0498477
-0.043829
-0.0530639
-0.051063
-0.0482167
-0.049216
-0.0432278
-0.0514636
-0.0509963
-0.0460351
-0.053591
-0.0429722
-0.0507732
-0.0454431
-0.053368
-0.0463502
-0.050808
-0.0480298
-0.04373
-0.0515824
-0.045901
-0.0528413
-0.0452076
-0.050643
-0.0482269
-0.0445054
-0.0515632
-0.0487648
-0.0466114
-0.0497929
-0.050566
-0.0497328
-0.0512164
-0.0499129
-0.0497672
-0.0496665
-0.0497405
-0.0500077
-0.0486243
-0.0498983
-0.0498575
-0.0497282
-0.0496863
-0.0500746
-0.0498664
-0.0479943
-0.0494653
-0.0481382
-0.0478881
-0.0488769
-0.0489579
-0.048356
-0.0472535
-0.0502984
-0.0494321
-0.0496318
-0.0496305
-0.0506446
-0.0497445
-0.0504993
-0.0498571
-0.0496185
-0.0501315
-0.0485927
-0.0492817
-0.0499723
-0.0496908
-0.0497067
-0.0489662
-0.0496306
-0.0501711
-0.0497514
-0.0494262
-0.0496534
-0.0486692
-0.04681
-0.0502269
-0.051967
-0.0496663
-0.0481134
-0.0505732
-0.0495671
-0.050487
-0.0512269
-0.0483979
-0.0526136
-0.0499436
-0.0478288
-0.0502646
-0.0476685
-0.0484173
-0.0490329
-0.0495422
-0.0495849
-0.0499714
-0.0500812
-0.0497416
-0.049762
-0.049143
-0.0495966
-0.0498791
-0.0498366
-0.048982
-0.0486733
-0.048429
-0.0480396
-0.0490046
-0.0480531
-0.050613
-0.0483866
-0.0498817
-0.050567
-0.0491078
-0.0506933
-0.0478604
-0.0495547
-0.048534
-0.048456
-0.0489919
-0.0480171
-0.0495442
-0.0493229
-0.0494942
-0.0494673
-0.0498637
-0.0498214
-0.0496548
-0.0496106
-0.0497654
-0.0497734
-0.0497296
-0.0495459
-0.049819
-0.0493827
-0.0495386
-0.0494841
-0.0495542
-0.04948
-0.0495164
-0.0496351
-0.0497954
-0.0497246
-0.0496587
-0.0498227
-0.0496279
-0.0494732
-0.0497834
-0.0494129
-0.0497252
-0.0497189
-0.0501034
-0.049795
-0.04942
-0.0498052
-0.0496598
-0.049759
-0.0491816
-0.0492789
-0.049858
-0.0497675
-0.0488596
-0.0496727
-0.0498367
-0.0497495
-0.0496774
-0.0499945
-0.049659
-0.0495363
-0.0497826
-0.0497411
-0.0491163
-0.0498689
-0.0485218
-0.0495173
-0.0502304
-0.0477076
-0.0499468
-0.049008
-0.0501296
-0.0500684
-0.0493798
-0.0497092
-0.049665
-0.0494519
-0.0500904
-0.0496981
-0.0498347
-0.0487661
-0.0440314
-0.0504649
-0.0497718
-0.0514309
-0.0500468
-0.0497184
-0.0415413
-0.050147
-0.0463936
-0.0422214
-0.0479416
-0.0497961
-0.0514414
-0.0490852
-0.0502728
-0.0498124
-0.0494399
-0.0511519
-0.0481085
-0.0507083
-0.0508405
-0.0511776
-0.0497
-0.0496715
-0.0498604
-0.0496581
-0.0501019
-0.0465881
-0.0502266
-0.0403295
-0.0498302
-0.0488678
-0.0488282
-0.0498822
-0.0503974
-0.0470353
-0.0374921
-0.0518527
-0.0482795
-0.0477935
-0.0481642
-0.0390308
-0.0465615
-0.0497094
-0.0523179
-0.0495134
-0.045314
-0.0423276
-0.0455512
-0.0231017
-0.0441986
-0.0335757
-0.0404895
-0.0320325
-0.034645
-0.0382546
-0.0374529
-0.0493985
-0.0397155
-0.0505494
-0.0489765
-0.0431254
-0.0518215
-0.0491108
-0.051532
-0.0514066
-0.0496042
-0.0494912
-0.0494523
-0.0503444
-0.0497694
-0.0490461
-0.0500956
-0.0270277
-0.021792
-0.0367812
-0.0386241
-0.0253053
-0.0264694
-0.03629
-0.00469107
-0.00171281
0.00187961
-0.00593682
-0.00879658
-0.0116839
-0.00687657
-0.0104359
-0.00903957
-0.0092578
-0.00920403
-0.0104046
-0.00527835
-0.00167565
-0.0027968
-0.00689315
-0.0140212
0.00827888
-0.0177854
0.00718259
-0.0139639
0.00773711
-0.0183998
-0.0109121
-0.0121535
0.00169281
0.0110466
-0.00846859
-0.0175419
-0.0281894
-0.0440828
-0.0445407
-0.0299709
-0.0442866
-0.0353082
-0.0292843
-0.0230954
-0.0184325
-0.0397243
-0.0406837
-0.0199448
-0.0243717
-0.0414946
-0.0144704
-0.0011441
-0.00713538
-0.022951
-0.0363987
-0.0395124
-0.0259844
-0.0234038
-0.0413253
-0.0182633
-0.0240481
-0.0430084
-0.0402831
-0.0319176
-0.0252703
-0.0427582
-0.0287786
-0.0455307
-0.0381784
-0.0465002
-0.0528075
-0.0451542
-0.0498344
-0.047599
-0.0528777
-0.0519183
-0.0490605
-0.0453261
-0.0507975
-0.0449116
-0.0502025
-0.0518805
-0.04857
-0.0366077
-0.0462249
-0.0467978
-0.0457071
-0.0525743
-0.049299
-0.0373254
-0.0521744
-0.049827
-0.0467736
-0.049287
-0.0499627
-0.0494356
-0.0508943
-0.0497168
-0.0523358
-0.0503824
-0.0511452
-0.0492776
-0.0466536
-0.0509769
-0.0481095
-0.0504668
-0.0415312
-0.0493384
-0.049138
-0.0467335
-0.0473593
-0.0420861
-0.0463127
-0.0464305
-0.0499696
-0.0492906
-0.048305
-0.0499255
-0.0479181
-0.0499436
-0.0492826
-0.0506899
-0.0515516
-0.0522681
-0.0511538
-0.0493753
-0.0502612
-0.044873
-0.0525688
-0.0507346
-0.045142
-0.0461529
-0.0467024
-0.0536099
-0.0456524
-0.0509302
-0.0475924
-0.0486485
-0.04889
-0.0495292
-0.0488678
-0.0516515
-0.0482967
-0.0507088
-0.0492513
-0.0509312
-0.0494214
-0.0490645
-0.0497234
-0.0501255
-0.0503388
-0.0497125
-0.0490325
-0.051251
-0.0446345
-0.0489609
-0.0504057
-0.0493134
-0.0489671
-0.0504165
-0.0491416
-0.0501895
-0.0497851
-0.0495199
-0.0492345
-0.0514861
-0.0490506
-0.0505905
-0.0496815
-0.0455732
-0.0496167
-0.049648
-0.0494248
-0.0496351
-0.0496195
-0.0487881
-0.0497644
-0.0493855
-0.0490678
-0.0490235
-0.0507751
-0.0489547
-0.045764
-0.0503737
-0.0471909
-0.0495383
-0.049912
-0.0492691
-0.0492703
-0.0493393
-0.049367
-0.048708
-0.0494645
-0.0493944
-0.0503183
-0.0493973
-0.0497345
-0.0492033
-0.0499829
-0.0503587
-0.0502497
-0.0485828
-0.0497494
-0.0498117
-0.0495509
-0.0497238
-0.0498409
-0.0496577
-0.0495347
-0.0498367
-0.0496376
-0.0496217
-0.0495379
-0.049577
-0.0495996
-0.0496879
-0.0496145
-0.0490238
-0.0497222
-0.049569
-0.0495935
-0.049543
-0.0496327
-0.0496143
-0.0495911
-0.0495478
-0.0496458
-0.0496185
-0.0496259
-0.0495923
-0.0496416
-0.049587
-0.0496363
-0.0496275
-0.0496203
-0.0496064
-0.0495723
-0.0496289
-0.0495906
-0.0496968
-0.0496795
-0.0503055
-0.0500558
-0.0491246
-0.0494635
-0.0492907
-0.0495445
-0.0493266
-0.0486226
-0.0493026
-0.0495052
-0.0496547
-0.0496079
-0.0495931
-0.049724
-0.0497283
-0.0495052
-0.0492894
-0.0492631
-0.04969
-0.0482618
-0.049858
-0.0497151
-0.0495349
-0.0494931
-0.049753
-0.0495266
-0.0493907
-0.0501822
-0.0496351
-0.0495075
-0.049661
-0.0497165
-0.0499112
-0.0495399
-0.0496594
-0.0495813
-0.0482151
-0.0491151
-0.0497549
-0.049518
-0.0499336
-0.0495342
-0.0467138
-0.0481743
-0.0502839
-0.0501198
-0.0429617
-0.0434929
-0.0529765
-0.0485671
-0.0511334
-0.0541712
-0.048503
-0.0477487
-0.0496666
-0.0480202
-0.0498428
-0.05007
-0.046428
-0.0503089
-0.0496512
-0.0495918
-0.0491698
-0.0497006
-0.0460494
-0.0498911
-0.0496168
-0.0501038
-0.0471312
-0.049417
-0.049102
-0.0473912
-0.0475384
-0.0381725
-0.0516941
-0.0496281
-0.0504492
-0.0485216
-0.0466753
-0.0472577
-0.0280027
-0.0436815
-0.0457166
-0.0325329
-0.0397084
-0.0329165
-0.0466321
-0.0408534
-0.046946
-0.0401395
-0.0488577
-0.0457153
-0.0373413
-0.0377072
-0.0483818
-0.0385815
-0.0469757
-0.0399903
-0.0438961
-0.0502019
-0.049068
-0.0477056
-0.0500576
-0.0499045
-0.0501216
-0.0503305
-0.0189878
-0.00133032
-0.0273927
-0.0058916
-0.0191956
-0.000515401
-0.0261805
-0.00865917
-0.00661197
-0.00863269
-0.00666023
-0.0134261
-0.0164046
0.00257604
0.0103363
-0.021774
-0.0152705
-0.0273716
-0.00244362
-0.0282269
-0.00363464
-0.029014
-0.00351495
-0.0261621
-0.0267841
-0.00247086
-0.0260398
2.36329e-05
-0.026865
-0.00241523
-0.0260349
-0.0267497
-0.0226931
-0.0010479
0.000580181
-0.00245884
-0.0256308
-0.0270429
-0.028962
-0.0447876
-0.0395338
-0.0321429
-0.0405257
-0.0305178
-0.0330369
-0.0384578
-0.0351787
-0.0405826
-0.0383824
-0.037833
-0.0353179
-0.0402139
-0.0195283
-0.0182822
-0.0072181
-0.00762672
-0.00845242
-0.0056438
-0.0358515
-0.0454988
-0.0428596
-0.033234
-0.0340191
-0.0427062
-0.0331553
-0.0330785
-0.0386591
-0.0384022
-0.0373773
-0.0353512
-0.0392442
-0.0349625
-0.00790543
-0.0488501
-0.0372334
-0.0450437
-0.0465839
-0.0488196
-0.0503431
-0.0428525
-0.0488544
-0.0485345
-0.0503246
-0.0437578
-0.049713
-0.044744
-0.0491252
-0.0465238
-0.0490385
-0.0440681
-0.0488322
-0.0502175
-0.0503977
-0.0453638
-0.0487995
-0.0464216
-0.0471437
-0.0519773
-0.0498226
-0.0487134
-0.0484402
-0.0400626
-0.050011
-0.0480743
-0.0410514
-0.0468187
-0.0469502
-0.049632
-0.0467162
-0.0497936
-0.0475659
-0.0497464
-0.0490073
-0.0495827
-0.0481788
-0.0492742
-0.0486445
-0.0493935
-0.0482624
-0.048658
-0.048718
-0.05109
-0.0496444
-0.0506664
-0.0500191
-0.0437265
-0.0496467
-0.0501333
-0.0495338
-0.0496723
-0.0495812
-0.0496588
-0.0497802
-0.0488055
-0.0471061
-0.0485219
-0.047616
-0.0496437
-0.0499081
-0.0484415
-0.0495181
-0.0496005
-0.0498673
-0.0485418
-0.0492266
-0.0482279
-0.0491541
-0.0487275
-0.0498564
-0.0487035
-0.0495885
-0.0494762
-0.0498426
-0.0488558
-0.0505294
-0.0469376
-0.0503382
-0.0486845
-0.049621
-0.049856
-0.0491442
-0.049473
-0.0495659
-0.0502327
-0.0491316
-0.0492673
-0.0482703
-0.0500916
-0.0495376
-0.0496647
-0.0497354
-0.0499558
-0.0502896
-0.0494119
-0.0497923
-0.049544
-0.0497046
-0.0496014
-0.049618
-0.0496214
-0.050371
-0.0495631
-0.0492833
-0.0499991
-0.0499456
-0.0500818
-0.0488096
-0.0500466
-0.0477599
-0.0496346
-0.0497302
-0.0494926
-0.0497429
-0.0494807
-0.0497101
-0.0497146
-0.0493662
-0.0498828
-0.0493809
-0.050189
-0.0503281
-0.0497592
-0.0497539
-0.0496528
-0.0498798
-0.0498617
-0.0498292
-0.0495866
-0.049429
-0.0495851
-0.0498172
-0.0501471
-0.0496643
-0.0497116
-0.0503485
-0.0496389
-0.0482082
-0.0503273
-0.0498067
-0.0496463
-0.0495119
-0.0498669
-0.0498071
-0.0495858
-0.0484974
-0.0485682
-0.0493002
-0.0488524
-0.0495636
-0.0497536
-0.049749
-0.0489378
-0.0488839
-0.0498391
-0.0489748
-0.0499597
-0.0490094
-0.0494284
-0.0493833
-0.0496897
-0.0487173
-0.0495472
-0.0498093
-0.0500328
-0.0497229
-0.0498955
-0.0504349
-0.0465494
-0.0493394
-0.0455193
-0.0427485
-0.0540857
-0.0503084
-0.0492492
-0.0502742
-0.0449418
-0.0533693
-0.0503539
-0.050337
-0.048394
-0.0502644
-0.0497019
-0.0517207
-0.0466857
-0.0491762
-0.0520314
-0.0498697
-0.0498138
-0.0499228
-0.0498224
-0.0498324
-0.0497854
-0.04985
-0.0497449
-0.0498615
-0.0497927
-0.0498309
-0.049727
-0.0497845
-0.0498175
-0.0500126
-0.0539659
-0.0484768
-0.0543474
-0.0403218
-0.0424
-0.0534254
-0.0544297
-0.0512631
-0.0528152
-0.0426342
-0.048969
-0.0473658
-0.0496312
-0.0523996
-0.049918
-0.0494246
-0.0497063
-0.0496702
-0.0420519
-0.0499376
-0.0488529
-0.0509172
-0.0485963
-0.0552688
-0.0463527
-0.0490165
-0.0528726
-0.0523984
-0.047998
-0.0471726
-0.040256
-0.0520357
-0.0501126
-0.0461512
-0.0494929
-0.0390367
-0.0495139
-0.0262407
-0.0370741
-0.0307856
-0.0497006
-0.049703
-0.0488842
-0.0496649
-0.0498437
-0.0496295
-0.0496254
-0.0502878
-0.0501745
-0.0491479
-0.0502995
-0.0505749
-0.0504897
-0.0507595
-0.0499986
-0.0439589
-0.0300197
-0.0471929
-0.0463921
-0.048873
-0.0434801
-0.049873
-0.0459532
-0.0396595
-0.0433505
-0.0490833
-0.0507502
-0.0422257
-0.0480167
-0.0411993
-0.044137
-0.0492616
-0.049285
-0.0387725
-0.0479545
-0.0465439
-0.0445758
-0.04148
-0.0417529
-0.0400607
-0.0160426
-0.0268072
-0.0219839
-0.0100005
-0.0277417
-0.0188356
-0.000238031
-0.022724
-0.0239104
-0.0289643
-0.0270935
-0.0246094
-0.017653
-0.0264832
0.0037111
0.0115824
0.00962804
-0.0227106
-0.0295417
-0.0311798
-0.0228872
-0.0189512
-0.0283523
-0.0196332
-0.0146892
-0.0172461
-0.024827
0.00166206
-0.00669388
-0.0273602
0.00330564
-0.0175459
-0.0274509
-0.0264803
-0.0139613
-0.0290824
-0.0199064
-0.0171809
-0.0243943
-0.0251571
-0.0360445
-0.0338879
-0.0250698
-0.0252233
-0.033487
0.00531327
-0.00211356
-0.00402764
0.0117751
0.0132133
0.0147711
-0.0200522
-0.0302539
-0.0360796
-0.0258205
-0.0257279
-0.032534
-0.0160194
-0.0155407
-0.0263212
-0.029265
-0.0197621
-0.0145462
-0.0293305
-0.0196003
0.00980921
-0.0312382
-0.0199042
-0.0306525
-0.00364006
-0.0209587
-0.0312699
-0.0277489
-0.0120758
-0.0110091
-0.0267605
-0.0380613
-0.0310523
-0.00794224
-0.0336614
-0.0218367
-0.023359
-0.00188364
-0.0277273
-0.0496973
-0.048887
-0.0497008
-0.049849
-0.0496538
-0.0496295
-0.0496213
-0.0503026
-0.0491969
-0.0501977
-0.0505792
-0.0503272
-0.0505248
-0.0507892
-0.0459167
-0.0436268
-0.0383925
-0.046252
-0.0427228
-0.0477539
-0.044843
-0.0468212
-0.042802
-0.0361483
-0.0524855
-0.0533069
-0.0493681
-0.0388566
-0.0500313
-0.0439843
-0.0514732
-0.0480727
-0.04245
-0.0496389
-0.0486391
-0.0503254
-0.0461917
-0.0494489
-0.0466315
-0.0420846
-0.0358765
-0.0390216
-0.0501878
-0.0487728
-0.048031
-0.044144
-0.0506208
-0.0474545
-0.05164
-0.0430472
-0.0529052
-0.0506353
-0.0413459
-0.0433652
-0.0468007
-0.0392778
-0.0490173
-0.0498691
-0.0499247
-0.049797
-0.0498413
-0.0498197
-0.0497739
-0.049846
-0.0497467
-0.0497748
-0.0498716
-0.0497391
-0.0498299
-0.0497786
-0.0498131
-0.0485741
-0.0523734
-0.0530407
-0.0422079
-0.0432644
-0.0531772
-0.0482342
-0.0544866
-0.0541306
-0.0512468
-0.0436253
-0.0443262
-0.0445688
-0.0533509
-0.0456158
-0.049351
-0.049315
-0.0498403
-0.049932
-0.0493541
-0.048718
-0.0499781
-0.0496111
-0.0503273
-0.0498889
-0.0457847
-0.0498914
-0.0489972
-0.0489823
-0.0501848
-0.0502778
-0.049345
-0.0497193
-0.0495035
-0.049925
-0.0490796
-0.0499088
-0.0484803
-0.0495679
-0.0489301
-0.0487064
-0.0499104
-0.0497767
-0.049686
-0.0497293
-0.0495058
-0.0500043
-0.0497447
-0.0473602
-0.0491369
-0.0448798
-0.05174
-0.0479498
-0.0492202
-0.0525383
-0.0527898
-0.0485166
-0.0455986
-0.0474797
-0.0483187
-0.0496915
-0.0495177
-0.0517091
-0.0496727
-0.0501117
-0.0464878
-0.04497
-0.0487166
-0.0517157
-0.0509951
-0.050687
-0.0506445
-0.0453123
-0.0466046
-0.0425041
-0.04633
-0.0517068
-0.0465349
-0.0432885
-0.045924
-0.049453
-0.0479128
-0.0484841
-0.0477399
-0.0474108
-0.0499086
-0.0494034
-0.0495191
-0.0508974
-0.0495806
-0.0479231
-0.0500632
-0.0495576
-0.0510357
-0.0477624
-0.0487899
-0.0482711
-0.0470756
-0.049356
-0.0463548
-0.0475447
-0.0478815
-0.0474018
-0.0474361
-0.047372
-0.04827
-0.0500211
-0.049552
-0.0492571
-0.0493142
-0.0492477
-0.047486
-0.0498571
-0.0499088
-0.0486219
-0.0496613
-0.050102
-0.0495158
-0.0496935
-0.0475513
-0.0428915
-0.044168
-0.0486644
-0.0507708
-0.0488962
-0.0442695
-0.0432732
-0.0482687
-0.0482366
-0.0479215
-0.0495038
-0.0496724
-0.0498545
-0.0496853
-0.0499055
-0.0496109
-0.0500779
-0.0497452
-0.0498798
-0.0497101
-0.0498135
-0.0496305
-0.049444
-0.0496671
-0.0495655
-0.0497802
-0.0496417
-0.0496059
-0.0498553
-0.0500361
-0.0496432
-0.0498122
-0.0499301
-0.0497744
-0.0498234
-0.0496898
-0.0493118
-0.0497385
-0.0496463
-0.0496618
-0.0496984
-0.0497327
-0.0482632
-0.0482691
-0.0478638
-0.0496153
-0.0499798
-0.0496513
-0.0497356
-0.0496975
-0.0494763
-0.0495749
-0.0498467
-0.049572
-0.0496555
-0.049608
-0.0468336
-0.0479606
-0.0442514
-0.0496209
-0.0355401
-0.0501089
-0.048975
-0.0484168
-0.0518963
-0.0510018
-0.0510321
-0.0380068
-0.0493025
-0.0499856
-0.0499051
-0.0463626
-0.0494906
-0.0498276
-0.0495214
-0.0476711
-0.0451857
-0.045017
-0.048267
-0.0495151
-0.0405895
-0.047611
-0.0386705
-0.045597
-0.0473431
-0.0486078
-0.0477311
-0.046423
-0.0446484
-0.0431057
-0.0425614
-0.0477793
-0.0468816
-0.0426107
-0.0359233
-0.0397056
-0.0383514
-0.0390938
-0.0355049
-0.0359159
-0.0393682
-0.00681653
0.00490645
-0.00617496
-0.00851992
-0.0194969
-0.00866552
-0.0235138
-0.0135302
-0.0240704
-0.0364378
-0.0140271
-0.0286056
-0.0202238
-0.0370929
-0.00805449
-0.00849203
-0.00406512
-0.0085449
-0.0234942
-0.0231906
0.00301609
-0.0159305
-0.00934492
-0.00644426
-0.0234473
-0.00690543
-0.0337119
-0.0276221
-0.0355293
-0.023226
-0.00509984
0.00165112
-0.00266086
-0.00147067
-0.0017047
-0.014301
-0.0219536
0.00323378
0.00130143
-0.0223384
-0.0138127
0.000645346
-0.0149845
-0.00208521
0.00218595
-0.0233201
-0.0227982
-0.000149002
-0.0161322
0.00266954
-0.000959173
0.00306969
-0.00113534
-0.01521
-0.0150866
-0.0221051
-0.0151702
-0.0239502
-0.0446969
-0.036437
-0.0414757
-0.0380599
-0.041551
-0.03091
-0.0211245
-0.0363723
-0.0156925
-0.0241456
-0.0155626
-0.0354854
-0.0128264
-0.0297107
-0.0287275
-0.0288146
-0.0307739
-0.0284245
-0.036268
-0.0244806
-0.0483206
-0.0505742
-0.0513211
-0.0508852
-0.0433764
-0.0434746
-0.0423197
-0.0423028
-0.0496656
-0.0416963
-0.0409964
-0.0491779
-0.0456916
-0.050546
-0.0497376
-0.0459687
-0.0507489
-0.0486085
-0.0486641
-0.0456064
-0.0501249
-0.0489939
-0.0495152
-0.0501549
-0.0485785
-0.0483791
-0.0496053
-0.0496192
-0.0492594
-0.0495742
-0.049556
-0.0496287
-0.0496661
-0.049618
-0.0496553
-0.0494227
-0.0495481
-0.0497654
-0.0496321
-0.0495961
-0.0482588
-0.0479052
-0.0482289
-0.0496548
-0.049548
-0.0498475
-0.0496799
-0.0499073
-0.0500679
-0.0496143
-0.0497489
-0.0498622
-0.0497012
-0.0498094
-0.0500518
-0.0498513
-0.0496708
-0.0499422
-0.0498168
-0.0497781
-0.0498325
-0.0497231
-0.0496006
-0.0495084
-0.0498785
-0.0495904
-0.0496744
-0.0496301
-0.0496931
-0.0497357
-0.0493361
-0.0496352
-0.0496686
-0.0496915
-0.0497343
-0.0483025
-0.047909
-0.0483144
-0.0500108
-0.0496556
-0.0496808
-0.0497511
-0.0500996
-0.0509538
-0.0481871
-0.042711
-0.0494053
-0.0536286
-0.0459066
-0.0517724
-0.0473402
-0.0462883
-0.0488592
-0.0548478
-0.0480234
-0.0487804
-0.0485069
-0.0494748
-0.0436627
-0.0495003
-0.0458048
-0.0485421
-0.0457329
-0.0426681
-0.0458127
-0.0514423
-0.050994
-0.0500557
-0.047278
-0.048197
-0.049931
-0.0482268
-0.0501236
-0.0484283
-0.0477126
-0.0489209
-0.0475029
-0.0483725
-0.0461118
-0.0531731
-0.0483449
-0.0481317
-0.0522973
-0.0461621
-0.0505622
-0.047274
-0.0512842
-0.050641
-0.048553
-0.0471041
-0.0498011
-0.0520506
-0.0469276
-0.051736
-0.0476344
-0.0487519
-0.0490098
-0.0493993
-0.0517481
-0.0523741
-0.0498985
-0.0523166
-0.0493286
-0.049929
-0.0498297
-0.0489424
-0.0490485
-0.0475511
-0.0528599
-0.0489277
-0.0487768
-0.0500887
-0.0480918
-0.0495577
-0.0498841
-0.049091
-0.0483372
-0.0498452
-0.0495753
-0.0483627
-0.0496464
-0.0484538
-0.0497062
-0.049221
-0.049922
-0.0498534
-0.0484861
-0.0490127
-0.0480616
-0.0489395
-0.0481182
-0.0486663
-0.0498291
-0.0498713
-0.0499606
-0.0503085
-0.0498902
-0.049607
-0.0457565
-0.0492299
-0.0488995
-0.050925
-0.0489803
-0.0502644
-0.050263
-0.0504994
-0.0496541
-0.049492
-0.0455534
-0.0458827
-0.0506092
-0.0505793
-0.0500294
-0.0463864
-0.0499161
-0.0450742
-0.0512621
-0.05164
-0.0545273
-0.054555
-0.0496603
-0.0451556
-0.0463353
-0.0459084
-0.0521138
-0.0499728
-0.0483702
-0.0500693
-0.0425641
-0.0489626
-0.044668
-0.0496105
-0.0496106
-0.0499734
-0.0496149
-0.0485526
-0.0494597
-0.0424877
-0.0434881
-0.0466992
-0.0501552
-0.0474354
-0.0501079
-0.0494819
-0.0509026
-0.0420113
-0.0470698
-0.0503402
-0.0432732
-0.0477284
-0.0472769
-0.0497226
-0.0476977
-0.0499634
-0.0461068
-0.0513502
-0.0464086
-0.0532133
-0.0416907
-0.0506583
-0.0411348
-0.050898
-0.045978
-0.052632
-0.0421986
-0.0471338
-0.0458495
-0.0448032
-0.0481417
-0.0456888
-0.045696
-0.0479368
-0.0454243
-0.0449577
-0.0453672
-0.0494021
-0.049586
-0.0494137
-0.04815
-0.0480081
-0.0477718
-0.052477
-0.0500684
-0.0442658
-0.0438726
-0.0484187
-0.0484274
-0.0502801
-0.0500272
-0.0489131
-0.0494207
-0.043479
-0.0498941
-0.0485113
-0.0473428
-0.0445444
-0.0462162
-0.048594
-0.0495434
-0.0495199
-0.0417069
-0.0513233
-0.0453609
-0.0434133
-0.0341583
-0.0499387
-0.0500973
-0.0489346
-0.0500334
-0.0502083
-0.0501257
-0.0503224
-0.0497389
-0.0496636
-0.0488432
-0.0496653
-0.0497047
-0.0498514
-0.0497095
-0.0365003
-0.0364414
-0.0422632
-0.0453734
-0.0425935
-0.0446615
-0.0417758
-0.0421534
-0.0463608
-0.0410376
-0.0416611
-0.045288
-0.0411519
-0.0359912
-0.0404889
-0.0454817
-0.0448902
-0.0360459
-0.0410486
-0.0413262
-0.036529
-0.0458451
-0.0413886
-0.0459232
-0.041217
-0.0361964
-0.0120927
0.00318644
-0.00881923
0.00411585
-0.00653082
-0.0188199
-0.0315735
-0.0196993
-0.0183488
-0.0056922
-0.0191531
-0.00455695
-0.00469871
-0.00610077
-0.0211176
-0.0305743
-0.0157079
-0.0174107
-0.0166774
-0.00812648
-0.00803318
-0.0073174
-0.031994
-0.00629687
-0.0212561
-0.0212726
-0.0333098
-0.0183957
-0.0195834
-0.000981282
-0.0130767
-0.000330678
-0.0127979
-4.19797e-05
0.000881133
0.00578787
-0.00754649
-0.0111656
0.00427267
-0.000784048
-0.000126071
-0.0127411
-0.00077588
-0.0127379
-0.0174541
-0.031051
-0.0179277
-0.0194348
-0.00377792
-0.0182491
-0.0237916
-0.0334838
-0.0226781
-0.0249021
-0.00790104
-0.0499438
-0.0489875
-0.0501035
-0.0501799
-0.050045
-0.0501256
-0.0503149
-0.0497369
-0.0488256
-0.0496732
-0.0496939
-0.049675
-0.0498511
-0.0497057
-0.0334807
-0.027608
-0.0269115
-0.0250357
-0.0340138
-0.025386
-0.0301619
-0.0207308
-0.0205852
-0.031855
-0.0186782
-0.0185102
-0.0497345
-0.0492735
-0.0449539
-0.0470859
-0.0484663
-0.0466431
-0.0494215
-0.0499951
-0.0496159
-0.0493929
-0.0445287
-0.0495288
-0.0472511
-0.04716
-0.0454371
-0.0459909
-0.0449881
-0.049037
-0.0468856
-0.0418814
-0.0434918
-0.0462827
-0.0426254
-0.0420021
-0.0477307
-0.0439251
-0.0435557
-0.0433143
-0.0526501
-0.0392271
-0.0399333
-0.0511022
-0.0401312
-0.0477914
-0.0487431
-0.0389907
-0.0501098
-0.0383465
-0.0467434
-0.0476717
-0.05419
-0.0403149
-0.0497304
-0.0529287
-0.0510856
-0.0471996
-0.0527104
-0.0547963
-0.0383645
-0.0495488
-0.0544367
-0.0522597
-0.0469509
-0.052709
-0.0496845
-0.0438276
-0.0480201
-0.0483537
-0.0500099
-0.0479573
-0.0482052
-0.0518546
-0.0417236
-0.0418333
-0.0455265
-0.0509188
-0.0509825
-0.0496027
-0.0464487
-0.0463244
-0.0489444
-0.0502723
-0.0503105
-0.0466483
-0.0436618
-0.0440946
-0.0453121
-0.0444402
-0.0398759
-0.0481879
-0.040927
-0.0484339
-0.0482841
-0.0452491
-0.039004
-0.0465856
-0.0448382
-0.0504121
-0.0531678
-0.0470941
-0.0439739
-0.0452306
-0.044608
-0.0500935
-0.0496888
-0.0491815
-0.0498592
-0.0459264
-0.0482902
-0.0486688
-0.0462006
-0.0468916
-0.0515997
-0.0527976
-0.0394618
-0.0495216
-0.0387722
-0.0526323
-0.0403041
-0.0396073
-0.0453257
-0.0370455
-0.0335733
-0.0443027
-0.0396076
-0.045096
-0.0500362
-0.049635
-0.0462097
-0.0491799
-0.0428187
-0.0494524
-0.0422584
-0.0483215
-0.0480869
-0.0390802
-0.0485232
-0.0386293
-0.045647
-0.0417461
-0.0421243
-0.0437195
-0.0383116
-0.0338315
-0.0342717
-0.0496682
-0.0513023
-0.0451829
-0.0489187
-0.0493065
-0.0501502
-0.0457889
-0.0492701
-0.0511047
-0.0500907
-0.0452736
-0.04913
-0.0502141
-0.0461326
-0.050022
-0.0525532
-0.0503326
-0.0480629
-0.0502126
-0.0500954
-0.0504167
-0.046649
-0.0457281
-0.043033
-0.0397491
-0.0496174
-0.046594
-0.0427543
-0.0518863
-0.0529514
-0.0360329
-0.0475709
-0.04524
-0.0504141
-0.0510072
-0.0438033
-0.0510937
-0.0477944
-0.0486779
-0.0365478
-0.0501614
-0.0481561
-0.0490256
-0.0421944
-0.0486958
-0.0489096
-0.0488841
-0.0426971
-0.0396138
-0.0405338
-0.0451209
-0.0367558
-0.0326907
-0.0404935
-0.0368239
-0.00778561
-0.0156358
-0.00356669
-0.00921731
-0.00542544
-0.00130853
-0.000198781
-0.0054498
-0.0194648
-0.00534151
-0.0093452
-0.00744674
-0.0366859
-0.0308404
-0.0188353
-0.0072236
-0.0359494
-0.0312241
-0.0223896
-0.0343706
-0.0240323
-0.0303536
-0.00882331
-0.0296275
-0.0339331
-0.0223067
-0.00408952
0.00217482
-0.00935017
-0.0175803
-0.0337812
-0.0293322
-0.0116332
-0.0325114
-0.0201926
-0.0185054
-0.0178778
-0.0199284
-0.000972193
-0.011735
-0.0171746
-0.0160743
-0.0159871
-0.0284922
-0.0331951
-0.0308547
-0.0181093
-0.0219692
-0.0015976
-0.000649282
-0.0157036
0.00367375
-0.0254195
-0.00536693
-0.0215361
-0.0139104
0.00580941
0.00514697
-0.00712428
-0.0196585
0.00267357
-0.00756075
0.00559986
0.00216936
0.00074197
-0.0023201
0.00343734
-0.00501143
-0.0213468
-0.00604489
-0.00832845
-0.000596004
0.00612692
-0.0313292
-0.0234806
-0.0299981
-0.0147638
-0.0293022
-0.0324863
-0.0227969
-0.0137222
0.00401674
0.00598274
-0.0141734
-0.0129089
-0.0277205
0.00555749
-0.0154909
-0.0128225
-0.0277276
0.00511211
-0.0146197
0.00611177
-0.0146228
0.00579705
-0.0126353
0.00375724
-0.0268098
-0.0153869
-0.027109
-0.0129571
0.00492295
-0.00764133
-0.0204747
-0.0210117
-0.0415354
-0.0445544
-0.0306087
-0.0356653
-0.0433866
-0.0429392
-0.0253778
-0.0360381
-0.0300876
-0.0132281
-0.0143789
-0.0367256
-0.0281908
-0.0223922
-0.0407396
-0.0351909
-0.0431998
-0.0255363
-0.0421537
-0.0427131
-0.0244943
-0.0319901
-0.0329196
-0.0225411
-0.031246
-0.0196234
-0.0435803
-0.0429734
-0.0359355
-0.0421143
-0.0425333
-0.0473604
-0.0381515
-0.0220588
-0.035387
-0.027368
-0.00689096
-0.033368
-0.0240268
-0.00876586
-0.0361933
-0.0417566
-0.0420519
-0.035848
-0.0407112
-0.0318519
-0.0376341
-0.00870118
-0.0236004
-0.0063226
-0.0217975
-0.022861
-0.029073
-0.0382793
-0.0316844
-0.0262299
-0.0216182
-0.021545
-0.0465503
-0.0470581
-0.0442406
-0.0441181
-0.0437766
-0.0446704
-0.0448833
-0.0442185
-0.0444032
-0.0468038
-0.0528461
-0.0481469
-0.0498837
-0.0494817
-0.0526764
-0.0499088
-0.0509743
-0.047212
-0.0441559
-0.0509927
-0.0343428
-0.0463251
-0.0525009
-0.0476294
-0.0510812
-0.0502032
-0.050049
-0.0498013
-0.0511398
-0.0464054
-0.0505145
-0.0369502
-0.0496433
-0.050697
-0.050522
-0.0493254
-0.0469891
-0.0378214
-0.0469925
-0.0485707
-0.0473926
-0.0497641
-0.0429849
-0.0484215
-0.050377
-0.0485964
-0.0424784
-0.0504847
-0.0483551
-0.0423429
-0.0485056
-0.0421222
-0.0504056
-0.0488799
-0.0508006
-0.0484681
-0.0425256
-0.0490218
-0.0436332
-0.0487892
-0.0433758
-0.0501671
-0.0496632
-0.0514106
-0.0453509
-0.0497731
-0.0523472
-0.049871
-0.0472468
-0.0503681
-0.0479774
-0.0502298
-0.0490143
-0.0515892
-0.0378087
-0.0361435
-0.0517446
-0.0468708
-0.0505737
-0.0496582
-0.0463807
-0.0483925
-0.0535568
-0.0382808
-0.0368365
-0.0483308
-0.0388451
-0.0527854
-0.0403875
-0.0464835
-0.0497368
-0.0468224
-0.0411476
-0.0433657
-0.0510975
-0.0503308
-0.0442992
-0.0362675
-0.0519067
-0.0507184
-0.0470379
-0.0473816
-0.0505784
-0.0503766
-0.0480973
-0.037931
-0.0517462
-0.0491547
-0.0503255
-0.0498349
-0.0454022
-0.0514966
-0.0499825
-0.0524775
-0.0499226
-0.0369398
-0.0484565
-0.0497998
-0.0485582
-0.0463981
-0.038342
-0.0536556
-0.0482548
-0.0390243
-0.0471017
-0.037634
-0.0519944
-0.0483604
-0.0478021
-0.0466114
-0.0524304
-0.0498716
-0.0496111
-0.0455407
-0.044062
-0.0453739
-0.0447247
-0.0501694
-0.049275
-0.0498702
-0.0484112
-0.0459777
-0.0500388
-0.0488245
-0.0463107
-0.0469726
-0.0518547
-0.0395568
-0.0496604
-0.0530286
-0.045547
-0.0381161
-0.0466546
-0.0529706
-0.0452808
-0.0500767
-0.047845
-0.0530527
-0.0520179
-0.0492814
-0.0454797
-0.0509753
-0.0449745
-0.0520118
-0.0503954
-0.0485984
-0.0366981
-0.0462848
-0.04686
-0.0458517
-0.0524875
-0.0373877
-0.0521988
-0.0493783
-0.0499028
-0.0467392
-0.0494217
-0.0501071
-0.0510545
-0.0498474
-0.0495958
-0.0486831
-0.0474907
-0.0431011
-0.0498662
-0.0485461
-0.0504156
-0.0426394
-0.0487704
-0.0425046
-0.0484832
-0.0505009
-0.0491377
-0.0437422
-0.0434971
-0.0488992
-0.048615
-0.04225
-0.049052
-0.0504109
-0.0426693
-0.0485759
-0.0508105
-0.0474771
-0.0475022
-0.0461033
-0.0498839
-0.0496038
-0.0501191
-0.04942
-0.0470685
-0.0492103
-0.0380133
-0.0517994
-0.0506103
-0.0496788
-0.0485268
-0.0474462
-0.0467258
-0.0399411
-0.048374
-0.0409486
-0.0483021
-0.0485186
-0.039101
-0.0452641
-0.0466872
-0.0449515
-0.0504566
-0.0471416
-0.0532203
-0.0488569
-0.0372239
-0.0449858
-0.0465561
-0.0488493
-0.0503475
-0.042803
-0.0489384
-0.048562
-0.0438124
-0.0503749
-0.0498001
-0.0444839
-0.0491439
-0.0465857
-0.0490236
-0.0439872
-0.0487925
-0.0502579
-0.0452664
-0.0487897
-0.0504502
-0.0445053
-0.0469741
-0.0529663
-0.0442162
-0.0510196
-0.0343929
-0.0525544
-0.0463987
-0.0481722
-0.0499793
-0.0527255
-0.0495855
-0.0472799
-0.0509571
-0.0500879
-0.0378555
-0.0469219
-0.0506405
-0.0370106
-0.0509223
-0.0497616
-0.047076
-0.0493939
-0.050777
-0.0476942
-0.0512052
-0.0502417
-0.0502975
-0.0464714
-0.0512384
-0.0500166
-0.0493727
-0.0390124
-0.0494347
-0.0467742
-0.0427014
-0.0360777
-0.0523076
-0.0532052
-0.0492857
-0.0387844
-0.0498963
-0.0438892
-0.0478907
-0.0514062
-0.0423086
-0.0496551
-0.0485164
-0.0503298
-0.0464841
-0.046066
-0.0494552
-0.0419829
-0.0357003
-0.0387727
-0.0500485
-0.0487687
-0.0441688
-0.0479336
-0.0465791
-0.0442138
-0.0471098
-0.0446171
-0.0437092
-0.0441295
-0.0449388
-0.0441942
-0.0425682
-0.0404821
-0.0394286
-0.0326572
-0.0365871
-0.0450863
-0.0403396
-0.0366375
-0.0044002
-0.0172063
-0.0191823
-0.00862268
-0.0237741
-0.0219368
-0.0064982
-0.0359141
-0.041406
-0.0357111
-0.041931
-0.0375432
-0.0315159
-0.0404885
-0.0218238
-0.0354194
-0.00680074
-0.027534
-0.00853187
-0.0237452
-0.0333977
-0.0214889
-0.0212892
-0.0226107
-0.0381086
-0.0292172
-0.0261287
-0.0316462
-0.0262694
-0.0371696
-0.0307339
-0.00961458
-0.00335829
2.65553e-05
-0.0312652
-0.0200192
-0.0308052
-0.00370479
-0.0211918
-0.0314814
-0.027866
-0.0268887
-0.0122124
-0.0111585
-0.0381329
-0.0312297
-0.0337763
-0.00795043
-0.0220364
-0.0234284
-0.0278853
-0.00196092
-0.0447601
-0.0314559
-0.0303011
-0.0463244
-0.0421234
-0.038517
-0.0447611
-0.0508316
-0.0455515
-0.05006
-0.0495689
-0.0495562
-0.0507003
-0.0428371
-0.0483296
-0.0395885
-0.0487865
-0.0484553
-0.0451822
-0.0459026
-0.0370416
-0.0398408
-0.0473763
-0.0381775
-0.0316174
-0.0423831
-0.0469055
-0.0432725
-0.0399204
-0.0458565
-0.0429488
-0.0498604
-0.0466641
-0.0520096
-0.0531136
-0.0361696
-0.0478162
-0.0453317
-0.0512205
-0.0506386
-0.0439805
-0.0512785
-0.0479491
-0.0367417
-0.0488544
-0.0500905
-0.0483607
-0.0424458
-0.0495831
-0.048979
-0.0493352
-0.0488977
-0.0365277
-0.0317607
-0.0303382
-0.0438581
-0.0314812
-0.0342311
-0.0403725
-0.0326621
-0.0221011
-0.00400268
-0.0224069
-0.0259243
-0.018096
-0.0332113
-0.0303883
-0.0347876
-0.0343747
-0.0186154
-0.0371836
-0.0364682
-0.0259818
-0.0236341
-0.0403366
-0.0293266
-0.0389902
-0.0358079
-0.0447075
-0.0422829
-0.0363248
-0.0431196
-0.038591
-0.0469412
-0.0435012
-0.028063
-0.0323147
-0.0456053
-0.0436572
-0.0326542
-0.0397251
-0.0407689
-0.0466652
-0.0467819
-0.0468092
-0.0401426
-0.0439686
-0.0396597
-0.0487717
-0.0372565
-0.0456703
-0.037672
-0.0382829
-0.0482028
-0.0269901
-0.0326719
-0.0409791
-0.0394095
-0.024747
-0.0300983
-0.0389783
-0.00078917
0.00138663
0.00260227
-0.0260811
-0.0259027
-0.0338624
-0.0325264
-0.0264816
-0.0207564
-0.0341247
-0.0245318
-0.0437186
-0.0173483
-0.0378529
-0.0265883
-0.0184247
-0.0399382
-0.0305604
-0.0371935
-0.0335336
-0.0362766
-0.0343184
-0.0288038
-0.0350801
-0.0288908
-0.0319642
-0.0447443
-0.0395576
-0.0303246
-0.0329195
-0.0404951
-0.0195278
-0.0180728
-0.00743375
-0.00786601
-0.00591567
-0.00872919
-0.0385163
-0.0353129
-0.0406322
-0.0384878
-0.0402758
-0.0379265
-0.035377
-0.00784266
-0.0358268
-0.0454031
-0.0330807
-0.0427995
-0.0329765
-0.0426549
-0.0339901
-0.0331474
-0.038759
-0.0374303
-0.0385112
-0.0351255
-0.0393149
-0.0354344
-0.0508529
-0.0492409
-0.0521023
-0.0433282
-0.051629
-0.0519653
-0.0494591
-0.0498852
-0.0497716
-0.0496447
-0.0502409
-0.0492719
-0.0499068
-0.0503092
-0.0503405
-0.0528044
-0.0482437
-0.0504219
-0.0503614
-0.0506217
-0.0504235
-0.0228468
-0.0453926
-0.0421841
-0.033498
-0.0440833
-0.0404791
-0.0317441
-0.0492882
-0.0396903
-0.034447
-0.0380597
-0.0371442
-0.0318638
-0.0314064
-0.0468828
-0.0441757
-0.0347263
-0.0268271
-0.0444492
-0.00655167
-0.0145377
-0.0180249
-0.0123122
-0.0129889
-0.00317626
-0.0374005
-0.0359813
-0.0407269
-0.0393387
-0.0368372
-0.0382272
-0.0412379
-0.0139521
-0.0303618
-0.0459066
-0.0310658
-0.0430861
-0.0308289
-0.0325448
-0.0434471
-0.0352398
-0.0412525
-0.0339339
-0.0401376
-0.0361794
-0.0277717
-0.0412175
-0.0281507
-0.0297772
-0.0439293
-0.0445506
-0.0351284
-0.0292533
-0.0442088
-0.014669
-0.0071054
-0.00140167
-0.0231615
-0.0185641
-0.0396766
-0.0407771
-0.0414533
-0.0200011
-0.0245059
-0.0228832
-0.0361846
-0.0256705
-0.0393682
-0.0179947
-0.0411874
-0.0232266
-0.0241151
-0.0431453
-0.0320794
-0.0403964
-0.0288643
-0.0427592
-0.0253897
-0.050199
-0.0489007
-0.0476275
-0.0503086
-0.0500238
-0.050157
-0.0502547
-0.0497622
-0.0513567
-0.0453795
-0.0489139
-0.0494483
-0.0459195
-0.0501919
-0.0496018
-0.0510629
-0.0455382
-0.0504545
-0.0498307
-0.0462742
-0.0502606
-0.0307236
-0.0252107
-0.0261809
-0.0112602
-0.0159064
-0.0368739
-0.0327899
-0.0129051
-0.0186768
-0.0313917
-0.0303552
-0.0347219
-0.0189549
-0.0285202
-0.0163052
-0.025456
-0.00630414
-0.0227607
-0.0194861
-0.0201674
-0.00700012
-0.0499251
-0.0299024
-0.0438884
-0.0470521
-0.0464359
-0.0432167
-0.0488038
-0.0498597
-0.0458725
-0.0433372
-0.0394904
-0.0420957
-0.0506716
-0.0489656
-0.0464548
-0.0442802
-0.041788
-0.0414111
-0.0397808
-0.0487927
-0.0410058
-0.0437045
-0.048858
-0.038648
-0.0493257
-0.048293
-0.0395471
-0.0370292
-0.0336389
-0.0454301
-0.044294
-0.0396623
-0.0450518
-0.0501244
-0.0462103
-0.04975
-0.0492922
-0.0427594
-0.0494701
-0.0421794
-0.0482713
-0.0389938
-0.0480206
-0.04855
-0.0455664
-0.03851
-0.0416691
-0.0420755
-0.0436538
-0.038215
-0.033774
-0.034254
-0.0460131
-0.0432312
-0.0379703
-0.0463915
-0.0421535
-0.0477022
-0.0453001
-0.0419709
-0.0357632
-0.0305235
-0.0447184
-0.0254042
-0.043044
-0.0441955
-0.0367537
-0.0302725
-0.0146539
-0.0133159
-0.0228709
-0.0284044
-0.0371653
-0.0322848
-0.0328952
-0.0198589
-0.0313093
-0.0226508
-0.0422501
-0.0349968
-0.0251224
-0.0430533
-0.0245842
-0.0447448
-0.0411446
-0.0423933
-0.0355984
-0.0393163
-0.0388369
-0.0379658
-0.0350091
-0.0355639
-0.0391556
-0.0150156
-0.0151448
-0.0219209
-0.0152268
-0.0235897
-0.044266
-0.0360604
-0.0410358
-0.0377018
-0.0305204
-0.0411742
-0.0207854
-0.0359825
-0.0154803
-0.0237639
-0.0124203
-0.0152645
-0.0351155
-0.0291779
-0.0282777
-0.0283138
-0.0304018
-0.0278459
-0.0242752
-0.0357659
-0.00758222
-0.0203744
-0.0208498
-0.0062958
-0.000484298
-0.0177088
-0.00646344
0.00011429
0.000950121
0.00328314
-0.00237573
-0.0146572
-0.0152451
-0.00962323
7.9429e-05
-0.00451764
0.00206197
-0.00985722
-0.0181701
-0.0202265
-0.00122572
-0.0119837
-0.0173716
-0.017894
-0.0339926
-0.0118117
-0.0294133
-0.0201817
-0.0186808
-0.03278
-0.00187112
-0.00080423
-0.0160477
0.00319713
-0.00594971
-0.0262039
0.00544629
-0.0146048
-0.0220121
-0.0167889
-0.0161549
-0.0287338
-0.0334411
-0.0183675
-0.0225427
-0.0313306
-0.000511985
3.62749e-05
0.00624123
-0.0117232
-0.0132914
-0.0247241
-0.0133153
0.0064487
-0.0117976
0.00567729
-0.00753547
-0.0137111
-0.0244317
0.0045084
-0.0123921
-0.0124
-0.0142972
0.00381265
-0.0146551
0.00573653
-0.0136119
-0.0284932
-0.0161891
0.00501977
0.00462435
-0.0284276
-0.0135662
-0.0133649
0.00326462
-0.0160885
-0.0274791
0.00437803
-0.0135813
-0.0279058
-0.0151815
0.00585224
0.00557578
-0.0152397
-0.0161308
-0.00999877
-0.0220189
-0.026777
-0.00029777
-0.0188721
-0.0277406
0.00351805
0.0114252
0.00964073
-0.0228442
-0.0240992
-0.0271897
-0.0289681
-0.0246655
-0.0178969
-0.026498
-0.0148655
-0.0172909
0.00150462
-0.0249062
0.00316552
-0.00687481
-0.0274018
-0.0227166
-0.0295155
-0.0229394
-0.0311811
-0.0190247
-0.0195862
-0.0283346
0.00661863
0.0082839
-0.0178347
-0.0198023
-0.00184873
-0.0157045
0.00315282
-0.0172985
-0.0172147
-0.0106627
0.00539578
-0.0144754
0.00930115
-0.0251553
-0.0110703
-0.0127829
0.010536
-0.00991112
-0.0137578
-0.0174601
-0.0138994
-0.0273969
-0.0264023
-0.0198498
-0.0171211
-0.0290389
0.00537795
-0.00205869
0.0117307
-0.00398572
0.0133572
0.0148894
-0.0243307
-0.0251255
-0.0360188
-0.0338389
-0.0334384
-0.0250172
-0.0251525
0.00993634
-0.0200089
-0.0302209
-0.0258061
-0.0360593
-0.0160191
-0.0325073
-0.0256852
-0.0154201
-0.0262062
-0.0195933
-0.0292047
-0.0194438
-0.0292519
-0.0144697
-0.0324676
-0.0257833
-0.0207333
-0.020013
-0.0170655
-0.0336782
-0.0296551
-0.0324357
-0.0219361
-0.018463
-0.029757
-0.0158513
-0.0295243
-0.0344316
-0.0359497
-0.0260733
-0.0133899
-0.0298322
-0.0298561
-0.0268329
-0.0358453
-0.00891387
-0.00687809
-0.0068288
-0.00898873
-0.0192132
-0.0016745
-0.00603387
-0.0276099
-0.0194535
-0.000821736
-0.0262407
-0.0136213
-0.0164673
0.00234382
-0.01536
0.00998481
-0.0219132
-0.0187179
-0.00616811
-0.0130088
-0.0109544
-0.0173049
0.0220352
0.00376286
-0.0275778
-0.016237
0.0204566
-0.0273792
-0.0188332
-0.0176246
0.00871807
-0.0174573
0.0166559
-0.0242395
-0.0274754
-0.00260276
-0.00370585
-0.0283494
-0.00360998
-0.0262085
-0.0291447
-0.0268437
-0.0025214
2.68635e-06
-0.0260699
-0.00244558
-0.026092
-0.0269278
-0.0268607
-0.0227724
-0.00119981
0.000530235
-0.00254012
-0.0257705
-0.0271171
-0.00924278
-0.0119024
-0.0108311
-0.00725651
-0.00498069
-0.00202948
0.0015275
-0.0061952
-0.027303
-0.0220575
-0.0388472
-0.0370241
-0.0255931
-0.0267375
-0.0365518
-0.0094016
-0.00952744
-0.0106485
-0.00949125
-0.0282379
-0.00130736
-0.00129946
-0.0291052
-0.0266204
-0.00118717
-0.0298403
-0.0263062
-0.00077097
0.00179413
-0.0226465
-0.0267479
-0.000668579
-0.022569
-0.0251307
-0.0187143
0.000359896
0.000368446
-0.0229853
-0.000774647
-0.0215119
-0.00552337
-0.0019374
-0.00713813
-0.00301944
-0.0142215
0.00811407
0.00698882
-0.0179902
0.00757449
-0.0186258
-0.0141571
-0.0111188
-0.0123788
0.00147932
0.0108495
-0.00870207
-0.0177724
-0.00335302
-0.0146537
-0.00471485
0.000871906
-0.00105757
-0.00456676
-0.00662917
-0.0131771
-0.0121701
-0.00661534
-0.00694767
-0.00673216
-0.0102029
0.00235749
-0.0278052
-0.0235614
-0.00541778
-0.00084561
-0.0282592
-0.00075124
0.0042607
0.00110116
0.0013294
0.0037463
0.0041262
-0.0188882
-0.021166
-0.0300866
-0.0300163
-0.0179666
-0.0216213
-0.0306289
0.0060381
-0.0192745
-0.0324716
-0.0211757
-0.0308717
-0.0185286
-0.0209309
-0.0314289
-0.0144145
-0.0249729
-0.00226113
-0.0295091
-0.0149049
-0.00259784
-0.0294058
0.00682924
-0.0015271
-0.00637485
-0.020289
-0.00266422
-0.00935367
0.00115423
0.00391718
0.00336216
-0.0013356
0.00079759
0.00249359
0.00324454
-0.0203409
0.00382587
-0.0122009
0.00174689
-0.0122812
0.00378814
-0.0367696
-0.0308958
-0.0189922
-0.00720803
-0.0359446
-0.0223933
-0.0311216
-0.0354659
-0.0239907
-0.00908784
-0.030321
-0.0225483
-0.0345821
-0.0302003
-0.0323401
-0.0233747
-0.0148417
-0.0300611
-0.0227667
-0.0331463
-0.0296719
-0.00696643
0.00494406
-0.00626075
-0.00855795
-0.0194951
-0.00885429
-0.0135445
-0.0235363
-0.0240267
-0.0360622
-0.0138785
-0.0283826
-0.0367733
-0.0199666
-0.00799633
-0.00946102
-0.00630936
-0.00870893
-0.00425772
-0.00886126
-0.0238947
0.00284211
-0.0235762
-0.0159677
-0.0234642
-0.00690375
-0.0275028
-0.0334856
-0.0352381
-0.00511044
-0.0232759
-0.00768373
-0.00351379
-0.0154712
-0.00535591
-0.00912922
-0.00120777
-0.000116969
-0.00536408
-0.0193094
-0.00520137
-0.00739222
-0.00922961
0.00146709
-0.00270137
-0.00161599
-0.00172602
-0.0144803
-0.0224889
0.00295675
0.00116242
-0.0228483
0.00051954
-0.0140156
-0.0151643
-0.00227805
0.00190107
-0.023799
-0.0233081
-0.000322478
-0.0163382
0.00248397
-0.00100286
-0.00114265
0.00288806
0.000881467
-0.00214753
0.00527539
-0.0069983
0.00276027
-0.0195164
0.00226299
0.00572149
-0.00742749
0.0035636
-0.00489042
-0.00590437
-0.021178
0.00623853
-0.000477559
-0.0081771
0.00624843
-0.0117194
-0.0132899
-0.0247162
-0.0117873
0.00645005
-0.0133108
-0.000498422
5.13846e-05
0.00568972
-0.00751862
-0.0244209
-0.0136896
-0.0123861
-0.0123783
0.00453128
-0.014291
0.00382487
0.00574482
-0.0146363
-0.0136094
-0.0284936
0.00501569
-0.0161913
-0.0135659
0.00462263
-0.0284268
-0.0151778
0.0058507
-0.0152405
0.00557833
-0.0133617
0.00327123
-0.0160884
-0.0274768
0.00438001
-0.0135746
-0.0279049
0.000959649
0.00329279
-0.00626805
-0.000464651
-0.0176879
0.000135036
-0.00646365
-0.00236637
-0.0152311
-0.0146394
9.35165e-05
-0.00961605
-0.00451595
0.0020822
-0.00985228
-0.0181569
-0.0202028
-0.00122541
-0.0173634
-0.0119573
-0.0178781
-0.0339838
-0.0117747
-0.0293878
-0.0186707
-0.0201525
-0.032769
-0.0160294
0.00319993
-0.0059448
-0.026201
0.00545861
-0.0145969
-0.0220062
-0.00186143
-0.000784999
-0.0167787
-0.016131
-0.0334263
-0.0287278
-0.0225295
-0.018349
-0.0313269
-0.0174734
-0.0139055
-0.0264198
-0.0274171
-0.0171317
-0.0198602
-0.0290648
0.0133441
0.0148787
0.00536565
-0.00206118
-0.00399475
0.0117175
-0.0243434
-0.0251331
-0.0338483
-0.0360396
-0.025031
-0.0251603
-0.0334595
0.00992277
-0.0154306
-0.0262222
-0.0196051
-0.0292157
-0.0194567
-0.0144772
-0.0292734
-0.0200216
-0.0302428
-0.0258151
-0.0360834
-0.0256985
-0.016033
-0.0325318
0.00775856
-0.0192271
-0.0175839
0.00770361
-0.0180556
0.00204123
0.00544981
-0.00408473
0.0025144
-0.0199323
-0.0066648
-0.0138394
-0.0161352
-0.0100082
-0.0267969
-0.022024
-0.0188816
-0.000292621
-0.027751
0.0035106
0.00963221
0.0114289
-0.0228432
-0.0240571
-0.0289748
-0.0271707
-0.0265037
-0.0246551
-0.0178767
-0.0227309
-0.0295377
-0.0229524
-0.031195
-0.0195981
-0.0283478
-0.0190436
-0.0148644
-0.0172837
0.0015175
-0.0248752
0.00316785
-0.0274006
-0.00685685
-0.0359559
-0.0260694
-0.0133919
-0.0298348
-0.0268396
-0.0298603
-0.0358477
-0.0324482
-0.0257621
-0.019995
-0.0206984
-0.029642
-0.0170433
-0.0336694
-0.0324336
-0.0219355
-0.0184507
-0.029757
-0.0295176
-0.0158455
-0.0344334
-0.0268338
-0.00251691
-1.22426e-06
-0.0260672
-0.0260862
-0.00244151
-0.0269218
-0.0274525
-0.0025952
-0.00369078
-0.0283241
-0.0291154
-0.00360359
-0.026195
-0.0268452
-0.0227725
0.000528291
-0.00118948
-0.0271129
-0.00253301
-0.0257543
-0.00455887
-0.00409729
-0.00753528
-0.00245869
-0.00382105
-0.00472357
-0.00435468
-0.00517779
-0.0344595
-0.025567
-0.032714
-0.0343361
-0.0326498
-0.0311452
-0.0352322
-0.00835686
-0.0170882
-0.0131444
-0.0134532
-0.0191849
-0.00162549
-0.0060151
-0.0275983
-0.000780272
-0.0262357
-0.0194268
-0.00886218
-0.0068155
-0.00678598
-0.00891454
-0.0135991
-0.0164684
0.00236585
0.0100153
-0.021905
-0.0153461
-0.0141982
0.0081023
0.00701238
-0.0179752
-0.0185921
0.00755806
-0.0141501
-0.00549331
-0.00189744
-0.00298277
-0.0070978
-0.0110856
-0.012336
0.00151022
-0.017733
0.0108452
-0.00866214
-0.015811
0.00177259
-0.000488209
-0.027322
-0.023283
0.00923974
-0.0193493
-0.0100398
-0.0110271
-0.00944186
-0.0107005
-0.0142256
-0.013551
0.00183512
-0.0196737
0.0108354
-0.0104763
-0.00490444
-0.00197244
-0.00613595
0.00160639
-0.00913838
-0.0118136
-0.0107202
-0.00714686
-0.0272081
-0.0219328
-0.0369349
-0.0387427
-0.0364674
-0.0254887
-0.0266168
-0.00932185
-0.00947453
-0.00943491
-0.0105777
0.00680856
-0.00150298
-0.0202698
-0.00634076
-0.00265664
-0.00933369
0.00392033
0.00111249
0.00336794
0.00321417
-0.0203244
0.00382757
-0.0121977
0.00175514
0.0037676
-0.0122734
-0.00130806
0.000775054
0.00250568
-0.00681152
-0.00169445
-0.028223
-0.0255951
-0.00649524
-0.00749798
-0.0273327
-0.00330643
0.00339558
-0.00256648
-0.0100562
-0.0160073
-0.0359891
-0.0325125
-0.0128749
-0.0192784
-0.0318467
-0.0109706
-0.0325329
-0.022798
-0.035528
-0.0158594
-0.0218891
-0.0316378
-0.00393498
-0.0251303
-0.00369943
-0.0288485
-0.0104631
-0.00645389
-0.0275752
-0.0032637
-0.00465976
-0.0145841
0.000979186
-0.000998706
-0.00446275
-0.00651393
-0.00688281
-0.00661922
-0.0130812
-0.0120546
-0.00652789
-0.0323395
-0.0233609
-0.0148381
-0.0300443
-0.0227597
-0.0331394
-0.029682
-0.0367216
-0.0308257
-0.00714455
-0.0189055
-0.0223071
-0.0310755
-0.0358945
-0.0354231
-0.0239432
-0.00902393
-0.0302883
-0.0224753
-0.034558
-0.030157
0.0014659
-0.00269059
-0.00175996
-0.00160594
-0.0144841
-0.022488
0.00114084
0.00295586
0.000465007
-0.0140178
-0.0228482
0.00248601
-0.00103064
0.00288627
-0.00119008
-0.0151683
-0.00225781
0.00190031
-0.0237886
-0.000357523
-0.0233108
-0.0163245
0.00523907
-0.00699328
0.0027597
-0.0195082
0.00570104
0.00226063
-0.00741721
0.000880519
-0.00217274
0.00353733
-0.00489725
-0.021183
-0.0059113
-0.000487485
0.00623813
-0.00817665
-0.00687755
0.00498781
-0.00623078
-0.00851508
-0.0194285
-0.00876085
-0.0234823
-0.0134808
-0.0239697
-0.0360741
-0.013849
-0.0283962
-0.00797269
-0.0199532
-0.0367806
-0.00865405
-0.00417796
-0.00878987
-0.0238586
-0.0235386
0.00290731
-0.0159559
-0.00937622
-0.00627436
-0.0234332
-0.0069008
-0.0335034
-0.0275087
-0.023278
-0.00509467
-0.0352491
-0.00116526
-8.30987e-05
-0.00769094
-0.00348696
-0.015482
-0.00532923
-0.009109
-0.0053235
-0.00518527
-0.0192843
-0.00733457
-0.00920255
-0.00428945
-0.0170069
-0.0188235
-0.0084965
-0.0236929
-0.00641766
-0.0217895
-0.0216814
-0.0354001
-0.00671434
-0.0273837
-0.0236689
-0.00837365
-0.0333203
-0.0358242
-0.0413817
-0.0356166
-0.0419242
-0.0374585
-0.031447
-0.0404521
-0.0213376
-0.0211108
-0.0224457
-0.0289094
-0.0381591
-0.0260848
-0.0315365
-0.0424903
-0.040373
-0.0393507
-0.0325493
-0.0364786
-0.0450101
-0.0402557
-0.03656
-0.0197713
-0.0310887
-0.0306275
-0.00359437
-0.021086
-0.0278004
-0.031403
-0.0120847
-0.0110955
-0.0268192
-0.0218186
-0.02337
-0.00193076
-0.0277454
-0.0380144
-0.0311447
-0.00773413
-0.033676
-0.0261368
-0.0370486
-0.0306483
-0.0363993
-0.0302234
-0.0315658
-0.0437233
-0.0312958
-0.0402681
-0.03409
-0.0325883
-0.0220418
-0.0223047
-0.00384772
-0.0179122
-0.0331585
-0.0258559
-0.0364065
-0.0259018
-0.0235904
-0.0403345
-0.0292101
-0.0357859
-0.0389236
-0.0303105
-0.0346177
-0.018434
-0.0342541
-0.0370669
-0.0446032
-0.0361674
-0.0421033
-0.0430077
-0.0384576
-0.0433912
-0.046839
-0.0446687
-0.030136
-0.0313435
-0.0462051
-0.0383916
-0.0420459
-0.0427587
-0.0482732
-0.0394676
-0.0487414
-0.0484235
-0.0451081
-0.0457913
-0.0447141
-0.0508221
-0.0455354
-0.0500601
-0.0495545
-0.0506723
-0.0495361
-0.0380636
-0.0314668
-0.0422448
-0.0369537
-0.0397887
-0.0473141
-0.0468398
-0.0397871
-0.0431519
-0.0457638
-0.0428425
-0.0465857
-0.0497841
-0.0519976
-0.0531159
-0.0477762
-0.0361212
-0.0511625
-0.0506401
-0.0453115
-0.050055
-0.0482207
-0.0423618
-0.0495397
-0.0489004
-0.0492775
-0.0488774
-0.0439226
-0.051257
-0.0366452
-0.0488202
-0.0479362
-0.0288907
-0.0318917
-0.0395055
-0.0446972
-0.0329789
-0.0302415
-0.0404552
-0.00731336
-0.00775449
-0.00573704
-0.00862205
-0.0193899
-0.0180616
-0.0384339
-0.035214
-0.0384424
-0.0405702
-0.0378612
-0.0352696
-0.0402086
-0.00766013
-0.03307
-0.0386952
-0.0373399
-0.0384739
-0.0349633
-0.0353286
-0.0392515
-0.0357867
-0.0453629
-0.0330483
-0.0427665
-0.0339548
-0.0329209
-0.0426198
-0.0347417
-0.0369045
-0.0461884
-0.023161
-0.0417469
-0.0331962
-0.0429357
-0.0417904
-0.0433929
-0.0435124
-0.043351
-0.0413299
-0.0280654
-0.0322257
-0.0436155
-0.0455546
-0.0325753
-0.0396983
-0.0466666
-0.0407636
-0.0467728
-0.0396711
-0.0487125
-0.037238
-0.0456666
-0.038265
-0.048176
-0.037695
-0.0467843
-0.0401301
-0.0439547
-0.0508686
-0.0492467
-0.0432729
-0.0521053
-0.0494594
-0.0515995
-0.0519903
-0.0499112
-0.0497672
-0.0496551
-0.0502672
-0.0492629
-0.0503306
-0.0499339
-0.0503678
-0.0528195
-0.0482536
-0.050452
-0.0506453
-0.0504491
-0.0503916
-0.028091
-0.0297558
-0.0445394
-0.0439639
-0.0291899
-0.0351133
-0.0442053
-0.0145211
-0.00698528
-0.00129951
-0.0230613
-0.0184461
-0.0406788
-0.039616
-0.0199041
-0.0243923
-0.04139
-0.0240319
-0.0431009
-0.0319522
-0.0403044
-0.0287901
-0.0252898
-0.0427014
-0.0228226
-0.0362171
-0.0256406
-0.0393477
-0.0231641
-0.0179761
-0.0411784
-0.0363555
-0.0309238
-0.0476445
-0.0401737
-0.0413488
-0.045504
-0.0463107
-0.0431391
-0.0465731
-0.0259941
-0.046264
-0.0347272
-0.0451219
-0.0321733
-0.0354309
-0.0434505
-0.0414945
-0.0411278
-0.0454494
-0.0228827
-0.0422284
-0.0454362
-0.0335173
-0.0441362
-0.0405857
-0.0318506
-0.0344968
-0.0381572
-0.037218
-0.0493384
-0.0397816
-0.0502211
-0.0489304
-0.0476486
-0.050336
-0.0500524
-0.0502794
-0.0501847
-0.0497939
-0.0513829
-0.0489795
-0.0454223
-0.0459913
-0.0502173
-0.0494752
-0.0496361
-0.051094
-0.0455794
-0.0504827
-0.0463322
-0.0502874
-0.049861
-0.0194757
-0.0201
-0.00692102
-0.0344989
-0.0259414
-0.0390311
-0.0460638
-0.0379744
-0.0432816
-0.0464775
-0.0421707
-0.0453541
-0.047766
-0.0420107
-0.030519
-0.0358161
-0.044803
-0.0254165
-0.0442448
-0.0431162
-0.0367344
-0.030216
-0.0132551
-0.0146367
-0.0371282
-0.0228348
-0.0283802
-0.0422512
-0.0349432
-0.0250517
-0.0430146
-0.0411201
-0.0245523
-0.044746
-0.0323098
-0.0329612
-0.0198877
-0.0313773
-0.0226782
-0.0499951
-0.0439571
-0.0300016
-0.0471529
-0.0465369
-0.0488693
-0.0433223
-0.0499103
-0.0459267
-0.0395694
-0.0434328
-0.049011
-0.042198
-0.050719
-0.0488443
-0.0410803
-0.0437836
-0.0489101
-0.0493741
-0.0387343
-0.0483431
-0.0465238
-0.0443856
-0.041877
-0.0398858
-0.0414801
-0.0396724
-0.0337144
-0.0371304
-0.045532
-0.0397613
-0.0444091
-0.0422929
-0.0483882
-0.039106
-0.0481179
-0.0486272
-0.0456773
-0.038647
-0.0451539
-0.0501679
-0.0462849
-0.0497966
-0.0493408
-0.0495425
-0.0428566
-0.0383163
-0.033864
-0.0343544
-0.0417828
-0.0421843
-0.0437802
-0.0150206
-0.0151096
-0.0151777
-0.0219087
-0.0208087
-0.0360035
-0.0154734
-0.0237788
-0.0351378
-0.0152687
-0.01245
-0.0236296
-0.0443491
-0.0361448
-0.0411377
-0.0412437
-0.037742
-0.0306027
-0.0292484
-0.0283157
-0.0283806
-0.0278976
-0.030486
-0.0358187
-0.0243351
-0.00760325
-0.0204223
-0.0208967
-0.0425196
-0.0357151
-0.0394361
-0.0380811
-0.0351193
-0.0389724
-0.0356764
-0.0392754
-0.0464762
-0.0497354
-0.0468247
-0.0510946
-0.0433572
-0.0411521
-0.050333
-0.0443047
-0.0362616
-0.0519194
-0.0470359
-0.0507207
-0.0503317
-0.0498411
-0.0454025
-0.0515026
-0.0524841
-0.0499867
-0.049926
-0.0473894
-0.0505816
-0.0503936
-0.0481076
-0.037946
-0.051755
-0.0491579
-0.0369148
-0.0484412
-0.0498126
-0.0464059
-0.0485578
-0.0383524
-0.0536587
-0.0388549
-0.0527943
-0.0403983
-0.0455552
-0.0381322
-0.0466727
-0.0529949
-0.0452754
-0.0500649
-0.0530705
-0.0478534
-0.0520341
-0.0492862
-0.0454953
-0.0509809
-0.0504047
-0.0449938
-0.052021
-0.046293
-0.0468553
-0.0458534
-0.0525198
-0.0373788
-0.0493965
-0.0522206
-0.0486127
-0.0367067
-0.0499154
-0.0467625
-0.0501197
-0.0494279
-0.0496025
-0.0498693
-0.0510667
-0.0487093
-0.0475092
-0.0498905
-0.043117
-0.0485667
-0.0504507
-0.0487936
-0.0426386
-0.0505351
-0.0425028
-0.0485047
-0.048634
-0.042248
-0.0490724
-0.0504446
-0.0508435
-0.0426671
-0.0485953
-0.0491677
-0.0437557
-0.0435119
-0.0489302
-0.0471154
-0.0376523
-0.0520026
-0.0478184
-0.0483729
-0.0482658
-0.0390345
-0.046635
-0.0498794
-0.0524358
-0.0455587
-0.0496193
-0.0447438
-0.0501804
-0.0492994
-0.0498817
-0.0484314
-0.0459974
-0.0500483
-0.0440801
-0.0453878
-0.0488434
-0.0463328
-0.0518648
-0.0469931
-0.0496773
-0.0395797
-0.0530379
-0.0488816
-0.0372279
-0.0465719
-0.0449923
-0.0488748
-0.050384
-0.0489661
-0.042805
-0.0438191
-0.050412
-0.0485857
-0.0490443
-0.043993
-0.0488186
-0.0502865
-0.0452758
-0.0504847
-0.0488037
-0.0498338
-0.0444963
-0.0491773
-0.0465977
-0.0445235
-0.0469937
-0.0529931
-0.0442263
-0.0510497
-0.0344432
-0.0464272
-0.0525603
-0.0481787
-0.0500095
-0.05274
-0.0496144
-0.0472905
-0.0509731
-0.0501127
-0.0506723
-0.037016
-0.0509472
-0.0497876
-0.0508057
-0.0471124
-0.0494163
-0.0378507
-0.0469407
-0.047719
-0.0512502
-0.0503325
-0.0502855
-0.0512831
-0.046499
-0.0500543
-0.046123
-0.0498971
-0.0496281
-0.0501401
-0.0470858
-0.0492379
-0.0494372
-0.0474958
-0.0475183
-0.0380356
-0.0518374
-0.0497039
-0.0506329
-0.0467581
-0.0474593
-0.0485468
-0.040963
-0.0483029
-0.0485484
-0.0391043
-0.045283
-0.0399637
-0.0483919
-0.0467126
-0.0504925
-0.0449819
-0.0471575
-0.0532591
-0.0468297
-0.0427396
-0.0523447
-0.0361186
-0.0423548
-0.0496873
-0.0485798
-0.0503751
-0.049507
-0.0461207
-0.046526
-0.0531896
-0.0493057
-0.0387871
-0.0498819
-0.0514022
-0.0438885
-0.0479045
-0.0420844
-0.0357872
-0.0388017
-0.0487977
-0.050052
-0.0479571
-0.0442203
-0.0466261
-0.0442787
-0.0471436
-0.0437928
-0.0446824
-0.044163
-0.0449416
-0.044217
-0.0493664
-0.0389984
-0.0494133
-0.044618
-0.0453633
-0.0467215
-0.0441942
-0.0437516
-0.0443352
-0.050682
-0.0475467
-0.0516564
-0.05078
-0.0431867
-0.053038
-0.041416
-0.0435234
-0.0469554
-0.0490779
-0.0393748
-0.0415561
-0.0462685
-0.0465716
-0.0513889
-0.0507482
-0.0417605
-0.0533519
-0.0422932
-0.0413022
-0.0509126
-0.0526317
-0.0460622
-0.0440343
-0.0532434
-0.0512669
-0.0483386
-0.0494731
-0.0434082
-0.0516357
-0.0511559
-0.0462386
-0.0536317
-0.043198
-0.0508816
-0.0456405
-0.0536238
-0.0465605
-0.0509834
-0.0439262
-0.0517103
-0.0482483
-0.0460932
-0.0529417
-0.0453513
-0.0507135
-0.0446936
-0.0516599
-0.0483576
-0.0518549
-0.0419932
-0.0418532
-0.0510308
-0.0509641
-0.0456617
-0.0496664
-0.0465185
-0.0466007
-0.0504047
-0.0503794
-0.0490804
-0.0439735
-0.0489393
-0.0418189
-0.0506413
-0.0510809
-0.0460707
-0.0460967
-0.0485874
-0.0519778
-0.0491889
-0.0514351
-0.0470794
-0.0487801
-0.0491978
-0.0492845
-0.0507451
-0.0496524
-0.05028
-0.0497451
-0.0495491
-0.0503323
-0.0499477
-0.0465449
-0.047218
-0.0521152
-0.0487635
-0.049966
-0.0485303
-0.040148
-0.0501628
-0.0411845
-0.0481638
-0.0469631
-0.047045
-0.0496811
-0.0498946
-0.0467586
-0.0415375
-0.0502216
-0.0421959
-0.0464105
-0.0509013
-0.0478617
-0.0477479
-0.0496522
-0.0513041
-0.0489519
-0.0495902
-0.0500738
-0.0492731
-0.050526
-0.0507271
-0.0509522
-0.0496245
-0.0495913
-0.0493646
-0.0493632
-0.0465677
-0.0498541
-0.0466804
-0.0474718
-0.0500314
-0.0502038
-0.0493959
-0.0509808
-0.0422528
-0.0471827
-0.0434742
-0.0505584
-0.0477294
-0.0473652
-0.0497373
-0.0499668
-0.047715
-0.0492169
-0.0506952
-0.0516249
-0.0521787
-0.0512248
-0.0493885
-0.0501085
-0.0464834
-0.048118
-0.0488918
-0.0414485
-0.0495082
-0.040874
-0.0477056
-0.0504494
-0.0500326
-0.0491793
-0.0479108
-0.0474591
-0.0495429
-0.0471509
-0.049592
-0.0523549
-0.0505054
-0.0492722
-0.0512221
-0.0468057
-0.0475355
-0.0467534
-0.0511666
-0.0482493
-0.0507007
-0.0492341
-0.0416111
-0.0496038
-0.0421592
-0.0463206
-0.0464466
-0.0500968
-0.0483628
-0.0494601
-0.0500285
-0.0479034
-0.0501355
-0.0465597
-0.0480673
-0.0501896
-0.0428279
-0.0500259
-0.0434532
-0.0530223
-0.0485294
-0.0510914
-0.0541544
-0.0484201
-0.0477324
-0.0496546
-0.0480553
-0.0497667
-0.0547774
-0.0518511
-0.0547273
-0.0500304
-0.0454117
-0.046553
-0.046092
-0.0524695
-0.0484539
-0.0500761
-0.0491888
-0.0427626
-0.0503116
-0.0426078
-0.0436541
-0.0449391
-0.049806
-0.0500214
-0.050299
-0.0488707
-0.0498367
-0.0500035
-0.0499409
-0.0440055
-0.048684
-0.0483164
-0.0483093
-0.0482311
-0.0505101
-0.0514315
-0.0549595
-0.0472657
-0.0417316
-0.0530619
-0.0424974
-0.0532644
-0.0513111
-0.0510016
-0.0524387
-0.0418227
-0.0517653
-0.0500772
-0.0541031
-0.0485261
-0.0403488
-0.0543991
-0.0424298
-0.05346
-0.0544976
-0.0512738
-0.0527182
-0.0424719
-0.0512746
-0.0486311
-0.052404
-0.0531719
-0.0422329
-0.0432297
-0.0533195
-0.0481739
-0.0546968
-0.0543385
-0.0514485
-0.0435215
-0.0442923
-0.0526562
-0.039237
-0.0390229
-0.0500671
-0.038358
-0.047653
-0.0467403
-0.0399544
-0.0510561
-0.0401571
-0.0487108
-0.0477957
-0.0547974
-0.0383501
-0.0544168
-0.0495242
-0.0527094
-0.0469446
-0.052282
-0.0541846
-0.0403092
-0.0529108
-0.0497222
-0.0526911
-0.0472006
-0.0510935
-0.0513872
-0.0509738
-0.0499882
-0.0471373
-0.0481801
-0.0435278
-0.047831
-0.0436677
-0.0440476
-0.0421887
-0.0430817
-0.0443097
-0.0487607
-0.0490136
-0.050892
-0.0433204
-0.0444808
-0.044832
-0.0401809
-0.0482302
-0.0457103
-0.0488016
-0.0406952
-0.0469273
-0.0484607
-0.0507078
-0.0514376
-0.0434909
-0.0435696
-0.0510034
-0.0423709
-0.0423367
-0.0496991
-0.0418073
-0.0410652
-0.0492237
-0.0458266
-0.0506595
-0.0460994
-0.0497773
-0.0487706
-0.0487225
-0.0507959
-0.045773
-0.0501798
-0.0496434
-0.0489964
-0.0484691
-0.0486804
-0.0502007
-0.0489865
-0.0433879
-0.0450536
-0.0480958
-0.0459627
-0.0449676
-0.0478218
-0.0456097
-0.0450542
-0.0453155
-0.049508
-0.0493014
-0.0494807
-0.0480745
-0.0469545
-0.0477049
-0.0524862
-0.0443223
-0.043946
-0.0500749
-0.0504138
-0.0484503
-0.0484605
-0.0447149
-0.0464425
-0.0486934
-0.0497633
-0.0419087
-0.0495981
-0.0500531
-0.0489465
-0.0435776
-0.0494397
-0.0498757
-0.0485473
-0.0474337
-0.0512991
-0.0454345
-0.0434717
-0.0435469
-0.0409507
-0.0484139
-0.0500101
-0.046005
-0.04777
-0.0491702
-0.0472243
-0.0486322
-0.0482642
-0.043263
-0.0434602
-0.0502503
-0.0504075
-0.0499289
-0.0452248
-0.0495024
-0.0499967
-0.047846
-0.0493878
-0.0487763
-0.0404182
-0.0460108
-0.0498053
-0.0500473
-0.0421981
-0.0490832
-0.0474107
-0.0524643
-0.0496655
-0.0499819
-0.0495503
-0.0496707
-0.0524081
-0.0481958
-0.0402836
-0.0473274
-0.0462055
-0.0521244
-0.0501682
-0.048946
-0.0509373
-0.0553925
-0.0487836
-0.0529741
-0.0465069
-0.0490763
-0.0509125
-0.0422616
-0.042752
-0.0500538
-0.0462391
-0.0500645
-0.0460549
-0.0491204
-0.0495155
-0.0495581
-0.0502712
-0.0510856
-0.0459707
-0.0497134
-0.0502861
-0.0466321
-0.0498
-0.0504941
-0.0499054
-0.0493457
-0.049743
-0.0505022
-0.0405067
-0.0490395
-0.0500039
-0.0506472
-0.0501232
-0.0490793
-0.0505992
-0.0489378
-0.0345024
-0.0497288
-0.0518582
-0.0365315
-0.0522056
-0.049956
-0.0451355
-0.0499061
-0.0480057
-0.051651
-0.0358578
-0.0506222
-0.0487942
-0.0483662
-0.0523148
-0.0464953
-0.0472308
-0.0493318
-0.0522619
-0.0474308
-0.050827
-0.0460614
-0.0508931
-0.0501117
-0.0440376
-0.0467834
-0.0470376
-0.0438655
-0.0473377
-0.0467351
-0.0497948
-0.0498325
-0.0478065
-0.0507748
-0.0469804
-0.0518307
-0.0502476
-0.0434806
-0.0473964
-0.0474936
-0.0443909
-0.0449444
-0.0493932
-0.0449175
-0.0474919
-0.0439569
-0.0449822
-0.0410535
-0.0437546
-0.046552
-0.0496497
-0.0466056
-0.0500023
-0.0435685
-0.0500582
-0.0494167
-0.0462705
-0.0492218
-0.0427175
-0.0494719
-0.049828
-0.0438326
-0.0493222
-0.0412577
-0.0452416
-0.0460308
-0.0482417
-0.0428271
-0.045841
-0.0417657
-0.0467005
-0.0441414
-0.0477438
-0.0497157
-0.0354018
-0.0488812
-0.0500255
-0.0484773
-0.0518463
-0.0509366
-0.0493145
-0.038046
-0.0509773
-0.0499086
-0.0498412
-0.0463164
-0.0493992
-0.0497639
-0.0494661
-0.0476102
-0.0450518
-0.0449058
-0.048161
-0.0470745
-0.0457295
-0.0447199
-0.0480462
-0.0455645
-0.0455691
-0.0478242
-0.0452946
-0.0448334
-0.0452528
-0.0493512
-0.0495204
-0.0493532
-0.0480528
-0.0479186
-0.0476845
-0.0497155
-0.0469862
-0.0448075
-0.0493392
-0.0493416
-0.0466031
-0.0484761
-0.0452886
-0.0458377
-0.0448696
-0.0417593
-0.046724
-0.0489263
-0.0499182
-0.0495301
-0.0444199
-0.0493017
-0.0494702
-0.0470475
-0.0471488
-0.0433573
-0.0425222
-0.0461375
-0.0420058
-0.0477108
-0.0439361
-0.0436129
-0.0434261
-0.0342514
-0.0176257
-0.0312403
-0.0180993
-0.018528
-0.0196865
-0.0039495
-0.0240192
-0.0336531
-0.0251216
-0.0229183
-0.00810816
-0.0373919
-0.0366077
-0.0365017
-0.0422676
-0.0465006
-0.0411235
-0.041823
-0.0454171
-0.0423785
-0.0454967
-0.0426996
-0.0419184
-0.0447734
-0.0414457
-0.0365604
-0.041479
-0.0459895
-0.0362566
-0.0412829
-0.0460694
-0.0412906
-0.0360524
-0.0405997
-0.0456038
-0.0361566
-0.0411344
-0.045025
-0.0156864
-0.0203448
-0.028847
-0.018228
-0.00987455
-0.0164611
-0.00972412
-0.0289608
-0.0289665
-0.023884
-0.0187475
-0.0335421
-0.0269262
-0.0276306
-0.0254113
-0.0340315
-0.0250658
-0.0302481
-0.0206827
-0.0208105
-0.0185166
-0.0187033
-0.0319698
-0.0495471
-0.0406169
-0.0387027
-0.0476815
-0.048647
-0.0473747
-0.0456308
-0.0478119
-0.0465675
-0.0432217
-0.04473
-0.0469981
-0.0425506
-0.0478944
-0.0289996
-0.0315575
-0.0181923
-0.0338774
-0.0232254
-0.0291568
-0.040468
-0.0364662
-0.0243388
-0.0397587
-0.0326942
-0.0412793
-0.0263023
-0.0345699
-0.0375494
-0.0269784
-0.0424847
-0.0366035
-0.0455401
-0.0327824
-0.0390723
-0.0391983
-0.0299916
-0.0438445
-0.0435228
-0.046322
-0.033742
-0.0422987
-0.0477389
-0.0356522
-0.0447253
-0.033128
-0.04464
-0.0385743
-0.0421521
-0.0344896
-0.039612
-0.0499734
-0.0458579
-0.0426013
-0.0488365
-0.0375605
-0.0484934
-0.0442085
-0.0454991
-0.0308234
-0.0373258
-0.0392719
-0.0471145
-0.0271275
-0.0290413
-0.0234423
-0.0373078
-0.0202522
-0.0330584
-0.0419077
-0.0224628
-0.042259
-0.0363365
-0.036751
-0.0433294
-0.0268214
-0.0282218
-0.027309
-0.0307223
-0.0419599
-0.0379885
-0.0446187
-0.0349598
-0.0397754
-0.0355715
-0.0435353
-0.0307519
-0.015394
-0.0285706
-0.0200605
-0.00961345
-0.0161446
-0.0179085
-0.0286052
-0.0286922
-0.0184232
-0.0234905
-0.00947609
-0.0364203
-0.0362658
-0.0421951
-0.0453426
-0.042467
-0.0417671
-0.0446128
-0.0421395
-0.0463295
-0.0410655
-0.0453292
-0.0416649
-0.0410663
-0.0357816
-0.0403437
-0.0454812
-0.035898
-0.044858
-0.040946
-0.0412241
-0.0364027
-0.0412424
-0.0459094
-0.0459556
-0.0360277
-0.0411468
-0.0339457
-0.0333541
-0.0273664
-0.0267204
-0.0247506
-0.0338316
-0.025106
-0.0299917
-0.0205321
-0.0204296
-0.0183749
-0.018166
-0.0316989
-0.0174319
-0.0178564
-0.0309378
-0.0181939
-0.00377891
-0.0193723
-0.00789409
-0.0236408
-0.0333681
-0.0247793
-0.0225769
0.00332329
-0.0119
0.0042705
-0.00867074
-0.00434508
-0.00463158
-0.00651174
-0.0188515
-0.0197545
-0.0315633
-0.0183303
-0.00574245
-0.0191129
-0.00811553
-0.00725265
-0.00595875
-0.0209186
-0.0155011
-0.0304308
-0.017297
-0.007959
-0.0165067
-0.000626539
-0.0127766
3.92092e-05
0.000223196
-0.0124325
0.00128446
0.00612269
-0.00723555
0.00458229
-0.0108295
-0.00035642
0.000321634
-0.0123043
-0.012307
-0.000352854
-0.000744246
-0.00877065
-0.00668169
0.00116391
-0.00594151
-0.0167018
-0.0209219
-0.0314299
-0.0175039
-0.00805296
-0.0177373
-0.00494108
-0.00374246
-0.00781355
-0.0047984
-0.00734154
-0.0237502
-0.0303496
-0.0194187
-0.0158911
-0.0209423
-0.00700274
-0.0321469
-0.00640729
-0.0214372
-0.0214119
-0.0334907
-0.0196713
-0.0185251
0.00131374
0.000641453
-0.0112463
0.000677673
-0.0117478
0.00224542
0.0055931
-0.00522644
0.00342796
-0.00585791
0.00138892
0.000861326
-0.0114704
-0.011631
0.00152113
-0.0279816
-0.0074701
-0.0143232
-0.01474
-0.0282464
-0.0134127
-0.0194258
-0.0279825
-0.00295898
-0.0121084
-0.0134684
-0.0147251
-0.01157
-0.0267232
-0.0282928
-0.003611
-0.0109955
-0.0175818
-0.0155234
-0.0266044
-0.0205666
0.00113531
-0.0113816
0.000471534
0.000540423
-0.0118982
0.00202145
0.00544691
-0.00540133
0.0032129
-0.00604676
0.00116517
0.000669053
-0.0116894
0.00133622
-0.0118335
-0.0319351
-0.00640649
-0.0212131
-0.0212016
-0.0183757
-0.0332126
-0.0196595
0.00317231
-0.0120154
-0.00881369
0.00414413
-0.00651703
-0.0187539
-0.0196178
-0.0314494
-0.00567821
-0.0190889
-0.0183057
-0.00448342
-0.00465716
-0.00797054
-0.00729184
-0.00605356
-0.0209981
-0.0304417
-0.0155381
-0.0165552
-0.00808192
-0.0173226
-0.00075793
-0.000117335
-0.0128937
0.000129441
-0.0125721
0.00113167
0.00601595
-0.00736155
0.00443783
-0.010909
-0.000507048
0.000128725
-0.0124731
-0.0124882
-0.000467792
-0.000613414
5.39283e-05
-0.0127687
0.000232594
-0.0124206
0.00129404
0.00614493
-0.00721565
-0.0108134
0.00460477
-0.000343428
0.000333659
-0.0123011
-0.000348518
-0.0122966
-0.0118948
0.00332028
0.00427972
-0.00867679
-0.00434075
-0.00463642
-0.00652035
-0.0188162
-0.031559
-0.0197376
-0.0191209
-0.0183288
-0.00573476
-0.00597041
-0.0209149
-0.0154954
-0.0304345
-0.00795101
-0.0165142
-0.0172982
-0.00809531
-0.0072798
0.00132692
0.000656032
-0.0112367
-0.0117374
0.000689182
0.00225604
0.00560406
-0.00522149
-0.0058506
0.00343788
0.00139965
0.000872547
-0.0114684
0.00152379
-0.0116235
-0.000762054
-0.00876406
0.00117529
-0.00671253
-0.00494097
-0.00375166
-0.00596061
-0.0167125
-0.0209289
-0.0314473
-0.0177621
-0.00806556
-0.0175135
-0.0078113
-0.00482716
-0.00737155
-0.0237143
-0.0194164
-0.0303652
-0.00700143
-0.0209961
-0.0159045
-0.0321652
-0.00645322
-0.0214001
-0.0214187
-0.0197259
-0.0185459
-0.0334869
-0.0281814
-0.0028899
-0.0139935
-0.0158603
-0.0284814
-0.0148382
-0.0166866
-0.0283061
-0.00363812
-0.0110121
-0.0175986
-0.0205844
-0.0155382
-0.0266296
-0.028027
-0.00293238
-0.0121204
-0.0134692
-0.0115763
-0.0267553
-0.0147641
-0.00885303
-0.000807113
0.00110309
-0.00675405
-0.0050485
-0.00375423
-0.00588907
-0.0165467
-0.0312684
-0.0207747
-0.00794763
-0.0173362
-0.017706
-0.00737958
-0.0237852
-0.0195172
-0.0303343
-0.00707809
-0.0159059
-0.0210108
-0.00773483
-0.00482709
-0.000747543
-0.00011753
-0.0128654
-0.0125525
0.000176736
0.0011383
0.00601913
-0.00731903
0.00448622
-0.0108961
-0.00050154
0.000124948
-0.0124526
-0.000468566
-0.0124516
-0.032021
-0.0063972
-0.0212748
-0.021322
-0.0184253
-0.0196467
-0.0333217
0.00320252
-0.0119831
0.00420616
-0.00878445
-0.0044131
-0.00461212
-0.00653449
-0.0188119
-0.0196989
-0.0315064
-0.0191218
-0.00574476
-0.0183312
-0.00805549
-0.00728318
-0.00601777
-0.0210034
-0.0155332
-0.030476
-0.00803862
-0.0165769
-0.0173184
-0.0175601
-0.0180461
-0.0311404
-0.0195769
-0.00388205
-0.0184421
-0.00807559
-0.0239035
-0.0335022
-0.022815
-0.0250211
-0.0341649
-0.0157132
-0.020338
-0.0288742
-0.0164785
-0.00988547
-0.018235
-0.00970489
-0.0289625
-0.0289965
-0.0187615
-0.0238706
-0.0334866
-0.0268706
-0.027597
-0.0253292
-0.0250191
-0.0340035
-0.0301978
-0.0206478
-0.02078
-0.031956
-0.0184619
-0.0186669
-0.0373683
-0.0365749
-0.0364549
-0.0422512
-0.0464909
-0.041096
-0.0453968
-0.0418113
-0.0423582
-0.0454768
-0.0426737
-0.0418993
-0.0447536
-0.0414147
-0.0365077
-0.0414253
-0.0459381
-0.0362161
-0.0412562
-0.0460331
-0.0412633
-0.0360232
-0.0455945
-0.0405737
-0.0411186
-0.0361272
-0.0450055
-0.0319991
-0.0395529
-0.0438458
-0.0378181
-0.0406406
-0.0445461
-0.0461732
-0.0392999
-0.0391957
-0.0357203
-0.040462
-0.0443156
-0.0408196
-0.0460723
-0.0333223
-0.0426046
-0.0405065
-0.040504
-0.0465685
-0.0489409
-0.0474985
-0.0483836
-0.0426225
-0.0428276
-0.0488255
-0.0495266
-0.0405816
-0.0386536
-0.0476424
-0.0473319
-0.0486106
-0.0455969
-0.047847
-0.0465253
-0.0446791
-0.0431521
-0.0425035
-0.0480404
-0.0470023
-0.0373536
-0.0202856
-0.0330919
-0.0419662
-0.0423299
-0.0225196
-0.0364004
-0.0271835
-0.0235082
-0.029106
-0.036802
-0.0434183
-0.0282647
-0.0268712
-0.0420399
-0.0273842
-0.0307864
-0.0380453
-0.0447012
-0.0350183
-0.0398328
-0.0307946
-0.0356391
-0.0436203
-0.048753
-0.0433449
-0.0377685
-0.0418705
-0.0455226
-0.0411682
-0.0402316
-0.0477094
-0.0451936
-0.044313
-0.0375744
-0.0469762
-0.0419183
-0.0456176
-0.0338113
-0.0436225
-0.0464195
-0.0423765
-0.035689
-0.0477988
-0.044786
-0.033194
-0.0447413
-0.0386709
-0.0345762
-0.0422415
-0.044291
-0.0455686
-0.0308715
-0.0373801
-0.0393426
-0.0471849
-0.0396966
-0.0500468
-0.0459244
-0.0426713
-0.048912
-0.0485696
-0.0376298
-0.0371161
-0.0334071
-0.0273689
-0.0266877
-0.0248334
-0.0251426
-0.0338192
-0.0300477
-0.0206009
-0.0205067
-0.0184445
-0.0317861
-0.0182432
-0.0174823
-0.0179135
-0.0310465
-0.00383704
-0.0182906
-0.0194656
-0.00795643
-0.0236512
-0.0334472
-0.0248199
-0.0225727
-0.0364095
-0.0362767
-0.042213
-0.0453716
-0.0425098
-0.0446459
-0.0417882
-0.0421355
-0.0463349
-0.041063
-0.0416699
-0.0453335
-0.0410811
-0.0358129
-0.0403857
-0.0455319
-0.0448936
-0.0359123
-0.0409675
-0.0412162
-0.0363816
-0.0459425
-0.0412285
-0.0411448
-0.0359889
-0.0459647
-0.0339373
-0.0435186
-0.0421776
-0.047819
-0.0436644
-0.0440396
-0.0484451
-0.0514239
-0.0506988
-0.0435606
-0.0434833
-0.0509906
-0.0417935
-0.0410387
-0.0491957
-0.0423679
-0.0423373
-0.0496942
-0.0457487
-0.0501537
-0.0496103
-0.0489559
-0.0484439
-0.0501693
-0.0486557
-0.0458135
-0.0506447
-0.0460927
-0.0497697
-0.0507916
-0.0487566
-0.0487101
-0.0430797
-0.044299
-0.0487465
-0.0490098
-0.0508743
-0.0433092
-0.0444782
-0.0435339
-0.0483936
-0.0409455
-0.049993
-0.0459931
-0.0491546
-0.0477645
-0.0472142
-0.0486193
-0.0482646
-0.0434571
-0.0502464
-0.0432558
-0.0503912
-0.049916
-0.0452192
-0.0494862
-0.0499826
-0.0478409
-0.0493748
-0.0487609
-0.0404168
-0.0460076
-0.048973
-0.0450507
-0.0433743
-0.047807
-0.0455957
-0.0450416
-0.0480828
-0.0459482
-0.0449587
-0.0453039
-0.0494853
-0.0494576
-0.0492779
-0.0480571
-0.0476906
-0.0469415
-0.0524655
-0.0439401
-0.044302
-0.0500545
-0.0504167
-0.0484498
-0.0484266
-0.0447259
-0.0464535
-0.0486828
-0.0419206
-0.0495908
-0.0497839
-0.0500279
-0.0489316
-0.0435653
-0.0494184
-0.0498497
-0.0474172
-0.0485345
-0.0512712
-0.0434522
-0.0454179
-0.0446506
-0.0506312
-0.0438155
-0.0458603
-0.0494481
-0.0422579
-0.0462454
-0.0419128
-0.0531487
-0.0427856
-0.0463404
-0.0523056
-0.0521495
-0.0505027
-0.0457087
-0.045294
-0.0521333
-0.0409901
-0.0506288
-0.0505664
-0.0481131
-0.041511
-0.0514305
-0.0457544
-0.0527509
-0.0490834
-0.0474125
-0.0524625
-0.0496662
-0.0495495
-0.0496709
-0.0499821
-0.0498062
-0.0500473
-0.0421964
-0.0524055
-0.0481934
-0.0473293
-0.0402848
-0.0521263
-0.0501651
-0.046205
-0.0489495
-0.0509399
-0.0553987
-0.0487978
-0.0529743
-0.0490721
-0.046515
-0.0501608
-0.0467881
-0.0520952
-0.0497686
-0.0516264
-0.0476617
-0.049436
-0.0502966
-0.0466395
-0.0498099
-0.0505076
-0.0493549
-0.0499162
-0.0497528
-0.0493149
-0.0521503
-0.0501406
-0.0485628
-0.0502215
-0.0502179
-0.0492332
-0.0505246
-0.0405284
-0.0490587
-0.0500173
-0.0501501
-0.0506647
-0.0490946
-0.0501242
-0.0440842
-0.0468406
-0.047053
-0.0467559
-0.0438894
-0.0473867
-0.0498132
-0.0498973
-0.0507795
-0.0478303
-0.0502576
-0.0469965
-0.051897
-0.0507049
-0.0505667
-0.0468659
-0.0500308
-0.0496601
-0.0497071
-0.050387
-0.0500177
-0.0511102
-0.0403397
-0.0481396
-0.0498009
-0.0491274
-0.0469628
-0.0495645
-0.0398019
-0.0498848
-0.0512161
-0.0493431
-0.0378738
-0.0516362
-0.0548605
-0.045546
-0.0502119
-0.0489618
-0.0345239
-0.0506251
-0.0497309
-0.0365128
-0.0518833
-0.0522325
-0.0500037
-0.0452079
-0.0499575
-0.0517092
-0.0480376
-0.0472338
-0.04936
-0.0522798
-0.0474579
-0.0460695
-0.0509246
-0.0508564
-0.0358521
-0.0506612
-0.0487983
-0.048392
-0.0523475
-0.0465101
-0.0413169
-0.0453067
-0.0460773
-0.0483117
-0.0428885
-0.0459147
-0.0418223
-0.0484371
-0.0447121
-0.0511207
-0.0349625
-0.0446215
-0.0441995
-0.0525683
-0.049718
-0.0448604
-0.0470179
-0.0493364
-0.0493725
-0.0484736
-0.0466119
-0.0453222
-0.0458734
-0.0449085
-0.0489528
-0.0418117
-0.0467583
-0.0499136
-0.0495207
-0.044431
-0.0492926
-0.0494602
-0.0470541
-0.0471528
-0.0433764
-0.0425426
-0.0461651
-0.0466996
-0.0477422
-0.0441544
-0.0497116
-0.0354109
-0.0500238
-0.0488799
-0.0484948
-0.0518632
-0.0509393
-0.0510031
-0.0493311
-0.0380452
-0.0499089
-0.0498266
-0.0463042
-0.0494078
-0.0497539
-0.0476226
-0.0494468
-0.0450238
-0.0481452
-0.0448814
-0.0470835
-0.0447321
-0.0457399
-0.047821
-0.0452852
-0.0448396
-0.0480468
-0.045559
-0.045576
-0.0452557
-0.0493569
-0.0493487
-0.049522
-0.0480483
-0.0476897
-0.047929
-0.0420421
-0.0434307
-0.0477143
-0.0436349
-0.0439506
-0.0446269
-0.0467166
-0.0441898
-0.0437604
-0.0453685
-0.0506917
-0.0516629
-0.0475623
-0.0431934
-0.0530413
-0.0507946
-0.0435306
-0.046968
-0.03938
-0.0490896
-0.0414257
-0.0440428
-0.0532467
-0.0512759
-0.0483434
-0.0494914
-0.0516435
-0.0434147
-0.0511669
-0.0462564
-0.0536431
-0.0508998
-0.0432095
-0.0456488
-0.053637
-0.0465687
-0.0509885
-0.0439338
-0.0482601
-0.0517166
-0.0460999
-0.0529534
-0.0507267
-0.0453574
-0.048366
-0.0516736
-0.0447005
-0.0518581
-0.0420018
-0.0418601
-0.0510349
-0.0456689
-0.0509721
-0.0496786
-0.0465334
-0.0466097
-0.0504137
-0.0503888
-0.0490942
-0.0415635
-0.046275
-0.0465795
-0.0514095
-0.0507611
-0.0417715
-0.0533733
-0.0423067
-0.0413016
-0.0509232
-0.0526407
-0.0460741
-0.046557
-0.05213
-0.0472332
-0.0487734
-0.0499777
-0.0485362
-0.0401538
-0.0501756
-0.0411909
-0.0481713
-0.0469767
-0.0470606
-0.0496998
-0.0467728
-0.0499119
-0.0492278
-0.0507043
-0.0516277
-0.0521934
-0.0493977
-0.0512347
-0.0501211
-0.0415519
-0.0502303
-0.0464232
-0.0422094
-0.0477653
-0.0496645
-0.0513194
-0.0489744
-0.0500898
-0.0492919
-0.0496118
-0.050911
-0.0478737
-0.0505385
-0.0507427
-0.0509643
-0.0496336
-0.0493815
-0.0496038
-0.0498662
-0.0465772
-0.04938
-0.0467
-0.0474944
-0.0500479
-0.049413
-0.0502179
-0.0509958
-0.0422669
-0.0471906
-0.0434884
-0.0505682
-0.0477474
-0.0473813
-0.0497565
-0.0499827
-0.0477321
-0.0505222
-0.0523772
-0.0492842
-0.0512453
-0.0468164
-0.0475494
-0.0467731
-0.0511871
-0.0507219
-0.0482672
-0.0416331
-0.049622
-0.0492575
-0.0464625
-0.0501157
-0.0483759
-0.0494761
-0.0500414
-0.0501493
-0.0479274
-0.0421738
-0.0463489
-0.0499648
-0.0440267
-0.0487074
-0.0483274
-0.0483381
-0.0482492
-0.0505312
-0.0465795
-0.0480888
-0.0502112
-0.0500448
-0.0428501
-0.0434723
-0.0530353
-0.0485387
-0.0541685
-0.0510999
-0.0484377
-0.04776
-0.0496729
-0.0480724
-0.0497856
-0.0548
-0.0518703
-0.0500469
-0.0547438
-0.0461155
-0.052485
-0.0484761
-0.0500957
-0.0492075
-0.0427828
-0.0503342
-0.0454259
-0.046572
-0.0426294
-0.0436689
-0.044955
-0.0498203
-0.0503164
-0.0500339
-0.0498512
-0.0488809
-0.0500223
-0.0517821
-0.0486553
-0.0524243
-0.0531908
-0.0422571
-0.053338
-0.043256
-0.0482047
-0.0547171
-0.0543594
-0.0435475
-0.0514714
-0.0443214
-0.0526752
-0.0392535
-0.0390232
-0.0500561
-0.0383651
-0.0467477
-0.0476397
-0.0399618
-0.051073
-0.040162
-0.04872
-0.0478064
-0.0548104
-0.0383633
-0.054443
-0.0495346
-0.0523015
-0.0527229
-0.0469551
-0.054198
-0.040332
-0.0497376
-0.0529189
-0.0472221
-0.0527094
-0.0510992
-0.0500952
-0.0541214
-0.0485617
-0.0544282
-0.0424582
-0.040388
-0.0534846
-0.0545278
-0.0513131
-0.0425075
-0.0527743
-0.0512992
-0.0513949
-0.0499597
-0.0481613
-0.0471026
-0.0509929
-0.0445894
-0.0534951
-0.0457447
-0.0498807
-0.0498501
-0.048965
-0.0479321
-0.0486845
-0.0483816
-0.0491118
-0.0481541
-0.0491478
-0.0503651
-0.0505951
-0.0503531
-0.0456771
-0.0495789
-0.0497803
-0.0459048
-0.0493199
-0.0510795
-0.0490792
-0.0486876
-0.0497407
-0.0499044
-0.0498156
-0.0495403
-0.04984
-0.0502702
-0.0507233
-0.0463577
-0.0500817
-0.0451203
-0.0499895
-0.0458021
-0.0506834
-0.048821
-0.0435162
-0.0506484
-0.0454029
-0.0498667
-0.050064
-0.0488241
-0.0519034
-0.050023
-0.0491432
-0.0480478
-0.0486138
-0.0494248
-0.048287
-0.0477277
-0.0498269
-0.0491929
-0.049616
-0.0488801
-0.0482733
-0.0493264
-0.0487458
-0.0486842
-0.0497762
-0.0512191
-0.0438176
-0.0501702
-0.0507467
-0.0512924
-0.0447625
-0.0489184
-0.0504447
-0.0494094
-0.049025
-0.0504392
-0.0493175
-0.0498258
-0.0502671
-0.0496116
-0.0492693
-0.0515925
-0.0490984
-0.0506852
-0.0498052
-0.0456477
-0.0496573
-0.0497965
-0.0494455
-0.0497637
-0.0488606
-0.0498774
-0.0496589
-0.049501
-0.0491323
-0.0490931
-0.0508587
-0.045822
-0.0503568
-0.0492065
-0.0491627
-0.0488692
-0.0482251
-0.0501826
-0.0497241
-0.049937
-0.0485361
-0.0494097
-0.0485973
-0.0496652
-0.0499772
-0.0493378
-0.048268
-0.0483332
-0.0492748
-0.0497953
-0.0485287
-0.0494235
-0.0498574
-0.0486776
-0.0499027
-0.0501054
-0.0470032
-0.0479536
-0.0482507
-0.0498182
-0.048997
-0.0492835
-0.0503264
-0.0485222
-0.0484665
-0.0462513
-0.0477511
-0.0518657
-0.0485527
-0.0511612
-0.0530954
-0.0470515
-0.0466398
-0.0535427
-0.0449855
-0.0526779
-0.0509797
-0.0462218
-0.0452143
-0.0456046
-0.0474631
-0.0510693
-0.0489851
-0.0487181
-0.0486226
-0.047046
-0.0483965
-0.0475471
-0.0495621
-0.049855
-0.048441
-0.0494282
-0.0495728
-0.0484518
-0.0497816
-0.049035
-0.0482872
-0.0491651
-0.0485926
-0.0498133
-0.0486368
-0.0494248
-0.0494362
-0.0487584
-0.0505367
-0.0497649
-0.0460858
-0.0531418
-0.048266
-0.0515859
-0.050667
-0.0472983
-0.0486851
-0.0470775
-0.0524698
-0.0499287
-0.0481634
-0.0524668
-0.0461805
-0.0473511
-0.0505209
-0.0477189
-0.0529816
-0.0499906
-0.0522182
-0.0499809
-0.0493549
-0.0491052
-0.0489153
-0.0499013
-0.0517192
-0.0475188
-0.0489084
-0.0486473
-0.0522194
-0.0516721
-0.0493012
-0.0536167
-0.042448
-0.0537949
-0.0472883
-0.049226
-0.0450447
-0.0517929
-0.0480715
-0.0526566
-0.0492042
-0.0527378
-0.0485694
-0.0457192
-0.0474181
-0.0482563
-0.0496588
-0.0495236
-0.0517525
-0.0464653
-0.0497391
-0.05006
-0.0449493
-0.0487284
-0.0516955
-0.0506711
-0.0509559
-0.0506547
-0.0452943
-0.0499309
-0.0500716
-0.0481327
-0.0488433
-0.047655
-0.0483717
-0.047371
-0.0483207
-0.0500475
-0.0481765
-0.0472257
-0.0509616
-0.0513713
-0.0466925
-0.0426679
-0.0463006
-0.0466871
-0.0519037
-0.0459555
-0.0433044
-0.0478274
-0.0446602
-0.048186
-0.0485599
-0.0461993
-0.0474505
-0.0481441
-0.0459936
-0.046071
-0.0468502
-0.0496193
-0.0495406
-0.0495324
-0.0483999
-0.0485332
-0.0487925
-0.0503673
-0.0429078
-0.0511738
-0.0482992
-0.0538802
-0.0460345
-0.0497543
-0.0520071
-0.0474155
-0.0463848
-0.0550853
-0.0481407
-0.0488723
-0.0489357
-0.048622
-0.0437952
-0.0495958
-0.0496505
-0.0459856
-0.048648
-0.0458896
-0.0428765
-0.0459151
-0.0489292
-0.0510695
-0.0529763
-0.0424799
-0.047191
-0.0516034
-0.0461794
-0.047797
-0.0483112
-0.0487904
-0.0464052
-0.0470732
-0.0493985
-0.0475276
-0.0474425
-0.0483238
-0.0475931
-0.0478651
-0.047395
-0.0500139
-0.0486892
-0.0501934
-0.0497603
-0.047624
-0.0497953
-0.0496216
-0.0500489
-0.0495358
-0.0491867
-0.0492413
-0.0474386
-0.049865
-0.0492285
-0.0497165
-0.0506332
-0.04918
-0.0488959
-0.0524729
-0.039448
-0.0498268
-0.0486581
-0.0498329
-0.0467473
-0.0492755
-0.0496636
-0.0511436
-0.0475904
-0.0500001
-0.0496249
-0.051294
-0.039095
-0.0508266
-0.0508725
-0.0481132
-0.0509079
-0.0454426
-0.0455733
-0.054198
-0.0428147
-0.0498863
-0.0501236
-0.0499228
-0.0498233
-0.0505387
-0.0465924
-0.049404
-0.0484731
-0.0502991
-0.0518132
-0.0498396
-0.0521643
-0.0468054
-0.049309
-0.0502879
-0.0495116
-0.0450401
-0.0503484
-0.0504567
-0.0533899
-0.0504567
-0.0497651
-0.0476891
-0.0479435
-0.0478736
-0.0503253
-0.0487252
-0.0501093
-0.0498324
-0.0503907
-0.0482398
-0.0497098
-0.0486307
-0.0498387
-0.0499854
-0.0496231
-0.0482559
-0.0496569
-0.0491062
-0.0495567
-0.0500596
-0.0495528
-0.048786
-0.043991
-0.0498292
-0.0505803
-0.0497961
-0.050092
-0.0514653
-0.0513418
-0.0517095
-0.0492406
-0.041314
-0.0525572
-0.051554
-0.0421992
-0.0411906
-0.0493417
-0.052658
-0.0477354
-0.0523439
-0.0492694
-0.0500747
-0.0488967
-0.051145
-0.0482423
-0.052652
-0.0475537
-0.0491881
-0.0494607
-0.0531612
-0.0495055
-0.0502843
-0.0493713
-0.0494574
-0.0478739
-0.0484609
-0.0477727
-0.0473442
-0.0494283
-0.0499134
-0.0495739
-0.0509412
-0.0478866
-0.0495495
-0.0499902
-0.0511068
-0.0494269
-0.0495618
-0.050608
-0.04905
-0.049157
-0.0394865
-0.0523141
-0.0499531
-0.0501401
-0.0496612
-0.0514163
-0.0508494
-0.0391078
-0.0509965
-0.0487298
-0.0498287
-0.0467518
-0.0492398
-0.0496364
-0.0511506
-0.0475848
-0.0481135
-0.0509651
-0.0453228
-0.0478162
-0.0480998
-0.0446429
-0.0480915
-0.0459215
-0.0459431
-0.0484734
-0.0461104
-0.0473342
-0.0467848
-0.0495075
-0.0494406
-0.0494172
-0.0482873
-0.048686
-0.0484153
-0.0477955
-0.0488622
-0.0482454
-0.047164
-0.0463339
-0.0493899
-0.0476264
-0.0479971
-0.0475324
-0.047559
-0.0473938
-0.0483534
-0.0500972
-0.0496945
-0.0494469
-0.0495866
-0.0476568
-0.0494176
-0.0499614
-0.0499577
-0.048607
-0.0500957
-0.0497062
-0.0495973
-0.0475345
-0.0497398
-0.0465906
-0.0424705
-0.0462759
-0.0516945
-0.0465134
-0.0432205
-0.0459222
-0.0501012
-0.0426963
-0.0482193
-0.0509552
-0.0458975
-0.0536241
-0.0494647
-0.0487948
-0.0484988
-0.0436232
-0.0494994
-0.0495642
-0.0485263
-0.0457945
-0.0518255
-0.047314
-0.0462585
-0.0480468
-0.0549182
-0.0488827
-0.0457108
-0.0457748
-0.0426685
-0.0465522
-0.0435396
-0.0439983
-0.0451749
-0.0443729
-0.0470716
-0.0447576
-0.0457947
-0.0478798
-0.0453874
-0.0448878
-0.0481155
-0.0456382
-0.0456309
-0.0453418
-0.0493711
-0.0494111
-0.0495837
-0.0480926
-0.0477241
-0.0479856
-0.0413858
-0.0453126
-0.0461042
-0.0429267
-0.0483778
-0.0418257
-0.0459674
-0.0498019
-0.0470703
-0.049324
-0.0449341
-0.0466112
-0.0494974
-0.0485071
-0.0499604
-0.0496084
-0.0445023
-0.0493802
-0.0495155
-0.0472085
-0.0471183
-0.0452855
-0.0459352
-0.04497
-0.0468027
-0.0418134
-0.0489835
-0.0434075
-0.0461816
-0.0425717
-0.0485922
-0.0447063
-0.0512273
-0.0447272
-0.034953
-0.0526316
-0.0442841
-0.0467872
-0.0442459
-0.0497402
-0.0478802
-0.0489746
-0.0354749
-0.0500335
-0.0499653
-0.0499205
-0.0463725
-0.0494638
-0.0498204
-0.0495243
-0.0476821
-0.0484276
-0.0518254
-0.0509676
-0.0379538
-0.0493185
-0.0509907
-0.0451516
-0.0449975
-0.0482739
-0.0435585
-0.0475775
-0.0474798
-0.0449768
-0.0444515
-0.0494356
-0.0451365
-0.0411396
-0.0438523
-0.045041
-0.0474825
-0.0440114
-0.046377
-0.049282
-0.0428443
-0.0495413
-0.0439263
-0.0493662
-0.0499155
-0.0466136
-0.0496951
-0.0466126
-0.0499787
-0.0436695
-0.0494167
-0.0500137
-0.0434323
-0.0408109
-0.0497377
-0.0481571
-0.0477049
-0.0458543
-0.0488672
-0.0504414
-0.049842
-0.0452087
-0.0494587
-0.0500257
-0.0494897
-0.0478464
-0.0471093
-0.0485254
-0.048024
-0.0501526
-0.0431882
-0.0432017
-0.0487205
-0.0460518
-0.0403453
-0.0445828
-0.0398856
-0.0479639
-0.0486289
-0.0453873
-0.0466913
-0.0404056
-0.0524146
-0.0442426
-0.0500281
-0.0438837
-0.048386
-0.0502669
-0.0483547
-0.0499388
-0.0488205
-0.0434719
-0.0493758
-0.0498231
-0.0473015
-0.048403
-0.0444564
-0.0461231
-0.0485101
-0.0493475
-0.0495015
-0.0416255
-0.0512429
-0.0433674
-0.0452623
-0.0429838
-0.0441348
-0.0487063
-0.0507288
-0.0488997
-0.0443061
-0.0432724
-0.0483783
-0.0513163
-0.0506231
-0.0434333
-0.0434027
-0.0509884
-0.0415664
-0.0408158
-0.0490712
-0.0422378
-0.0422299
-0.0496274
-0.0455838
-0.0501177
-0.049381
-0.0489896
-0.0483249
-0.0486472
-0.0500627
-0.04572
-0.0506373
-0.0459645
-0.049798
-0.0486919
-0.0487433
-0.0507538
-0.00778233
-0.0207015
-0.0212028
-0.0425284
-0.0396226
-0.035833
-0.0354153
-0.0390567
-0.0382662
-0.0359042
-0.0393475
-0.0210871
-0.0362058
-0.0240926
-0.0157133
-0.0127835
-0.0353818
-0.0155076
-0.023899
-0.0444744
-0.041359
-0.0362904
-0.0308575
-0.0414322
-0.037961
-0.0152208
-0.015362
-0.0153429
-0.0222008
-0.0287821
-0.028256
-0.0307457
-0.0245491
-0.0361312
-0.0295516
-0.0286927
-0.027534
-0.0294367
-0.0239037
-0.037623
-0.0205461
-0.0333634
-0.0421431
-0.0366789
-0.0228353
-0.0425339
-0.0383083
-0.0449006
-0.0353381
-0.0400434
-0.0359281
-0.031082
-0.0438141
-0.0371167
-0.0436386
-0.0272621
-0.028553
-0.0310903
-0.0277858
-0.0422539
-0.0488103
-0.0434228
-0.0419017
-0.0379301
-0.0403591
-0.0455212
-0.0412694
-0.0477826
-0.0453073
-0.0377085
-0.0444757
-0.0457385
-0.0420016
-0.0470694
-0.0376001
-0.0403838
-0.0443813
-0.0458737
-0.0318241
-0.0392678
-0.043518
-0.0405681
-0.0458248
-0.0424277
-0.0331345
-0.0402076
-0.0403108
-0.0463545
-0.0488256
-0.0482348
-0.0470608
-0.048677
-0.0422841
-0.0424482
-0.0390334
-0.0389838
-0.0355998
-0.0402452
-0.0440781
-0.0288616
-0.0178415
-0.0314115
-0.0337222
-0.0230357
-0.0289854
-0.0401256
-0.0397263
-0.0240889
-0.0361808
-0.0365603
-0.0453835
-0.0324103
-0.0387402
-0.0296798
-0.0391995
-0.043725
-0.0326264
-0.0403194
-0.0257375
-0.03417
-0.0370697
-0.0420173
-0.0264964
-0.049379
-0.0404487
-0.0474439
-0.0385378
-0.0454881
-0.0484609
-0.0472557
-0.0476733
-0.0463143
-0.0429706
-0.0446197
-0.0467601
-0.0478538
-0.0425103
-0.00441883
-0.0168346
-0.0186237
-0.0426032
-0.0393811
-0.0403201
-0.0366459
-0.0448547
-0.0324
-0.0402659
-0.036656
-0.0217835
-0.0354621
-0.02722
-0.00684814
-0.0333127
-0.00848853
-0.0239869
-0.0360096
-0.0417302
-0.0417991
-0.0357369
-0.0406282
-0.0372672
-0.0318118
-0.00850093
-0.0235329
-0.00628284
-0.0214949
-0.0223699
-0.0287262
-0.0380509
-0.0315074
-0.0259541
-0.0213821
-0.021078
-0.00107553
-1.55784e-05
-0.00784441
-0.00348739
-0.0155704
-0.00919702
-0.00533401
-0.00515105
-0.00508878
-0.0192564
-0.00921739
-0.00720261
0.00102712
-0.00192375
0.00552865
-0.00673799
-0.0192585
0.00305986
0.00250502
-0.00718561
0.00599396
0.00376031
-0.00471893
-0.00576294
-0.0209822
0.00644665
-0.000274092
-0.00798716
-0.00675254
0.00501944
-0.00615584
-0.0239832
-0.0362341
-0.0139559
-0.0285019
-0.020096
-0.00797872
-0.0368737
-0.00851178
-0.0195183
-0.00863439
-0.0135101
-0.0234984
-0.00930183
-0.00635344
-0.0233781
-0.00681301
-0.0274997
-0.0334231
-0.00502224
-0.0231936
-0.0352425
-0.00852116
-0.00403301
-0.00865591
-0.0237338
0.00305278
-0.0159418
-0.023467
0.00169835
-0.00252609
-0.00152979
-0.00143469
-0.0142416
-0.0222135
0.00140034
0.00319451
0.000750385
-0.0137577
-0.0226003
0.00273625
-0.000748969
-0.000922557
0.00312723
-0.0149438
-0.00204954
-0.0235923
0.00210152
-0.0161031
-0.000109042
-0.0230878
-0.0280732
-0.00343733
-0.0174355
-0.0108383
-0.0264529
-0.020391
-0.0152905
-0.0282461
-0.00302715
-0.0159866
-0.0141453
-0.0149736
-0.0167448
-0.0286181
-0.0281144
-0.00758431
-0.0148102
-0.0144245
-0.0195079
-0.0283784
-0.0135154
-0.0004995
1.05562e-06
0.00615101
-0.0116022
-0.0247989
-0.0134353
0.00635831
-0.0116885
-0.0134661
0.00555847
-0.00763109
-0.0136725
-0.0243824
0.00436609
-0.0123164
-0.0125133
-0.00434799
0.00201202
-0.00957028
-0.0176954
-0.033876
-0.0117914
-0.0293913
-0.0187428
-0.0202568
-0.0325749
-0.0181172
-0.0200479
-0.00127207
-0.0173696
-0.0119237
-0.00180838
-0.000823255
-0.0162523
-0.0161358
-0.0286383
-0.0333223
-0.0183386
-0.0310345
-0.0221514
-0.0158994
0.00343073
-0.00563659
-0.0256507
-0.0217524
0.00562472
-0.0141368
-0.0138348
0.00380806
0.00585249
-0.0144016
-0.0130648
-0.0278642
0.00549667
-0.0156201
0.00498885
-0.0129275
-0.0279135
-0.014774
0.00602956
0.00569944
-0.0146606
-0.012797
0.00350773
-0.0270473
-0.015548
-0.0131833
0.00474601
-0.0272735
0.00103366
-0.00191767
0.00553146
-0.00673844
0.0030611
-0.0192593
-0.00718578
0.00599383
0.00250395
0.00376642
-0.00471259
-0.00576045
-0.0209807
-0.00798587
0.00645198
-0.00027293
-0.00107453
-1.44408e-05
-0.00782113
-0.0155499
-0.00345849
-0.00530997
-0.0091936
-0.00514052
-0.00508828
-0.0192479
-0.0071939
-0.00921822
0.00170255
-0.00251499
-0.00152033
-0.0014265
-0.014238
-0.02221
0.00140986
0.00319935
-0.0137516
0.000759206
-0.0225927
0.00274042
-0.000761658
0.00312952
-0.00091427
-0.0149394
-0.00203477
0.00210797
-0.0235816
-9.73859e-05
-0.0160951
-0.02308
-0.00673471
0.00502909
-0.00614426
-0.0239658
-0.036189
-0.0284862
-0.0139215
-0.00796174
-0.0368566
-0.0200458
-0.00848887
-0.0194814
-0.00860607
-0.0134666
-0.0234656
-0.0233571
-0.00680347
-0.027491
-0.0334159
-0.00500958
-0.0231803
-0.0352265
-0.00928409
-0.00629541
-0.00849131
-0.00401608
-0.0237182
-0.00863028
-0.0159233
0.00308236
-0.0234371
-0.0280603
-0.00285264
-0.0133788
-0.0120468
-0.0267075
-0.0147862
-0.011541
-0.0280775
-0.007567
-0.0147735
-0.0143684
-0.0134637
-0.019482
-0.0283451
-0.0282456
-0.00296474
-0.015954
-0.0140928
-0.0167226
-0.0286061
-0.0149281
0.00100261
0.00327587
-0.00618561
-0.0177041
-0.00048249
-0.00635353
-1.06481e-05
-0.00247581
-0.0151173
-0.0145676
-0.00945292
-6.81171e-05
-0.0138159
0.00392188
0.00588764
-0.0142852
-0.0130281
-0.0278651
0.00547536
-0.0156546
-0.0278996
-0.012927
0.00498711
-0.0147613
0.00601553
0.00570574
-0.0147027
-0.0127646
0.00361195
-0.0155515
-0.0269546
-0.0272791
0.00476201
-0.0131041
-0.00424952
0.00214405
-0.00943241
-0.0176755
-0.033885
-0.0293849
-0.0117871
-0.0325888
-0.0186983
-0.0202453
-0.0180424
-0.0200216
-0.00120317
-0.0118824
-0.0173188
-0.0162068
-0.0160539
-0.0286076
-0.0332926
-0.0310288
-0.0182518
-0.0220819
-0.00175444
-0.000797353
-0.0158104
0.00354269
-0.0255624
-0.00552593
-0.0140576
0.00572312
-0.0216789
-0.00773908
-0.0206821
-0.0210831
-0.0210434
-0.036185
-0.0156891
-0.0240516
-0.0154802
-0.0127269
-0.0353523
-0.0151904
-0.0153401
-0.0153128
-0.0221647
-0.0238489
-0.044465
-0.0413661
-0.0363166
-0.030815
-0.0414127
-0.0379526
-0.0287627
-0.0283713
-0.0307301
-0.0243738
-0.0362051
-0.0296091
-0.0287417
-0.042491
-0.039615
-0.0358176
-0.0353871
-0.039019
-0.0382352
-0.0358649
-0.0392902
-0.0341558
-0.0425808
-0.0359136
-0.0478453
-0.0449182
-0.0436577
-0.0465689
-0.0445223
-0.0458083
-0.0311748
-0.037571
-0.0396598
-0.0473402
-0.0333331
-0.0447658
-0.0387885
-0.0347843
-0.0423738
-0.0398616
-0.0500982
-0.0427298
-0.0459618
-0.0377474
-0.0486659
-0.049019
-0.0487442
-0.0433902
-0.0378433
-0.0418899
-0.041201
-0.0402995
-0.0454976
-0.0476951
-0.044975
-0.0376124
-0.0444048
-0.0419099
-0.0456978
-0.0468032
-0.0287191
-0.0178329
-0.0312009
-0.0337243
-0.0230905
-0.0403004
-0.0290066
-0.0241098
-0.0362834
-0.0396895
-0.0363882
-0.0452923
-0.0388142
-0.0323867
-0.0436244
-0.0296834
-0.0389204
-0.0324495
-0.0409648
-0.0258703
-0.0342858
-0.0265001
-0.037273
-0.0422499
-0.0315982
-0.0375891
-0.0403562
-0.0443643
-0.0458434
-0.0392509
-0.0435035
-0.0405751
-0.0458426
-0.0331325
-0.0424276
-0.0401703
-0.0402049
-0.0389918
-0.0391144
-0.0355411
-0.0401395
-0.044031
-0.0463791
-0.0488396
-0.0482231
-0.0470631
-0.048683
-0.0424815
-0.0422959
-0.0493549
-0.0404207
-0.0384795
-0.047434
-0.0484305
-0.0472154
-0.0454776
-0.0475806
-0.0462759
-0.0429071
-0.0445277
-0.0466671
-0.0476481
-0.0424249
-0.0217318
-0.0354429
-0.00684843
-0.027246
-0.00848021
-0.0239604
-0.0332746
-0.00843802
-0.0234872
-0.021422
-0.00624288
-0.0358808
-0.0415935
-0.0415891
-0.0356024
-0.0316888
-0.0404931
-0.0370976
-0.0222724
-0.0288176
-0.0377819
-0.0314314
-0.0257381
-0.0212624
-0.0209784
-0.0425444
-0.039273
-0.0402279
-0.0447779
-0.0322589
-0.0365444
-0.0401558
-0.0365362
-0.0497746
-0.0470713
-0.0449397
-0.0492914
-0.0494893
-0.0465912
-0.0484783
-0.0452814
-0.0459222
-0.0449544
-0.0418111
-0.046798
-0.0489788
-0.0499425
-0.0495877
-0.0444968
-0.0493621
-0.0494956
-0.0471926
-0.0471084
-0.0433993
-0.0461799
-0.0425675
-0.047051
-0.0447466
-0.045779
-0.0478676
-0.0453747
-0.0448818
-0.0480921
-0.0456184
-0.0456138
-0.0453292
-0.0493468
-0.0493866
-0.0495601
-0.048072
-0.0477081
-0.0479673
-0.0435659
-0.0475646
-0.0474568
-0.0449832
-0.0494081
-0.0444518
-0.0451349
-0.0411343
-0.0438483
-0.045033
-0.0474698
-0.0439976
-0.0463741
-0.0492595
-0.0428484
-0.0495192
-0.0439357
-0.0498999
-0.0493437
-0.0465955
-0.0496614
-0.0499479
-0.0465847
-0.0499764
-0.0493865
-0.0436592
-0.0485664
-0.0446689
-0.0511887
-0.0349373
-0.0446842
-0.044272
-0.05259
-0.0467586
-0.0497079
-0.0442389
-0.0478525
-0.0489461
-0.0500009
-0.0354588
-0.0499329
-0.0498815
-0.0494452
-0.0463369
-0.0497842
-0.0476621
-0.0494803
-0.0483982
-0.0518288
-0.0509414
-0.0492896
-0.0379249
-0.0509818
-0.0450987
-0.0482346
-0.0449494
-0.0446032
-0.0398975
-0.0479863
-0.0486171
-0.0453994
-0.0467012
-0.0404345
-0.0488319
-0.0448891
-0.0432361
-0.0477256
-0.0455621
-0.0450205
-0.0479707
-0.0458283
-0.0447619
-0.0451578
-0.0493415
-0.0493629
-0.0492205
-0.0479609
-0.0475755
-0.0468018
-0.0483688
-0.0513325
-0.0506257
-0.0434616
-0.0509781
-0.0434188
-0.0415848
-0.0408199
-0.0490695
-0.0422658
-0.042259
-0.0496228
-0.0455905
-0.0501292
-0.049396
-0.0489979
-0.0500772
-0.0483288
-0.0486355
-0.0457231
-0.0506112
-0.0497703
-0.0459676
-0.0487144
-0.0486738
-0.0507498
-0.0523737
-0.0499823
-0.0442142
-0.0438698
-0.0483477
-0.0483052
-0.0502499
-0.0498988
-0.0487957
-0.0493349
-0.0434296
-0.0497888
-0.0472551
-0.0483734
-0.044423
-0.0460725
-0.0484814
-0.0416107
-0.0494656
-0.0493223
-0.0512108
-0.0433327
-0.0452218
-0.0429926
-0.0441074
-0.0486847
-0.0488913
-0.0506831
-0.0432647
-0.0443
-0.049998
-0.0471695
-0.0481231
-0.051367
-0.0509818
-0.0503721
-0.0429107
-0.0482813
-0.0512072
-0.0460006
-0.053902
-0.049759
-0.0489358
-0.0486125
-0.0437853
-0.0495703
-0.0496258
-0.0486398
-0.0459957
-0.0520387
-0.0474291
-0.0463991
-0.0488985
-0.0551121
-0.0481634
-0.0458843
-0.0458972
-0.0428887
-0.0467265
-0.0426831
-0.0463224
-0.0467053
-0.0519276
-0.045973
-0.0433211
-0.0498305
-0.049111
-0.050634
-0.0490007
-0.0525077
-0.0499789
-0.039507
-0.0486761
-0.0497891
-0.049265
-0.0467221
-0.049614
-0.0476055
-0.051116
-0.0500762
-0.0496332
-0.0513468
-0.0508911
-0.0391118
-0.0509034
-0.0481874
-0.045465
-0.050924
-0.0490584
-0.0511358
-0.0530465
-0.0472395
-0.0425109
-0.0462192
-0.0516662
-0.0478294
-0.0483447
-0.0488998
-0.0464358
-0.0494871
-0.0471359
-0.0475226
-0.0474531
-0.0483197
-0.0475873
-0.0478717
-0.0473849
-0.0500165
-0.0487167
-0.0502102
-0.0498041
-0.047646
-0.0498336
-0.0496184
-0.0500608
-0.0496152
-0.0492971
-0.0492241
-0.0499363
-0.047481
-0.0492245
-0.0427139
-0.0484826
-0.0523671
-0.0453219
-0.0428443
-0.0430745
-0.0528575
-0.0533792
-0.0493012
-0.0465058
-0.0461708
-0.0505346
-0.0460715
-0.0468476
-0.0500984
-0.0516854
-0.0456863
-0.0481747
-0.048879
-0.0507548
-0.0494893
-0.0514641
-0.0433311
-0.0471073
-0.0467458
-0.0455706
-0.042818
-0.0541783
-0.0498959
-0.0501492
-0.0498239
-0.049939
-0.049418
-0.0505545
-0.046609
-0.0484855
-0.0502678
-0.0498435
-0.0518071
-0.0468088
-0.0493148
-0.0521569
-0.0503001
-0.0493547
-0.0450043
-0.0503791
-0.0504057
-0.0504387
-0.0534144
-0.0497487
-0.0476691
-0.0478771
-0.0479438
-0.050099
-0.0503376
-0.0487099
-0.0497954
-0.0503576
-0.0482642
-0.0497135
-0.0486493
-0.0499678
-0.0498286
-0.0505329
-0.0498725
-0.0492996
-0.0496068
-0.0499483
-0.0497258
-0.0494701
-0.0496316
-0.0482655
-0.0496673
-0.0491108
-0.0500669
-0.0495646
-0.0495554
-0.0502025
-0.0485312
-0.0498374
-0.0498763
-0.0500422
-0.050223
-0.0500511
-0.0487958
-0.0440098
-0.0498435
-0.0505938
-0.0501085
-0.0498043
-0.0514688
-0.048758
-0.0541463
-0.0403743
-0.0494346
-0.0511583
-0.0496686
-0.0505681
-0.0484118
-0.0488746
-0.0506671
-0.0496179
-0.0492301
-0.0503924
-0.0418486
-0.0499808
-0.0537602
-0.0476026
-0.0504452
-0.048442
-0.0544247
-0.0516391
-0.0413856
-0.0522232
-0.049342
-0.0517201
-0.0492538
-0.0413236
-0.0525714
-0.0513512
-0.0515681
-0.0422263
-0.0411918
-0.0493769
-0.0477563
-0.0526883
-0.0492956
-0.0523763
-0.0475699
-0.0492145
-0.0494729
-0.0531831
-0.0503002
-0.0494136
-0.0495217
-0.0500945
-0.04901
-0.0511318
-0.0482543
-0.0526794
-0.0494951
-0.047901
-0.0477671
-0.0484776
-0.0494246
-0.0499324
-0.0473884
-0.0495892
-0.0509254
-0.0478592
-0.0496414
-0.0510714
-0.049599
-0.0500821
-0.0477942
-0.048102
-0.0446313
-0.0480985
-0.0459162
-0.0459625
-0.0484676
-0.0460886
-0.0473436
-0.0467972
-0.0495438
-0.0494486
-0.049416
-0.0482752
-0.0487031
-0.0484252
-0.0490484
-0.0511481
-0.0530145
-0.0472281
-0.0424218
-0.0461325
-0.0517011
-0.0501253
-0.0481995
-0.0427136
-0.0509914
-0.0458903
-0.0494706
-0.0536582
-0.0487961
-0.0484844
-0.0494886
-0.0436132
-0.0495362
-0.0485334
-0.0457898
-0.0518622
-0.0473486
-0.0462877
-0.0480875
-0.0549621
-0.0489293
-0.0457076
-0.0457767
-0.0426715
-0.0478256
-0.0489109
-0.0482933
-0.0472017
-0.0494514
-0.0463833
-0.0476403
-0.0480099
-0.0475326
-0.0475841
-0.047425
-0.0483634
-0.0501153
-0.0497338
-0.0494527
-0.0496155
-0.0494307
-0.0476703
-0.0500012
-0.0499951
-0.0486499
-0.0497562
-0.0501396
-0.0497958
-0.0475807
-0.0496293
-0.0466301
-0.0424935
-0.0463121
-0.0465448
-0.0517318
-0.045963
-0.0432609
-0.0465294
-0.0439673
-0.0435262
-0.0443231
-0.0451787
-0.0446058
-0.0535152
-0.0457807
-0.0498697
-0.0498455
-0.0489611
-0.0483645
-0.048683
-0.0479364
-0.0491036
-0.048145
-0.0491646
-0.0504007
-0.0503924
-0.0506106
-0.049791
-0.045715
-0.0495755
-0.048701
-0.049744
-0.0499043
-0.0498174
-0.0498596
-0.0495481
-0.0502645
-0.0459235
-0.0493457
-0.0511138
-0.0490979
-0.0507334
-0.046384
-0.050069
-0.0500006
-0.0451096
-0.0458229
-0.050706
-0.0494336
-0.0482936
-0.0477294
-0.0498294
-0.0496237
-0.0491893
-0.048278
-0.0493255
-0.048873
-0.0487534
-0.0486857
-0.0497834
-0.0512226
-0.0438235
-0.050753
-0.0501753
-0.0512681
-0.0447622
-0.048895
-0.0504388
-0.0493966
-0.0504425
-0.0490062
-0.0498125
-0.0502609
-0.0492913
-0.0495708
-0.0493077
-0.05152
-0.0506382
-0.049116
-0.0496527
-0.0498055
-0.0494403
-0.0497538
-0.0488583
-0.0496548
-0.0498602
-0.0497958
-0.0456399
-0.0494334
-0.0491237
-0.0508353
-0.0489584
-0.0490174
-0.0503134
-0.0457466
-0.0491831
-0.0488799
-0.0482319
-0.0502076
-0.0497141
-0.0499375
-0.0485332
-0.0494099
-0.0485959
-0.0496531
-0.0499692
-0.0493467
-0.0482712
-0.0483351
-0.0492819
-0.0497943
-0.0485547
-0.0498695
-0.0494552
-0.0499
-0.0486926
-0.0500922
-0.0466566
-0.0535462
-0.0450067
-0.0509906
-0.0526865
-0.0452331
-0.0462412
-0.0455976
-0.0474735
-0.0510762
-0.0487288
-0.0489894
-0.0486066
-0.0470436
-0.0483983
-0.0475275
-0.0495558
-0.0498506
-0.0484384
-0.0494551
-0.0497891
-0.0495636
-0.0484599
-0.0490363
-0.0482947
-0.0486008
-0.0491719
-0.0497886
-0.0486094
-0.0494496
-0.0494511
-0.0497758
-0.050507
-0.0487625
-0.0461103
-0.0531318
-0.0482805
-0.0515999
-0.0506496
-0.0486848
-0.0473224
-0.0499346
-0.0471034
-0.0524876
-0.0481989
-0.0524984
-0.0462203
-0.0473746
-0.0505738
-0.049993
-0.0522038
-0.0499769
-0.0493786
-0.0499128
-0.0491078
-0.0489062
-0.0477409
-0.0529934
-0.0517434
-0.0475286
-0.0486961
-0.0489567
-0.0516791
-0.0522544
-0.0493367
-0.0472853
-0.0492195
-0.051737
-0.0450596
-0.0526311
-0.0491562
-0.0480864
-0.0482756
-0.0496681
-0.0496299
-0.0517606
-0.0500535
-0.0497973
-0.0465195
-0.0527405
-0.0485869
-0.0474368
-0.0457378
-0.0449824
-0.0486455
-0.0517938
-0.0509347
-0.0507282
-0.0506708
-0.0453268
-0.0499482
-0.0501625
-0.0481502
-0.0477118
-0.0488964
-0.0483846
-0.0474915
-0.0484061
-0.0498994
-0.0480895
-0.0501858
-0.048911
-0.048315
-0.0477233
-0.0474915
-0.0483737
-0.0535888
-0.0424014
-0.0536919
-0.0483109
-0.049684
-0.0517693
-0.049622
-0.0465815
-0.050098
-0.0497576
-0.0527187
-0.0484218
-0.0474234
-0.0456338
-0.047275
-0.0491892
-0.0517277
-0.0449086
-0.0525619
-0.0491214
-0.0478462
-0.050614
-0.0453505
-0.0450159
-0.0518875
-0.0486284
-0.0508013
-0.0509724
-0.0470339
-0.0504999
-0.04894
-0.0487805
-0.0466111
-0.050548
-0.0497792
-0.0497349
-0.051224
-0.0499206
-0.0497792
-0.0496798
-0.0497276
-0.0500122
-0.0486452
-0.0499133
-0.0498447
-0.0497195
-0.0500519
-0.0496736
-0.0498549
-0.0479847
-0.0494405
-0.0481573
-0.0478794
-0.0488772
-0.0489597
-0.0483461
-0.0472691
-0.0494919
-0.049934
-0.04947
-0.04987
-0.0488341
-0.0498364
-0.0494342
-0.0498666
-0.0505335
-0.0459802
-0.0502586
-0.0492366
-0.0492331
-0.0501683
-0.0502183
-0.0485888
-0.0498088
-0.0491682
-0.0486507
-0.0503293
-0.0503896
-0.0501159
-0.0495595
-0.0491881
-0.0501292
-0.0497524
-0.050399
-0.0468933
-0.0498799
-0.0486591
-0.0484502
-0.049378
-0.0489638
-0.0496821
-0.049857
-0.0497724
-0.0499008
-0.0490512
-0.0490674
-0.0495714
-0.0498517
-0.0496941
-0.0488679
-0.0489333
-0.0498999
-0.0494009
-0.0490243
-0.0486746
-0.046854
-0.0501311
-0.052002
-0.0497398
-0.0482287
-0.0505218
-0.0495424
-0.0504239
-0.0511577
-0.0481257
-0.0526145
-0.0477107
-0.0497972
-0.0501273
-0.0475077
-0.0483344
-0.0489953
-0.0494778
-0.0494588
-0.0500957
-0.0498563
-0.0496723
-0.0491216
-0.0495681
-0.0496132
-0.0498983
-0.0497143
-0.049467
-0.0496995
-0.0496725
-0.0500067
-0.0492919
-0.0472861
-0.0493936
-0.0500173
-0.0496437
-0.0495635
-0.0493682
-0.0488978
-0.0494996
-0.0496206
-0.0506203
-0.0487805
-0.0500702
-0.0496174
-0.0505433
-0.0498946
-0.0494748
-0.0493204
-0.0505619
-0.0501622
-0.0503193
-0.0493959
-0.0496796
-0.0496267
-0.0505289
-0.0507344
-0.0497512
-0.0498273
-0.0496122
-0.048679
-0.0500212
-0.0497237
-0.0494282
-0.0498827
-0.049835
-0.0504151
-0.0497027
-0.0498847
-0.0498703
-0.049922
-0.0498311
-0.0493457
-0.0499373
-0.0493899
-0.049908
-0.0489837
-0.0499481
-0.0497304
-0.0491634
-0.0498186
-0.0486535
-0.0497996
-0.0497675
-0.0500657
-0.0496963
-0.0498526
-0.0496799
-0.0497955
-0.0496099
-0.0502533
-0.0477831
-0.0500546
-0.0501849
-0.0491406
-0.0501541
-0.0493501
-0.0497886
-0.0493617
-0.0497462
-0.0500445
-0.0499639
-0.0497615
-0.0497308
-0.049579
-0.0498067
-0.0497365
-0.0499017
-0.0494602
-0.0497437
-0.0496867
-0.049475
-0.0494248
-0.049844
-0.0501109
-0.0493654
-0.0503898
-0.0497239
-0.0496884
-0.0497896
-0.0498971
-0.049834
-0.0499444
-0.0483135
-0.0503911
-0.0499112
-0.0496107
-0.0496774
-0.0497496
-0.0498829
-0.0498877
-0.0495176
-0.0498517
-0.0501194
-0.0496322
-0.0502743
-0.0496259
-0.049565
-0.0500005
-0.0484533
-0.0509399
-0.0492823
-0.0507486
-0.0508404
-0.0480243
-0.0490944
-0.048013
-0.0497224
-0.0486236
-0.0487026
-0.0497131
-0.0489727
-0.0501808
-0.0496721
-0.0496719
-0.0497112
-0.0495163
-0.0496922
-0.0489645
-0.0484507
-0.0520083
-0.0492742
-0.0511199
-0.0508084
-0.0496889
-0.0491881
-0.0498104
-0.0500784
-0.0502014
-0.0498016
-0.0493573
-0.0506889
-0.0492791
-0.0502377
-0.0497119
-0.0494198
-0.0495606
-0.049791
-0.0488952
-0.049547
-0.0494585
-0.0493139
-0.0498183
-0.0483858
-0.0496901
-0.0498781
-0.0497527
-0.0497573
-0.0498723
-0.0499832
-0.0496587
-0.0505156
-0.0501923
-0.0499699
-0.0497528
-0.0497304
-0.0496458
-0.0500473
-0.0496439
-0.049851
-0.0497033
-0.0498471
-0.0498278
-0.0501176
-0.0498712
-0.0496952
-0.0497138
-0.0490798
-0.0495244
-0.0498865
-0.0491669
-0.0495606
-0.0501522
-0.0494199
-0.0503805
-0.0483288
-0.0496498
-0.0497588
-0.0498512
-0.049714
-0.049736
-0.0494829
-0.0503852
-0.0493356
-0.049959
-0.0500143
-0.0498538
-0.0477081
-0.0499198
-0.0488047
-0.0497359
-0.0497788
-0.0497292
-0.0496999
-0.0506132
-0.0496611
-0.0497562
-0.0486543
-0.0467595
-0.051974
-0.0502418
-0.0480627
-0.0496312
-0.0505921
-0.0496782
-0.05047
-0.0512499
-0.0483915
-0.0478203
-0.0525758
-0.0499564
-0.0503062
-0.0476927
-0.0495431
-0.0484176
-0.0490444
-0.0495762
-0.0499475
-0.0500198
-0.0497173
-0.0490699
-0.0497651
-0.0495717
-0.0488506
-0.0506253
-0.0467688
-0.0498955
-0.0512973
-0.0499131
-0.0499053
-0.0498069
-0.0501984
-0.049768
-0.0499087
-0.0480559
-0.0495745
-0.0499874
-0.0497804
-0.049782
-0.0498104
-0.0500129
-0.0499595
-0.0487214
-0.0489916
-0.0484049
-0.0472603
-0.0482882
-0.0479575
-0.0490677
-0.0484721
-0.0486324
-0.0493115
-0.0488329
-0.0496065
-0.0497055
-0.0497845
-0.048886
-0.0489687
-0.0498298
-0.0488919
-0.0498824
-0.0489787
-0.0493525
-0.0495159
-0.0497532
-0.0487223
-0.0496098
-0.0470071
-0.0504776
-0.0488792
-0.0498674
-0.0497992
-0.0496597
-0.0497484
-0.0495227
-0.0500156
-0.0497099
-0.0495566
-0.0500858
-0.0500268
-0.0494146
-0.0501619
-0.0488441
-0.0495012
-0.0497768
-0.0504966
-0.0459628
-0.0501412
-0.0491609
-0.0491512
-0.0500823
-0.0501453
-0.0486196
-0.0488363
-0.0491204
-0.0497636
-0.0501877
-0.0504491
-0.0499681
-0.0496448
-0.0491431
-0.0500634
-0.0497508
-0.0498856
-0.0489796
-0.0498376
-0.0486755
-0.0484299
-0.048035
-0.0490163
-0.0480639
-0.0486854
-0.0497542
-0.0498286
-0.0499178
-0.0503687
-0.049606
-0.0498265
-0.0457451
-0.0492348
-0.0489629
-0.0509207
-0.048974
-0.0502905
-0.0501935
-0.0504586
-0.0455126
-0.0496141
-0.0494252
-0.0458524
-0.050692
-0.0505719
-0.0500082
-0.0463356
-0.0450223
-0.0498736
-0.0445694
-0.0533383
-0.0455953
-0.0512272
-0.0518061
-0.0524847
-0.0391878
-0.039855
-0.0510183
-0.0400296
-0.0487091
-0.0476686
-0.0388961
-0.0500574
-0.0383078
-0.0476096
-0.0466711
-0.0539982
-0.040231
-0.0527478
-0.0495757
-0.0525852
-0.0471469
-0.0508487
-0.0545791
-0.0383787
-0.0543538
-0.0494769
-0.0525783
-0.0469078
-0.0520744
-0.0499728
-0.048406
-0.0539229
-0.042362
-0.0402802
-0.0543
-0.0543488
-0.0511793
-0.0425601
-0.0527796
-0.0533842
-0.0514028
-0.0472461
-0.0548252
-0.0425968
-0.0418378
-0.0529921
-0.0513922
-0.0508903
-0.0416916
-0.0522941
-0.053082
-0.0485398
-0.0529938
-0.0523472
-0.0531361
-0.0432262
-0.0421805
-0.0482261
-0.0541236
-0.0544877
-0.0442981
-0.0436026
-0.0512543
-0.0494048
-0.0478411
-0.0476749
-0.0484502
-0.0494209
-0.0497606
-0.0473579
-0.0495352
-0.0509654
-0.0478727
-0.0495486
-0.0510769
-0.050007
-0.0495557
-0.0487453
-0.040357
-0.054155
-0.0494061
-0.0510572
-0.0505597
-0.049707
-0.0489175
-0.048405
-0.0506887
-0.0504464
-0.0483567
-0.0543859
-0.0516262
-0.0521905
-0.0413933
-0.0493075
-0.0495859
-0.0491929
-0.0417862
-0.0503101
-0.0475558
-0.0537067
-0.0499866
-0.0429868
-0.0526871
-0.0426428
-0.0521571
-0.0484116
-0.0452706
-0.0428196
-0.0467907
-0.0499604
-0.0455923
-0.0514847
-0.0505998
-0.0487787
-0.0482194
-0.0494204
-0.0514345
-0.0432379
-0.0466411
-0.04715
-0.0532608
-0.0491758
-0.0463312
-0.0460924
-0.0503688
-0.0460421
-0.0455165
-0.0542167
-0.0426863
-0.0498559
-0.0500854
-0.0498897
-0.049756
-0.0465439
-0.0493206
-0.0505193
-0.0502927
-0.0493963
-0.0449355
-0.0501997
-0.0533959
-0.0503925
-0.0504552
-0.0484279
-0.0503907
-0.0518091
-0.0497788
-0.0521319
-0.0492664
-0.0466945
-0.0438485
-0.0530778
-0.0509891
-0.0460356
-0.0535591
-0.0429818
-0.0507573
-0.0510821
-0.048236
-0.0492437
-0.0514861
-0.0432457
-0.0459155
-0.0528398
-0.0452103
-0.0506185
-0.0445229
-0.0482212
-0.0515444
-0.045472
-0.053383
-0.0463831
-0.0508336
-0.0480543
-0.0437499
-0.0515735
-0.0441602
-0.0460845
-0.0514215
-0.0464084
-0.0416925
-0.0533169
-0.0508016
-0.0411843
-0.050872
-0.0459761
-0.0526367
-0.0421726
-0.0518289
-0.0416871
-0.0418288
-0.0454752
-0.0509036
-0.0509646
-0.0495786
-0.0464279
-0.0463551
-0.0503026
-0.0502117
-0.0489241
-0.0505958
-0.0515877
-0.0473897
-0.0505811
-0.0528736
-0.0430014
-0.0433154
-0.0467952
-0.0489928
-0.0392795
-0.0412624
-0.0465751
-0.0470353
-0.0442505
-0.0447285
-0.0440949
-0.0437487
-0.0448468
-0.0440742
-0.0494483
-0.0389389
-0.0494269
-0.0423312
-0.0495715
-0.0502547
-0.048492
-0.0464584
-0.0494321
-0.046054
-0.0531754
-0.0493079
-0.0499442
-0.038713
-0.0479921
-0.0514048
-0.043874
-0.0467137
-0.0426939
-0.0523069
-0.0359727
-0.0388389
-0.0486603
-0.0500487
-0.0440086
-0.0479102
-0.0419757
-0.0357152
-0.050036
-0.0440376
-0.0470641
-0.0468037
-0.04731
-0.0467313
-0.0438415
-0.0497054
-0.0498206
-0.0478194
-0.0506643
-0.0518082
-0.0469036
-0.0501456
-0.0500746
-0.0403987
-0.0511513
-0.0508171
-0.0506032
-0.0468632
-0.0500713
-0.0504187
-0.0497077
-0.0497439
-0.051279
-0.049402
-0.0380073
-0.0516454
-0.0455663
-0.0548854
-0.0502522
-0.0481705
-0.0497662
-0.0469719
-0.0491433
-0.0498429
-0.0398611
-0.0496183
-0.0457095
-0.0491788
-0.0419918
-0.0460602
-0.0445335
-0.0504374
-0.0436518
-0.0520839
-0.0504633
-0.0451137
-0.0455813
-0.0504933
-0.0407957
-0.052077
-0.0504144
-0.0478506
-0.0512614
-0.0413052
-0.0525934
-0.0455491
-0.0417885
-0.0530492
-0.0427261
-0.0461916
-0.0521438
-0.0508036
-0.0421136
-0.0499027
-0.0426719
-0.0458895
-0.0460512
-0.0500006
-0.049108
-0.0494898
-0.0495094
-0.0501484
-0.0510377
-0.0496708
-0.0459055
-0.0496812
-0.0420625
-0.0499188
-0.0489802
-0.0473134
-0.0523795
-0.0495967
-0.0496847
-0.0494057
-0.0498988
-0.0488557
-0.0509011
-0.0552524
-0.0485751
-0.0463687
-0.0528781
-0.0489675
-0.0524036
-0.0479828
-0.0401889
-0.0470919
-0.0461243
-0.050095
-0.0519748
-0.0464675
-0.0467976
-0.0495997
-0.0432814
-0.0509097
-0.0410624
-0.0501799
-0.0441069
-0.0386845
-0.0526584
-0.0402495
-0.0500516
-0.0495896
-0.0513784
-0.0453179
-0.0497105
-0.0498626
-0.0523391
-0.0472308
-0.0503776
-0.0479843
-0.0502037
-0.0490056
-0.0377967
-0.051543
-0.0362162
-0.0516486
-0.046758
-0.0505141
-0.0494557
-0.0463307
-0.0483112
-0.0534933
-0.0382671
-0.0367752
-0.0483606
-0.0397385
-0.0338735
-0.0371451
-0.0456143
-0.0398251
-0.0444701
-0.0423354
-0.0483317
-0.0391683
-0.0479981
-0.0484893
-0.0387109
-0.0457356
-0.045141
-0.0500849
-0.0461371
-0.0496601
-0.0491882
-0.0427038
-0.049479
-0.0384391
-0.0338533
-0.0344416
-0.0419503
-0.0419818
-0.0438018
-0.0197287
-0.0203416
-0.00696088
-0.042161
-0.0361187
-0.0449444
-0.0307274
-0.0432631
-0.0256584
-0.0444099
-0.0369443
-0.0303969
-0.014802
-0.013384
-0.0285963
-0.0230804
-0.037297
-0.032463
-0.0331559
-0.0228509
-0.0315415
-0.0201288
-0.0424088
-0.0351191
-0.025149
-0.0431056
-0.0247389
-0.0449051
-0.0412216
-0.0346653
-0.0261773
-0.039163
-0.0499396
-0.0300686
-0.0472023
-0.0440531
-0.0433608
-0.0465918
-0.0488064
-0.0498601
-0.0458321
-0.0433226
-0.0394676
-0.050615
-0.0422155
-0.0489113
-0.0464698
-0.0444177
-0.041336
-0.0399503
-0.0417718
-0.0487725
-0.0412161
-0.0438473
-0.0488944
-0.0388762
-0.0482877
-0.0493018
-0.0254213
-0.030969
-0.0263298
-0.0112339
-0.0158031
-0.0327236
-0.0369078
-0.0313624
-0.0127592
-0.0187423
-0.016392
-0.0254177
-0.0227611
-0.0061029
-0.0305554
-0.0347953
-0.0285743
-0.0192269
-0.0461262
-0.0465784
-0.038167
-0.0434093
-0.0454967
-0.0477477
-0.0423153
-0.0364816
-0.0314155
-0.0433175
-0.0302803
-0.0340592
-0.0311638
-0.0403886
-0.0327542
-0.0225623
-0.00387474
-0.0225595
-0.0347166
-0.0257686
-0.0178813
-0.0302155
-0.0346193
-0.0371051
-0.0342718
-0.0181318
-0.0368929
-0.0260536
-0.0232165
-0.0388991
-0.0348626
-0.0292907
-0.0397238
-0.00911603
-0.0030715
0.000275897
-0.046514
-0.042947
-0.0455365
-0.039676
-0.0495052
-0.0426003
-0.0464339
-0.0517887
-0.0529688
-0.0359459
-0.0476284
-0.0503687
-0.0451379
-0.0508973
-0.0438457
-0.050893
-0.0485041
-0.0478045
-0.0366527
-0.0500418
-0.0479782
-0.042303
-0.0489045
-0.0486949
-0.0487036
-0.0487454
-0.0260176
-0.0368757
-0.0306196
-0.04329
-0.0428491
-0.0357305
-0.0418648
-0.0423193
-0.0471567
-0.0379318
-0.0192487
-0.0308777
-0.0301928
-0.00369563
-0.0210838
-0.0278414
-0.0312087
-0.0267673
-0.0112642
-0.0120565
-0.0215557
-0.0234375
-0.0275254
-0.00217665
-0.0379031
-0.0309026
-0.033489
-0.00748991
-0.0367196
-0.0309164
-0.00711492
-0.0189191
-0.022256
-0.0311029
-0.0359584
-0.0353419
-0.0237916
-0.0088788
-0.030149
-0.0223604
-0.0300717
-0.0344066
0.00703315
-0.00617614
-0.00132904
-0.0200763
-0.00914059
-0.00244011
0.00137657
0.00417933
0.00359208
-0.00109718
0.00101684
0.00270469
0.00349148
-0.0201218
-0.0119487
0.00402094
0.00401097
-0.0120661
0.0019492
-0.0320961
-0.0231783
-0.0298405
-0.0146071
-0.0294447
-0.032936
-0.0225253
-0.00663537
-0.0254477
-0.00148699
-0.0280433
-0.00729917
-0.0271829
-0.00630707
-0.00990768
-0.0158515
-0.0324925
-0.0358595
-0.019095
-0.0127454
-0.0317446
-0.00310913
-0.00230943
0.00362643
-0.00372963
-0.0249999
-0.00354266
-0.0288179
-0.00621875
-0.0103519
-0.0274742
-0.0107433
-0.0323379
-0.0353595
-0.0226164
-0.0216839
-0.0314749
-0.0156432
-0.00995576
0.00255094
-0.0233346
-0.0275822
-0.000632235
-0.00518265
-0.0280092
0.00392903
0.0043248
-0.000543907
0.00447981
0.00130994
0.00159755
-0.0186773
-0.0209133
-0.0297477
-0.029825
-0.0303727
-0.0177093
-0.0213736
0.00618409
-0.0142233
-0.0247115
-0.00199488
-0.0292615
-0.00241541
-0.0291562
-0.0146541
-0.0190537
-0.0322257
-0.0209299
-0.030625
-0.0182923
-0.0311908
-0.0206775
-0.0195497
-0.0179679
0.00714225
-0.0183969
0.00726386
0.00160898
0.00512122
-0.00443579
0.00225122
-0.0203097
-0.00688788
-0.0142093
-0.0370062
-0.0262273
-0.0289075
-0.0127263
-0.0366947
-0.0290376
-0.0269875
0.00608281
-0.0180682
0.00755551
-0.020009
-0.0158726
-0.00249179
0.00348049
-0.0172773
-0.0172141
-0.0108408
0.0056685
-0.0145241
0.00872485
-0.0253784
-0.0129038
-0.0114545
-0.0139017
-0.0105161
0.0101114
-0.0166006
-0.0224065
-0.0106995
-0.0273392
-0.000748855
-0.0281617
-0.0194844
-0.0232242
-0.0242721
-0.0274361
-0.0293455
-0.0181561
-0.0268918
-0.0249577
0.00314125
0.00910066
0.0109208
-0.015294
-0.0176326
0.00126038
-0.0251225
-0.00714554
0.00279091
-0.0277898
-0.0232091
-0.0302089
-0.0316879
-0.0234237
-0.0288011
-0.0201193
-0.0194495
-0.0180302
-0.014605
-0.0267601
-0.0280608
-0.017772
-0.0204538
-0.0297131
0.0133398
0.0149871
0.00527454
-0.0024064
0.0115505
-0.00424031
-0.0249776
-0.0253897
-0.0345513
-0.0368978
-0.0343021
-0.0255895
-0.0254072
0.0099288
-0.0161184
-0.0266292
-0.0201198
-0.029911
-0.0200868
-0.030075
-0.0150872
-0.0206331
-0.0309991
-0.0263623
-0.0367986
-0.0165919
-0.033284
-0.0261763
-0.0320883
-0.0231759
-0.0145976
-0.0298301
-0.0225076
-0.0294369
-0.0329263
-0.00450463
-0.0030483
-0.0144305
-0.000908796
0.00120471
-0.00431159
-0.00633747
-0.00663214
-0.00639059
-0.012955
-0.0120447
-0.00643609
-0.0366879
-0.0308752
-0.00708434
-0.0188925
-0.0310729
-0.0222249
-0.0359175
-0.0353164
-0.0237721
-0.0301329
-0.00885424
-0.0300501
-0.0343882
-0.0223326
-0.00994906
-0.0233299
0.00256262
-0.0275737
-0.000627692
-0.028004
-0.00517223
0.00393984
0.00432811
-0.0186602
-0.020919
-0.0297455
-0.0298199
-0.0213586
-0.0177142
-0.0303667
-0.000536449
0.00448703
0.00160315
0.00132058
-0.0142167
-0.0247141
-0.00199592
-0.0292564
-0.00241467
-0.0146529
-0.0291534
0.00619545
-0.0190469
-0.0322166
-0.0306221
-0.0209227
-0.0206709
-0.0311875
-0.0182829
-0.00661813
-0.00147055
-0.0254275
-0.028033
-0.00727991
-0.00629255
-0.0271714
-0.00309435
0.00364523
-0.0022941
-0.00989844
-0.0158642
-0.0324962
-0.0358518
-0.0317378
-0.0127543
-0.0190839
-0.00372261
-0.024984
-0.00352431
-0.0288171
-0.00620485
-0.0274657
-0.0103469
-0.0107309
-0.0323277
-0.0226031
-0.0353467
-0.0156283
-0.0314644
-0.0216693
0.00638167
-0.0180019
-0.0200733
0.00793924
-0.0159028
-0.00216909
0.00347961
-0.017384
-0.0172938
-0.010718
0.0056781
-0.0145502
0.00898364
-0.0254501
-0.0129744
-0.0114415
-0.0139532
0.0101949
-0.0103439
-0.0327725
-0.025883
-0.0200077
-0.0211638
-0.0344286
-0.0297117
-0.0172407
-0.0328368
-0.0220854
-0.0291013
-0.0178814
-0.0357759
-0.0283205
-0.0158464
-0.0194116
0.0074071
-0.0178694
-0.0182898
0.00741553
0.00164476
0.0051811
-0.0042689
0.00233912
-0.0202097
-0.00684287
-0.0141215
-0.0178087
-0.0267694
-0.0142473
-0.0277992
-0.0174414
-0.0295168
-0.0202121
0.0127439
0.0144588
-0.0247998
-0.0254683
-0.0343922
-0.0364132
-0.0256084
-0.0339289
-0.0254095
0.00495853
-0.00243634
0.0113769
-0.0043347
-0.0158523
-0.0266204
-0.0200963
-0.0297834
-0.0149864
-0.0198902
-0.0298101
0.00946241
-0.0203338
-0.0305963
-0.036421
-0.0261634
-0.0329097
-0.0163677
-0.0259857
-0.0164579
-0.010363
-0.0223124
-0.0271251
-0.000613755
-0.0191841
-0.0280473
0.00330979
0.00926757
0.011141
-0.023157
-0.0242368
-0.0273955
-0.0292371
-0.0267862
-0.0181291
-0.0248846
-0.0152161
-0.0175378
0.0012865
-0.0250728
0.00285944
-0.0276849
-0.00711332
-0.023112
-0.0298837
-0.0232111
-0.0314936
-0.0199199
-0.0286613
-0.0193619
-0.0422047
-0.036166
-0.0307744
-0.044976
-0.0257268
-0.0433148
-0.0444369
-0.036947
-0.0303644
-0.014829
-0.0133823
-0.0231112
-0.028592
-0.0372763
-0.0324905
-0.0331922
-0.020226
-0.0228734
-0.0315743
-0.0424184
-0.0351542
-0.0251569
-0.043098
-0.0247727
-0.0412035
-0.0449241
-0.0397602
-0.0339025
-0.0456441
-0.0371637
-0.0398637
-0.0444912
-0.0423371
-0.0483078
-0.0391763
-0.0479799
-0.0484783
-0.0387048
-0.0457349
-0.0451517
-0.0500773
-0.0496612
-0.0461438
-0.0491867
-0.0494799
-0.0427123
-0.0384435
-0.0338515
-0.0344588
-0.0419619
-0.0419989
-0.0438182
-0.0254993
-0.0310246
-0.0263883
-0.011305
-0.015842
-0.0327547
-0.0369469
-0.0188055
-0.0127986
-0.0314112
-0.0164393
-0.0254515
-0.00612928
-0.0228078
-0.0305999
-0.0348384
-0.0193168
-0.0286273
-0.0461621
-0.0382152
-0.0466117
-0.0434639
-0.0455229
-0.0423567
-0.0477903
-0.0347025
-0.0262014
-0.0391831
-0.0499623
-0.0472268
-0.030091
-0.0441001
-0.0433798
-0.0488369
-0.0466269
-0.0498738
-0.0458442
-0.0433502
-0.0394933
-0.0422436
-0.0506253
-0.0489229
-0.0464864
-0.0444361
-0.0399667
-0.0417913
-0.0413518
-0.0487923
-0.0412501
-0.0489163
-0.0438746
-0.0483179
-0.0389076
-0.0493187
-0.00907173
-0.00301739
0.000314184
-0.0444459
-0.0300011
-0.0458689
-0.0311253
-0.0382534
-0.0418404
-0.0427265
-0.0482436
-0.0392353
-0.0485643
-0.0483944
-0.0455868
-0.0451571
-0.0447725
-0.0507421
-0.0500104
-0.0455862
-0.0495156
-0.0494588
-0.0505817
-0.037832
-0.0311158
-0.0418817
-0.0368332
-0.0397428
-0.0471033
-0.0432578
-0.0356749
-0.0427944
-0.0417852
-0.0422794
-0.0378904
-0.0471148
-0.0192024
-0.030843
-0.0301644
-0.00366799
-0.0210673
-0.0278302
-0.0312286
-0.0112411
-0.0267632
-0.0120229
-0.0215046
-0.0234159
-0.00216083
-0.0275028
-0.0378634
-0.030899
-0.0334714
-0.00744471
-0.0465039
-0.0455078
-0.0428546
-0.0395945
-0.0494795
-0.0464111
-0.042542
-0.0517952
-0.0530018
-0.0358944
-0.0476234
-0.0508653
-0.0451346
-0.0504048
-0.0438257
-0.0508958
-0.0485181
-0.0365583
-0.0478238
-0.0500601
-0.0479173
-0.0489149
-0.042256
-0.0487431
-0.0486828
-0.0487216
-0.0259583
-0.0368234
-0.0305643
-0.0465708
-0.0442592
-0.0470289
-0.0440942
-0.0437637
-0.0447497
-0.0448409
-0.0440851
-0.0423343
-0.0495711
-0.0485006
-0.0502471
-0.0460615
-0.0464684
-0.0494253
-0.0467412
-0.0427026
-0.0523151
-0.035992
-0.0531608
-0.0493031
-0.0499338
-0.0387015
-0.0479994
-0.0513925
-0.043867
-0.0420015
-0.0357387
-0.0388457
-0.0486554
-0.0500248
-0.0440334
-0.0478962
-0.0494246
-0.0389115
-0.0494153
-0.0489554
-0.0345163
-0.049709
-0.0364538
-0.0518928
-0.0520879
-0.0505787
-0.0471686
-0.0492922
-0.0522133
-0.0473951
-0.0460479
-0.0508448
-0.0508173
-0.049846
-0.0451825
-0.0499132
-0.0516219
-0.0479689
-0.0358033
-0.0505452
-0.0484328
-0.0487196
-0.0464899
-0.0522215
-0.0500533
-0.0403574
-0.0511262
-0.050806
-0.050588
-0.0468421
-0.050055
-0.0496836
-0.0497265
-0.0504051
-0.0481521
-0.0497473
-0.0469483
-0.0491232
-0.0398221
-0.049825
-0.0496032
-0.051272
-0.0493975
-0.0379641
-0.0516466
-0.0455438
-0.050242
-0.0548803
-0.0507989
-0.0421289
-0.0498848
-0.0426942
-0.0499936
-0.0458889
-0.0460556
-0.0490938
-0.0494705
-0.0495083
-0.050161
-0.0459126
-0.0510275
-0.0496582
-0.0445285
-0.0504439
-0.0456707
-0.04916
-0.0419834
-0.0460299
-0.0436406
-0.0520284
-0.0504308
-0.0455653
-0.0451077
-0.0408225
-0.0520358
-0.0504587
-0.041825
-0.0530317
-0.0427445
-0.0462049
-0.0521147
-0.0504181
-0.047828
-0.0512104
-0.0413149
-0.0525423
-0.0455376
-0.0496466
-0.0499147
-0.0420492
-0.0489675
-0.047343
-0.0523638
-0.0495825
-0.049654
-0.0494009
-0.0498819
-0.0523652
-0.0479734
-0.0402165
-0.0471138
-0.046131
-0.0500733
-0.0519868
-0.0488293
-0.0508725
-0.0552252
-0.0485437
-0.0528347
-0.0489387
-0.0463538
-0.0500738
-0.0496155
-0.0453277
-0.0513968
-0.0498767
-0.0523644
-0.049729
-0.0362194
-0.051688
-0.050531
-0.0467728
-0.0472563
-0.0503969
-0.0480167
-0.0502471
-0.0515674
-0.0490256
-0.0378364
-0.0367592
-0.0483563
-0.0494845
-0.0463437
-0.0483236
-0.0382865
-0.0535014
-0.0387327
-0.0526796
-0.040287
-0.0524969
-0.039183
-0.0388791
-0.0500282
-0.0382787
-0.0475743
-0.0466562
-0.0398636
-0.0510366
-0.040073
-0.0476975
-0.0487049
-0.0545933
-0.0383684
-0.0543497
-0.0494801
-0.0525755
-0.0520753
-0.0469051
-0.0540301
-0.0402285
-0.0527836
-0.0496009
-0.0508943
-0.0526034
-0.0471517
-0.0512654
-0.0514135
-0.0472431
-0.0548435
-0.0529947
-0.0418197
-0.0425896
-0.0513773
-0.0508891
-0.0522801
-0.0416768
-0.0530974
-0.0485449
-0.0523511
-0.0530174
-0.05315
-0.0421737
-0.0432436
-0.0482309
-0.0545016
-0.0541318
-0.0436007
-0.0443051
-0.0512658
-0.0499784
-0.0484137
-0.0539305
-0.0423682
-0.0402784
-0.0543072
-0.0543602
-0.0511745
-0.0425581
-0.0527514
-0.0533884
-0.0517316
-0.0414416
-0.0491107
-0.0525649
-0.0516046
-0.0423715
-0.0513616
-0.0475167
-0.0491991
-0.0493909
-0.0531928
-0.0501911
-0.0494278
-0.0494156
-0.0412609
-0.0492836
-0.0476507
-0.0526039
-0.0492634
-0.0523442
-0.0500307
-0.0488551
-0.0512159
-0.0526516
-0.0482467
-0.0493494
-0.0477996
-0.0476645
-0.0484387
-0.0497206
-0.0494365
-0.047301
-0.0495292
-0.051008
-0.0479105
-0.0494671
-0.0511459
-0.0493841
-0.0499117
-0.0487887
-0.0541941
-0.0403745
-0.0493943
-0.0510311
-0.0505476
-0.0497276
-0.0507652
-0.0483899
-0.0489215
-0.0496013
-0.0491546
-0.0417291
-0.0503162
-0.0537089
-0.0474779
-0.0499897
-0.0505013
-0.0482289
-0.054358
-0.0515661
-0.0521755
-0.0493587
-0.0413664
-0.0497032
-0.0476541
-0.0477964
-0.0479537
-0.0487119
-0.0500486
-0.0502725
-0.0497632
-0.0502767
-0.0482224
-0.0496753
-0.0498113
-0.0486492
-0.0498474
-0.0426463
-0.0521866
-0.0484257
-0.045277
-0.0429995
-0.0526961
-0.04279
-0.0468063
-0.049982
-0.0515254
-0.0456086
-0.0488141
-0.0482405
-0.0505931
-0.0532877
-0.0491817
-0.0463145
-0.0460695
-0.050366
-0.0460321
-0.0494541
-0.0513853
-0.0432408
-0.0466466
-0.047132
-0.0455141
-0.0542241
-0.0426558
-0.049895
-0.050097
-0.049892
-0.0497713
-0.049328
-0.0465635
-0.0505585
-0.0484502
-0.0503703
-0.0518005
-0.0497692
-0.0520906
-0.0492444
-0.046687
-0.0503111
-0.0492709
-0.044907
-0.0502334
-0.0503604
-0.0504254
-0.0534406
-0.0441102
-0.0414074
-0.0518375
-0.0417977
-0.0416552
-0.0454337
-0.0509603
-0.0509034
-0.0495866
-0.0463131
-0.046392
-0.0489113
-0.0502016
-0.0502991
-0.0505424
-0.0515809
-0.0473454
-0.0528479
-0.0505794
-0.042944
-0.0432755
-0.0467672
-0.0392796
-0.0489845
-0.0412074
-0.0460741
-0.0514312
-0.046399
-0.0532921
-0.0508089
-0.0416922
-0.041161
-0.0508875
-0.0459943
-0.0526606
-0.0421531
-0.0498869
-0.0500815
-0.0480763
-0.0483123
-0.047664
-0.0488599
-0.0473724
-0.0482898
-0.0535744
-0.0424229
-0.0536831
-0.0482941
-0.0496617
-0.0495044
-0.0517341
-0.0497067
-0.0465224
-0.0500931
-0.0472762
-0.0491881
-0.0517571
-0.0449169
-0.0491491
-0.0525623
-0.0478606
-0.0527206
-0.048462
-0.0474343
-0.0456559
-0.0450088
-0.0518101
-0.0486916
-0.0510007
-0.0507608
-0.050606
-0.0453748
-0.0494912
-0.0499419
-0.0499038
-0.0494379
-0.0498473
-0.0488687
-0.0494341
-0.0498926
-0.0505652
-0.0460166
-0.0502787
-0.0502028
-0.0492655
-0.049315
-0.0502675
-0.0486325
-0.0486808
-0.0498574
-0.0492376
-0.050523
-0.0504486
-0.050163
-0.0495995
-0.0498173
-0.0493271
-0.0501996
-0.0470231
-0.0505614
-0.0489561
-0.0486514
-0.0501471
-0.0468805
-0.0520455
-0.0497472
-0.0505597
-0.0482628
-0.0494473
-0.0504734
-0.0511422
-0.0481433
-0.0498394
-0.0526369
-0.0477116
-0.0501119
-0.0475094
-0.0489908
-0.0483593
-0.0495065
-0.0494213
-0.0501385
-0.0497673
-0.0498845
-0.0496425
-0.0495889
-0.0491679
-0.0498638
-0.049523
-0.0496657
-0.0496303
-0.0496708
-0.0492283
-0.0499712
-0.0503893
-0.0469262
-0.0499004
-0.0486432
-0.0483996
-0.04935
-0.0489521
-0.0496724
-0.0498434
-0.0497563
-0.0498916
-0.0490427
-0.0490585
-0.0495992
-0.0498494
-0.0496955
-0.048861
-0.0489171
-0.0498792
-0.0493832
-0.049008
-0.0498489
-0.0504713
-0.0499471
-0.0497468
-0.0498835
-0.0499286
-0.0499406
-0.0491648
-0.0500974
-0.0495541
-0.0496278
-0.0479356
-0.0465046
-0.049403
-0.0491427
-0.0501147
-0.0494131
-0.0490499
-0.0497319
-0.0472782
-0.049401
-0.049637
-0.0500095
-0.0495618
-0.049362
-0.0489036
-0.0494884
-0.0496035
-0.0506666
-0.0488088
-0.0500835
-0.0496061
-0.050535
-0.049884
-0.049468
-0.0505507
-0.050153
-0.0493122
-0.0493331
-0.0493734
-0.0499237
-0.0498969
-0.0489729
-0.0497201
-0.0499335
-0.0497867
-0.049757
-0.0500485
-0.0496832
-0.0496691
-0.0497789
-0.0498406
-0.0491555
-0.0486466
-0.0498043
-0.0495977
-0.0502383
-0.0477694
-0.0500412
-0.049131
-0.0501681
-0.0501389
-0.0493357
-0.0497794
-0.0497294
-0.0493464
-0.0497431
-0.0499504
-0.0500292
-0.0497239
-0.0498011
-0.0495677
-0.0497221
-0.0498959
-0.0497359
-0.0494464
-0.0496785
-0.049469
-0.0503848
-0.0497101
-0.0496816
-0.0497837
-0.0498901
-0.049819
-0.0499428
-0.0494189
-0.0498331
-0.0500913
-0.0493554
-0.0503806
-0.0499038
-0.0496056
-0.049669
-0.0497425
-0.0498772
-0.0498775
-0.0483056
-0.0495056
-0.0498376
-0.0496234
-0.0501116
-0.0496183
-0.0502611
-0.049548
-0.0496607
-0.0489932
-0.0484891
-0.0519511
-0.0508099
-0.0493287
-0.05111
-0.049596
-0.0492301
-0.0501362
-0.0498916
-0.0492364
-0.050419
-0.0498139
-0.0510302
-0.0495388
-0.0496547
-0.0484497
-0.0509849
-0.0493133
-0.0491107
-0.0495901
-0.0491726
-0.0480634
-0.0489423
-0.0484543
-0.0483487
-0.0493958
-0.0501366
-0.0493429
-0.0504009
-0.0493571
-0.0487001
-0.0499474
-0.0509039
-0.0484305
-0.0492033
-0.0507241
-0.0508148
-0.0479923
-0.0490712
-0.047985
-0.0497109
-0.0486175
-0.0486468
-0.0506888
-0.0502413
-0.0492765
-0.0497109
-0.0494208
-0.0497879
-0.0495549
-0.048893
-0.0495461
-0.0496833
-0.0498734
-0.0497457
-0.0497516
-0.0499785
-0.0496535
-0.0498674
-0.0494542
-0.0493119
-0.048383
-0.0498176
-0.0501913
-0.0499713
-0.0497535
-0.049727
-0.0500446
-0.0496482
-0.0496416
-0.0505098
-0.0498464
-0.0496964
-0.0498214
-0.0498453
-0.0496888
-0.0498685
-0.0501124
-0.0497081
-0.0495331
-0.0490796
-0.0498959
-0.0491682
-0.0501535
-0.049556
-0.0496423
-0.0497525
-0.0498444
-0.0497073
-0.0497309
-0.0494772
-0.0503793
-0.0494175
-0.0503811
-0.048322
-0.0493289
-0.0499652
-0.0500065
-0.0498478
-0.0477069
-0.049918
-0.0487993
-0.0497298
-0.049776
-0.049695
-0.0497299
-0.0496563
-0.0506118
-0.0497521
-0.048866
-0.0506468
-0.0498959
-0.0467647
-0.051307
-0.0499142
-0.0499042
-0.0498066
-0.0501817
-0.0497685
-0.0499061
-0.0495586
-0.04806
-0.0499984
-0.049776
-0.0498162
-0.0497823
-0.0500108
-0.0487275
-0.0499628
-0.0489999
-0.0484037
-0.0472588
-0.0482958
-0.0479728
-0.0490799
-0.050355
-0.04683
-0.0499489
-0.0498997
-0.0496387
-0.0497237
-0.0497102
-0.0494598
-0.0497072
-0.0500034
-0.0495345
-0.0500242
-0.0500815
-0.049421
-0.0501276
-0.0495165
-0.048884
-0.0497905
-0.0504944
-0.0459853
-0.0501278
-0.049213
-0.0491839
-0.0500803
-0.0501671
-0.048642
-0.04884
-0.049165
-0.0497923
-0.0504093
-0.0504804
-0.0495891
-0.0499674
-0.0501353
-0.0492544
-0.0497525
-0.0484477
-0.0486302
-0.0493301
-0.0488268
-0.0495974
-0.0496944
-0.0497711
-0.0489603
-0.0498299
-0.048873
-0.0488819
-0.0498714
-0.0489688
-0.0493566
-0.0495167
-0.049734
-0.0496182
-0.0487053
-0.0470156
-0.0504954
-0.0488516
-0.0487011
-0.0497505
-0.0499282
-0.0498077
-0.0496094
-0.0498501
-0.0503259
-0.0489935
-0.0502968
-0.0502378
-0.0504739
-0.0494255
-0.0496272
-0.0455419
-0.0457691
-0.0492482
-0.0509387
-0.0489814
-0.0505924
-0.0500044
-0.0463751
-0.0450097
-0.0498943
-0.0458498
-0.050696
-0.0445607
-0.0533692
-0.0456246
-0.044882
-0.0525877
-0.0507281
-0.045142
-0.0461513
-0.0467067
-0.0536161
-0.0456666
-0.050927
-0.0475996
-0.0486445
-0.0488931
-0.0461045
-0.0530813
-0.0481839
-0.048004
-0.0521876
-0.0460435
-0.0472009
-0.050425
-0.0513391
-0.0506518
-0.0471074
-0.0486249
-0.0520686
-0.0469772
-0.049753
-0.0475472
-0.0527569
-0.0515148
-0.0474959
-0.0488212
-0.0486037
-0.0521491
-0.0515908
-0.0491947
-0.0499298
-0.0521536
-0.0500336
-0.0492985
-0.0490139
-0.0489124
-0.0498084
-0.0470734
-0.0479913
-0.0483603
-0.0497801
-0.0492786
-0.0489584
-0.048592
-0.0503937
-0.0484839
-0.0462553
-0.0477998
-0.0519334
-0.048601
-0.0530934
-0.0471332
-0.0512686
-0.0488062
-0.0471187
-0.0476641
-0.0485355
-0.0496611
-0.0498471
-0.0494374
-0.0484235
-0.0485345
-0.0497999
-0.0495902
-0.0499241
-0.0487591
-0.049434
-0.0494742
-0.0506175
-0.048875
-0.0497621
-0.0491814
-0.048213
-0.0487184
-0.0491093
-0.0496795
-0.0494194
-0.04915
-0.0498635
-0.0491557
-0.0501718
-0.0495876
-0.0496962
-0.0497105
-0.0498866
-0.0497597
-0.0503624
-0.0495283
-0.0497515
-0.0493436
-0.0484019
-0.0501381
-0.0493966
-0.0499805
-0.0500763
-0.049853
-0.0478272
-0.0488465
-0.0499764
-0.0496124
-0.0497309
-0.0496786
-0.0496106
-0.0497321
-0.0495574
-0.0503883
-0.0495489
-0.0487937
-0.051702
-0.0482691
-0.0510021
-0.0506655
-0.0491909
-0.0495386
-0.0490948
-0.049621
-0.0500173
-0.049793
-0.0500758
-0.0491808
-0.050817
-0.0484936
-0.0495645
-0.0495624
-0.049276
-0.0508796
-0.0491616
-0.0494885
-0.0491814
-0.0481853
-0.0490136
-0.0485494
-0.0482884
-0.0493219
-0.0493147
-0.0499603
-0.0492166
-0.0487787
-0.0502324
-0.050475
-0.0493093
-0.0495795
-0.0502493
-0.0494751
-0.049489
-0.0496483
-0.0493735
-0.0492641
-0.0483487
-0.0497137
-0.0487833
-0.0494629
-0.0496432
-0.0498058
-0.0497386
-0.0497063
-0.0496291
-0.0498503
-0.0498984
-0.0502993
-0.0497347
-0.0496322
-0.0497588
-0.0497936
-0.0497751
-0.0496216
-0.0499998
-0.0500626
-0.0499438
-0.0497352
-0.0496439
-0.0497207
-0.0495258
-0.0499582
-0.0496582
-0.0489188
-0.0496092
-0.0501743
-0.0496329
-0.0494366
-0.0496508
-0.0496695
-0.0496504
-0.0495914
-0.0495525
-0.0499047
-0.0495737
-0.0498825
-0.0497541
-0.0497122
-0.0495961
-0.0499092
-0.0496532
-0.0496936
-0.0496459
-0.0495814
-0.0490817
-0.0497666
-0.0495391
-0.0496796
-0.0495382
-0.0495834
-0.04973
-0.0495902
-0.04954
-0.0497526
-0.0496796
-0.0493585
-0.0496975
-0.0499277
-0.0496591
-0.0494038
-0.0495619
-0.0497161
-0.049668
-0.0497114
-0.0496834
-0.0496855
-0.0496919
-0.0497178
-0.0497103
-0.0496907
-0.0496933
-0.0497198
-0.0497527
-0.0496921
-0.0497149
-0.049723
-0.0496893
-0.0497205
-0.0496589
-0.0497311
-0.0496802
-0.0497359
-0.0498063
-0.0497535
-0.0496981
-0.049897
-0.0497199
-0.0494307
-0.0499912
-0.0498726
-0.0496391
-0.0496524
-0.0498242
-0.0498754
-0.0497305
-0.0497206
-0.0494147
-0.0495912
-0.0496331
-0.0496786
-0.0497128
-0.0496904
-0.0496732
-0.049627
-0.0496246
-0.0496447
-0.0496786
-0.0496634
-0.0495825
-0.0496594
-0.0496144
-0.0495522
-0.0495772
-0.0496243
-0.0495935
-0.0495695
-0.0496451
-0.0496458
-0.0496306
-0.0495865
-0.0496339
-0.0497242
-0.0496076
-0.0497277
-0.0497674
-0.0496747
-0.0496858
-0.0496016
-0.0499042
-0.0495721
-0.0498154
-0.0497373
-0.0495921
-0.0498527
-0.0497094
-0.0497096
-0.0497956
-0.0496249
-0.0491085
-0.0497085
-0.0497583
-0.0499699
-0.049479
-0.0491249
-0.0479248
-0.0495406
-0.0465588
-0.0494325
-0.0494437
-0.0490463
-0.0497282
-0.0490901
-0.050034
-0.0502269
-0.0492832
-0.0495139
-0.0497452
-0.0496293
-0.0505915
-0.0506199
-0.0497975
-0.049483
-0.0486783
-0.0498932
-0.0497028
-0.0498048
-0.0493948
-0.0495192
-0.0493736
-0.0496085
-0.0496343
-0.0494282
-0.0495611
-0.0495592
-0.0492813
-0.0497597
-0.0500221
-0.0493041
-0.0494335
-0.0492499
-0.0501019
-0.0495727
-0.0495985
-0.049568
-0.0496682
-0.049693
-0.0497615
-0.0480835
-0.0494407
-0.0497246
-0.0499564
-0.049557
-0.0502357
-0.0496132
-0.0495289
-0.0501302
-0.0496458
-0.0493727
-0.0494489
-0.0496533
-0.0494897
-0.0496562
-0.0471997
-0.0498512
-0.0492449
-0.0494963
-0.0492525
-0.049376
-0.0487754
-0.0493505
-0.049436
-0.0503987
-0.0486703
-0.0498612
-0.0493742
-0.0502516
-0.0493034
-0.0497237
-0.0499729
-0.0503327
-0.0491779
-0.0497634
-0.0502805
-0.0497867
-0.0496303
-0.0498059
-0.0497947
-0.0497479
-0.0512241
-0.0446123
-0.0489311
-0.0495374
-0.0491932
-0.0515198
-0.049037
-0.0506284
-0.0504148
-0.0493321
-0.0489804
-0.0504129
-0.0501752
-0.0491339
-0.0498087
-0.0496711
-0.0455716
-0.0493657
-0.0490354
-0.0490675
-0.050731
-0.0457617
-0.0490786
-0.050358
-0.0496296
-0.0495976
-0.0494264
-0.0496167
-0.0496274
-0.0487814
-0.0497266
-0.0506451
-0.0453427
-0.0498952
-0.0487434
-0.0500708
-0.0489315
-0.0434779
-0.0518356
-0.0491325
-0.0500194
-0.0485633
-0.0480364
-0.0489714
-0.0487124
-0.0500403
-0.0481043
-0.0496182
-0.0499036
-0.0492496
-0.0484505
-0.0499156
-0.048459
-0.0496004
-0.0496769
-0.0484397
-0.0497388
-0.0492936
-0.050004
-0.0498228
-0.0485446
-0.0491359
-0.0481453
-0.04817
-0.0490949
-0.0494559
-0.048202
-0.0475898
-0.0498103
-0.0495796
-0.0489909
-0.0486819
-0.0492953
-0.0481973
-0.0486784
-0.048566
-0.0496615
-0.0511379
-0.0436384
-0.0500897
-0.0506332
-0.054734
-0.0518714
-0.0500102
-0.0546918
-0.0460815
-0.0523459
-0.048341
-0.0500154
-0.0502269
-0.0426984
-0.0491245
-0.0453807
-0.046552
-0.0425235
-0.0436642
-0.0449234
-0.0498646
-0.0501916
-0.0499491
-0.0498965
-0.0497902
-0.0488249
-0.0523311
-0.0503687
-0.0511402
-0.0492729
-0.0466629
-0.0509813
-0.048111
-0.0504634
-0.0493467
-0.0415404
-0.0491353
-0.0467362
-0.0473693
-0.0420815
-0.0463067
-0.046429
-0.0499599
-0.0492828
-0.0482975
-0.0499225
-0.0479116
-0.0499322
-0.0498788
-0.044055
-0.0481168
-0.048524
-0.050261
-0.0482594
-0.0483385
-0.0466823
-0.0502678
-0.0481798
-0.0429395
-0.0501014
-0.0434926
-0.0529369
-0.0485202
-0.0541198
-0.0510923
-0.0484629
-0.0477541
-0.0496553
-0.0498213
-0.0480002
-0.0464233
-0.0488897
-0.0481336
-0.0413717
-0.0495741
-0.0408252
-0.0477679
-0.050319
-0.0491291
-0.049944
-0.0479435
-0.0475094
-0.0495794
-0.0496622
-0.0472238
-0.0501185
-0.0484615
-0.0498096
-0.049774
-0.0499675
-0.0499894
-0.0501545
-0.0506661
-0.050062
-0.0497731
-0.0495695
-0.0499266
-0.0500507
-0.0497033
-0.0497143
-0.0481779
-0.0491655
-0.0498565
-0.0495006
-0.0496673
-0.0501181
-0.0492963
-0.0507008
-0.0522795
-0.0515785
-0.05024
-0.0511913
-0.0493987
-0.0438978
-0.0488956
-0.050583
-0.0417618
-0.0459896
-0.0484643
-0.0518547
-0.0492093
-0.0468998
-0.0488162
-0.0513834
-0.0509316
-0.0459193
-0.0490449
-0.0492584
-0.0506335
-0.0495219
-0.0497072
-0.0501606
-0.0499515
-0.0501945
-0.0494914
-0.0467939
-0.0501959
-0.047514
-0.050212
-0.0495453
-0.0509925
-0.0421479
-0.0471788
-0.0434517
-0.050501
-0.0477864
-0.0473289
-0.0496696
-0.0476737
-0.0499426
-0.0464269
-0.0519597
-0.0471225
-0.0487085
-0.0498092
-0.0484644
-0.0400916
-0.0500472
-0.0410704
-0.0481005
-0.0468275
-0.0469257
-0.0496177
-0.0497731
-0.0467271
-0.0410307
-0.0483489
-0.0484398
-0.0453008
-0.0388874
-0.0399247
-0.0481996
-0.0465893
-0.0504589
-0.0449004
-0.0532624
-0.047114
-0.044387
-0.0469214
-0.0529808
-0.0481401
-0.0499489
-0.0527072
-0.0495434
-0.0509539
-0.0472154
-0.0500089
-0.0441413
-0.0509756
-0.0344709
-0.0524558
-0.0463274
-0.0378241
-0.0469441
-0.0476349
-0.0511184
-0.0501143
-0.0502112
-0.0464488
-0.0511882
-0.0498809
-0.0505888
-0.0368976
-0.0508372
-0.0496648
-0.0470593
-0.0493317
-0.0506666
-0.0473646
-0.0475066
-0.0460701
-0.0498622
-0.0501167
-0.0496496
-0.0491425
-0.0493937
-0.0471444
-0.0382009
-0.0517426
-0.0504259
-0.0496533
-0.0472387
-0.0467282
-0.048507
-0.0488148
-0.0371416
-0.0465319
-0.0449597
-0.0487761
-0.0502795
-0.0488162
-0.0427515
-0.0436541
-0.0502817
-0.0484937
-0.0489801
-0.0438972
-0.0501503
-0.0487716
-0.0487181
-0.0452418
-0.0503522
-0.049699
-0.0446883
-0.04646
-0.0491224
-0.0492604
-0.052088
-0.0484911
-0.0499846
-0.0491198
-0.0501176
-0.050131
-0.0500913
-0.0466879
-0.0496655
-0.0520004
-0.0476477
-0.0515348
-0.0493987
-0.0501363
-0.0464647
-0.0503622
-0.0496851
-0.049641
-0.0497611
-0.0492138
-0.0455122
-0.0381287
-0.04647
-0.0518783
-0.0490461
-0.0452848
-0.0507797
-0.0518551
-0.0448737
-0.0501794
-0.0527602
-0.0451421
-0.0498523
-0.0528324
-0.0475746
-0.0485331
-0.0365782
-0.0498001
-0.0467272
-0.0492755
-0.0499444
-0.0508747
-0.0494184
-0.04968
-0.0461981
-0.0468043
-0.0457053
-0.0525171
-0.0492569
-0.0373364
-0.0521311
-0.0439875
-0.0452659
-0.0447895
-0.0500975
-0.0497777
-0.0491601
-0.045866
-0.0499887
-0.0483432
-0.048632
-0.0461732
-0.0468604
-0.0517077
-0.039379
-0.0528795
-0.0495594
-0.0485451
-0.0474118
-0.0497496
-0.0430123
-0.0485035
-0.0503527
-0.0487322
-0.0425899
-0.0425793
-0.0504536
-0.0484051
-0.0485583
-0.0421984
-0.0504127
-0.048964
-0.0485104
-0.0426691
-0.0507682
-0.049027
-0.0436362
-0.0434373
-0.0487859
-0.0496953
-0.0512664
-0.0488889
-0.0454489
-0.0459676
-0.0501122
-0.049375
-0.0494998
-0.0510375
-0.0455126
-0.0503306
-0.0462658
-0.0497224
-0.0501449
-0.0281473
-0.0440495
-0.029936
-0.0445111
-0.0352734
-0.0442631
-0.0292451
-0.0230454
-0.0183943
-0.0396937
-0.0406576
-0.0243312
-0.0198936
-0.0414704
-0.0144261
-0.0011091
-0.00706639
-0.0229039
-0.03636
-0.0259247
-0.0394743
-0.0182251
-0.0233412
-0.0412995
-0.0240083
-0.0429879
-0.0402623
-0.0318799
-0.0252346
-0.0427376
-0.0287366
-0.0366994
-0.0402418
-0.0310695
-0.0477749
-0.0456337
-0.0415497
-0.0430005
-0.0464524
-0.0464675
-0.0413591
-0.0412974
-0.045544
-0.0258273
-0.0463143
-0.0452868
-0.035028
-0.0359826
-0.0434447
-0.032149
-0.0500663
-0.0488144
-0.0501713
-0.0476071
-0.0500213
-0.0501273
-0.0499487
-0.0318404
-0.0315066
-0.0441686
-0.0469489
-0.026829
-0.0348448
-0.0444752
-0.0179281
-0.0120091
-0.00302127
-0.0127401
-0.00662919
-0.0147377
-0.0372916
-0.0358148
-0.0392546
-0.0407081
-0.0412351
-0.0366121
-0.0381301
-0.0140722
-0.0351517
-0.0411071
-0.0337648
-0.0399736
-0.0277135
-0.0411578
-0.0360495
-0.0303588
-0.0459973
-0.0312387
-0.0431557
-0.0309012
-0.0435198
-0.0326046
-0.0368754
-0.0460442
-0.0343694
-0.0417785
-0.0232267
-0.0330292
-0.0427029
-0.0415846
-0.0432439
-0.0433333
-0.0432282
-0.0413704
-0.0266057
-0.0406033
-0.0322307
-0.038935
-0.0244214
-0.0384674
-0.0298076
-0.0257377
-0.0258004
-0.0336242
-0.0322816
-0.0205479
-0.0337983
-0.0262863
-0.000334355
0.00309617
0.00175883
-0.0241557
-0.043364
-0.0169285
-0.0374091
-0.0179805
-0.0261335
-0.0394098
-0.0301939
-0.0367565
-0.0359908
-0.0332386
-0.0346703
-0.0285922
-0.0341269
-0.0501735
-0.0526845
-0.0504225
-0.0481885
-0.050236
-0.0502957
-0.0505085
-0.0279181
-0.045555
-0.0321156
-0.0435085
-0.039691
-0.0325469
-0.0409789
-0.0466827
-0.0469537
-0.0468871
-0.0400944
-0.0438766
-0.0401014
-0.0486354
-0.0457158
-0.0371304
-0.0483595
-0.0383733
-0.0376867
-0.0286553
-0.0316808
-0.0390859
-0.0443966
-0.0327275
-0.0300559
-0.0400628
-0.00691074
-0.0073539
-0.0053178
-0.00814046
-0.0189954
-0.018082
-0.0378985
-0.0346148
-0.0379105
-0.0399284
-0.0395863
-0.0347682
-0.0372549
-0.00733143
-0.0326271
-0.0381884
-0.0370033
-0.037985
-0.0345521
-0.0386814
-0.0348599
-0.0354155
-0.0451373
-0.0328703
-0.0423835
-0.0327453
-0.0422385
-0.0335921
-0.00528003
-0.0016835
-0.0068996
-0.00279942
-0.0140241
0.00827954
0.00718638
-0.0177872
-0.0139619
0.00773372
-0.0183966
-0.0109128
-0.0121588
0.00169485
-0.00847306
0.0110402
-0.0175384
-0.00985814
-0.0108162
-0.0103782
-0.00917645
-0.0156408
0.00166838
-0.000212442
-0.0271128
-0.0192636
0.00945385
-0.0230545
-0.0140677
-0.0133204
0.00203092
-0.0102106
0.011043
-0.0194991
-0.0261025
-0.000645088
0.00195826
-0.0224257
-0.00056549
-0.0223497
-0.0265426
-0.0280196
-0.00127409
-0.00109403
-0.0289317
-0.00102245
-0.0264167
-0.0296426
-0.0249236
-0.0185254
0.000548757
0.000392779
-0.000637566
-0.0212943
-0.0228114
-0.0346222
-0.0257336
-0.0330082
-0.0343882
-0.0353847
-0.0313956
-0.032727
-0.00480973
-0.0045029
-0.00290072
-0.00777566
-0.00376841
-0.00441291
-0.00423314
-0.00497155
-0.00844575
-0.0166815
-0.0131742
-0.0131471
-0.0188696
-0.00645545
-0.0112193
-0.013186
-0.0163601
0.0220496
0.00452887
-0.0256169
-0.0252454
0.0205851
-0.0153061
-0.0186492
-0.0170716
0.00905329
-0.0174361
-0.023204
0.0165722
-0.00850814
-0.00654543
-0.00847477
-0.00656945
-0.0191339
-0.00146391
-0.00603693
-0.0278265
-0.026158
-0.000738569
-0.0193234
-0.0131978
-0.0158313
0.00267955
-0.0149668
-0.0213304
0.0103082
-0.0268055
-0.00255083
0.000975584
-0.0244694
-0.023902
-0.00221536
-0.0275897
-0.0284597
-0.00339561
-0.00384215
-0.0299797
-0.0260803
-0.00414095
-0.0323375
-0.0256553
-0.0217468
0.0012346
-0.000909788
-0.0252171
-0.0249761
-0.00224272
-0.00468141
-0.00169874
-0.00592596
0.00188551
-0.0270304
-0.0218054
-0.0367752
-0.0386344
-0.0264849
-0.0253018
-0.0362871
-0.0088014
-0.0116991
-0.00689301
-0.0104431
-0.00902939
-0.00925238
-0.00919625
-0.0103966
-0.0261012
-0.000647947
-0.022421
0.00195844
-0.0223456
-0.0265387
-0.000566644
-0.0280174
-0.00127331
-0.00108852
-0.0289302
-0.0296417
-0.0010228
-0.0264141
-0.024924
-0.0185152
0.000549731
0.000395912
-0.0212864
-0.000640531
-0.0228131
-0.00986672
-0.010834
-0.0103842
-0.00919752
-0.0156367
0.00167369
-0.00021392
-0.0271142
0.00946256
-0.0230539
-0.0192619
-0.0140638
-0.0133143
0.00203307
0.011056
-0.0102084
-0.019499
-0.0187999
-0.0064534
-0.011181
-0.0132121
-0.0171164
0.02221
-0.0267961
0.00372549
0.0204739
-0.0158865
-0.0271328
-0.0187346
-0.017652
0.00872109
0.0167457
-0.0175588
-0.0241004
-0.00474585
-0.00432268
-0.00273844
-0.00768335
-0.0345868
-0.0256926
-0.0329077
-0.0344202
-0.0313273
-0.035323
-0.0327035
-0.00385525
-0.00452483
-0.00518165
-0.00427811
-0.00854163
-0.017097
-0.0132597
-0.0134452
-0.0268414
-0.0022855
-0.0251998
-2.24238e-05
-0.0265052
-0.0259552
-0.00252052
-0.0274264
-0.00258551
-0.0037545
-0.0282413
-0.0261888
-0.00364341
-0.0291252
-0.0266272
-0.0227757
0.000571388
-0.00121216
-0.0268631
-0.0257468
-0.0025304
-0.00872663
-0.00668233
-0.0068337
-0.00858982
-0.0191549
-0.00143288
-0.00601288
-0.027432
-0.0261778
-0.000753831
-0.019253
-0.0135091
-0.0164718
0.00241848
-0.0154019
-0.0218224
0.0101262
-0.0423615
-0.0231249
-0.0455765
-0.0335957
-0.0442296
-0.0405146
-0.0320648
-0.0346838
-0.0382908
-0.0374903
-0.0494196
-0.0397416
-0.0497058
-0.0512697
-0.048907
-0.0454654
-0.0501207
-0.045987
-0.0493796
-0.0495102
-0.0510474
-0.0455208
-0.0503355
-0.0462808
-0.0501542
-0.0497261
-0.0318674
-0.0441967
-0.0315461
-0.0469795
-0.0268617
-0.0444978
-0.0348801
-0.0179831
-0.0120496
-0.00306944
-0.0127779
-0.0372998
-0.0358389
-0.0392762
-0.0407188
-0.0381337
-0.0366317
-0.0412521
-0.00667672
-0.0147794
-0.0351771
-0.0411337
-0.0338032
-0.0399945
-0.0277428
-0.0360785
-0.04118
-0.0141544
-0.0303768
-0.0460237
-0.043174
-0.0312671
-0.0326192
-0.0435393
-0.0309351
-0.0367203
-0.0310937
-0.0402648
-0.0478033
-0.0415845
-0.0456571
-0.0430187
-0.0464641
-0.0464812
-0.0413815
-0.0413214
-0.0455635
-0.0258574
-0.0463373
-0.035062
-0.0453042
-0.0321871
-0.0434647
-0.0360096
-0.0500713
-0.0488243
-0.0501751
-0.0476108
-0.0501339
-0.0499576
-0.0500231
-0.0266291
-0.0405925
-0.0389819
-0.0322514
-0.038498
-0.0244258
-0.0298569
-0.0257364
-0.0257929
-0.0336579
-0.0323356
-0.0338476
-0.0205201
-0.0262978
-0.000410516
0.0017209
0.00305069
-0.0241583
-0.0433495
-0.0374122
-0.0169375
-0.0394271
-0.0179457
-0.0261453
-0.0302186
-0.0368484
-0.036085
-0.0333023
-0.0347419
-0.034161
-0.0286485
-0.0505972
-0.0490072
-0.0430861
-0.0518457
-0.0515877
-0.0491443
-0.0513994
-0.0496536
-0.0494993
-0.0494851
-0.0503859
-0.0498195
-0.0490606
-0.0501298
-0.03686
-0.0343869
-0.0460251
-0.0232591
-0.0417545
-0.0329792
-0.0426517
-0.0415581
-0.0432063
-0.0433086
-0.0432113
-0.0413397
-0.028733
-0.039148
-0.031713
-0.0444321
-0.0327996
-0.0401377
-0.0300818
-0.00696429
-0.00743797
-0.00821739
-0.00535779
-0.0379699
-0.0346844
-0.0380342
-0.0400012
-0.0348428
-0.0396714
-0.0373244
-0.0190021
-0.0181384
-0.0327052
-0.0382827
-0.0370844
-0.0381293
-0.0349376
-0.034609
-0.038771
-0.00733148
-0.0354903
-0.0451783
-0.0424591
-0.0329296
-0.0423144
-0.0327909
-0.0336717
-0.050205
-0.0527152
-0.0504641
-0.0481974
-0.0502707
-0.0505443
-0.0503316
-0.0279425
-0.0321358
-0.0455409
-0.0435117
-0.0325679
-0.0396795
-0.0409447
-0.0466827
-0.0469459
-0.0468718
-0.0400575
-0.0438672
-0.0401321
-0.0486342
-0.037176
-0.0457299
-0.0384223
-0.0483513
-0.0377304
-0.0443878
-0.0469204
-0.0529672
-0.04414
-0.0509778
-0.0344968
-0.05245
-0.0463305
-0.0481301
-0.0499403
-0.0526846
-0.0495313
-0.0499984
-0.0509444
-0.047199
-0.0378268
-0.0469622
-0.0505915
-0.0369066
-0.0508433
-0.0496649
-0.0470876
-0.050666
-0.0493236
-0.0476253
-0.0511127
-0.0501025
-0.0502
-0.0498682
-0.0464383
-0.0511784
-0.0409954
-0.0483352
-0.0484226
-0.0388594
-0.045273
-0.0398947
-0.0481723
-0.0465714
-0.0504407
-0.0448831
-0.0470899
-0.0532467
-0.0488109
-0.0371243
-0.0465233
-0.0449451
-0.0487684
-0.0502788
-0.0488179
-0.0427517
-0.0502807
-0.0436552
-0.048486
-0.0489737
-0.0439036
-0.0501505
-0.0487738
-0.0503513
-0.0487112
-0.0452456
-0.0496951
-0.0446742
-0.0464469
-0.0491186
-0.0473457
-0.0474904
-0.0460502
-0.0498557
-0.0501088
-0.0496424
-0.0491335
-0.0493846
-0.0471291
-0.0381761
-0.0517287
-0.0504186
-0.049642
-0.0472197
-0.0467137
-0.048495
-0.0502185
-0.0403056
-0.0488546
-0.0498286
-0.0488191
-0.0498707
-0.0503964
-0.0492553
-0.0520923
-0.0499794
-0.0484932
-0.0501284
-0.0491186
-0.0501181
-0.0500758
-0.0467003
-0.0519896
-0.0496203
-0.0493707
-0.0476708
-0.0515064
-0.0500997
-0.0464598
-0.0496641
-0.0503016
-0.0497133
-0.0492028
-0.0495922
-0.0470753
-0.037548
-0.0518725
-0.0478366
-0.0483099
-0.0481887
-0.0390756
-0.0466133
-0.0497237
-0.0523111
-0.0453531
-0.0495372
-0.0485868
-0.0474669
-0.0497882
-0.0430623
-0.0485347
-0.0503934
-0.0487552
-0.042575
-0.0484343
-0.050497
-0.0425688
-0.0485909
-0.0421963
-0.0504667
-0.0489867
-0.0485473
-0.0508145
-0.0426625
-0.0490711
-0.0436823
-0.0488305
-0.0434864
-0.0440207
-0.0453008
-0.0448381
-0.0501125
-0.0497958
-0.049202
-0.0499997
-0.0483817
-0.045917
-0.0486846
-0.0462284
-0.0468991
-0.0517293
-0.0528959
-0.0394434
-0.0495954
-0.049887
-0.0440662
-0.0485297
-0.0481335
-0.0483443
-0.0502714
-0.0482706
-0.054748
-0.0518771
-0.0500239
-0.0547065
-0.0460896
-0.0523481
-0.0483559
-0.0500218
-0.0427088
-0.0491331
-0.0502329
-0.0453822
-0.0465575
-0.0425388
-0.0436694
-0.0449293
-0.0498632
-0.0501972
-0.0499511
-0.0497962
-0.0488294
-0.0499023
-0.0464287
-0.0488966
-0.0481447
-0.0413795
-0.049585
-0.0408267
-0.047759
-0.0503262
-0.0491237
-0.0499453
-0.0479494
-0.0475171
-0.0495881
-0.0472303
-0.0496708
-0.04669
-0.0502793
-0.0481893
-0.0429488
-0.0501089
-0.0434947
-0.052943
-0.0485179
-0.0541264
-0.0510915
-0.0484696
-0.0477708
-0.0496626
-0.0498289
-0.048007
-0.0487577
-0.0440307
-0.0497712
-0.0504671
-0.0514293
-0.0500466
-0.0497179
-0.0501204
-0.0484681
-0.049771
-0.0498093
-0.0501533
-0.0499648
-0.0499971
-0.0507537
-0.0501427
-0.0496049
-0.0498223
-0.0497362
-0.0499701
-0.0501686
-0.0498019
-0.0482343
-0.0499436
-0.0492246
-0.0497438
-0.0502313
-0.0495534
-0.0438354
-0.0488594
-0.0505341
-0.0417089
-0.045945
-0.0484386
-0.0518037
-0.0491755
-0.0487879
-0.0468658
-0.0513325
-0.0508761
-0.0458886
-0.0490089
-0.049223
-0.0505771
-0.0494615
-0.0496574
-0.0500992
-0.0499223
-0.0494416
-0.0501262
-0.0415196
-0.0501296
-0.0464086
-0.0422282
-0.0479613
-0.0498486
-0.0514272
-0.0490651
-0.0494645
-0.0503095
-0.0498051
-0.051206
-0.0481385
-0.0507084
-0.0508732
-0.0512296
-0.0497544
-0.0497412
-0.0499418
-0.0501765
-0.0496929
-0.0466321
-0.0463596
-0.0518647
-0.0470543
-0.0486445
-0.0497339
-0.0484235
-0.0400853
-0.049984
-0.0480634
-0.0410315
-0.0467574
-0.046868
-0.0495464
-0.0497074
-0.0466564
-0.0468234
-0.0502109
-0.0474999
-0.0502506
-0.0495802
-0.0510623
-0.0422116
-0.0472529
-0.0505935
-0.0435157
-0.0478081
-0.0472961
-0.0496796
-0.0499539
-0.0476905
-0.0461253
-0.0530848
-0.0482067
-0.0513542
-0.0506643
-0.0471207
-0.0486091
-0.0469882
-0.0520961
-0.0497858
-0.0480551
-0.0522295
-0.0460854
-0.0504856
-0.0472356
-0.047572
-0.0527802
-0.0499251
-0.0521703
-0.0500202
-0.0493319
-0.0490185
-0.0498296
-0.04891
-0.051561
-0.047529
-0.0488826
-0.0486389
-0.0492233
-0.052185
-0.0516008
-0.0470693
-0.0479977
-0.0483686
-0.0497994
-0.0492947
-0.0489594
-0.0484949
-0.050414
-0.0485922
-0.0462632
-0.047807
-0.051944
-0.0486094
-0.0531097
-0.0512858
-0.0471259
-0.0488017
-0.0471264
-0.0476426
-0.048543
-0.0496669
-0.0498514
-0.0494382
-0.0484218
-0.0485335
-0.0498118
-0.0496001
-0.0498964
-0.0487501
-0.0494511
-0.0494893
-0.0505757
-0.0488663
-0.0497737
-0.0492082
-0.0482285
-0.0487358
-0.0491365
-0.0505129
-0.0497866
-0.0483419
-0.0489749
-0.0505047
-0.0506472
-0.0477821
-0.0495179
-0.0485063
-0.0483557
-0.0489319
-0.047945
-0.049688
-0.0494114
-0.0498727
-0.0491533
-0.0501768
-0.0491574
-0.049596
-0.0496931
-0.0496997
-0.0498796
-0.0497519
-0.0495235
-0.0497459
-0.0503467
-0.0493391
-0.0501333
-0.0483926
-0.0493999
-0.0499901
-0.0498467
-0.0500739
-0.0488413
-0.0499773
-0.047839
-0.0496057
-0.0497326
-0.0496713
-0.0496009
-0.049548
-0.0503847
-0.0497214
-0.0496314
-0.0489244
-0.0495916
-0.0501546
-0.0493599
-0.0496558
-0.0496134
-0.0507836
-0.0495399
-0.0484666
-0.0495271
-0.0508354
-0.0492577
-0.0491556
-0.0494907
-0.0492161
-0.0481779
-0.0490161
-0.0485674
-0.0482841
-0.0492848
-0.0499623
-0.0492875
-0.050231
-0.0487503
-0.0492136
-0.0504736
-0.049574
-0.0493095
-0.0502348
-0.0494742
-0.0496515
-0.0494864
-0.0493615
-0.0492544
-0.048336
-0.0497012
-0.049626
-0.0497865
-0.0497261
-0.0496955
-0.0496131
-0.0498323
-0.0498805
-0.048778
-0.0494494
-0.0497232
-0.0496244
-0.0497443
-0.049781
-0.0497649
-0.0496105
-0.0499847
-0.0502997
-0.0500617
-0.0499301
-0.0496415
-0.0497166
-0.0495262
-0.0497065
-0.049947
-0.0498564
-0.0498067
-0.0496438
-0.0496015
-0.0497205
-0.0497525
-0.0497611
-0.0495442
-0.0493193
-0.0494873
-0.0494662
-0.0495494
-0.0498175
-0.0493822
-0.0495428
-0.0494899
-0.0495668
-0.0494874
-0.0495245
-0.0496633
-0.0496455
-0.049545
-0.0495891
-0.0499023
-0.0495735
-0.0497556
-0.0498778
-0.0498995
-0.049714
-0.0495975
-0.049651
-0.0497038
-0.0496409
-0.0495862
-0.0497642
-0.0490816
-0.0495357
-0.0496785
-0.0495802
-0.0495392
-0.0497461
-0.0496009
-0.0495423
-0.0497598
-0.0497009
-0.0493737
-0.0496986
-0.049948
-0.0496796
-0.049418
-0.0495711
-0.0496851
-0.0497454
-0.0497086
-0.0496745
-0.0497101
-0.0496899
-0.0497228
-0.0497038
-0.049713
-0.049706
-0.0497305
-0.0497708
-0.0497217
-0.0497507
-0.0497256
-0.0496988
-0.0497222
-0.0496719
-0.0497235
-0.0496801
-0.0497892
-0.0497614
-0.0497356
-0.0496383
-0.0497933
-0.0497252
-0.0496592
-0.0498199
-0.0496249
-0.0497797
-0.0494649
-0.0494088
-0.0497243
-0.0497176
-0.0501001
-0.0497962
-0.0494145
-0.0498018
-0.0496591
-0.0497569
-0.0499877
-0.0498658
-0.0496329
-0.0496484
-0.0498729
-0.0497262
-0.0498193
-0.0496959
-0.0498921
-0.049425
-0.0497189
-0.0497202
-0.0494157
-0.0496345
-0.0495904
-0.0496794
-0.0497145
-0.0496907
-0.0496759
-0.0496146
-0.0496017
-0.0496775
-0.0496297
-0.0496514
-0.0496576
-0.0495588
-0.049606
-0.0495388
-0.0495736
-0.0496241
-0.0496454
-0.0495543
-0.0495847
-0.0496385
-0.0496332
-0.0495775
-0.04963
-0.0497241
-0.0497303
-0.0495937
-0.0497723
-0.0496756
-0.0496892
-0.049602
-0.0499131
-0.0495791
-0.0498188
-0.0497448
-0.04986
-0.0496006
-0.0497195
-0.0497158
-0.0498008
-0.0496305
-0.0497142
-0.0497663
-0.0491153
-0.0501967
-0.0493199
-0.0495114
-0.0496815
-0.0505245
-0.0495983
-0.0505723
-0.0498008
-0.0494801
-0.0486117
-0.0500396
-0.0492471
-0.049668
-0.0498965
-0.049178
-0.0492727
-0.0497619
-0.0498492
-0.0496675
-0.0488551
-0.0498316
-0.0497413
-0.0496688
-0.0499805
-0.0496522
-0.0497316
-0.0495242
-0.0497756
-0.0491147
-0.0498668
-0.0485201
-0.049505
-0.0502073
-0.0499235
-0.0476852
-0.0500545
-0.0489885
-0.0501128
-0.0493796
-0.049708
-0.0496618
-0.0494501
-0.0496954
-0.0500837
-0.0498349
-0.0499749
-0.0491298
-0.0494757
-0.0495491
-0.0479224
-0.0465383
-0.0494134
-0.049418
-0.0490021
-0.0497163
-0.0491058
-0.0500246
-0.0497682
-0.0503182
-0.0498471
-0.0496409
-0.0498571
-0.0497893
-0.04979
-0.0495176
-0.0496053
-0.0493699
-0.0496306
-0.0494249
-0.0495582
-0.0495602
-0.049278
-0.0497576
-0.0493006
-0.0500191
-0.0500978
-0.0495675
-0.0495984
-0.0495631
-0.0496885
-0.0497582
-0.0496632
-0.0494278
-0.0492434
-0.0494371
-0.0497222
-0.0499547
-0.0495568
-0.0496128
-0.0502341
-0.0495259
-0.0480808
-0.0501263
-0.0496394
-0.0494434
-0.0493681
-0.049653
-0.049486
-0.0496491
-0.0471832
-0.0492397
-0.0498445
-0.0494836
-0.0493581
-0.0492428
-0.0487603
-0.0493121
-0.049406
-0.0504382
-0.0486762
-0.0498614
-0.0493502
-0.0502347
-0.049689
-0.0492881
-0.0503085
-0.049958
-0.0491492
-0.0506211
-0.0453177
-0.0498873
-0.0487432
-0.0500477
-0.048994
-0.043529
-0.0518798
-0.0491528
-0.0500622
-0.0485958
-0.0480466
-0.0489988
-0.0487399
-0.0500835
-0.0481417
-0.049636
-0.0499179
-0.049232
-0.0484553
-0.04962
-0.0499256
-0.0484687
-0.0497077
-0.0484749
-0.0497515
-0.0493119
-0.0498533
-0.0500202
-0.0485773
-0.0491536
-0.0481781
-0.0491199
-0.0482005
-0.0495264
-0.0482373
-0.0476331
-0.0498667
-0.0496041
-0.0490047
-0.0493615
-0.0487082
-0.0482323
-0.0487234
-0.0485564
-0.0497145
-0.0511906
-0.05068
-0.0436456
-0.0501352
-0.047561
-0.0497329
-0.0490156
-0.0495777
-0.049271
-0.048171
-0.0486465
-0.0493716
-0.0482582
-0.0486457
-0.0487099
-0.0510711
-0.049623
-0.0506544
-0.0500064
-0.0437213
-0.0489707
-0.0487595
-0.0481035
-0.0500111
-0.0496137
-0.0498585
-0.0484358
-0.0491893
-0.0495993
-0.0484397
-0.0498575
-0.0491497
-0.0481563
-0.0490933
-0.048176
-0.0496663
-0.0484075
-0.049238
-0.0496639
-0.048504
-0.049802
-0.0499498
-0.0488493
-0.0434667
-0.0506566
-0.049852
-0.0454049
-0.0487522
-0.0501226
-0.0518589
-0.0499989
-0.0491108
-0.048561
-0.0480926
-0.051211
-0.0447017
-0.0489775
-0.0495375
-0.04916
-0.0514161
-0.0506191
-0.0489903
-0.0504461
-0.0493503
-0.0504025
-0.0490095
-0.0498662
-0.0501622
-0.0492238
-0.0493509
-0.0490135
-0.0506763
-0.0490268
-0.0503851
-0.0457688
-0.0489973
-0.0496856
-0.0496609
-0.0496505
-0.0494531
-0.0497724
-0.0488642
-0.049656
-0.049695
-0.045635
-0.0496444
-0.0497161
-0.0494956
-0.0497087
-0.0497268
-0.0496737
-0.0495246
-0.049594
-0.0494073
-0.0502813
-0.0497326
-0.0496691
-0.0497327
-0.049843
-0.0498507
-0.0498247
-0.0493824
-0.049837
-0.049366
-0.0501751
-0.0503123
-0.0497545
-0.0495422
-0.0496207
-0.0496201
-0.0498466
-0.0497977
-0.0482282
-0.0495681
-0.0498298
-0.0496664
-0.0500866
-0.0496968
-0.0496079
-0.0503284
-0.0496601
-0.0501166
-0.0495601
-0.0496351
-0.0496781
-0.0495874
-0.0497344
-0.0495118
-0.0491926
-0.0498785
-0.0478509
-0.0494945
-0.0464551
-0.0493431
-0.0490218
-0.0499534
-0.049383
-0.0488625
-0.0495416
-0.0493057
-0.0498991
-0.0498182
-0.0492951
-0.0499455
-0.048871
-0.049672
-0.0491894
-0.048603
-0.0499266
-0.0498311
-0.0497018
-0.0497125
-0.0500124
-0.0498301
-0.0498334
-0.0496113
-0.0493991
-0.0497458
-0.0494967
-0.0497711
-0.0499081
-0.0497614
-0.0501582
-0.0496201
-0.0501879
-0.0477171
-0.0499251
-0.0501574
-0.0500629
-0.0490665
-0.0500549
-0.0490691
-0.0495981
-0.0493611
-0.0504334
-0.0504373
-0.0494622
-0.0496615
-0.0493493
-0.04974
-0.0485907
-0.0492442
-0.0496896
-0.0495804
-0.0497
-0.0497298
-0.049674
-0.0496932
-0.049674
-0.0496878
-0.0497358
-0.0496954
-0.0496876
-0.0497677
-0.0496971
-0.0496828
-0.0497216
-0.0497329
-0.0497118
-0.0496628
-0.0497393
-0.049711
-0.0497673
-0.0497509
-0.049757
-0.049575
-0.0493386
-0.0495116
-0.0495353
-0.0494858
-0.0497431
-0.0492947
-0.0494929
-0.0498933
-0.0498295
-0.0496614
-0.0496231
-0.0497956
-0.0497859
-0.0497278
-0.0494762
-0.0495841
-0.0495097
-0.04952
-0.0498241
-0.0496682
-0.0495855
-0.0497881
-0.0494509
-0.0497427
-0.0497535
-0.049569
-0.049639
-0.0495271
-0.0496075
-0.0500221
-0.0497134
-0.0494718
-0.0498011
-0.0497326
-0.049605
-0.0498377
-0.0496237
-0.0497776
-0.0494846
-0.0497268
-0.0497322
-0.0494364
-0.0496186
-0.0497406
-0.0496451
-0.0496228
-0.050086
-0.0497897
-0.0494297
-0.0497604
-0.0497946
-0.0496646
-0.0498289
-0.0495526
-0.0498
-0.0497038
-0.0497946
-0.0495323
-0.0496588
-0.0497552
-0.0497363
-0.049617
-0.0497143
-0.0496595
-0.0497491
-0.0495792
-0.0496866
-0.0490482
-0.0496839
-0.0496614
-0.0498515
-0.049645
-0.0494405
-0.0497405
-0.0494627
-0.0496649
-0.0496694
-0.0499751
-0.0498528
-0.049595
-0.0496478
-0.0497303
-0.04983
-0.0498477
-0.0496691
-0.0496987
-0.0496688
-0.0496651
-0.0508208
-0.0494558
-0.0484214
-0.0494941
-0.049168
-0.0509623
-0.049528
-0.0492094
-0.0492069
-0.0483221
-0.0492507
-0.0491886
-0.0500238
-0.048647
-0.0492232
-0.0503597
-0.0481139
-0.0490465
-0.0484507
-0.0497569
-0.0489532
-0.0502862
-0.0497489
-0.0496624
-0.0495286
-0.0497816
-0.0495991
-0.049017
-0.0497614
-0.0493738
-0.0494737
-0.0490759
-0.0501088
-0.0493354
-0.0501464
-0.0483599
-0.049594
-0.0496565
-0.049666
-0.0498371
-0.0494137
-0.0502982
-0.0496887
-0.0495712
-0.0496469
-0.0496252
-0.0495949
-0.0503178
-0.049721
-0.0494889
-0.0492861
-0.0499707
-0.050091
-0.0498819
-0.0487777
-0.0477228
-0.049935
-0.0484039
-0.049854
-0.0507622
-0.0506305
-0.0490902
-0.0508857
-0.047977
-0.0489834
-0.0479744
-0.0495839
-0.0486344
-0.0484959
-0.0497084
-0.0489892
-0.0483799
-0.0519167
-0.0512075
-0.0493309
-0.0508757
-0.0496469
-0.0491033
-0.0501528
-0.0497137
-0.0493023
-0.0498229
-0.0502583
-0.0487955
-0.0470835
-0.0484938
-0.0476256
-0.0496302
-0.0498851
-0.0484297
-0.0494939
-0.0485271
-0.0495797
-0.0498287
-0.049189
-0.0481917
-0.0491148
-0.048694
-0.0498723
-0.0487073
-0.0495517
-0.049426
-0.0488497
-0.0497899
-0.0505538
-0.0483792
-0.0498796
-0.0489168
-0.0493252
-0.0485115
-0.0485351
-0.0505034
-0.047088
-0.0480591
-0.0462714
-0.0477693
-0.0485981
-0.0519783
-0.04706
-0.0531642
-0.0513519
-0.0459738
-0.0531391
-0.0481494
-0.0480058
-0.0523185
-0.0460941
-0.0505243
-0.0472479
-0.0513835
-0.0505954
-0.0485875
-0.0470972
-0.0469303
-0.0498162
-0.052137
-0.0514744
-0.0474665
-0.0486084
-0.0488476
-0.0492534
-0.0515346
-0.0522112
-0.0499284
-0.0521397
-0.0492552
-0.0499702
-0.0488743
-0.0489716
-0.0497819
-0.047509
-0.0528686
-0.0467047
-0.0536208
-0.0448186
-0.050763
-0.052578
-0.0460929
-0.0450665
-0.0455817
-0.0475351
-0.0508754
-0.0488254
-0.0485885
-0.0468083
-0.0475393
-0.0502144
-0.0495766
-0.0501452
-0.0508595
-0.0421054
-0.0471388
-0.0503041
-0.0433624
-0.0477976
-0.0473424
-0.0496552
-0.0476616
-0.0499403
-0.0464153
-0.0471331
-0.0519659
-0.0498153
-0.048706
-0.0484384
-0.040068
-0.0500046
-0.0480726
-0.0410477
-0.0468132
-0.0469419
-0.0496238
-0.0467105
-0.0497851
-0.0501027
-0.0415686
-0.0421667
-0.0464341
-0.0511127
-0.0481126
-0.0479198
-0.0496401
-0.049076
-0.0514276
-0.0494365
-0.0497997
-0.0501728
-0.0511231
-0.0496319
-0.0497854
-0.0496096
-0.0465665
-0.0500516
-0.0496417
-0.0507095
-0.0508597
-0.0489505
-0.0439365
-0.0417765
-0.0506233
-0.0508908
-0.0459002
-0.0460006
-0.0484696
-0.0492706
-0.0519403
-0.0488685
-0.0513863
-0.0469354
-0.0506276
-0.049544
-0.0501422
-0.0497147
-0.0501958
-0.0499838
-0.0494788
-0.0491227
-0.0493001
-0.0493378
-0.0507279
-0.0522991
-0.0516576
-0.0502346
-0.0494304
-0.0512592
-0.0504871
-0.0499494
-0.0497038
-0.0495388
-0.0496105
-0.0498777
-0.0498804
-0.0501793
-0.048541
-0.0499247
-0.0497802
-0.0502
-0.0500974
-0.0499963
-0.0488516
-0.044046
-0.050584
-0.04983
-0.0514748
-0.0497691
-0.0501426
-0.0464569
-0.0481243
-0.0488985
-0.0495753
-0.0414206
-0.0408944
-0.0478404
-0.0504201
-0.0491885
-0.0500351
-0.0479684
-0.0475075
-0.049575
-0.047243
-0.0496642
-0.0518813
-0.0547327
-0.0547246
-0.0500188
-0.0454165
-0.0465958
-0.0460992
-0.0523688
-0.0500312
-0.0483837
-0.0427256
-0.0502605
-0.0491455
-0.0449522
-0.0498969
-0.0500008
-0.0502203
-0.0488831
-0.0499328
-0.0498122
-0.0425758
-0.0436863
-0.0498737
-0.0440524
-0.0481813
-0.0485465
-0.0482648
-0.0483443
-0.0502874
-0.0503976
-0.0523486
-0.049315
-0.0511949
-0.0468416
-0.047417
-0.0466815
-0.0509776
-0.0505222
-0.0481095
-0.049175
-0.0493624
-0.0415325
-0.0465166
-0.0500288
-0.0484355
-0.0493949
-0.0500194
-0.048013
-0.0500012
-0.0420997
-0.0463282
-0.0448334
-0.0500769
-0.0492148
-0.0497631
-0.0499615
-0.0459051
-0.0483947
-0.0440414
-0.0452838
-0.048691
-0.0462798
-0.051696
-0.0469341
-0.0528595
-0.0496162
-0.0394841
-0.0486266
-0.0474805
-0.043061
-0.0498343
-0.0485257
-0.050343
-0.042491
-0.0487622
-0.0484077
-0.0425055
-0.0504577
-0.049103
-0.0436412
-0.0488408
-0.0434677
-0.0485897
-0.0421573
-0.0490123
-0.0504007
-0.042617
-0.0485426
-0.0507764
-0.0481967
-0.0390921
-0.0471352
-0.0519143
-0.0376432
-0.0479044
-0.0483514
-0.0466895
-0.0523192
-0.0497467
-0.0454117
-0.0495651
-0.0455799
-0.0382053
-0.0465422
-0.0520227
-0.0491517
-0.0508583
-0.0454456
-0.0519514
-0.0503014
-0.0450465
-0.0529677
-0.0452974
-0.0500226
-0.053076
-0.0477677
-0.0498781
-0.0468369
-0.0499703
-0.0493194
-0.0497717
-0.0509541
-0.049463
-0.0462542
-0.0467813
-0.0524732
-0.045847
-0.0521645
-0.037349
-0.0493643
-0.048674
-0.0367291
-0.050066
-0.0467004
-0.0496186
-0.0519718
-0.0493618
-0.051497
-0.0476705
-0.0493521
-0.0521843
-0.0486403
-0.0500816
-0.0502296
-0.0502677
-0.0493133
-0.0502673
-0.0403454
-0.0499205
-0.0488958
-0.0488788
-0.0504865
-0.0498889
-0.0488156
-0.0372091
-0.0450166
-0.0465574
-0.0487858
-0.0503013
-0.0428677
-0.048837
-0.0502792
-0.0485037
-0.0437686
-0.0496662
-0.0447022
-0.0464868
-0.0490782
-0.0490126
-0.0440881
-0.0488204
-0.0501855
-0.0503565
-0.0453741
-0.048783
-0.0399236
-0.0482245
-0.0410442
-0.0484558
-0.0483883
-0.045367
-0.038962
-0.0465995
-0.044892
-0.0504681
-0.0532521
-0.0471709
-0.0444626
-0.0469372
-0.0529886
-0.0481913
-0.0498651
-0.049526
-0.0527422
-0.0499597
-0.0472389
-0.0509638
-0.0441993
-0.0510379
-0.0345993
-0.0463994
-0.052583
-0.0476724
-0.0510663
-0.0502053
-0.0500827
-0.0498669
-0.0511437
-0.0464578
-0.0505556
-0.0370741
-0.0497014
-0.0508924
-0.0493785
-0.0470564
-0.0505695
-0.0379672
-0.0469933
-0.0503138
-0.0528228
-0.0481813
-0.0504192
-0.050596
-0.0503317
-0.0504217
-0.0289545
-0.0447616
-0.0321242
-0.0395156
-0.0304941
-0.0405081
-0.0330278
-0.0194894
-0.0182509
-0.0384487
-0.0351549
-0.040574
-0.0383691
-0.0352938
-0.0378233
-0.0402059
-0.00718782
-0.00759731
-0.00842363
-0.00560318
-0.035841
-0.045472
-0.0332092
-0.0428409
-0.0331306
-0.0340038
-0.0426879
-0.00786115
-0.033076
-0.0386532
-0.0383907
-0.0373568
-0.0353289
-0.039237
-0.034953
-0.0463157
-0.0347208
-0.0369951
-0.0419941
-0.0234172
-0.0331894
-0.042782
-0.0433884
-0.0414783
-0.0418252
-0.0435585
-0.0435317
-0.0509084
-0.0492712
-0.0521024
-0.0432574
-0.0520265
-0.0515634
-0.0494608
-0.0499334
-0.0497051
-0.0502337
-0.0496864
-0.0499403
-0.0503059
-0.0492432
-0.0269975
-0.0326839
-0.0393298
-0.0409279
-0.030126
-0.0249187
-0.0388573
-0.000506026
0.00283219
0.00165573
-0.0260075
-0.0258092
-0.0324471
-0.0337375
-0.034006
-0.0263769
-0.0207567
-0.0304961
-0.037108
-0.0334883
-0.0362102
-0.0287906
-0.0349694
-0.0342602
-0.0245184
-0.0436356
-0.0173764
-0.0376858
-0.0267052
-0.0397704
-0.0183932
-0.0367582
-0.0477429
-0.0403618
-0.0309717
-0.0457065
-0.0414195
-0.0465455
-0.0431311
-0.0465764
-0.0258279
-0.0462893
-0.0453349
-0.0348168
-0.0435075
-0.0359714
-0.031972
-0.0415831
-0.041485
-0.0457114
-0.0314561
-0.0467674
-0.0312553
-0.0438559
-0.0345393
-0.0441098
-0.0265025
-0.00621036
-0.0143694
-0.0367863
-0.03524
-0.0400343
-0.0386784
-0.0375732
-0.0405851
-0.0360916
-0.0175271
-0.0116207
-0.0027197
-0.0123556
-0.0299901
-0.0457873
-0.0309128
-0.0427021
-0.0322263
-0.0305838
-0.0431033
-0.0135796
-0.0346585
-0.0406347
-0.0395054
-0.0331734
-0.0405641
-0.0273957
-0.0355018
-0.0498134
-0.0513644
-0.0454598
-0.0490807
-0.0502705
-0.0493466
-0.0460699
-0.0495507
-0.0513833
-0.0502334
-0.0454663
-0.0505233
-0.0491754
-0.0464106
-0.0457137
-0.0230279
-0.0423185
-0.0443334
-0.0336143
-0.0406052
-0.0321116
-0.0496355
-0.0398354
-0.0346748
-0.0384103
-0.0375799
-0.0279032
-0.029731
-0.0442455
-0.0439154
-0.0289378
-0.035088
-0.0440347
-0.0139996
-0.00679304
-0.000776151
-0.0227966
-0.0180945
-0.0402434
-0.0394615
-0.0411496
-0.0240054
-0.0196569
-0.0237517
-0.0425563
-0.0313826
-0.0397605
-0.0284299
-0.0423358
-0.0248649
-0.022676
-0.0362406
-0.025824
-0.0393329
-0.0180898
-0.0411248
-0.0231167
-0.0273666
-0.00244361
-0.028226
-0.00363644
-0.0261608
-0.0290088
-0.00351378
-0.026781
-0.00247066
2.98241e-05
-0.0260342
-0.0268634
-0.0024122
-0.026021
-0.0267487
-0.0226936
-0.00104925
0.000579245
-0.0256284
-0.00245755
-0.0270529
-0.0036287
-0.0044057
-0.00495731
-0.00413431
-0.0343769
-0.025521
-0.0342779
-0.032702
-0.0310714
-0.0325956
-0.0352274
-0.00441713
-0.00401882
-0.00233535
-0.0074297
-0.00826956
-0.0169635
-0.0132497
-0.0130442
-0.0172694
0.02205
0.00377782
-0.0275231
0.0204915
-0.0273357
-0.0162146
-0.0186941
-0.00616654
-0.0129788
-0.010934
-0.0188016
-0.0175867
0.00871143
0.016721
-0.0242133
-0.0174075
-0.0155235
0.0015924
-0.0273481
-0.000392667
0.0094766
-0.0192307
-0.0230921
-0.00965394
-0.01053
-0.0088981
-0.0101666
-0.0139679
-0.0132531
0.00194708
0.0109622
-0.0194383
-0.0101084
-0.0285344
-0.00173997
-0.0297821
-0.00126149
-0.0311456
-0.0266554
-0.00135366
-0.0262902
-0.000854239
0.00184946
-0.0224493
-0.0223687
-0.000788791
-0.0267134
-0.0250245
-0.0184414
0.000371169
0.000480537
-0.0227961
-0.0212654
-0.000828043
-0.00859044
-0.0113585
-0.00653603
-0.0102157
-0.0267242
-0.021507
-0.0381763
-0.0365154
-0.0260971
-0.03595
-0.0250931
-0.0046039
-0.00166455
-0.00589589
0.00198026
-0.00894767
-0.00918187
-0.0102897
-0.0091438
-0.0140264
0.00821148
0.00715663
-0.0177582
-0.0183641
0.00766156
-0.0139641
-0.0052855
-0.00167253
-0.00686678
-0.00283613
-0.0108917
-0.0120978
0.00169969
-0.0174814
-0.00841192
0.0109897
-0.0189925
-0.00132716
-0.0273974
-0.00588904
-0.0261838
-0.0191997
-0.000517007
-0.00867174
-0.00663287
-0.00865251
-0.00667455
-0.0134319
-0.0164066
0.00257893
-0.0217748
0.0103306
-0.0152779
-0.0172767
0.0220484
-0.0275243
0.00377486
-0.0273418
-0.0162188
0.0204917
-0.0187042
-0.00617613
-0.0109446
-0.0129873
-0.018808
-0.0175896
0.00871245
-0.0242142
0.0167188
-0.0174145
-0.00364296
-0.00442534
-0.0049702
-0.00415665
-0.00442519
-0.0040282
-0.00743725
-0.00234487
-0.0343907
-0.0255447
-0.0342947
-0.0327178
-0.0352424
-0.032619
-0.0310896
-0.00827682
-0.016969
-0.0132575
-0.0130499
-0.0280255
-0.00139478
-0.0289036
-0.00111537
-0.00111989
-0.0297048
-0.0263615
-0.0261201
-0.000794524
-0.0224181
0.00193151
-0.000665288
-0.0266263
-0.0223049
-0.0248845
-0.0184003
0.000461008
0.000567654
-0.000703318
-0.0227266
-0.0212084
-0.0154976
0.00162143
-0.0270681
-0.000319561
-0.0191737
-0.0229808
0.00950934
-0.00965627
-0.0105354
-0.0101649
-0.00890882
-0.0139598
-0.0132344
0.00197865
-0.0194107
-0.010102
0.0109748
-0.0139956
0.00821726
-0.0177425
0.0072014
-0.0139531
-0.0183292
0.00766609
-0.00526491
-0.00165045
-0.00684501
-0.00281197
-0.010866
-0.0120724
0.00174474
-0.0174467
-0.00839157
0.0109991
-0.00858151
-0.0113527
-0.0102105
-0.00652519
-0.00459207
-0.0016433
-0.00588248
0.00198952
-0.0267031
-0.0214739
-0.0381622
-0.0364913
-0.0359379
-0.0260741
-0.0250636
-0.00893351
-0.00917477
-0.01028
-0.00913381
-0.0280218
-0.0437014
-0.0325499
-0.0457266
-0.0329363
-0.0397216
-0.0466436
-0.0408656
-0.0469579
-0.0401624
-0.0488858
-0.0373691
-0.0457325
-0.0386022
-0.0377309
-0.0483999
-0.0469857
-0.0400002
-0.0439063
-0.0503187
-0.0528264
-0.0481819
-0.0504217
-0.0506005
-0.0504277
-0.0503338
-0.0270079
-0.0393468
-0.0327008
-0.040949
-0.0301366
-0.0388751
-0.0249313
-0.000528157
0.00280501
0.00162524
-0.0260213
-0.0258318
-0.0324559
-0.033741
-0.0207776
-0.0263952
-0.0340087
-0.0305067
-0.0371113
-0.0335019
-0.0362192
-0.0287981
-0.0342793
-0.0349745
-0.0245287
-0.0436516
-0.0377014
-0.0173817
-0.0184095
-0.0397859
-0.0267115
-0.0347375
-0.0463319
-0.0370076
-0.023427
-0.0420066
-0.0332015
-0.0427895
-0.043401
-0.0414863
-0.0418362
-0.0435759
-0.0435417
-0.0509193
-0.0492736
-0.0521091
-0.0432596
-0.0515657
-0.0520348
-0.0494712
-0.0499429
-0.0497067
-0.0502357
-0.0496903
-0.0503125
-0.0492416
-0.0499458
-0.0315152
-0.0468145
-0.0439094
-0.0313002
-0.0441786
-0.0346041
-0.0265423
-0.0368541
-0.0352994
-0.040102
-0.0387421
-0.0406428
-0.0376478
-0.0361408
-0.00622347
-0.0143725
-0.0175283
-0.0116252
-0.0123664
-0.00273094
-0.0300744
-0.0458445
-0.0427831
-0.0309816
-0.0431826
-0.0323152
-0.0306531
-0.0346932
-0.0406864
-0.0395718
-0.0331766
-0.0406168
-0.0355303
-0.0274262
-0.0135579
-0.0502097
-0.0490797
-0.0477128
-0.0500769
-0.0499228
-0.0501394
-0.0503375
-0.0368344
-0.0477934
-0.0310382
-0.0404025
-0.0414936
-0.0457477
-0.0465522
-0.0431339
-0.0465896
-0.025897
-0.0463346
-0.0348708
-0.0453603
-0.0360289
-0.0320374
-0.0435439
-0.0416043
-0.0414897
-0.0457243
-0.0279116
-0.0443023
-0.0297762
-0.0439852
-0.0289578
-0.044088
-0.0351259
-0.0139824
-0.000766599
-0.00678407
-0.0227741
-0.0180597
-0.0402298
-0.0394472
-0.0239826
-0.0411508
-0.0196234
-0.0237503
-0.0426082
-0.031379
-0.0397609
-0.0248574
-0.0284418
-0.0423573
-0.0226671
-0.0362958
-0.039337
-0.0258027
-0.0411584
-0.0180963
-0.0230943
-0.0498216
-0.0513704
-0.0454674
-0.0491069
-0.0461011
-0.0493564
-0.0502674
-0.0495659
-0.0513979
-0.050255
-0.0454874
-0.0505267
-0.0464398
-0.0492063
-0.0231012
-0.0457505
-0.0423757
-0.0336462
-0.0443734
-0.0406621
-0.0321731
-0.0496619
-0.039889
-0.0347302
-0.0384798
-0.0376368
-0.0486254
-0.0474753
-0.0430502
-0.0498343
-0.0485197
-0.0503423
-0.0424905
-0.0487655
-0.0425047
-0.0484007
-0.0504574
-0.0491022
-0.0436274
-0.0488383
-0.0434557
-0.0485842
-0.0421566
-0.0490163
-0.0503999
-0.0426164
-0.0507769
-0.0485368
-0.0448202
-0.0500712
-0.0492082
-0.0497541
-0.0458916
-0.0483868
-0.0499543
-0.0440343
-0.0452734
-0.0486786
-0.0462756
-0.05169
-0.0469288
-0.0496093
-0.0394722
-0.0528523
-0.0455783
-0.0382012
-0.0465451
-0.0529722
-0.0452948
-0.0500326
-0.0530778
-0.0477714
-0.0520225
-0.049153
-0.0508652
-0.0454492
-0.0519543
-0.0503089
-0.0450433
-0.0462484
-0.0467844
-0.052471
-0.0458551
-0.0493632
-0.0521618
-0.0373525
-0.0498725
-0.0468308
-0.0499673
-0.0493148
-0.049768
-0.0509537
-0.0494576
-0.0486753
-0.036731
-0.0481887
-0.039083
-0.0471416
-0.0519153
-0.0376465
-0.047904
-0.0483529
-0.0466849
-0.0523175
-0.0497409
-0.0454062
-0.0495619
-0.0500737
-0.0464232
-0.0496509
-0.050315
-0.0495956
-0.0491673
-0.0497056
-0.0500622
-0.0466969
-0.0519692
-0.049621
-0.0476688
-0.0493588
-0.0514968
-0.0493415
-0.0521582
-0.0500748
-0.0485665
-0.0492638
-0.0502062
-0.050214
-0.0502982
-0.0403977
-0.0489343
-0.0499015
-0.0504848
-0.0499319
-0.0489011
-0.046106
-0.0499062
-0.0496547
-0.0501351
-0.049149
-0.0471775
-0.0494378
-0.0474309
-0.0475619
-0.0382433
-0.0517531
-0.0496733
-0.0504829
-0.0467378
-0.0485526
-0.0473186
-0.0444818
-0.0469766
-0.0530296
-0.0442144
-0.0510536
-0.0346121
-0.0525852
-0.0464157
-0.0482311
-0.0499274
-0.049574
-0.0527839
-0.0510183
-0.0500015
-0.0472825
-0.0505984
-0.0370578
-0.0497289
-0.0508943
-0.0494086
-0.0506041
-0.0470738
-0.0477193
-0.0511221
-0.0502594
-0.0501447
-0.0512084
-0.0499305
-0.0465061
-0.0379659
-0.0470237
-0.0399933
-0.0482836
-0.0411143
-0.0484962
-0.048431
-0.0454034
-0.0389988
-0.0466488
-0.0449433
-0.0505066
-0.0532981
-0.0472115
-0.0468172
-0.0475575
-0.050223
-0.0495831
-0.0501597
-0.050875
-0.042113
-0.0471388
-0.0433774
-0.0503194
-0.0478061
-0.0473528
-0.0496652
-0.0476702
-0.0499482
-0.0489557
-0.0439446
-0.041783
-0.0506335
-0.0508953
-0.0459022
-0.0460044
-0.0484769
-0.0492805
-0.051952
-0.0469417
-0.051391
-0.0488766
-0.0506328
-0.0495505
-0.0501491
-0.0497224
-0.0502026
-0.0494838
-0.049994
-0.0491378
-0.0493049
-0.049347
-0.0507385
-0.0516674
-0.0523135
-0.0494405
-0.0502493
-0.0512679
-0.0501106
-0.0415743
-0.0421792
-0.0464308
-0.0511129
-0.04811
-0.0479283
-0.0496567
-0.0490872
-0.0514366
-0.0494459
-0.0498067
-0.0501902
-0.0511279
-0.0496385
-0.0497879
-0.0496178
-0.0465676
-0.0500562
-0.0496427
-0.0507158
-0.0508705
-0.049595
-0.048215
-0.0497614
-0.0491224
-0.0495274
-0.0499467
-0.0495451
-0.0504947
-0.0499609
-0.0495389
-0.0497081
-0.0498803
-0.0496166
-0.0498923
-0.0502398
-0.0486057
-0.0498236
-0.0499842
-0.0500404
-0.0502724
-0.05016
-0.0489221
-0.0440897
-0.0498831
-0.0506638
-0.049821
-0.0502169
-0.0515213
-0.0464098
-0.0480809
-0.0488649
-0.0495339
-0.0413748
-0.0408675
-0.0478456
-0.0503601
-0.0500046
-0.0491654
-0.0479134
-0.0474482
-0.0495101
-0.0496063
-0.0471798
-0.0467053
-0.0481426
-0.0502715
-0.0501064
-0.0429627
-0.0435074
-0.0530354
-0.0486317
-0.0511943
-0.0542319
-0.048509
-0.0477225
-0.0496713
-0.0498423
-0.0480318
-0.0498547
-0.0440564
-0.0485261
-0.0481478
-0.050269
-0.0483151
-0.0482798
-0.0503647
-0.0523049
-0.0492847
-0.0511222
-0.0467958
-0.0474213
-0.0466805
-0.0509838
-0.0504939
-0.0481084
-0.0493737
-0.0491469
-0.0415481
-0.0464617
-0.0499667
-0.0483464
-0.049341
-0.0499683
-0.0499535
-0.0479274
-0.0420972
-0.0463052
-0.0519189
-0.0547302
-0.0547565
-0.0500792
-0.0454646
-0.0466461
-0.0461053
-0.0524042
-0.0500128
-0.0483417
-0.0503016
-0.0491332
-0.0427237
-0.0449931
-0.0499755
-0.0500674
-0.0502468
-0.0499771
-0.0489578
-0.0498707
-0.0425371
-0.0436889
-0.0489774
-0.0487768
-0.0481215
-0.0500244
-0.0496144
-0.049853
-0.0484249
-0.0491595
-0.0498482
-0.0495993
-0.0484343
-0.0491539
-0.0481667
-0.0481901
-0.0491048
-0.0496851
-0.0484342
-0.0492399
-0.0496814
-0.0499473
-0.0485214
-0.0498223
-0.0488633
-0.0434645
-0.0506651
-0.0498606
-0.0454111
-0.0501136
-0.0487643
-0.0518776
-0.0499994
-0.0491091
-0.04808
-0.0485727
-0.0512209
-0.0447205
-0.0489971
-0.0504345
-0.0493441
-0.0504162
-0.0490161
-0.0501728
-0.0498493
-0.0492329
-0.0495032
-0.0491716
-0.0513881
-0.0505646
-0.0489934
-0.0496567
-0.0496891
-0.0496481
-0.049446
-0.0496473
-0.0497843
-0.0488581
-0.0493477
-0.0490347
-0.0506953
-0.0489645
-0.0503907
-0.0457571
-0.0488505
-0.0496973
-0.045638
-0.0471856
-0.0495184
-0.0492854
-0.0499046
-0.0493483
-0.0492581
-0.0493241
-0.0486656
-0.049417
-0.0493763
-0.0503134
-0.0497201
-0.0493704
-0.0503476
-0.0491872
-0.0499592
-0.0503088
-0.0485604
-0.0497498
-0.0496375
-0.0497054
-0.049695
-0.0494935
-0.0496666
-0.049729
-0.049498
-0.0502652
-0.0497132
-0.0496528
-0.0497121
-0.049831
-0.0498194
-0.0498211
-0.0495766
-0.0493877
-0.049364
-0.04982
-0.0501586
-0.0493478
-0.0502969
-0.0497459
-0.0496108
-0.0495154
-0.0498264
-0.0497905
-0.0495984
-0.0495478
-0.0498184
-0.0496552
-0.0500701
-0.0495927
-0.0503043
-0.0496785
-0.0482176
-0.0500079
-0.0490865
-0.0495426
-0.0493415
-0.0494338
-0.0503336
-0.0504029
-0.0496445
-0.0493296
-0.0498414
-0.0485212
-0.0497667
-0.0490848
-0.0495296
-0.0491907
-0.049498
-0.0498847
-0.0494939
-0.0478379
-0.046396
-0.0493133
-0.0490314
-0.0499445
-0.0493169
-0.0487882
-0.0495079
-0.0492862
-0.049802
-0.0498812
-0.0492858
-0.0499162
-0.0496546
-0.0488564
-0.0491688
-0.0485787
-0.0499048
-0.0497921
-0.0496816
-0.0496907
-0.049991
-0.049801
-0.0498086
-0.0495815
-0.0493712
-0.0497311
-0.0494749
-0.0497516
-0.0498875
-0.0497459
-0.0501334
-0.0495803
-0.0501363
-0.0498983
-0.0476697
-0.0500414
-0.0501173
-0.0490285
-0.0498263
-0.0495627
-0.0497324
-0.0498427
-0.0495471
-0.0496781
-0.0498413
-0.0496364
-0.049612
-0.0495298
-0.0495712
-0.0496019
-0.0496882
-0.04962
-0.0490286
-0.0497226
-0.0495664
-0.0497048
-0.0497356
-0.0496896
-0.0497044
-0.0496963
-0.0496843
-0.0497385
-0.0496952
-0.0496872
-0.0496944
-0.0497692
-0.0497323
-0.0496819
-0.0497218
-0.0497152
-0.0496637
-0.0497456
-0.0497161
-0.0497731
-0.0497579
-0.0497537
-0.0495677
-0.0493271
-0.0495214
-0.0495048
-0.0498861
-0.0498159
-0.0496454
-0.0496132
-0.0497704
-0.0497158
-0.0497854
-0.0494817
-0.0497354
-0.0494877
-0.0492885
-0.0494733
-0.049582
-0.0495072
-0.0495162
-0.0498156
-0.0496651
-0.0497825
-0.0495886
-0.0497417
-0.0497486
-0.0494447
-0.0495659
-0.0496311
-0.049522
-0.0496011
-0.0500151
-0.0497122
-0.0494686
-0.0497305
-0.0496026
-0.0497874
-0.0495876
-0.0495329
-0.0496307
-0.0496097
-0.0495407
-0.049584
-0.0496429
-0.0496158
-0.0496246
-0.0496389
-0.0495888
-0.0495835
-0.0496347
-0.0496238
-0.0496158
-0.0496023
-0.0495676
-0.0496237
-0.0495852
-0.0496936
-0.0496752
-0.0498385
-0.0496269
-0.0497795
-0.0494831
-0.0497385
-0.0497271
-0.0494359
-0.0496191
-0.0497391
-0.0496223
-0.0496442
-0.0500854
-0.0497872
-0.049426
-0.0497591
-0.0496647
-0.0497934
-0.0498237
-0.0495501
-0.049703
-0.0497985
-0.0496566
-0.0497932
-0.0495269
-0.0497473
-0.0497302
-0.0497076
-0.0496108
-0.0496538
-0.0497448
-0.049575
-0.049684
-0.0496782
-0.0490419
-0.0496594
-0.0498508
-0.0496441
-0.0494401
-0.0499741
-0.0498509
-0.0495924
-0.0496405
-0.0497295
-0.0498274
-0.0498442
-0.0497349
-0.0494571
-0.0496592
-0.0496625
-0.0496649
-0.049696
-0.0496667
-0.0496606
-0.0497436
-0.0489923
-0.0502971
-0.0497387
-0.0498477
-0.0496674
-0.0494863
-0.0503103
-0.0500776
-0.0494717
-0.0491394
-0.0495503
-0.0492978
-0.0493288
-0.0495028
-0.0496498
-0.0496044
-0.0495916
-0.0495041
-0.0497203
-0.0497243
-0.0486211
-0.049298
-0.0492854
-0.0492589
-0.049685
-0.0482566
-0.0498616
-0.0497252
-0.049492
-0.0495341
-0.0493903
-0.0497526
-0.0495286
-0.0496337
-0.0495095
-0.0496584
-0.0497109
-0.0495394
-0.0499044
-0.0496552
-0.050184
-0.0507912
-0.0494502
-0.0494821
-0.0484227
-0.0509132
-0.0491684
-0.0495103
-0.0492286
-0.0492175
-0.0482984
-0.0492342
-0.0499881
-0.0491776
-0.049197
-0.0503163
-0.0486428
-0.0481228
-0.0490657
-0.0484601
-0.0496807
-0.0491015
-0.0484404
-0.0518946
-0.0511683
-0.0494181
-0.0509232
-0.0496192
-0.049148
-0.0502651
-0.049883
-0.0491527
-0.0498243
-0.0506004
-0.0496038
-0.0497792
-0.0490366
-0.0493928
-0.0494786
-0.0501198
-0.0490915
-0.0493317
-0.0483549
-0.050141
-0.0495875
-0.0496558
-0.0496598
-0.0498287
-0.0502898
-0.049685
-0.0494092
-0.0495641
-0.0496464
-0.0496213
-0.0495895
-0.0497131
-0.0503124
-0.0494863
-0.0492843
-0.0499816
-0.0498793
-0.0500895
-0.0499373
-0.0477313
-0.048774
-0.0497835
-0.0483943
-0.0507298
-0.0489906
-0.0506131
-0.0508622
-0.0479165
-0.0489621
-0.0479397
-0.0495758
-0.0486076
-0.0484257
-0.0484051
-0.0499328
-0.0489267
-0.0493612
-0.0485411
-0.0485399
-0.0505585
-0.0471136
-0.0481035
-0.0462937
-0.0477846
-0.0486153
-0.0520047
-0.0470581
-0.0513961
-0.0531834
-0.0460026
-0.0531536
-0.0481958
-0.0513776
-0.0506173
-0.0485987
-0.0471157
-0.0521899
-0.0498463
-0.0469427
-0.048084
-0.052351
-0.0461397
-0.0472846
-0.0505816
-0.0498866
-0.052193
-0.0493026
-0.0499707
-0.0488835
-0.0498164
-0.04899
-0.0515861
-0.0475148
-0.0486846
-0.0489478
-0.0515764
-0.0493371
-0.0522967
-0.0475326
-0.0529082
-0.0467326
-0.0536335
-0.0448387
-0.0508204
-0.0525819
-0.0450701
-0.0461169
-0.0455562
-0.0475123
-0.0508857
-0.0485889
-0.0488315
-0.0445655
-0.0533738
-0.0456545
-0.0457001
-0.0491696
-0.0508683
-0.0488785
-0.049001
-0.0502766
-0.0505063
-0.0502566
-0.0495115
-0.0455891
-0.0496476
-0.0486642
-0.0498834
-0.0497901
-0.0500207
-0.0496065
-0.0502868
-0.0499182
-0.0457724
-0.0505838
-0.050596
-0.0463802
-0.0500919
-0.0450611
-0.0499606
-0.0498677
-0.0489686
-0.0498784
-0.0480176
-0.0484236
-0.0486908
-0.0490888
-0.048101
-0.0486319
-0.0485399
-0.0494064
-0.0489277
-0.0496107
-0.049859
-0.0498581
-0.0490361
-0.0489471
-0.049946
-0.0495384
-0.049784
-0.0487718
-0.0497115
-0.0489255
-0.0499902
-0.0490848
-0.0494662
-0.0493802
-0.0492745
-0.0499349
-0.0498504
-0.0486579
-0.0493324
-0.0500144
-0.0495965
-0.0503388
-0.049921
-0.0457826
-0.0489689
-0.0498822
-0.0489823
-0.0499953
-0.0502236
-0.0497941
-0.0494244
-0.0490067
-0.049522
-0.0498469
-0.0499064
-0.0484783
-0.0488987
-0.0495624
-0.0487122
-0.0498404
-0.049687
-0.0498186
-0.0495864
-0.0499902
-0.0496381
-0.0495593
-0.0503944
-0.0467287
-0.0500946
-0.0487303
-0.0467032
-0.0498075
-0.0504519
-0.0497813
-0.0510742
-0.0498671
-0.0497269
-0.0496831
-0.0497032
-0.0499689
-0.0486401
-0.0498683
-0.0498341
-0.0497838
-0.0496675
-0.0502142
-0.0498883
-0.0495273
-0.0480337
-0.048215
-0.0478547
-0.0489809
-0.0488927
-0.048432
-0.0471396
-0.0487552
-0.0519712
-0.0502808
-0.0465831
-0.0505844
-0.0480267
-0.0495489
-0.0499023
-0.0505174
-0.0483819
-0.0513732
-0.0479885
-0.0501017
-0.0528374
-0.0496214
-0.0500254
-0.0497973
-0.0502222
-0.0495502
-0.0492095
-0.0498484
-0.0505759
-0.0479976
-0.0497189
-0.0491671
-0.0488056
-0.0506525
-0.0496928
-0.0493799
-0.0502135
-0.0495161
-0.0497521
-0.0495495
-0.0493373
-0.0492252
-0.0482609
-0.0497571
-0.0496807
-0.0498178
-0.0497491
-0.0497037
-0.0498888
-0.0498706
-0.0496792
-0.0488612
-0.0495256
-0.0497819
-0.0496292
-0.0497311
-0.0497399
-0.0496855
-0.0499358
-0.0496516
-0.0503603
-0.0501273
-0.0498957
-0.0496947
-0.0497457
-0.0500037
-0.0496489
-0.0497245
-0.0484895
-0.0508021
-0.0499968
-0.0507044
-0.0491728
-0.0508364
-0.047904
-0.0496297
-0.0485991
-0.0485572
-0.049121
-0.048046
-0.0510371
-0.0485917
-0.0496214
-0.0497754
-0.0493333
-0.0511897
-0.0496226
-0.049234
-0.0493855
-0.0484644
-0.049397
-0.0493652
-0.0501088
-0.0487531
-0.0505187
-0.0493929
-0.0482478
-0.0491678
-0.0486679
-0.0496425
-0.0489829
-0.0518536
-0.0483922
-0.0508628
-0.0510909
-0.0493636
-0.0497026
-0.0492187
-0.0498418
-0.050202
-0.0499012
-0.0493336
-0.050312
-0.0498143
-0.0490106
-0.0503485
-0.0498496
-0.0496858
-0.0496144
-0.0498734
-0.0493088
-0.0498751
-0.0498953
-0.0493441
-0.0499511
-0.0496875
-0.0488819
-0.0492341
-0.0486158
-0.0499511
-0.049797
-0.0497229
-0.0496836
-0.0499782
-0.0495933
-0.0498598
-0.0497832
-0.0493928
-0.0497614
-0.0495435
-0.0497408
-0.049944
-0.0501794
-0.0497494
-0.0495825
-0.0502018
-0.0499288
-0.047652
-0.0490223
-0.0500987
-0.0501343
-0.0471704
-0.0499136
-0.0495284
-0.0493031
-0.0491922
-0.0494186
-0.0492638
-0.0487076
-0.049352
-0.0494233
-0.0503667
-0.0494039
-0.0497047
-0.0500012
-0.0491884
-0.0503494
-0.050404
-0.0486208
-0.0498167
-0.0495215
-0.0499582
-0.0491861
-0.0478436
-0.049629
-0.0465289
-0.049435
-0.0493808
-0.0489788
-0.0497216
-0.0491282
-0.0501098
-0.0497076
-0.050222
-0.049596
-0.0497379
-0.0497448
-0.0497744
-0.0496582
-0.050188
-0.0492608
-0.0494632
-0.0497039
-0.0505134
-0.0495878
-0.050587
-0.0497519
-0.0494786
-0.0487079
-0.0499103
-0.0496854
-0.0497931
-0.0493614
-0.0505359
-0.0468627
-0.0499518
-0.0498606
-0.0498256
-0.0497477
-0.0496865
-0.050007
-0.0495603
-0.0496983
-0.0488507
-0.0521873
-0.0468268
-0.0502965
-0.0482072
-0.0506822
-0.0497526
-0.0497333
-0.0505918
-0.0482378
-0.0513618
-0.0499981
-0.047888
-0.0527568
-0.0496426
-0.0500964
-0.0501193
-0.0497927
-0.0497901
-0.0492407
-0.0497472
-0.0504497
-0.0477586
-0.0496874
-0.0491771
-0.0485555
-0.0469594
-0.0503791
-0.0487831
-0.0495443
-0.0493564
-0.0500313
-0.0500573
-0.0494882
-0.048746
-0.0501301
-0.0496804
-0.0503475
-0.0500884
-0.0458458
-0.0499848
-0.0490369
-0.0490374
-0.0501145
-0.0502694
-0.0495504
-0.0499167
-0.0496713
-0.0499873
-0.0489679
-0.0501099
-0.0486243
-0.0490064
-0.0487579
-0.0497148
-0.0488466
-0.0506601
-0.0499185
-0.0467896
-0.0513173
-0.0499174
-0.0499189
-0.0497402
-0.050185
-0.049725
-0.0498731
-0.0495977
-0.0480261
-0.0499967
-0.0497819
-0.0498205
-0.0497848
-0.0500171
-0.0499828
-0.0487197
-0.049008
-0.0484722
-0.0473209
-0.0483047
-0.047973
-0.0490795
-0.0528001
-0.0484572
-0.0455722
-0.0474691
-0.0473636
-0.0491284
-0.0448617
-0.0517275
-0.0491833
-0.0479017
-0.0525405
-0.0483212
-0.0497164
-0.051761
-0.0496432
-0.0497066
-0.0501134
-0.0465545
-0.050663
-0.0452828
-0.0449622
-0.0486457
-0.0518058
-0.0509538
-0.0507236
-0.0535436
-0.0423701
-0.0536486
-0.0498412
-0.0480913
-0.0501335
-0.0482969
-0.0488575
-0.0476437
-0.0474487
-0.0482997
-0.0461058
-0.046465
-0.0513657
-0.0533387
-0.0417202
-0.0507771
-0.0422508
-0.0412332
-0.0507458
-0.045901
-0.0525229
-0.0506115
-0.0474447
-0.0516406
-0.0529048
-0.043039
-0.0506306
-0.0413365
-0.0433632
-0.0468051
-0.0392848
-0.0490175
-0.0518361
-0.0417543
-0.0418926
-0.0508941
-0.0510002
-0.045568
-0.0496066
-0.0465329
-0.0464599
-0.0490227
-0.0503265
-0.0502746
-0.0414475
-0.0442022
-0.0438822
-0.0531275
-0.0509627
-0.0460489
-0.0534771
-0.0506972
-0.0429891
-0.0511097
-0.0482531
-0.0492239
-0.0514819
-0.0432514
-0.0459489
-0.0528277
-0.0505896
-0.0452383
-0.0514994
-0.0445515
-0.0482381
-0.0455264
-0.0534249
-0.0508932
-0.0464231
-0.0515894
-0.0437915
-0.048076
-0.042833
-0.0430452
-0.0526743
-0.0426912
-0.0483943
-0.0521017
-0.0452754
-0.0494009
-0.0513949
-0.0432812
-0.0471416
-0.0466521
-0.0531937
-0.0491381
-0.0460836
-0.0464163
-0.0460071
-0.0503824
-0.0468145
-0.0499276
-0.0456276
-0.0514286
-0.0487478
-0.050629
-0.0481674
-0.0497868
-0.0477212
-0.0479786
-0.0478388
-0.0487741
-0.0503047
-0.0501346
-0.0498335
-0.0502714
-0.0497292
-0.0482347
-0.0498604
-0.0499202
-0.0486169
-0.0493928
-0.0510776
-0.0496819
-0.0505154
-0.0506639
-0.0488918
-0.0484205
-0.0487536
-0.0541432
-0.0403649
-0.050424
-0.0483222
-0.0515906
-0.05435
-0.0492672
-0.0413873
-0.0521621
-0.0495938
-0.0491738
-0.05034
-0.041819
-0.0537256
-0.0499754
-0.0475551
-0.0493765
-0.0477883
-0.0483931
-0.0476861
-0.0497732
-0.0472967
-0.0493779
-0.0494897
-0.050921
-0.0495135
-0.0477961
-0.0494885
-0.0499424
-0.0510375
-0.0513011
-0.0515711
-0.0423512
-0.0516777
-0.0491193
-0.0414262
-0.0525459
-0.0500184
-0.0489385
-0.051119
-0.0482136
-0.0526407
-0.0412115
-0.04926
-0.0525897
-0.047646
-0.052309
-0.0492501
-0.0474769
-0.0491178
-0.0531806
-0.0493687
-0.0494274
-0.0501409
-0.0494102
-0.0486088
-0.0530679
-0.052397
-0.0432932
-0.0422146
-0.0532212
-0.0482465
-0.0541691
-0.0545247
-0.0443246
-0.0512749
-0.0436201
-0.0515204
-0.0548887
-0.0473317
-0.0530717
-0.0426383
-0.0418841
-0.0531231
-0.0514211
-0.0508809
-0.0416969
-0.052275
-0.0512862
-0.052578
-0.0392603
-0.0399621
-0.051089
-0.0401287
-0.0477722
-0.0487843
-0.0390075
-0.050107
-0.0383672
-0.0467438
-0.0476794
-0.0540916
-0.0403135
-0.0496557
-0.0528131
-0.0509399
-0.0472225
-0.0526575
-0.0546742
-0.0384224
-0.0495216
-0.0544101
-0.0469555
-0.0526431
-0.0521435
-0.0518302
-0.0387869
-0.0527732
-0.0403784
-0.0474098
-0.0505002
-0.0503939
-0.0481332
-0.0516891
-0.0379773
-0.0491424
-0.0363738
-0.0519065
-0.0507144
-0.0469893
-0.0502427
-0.0497955
-0.0515357
-0.0454864
-0.0500497
-0.0498599
-0.0525344
-0.0496864
-0.0484179
-0.0464722
-0.0384411
-0.0536091
-0.0369074
-0.0485471
-0.0465541
-0.0469383
-0.0498153
-0.0412599
-0.0510459
-0.0434535
-0.0503188
-0.044269
-0.0436538
-0.0457294
-0.0419965
-0.0491587
-0.0460615
-0.0445727
-0.0504713
-0.0504074
-0.047833
-0.0413061
-0.0513171
-0.0455214
-0.0526105
-0.0418278
-0.0530669
-0.042799
-0.0521592
-0.0462231
-0.0521238
-0.050483
-0.0450925
-0.0455763
-0.0408017
-0.050538
-0.0520775
-0.0508426
-0.0422492
-0.042793
-0.0499667
-0.0500641
-0.0461014
-0.0459467
-0.0491138
-0.0494998
-0.0502582
-0.0495826
-0.045971
-0.0496925
-0.0510649
-0.0508102
-0.0505938
-0.0500813
-0.0469458
-0.0497409
-0.0504456
-0.0497425
-0.0501354
-0.0511934
-0.0404767
-0.0513191
-0.0494564
-0.051576
-0.0380486
-0.050247
-0.0548832
-0.0456402
-0.0482593
-0.0498246
-0.0491962
-0.0470727
-0.0399594
-0.049618
-0.0499101
-0.0506816
-0.0497853
-0.0519084
-0.0365462
-0.0521147
-0.0490683
-0.0346751
-0.035909
-0.0505206
-0.0487587
-0.0484704
-0.0522677
-0.0465578
-0.0499048
-0.0453397
-0.0500736
-0.0480875
-0.0517274
-0.0472643
-0.0493291
-0.0474113
-0.052278
-0.0508248
-0.0461844
-0.0508724
-0.0501361
-0.0441376
-0.0469084
-0.0472014
-0.0474011
-0.0439982
-0.0468296
-0.049802
-0.0498769
-0.0507713
-0.0479905
-0.0502289
-0.0518856
-0.0470384
-0.0532889
-0.0492955
-0.0388329
-0.049945
-0.0480319
-0.0439443
-0.0513977
-0.0467831
-0.0427918
-0.052484
-0.0361322
-0.0424422
-0.0496105
-0.0503201
-0.0486259
-0.0461699
-0.0494193
-0.0466331
-0.0390068
-0.0501518
-0.0487475
-0.0479984
-0.0441151
-0.0420474
-0.03584
-0.0467131
-0.0471437
-0.0444127
-0.0442657
-0.0448198
-0.0438327
-0.0450183
-0.0442068
-0.0468951
-0.0398127
-0.0431195
-0.0458182
-0.0428329
-0.0466122
-0.0498513
-0.0520157
-0.053139
-0.0478827
-0.0360195
-0.0511853
-0.0507014
-0.0452257
-0.0501107
-0.0482333
-0.0424049
-0.0495467
-0.0488908
-0.0489095
-0.0493055
-0.0440154
-0.0511866
-0.0367366
-0.0480318
-0.0487864
-0.0312344
-0.019894
-0.0306473
-0.00361634
-0.0209323
-0.0312683
-0.0277415
-0.0109847
-0.0120517
-0.0267582
-0.0380543
-0.0310474
-0.00793041
-0.0336554
-0.0218178
-0.0233496
-0.0018596
-0.0277209
-0.044559
-0.0421472
-0.0430129
-0.0361283
-0.0468606
-0.0383992
-0.0433452
-0.0447518
-0.0313823
-0.046259
-0.0301789
-0.0420976
-0.0384548
-0.0448974
-0.0508831
-0.0457267
-0.0501183
-0.0496533
-0.0496419
-0.0508179
-0.0427925
-0.0483705
-0.0488129
-0.039479
-0.0485004
-0.0458413
-0.0452003
-0.0370239
-0.0399187
-0.0474007
-0.0380691
-0.0314324
-0.0422145
-0.00952842
-0.0031664
0.000182013
-0.0363527
-0.0437329
-0.0302277
-0.0316156
-0.0402179
-0.0341042
-0.0312968
-0.032504
-0.0219299
-0.0221913
-0.00387215
-0.0178851
-0.0331028
-0.025818
-0.0363291
-0.0258313
-0.0403049
-0.0235227
-0.0388628
-0.0291454
-0.0357754
-0.0302389
-0.0346604
-0.0370419
-0.0183923
-0.0342548
-0.0346795
-0.0261375
-0.0392839
-0.0459399
-0.0436318
-0.0462485
-0.0384379
-0.0477785
-0.0427457
-0.044843
-0.0309955
-0.025661
-0.026536
-0.011307
-0.0156346
-0.0367877
-0.0326223
-0.0186214
-0.0313786
-0.0126875
-0.0305344
-0.0347924
-0.0192285
-0.0285974
-0.0167426
-0.025534
-0.023073
-0.00611419
-0.0398723
-0.0371966
-0.0456902
-0.0338967
-0.0446006
-0.0398909
-0.0453088
-0.0502459
-0.0462788
-0.0498194
-0.0493694
-0.0496895
-0.0428409
-0.0425037
-0.0484886
-0.0483178
-0.0393076
-0.048738
-0.0388147
-0.0459359
-0.0420512
-0.0420601
-0.0439302
-0.0385758
-0.0339696
-0.034515
-0.0419012
-0.0450124
-0.0309592
-0.0361138
-0.043825
-0.0433289
-0.0257484
-0.0363476
-0.0303437
-0.0134176
-0.0146941
-0.0227155
-0.0369457
-0.0285011
-0.0410528
-0.035473
-0.0434712
-0.0257712
-0.0430675
-0.0248022
-0.0424155
-0.0323362
-0.0332504
-0.0315823
-0.0200769
-0.0228365
-0.0200041
-0.0206479
-0.0068968
-0.0175329
-0.0274404
-0.0139466
-0.0264678
-0.0198926
-0.0290734
-0.017166
0.00532341
-0.00210321
0.011784
-0.00401696
-0.0243851
-0.0251548
-0.0360401
-0.0338859
-0.0252157
-0.0250617
-0.0334797
0.0132214
0.0147836
-0.0200412
-0.030244
-0.0258098
-0.0360739
-0.0160085
-0.0257182
-0.0325254
0.00982097
-0.0155317
-0.026311
-0.0292648
-0.0197554
-0.014546
-0.0293232
-0.0195867
-0.0176156
0.00770085
-0.0192197
0.0077186
-0.0179886
0.00210607
0.00551192
-0.0198814
-0.00651253
-0.0137207
-0.00414668
0.00253755
-0.0324868
-0.025723
-0.0207189
-0.0198915
-0.0336908
-0.0170637
-0.0296182
-0.0325145
-0.0220215
-0.0184961
-0.0298585
-0.0158944
-0.0345237
-0.0295983
0.00651086
0.00820557
-0.0198921
-0.017905
-0.00193414
-0.0158325
-0.0175111
0.00298252
-0.017394
0.00914653
-0.0252975
-0.0111812
-0.0129341
-0.010079
-0.0139098
0.0103862
-0.0107186
0.00527116
-0.0145778
-0.0360906
-0.0261846
-0.0299736
-0.0135436
-0.0359641
-0.0269604
-0.0300063
-0.00659003
-0.0280162
-0.025406
-0.00152618
-0.0270481
-0.00634107
-0.0072717
-0.00983746
-0.0156102
-0.0356792
-0.0322757
-0.0316406
-0.018975
-0.0125407
-0.0031147
-0.00233911
0.00345255
-0.0106954
-0.0323045
-0.035185
-0.0225747
-0.0313207
-0.0216136
-0.0156863
-0.00368839
-0.0250354
-0.0286771
-0.00344362
-0.0274453
-0.0101814
-0.00622973
-0.0100434
-0.0275848
0.00253254
-0.0233382
-0.00522118
-0.0280419
-0.000693615
-0.000620034
0.00446951
0.00155287
0.00118729
-0.0187086
-0.0209398
-0.0298657
-0.029869
-0.0213654
-0.0304851
-0.01778
0.0037658
0.0041497
-0.019098
-0.0322844
-0.0208901
-0.0306325
-0.0206557
-0.0183432
-0.0312766
0.0060273
-0.0143112
-0.0247508
-0.0293263
-0.00205799
-0.0292194
-0.0024858
-0.014753
-0.0367216
-0.0309902
-0.0189405
-0.00725523
-0.0312832
-0.0361115
-0.0223983
-0.0343097
-0.0239159
-0.00871453
-0.030203
-0.0295522
-0.0222429
-0.0338143
-0.0145241
-0.00324396
-0.00490252
0.00113239
-0.00112248
-0.00436448
-0.00657258
-0.0130374
-0.0120374
-0.00665634
-0.00691209
-0.00645034
-0.0311795
-0.0233645
-0.0298664
-0.0146659
-0.0323638
-0.0226549
-0.0292099
0.00683214
-0.00142721
-0.0201887
-0.00653344
-0.00253974
-0.00949864
0.00377545
0.00136771
0.003199
0.00325459
-0.0202359
0.00393658
-0.012294
0.00185333
-0.0124252
0.0038143
-0.00144671
0.00103921
0.00233414
-0.0160586
-0.0268202
-0.0100134
-0.0220045
-0.0188503
-0.0277579
-0.000255987
0.00370236
0.00961581
0.011572
-0.0227436
-0.0239361
-0.0289808
-0.0271098
-0.0176767
-0.0246319
-0.0264986
-0.022725
-0.0295537
-0.0229002
-0.0311917
-0.019648
-0.0189629
-0.0283657
-0.0147053
-0.0172695
-0.0248439
0.00163931
-0.0067169
-0.0273772
0.00328691
0.0064965
-0.0199053
0.00819184
-0.017924
-0.00194703
-0.0158463
-0.0175142
0.00296785
-0.017408
0.0091383
-0.0253139
-0.0111822
-0.0129308
-0.0100946
0.0103861
-0.0139153
-0.0107381
0.00525682
-0.014594
-0.0360996
-0.0262005
-0.0135566
-0.0299875
-0.026972
-0.0359765
-0.0300177
0.00768633
-0.0176347
-0.0192398
0.00770007
-0.0180069
0.00208367
0.00549258
-0.0199027
-0.00653608
-0.0137413
-0.00416561
0.00252172
-0.0325022
-0.0257332
-0.0207362
-0.0199133
-0.0170832
-0.0337014
-0.029634
-0.0325293
-0.0220396
-0.0298752
-0.0185176
-0.0345392
-0.0159119
-0.0296153
-0.0100229
-0.0275688
-0.0233231
0.00255811
-0.0280278
-0.00519696
-0.000673385
-0.0187019
-0.0209267
-0.0298555
-0.0298656
-0.0304752
-0.0213595
-0.0177676
-0.000602469
0.00448467
0.00158107
0.00119522
0.00374102
0.00413632
-0.0190773
-0.0322722
-0.0306198
-0.0208747
-0.0312629
-0.0206379
-0.0183245
-0.0142995
-0.0247299
-0.0293248
-0.00205371
-0.0292053
-0.0147463
-0.00246317
0.00602422
-0.00656131
-0.0279911
-0.0015008
-0.0253688
-0.0063231
-0.0270116
-0.00723543
-0.00309515
-0.00231257
0.0034758
-0.00979763
-0.0155695
-0.0356476
-0.032226
-0.0189371
-0.0315983
-0.0124922
-0.0106643
-0.0322821
-0.0225543
-0.0351605
-0.0215875
-0.0156619
-0.0312881
-0.00364527
-0.0249794
-0.0286184
-0.00337138
-0.0273955
-0.00616648
-0.0101171
-0.031173
-0.0233634
-0.0146541
-0.0298677
-0.0291973
-0.0226386
-0.0323626
0.00681978
-0.0201723
-0.00141863
-0.006518
-0.00253114
-0.00948009
0.00377076
0.00133451
0.00321317
0.00324056
-0.0202291
0.00394001
-0.0122925
0.00379242
0.0018679
-0.0124114
-0.00143645
0.001026
0.00235129
-0.0366754
-0.0309177
-0.0188706
-0.0071995
-0.0223387
-0.036048
-0.0312279
-0.0342792
-0.0238928
-0.0301758
-0.00867188
-0.0337878
-0.0222015
-0.0295164
-0.00321771
-0.0144816
-0.00488062
0.00118227
-0.0010832
-0.00428387
-0.00649733
-0.0129813
-0.0119584
-0.00659916
-0.00688964
-0.0064003
-0.0445635
-0.0421466
-0.0361324
-0.043016
-0.0383997
-0.0468697
-0.0433471
-0.0262428
-0.0370773
-0.0307975
-0.046906
-0.0398071
-0.0458263
-0.0431148
-0.0466224
-0.0428362
-0.0498558
-0.0520297
-0.053135
-0.0478846
-0.0360245
-0.0507093
-0.0511989
-0.0452244
-0.0501244
-0.0482326
-0.0495593
-0.0423992
-0.0489177
-0.0493181
-0.0488966
-0.0440175
-0.0512059
-0.0367396
-0.0487964
-0.0480404
-0.00953214
-0.0031838
0.000160545
-0.0363445
-0.0302242
-0.0437347
-0.0316089
-0.0402131
-0.0312926
-0.0340948
-0.0324993
-0.0219346
-0.0222099
-0.00387854
-0.0331073
-0.0178939
-0.0258109
-0.0363227
-0.0258286
-0.0403022
-0.0235265
-0.0357731
-0.038857
-0.0291458
-0.0302245
-0.034656
-0.0183823
-0.0370358
-0.0342471
-0.0447501
-0.0462631
-0.0313796
-0.0301667
-0.0420955
-0.0384454
-0.0448884
-0.0508852
-0.0501216
-0.045724
-0.0496551
-0.0508258
-0.0496468
-0.0427842
-0.0483724
-0.0488167
-0.0394709
-0.0485038
-0.0458398
-0.0451981
-0.0370174
-0.0399204
-0.0474114
-0.0380629
-0.0314269
-0.0422159
-0.0309699
-0.0256036
-0.0264873
-0.011257
-0.0155877
-0.0367511
-0.0325657
-0.03133
-0.0185721
-0.0126251
-0.0305268
-0.0347744
-0.0285652
-0.0191954
-0.0166754
-0.025478
-0.0230182
-0.00605158
-0.0500049
-0.0439702
-0.0472262
-0.0300507
-0.048864
-0.0464386
-0.0435214
-0.0498792
-0.0459716
-0.0396908
-0.0433811
-0.0507609
-0.0490826
-0.0422694
-0.0479964
-0.0412273
-0.0492519
-0.0441739
-0.047929
-0.0492774
-0.0388053
-0.0465629
-0.0446213
-0.0415027
-0.0417692
-0.0401069
-0.0346505
-0.0261467
-0.0393176
-0.0418628
-0.0308969
-0.0450327
-0.036088
-0.0438069
-0.025697
-0.0433178
-0.0362845
-0.0302739
-0.0133512
-0.0146375
-0.0284365
-0.0368886
-0.0226475
-0.0410045
-0.0353973
-0.0434349
-0.0257048
-0.0430262
-0.0423831
-0.0247387
-0.0322853
-0.03321
-0.0227846
-0.0200463
-0.0315569
-0.0199487
-0.0205662
-0.00681982
-0.0399297
-0.0457237
-0.0372176
-0.0338693
-0.0446533
-0.0399065
-0.0453458
-0.0502597
-0.0498149
-0.0463071
-0.0493532
-0.0497111
-0.0428915
-0.0425414
-0.0485386
-0.0483232
-0.0393195
-0.048736
-0.0459691
-0.0388693
-0.0420774
-0.0420948
-0.0440027
-0.0385778
-0.0339507
-0.0345244
-0.0363691
-0.0519024
-0.0507109
-0.0469935
-0.0473915
-0.0504777
-0.0503872
-0.0481126
-0.049112
-0.0516765
-0.0379555
-0.0502485
-0.0498099
-0.0454901
-0.0515444
-0.0498712
-0.0525344
-0.0500613
-0.0369113
-0.0485561
-0.049695
-0.0484305
-0.0464692
-0.0536058
-0.0384432
-0.0387836
-0.0527478
-0.0403649
-0.0465466
-0.0498222
-0.0469335
-0.0434542
-0.0412634
-0.0510443
-0.0503
-0.0442607
-0.0489532
-0.0473644
-0.049634
-0.0523508
-0.0496557
-0.0499337
-0.0493978
-0.0496363
-0.0420297
-0.0499532
-0.0523475
-0.0480816
-0.0471662
-0.0402749
-0.050074
-0.0520181
-0.046183
-0.0488063
-0.0509342
-0.0486015
-0.0552818
-0.0463376
-0.0489887
-0.0528888
-0.0508427
-0.0422549
-0.0427743
-0.0499512
-0.0459417
-0.0500543
-0.0461015
-0.0491102
-0.0494965
-0.0502107
-0.049561
-0.0496965
-0.0459454
-0.0510775
-0.0436783
-0.0445716
-0.0504877
-0.0457169
-0.0419884
-0.0491554
-0.0460592
-0.0418088
-0.0530554
-0.0427963
-0.0521655
-0.0462178
-0.0504237
-0.0478415
-0.0413298
-0.0513088
-0.0455644
-0.0526085
-0.0521032
-0.0504932
-0.0455715
-0.0450889
-0.0520254
-0.0505319
-0.0408136
-0.0508741
-0.0506552
-0.0501487
-0.0470127
-0.0504776
-0.0498195
-0.0498136
-0.0501821
-0.0405219
-0.0512442
-0.0483129
-0.0498272
-0.0493142
-0.0471357
-0.0498106
-0.0499674
-0.0400493
-0.0513615
-0.0494678
-0.0516139
-0.0380919
-0.0503328
-0.0456637
-0.0549157
-0.0501971
-0.0441918
-0.0469598
-0.0472338
-0.047441
-0.0440473
-0.0468775
-0.0498743
-0.0499427
-0.0508299
-0.0480061
-0.0502993
-0.0519051
-0.0470898
-0.0507163
-0.0491106
-0.0347094
-0.0498392
-0.0519434
-0.0365925
-0.0521554
-0.049958
-0.0453418
-0.0500901
-0.0481293
-0.0517469
-0.0359409
-0.0505455
-0.0488065
-0.0484985
-0.0522974
-0.0465824
-0.0473101
-0.0493784
-0.052323
-0.0474634
-0.0462157
-0.0508793
-0.0509356
-0.0495539
-0.0390971
-0.0495815
-0.0467424
-0.0444406
-0.0471727
-0.0448585
-0.0438657
-0.044301
-0.0450538
-0.0442778
-0.0518464
-0.0418974
-0.0417592
-0.0510067
-0.0509027
-0.0455729
-0.0496165
-0.0464651
-0.0465349
-0.0502802
-0.0490271
-0.0503318
-0.0460957
-0.0464626
-0.0513643
-0.0417197
-0.0507799
-0.0533295
-0.0422535
-0.0412333
-0.0507626
-0.0525428
-0.0459088
-0.0441967
-0.0438869
-0.0531395
-0.0511153
-0.0482601
-0.0492268
-0.0514904
-0.043261
-0.0509788
-0.0460547
-0.0534966
-0.0507143
-0.0429989
-0.0455298
-0.0534288
-0.050896
-0.0464226
-0.0480841
-0.0516026
-0.0437973
-0.0459547
-0.0528366
-0.0506061
-0.045241
-0.0515135
-0.0445529
-0.0482466
-0.0414473
-0.0497978
-0.0500396
-0.0497314
-0.0498749
-0.0465304
-0.050437
-0.0493203
-0.0455108
-0.0427324
-0.0541294
-0.0483893
-0.0503149
-0.0497066
-0.0517388
-0.0491876
-0.0466766
-0.0520706
-0.0502853
-0.0493741
-0.0502257
-0.0449554
-0.0533533
-0.0503833
-0.0503728
-0.0428434
-0.0426775
-0.0483965
-0.0521166
-0.0452721
-0.0430353
-0.0526884
-0.0532105
-0.0491421
-0.0460913
-0.0464005
-0.0460179
-0.050385
-0.0494026
-0.0514571
-0.0432828
-0.0471658
-0.046645
-0.0468088
-0.0499212
-0.0514424
-0.0456155
-0.0481708
-0.050648
-0.0487521
-0.0497902
-0.047731
-0.0479783
-0.0478286
-0.0502871
-0.0487758
-0.0501299
-0.0498594
-0.0503357
-0.0497374
-0.0482173
-0.0499531
-0.0485814
-0.0498604
-0.049395
-0.0511129
-0.0497014
-0.0504661
-0.0489375
-0.0506983
-0.0484072
-0.0487718
-0.0403511
-0.0541381
-0.0495792
-0.0491005
-0.0503063
-0.041723
-0.04995
-0.0474515
-0.0536837
-0.0504467
-0.0481984
-0.0514972
-0.0542899
-0.0492929
-0.0521001
-0.0413347
-0.0493273
-0.0477458
-0.0483829
-0.0476695
-0.0494005
-0.0472392
-0.0497199
-0.0494768
-0.0509464
-0.0494566
-0.0478391
-0.0493015
-0.0511017
-0.0498489
-0.0512865
-0.0516793
-0.0491078
-0.041436
-0.0525326
-0.051553
-0.0423534
-0.0412256
-0.049234
-0.0525667
-0.0476384
-0.0522935
-0.0492264
-0.0500089
-0.0488287
-0.0511592
-0.0481837
-0.0526411
-0.0474809
-0.0491368
-0.0493437
-0.0531482
-0.050137
-0.0493986
-0.0493868
-0.0514725
-0.0548489
-0.0473028
-0.0426376
-0.0530534
-0.041895
-0.0530973
-0.0514226
-0.0508911
-0.0417178
-0.0523093
-0.0499904
-0.0539397
-0.0484292
-0.042387
-0.0543165
-0.0402644
-0.0533896
-0.0543804
-0.0511898
-0.0425868
-0.05273
-0.0525621
-0.0392596
-0.0390081
-0.0501299
-0.0383734
-0.0477048
-0.0467242
-0.0399528
-0.0510865
-0.0401388
-0.0487972
-0.0477546
-0.0546626
-0.0384214
-0.0495027
-0.0544017
-0.0469472
-0.0521394
-0.0526479
-0.0540695
-0.0402882
-0.0496422
-0.0527962
-0.0472151
-0.0509213
-0.0526298
-0.0518487
-0.051267
-0.0489965
-0.050266
-0.0505039
-0.0502184
-0.0455729
-0.0495007
-0.049635
-0.0457205
-0.0491645
-0.0488812
-0.0508878
-0.0486634
-0.0498731
-0.0500042
-0.0497703
-0.0502606
-0.0498982
-0.0495968
-0.0505991
-0.0463309
-0.0500971
-0.0499419
-0.0450646
-0.0457639
-0.0505843
-0.049866
-0.0498731
-0.0489632
-0.0486884
-0.0480122
-0.0484242
-0.0491061
-0.0481101
-0.0498532
-0.0496814
-0.0495738
-0.0497469
-0.049663
-0.0499709
-0.0494843
-0.0469645
-0.0503469
-0.0486044
-0.0486329
-0.0485236
-0.0494241
-0.0489219
-0.0495984
-0.0498431
-0.0498453
-0.0489295
-0.0499398
-0.0490251
-0.0495173
-0.0497558
-0.0487518
-0.0497008
-0.0489364
-0.0499924
-0.0494856
-0.0490802
-0.0487294
-0.0497951
-0.0466864
-0.050476
-0.0497699
-0.0510682
-0.0498566
-0.0497232
-0.0496972
-0.0496681
-0.0499658
-0.0498566
-0.048627
-0.0498298
-0.0497704
-0.0496532
-0.0502195
-0.0498824
-0.048037
-0.0495209
-0.0482119
-0.0478562
-0.0489801
-0.0488896
-0.0484251
-0.0471414
-0.0487487
-0.050246
-0.051944
-0.046637
-0.0505162
-0.0495667
-0.0480635
-0.0497327
-0.0505769
-0.0483797
-0.0513172
-0.0479383
-0.0501187
-0.0528051
-0.0495392
-0.0500361
-0.0498227
-0.0501883
-0.0495745
-0.0492139
-0.0498363
-0.0504892
-0.0479545
-0.049153
-0.0496842
-0.0487438
-0.0503534
-0.0467512
-0.0500698
-0.0496192
-0.0498617
-0.0494714
-0.049143
-0.0502377
-0.0495598
-0.0491307
-0.0495271
-0.0496592
-0.0497198
-0.0499439
-0.0497838
-0.0502768
-0.0494059
-0.0492577
-0.0482579
-0.0500867
-0.0495361
-0.0497011
-0.0496077
-0.0495949
-0.0495644
-0.0496082
-0.050368
-0.0492793
-0.0499922
-0.0499449
-0.0500812
-0.0500407
-0.0488093
-0.0477583
-0.050657
-0.049698
-0.0502204
-0.0493813
-0.0497552
-0.049515
-0.04955
-0.0496804
-0.0498157
-0.0497477
-0.0497038
-0.0498679
-0.0496797
-0.0498883
-0.0493303
-0.0492162
-0.0497498
-0.0482529
-0.0488604
-0.0495253
-0.0497808
-0.0496264
-0.0497371
-0.0497249
-0.0499301
-0.0496499
-0.0496806
-0.0501303
-0.0499042
-0.0496986
-0.0497475
-0.0496536
-0.0497253
-0.0500068
-0.050361
-0.0496659
-0.0490689
-0.051852
-0.0484575
-0.049411
-0.0508898
-0.0510808
-0.0496696
-0.0492287
-0.0503324
-0.0499723
-0.0506172
-0.0491694
-0.0498841
-0.0497778
-0.0490407
-0.0498585
-0.0503696
-0.0495648
-0.0496963
-0.0499154
-0.0507541
-0.0484649
-0.049924
-0.050677
-0.0490564
-0.0508312
-0.0478677
-0.0495934
-0.0485733
-0.0484728
-0.0490862
-0.0479962
-0.0510141
-0.0496146
-0.048583
-0.0497711
-0.0493264
-0.0511586
-0.0496329
-0.0492612
-0.049404
-0.0484557
-0.0493928
-0.0493637
-0.0501135
-0.0487494
-0.0505043
-0.0493947
-0.0482567
-0.0491866
-0.0486766
-0.0496334
-0.0497299
-0.049743
-0.049491
-0.0497106
-0.049478
-0.0497145
-0.0503274
-0.0497566
-0.0497515
-0.0496513
-0.0498282
-0.0498774
-0.0498601
-0.0493635
-0.0498778
-0.0493753
-0.0501849
-0.0495847
-0.0494278
-0.0495836
-0.0498156
-0.0496606
-0.0501434
-0.0496367
-0.0497094
-0.0503462
-0.050328
-0.0498077
-0.0496477
-0.0495114
-0.0498076
-0.0498681
-0.0495848
-0.048206
-0.0493047
-0.0498706
-0.0493402
-0.0498874
-0.0496846
-0.0499456
-0.0488724
-0.0497915
-0.0497198
-0.0496807
-0.0499757
-0.0498549
-0.049774
-0.0495864
-0.0492286
-0.0499439
-0.0486102
-0.049393
-0.0497595
-0.049736
-0.0495399
-0.0501748
-0.049747
-0.0499382
-0.049575
-0.0501971
-0.0499254
-0.0476411
-0.0500925
-0.0501245
-0.0490161
-0.0496913
-0.0502355
-0.0497647
-0.0495925
-0.0496689
-0.0497971
-0.0497302
-0.0501445
-0.0492807
-0.0494259
-0.0497044
-0.0505088
-0.049559
-0.0505063
-0.0497578
-0.0494637
-0.0500258
-0.0486646
-0.0498745
-0.04968
-0.0492337
-0.0471554
-0.049522
-0.0499137
-0.0493065
-0.0491826
-0.0493998
-0.0492423
-0.0486879
-0.0493284
-0.0494169
-0.050364
-0.0493998
-0.0497018
-0.0491858
-0.0499918
-0.0503431
-0.0504104
-0.048612
-0.0497947
-0.0499352
-0.0495214
-0.0492067
-0.0478254
-0.0496365
-0.0464952
-0.0494243
-0.0493501
-0.0489342
-0.0496906
-0.0491292
-0.0501151
-0.0488412
-0.0521769
-0.0502691
-0.0468105
-0.0506626
-0.0482151
-0.0497502
-0.0496645
-0.050642
-0.0482811
-0.051344
-0.0527744
-0.0500516
-0.0478838
-0.0496057
-0.0501013
-0.0498719
-0.0501481
-0.0497657
-0.0498449
-0.0492518
-0.0504078
-0.0477353
-0.0485655
-0.0497026
-0.0491415
-0.0484742
-0.0485951
-0.0493255
-0.0488588
-0.0495637
-0.0497528
-0.0497534
-0.0498549
-0.0489376
-0.0488829
-0.0489559
-0.0499581
-0.0494334
-0.049005
-0.0494339
-0.0497062
-0.049594
-0.0487257
-0.0505054
-0.0468519
-0.0499771
-0.0495504
-0.0500338
-0.0493787
-0.0500769
-0.0495225
-0.0501318
-0.0488085
-0.0497081
-0.0503725
-0.050042
-0.0458722
-0.0490652
-0.0499878
-0.0490747
-0.0503361
-0.0503381
-0.0495136
-0.0499014
-0.0500676
-0.0496735
-0.0491013
-0.0501411
-0.0486423
-0.0497378
-0.0487844
-0.0490475
-0.0488414
-0.0499092
-0.0506551
-0.0467925
-0.0513103
-0.0499198
-0.0499242
-0.0497532
-0.0497348
-0.0501991
-0.0498889
-0.0496013
-0.0480315
-0.0499988
-0.0497838
-0.0498303
-0.0497864
-0.0500197
-0.0499782
-0.0487177
-0.0489997
-0.0484714
-0.0472969
-0.0482953
-0.0479816
-0.049085
-0.0469906
-0.0504258
-0.048754
-0.0535603
-0.0423853
-0.0536298
-0.0498353
-0.0500342
-0.0480752
-0.0488096
-0.0475832
-0.048295
-0.0473318
-0.0482182
-0.0499551
-0.0482453
-0.0502213
-0.0477669
-0.048444
-0.048986
-0.0476261
-0.0484501
-0.0528025
-0.0484118
-0.0474619
-0.0455559
-0.0484369
-0.0498035
-0.0519221
-0.0497911
-0.0500839
-0.0467058
-0.049808
-0.0473381
-0.0492132
-0.0448284
-0.0517735
-0.0525487
-0.0478806
-0.0492277
-0.0507975
-0.0453482
-0.0450147
-0.0519834
-0.0486839
-0.0507877
-0.0509454
-0.0534916
-0.0423097
-0.0537202
-0.046103
-0.0532103
-0.0483341
-0.0480773
-0.0522465
-0.0461121
-0.0505028
-0.0472251
-0.0513007
-0.0506385
-0.0470936
-0.0485748
-0.0497984
-0.0520358
-0.0469247
-0.0517
-0.0476315
-0.0489418
-0.0487192
-0.0523415
-0.04937
-0.0517717
-0.0475432
-0.0528602
-0.0499397
-0.0523494
-0.0493262
-0.0499527
-0.0498337
-0.0489554
-0.0490731
-0.0488891
-0.0472179
-0.0477585
-0.0486384
-0.0497163
-0.0499567
-0.0495033
-0.0484239
-0.0499258
-0.0485621
-0.0496485
-0.0499557
-0.0489201
-0.0497181
-0.0494839
-0.0498719
-0.0489803
-0.0506984
-0.0492225
-0.0482753
-0.0487614
-0.0490881
-0.0447056
-0.0525746
-0.0506023
-0.0459886
-0.0449563
-0.0466673
-0.0534827
-0.0456373
-0.0506904
-0.0475487
-0.048792
-0.0484743
-0.0484202
-0.0499586
-0.0489115
-0.0493874
-0.0485857
-0.0485502
-0.0506571
-0.0470593
-0.0480984
-0.0464155
-0.0479124
-0.0486968
-0.0520251
-0.0472149
-0.0531552
-0.05151
-0.0489318
-0.0487649
-0.050094
-0.0480778
-0.0495556
-0.0499025
-0.0491202
-0.0483517
-0.0483708
-0.0498637
-0.0495706
-0.0496439
-0.0484459
-0.0492287
-0.0497068
-0.0484882
-0.0499359
-0.0498475
-0.0490001
-0.048034
-0.048916
-0.0480933
-0.0513364
-0.0447212
-0.0490727
-0.0495944
-0.0492926
-0.0516006
-0.0506506
-0.0490349
-0.0505052
-0.0493661
-0.0490521
-0.0504785
-0.0499181
-0.0493307
-0.0502386
-0.049465
-0.0491381
-0.0491663
-0.0507719
-0.049091
-0.0458616
-0.0504752
-0.0498035
-0.0457094
-0.0497397
-0.0496583
-0.049699
-0.049491
-0.0497992
-0.0488705
-0.0496546
-0.0475472
-0.0497977
-0.0488291
-0.0495966
-0.0481182
-0.0485195
-0.0492599
-0.0493516
-0.0481777
-0.0485662
-0.0486762
-0.0511016
-0.0495399
-0.049994
-0.0436179
-0.0505909
-0.050683
-0.0454388
-0.0499414
-0.0488403
-0.0501535
-0.0488722
-0.0435113
-0.0519586
-0.0491778
-0.0500046
-0.0485927
-0.048101
-0.0457326
-0.0492101
-0.0488899
-0.050896
-0.0486407
-0.0498158
-0.0498673
-0.049944
-0.0498504
-0.0503089
-0.0495928
-0.0489507
-0.0502313
-0.0504748
-0.0502075
-0.0496192
-0.0494737
-0.0455114
-0.0458667
-0.050598
-0.050552
-0.0500328
-0.0463319
-0.0498755
-0.0450752
-0.0499172
-0.0490263
-0.0498775
-0.0484758
-0.0479945
-0.0487057
-0.0490754
-0.0481746
-0.0445462
-0.0533217
-0.0456169
-0.045257
-0.0444524
-0.0465525
-0.0435485
-0.0439842
-0.0478771
-0.0483134
-0.0489489
-0.0464123
-0.0494756
-0.0472399
-0.0476657
-0.0474643
-0.0484433
-0.0477001
-0.048013
-0.0475607
-0.0500776
-0.0486829
-0.0501595
-0.0498157
-0.0476184
-0.0497275
-0.049869
-0.0501806
-0.0498247
-0.0496844
-0.0494489
-0.0494897
-0.0500835
-0.047724
-0.05009
-0.0509344
-0.0427045
-0.0482249
-0.0536115
-0.0494192
-0.0459284
-0.0517475
-0.0473254
-0.0462816
-0.0480074
-0.0488381
-0.0548179
-0.048788
-0.0485182
-0.0436682
-0.0494824
-0.0495304
-0.0458045
-0.048539
-0.0457429
-0.0426642
-0.0458229
-0.0491011
-0.0511278
-0.0531123
-0.0424922
-0.0472378
-0.0517646
-0.0462071
-0.0478409
-0.0446718
-0.0481002
-0.048487
-0.0461502
-0.0473468
-0.0481216
-0.0459781
-0.0459727
-0.0468035
-0.0494967
-0.049401
-0.0494322
-0.0483076
-0.0484134
-0.0486869
-0.04956
-0.0491742
-0.0491703
-0.0506151
-0.0499556
-0.0395442
-0.0522893
-0.0502171
-0.0497112
-0.0514877
-0.0509087
-0.051063
-0.0391266
-0.0487648
-0.0498556
-0.0492483
-0.0467841
-0.0496138
-0.047618
-0.0511709
-0.0481585
-0.0453375
-0.0509726
-0.051603
-0.0423179
-0.0513769
-0.0516839
-0.0413247
-0.0492163
-0.0525706
-0.049964
-0.0488803
-0.0511033
-0.0525554
-0.0482866
-0.0474942
-0.0491694
-0.0532277
-0.0494099
-0.0493732
-0.0494906
-0.050231
-0.0412121
-0.049279
-0.0526161
-0.0476857
-0.0523567
-0.0491958
-0.0493955
-0.0509317
-0.0505593
-0.0496614
-0.0483616
-0.0506964
-0.0488178
-0.0487782
-0.0403949
-0.0541482
-0.0504492
-0.0483677
-0.0516924
-0.0543836
-0.0413773
-0.049315
-0.0522884
-0.049644
-0.0492145
-0.0418392
-0.0504279
-0.0475284
-0.0500212
-0.0538169
-0.0486904
-0.0438838
-0.0505631
-0.0496048
-0.0499394
-0.051272
-0.0496002
-0.0500083
-0.0484456
-0.0498935
-0.0494963
-0.0500322
-0.0498169
-0.0499279
-0.0496139
-0.0480804
-0.0490939
-0.0497612
-0.0499959
-0.0494125
-0.0495723
-0.0505805
-0.0499741
-0.0497294
-0.0495633
-0.0499191
-0.0496859
-0.049935
-0.0496891
-0.0476226
-0.0478996
-0.0478019
-0.0500268
-0.0486923
-0.050241
-0.0497582
-0.0503239
-0.0496749
-0.0482043
-0.0498752
-0.04982
-0.0486116
-0.0498408
-0.0501445
-0.0498391
-0.0497707
-0.0493055
-0.0465331
-0.0504917
-0.0455055
-0.0426769
-0.0541758
-0.0502346
-0.0494155
-0.0502144
-0.044931
-0.0504248
-0.0533314
-0.0503783
-0.0484047
-0.0502932
-0.0517675
-0.0497686
-0.0467206
-0.0521139
-0.0492294
-0.0429832
-0.0527359
-0.0427927
-0.0426104
-0.0522654
-0.0484069
-0.0452527
-0.0494205
-0.0513808
-0.0432656
-0.0466716
-0.0470572
-0.0467572
-0.0499682
-0.045605
-0.0515561
-0.0506015
-0.0481565
-0.0488011
-0.0533083
-0.04922
-0.0460765
-0.0463512
-0.0460306
-0.0503998
-0.0489054
-0.0511085
-0.0529184
-0.0424831
-0.0471837
-0.051608
-0.0461334
-0.0496769
-0.0489083
-0.0506483
-0.0491639
-0.0394733
-0.0498257
-0.0524266
-0.0500416
-0.0496377
-0.0513236
-0.0508972
-0.0508181
-0.0391424
-0.0486732
-0.0498262
-0.0467421
-0.0492384
-0.0496431
-0.0475699
-0.0511453
-0.04811
-0.0454044
-0.0509396
-0.0466726
-0.0425379
-0.046291
-0.0518095
-0.0465728
-0.043231
-0.045946
-0.0502516
-0.0511176
-0.048303
-0.0428241
-0.0496804
-0.0538322
-0.0459753
-0.0520196
-0.0473694
-0.0462655
-0.0488875
-0.0481388
-0.0551119
-0.0488921
-0.0485798
-0.0495922
-0.0437257
-0.0496405
-0.0486359
-0.0458899
-0.045778
-0.0458556
-0.0427952
-0.0478449
-0.0481768
-0.0446733
-0.0481362
-0.0459769
-0.0460457
-0.0485406
-0.0461636
-0.0474598
-0.0468394
-0.0496067
-0.0495097
-0.0495317
-0.048386
-0.0487634
-0.0485455
-0.0509875
-0.0514348
-0.0500433
-0.0472383
-0.0481815
-0.0523551
-0.0437733
-0.0442004
-0.0499604
-0.0501597
-0.0482926
-0.0483374
-0.0444084
-0.0461837
-0.0485347
-0.0415646
-0.0493678
-0.0494735
-0.0499392
-0.0488229
-0.0434877
-0.0493673
-0.0498144
-0.0483629
-0.0473231
-0.0512175
-0.0452328
-0.0433605
-0.0483368
-0.0505945
-0.0513317
-0.0434014
-0.0509063
-0.0434833
-0.0423152
-0.0423183
-0.0496744
-0.0416895
-0.0409907
-0.0491813
-0.0456987
-0.0505755
-0.0459928
-0.0497581
-0.0486941
-0.050754
-0.048635
-0.0456172
-0.0501346
-0.0490108
-0.0495211
-0.0501598
-0.0486005
-0.0483887
-0.0488479
-0.0432561
-0.0448872
-0.0480382
-0.0459221
-0.0448502
-0.0478191
-0.0456382
-0.0450542
-0.0451912
-0.0494191
-0.0492369
-0.0494525
-0.0480185
-0.0468292
-0.0476128
-0.0446378
-0.0401375
-0.048072
-0.0455824
-0.0487882
-0.0405753
-0.0468232
-0.0434531
-0.0499021
-0.0482038
-0.0408245
-0.049024
-0.0476476
-0.0459076
-0.0504932
-0.049945
-0.0495146
-0.0451566
-0.0500939
-0.0493816
-0.0478595
-0.0471905
-0.0486478
-0.0482079
-0.0432971
-0.0502627
-0.0433098
-0.0488304
-0.0459936
-0.0404314
-0.0485852
-0.0447472
-0.0512615
-0.044776
-0.0350133
-0.0526374
-0.0443171
-0.0435619
-0.0474772
-0.0476536
-0.0444057
-0.049426
-0.0449562
-0.0450441
-0.0475297
-0.0440914
-0.045147
-0.0410874
-0.0438812
-0.0466218
-0.0496773
-0.0466452
-0.0500332
-0.05004
-0.0437185
-0.0493992
-0.0464097
-0.0493127
-0.0495705
-0.0428552
-0.0493673
-0.0439312
-0.0499741
-0.0469963
-0.0457665
-0.0446552
-0.0481462
-0.0456416
-0.0456343
-0.0478492
-0.0453562
-0.0448226
-0.0453089
-0.0493583
-0.0496088
-0.0494294
-0.0481
-0.0479777
-0.0476758
-0.0497508
-0.0491739
-0.0449231
-0.04699
-0.0484599
-0.046495
-0.0494934
-0.0499389
-0.0495753
-0.0493799
-0.0444377
-0.0495
-0.0470626
-0.0471407
-0.0451442
-0.0458198
-0.0448708
-0.0416717
-0.0489096
-0.0467034
-0.0432698
-0.0424364
-0.0460636
-0.041392
-0.0451801
-0.0460255
-0.0483775
-0.0427964
-0.0459093
-0.041704
-0.0426321
-0.0404141
-0.0393133
-0.0449777
-0.0366552
-0.0324343
-0.0402858
-0.0366725
-0.0357246
-0.041267
-0.0355433
-0.0417244
-0.0313152
-0.0372449
-0.0403102
-0.00839411
-0.0235338
-0.0216151
-0.00628304
-0.0215281
-0.0353394
-0.0272724
-0.00659017
-0.00821759
-0.0331869
-0.023536
-0.0213093
-0.0209995
-0.022342
-0.0378947
-0.0289418
-0.0259262
-0.0314197
-0.00420666
-0.0169073
-0.0189646
-0.0395253
-0.0437921
-0.037858
-0.044585
-0.0405762
-0.0460826
-0.0318364
-0.0466021
-0.04896
-0.047338
-0.0483598
-0.0427302
-0.0425345
-0.0488395
-0.0392572
-0.0392856
-0.0357672
-0.0443071
-0.0403392
-0.040827
-0.0460732
-0.0426217
-0.033362
-0.0404174
-0.0404145
-0.0336559
-0.0230203
-0.0289577
-0.0403642
-0.0240324
-0.0395918
-0.0362778
-0.0287943
-0.0313629
-0.0179341
-0.0324988
-0.0410924
-0.0343613
-0.0260384
-0.0266121
-0.0423318
-0.0373591
-0.0364528
-0.0454405
-0.03255
-0.0388905
-0.0390394
-0.0437296
-0.0297688
-0.0488123
-0.0434241
-0.0418671
-0.0378461
-0.0412282
-0.0455457
-0.0403088
-0.0477755
-0.0450084
-0.0444626
-0.0376035
-0.0419566
-0.0468817
-0.0457254
-0.0436153
-0.0465781
-0.0424914
-0.0477718
-0.0358415
-0.0448379
-0.0341665
-0.0397791
-0.050108
-0.0459218
-0.0426243
-0.0376399
-0.0490064
-0.0486135
-0.03331
-0.0447644
-0.0387775
-0.0423437
-0.0347796
-0.0444862
-0.0457496
-0.0375109
-0.0311717
-0.0472891
-0.0396265
-0.0375791
-0.0205511
-0.03337
-0.0421098
-0.0424807
-0.0228196
-0.0366524
-0.0274586
-0.0294635
-0.0239161
-0.0369599
-0.0433739
-0.0284571
-0.0271237
-0.0417144
-0.0310032
-0.0276586
-0.038304
-0.0450253
-0.0354365
-0.0400707
-0.0360574
-0.0439073
-0.0311264
-0.023984
-0.0446957
-0.0364642
-0.0414729
-0.0309299
-0.0380988
-0.0415607
-0.0152593
-0.0151484
-0.0152446
-0.0221673
-0.0211619
-0.0363985
-0.0241724
-0.0157422
-0.0156048
-0.0355131
-0.0128581
-0.0297399
-0.0287692
-0.0288303
-0.0307966
-0.0284412
-0.0245046
-0.0362908
-0.00779035
-0.020716
-0.021151
-0.00452287
0.00196916
-0.00995564
-0.0180603
-0.0201863
-0.00114811
-0.0173673
-0.0119133
-0.0178534
-0.0339921
-0.0117535
-0.0294283
-0.032749
-0.0201627
-0.0186261
-0.016063
0.003138
-0.00594252
-0.0262736
0.00546353
-0.0220462
-0.0147044
-0.00173671
-0.000744115
-0.0168581
-0.0162548
-0.0335736
-0.0287623
-0.0314056
-0.0226667
-0.0184385
-0.0145106
0.00362462
-0.0148128
0.00551235
-0.0138153
-0.0286809
-0.0163866
0.00484212
-0.0286137
0.00442061
-0.0137708
-0.0135404
0.00312001
-0.0276147
-0.0162567
-0.0280624
-0.0137385
0.00418334
-0.0154695
0.00557068
0.00531315
-0.0154783
-0.00613739
-0.000439043
-0.0177375
0.00014978
-0.00642463
0.000839987
0.00320478
-0.00253238
-0.0147985
-0.0153385
-8.23323e-05
-0.00962044
0.00592176
-0.0120611
-0.0250111
-0.0136255
-0.0136169
-0.0121126
0.0061082
-0.00070746
-0.000248347
0.00540059
-0.0077545
-0.0246682
-0.0139567
-0.0126551
0.00425506
-0.0126616
-0.0282987
-0.00302069
-0.0141818
-0.0160757
-0.0168094
-0.0149568
-0.0286671
-0.0283025
-0.00776906
-0.0145796
-0.0150244
-0.0137257
-0.0285256
-0.0197364
-0.028056
-0.00290296
-0.0121506
-0.0134177
-0.0267324
-0.0115833
-0.0147972
-0.0282221
-0.00359512
-0.0110019
-0.0175275
-0.0265648
-0.0154834
-0.0205137
0.00164915
-0.00265989
-0.00147427
-0.00166899
-0.0143019
-0.0219483
0.0032283
0.00132768
-0.0138144
-0.0223391
0.000693932
-0.0149897
-0.00207375
-0.0233197
0.00217821
-0.0161359
-0.0228026
-0.000126185
0.00266906
-0.000923003
0.00306499
-0.00107981
-0.00783606
-0.00354925
-0.015641
-0.00538803
-0.00922344
-0.00124111
-0.000132188
-0.00533864
-0.0193697
-0.00524743
-0.00733684
-0.00932558
0.00527676
-0.00698541
-0.0195324
0.00280246
-0.00742989
0.00225067
0.00573788
0.000839793
-0.0021376
0.00352057
-0.00492311
-0.0212228
-0.00596648
-0.00820861
-0.000502292
0.00621296
-0.0145291
0.00360659
-0.0148357
0.00549489
-0.0138221
-0.0286843
-0.016397
0.00482662
0.00441057
-0.0286215
-0.01378
-0.0135549
0.00310023
-0.0162764
-0.0276311
0.00416564
-0.0280775
-0.0137554
-0.0154831
0.00555055
-0.0154934
0.00530033
-0.00453996
0.00194706
-0.00997468
-0.0180829
-0.0201962
-0.00116664
-0.0173851
-0.0119322
-0.0178692
-0.0339964
-0.0294388
-0.0117642
-0.0186437
-0.0327615
-0.02017
-0.0160847
0.00311935
-0.0262914
-0.00596175
-0.0220642
-0.0147231
0.00544253
-0.0168741
-0.0162774
-0.0335893
-0.028775
-0.0226849
-0.0184584
-0.0314188
-0.00175789
-0.000759702
0.00590908
-0.012071
-0.0136333
-0.0250187
0.0060864
-0.013637
-0.0121213
-0.000725321
-0.000266351
0.00538245
-0.00777385
-0.0246811
-0.0139775
-0.0126696
0.00423413
-0.0126788
-0.0061501
-0.0177527
-0.00044645
0.000131177
-0.00643781
0.000819923
0.00318641
-0.00254975
-0.0148143
-0.0153597
-9.96157e-05
-0.00963754
-0.0283123
-0.00778737
-0.0145946
-0.0150357
-0.0197468
-0.0137406
-0.0285366
-0.0283123
-0.00303493
-0.0141987
-0.0160892
-0.0149736
-0.0286809
-0.0168222
-0.0282266
-0.00362566
-0.0110132
-0.0175374
-0.0265771
-0.0154902
-0.0205253
-0.0280466
-0.00287045
-0.0121419
-0.0134245
-0.0267336
-0.0115699
-0.0147854
-0.00677097
0.00492948
-0.00615596
-0.00846664
-0.0194291
-0.00859687
-0.0134586
-0.023458
-0.0240195
-0.0364017
-0.0285734
-0.0139718
-0.0201717
-0.0370591
-0.00801289
-0.00845811
-0.00403611
-0.0234703
-0.00850384
-0.0159126
-0.0231544
0.00306416
-0.0234173
-0.00689386
-0.0337057
-0.0275979
-0.0232153
-0.0355059
-0.00507222
-0.0092786
-0.0063787
0.00523445
-0.00699333
0.00279628
-0.0195313
0.00224731
0.00570007
-0.00742923
0.00083029
-0.0021721
0.00349778
-0.00492855
-0.0212251
-0.00596672
-0.000507324
-0.00820695
0.00620796
-0.00779392
-0.0156091
-0.00349957
-0.00917757
-0.00533631
-0.00122248
-0.000103691
-0.00532657
-0.0193467
-0.00523707
-0.00929905
-0.00729559
-0.00839324
-0.0235452
-0.021618
-0.00629775
-0.0357162
-0.0412538
-0.0355255
-0.041715
-0.0402986
-0.0313011
-0.0372376
-0.0215286
-0.0353296
-0.00660416
-0.0272756
-0.033179
-0.0235443
-0.00822248
-0.021292
-0.0209927
-0.0223364
-0.0378795
-0.0289356
-0.0314084
-0.0259111
-0.0426224
-0.0404056
-0.0392971
-0.0366495
-0.0324206
-0.0449757
-0.0402761
-0.0366636
-0.004216
-0.0169159
-0.0189539
-0.0495136
-0.0405906
-0.0386669
-0.0476088
-0.0455889
-0.047339
-0.0486023
-0.0477296
-0.0464198
-0.0446431
-0.0431008
-0.0477783
-0.0425531
-0.0468806
-0.0336544
-0.0230256
-0.0403593
-0.0289526
-0.0395835
-0.0362795
-0.0240349
-0.0287923
-0.0179309
-0.031363
-0.0324912
-0.0410902
-0.0343511
-0.0260261
-0.0423244
-0.0266129
-0.0373499
-0.0364506
-0.0454457
-0.0388898
-0.0325532
-0.0297665
-0.0437293
-0.0390417
-0.0395296
-0.0437951
-0.0318303
-0.0378608
-0.0445869
-0.0405795
-0.0460854
-0.0392579
-0.0392828
-0.0357607
-0.0443057
-0.0403375
-0.0466022
-0.0489526
-0.0473414
-0.0483516
-0.0427281
-0.0488383
-0.0425365
-0.0408271
-0.0460736
-0.0333567
-0.0426229
-0.0404112
-0.0404162
-0.0488722
-0.043459
-0.0378533
-0.0419313
-0.0403564
-0.0412915
-0.045606
-0.0478373
-0.0450539
-0.0444954
-0.0376132
-0.0469543
-0.0457678
-0.0419951
-0.0375725
-0.0205338
-0.0421121
-0.0333558
-0.0366529
-0.0424933
-0.0228134
-0.0274495
-0.0294515
-0.023904
-0.0369575
-0.0433846
-0.0284489
-0.027108
-0.0417352
-0.0309867
-0.027662
-0.0382876
-0.0450137
-0.0400517
-0.0354164
-0.0439047
-0.0360388
-0.031104
-0.0436426
-0.0466194
-0.0341315
-0.0424608
-0.0477993
-0.0357637
-0.0448153
-0.0332761
-0.0447817
-0.038772
-0.042349
-0.034752
-0.0397597
-0.0501517
-0.045954
-0.0426527
-0.0490376
-0.048631
-0.0376171
-0.0444863
-0.0457145
-0.0311212
-0.0374438
-0.0395868
-0.0472786
-0.0426532
-0.0359298
-0.0397234
-0.0355078
-0.0383522
-0.0391437
-0.0359187
-0.0393857
-0.00776063
-0.0207005
-0.0211363
-0.0428921
-0.0441538
-0.0486467
-0.0488906
-0.0507565
-0.0432585
-0.044262
-0.0523448
-0.0437688
-0.0499424
-0.0441881
-0.048281
-0.0501627
-0.048322
-0.0444112
-0.0461779
-0.0485262
-0.0493631
-0.0415684
-0.0494783
-0.0499267
-0.0488186
-0.0493513
-0.0434744
-0.049803
-0.0473049
-0.0483584
-0.0512093
-0.0433449
-0.0452255
-0.0446279
-0.0401466
-0.0480688
-0.0455807
-0.0487823
-0.0405786
-0.0468175
-0.0434464
-0.0481904
-0.0498828
-0.0408225
-0.0490078
-0.0458996
-0.0476436
-0.0471787
-0.0486445
-0.0482144
-0.0502523
-0.0432942
-0.0433043
-0.0504711
-0.0499298
-0.0494918
-0.0451497
-0.0500685
-0.0493656
-0.0478584
-0.0488148
-0.0459866
-0.0404335
-0.0488391
-0.0432448
-0.0448863
-0.0480224
-0.0459054
-0.044833
-0.0478018
-0.0456195
-0.0450409
-0.0451768
-0.0493993
-0.0492171
-0.049432
-0.0480004
-0.046813
-0.047599
-0.0436309
-0.0475223
-0.0477013
-0.0494684
-0.0444623
-0.0450043
-0.0450842
-0.0475786
-0.0441411
-0.0451922
-0.0411218
-0.0439592
-0.0466637
-0.0497222
-0.0500698
-0.0466899
-0.0494397
-0.0500804
-0.0437718
-0.0464648
-0.0493463
-0.0496106
-0.0429178
-0.0494029
-0.0500178
-0.0440018
-0.0468867
-0.0479976
-0.049652
-0.0443241
-0.0501451
-0.0356135
-0.0490216
-0.0484585
-0.0518987
-0.0510366
-0.0380498
-0.0510433
-0.0493572
-0.0500239
-0.0499241
-0.0495296
-0.0464213
-0.0498448
-0.0495684
-0.0477219
-0.0452319
-0.0450823
-0.0483233
-0.048625
-0.0448078
-0.0513035
-0.0350721
-0.0448235
-0.0443797
-0.052693
-0.0497842
-0.044984
-0.0492073
-0.0470446
-0.0484891
-0.0495351
-0.046543
-0.0451985
-0.0458059
-0.0448688
-0.0467291
-0.0489393
-0.0416829
-0.0499635
-0.0496046
-0.0494196
-0.0444537
-0.0495357
-0.0471539
-0.0470992
-0.0433196
-0.0460868
-0.0424594
-0.0414234
-0.0451907
-0.0460639
-0.0484281
-0.0428394
-0.0459508
-0.0417139
-0.0470427
-0.045823
-0.0447076
-0.0481938
-0.0457032
-0.0456954
-0.0479051
-0.0454159
-0.0448702
-0.0453673
-0.0493989
-0.0496506
-0.0494694
-0.0481521
-0.0480302
-0.0477235
-0.0444472
-0.04526
-0.0465481
-0.0435508
-0.0439817
-0.046617
-0.0425033
-0.0463306
-0.0465417
-0.051715
-0.0459343
-0.0432923
-0.0478987
-0.0483398
-0.0489861
-0.0495273
-0.0464302
-0.0472712
-0.0476697
-0.0474605
-0.0484408
-0.0477083
-0.048047
-0.0475714
-0.0500858
-0.0486984
-0.0498249
-0.0501678
-0.0497286
-0.0498938
-0.0476322
-0.0501978
-0.0498624
-0.0497447
-0.0495078
-0.05013
-0.0477594
-0.049521
-0.0478027
-0.0446427
-0.0480925
-0.0484857
-0.0461359
-0.0473557
-0.0481274
-0.0459731
-0.0459914
-0.0468137
-0.0495269
-0.0493979
-0.0494398
-0.0482968
-0.0484177
-0.0486985
-0.0496498
-0.0490946
-0.0492077
-0.0506092
-0.0500306
-0.0523123
-0.039566
-0.0487669
-0.0498253
-0.0492721
-0.0467841
-0.0495941
-0.0476413
-0.0511576
-0.0502547
-0.04972
-0.051531
-0.0509315
-0.0510898
-0.0391295
-0.0482017
-0.0453611
-0.0509906
-0.0491382
-0.0511716
-0.0531586
-0.0425038
-0.0472788
-0.0518015
-0.0462353
-0.0494354
-0.0479055
-0.0477696
-0.048489
-0.0473839
-0.0499103
-0.0494304
-0.0495309
-0.0509297
-0.049512
-0.047951
-0.0499898
-0.0494039
-0.0510851
-0.0516272
-0.0423026
-0.0517287
-0.0413285
-0.0492421
-0.0525881
-0.0514062
-0.0475331
-0.0492139
-0.0532401
-0.0494343
-0.0495159
-0.0493802
-0.0502653
-0.049964
-0.048771
-0.0511465
-0.0525541
-0.048282
-0.0412307
-0.0492911
-0.0477192
-0.0526503
-0.0492169
-0.0523759
-0.0493521
-0.0508635
-0.0496419
-0.050528
-0.0507353
-0.0488025
-0.0483078
-0.0487816
-0.0403885
-0.0541735
-0.0504912
-0.0482191
-0.0515999
-0.0543428
-0.0493343
-0.0522577
-0.0413366
-0.0496387
-0.0491814
-0.0504212
-0.0417889
-0.0500195
-0.0474649
-0.0538166
-0.04865
-0.0438595
-0.0505598
-0.049573
-0.0495779
-0.0512229
-0.0498908
-0.0500071
-0.0484395
-0.0499059
-0.0494919
-0.049815
-0.05003
-0.0499032
-0.0496356
-0.0481345
-0.0491177
-0.0497818
-0.0495872
-0.0494526
-0.0500358
-0.0506025
-0.049976
-0.0497388
-0.0495371
-0.0496835
-0.0499746
-0.0498881
-0.0496791
-0.0476102
-0.0477836
-0.047898
-0.0502405
-0.050012
-0.0486862
-0.0497407
-0.0502935
-0.0496827
-0.0482266
-0.0498609
-0.0486366
-0.0498247
-0.0498624
-0.0501474
-0.0497975
-0.0498605
-0.0505103
-0.049319
-0.0465609
-0.0454933
-0.0541222
-0.042668
-0.0502548
-0.0492637
-0.0502405
-0.0449024
-0.050373
-0.0503214
-0.0533524
-0.0483774
-0.050258
-0.0496896
-0.0517129
-0.0491572
-0.0520508
-0.0466928
-0.0429756
-0.0527012
-0.0426169
-0.0522345
-0.0483842
-0.0452378
-0.0427765
-0.0467433
-0.0499387
-0.0455948
-0.0515185
-0.0505643
-0.0481235
-0.0487741
-0.0494243
-0.0513248
-0.0432699
-0.0466707
-0.047043
-0.0532729
-0.0491793
-0.0463694
-0.0460515
-0.0503771
-0.0460061
-0.0497662
-0.0489213
-0.0490438
-0.050622
-0.0498911
-0.0395203
-0.0524472
-0.0500148
-0.0496407
-0.0513156
-0.0391591
-0.0508713
-0.0508291
-0.0486554
-0.0498011
-0.0492595
-0.0467686
-0.0495997
-0.0511345
-0.0476023
-0.0481494
-0.0509561
-0.0454402
-0.0477483
-0.0488179
-0.0482558
-0.0493714
-0.0470717
-0.0463344
-0.0475117
-0.0478593
-0.0473728
-0.0474123
-0.0473567
-0.0482549
-0.0499929
-0.0495474
-0.0492968
-0.0492523
-0.049852
-0.0492202
-0.0474777
-0.0498746
-0.0485954
-0.0496548
-0.0500812
-0.0496709
-0.0494911
-0.0475307
-0.0489397
-0.0511016
-0.0528965
-0.0471804
-0.0424912
-0.0461285
-0.0515876
-0.0502434
-0.0482568
-0.0511007
-0.0428382
-0.0496467
-0.0459721
-0.0538156
-0.0488931
-0.048586
-0.0495809
-0.0437718
-0.0496018
-0.0459037
-0.0486633
-0.0519758
-0.0474011
-0.0462983
-0.0550661
-0.0488658
-0.0481281
-0.0458116
-0.04281
-0.0458928
-0.047802
-0.0481803
-0.0446534
-0.0481586
-0.0460165
-0.0460941
-0.0485661
-0.0461942
-0.0474934
-0.046875
-0.0496317
-0.0495048
-0.0495195
-0.0483938
-0.0487861
-0.0485524
-0.0466655
-0.0425696
-0.0462904
-0.0517952
-0.0465839
-0.0432288
-0.04594
-0.0484091
-0.049737
-0.0518581
-0.0496461
-0.0466284
-0.0500663
-0.0497551
-0.0527963
-0.0484756
-0.0456009
-0.0474708
-0.0473363
-0.0491905
-0.0517631
-0.0448426
-0.0478914
-0.0492211
-0.052537
-0.0507635
-0.0453583
-0.0450353
-0.0518985
-0.0487157
-0.0507523
-0.0509952
-0.053448
-0.0423323
-0.0536859
-0.0488914
-0.0472035
-0.0477404
-0.0486455
-0.0497154
-0.0499388
-0.0495317
-0.048422
-0.0496532
-0.0499145
-0.0485703
-0.0499314
-0.0488803
-0.0494961
-0.0497324
-0.0506509
-0.049878
-0.0489735
-0.0492455
-0.0483013
-0.049114
-0.0487858
-0.0446912
-0.0505948
-0.0525316
-0.0459864
-0.0449436
-0.0466588
-0.0534376
-0.0456046
-0.0506698
-0.0475277
-0.0487727
-0.0484496
-0.0484307
-0.0499619
-0.0493939
-0.0489411
-0.0506582
-0.0486092
-0.0485638
-0.0470647
-0.0480988
-0.0464063
-0.0478802
-0.0486957
-0.0519949
-0.0514958
-0.0472082
-0.053128
-0.0513389
-0.0447444
-0.0490954
-0.0495812
-0.0493184
-0.0515673
-0.0490521
-0.050628
-0.0505058
-0.0493783
-0.0504699
-0.0490558
-0.0493301
-0.0502441
-0.0499117
-0.0494363
-0.049149
-0.0507771
-0.0490803
-0.0504876
-0.0489467
-0.0458314
-0.0497446
-0.0496728
-0.0497085
-0.0494912
-0.0498059
-0.0496545
-0.0488754
-0.0498015
-0.0457214
-0.0475758
-0.0498139
-0.0496164
-0.0488647
-0.0485512
-0.0492951
-0.0481395
-0.0493759
-0.0482131
-0.048589
-0.0486882
-0.0511225
-0.0495724
-0.0500053
-0.050623
-0.0436424
-0.0506639
-0.0499237
-0.0454393
-0.0501427
-0.048833
-0.048892
-0.0435547
-0.0519725
-0.049186
-0.050038
-0.0481221
-0.0486007
-0.0499214
-0.0490329
-0.0498873
-0.0480088
-0.0484792
-0.0487171
-0.049066
-0.0481713
-0.0445513
-0.0533638
-0.0456564
-0.0510259
-0.0500303
-0.0481954
-0.0471892
-0.051455
-0.0499118
-0.0484709
-0.0539355
-0.0542676
-0.0403744
-0.042382
-0.0545555
-0.0513494
-0.052824
-0.0425236
-0.0533569
-0.0526339
-0.0392292
-0.039915
-0.0510742
-0.0401086
-0.047761
-0.0487262
-0.0389936
-0.0501206
-0.0383547
-0.0467506
-0.0476808
-0.0541626
-0.0403104
-0.052901
-0.0497062
-0.0526879
-0.0510401
-0.0471935
-0.0547826
-0.0383649
-0.0495398
-0.0544294
-0.0522478
-0.0469505
-0.0527081
-0.0486756
-0.0532089
-0.0524293
-0.0432778
-0.0533525
-0.0422611
-0.0481753
-0.0541432
-0.0544816
-0.0442679
-0.0434707
-0.0511967
-0.0518068
-0.0514155
-0.0547882
-0.0473163
-0.0424576
-0.0529713
-0.0418177
-0.0531207
-0.0513525
-0.051153
-0.0418965
-0.0526071
-0.0466636
-0.0502398
-0.0482044
-0.042894
-0.0501781
-0.0434229
-0.0528168
-0.0482967
-0.0540315
-0.0509597
-0.0485888
-0.047805
-0.049727
-0.0481279
-0.0499143
-0.0497415
-0.0438981
-0.0480564
-0.0483886
-0.0480415
-0.050071
-0.0482618
-0.0522938
-0.0502463
-0.0512542
-0.0492364
-0.0465443
-0.0508315
-0.0479488
-0.0503533
-0.0413752
-0.0490733
-0.0491954
-0.0468612
-0.0473461
-0.0419568
-0.0462467
-0.0465748
-0.0500892
-0.0493469
-0.0485004
-0.0481542
-0.0500502
-0.0499133
-0.0465575
-0.048193
-0.0488323
-0.0495877
-0.0414612
-0.0409493
-0.0478033
-0.0504266
-0.0492218
-0.0501049
-0.0479842
-0.0475139
-0.0496038
-0.0497043
-0.047162
-0.0500451
-0.0414546
-0.0420586
-0.0463198
-0.0511222
-0.0480701
-0.0479469
-0.0497844
-0.0491849
-0.0514439
-0.0502317
-0.0498533
-0.0494659
-0.0511295
-0.0495415
-0.049757
-0.0496081
-0.0464507
-0.0496247
-0.0499921
-0.0506617
-0.0508557
-0.0493547
-0.0507066
-0.052303
-0.0517004
-0.0502242
-0.0494447
-0.051272
-0.0463831
-0.0470792
-0.0519318
-0.0497787
-0.0486137
-0.0483756
-0.0399764
-0.0499261
-0.041025
-0.0479929
-0.0468126
-0.0469094
-0.0496114
-0.0466651
-0.0497456
-0.0438784
-0.0488414
-0.0505493
-0.0417363
-0.0460253
-0.048411
-0.051947
-0.0492772
-0.0489016
-0.0469403
-0.0513937
-0.0509051
-0.0459809
-0.0491734
-0.0493113
-0.0506488
-0.0494859
-0.049772
-0.0501661
-0.0500075
-0.0501996
-0.0495346
-0.0414059
-0.0518494
-0.0417257
-0.0418369
-0.0509261
-0.0455154
-0.0509746
-0.0496288
-0.0464333
-0.0463272
-0.0502695
-0.0489565
-0.050312
-0.0439091
-0.0531573
-0.0510651
-0.046112
-0.0536245
-0.0508408
-0.043074
-0.0511814
-0.0482422
-0.0492944
-0.0432977
-0.0515585
-0.0459632
-0.0528546
-0.0452346
-0.0506713
-0.0482735
-0.0445575
-0.0516095
-0.0455284
-0.0535058
-0.0509088
-0.0464218
-0.0516858
-0.0437813
-0.0481511
-0.0505091
-0.047326
-0.0516037
-0.042983
-0.0506897
-0.0529381
-0.0411965
-0.0433361
-0.0467227
-0.0489189
-0.0391617
-0.0441721
-0.0452406
-0.0466554
-0.0441025
-0.0436525
-0.0444076
-0.0478267
-0.0436513
-0.0440686
-0.0435409
-0.0421762
-0.0468353
-0.0497159
-0.0443324
-0.0478918
-0.0489875
-0.0501556
-0.0355955
-0.0499721
-0.0498834
-0.0494851
-0.0463966
-0.0498159
-0.047688
-0.0495261
-0.0485337
-0.0519115
-0.0510029
-0.0510241
-0.0381244
-0.0494022
-0.0451376
-0.0482565
-0.0450145
-0.0497599
-0.0493026
-0.0470964
-0.0449514
-0.0466635
-0.0484939
-0.049433
-0.050014
-0.0496337
-0.0494105
-0.0445346
-0.0495496
-0.0471719
-0.0472617
-0.0454462
-0.045992
-0.0449905
-0.0490509
-0.0468902
-0.0418788
-0.0435038
-0.0426329
-0.0462847
-0.0485343
-0.0448377
-0.0512164
-0.0447289
-0.0350475
-0.052664
-0.0443379
-0.0414478
-0.0454239
-0.0461538
-0.0429867
-0.0483905
-0.0418723
-0.046
-0.0436178
-0.0474838
-0.0476634
-0.0494525
-0.0445203
-0.0451126
-0.044991
-0.0475456
-0.0439956
-0.0450985
-0.0412064
-0.0439055
-0.0466019
-0.0496945
-0.0500387
-0.0466308
-0.0494413
-0.0436822
-0.0500386
-0.0463869
-0.0493395
-0.0495172
-0.0428829
-0.0493777
-0.0440225
-0.0499116
-0.0497771
-0.0519269
-0.0365841
-0.0522238
-0.0506322
-0.0489828
-0.0345355
-0.0358878
-0.0506801
-0.0484151
-0.0488256
-0.0465526
-0.0523222
-0.0472272
-0.0493433
-0.0474558
-0.0522492
-0.0508971
-0.0508626
-0.0460852
-0.0499238
-0.0451392
-0.0499059
-0.0479763
-0.0515869
-0.0500799
-0.051253
-0.0404031
-0.0509166
-0.0506717
-0.0501012
-0.0469203
-0.0498317
-0.0504418
-0.0498099
-0.0513568
-0.0495512
-0.0518608
-0.0379204
-0.0550093
-0.0504239
-0.0456236
-0.0482427
-0.0497913
-0.0471167
-0.0492864
-0.0499674
-0.0498684
-0.0399241
-0.0499834
-0.0440669
-0.0470237
-0.0467565
-0.0466968
-0.0472533
-0.0438438
-0.049637
-0.0497954
-0.0477377
-0.0506563
-0.0516889
-0.0501133
-0.0469069
-0.0502027
-0.0403105
-0.0498431
-0.0488342
-0.0498136
-0.0487448
-0.0504634
-0.0494207
-0.0520614
-0.048589
-0.0500545
-0.0503454
-0.0493704
-0.0501012
-0.0500223
-0.0464193
-0.0502558
-0.0496056
-0.0491146
-0.0495078
-0.0496647
-0.0500974
-0.0467581
-0.049661
-0.0519799
-0.0515568
-0.0494258
-0.0476298
-0.0495735
-0.0419603
-0.0499118
-0.0488673
-0.0473123
-0.0495069
-0.0522703
-0.0493099
-0.0498328
-0.0495274
-0.048757
-0.0509256
-0.0485528
-0.0552728
-0.0489941
-0.0462507
-0.0528971
-0.0523085
-0.0480482
-0.0402099
-0.0471712
-0.0519884
-0.046113
-0.0500174
-0.0457399
-0.0420462
-0.0492664
-0.0460989
-0.0437059
-0.0445844
-0.0505135
-0.0504128
-0.0478852
-0.051351
-0.0413705
-0.0526286
-0.045613
-0.0520965
-0.0504841
-0.0451488
-0.045618
-0.0505713
-0.0520564
-0.0408482
-0.0418258
-0.0530412
-0.0427617
-0.0522042
-0.046229
-0.0508633
-0.0422569
-0.0499911
-0.0427529
-0.0461702
-0.0460148
-0.0500082
-0.0491483
-0.0494835
-0.0495309
-0.0501952
-0.0510587
-0.049727
-0.0459747
-0.0488759
-0.0432843
-0.0449019
-0.0480148
-0.04587
-0.0448192
-0.0477416
-0.0455333
-0.0449927
-0.0452307
-0.0494477
-0.0492949
-0.049408
-0.0480048
-0.0468828
-0.0476259
-0.0433742
-0.0497753
-0.0408085
-0.0483521
-0.0476224
-0.0489677
-0.0459111
-0.0504279
-0.0498797
-0.0494551
-0.0452389
-0.0499848
-0.0494448
-0.0478169
-0.0471013
-0.0484443
-0.0481745
-0.0433214
-0.043199
-0.0500974
-0.0487356
-0.0459844
-0.0403461
-0.0430131
-0.0441975
-0.0487504
-0.0508411
-0.0489202
-0.0443481
-0.0432943
-0.0484634
-0.0506684
-0.0514115
-0.0510338
-0.0434699
-0.0435512
-0.0423589
-0.0423055
-0.0496638
-0.0417928
-0.0410485
-0.0491763
-0.0457979
-0.0506472
-0.0497987
-0.0460309
-0.0507778
-0.0487342
-0.048745
-0.0457405
-0.0501703
-0.0489845
-0.0495873
-0.0486751
-0.04844
-0.050145
-0.0447705
-0.0401454
-0.0481641
-0.0487643
-0.0456456
-0.0468237
-0.040668
-0.0477335
-0.0439351
-0.0436054
-0.0420515
-0.0433837
-0.036638
-0.0364702
-0.0423737
-0.0465566
-0.0412602
-0.0455415
-0.0419005
-0.0424373
-0.0455116
-0.0427511
-0.0448243
-0.0419728
-0.0414251
-0.0365695
-0.0414421
-0.046072
-0.0362337
-0.0461471
-0.041306
-0.0412764
-0.0360268
-0.0457181
-0.040591
-0.045083
-0.0411474
-0.0361422
-0.0174483
-0.0310424
-0.0179253
-0.00377257
-0.0194189
-0.018229
-0.0237915
-0.0334889
-0.0226803
-0.024901
-0.00788999
-0.0334829
-0.0268338
-0.0275111
-0.033945
-0.0252324
-0.0248817
-0.0301356
-0.0205012
-0.0206556
-0.0182165
-0.018446
-0.031872
-0.0373578
-0.0155313
-0.0287519
-0.0202049
-0.0179937
-0.0162529
-0.00969022
-0.0287954
-0.0288921
-0.023663
-0.0185908
-0.00954351
-0.0425851
-0.0479526
-0.0358958
-0.0449352
-0.0437148
-0.0464945
-0.0340017
-0.0398356
-0.0501215
-0.042796
-0.0460138
-0.0486909
-0.0377334
-0.0490038
-0.0445137
-0.045806
-0.0375794
-0.0311378
-0.0473475
-0.0395615
-0.0333518
-0.044646
-0.0387462
-0.0423227
-0.0346427
-0.0487557
-0.0433532
-0.0419296
-0.0377978
-0.0455308
-0.0402621
-0.0411673
-0.047713
-0.0449457
-0.0375806
-0.0443198
-0.045662
-0.0468087
-0.0418851
-0.0272462
-0.0235906
-0.0292601
-0.0374175
-0.0203712
-0.0420636
-0.0331966
-0.042411
-0.0365643
-0.0225308
-0.0381947
-0.0450636
-0.0400181
-0.0352918
-0.0309552
-0.043931
-0.0359419
-0.0367761
-0.0432459
-0.026862
-0.0282812
-0.0308198
-0.0416263
-0.0273338
-0.0495045
-0.0406473
-0.0476396
-0.0387723
-0.0474066
-0.045609
-0.0486718
-0.0477876
-0.0465722
-0.0432532
-0.0448589
-0.0426652
-0.0470204
-0.0480048
-0.0378561
-0.0445324
-0.040629
-0.0461513
-0.0395846
-0.0438926
-0.0321484
-0.0465446
-0.048922
-0.0483535
-0.0474385
-0.0425608
-0.0487554
-0.0428021
-0.0408737
-0.046122
-0.0425945
-0.0334645
-0.0405048
-0.0406571
-0.0393662
-0.0393381
-0.0359059
-0.0444315
-0.0405616
-0.0291235
-0.0317123
-0.0182484
-0.0338221
-0.0231479
-0.0401715
-0.029105
-0.0397733
-0.0363204
-0.0243416
-0.0367358
-0.0455585
-0.0389899
-0.0328206
-0.0438451
-0.0394708
-0.0300117
-0.0327789
-0.0406274
-0.0261229
-0.0344905
-0.0373427
-0.0421612
-0.027003
-0.0373156
-0.0334985
-0.0276408
-0.0269469
-0.0340458
-0.0250455
-0.0254074
-0.0301732
-0.0207332
-0.0205866
-0.0318494
-0.0186851
-0.0185112
-0.0156182
-0.0288264
-0.0202729
-0.0164887
-0.0182364
-0.00977972
-0.028989
-0.0289829
-0.0187968
-0.0239035
-0.00964473
-0.034193
-0.0175298
-0.0311016
-0.0180125
-0.0196493
-0.0184767
-0.00387129
-0.023984
-0.0335905
-0.02296
-0.0251047
-0.0080191
-0.0321294
-0.00645174
-0.0213522
-0.021353
-0.0197002
-0.033437
-0.0185354
-0.000968347
-0.0130665
-0.000318576
-2.91253e-05
-0.0127873
0.000892597
0.00580669
-0.00752935
0.0042898
-0.0111501
-0.000773215
-0.000116332
-0.0127366
-0.000764734
-0.0127315
-0.000873176
-0.0089707
-0.00684662
0.00102038
-0.00592934
-0.0166898
-0.0208816
-0.0314419
-0.00803208
-0.0177825
-0.0174379
-0.00521038
-0.00383486
-0.00777403
-0.00485875
-0.00749019
-0.0239023
-0.0304615
-0.0196188
-0.0211502
-0.00721779
-0.0160433
0.000944082
-0.0115597
0.000285657
-0.0120989
0.000366661
0.00185395
0.00530401
-0.00556286
0.00309794
-0.00619844
0.000962446
0.000453486
-0.0118987
-0.0120351
0.0011191
-0.0281752
-0.00303338
-0.0136464
-0.0122532
-0.0117288
-0.0148743
-0.0269174
-0.0284569
-0.00377658
-0.017736
-0.0111683
-0.0207265
-0.0267822
-0.0156757
-0.0281249
-0.00276105
-0.0158011
-0.0139784
-0.0284576
-0.0165661
-0.0148007
-0.0279533
-0.00744027
-0.0146438
-0.0142748
-0.0282139
-0.019355
-0.0133593
-0.00876288
-0.000702447
-0.00659745
0.00110147
-0.00584738
-0.0166196
-0.0313128
-0.0208122
-0.0176473
-0.0174711
-0.00791052
-0.0049976
-0.00372766
-0.00725903
-0.0237576
-0.0302688
-0.0194503
-0.0208544
-0.0157984
-0.00702551
-0.00768445
-0.00469432
0.00123274
-0.0112695
0.000604396
0.000612275
-0.0117875
0.00212777
0.00543751
-0.00530667
-0.00597391
0.00330218
0.00131943
0.000830388
-0.0115212
-0.011677
0.00144484
0.00331883
-0.0119069
-0.00863796
0.00425043
-0.00637808
-0.0186994
-0.0195624
-0.0314849
-0.0190365
-0.00552539
-0.0182153
-0.00429659
-0.00449922
-0.00793728
-0.00709771
-0.00584041
-0.0208709
-0.030264
-0.0153794
-0.0163856
-0.0171858
-0.00794196
-0.000631118
-0.0127648
6.60907e-06
-0.012447
0.000245184
0.00133768
0.0061624
-0.00717431
-0.0107486
0.00460454
-0.000372201
0.000284272
-0.0123498
-0.0123453
-0.000367829
-0.0121039
0.0031795
0.00410043
-0.00882734
-0.00456981
-0.00471071
-0.00654145
-0.0188228
-0.0315829
-0.0197076
-0.00570278
-0.0183584
-0.019159
-0.0061105
-0.0211267
-0.0157179
-0.0305839
-0.00814165
-0.0174207
-0.0166848
-0.0080413
-0.00732425
-0.0321333
-0.00645625
-0.0213605
-0.0213559
-0.0197048
-0.0185355
-0.0334423
0.000934919
0.000275057
-0.0115647
-0.0121059
0.000360306
0.00184546
0.00529426
-0.0055674
0.00308987
-0.00620513
0.00095562
0.000445184
-0.0119013
0.00111058
-0.0120383
-0.00897401
-0.00087511
-0.00684738
0.00101489
-0.00592178
-0.0166763
-0.0314211
-0.0208732
-0.0177754
-0.0174263
-0.0080216
-0.00520758
-0.00382927
-0.00748918
-0.0239041
-0.0304671
-0.0196122
-0.0211503
-0.00721793
-0.0160378
-0.0077716
-0.00485611
-0.0284559
-0.00378088
-0.0177364
-0.0111649
-0.0156759
-0.0207296
-0.0267786
-0.0281671
-0.00302777
-0.0136413
-0.0122489
-0.0148676
-0.0269117
-0.0117232
-0.027967
-0.00750785
-0.0146534
-0.0142766
-0.0282226
-0.0193809
-0.0133761
-0.0281173
-0.00272334
-0.0157942
-0.0139588
-0.0284544
-0.0165509
-0.0147711
0.00118565
-0.0112834
0.000553739
-0.011805
0.000590485
0.00208402
0.00539442
-0.00531807
-0.00598642
0.00329524
0.00126261
0.000772563
-0.0115379
-0.0116928
0.0014014
-0.0320038
-0.00627955
-0.0212561
-0.0212667
-0.0333222
-0.0183919
-0.019585
-0.00875575
-0.000676335
0.00112561
-0.00657775
-0.00499451
-0.00369739
-0.00583037
-0.0166116
-0.0313188
-0.0208104
-0.0174666
-0.0176438
-0.00789732
-0.00723062
-0.0237562
-0.0194463
-0.0302701
-0.0157932
-0.00701013
-0.0208481
-0.00767807
-0.0046756
-0.000682464
-4.7136e-05
-0.0127762
-0.0124714
0.000226409
0.00127554
0.00608164
-0.00719882
-0.0108071
0.00458603
-0.000422124
0.000226824
-0.0123676
-0.0123622
-0.000409338
-0.011891
0.00335223
-0.00861395
0.00427654
-0.00636847
-0.0186924
-0.0315039
-0.0195604
-0.0182101
-0.0190407
-0.00551959
-0.00427652
-0.00446966
-0.00582087
-0.0208749
-0.0302599
-0.0153851
-0.0171773
-0.0163905
-0.0079282
-0.00792979
-0.00708586
-0.0334874
-0.0268361
-0.0275165
-0.0252353
-0.0339497
-0.0248958
-0.0301341
-0.0205114
-0.0206586
-0.0182337
-0.0318761
-0.0184544
-0.0341612
-0.0366467
-0.0364791
-0.0423826
-0.0465688
-0.041264
-0.0455496
-0.041914
-0.0424446
-0.0455137
-0.042766
-0.0448287
-0.0419797
-0.0414319
-0.0365765
-0.0460786
-0.0414478
-0.0461538
-0.0413127
-0.0362408
-0.041285
-0.036038
-0.045727
-0.040603
-0.0411566
-0.0361542
-0.0450901
-0.0155282
-0.0201997
-0.0287376
-0.00969007
-0.0179991
-0.0162498
-0.00954657
-0.0287913
-0.0288705
-0.0236605
-0.0185731
-0.0373693
-0.0374868
-0.0204102
-0.0421568
-0.0332323
-0.0226023
-0.0365983
-0.0425025
-0.0273565
-0.0236315
-0.0292746
-0.038227
-0.0449162
-0.0399892
-0.0352207
-0.0438286
-0.0309396
-0.0358263
-0.0369668
-0.0435374
-0.0284128
-0.0270441
-0.0275042
-0.0421997
-0.0309333
-0.0425841
-0.0359029
-0.0479513
-0.0449333
-0.0340181
-0.0437403
-0.0465241
-0.0444896
-0.0457692
-0.0375835
-0.0311136
-0.0473323
-0.039529
-0.0398291
-0.0501119
-0.0427999
-0.0460122
-0.0486913
-0.0489811
-0.0377434
-0.0333744
-0.0448373
-0.0388312
-0.0347254
-0.0423556
-0.0488357
-0.0434226
-0.0419685
-0.0379012
-0.0403355
-0.0455784
-0.0412685
-0.0478064
-0.0452914
-0.0443975
-0.0376854
-0.0470826
-0.0457107
-0.0419945
-0.0337954
-0.0231267
-0.0401563
-0.0290735
-0.0363063
-0.0397464
-0.0243118
-0.0290892
-0.0316728
-0.0182187
-0.0367073
-0.0455389
-0.0389723
-0.0327928
-0.0438246
-0.0394414
-0.0299838
-0.0327429
-0.0405954
-0.0344511
-0.0260753
-0.042127
-0.0373038
-0.0269651
-0.0494977
-0.040634
-0.0476349
-0.038749
-0.0486588
-0.0456146
-0.0473912
-0.0477757
-0.0465462
-0.0448241
-0.0432218
-0.0479839
-0.0469973
-0.0426387
-0.037822
-0.0405949
-0.0444961
-0.0461117
-0.0321042
-0.039558
-0.0438694
-0.0408411
-0.0460983
-0.0425735
-0.033433
-0.0404748
-0.0406216
-0.0465305
-0.0489193
-0.0483553
-0.0474146
-0.0487421
-0.0427892
-0.0425403
-0.039349
-0.039316
-0.0358657
-0.0405315
-0.0444071
-0.0156169
-0.0288179
-0.0202682
-0.0182351
-0.0164842
-0.00977242
-0.0289546
-0.0289603
-0.0238896
-0.0187725
-0.00964128
-0.0364276
-0.0364046
-0.0422162
-0.0453208
-0.0425437
-0.0417031
-0.0446175
-0.0421022
-0.0463124
-0.0410292
-0.0415788
-0.0452531
-0.041076
-0.0359573
-0.0454506
-0.040424
-0.0410086
-0.0448307
-0.0359685
-0.041266
-0.0364948
-0.0458228
-0.0413546
-0.0411838
-0.0458855
-0.0361405
-0.0372362
-0.0175188
-0.0180054
-0.0310956
-0.0184747
-0.00386214
-0.0196426
-0.0080139
-0.0239515
-0.0335707
-0.0250853
-0.0229379
-0.0341603
-0.0435455
-0.0478227
-0.0440674
-0.043657
-0.0421832
-0.0471141
-0.0447867
-0.0458315
-0.0479223
-0.0454064
-0.0449462
-0.0481298
-0.0456742
-0.045684
-0.0453522
-0.0493869
-0.0493987
-0.0495719
-0.0481349
-0.0477559
-0.0479931
-0.0468201
-0.0496927
-0.0478634
-0.0443116
-0.0501378
-0.0489645
-0.0355775
-0.0499548
-0.0498651
-0.0494831
-0.0463775
-0.0497983
-0.0476818
-0.049501
-0.0485345
-0.0519271
-0.0509985
-0.049399
-0.0510406
-0.0381174
-0.0451042
-0.0482278
-0.0449829
-0.0414618
-0.0454315
-0.0461547
-0.0429904
-0.0483946
-0.0418791
-0.0460153
-0.0436256
-0.0476593
-0.0474722
-0.0494424
-0.0451232
-0.0445168
-0.0451328
-0.0412486
-0.0439496
-0.045005
-0.0475441
-0.0439943
-0.0464045
-0.0493295
-0.0495315
-0.0428991
-0.0499259
-0.0493746
-0.0440386
-0.0466004
-0.0496799
-0.0500238
-0.0466208
-0.0494325
-0.0436685
-0.0500289
-0.0485132
-0.0448088
-0.0511911
-0.0446989
-0.0350308
-0.0526384
-0.0443182
-0.0499816
-0.0440804
-0.0470076
-0.0467606
-0.0438429
-0.0466943
-0.0472506
-0.0496352
-0.0497961
-0.0506496
-0.0477213
-0.0469046
-0.0501042
-0.0516859
-0.0497522
-0.036555
-0.0519243
-0.0522257
-0.0489659
-0.0345115
-0.0506142
-0.0472079
-0.0493411
-0.0474574
-0.052242
-0.0508578
-0.0509045
-0.0460648
-0.035851
-0.0506792
-0.0484088
-0.0488025
-0.0465356
-0.0523132
-0.049917
-0.0451315
-0.0498892
-0.0515805
-0.0479654
-0.0509313
-0.0506779
-0.0501218
-0.0469279
-0.0498418
-0.0504642
-0.0498099
-0.0500881
-0.0403963
-0.0512479
-0.0513832
-0.0495739
-0.0518673
-0.0379008
-0.0504403
-0.0456305
-0.0550153
-0.0482538
-0.0497914
-0.0492831
-0.0470949
-0.0498805
-0.04997
-0.0399101
-0.0501796
-0.0402899
-0.049864
-0.0488196
-0.0504495
-0.0487046
-0.0497969
-0.0494451
-0.05211
-0.0486867
-0.0500706
-0.0493925
-0.050372
-0.0501495
-0.0500277
-0.0464304
-0.0502586
-0.0496121
-0.049661
-0.0495165
-0.0491229
-0.0501112
-0.0467718
-0.0496714
-0.0519953
-0.049432
-0.0515739
-0.0476462
-0.0508783
-0.042263
-0.0500233
-0.0427872
-0.0461795
-0.04603
-0.0500379
-0.0491646
-0.0494847
-0.0502654
-0.0495791
-0.049725
-0.0510696
-0.0460196
-0.0488969
-0.0473402
-0.0495365
-0.0523323
-0.0498389
-0.0496022
-0.0493606
-0.0496227
-0.049909
-0.0419864
-0.0488263
-0.0508936
-0.0485465
-0.055273
-0.0490713
-0.0528856
-0.0462462
-0.0523787
-0.0479626
-0.0471907
-0.0401961
-0.0500785
-0.0460865
-0.0520252
-0.0457714
-0.0492151
-0.0420241
-0.0460813
-0.0445888
-0.0504944
-0.0436926
-0.0521512
-0.0504926
-0.045078
-0.0455973
-0.050582
-0.0521171
-0.0407875
-0.0503524
-0.0478552
-0.0514274
-0.0413264
-0.0526476
-0.0455508
-0.0418395
-0.0530462
-0.0427688
-0.046231
-0.0522178
-0.0433062
-0.0497858
-0.0483094
-0.0407369
-0.0489756
-0.0475565
-0.0458738
-0.050457
-0.0498959
-0.0494787
-0.0452193
-0.0500165
-0.0477844
-0.0494452
-0.0470647
-0.0483973
-0.0481281
-0.0431903
-0.0500725
-0.0432434
-0.0487466
-0.0402907
-0.0459592
-0.0524783
-0.0500776
-0.043809
-0.0442607
-0.0484183
-0.04842
-0.0501984
-0.0500464
-0.048917
-0.0494522
-0.0434929
-0.0498948
-0.0484974
-0.0473659
-0.0445083
-0.0462477
-0.0486198
-0.0495149
-0.04954
-0.0416425
-0.0513477
-0.045368
-0.0434181
-0.0488522
-0.0448506
-0.0432751
-0.0477743
-0.0455667
-0.0450006
-0.0480647
-0.0459193
-0.0448542
-0.0452414
-0.0494579
-0.0494465
-0.0493217
-0.0480369
-0.0476264
-0.0468984
-0.0484872
-0.0514022
-0.0506708
-0.0510527
-0.043553
-0.0434932
-0.0417892
-0.041046
-0.0491907
-0.0423568
-0.0423225
-0.0496878
-0.0457449
-0.0502124
-0.0490248
-0.0495963
-0.0487053
-0.0501647
-0.0484658
-0.0457893
-0.0506752
-0.0498143
-0.0460375
-0.0487391
-0.0507905
-0.0487912
-0.0447245
-0.0401145
-0.048136
-0.0487831
-0.0456239
-0.0467876
-0.0406536
-0.0429443
-0.0442303
-0.0487763
-0.0508996
-0.0488933
-0.0443328
-0.0433258
-0.0499993
-0.0481775
-0.0471559
-0.0510417
-0.05146
-0.0486786
-0.0532342
-0.0524355
-0.0533705
-0.0432892
-0.0422521
-0.0481768
-0.0541281
-0.0544688
-0.0511807
-0.0442599
-0.0434665
-0.0512939
-0.049862
-0.0484297
-0.0539131
-0.0403517
-0.0423545
-0.0542349
-0.0545653
-0.0513365
-0.0528024
-0.0425069
-0.0533392
-0.0517985
-0.0514421
-0.0473428
-0.0547868
-0.041839
-0.0424616
-0.0529688
-0.051349
-0.051164
-0.0526189
-0.0418939
-0.0531147
-0.0514969
-0.0544326
-0.0495202
-0.0544757
-0.0458618
-0.0520368
-0.0499533
-0.0483661
-0.0489093
-0.0500031
-0.0425349
-0.0451161
-0.0462852
-0.0445881
-0.0494943
-0.0499074
-0.0495214
-0.0493499
-0.0495249
-0.0484528
-0.0424768
-0.0434142
-0.0466667
-0.0501702
-0.0482061
-0.0501696
-0.0428746
-0.043435
-0.0528065
-0.0482804
-0.0509458
-0.054013
-0.0486143
-0.0478205
-0.0497647
-0.0499363
-0.0481728
-0.0501354
-0.0522313
-0.0512442
-0.049204
-0.0465207
-0.0508043
-0.0503259
-0.0479061
-0.0490492
-0.0491498
-0.0413381
-0.0469572
-0.0473493
-0.0466106
-0.0500469
-0.049341
-0.0486094
-0.0481804
-0.0499125
-0.0500998
-0.0419234
-0.0462248
-0.0465561
-0.0487417
-0.0481966
-0.0495656
-0.0414302
-0.0409306
-0.047772
-0.0505046
-0.0500573
-0.0492041
-0.0479925
-0.0475238
-0.0496124
-0.0497045
-0.04717
-0.0493597
-0.0507349
-0.0523205
-0.0517154
-0.051275
-0.0502581
-0.0494692
-0.0467551
-0.0502121
-0.047497
-0.0495415
-0.0501874
-0.0509508
-0.0420802
-0.0471369
-0.0503995
-0.0433668
-0.0477704
-0.0473255
-0.0497628
-0.0500092
-0.0477403
-0.0501388
-0.041504
-0.046377
-0.0421473
-0.0479042
-0.0497188
-0.0490952
-0.0513764
-0.049757
-0.0494281
-0.0501829
-0.0511167
-0.0480362
-0.0511434
-0.0496401
-0.0496114
-0.0497781
-0.0495935
-0.0500478
-0.0465336
-0.050633
-0.0508442
-0.0464208
-0.0519968
-0.0471331
-0.0498459
-0.0486337
-0.0484006
-0.0399908
-0.0499249
-0.0480089
-0.0410394
-0.0468504
-0.0469545
-0.0496442
-0.0497991
-0.0466879
-0.0488634
-0.0439045
-0.0505755
-0.041748
-0.046028
-0.0483951
-0.0492841
-0.0519422
-0.051397
-0.0488969
-0.0469276
-0.0509175
-0.0459993
-0.0506603
-0.0495193
-0.0497937
-0.0501815
-0.0495518
-0.0500199
-0.0502043
-0.0491855
-0.0493283
-0.0439053
-0.0531849
-0.0510404
-0.046113
-0.0535637
-0.043064
-0.0507867
-0.0511835
-0.0482234
-0.0492396
-0.0432723
-0.0515467
-0.0459835
-0.0528535
-0.0506808
-0.0452498
-0.051581
-0.0482661
-0.0445852
-0.0455448
-0.053488
-0.0509221
-0.0464265
-0.0516808
-0.0481531
-0.0437716
-0.046105
-0.0512809
-0.0464197
-0.0506401
-0.0531974
-0.0416805
-0.0411333
-0.0508308
-0.0525937
-0.045957
-0.0421993
-0.0414274
-0.0505245
-0.0516563
-0.0473177
-0.0506948
-0.0529772
-0.0429884
-0.0433467
-0.0467127
-0.0489079
-0.0391589
-0.0411982
-0.0442141
-0.049466
-0.0390677
-0.0495711
-0.0465347
-0.0470554
-0.0442194
-0.0437414
-0.0441102
-0.0446493
-0.0448923
-0.0442081
-0.0532501
-0.0493442
-0.0500457
-0.0388019
-0.0515351
-0.0480798
-0.0439262
-0.0423112
-0.0496668
-0.0502643
-0.0484712
-0.0494616
-0.0464696
-0.0460886
-0.0468617
-0.0426662
-0.0360736
-0.0522731
-0.0388367
-0.0500674
-0.0487423
-0.0479449
-0.0442216
-0.0420374
-0.0357991
-0.0474439
-0.0474534
-0.0461263
-0.0498839
-0.0501421
-0.049555
-0.0470735
-0.0494344
-0.0491721
-0.0379977
-0.0517293
-0.0504728
-0.049648
-0.0473339
-0.048475
-0.0466615
-0.0444002
-0.0468176
-0.0528422
-0.0481495
-0.049864
-0.0494674
-0.0526798
-0.0472162
-0.0498959
-0.0509656
-0.0441594
-0.0509855
-0.0343262
-0.0463188
-0.0525028
-0.0476145
-0.0510557
-0.0500201
-0.0501931
-0.0463889
-0.0498037
-0.0511153
-0.0378312
-0.0469876
-0.0505088
-0.036959
-0.0496408
-0.0506949
-0.0505161
-0.04932
-0.0469892
-0.0487586
-0.0371653
-0.0449594
-0.0464415
-0.0487164
-0.0502727
-0.0426821
-0.0487531
-0.043677
-0.0484464
-0.050237
-0.0497082
-0.0444312
-0.0465559
-0.0490545
-0.0489018
-0.0439233
-0.0501143
-0.0486136
-0.048705
-0.0451557
-0.0502723
-0.0481941
-0.0389966
-0.0470445
-0.0518402
-0.0375644
-0.0482203
-0.0476907
-0.0466137
-0.0523506
-0.0497586
-0.0495051
-0.0454813
-0.0485607
-0.0474008
-0.0430026
-0.0497568
-0.0484222
-0.0503602
-0.042504
-0.0485877
-0.0504635
-0.048355
-0.0423613
-0.0490106
-0.0436524
-0.0433921
-0.048776
-0.0485072
-0.0421461
-0.0503817
-0.0488765
-0.0507764
-0.0484704
-0.0425494
-0.0454906
-0.0380783
-0.0465894
-0.0518752
-0.0490991
-0.0507768
-0.0453861
-0.050225
-0.0518418
-0.0449272
-0.0527917
-0.0451301
-0.0498523
-0.0476853
-0.0528284
-0.0497628
-0.0466972
-0.0492656
-0.0499685
-0.0494167
-0.0509052
-0.0497152
-0.0484904
-0.0365989
-0.0461917
-0.0467562
-0.0525021
-0.0456207
-0.0521217
-0.0372704
-0.0492327
-0.0472088
-0.0503199
-0.0479459
-0.0502115
-0.037792
-0.048955
-0.0515495
-0.0501482
-0.0496532
-0.0514053
-0.0453663
-0.0523459
-0.0497599
-0.0498726
-0.036158
-0.0517275
-0.0468628
-0.0505774
-0.0496582
-0.0483795
-0.0463855
-0.0535453
-0.0383013
-0.0368671
-0.048349
-0.0465386
-0.0468263
-0.0496698
-0.0510525
-0.0411436
-0.0434242
-0.0502614
-0.0442933
-0.0424519
-0.0394485
-0.0357123
-0.0380699
-0.0389612
-0.0351336
-0.035711
-0.0392979
-0.00760852
-0.020423
-0.0208786
-0.023666
-0.0444251
-0.0411656
-0.0361813
-0.0413038
-0.0305981
-0.0377396
-0.020819
-0.0361978
-0.0238853
-0.015494
-0.0352479
-0.0124229
-0.0153713
-0.0149053
-0.0148708
-0.0217391
-0.0150274
-0.0283901
-0.03053
-0.0281215
-0.0359738
-0.0242731
-0.0292954
-0.0282521
-0.0496547
-0.0466985
-0.0298404
-0.0436821
-0.043174
-0.0483652
-0.0461607
-0.0496169
-0.0458442
-0.0432992
-0.0395259
-0.0488485
-0.0506082
-0.0419712
-0.0463157
-0.0443202
-0.039742
-0.0413688
-0.0416719
-0.0477724
-0.0409114
-0.0487273
-0.0438514
-0.0489895
-0.0475257
-0.0384316
-0.0415318
-0.0445368
-0.03567
-0.0306253
-0.0429346
-0.0433796
-0.0253962
-0.0360021
-0.0300488
-0.0143549
-0.0132092
-0.0366848
-0.0281604
-0.0223742
-0.0319802
-0.0329135
-0.0312268
-0.0225303
-0.0196543
-0.0407047
-0.0351962
-0.0431783
-0.0255303
-0.0421169
-0.0426903
-0.0244906
-0.045448
-0.0456268
-0.0433365
-0.0380899
-0.0472166
-0.0443146
-0.042429
-0.0344032
-0.0258961
-0.0390016
-0.0196361
-0.0203684
-0.00666456
-0.0307739
-0.0253948
-0.0263631
-0.0113795
-0.0158511
-0.0368401
-0.0327021
-0.0313914
-0.0187506
-0.0128577
-0.0303634
-0.0347602
-0.0285279
-0.0191596
-0.0165735
-0.0254865
-0.0230241
-0.00617081
-0.049916
-0.0488278
-0.0498616
-0.0474648
-0.0500145
-0.0497122
-0.0498754
-0.0453633
-0.0422099
-0.0230297
-0.0440784
-0.0336139
-0.0405687
-0.0317431
-0.0492698
-0.0396741
-0.0345146
-0.0381731
-0.0372265
-0.0364543
-0.0400978
-0.0475543
-0.0310882
-0.045436
-0.0414405
-0.0429875
-0.0461959
-0.0464181
-0.0414148
-0.0410041
-0.0453145
-0.0260568
-0.0461394
-0.0450562
-0.0348582
-0.0433611
-0.0323068
-0.0354907
-0.028282
-0.04388
-0.0444615
-0.0300182
-0.0440966
-0.0352941
-0.0294325
-0.0231921
-0.0184376
-0.039618
-0.0406451
-0.0199838
-0.0413665
-0.0243624
-0.0145813
-0.00731085
-0.0012612
-0.0229393
-0.0361903
-0.0393744
-0.0257511
-0.0232932
-0.0411172
-0.0181023
-0.0241761
-0.0430864
-0.040252
-0.0320457
-0.0426553
-0.0289383
-0.0252956
-0.0320955
-0.0468419
-0.0441029
-0.0316694
-0.0444005
-0.0349581
-0.0269953
-0.0374951
-0.0360692
-0.0407933
-0.0394123
-0.0413075
-0.0382887
-0.0369036
-0.00682166
-0.0148582
-0.018251
-0.0122812
-0.00328508
-0.0129547
-0.030613
-0.045869
-0.0430796
-0.031267
-0.0434127
-0.0310723
-0.0327635
-0.0353873
-0.0412847
-0.0402085
-0.0340779
-0.0412914
-0.0278034
-0.0362868
-0.0142852
-0.0505202
-0.0489507
-0.0518238
-0.0430712
-0.049119
-0.0515585
-0.0514039
-0.0495295
-0.0493907
-0.0502608
-0.0493595
-0.0499717
-0.0497428
-0.0489618
-0.0280222
-0.045379
-0.0435224
-0.0322984
-0.0396052
-0.0326573
-0.0406238
-0.0465423
-0.0466233
-0.0465845
-0.0399985
-0.043805
-0.0396721
-0.0486486
-0.0456134
-0.0373462
-0.0480978
-0.0377422
-0.038339
-0.0459983
-0.0368203
-0.0347689
-0.0415874
-0.0231037
-0.0330111
-0.0427701
-0.0430847
-0.0411052
-0.0416674
-0.043209
-0.0433376
-0.0290009
-0.0446408
-0.0395108
-0.0320063
-0.040474
-0.0304242
-0.0330008
-0.0386595
-0.0354229
-0.0406972
-0.0384568
-0.0380435
-0.0403288
-0.0355013
-0.0198411
-0.0183966
-0.00749202
-0.00775656
-0.00601951
-0.00862777
-0.0360141
-0.04535
-0.0428135
-0.0332508
-0.0341886
-0.0426598
-0.0331261
-0.0332311
-0.0387861
-0.0384849
-0.0375598
-0.0393558
-0.0352104
-0.0355672
-0.00805766
-0.0270389
-0.0408327
-0.0393306
-0.0326902
-0.0388648
-0.0247511
-0.0301559
-0.0261653
-0.0260239
-0.0338282
-0.0326753
-0.0341233
-0.0208612
-0.0266238
-0.000669625
0.00256434
0.00149568
-0.0245784
-0.0436067
-0.0377552
-0.017308
-0.0398233
-0.0266109
-0.0185004
-0.030663
-0.0372091
-0.0363873
-0.0336785
-0.0350915
-0.0289291
-0.0344503
-0.0446412
-0.0461532
-0.0312512
-0.0302213
-0.0419585
-0.0384275
-0.0448076
-0.0508079
-0.049981
-0.0455763
-0.0495048
-0.0506302
-0.0495317
-0.0429352
-0.0483681
-0.0486295
-0.0395629
-0.0484267
-0.0452889
-0.045882
-0.0370019
-0.0397797
-0.0472216
-0.0380976
-0.0315009
-0.0423056
-0.043622
-0.0430288
-0.0421667
-0.0359814
-0.0474102
-0.0425796
-0.0381906
-0.0365903
-0.0435485
-0.0317658
-0.0303376
-0.0341831
-0.0405078
-0.0315074
-0.0327601
-0.0225785
-0.00409606
-0.0225736
-0.0182329
-0.0257028
-0.0345969
-0.0301762
-0.0349499
-0.0372868
-0.0185779
-0.0343736
-0.0370205
-0.0260879
-0.0386784
-0.0231542
-0.0398682
-0.0294532
-0.0346789
-0.0261321
-0.0370013
-0.0304803
-0.0312463
-0.0198504
-0.0306481
-0.00380627
-0.0212229
-0.0314092
-0.0278867
-0.0123017
-0.0268263
-0.0111246
-0.038055
-0.0311468
-0.00807223
-0.0336583
-0.0220394
-0.0234414
-0.0278225
-0.00193037
-0.00960913
-0.0034334
0.000361968
-0.0362433
-0.0418059
-0.0421026
-0.0359077
-0.0376935
-0.0407576
-0.0319079
-0.0221011
-0.035418
-0.0274043
-0.00692317
-0.0240645
-0.033408
-0.00880251
-0.00874636
-0.0236484
-0.00636596
-0.021848
-0.0229105
-0.03833
-0.0291198
-0.0262908
-0.031732
-0.0216831
-0.0216014
-0.00449805
-0.0172127
-0.0190691
-0.00684031
0.00500251
-0.00614576
-0.0241071
-0.0362796
-0.0285851
-0.0139658
-0.00810848
-0.0370351
-0.0200508
-0.00854434
-0.019346
-0.00868006
-0.0234627
-0.0134686
-0.0234779
-0.00696594
-0.0276829
-0.0337719
-0.00519524
-0.0355411
-0.0232682
-0.00939987
-0.00625743
-0.00861551
-0.00408711
-0.0236056
-0.0085936
-0.0232132
-0.0158332
0.00303111
0.00074291
-0.00232007
0.00514585
-0.00712572
-0.0196618
0.00267341
0.00560387
-0.00756406
0.00216628
0.00344039
-0.0050123
-0.00604763
-0.0213482
0.00612654
-0.00832878
-0.0005974
0.00155663
-0.00268914
-0.00154655
-0.00174005
-0.0143503
-0.0220846
0.00313617
0.00127435
0.000637985
-0.0224499
-0.0138843
-0.0150508
-0.00218982
-0.0234269
0.00211782
-0.0162638
-0.000191512
-0.0228886
0.00259862
-0.000987406
-0.00113158
0.00300844
-0.0313354
-0.0234829
-0.0299898
-0.0147713
-0.0324849
-0.029316
-0.0228031
-0.0146243
-0.00502846
-0.00337273
-0.00115212
0.00108654
-0.00431499
-0.00660717
-0.0131526
-0.0119697
-0.00669242
-0.00707815
-0.00653536
-0.00681641
-0.0255839
-0.0282883
-0.00174633
-0.0273014
-0.00745041
-0.00658298
-0.0100505
-0.0159503
-0.0324821
-0.0359993
-0.0127986
-0.0318912
-0.0192327
-0.00335409
0.00325695
-0.00261096
-0.00393308
-0.0251715
-0.0287779
-0.00351015
-0.0103349
-0.0276333
-0.0064047
-0.0110048
-0.0326283
-0.0355279
-0.0228485
-0.0316286
-0.0159499
-0.0219036
0.00672096
-0.00667954
-0.0203581
-0.0015798
-0.00961048
-0.00271767
0.00128407
0.00364274
0.00308951
-0.00161061
0.000947128
0.00222939
0.00311754
-0.0203953
-0.0124173
0.00383295
-0.0125269
0.00172344
0.00370953
-0.0102732
-0.0278659
-0.0235597
0.00235229
-0.028326
-0.00546225
-0.000875653
-0.0189436
-0.0211833
-0.0302226
-0.0301752
-0.0308075
-0.0216613
-0.0180151
-0.000831413
0.00422085
0.000970263
0.00129888
0.00362189
0.00402323
-0.019342
-0.0326113
-0.0309936
-0.021196
-0.0316073
-0.018603
-0.0209524
-0.0144568
-0.0250008
-0.0295733
-0.00226048
-0.0294904
-0.00261295
-0.0149451
0.00588963
-0.0271525
-0.0218567
-0.0386943
-0.0369148
-0.0364138
-0.026524
-0.0254353
-0.00907999
-0.0116829
-0.00704457
-0.0106526
-0.00489999
-0.00198386
0.00158992
-0.00614607
-0.00929265
-0.00940463
-0.0105169
-0.00941549
-0.00991428
-0.010946
-0.00936583
-0.0105907
-0.0155931
0.0018772
-0.0271879
-0.000567479
-0.0233032
-0.019034
0.00942058
-0.0140811
-0.0134889
0.00187711
-0.0104179
-0.0196144
0.0109539
-0.00548334
-0.00194035
-0.00303248
-0.00710292
-0.014126
0.00813513
-0.0176921
0.00722518
-0.0183065
-0.0140612
0.00758848
-0.0110617
-0.0122151
0.00154911
-0.00864018
-0.0176282
0.0107989
-0.0296768
-0.00165829
-0.0288025
-0.00111154
-0.0263666
-0.0303523
-0.00154128
-0.0270599
-0.00130374
-0.0225331
0.00181898
-0.022333
-0.027646
-0.00113375
-0.0255859
-0.0186015
0.000610311
0.000311116
-0.0228525
-0.0215472
-0.000948466
-0.00863143
-0.00669807
-0.00875513
-0.00666188
-0.0187945
-0.00134913
-0.0270771
-0.00549606
-0.000478987
-0.019143
-0.0253987
-0.0132156
-0.0162942
0.00291374
0.0103825
-0.0151521
-0.0213277
-0.0344884
-0.0256693
-0.0344567
-0.0327875
-0.0327932
-0.0353577
-0.0311684
-0.00380535
-0.00463606
-0.0042901
-0.00512726
-0.00459421
-0.00414511
-0.00756771
-0.00252333
-0.00839652
-0.0170971
-0.0134479
-0.0131986
-0.0257867
-0.00243966
-0.0274506
-0.00312406
-0.0276279
-0.0249423
-0.00293393
-0.0262271
-0.0018881
-0.0261441
0.000333929
-0.0262239
-0.0264618
-0.00165321
-0.0261421
-0.0227855
-0.000536686
0.000819992
-0.0250042
-0.0271688
-0.00185045
-0.018626
-0.00617983
-0.0130171
-0.0108815
-0.0172635
0.0219526
-0.0276265
0.00379573
-0.0275152
-0.0161847
0.0204432
-0.0188363
-0.0177662
0.00868465
-0.0175171
-0.0244291
0.0166158
-0.03272
-0.0257617
-0.0210145
-0.0198778
-0.0296145
-0.0342205
-0.0171082
-0.0326755
-0.0219017
-0.0289917
-0.0177229
-0.0282161
-0.0356165
-0.0156464
-0.0367583
-0.0259089
-0.028649
-0.0124888
-0.036408
-0.0267018
-0.0288263
-0.0161177
-0.0220295
-0.0268253
-0.0100749
-0.0277574
-0.000307354
-0.0189164
-0.0227904
-0.0240864
-0.0272223
-0.0290038
-0.0265194
-0.0178056
-0.0246629
0.00344407
0.0113313
0.00958346
-0.0147938
-0.0172931
-0.0249189
0.00157692
-0.0274118
-0.00678851
0.00320901
-0.0226654
-0.0295949
-0.0312276
-0.0229462
-0.0283509
-0.0189804
-0.0195813
-0.0176038
-0.0192534
0.00771221
-0.018065
0.00765964
0.00186346
0.00543593
-0.0199436
-0.0066462
-0.0138353
-0.00409172
0.00257327
-0.0174347
-0.0274973
-0.0263515
-0.0139689
-0.0290626
-0.0198826
-0.0171293
-0.0243513
-0.0251035
-0.0362229
-0.033941
-0.025024
-0.0335955
-0.02511
0.00551278
-0.00207555
-0.00388912
0.0117462
0.0134729
0.0150384
-0.0200206
-0.0303614
-0.0362038
-0.0258223
-0.0256421
-0.0326125
-0.0160765
-0.0154657
-0.0262512
-0.0292976
-0.0195561
-0.0293951
-0.0194553
-0.0145029
0.0101739
0.00664316
-0.0178018
-0.019752
0.00818976
-0.0156144
-0.00187203
0.00371174
-0.0170801
-0.0170007
-0.0105739
0.0058903
-0.0143064
0.00926604
-0.0251594
-0.0127334
-0.0110049
-0.0137058
-0.00993528
0.0105785
-0.0060802
-0.0176168
-0.000277955
0.000144775
-0.0062564
0.00103681
0.00337757
-0.00233868
-0.0144349
-0.015084
0.000159004
-0.00943289
-0.0136693
0.00399538
-0.0141972
0.00602656
-0.0129351
-0.0277349
-0.0154454
0.00559224
-0.0128348
-0.027744
0.00515105
-0.0126384
0.00372055
-0.0268537
-0.0153369
-0.012986
-0.027091
0.00495714
-0.0145794
0.00615785
-0.0145847
0.0058465
-0.0003818
0.000137091
0.00624764
-0.0115262
-0.0246994
-0.0133366
-0.0116136
-0.0133347
0.00645615
0.00571268
-0.00746552
-0.01351
-0.024268
-0.0121977
0.0045385
-0.0123786
0.00155888
-0.00268907
-0.0017403
-0.00154372
-0.0143467
-0.022082
0.00127258
0.00314106
-0.022446
-0.0138814
0.000637166
0.00260017
-0.000991507
-0.00113419
0.00300979
-0.0150476
-0.00218663
-0.0234264
0.00212147
-0.0228848
-0.0162597
-0.000192183
-0.00130643
-0.000192851
-0.00778965
-0.0156377
-0.00357395
-0.00921711
-0.0054276
-0.00544857
-0.00533785
-0.0194638
-0.00934266
-0.00744541
-0.006842
0.0050043
-0.00614536
-0.0241152
-0.03629
-0.0285884
-0.0139783
-0.0370441
-0.00811436
-0.0200726
-0.00855586
-0.0193748
-0.00869295
-0.0234768
-0.0134923
-0.023477
-0.00696152
-0.0337688
-0.0276821
-0.0355407
-0.0232648
-0.00519329
-0.00861785
-0.00408779
-0.0236071
-0.00859537
-0.0158336
0.00302777
-0.0232182
-0.00940771
-0.00627789
-0.0366977
-0.0308701
-0.00723634
-0.0188564
-0.0359807
-0.0312379
-0.0223997
-0.0343796
-0.0240309
-0.0303542
-0.00882818
-0.0339345
-0.0296364
-0.02231
0.00672508
-0.0203442
-0.00666956
-0.00156982
-0.00960193
-0.00270605
0.00364619
0.00128877
0.00309561
0.003124
-0.0203872
-0.0124121
0.00383557
-0.0125198
0.00370976
0.00173521
-0.00160253
0.000951178
0.00223644
-0.0102606
-0.0235501
-0.0278527
0.00236402
-0.0283138
-0.000863569
-0.00544837
-0.0189305
-0.0211736
-0.0301695
-0.0301902
-0.0180052
-0.0307955
-0.0216346
0.00363234
0.00402528
-0.000815855
0.00423633
0.000986642
0.00131044
-0.0144492
-0.0249723
-0.0295694
-0.00225826
-0.0149368
-0.0294761
-0.0025999
-0.0193248
-0.0325958
-0.0309695
-0.021178
-0.0315912
-0.018585
-0.0209374
0.00589968
-0.0050243
-0.0146249
-0.00336587
-0.00115395
0.00108715
-0.00433989
-0.0066148
-0.00707485
-0.00653663
-0.0131548
-0.0119817
-0.0066972
-0.00680866
-0.0282792
-0.0255792
-0.00173678
-0.0272949
-0.00657113
-0.00744403
-0.0100453
-0.015937
-0.0359935
-0.0324727
-0.0318865
-0.0192271
-0.0127878
-0.00334208
0.00326698
-0.00259964
-0.0109951
-0.0326171
-0.0355188
-0.0228345
-0.0316206
-0.0159379
-0.021893
-0.0039295
-0.0251708
-0.0287721
-0.00351505
-0.0276314
-0.00640452
-0.010332
-0.0141256
0.00814425
-0.0178281
0.00709311
0.00759876
-0.0140515
-0.0184685
-0.00549655
-0.00192843
-0.00302404
-0.00710522
-0.0110593
-0.0122769
0.00155936
0.0108267
-0.0176544
-0.00864255
-0.0262512
-0.000813655
-0.0225795
0.00187535
-0.0266822
-0.0224592
-0.000635774
-0.0280124
-0.00112631
-0.0288368
-0.00112401
-0.0264242
-0.0294534
-0.00106637
-0.024996
-0.0185769
0.000466587
0.000524709
-0.0213928
-0.0228302
-0.000694316
-0.0271412
-0.0218446
-0.0369065
-0.0386873
-0.0254254
-0.0364037
-0.0265115
-0.00489293
-0.00197463
0.00160366
-0.00614253
-0.00907341
-0.0116802
-0.0106533
-0.00703456
-0.00929077
-0.00942403
-0.009418
-0.0105222
-0.0156469
0.00182275
-0.027146
-0.000439538
-0.0231544
-0.0191782
0.00937525
-0.00993795
-0.0109465
-0.0106005
-0.00937761
-0.0141057
-0.0134669
0.00191116
-0.0195557
-0.0104172
0.0109144
-0.0264038
-0.00206429
-0.026002
0.00017384
-0.00218538
-0.0265911
-0.0258469
-0.0269774
-0.00234406
-0.0280025
-0.00350421
-0.00329622
-0.0286367
-0.025908
-0.0264774
-0.0226046
0.000740314
-0.00103187
-0.00225325
-0.026888
-0.0255242
-0.0172095
0.0220622
-0.0275655
0.00387903
-0.0161724
-0.0272535
0.0206305
-0.0186316
-0.00608321
-0.0129062
-0.0108959
-0.0187225
-0.0174727
0.00885729
-0.0241078
-0.0173278
0.0168197
-0.0190796
-0.00150041
-0.0273748
-0.00582958
-0.0193261
-0.0259633
-0.00069945
-0.00875678
-0.0067268
-0.00669708
-0.00883088
-0.0134588
-0.0162604
0.00253127
-0.0216736
-0.0152059
0.0100983
-0.0344519
-0.0256197
-0.0326684
-0.034408
-0.0352333
-0.0311256
-0.0327458
-0.00446063
-0.00398364
-0.0074074
-0.00238036
-0.00371008
-0.00461376
-0.00508336
-0.00422792
-0.00824823
-0.0169146
-0.012999
-0.013325
-0.0366997
-0.0258639
-0.0285998
-0.0124751
-0.0287963
-0.0363528
-0.0266846
-0.0326745
-0.0257213
-0.0198116
-0.0209675
-0.0170513
-0.0295612
-0.0341872
-0.0326367
-0.0218281
-0.0289299
-0.0176563
-0.0355592
-0.0155937
-0.0281645
-0.0173879
-0.0263619
-0.0273562
-0.0138435
-0.0290126
-0.0170709
-0.0197802
-0.0243365
-0.0250768
-0.0338254
-0.036031
-0.0334804
-0.0251141
-0.0249936
0.0133272
0.0149215
0.00540584
-0.00199519
-0.00394093
0.011762
-0.0154011
-0.0262334
-0.0291949
-0.019576
-0.0293269
-0.0144728
-0.0194472
-0.0199277
-0.0301519
-0.0360012
-0.0257204
-0.0324628
-0.0255924
-0.0159466
0.00996504
0.00667981
-0.019753
-0.0177615
0.00832441
-0.015625
-0.00180648
-0.0171179
0.00367593
-0.0170632
0.00930536
-0.0251572
-0.0127193
-0.0110397
0.0105678
-0.0136991
-0.0099375
-0.0105265
0.00588131
-0.0143404
-0.0160284
-0.0267053
-0.0219579
-0.00991934
-0.0276694
-0.0187727
-0.000225347
-0.0227328
-0.0240425
-0.0288936
-0.0271589
-0.0246115
-0.0264226
-0.01776
0.00359022
0.0114952
0.0097216
-0.0225963
-0.0294114
-0.0310641
-0.0228223
-0.0189239
-0.0282329
-0.0194629
-0.0147315
-0.0172181
-0.0248579
0.00162768
-0.0273255
0.00326671
-0.0067395
-0.0191637
-0.0175331
0.00783366
-0.0179829
0.00775755
0.00191682
0.00549469
-0.00399786
0.00264169
-0.0198649
-0.00658995
-0.0137617
0.00619466
-0.0115443
-0.0246907
-0.013376
-0.0133812
-0.0116257
0.00641003
-0.000381993
9.37189e-05
0.00565395
-0.00746182
-0.0242858
-0.0135166
-0.0124424
-0.0122286
0.00453345
-0.0040313
0.00223728
-0.00928904
-0.0175424
-0.0337591
-0.0292896
-0.011601
-0.0201602
-0.0324852
-0.0184516
-0.0178174
-0.0198835
-0.000918649
-0.0116898
-0.017134
-0.016042
-0.0159451
-0.0331778
-0.0284793
-0.0219388
-0.0308387
-0.0180541
-0.0156512
0.00373726
-0.025365
-0.00530202
-0.0138662
-0.0214909
0.00586853
-0.00154683
-0.000610885
0.00107859
0.00341871
-0.00605802
-0.0175879
-0.000248596
-0.00622892
0.000184815
-0.00228917
-0.0150544
-0.0144107
-0.00939571
0.000213306
-0.0208798
-0.0362061
-0.0239298
-0.0155309
-0.0124938
-0.0352817
-0.0154045
-0.0237253
-0.0444584
-0.0411746
-0.0361877
-0.0377735
-0.041331
-0.0306618
-0.0149642
-0.0149118
-0.0217993
-0.0150768
-0.0284379
-0.0280185
-0.0305491
-0.0359057
-0.0244398
-0.0292728
-0.028247
-0.0425326
-0.0394831
-0.0357693
-0.0390321
-0.0351959
-0.0381414
-0.035764
-0.039376
-0.0454371
-0.0456316
-0.0380759
-0.0433376
-0.0443113
-0.0472206
-0.0424222
-0.0396566
-0.0453596
-0.0336263
-0.0370952
-0.0396437
-0.0443495
-0.0423057
-0.048386
-0.0481488
-0.0391195
-0.0485631
-0.0456996
-0.0386908
-0.0451307
-0.0500517
-0.0496492
-0.0462353
-0.0491949
-0.0428564
-0.0494846
-0.0383569
-0.0338778
-0.0343175
-0.0417948
-0.0421707
-0.0437751
-0.0496763
-0.0467277
-0.0436985
-0.0298842
-0.0483811
-0.0432135
-0.0461931
-0.0496338
-0.0458591
-0.0395474
-0.0433359
-0.0420074
-0.048858
-0.0506201
-0.0477897
-0.0409359
-0.0487306
-0.0438726
-0.0475373
-0.038459
-0.0489991
-0.0463394
-0.0443626
-0.039784
-0.0417076
-0.0413915
-0.0195858
-0.0203631
-0.00668627
-0.0253562
-0.0307739
-0.026344
-0.0113602
-0.015828
-0.0326772
-0.0368238
-0.0128403
-0.0313646
-0.0187242
-0.0165514
-0.0254648
-0.00616338
-0.0230039
-0.0303751
-0.0347559
-0.0285145
-0.0191246
-0.0344151
-0.025929
-0.0390289
-0.0496693
-0.0513063
-0.0489343
-0.0451919
-0.0493088
-0.0501509
-0.0458085
-0.0492734
-0.0511099
-0.0500906
-0.0452843
-0.0491361
-0.0502104
-0.0461494
-0.049913
-0.0488319
-0.049865
-0.0474679
-0.0500126
-0.0498766
-0.0497163
-0.0282829
-0.0444735
-0.0438976
-0.0300366
-0.0441069
-0.0294365
-0.0353114
-0.0231691
-0.0184122
-0.0406251
-0.0396043
-0.0413575
-0.0243378
-0.0199562
-0.0145691
-0.00125001
-0.00729638
-0.024165
-0.0430943
-0.040239
-0.0320308
-0.0426533
-0.0252777
-0.0289278
-0.0229309
-0.0362059
-0.0393766
-0.0257371
-0.0411245
-0.0232736
-0.0181107
-0.0321158
-0.0441138
-0.0468481
-0.0316839
-0.0444142
-0.0270061
-0.0349764
-0.037514
-0.0360763
-0.0394396
-0.0408161
-0.0369122
-0.0413192
-0.0383118
-0.0182424
-0.0122718
-0.0129559
-0.0032807
-0.00682791
-0.0148637
-0.0353926
-0.0412911
-0.0402328
-0.0340667
-0.0362846
-0.0413007
-0.0278026
-0.0306429
-0.0458768
-0.0431
-0.0312964
-0.0434301
-0.0310867
-0.0327988
-0.014262
-0.0422284
-0.0453788
-0.0230629
-0.0440941
-0.0336317
-0.0406048
-0.0317808
-0.0345319
-0.0382031
-0.037249
-0.0492863
-0.0397084
-0.036483
-0.0475679
-0.0401137
-0.0311177
-0.0454501
-0.0414622
-0.0461977
-0.0429952
-0.0464232
-0.0260859
-0.0461495
-0.0450652
-0.0348799
-0.0433761
-0.0323218
-0.0355177
-0.041427
-0.0410185
-0.0453215
-0.0500238
-0.0525531
-0.050346
-0.0480564
-0.0502267
-0.0500958
-0.0504215
-0.0505252
-0.0489501
-0.0430381
-0.0518237
-0.0513825
-0.0491208
-0.051574
-0.0495364
-0.0493846
-0.0502724
-0.0493646
-0.0499726
-0.0489561
-0.049765
-0.0290319
-0.0395286
-0.0446436
-0.0320234
-0.040494
-0.0330508
-0.0304358
-0.0386762
-0.0354323
-0.0385435
-0.0407284
-0.0403665
-0.0355128
-0.0380632
-0.00751208
-0.00777
-0.00866734
-0.00600838
-0.0198466
-0.018414
-0.0332455
-0.0388067
-0.0385616
-0.0375514
-0.0393893
-0.0355752
-0.0351924
-0.0360392
-0.045353
-0.0428342
-0.0332677
-0.0426795
-0.034216
-0.033134
-0.0080644
-0.0270361
-0.0393381
-0.0408198
-0.0326943
-0.0388612
-0.0301702
-0.0247428
-0.0261462
-0.0259947
-0.0326534
-0.0338186
-0.026593
-0.0341181
-0.020841
-0.000656476
0.0015423
0.00257349
-0.0306484
-0.0372215
-0.0363761
-0.0336617
-0.0344187
-0.0350925
-0.0289245
-0.0245663
-0.0435916
-0.0377403
-0.0172927
-0.0398142
-0.0265989
-0.018473
-0.0280331
-0.0435173
-0.0453638
-0.0323018
-0.0395995
-0.032663
-0.0465408
-0.0406127
-0.0466181
-0.0396859
-0.0486375
-0.0456155
-0.0373555
-0.0377598
-0.0480918
-0.0383492
-0.0465733
-0.0399841
-0.0437991
-0.0368074
-0.045981
-0.0347702
-0.0415688
-0.023102
-0.0329843
-0.0427412
-0.0416432
-0.0431826
-0.0433154
-0.0430739
-0.0410865
-0.0365314
-0.0434937
-0.0302941
-0.0316978
-0.0404559
-0.0341189
-0.0314538
-0.0327148
-0.0225343
-0.0225263
-0.00405318
-0.0256577
-0.0345572
-0.0181871
-0.0369758
-0.0260478
-0.0386484
-0.0231094
-0.0398251
-0.0346443
-0.029409
-0.0301258
-0.034887
-0.0343201
-0.0372343
-0.0185278
-0.0466181
-0.0456833
-0.0396985
-0.0429688
-0.0465559
-0.0495711
-0.0427078
-0.0518759
-0.0529489
-0.0475517
-0.0360047
-0.0452206
-0.0504097
-0.0509861
-0.0501488
-0.0481087
-0.0490007
-0.0421511
-0.0488803
-0.0486809
-0.0488559
-0.0437622
-0.0510818
-0.0477885
-0.048662
-0.0364933
-0.0445962
-0.0460996
-0.0301489
-0.0311893
-0.0383681
-0.0419076
-0.0428883
-0.0483377
-0.0486027
-0.039507
-0.0484117
-0.0458307
-0.0452465
-0.0447777
-0.0508102
-0.0499924
-0.0455604
-0.0495106
-0.0506135
-0.0495274
-0.0380312
-0.0314317
-0.0422486
-0.036943
-0.03974
-0.0471875
-0.0198144
-0.0312153
-0.0306191
-0.0037732
-0.0211874
-0.0278489
-0.0313914
-0.0268015
-0.011084
-0.0122684
-0.0220007
-0.0233993
-0.0277917
-0.0018861
-0.0380229
-0.0311308
-0.0336324
-0.00804688
-0.00957244
-0.0033912
0.000411914
-0.0260906
-0.0369629
-0.0304497
-0.00447291
-0.0171784
-0.019026
-0.0426603
-0.0395655
-0.0404812
-0.0326221
-0.0450874
-0.0366962
-0.0404484
-0.0367762
-0.0423134
-0.0496713
-0.0502587
-0.0484857
-0.0464696
-0.0494603
-0.0461031
-0.0532334
-0.0493567
-0.0500423
-0.0387915
-0.0439251
-0.0515342
-0.0480703
-0.0468754
-0.0426716
-0.036085
-0.0522784
-0.0388391
-0.0487352
-0.0500579
-0.0442259
-0.0479447
-0.0420773
-0.0358335
-0.0494535
-0.0390525
-0.049556
-0.0487577
-0.0371437
-0.0464293
-0.0449409
-0.048721
-0.0502867
-0.048763
-0.0426614
-0.0484473
-0.0502507
-0.0436699
-0.048902
-0.0439142
-0.0501181
-0.0486163
-0.0487008
-0.0502806
-0.0451466
-0.0497183
-0.0444109
-0.0490693
-0.0465433
-0.0409195
-0.0484524
-0.0482721
-0.0389952
-0.0452739
-0.0398634
-0.0481717
-0.0466024
-0.0504507
-0.0448385
-0.047105
-0.0531924
-0.0461216
-0.0499
-0.0501478
-0.0495576
-0.0494435
-0.0491746
-0.0470708
-0.0474517
-0.0474788
-0.0379844
-0.05174
-0.0496492
-0.0504672
-0.0484788
-0.0466512
-0.0473086
-0.0454789
-0.038066
-0.0465917
-0.0518885
-0.0491178
-0.0507941
-0.0453931
-0.0449234
-0.0502392
-0.051863
-0.0528175
-0.0451127
-0.0498387
-0.0476922
-0.0528384
-0.0497815
-0.0466966
-0.0499882
-0.0492845
-0.0497341
-0.0494359
-0.0509328
-0.0461817
-0.0467353
-0.0525215
-0.0456166
-0.0521276
-0.049248
-0.0372495
-0.0484862
-0.0365873
-0.0446091
-0.0501183
-0.0497151
-0.0491916
-0.0482976
-0.0498846
-0.0459286
-0.0439629
-0.0452264
-0.0486692
-0.0462063
-0.0516292
-0.0468945
-0.0495241
-0.0528231
-0.0394558
-0.0470314
-0.0518493
-0.0375587
-0.0482215
-0.0476892
-0.0481981
-0.0390007
-0.0466106
-0.0497772
-0.052382
-0.0495306
-0.0454841
-0.0465442
-0.0468337
-0.0496722
-0.0411244
-0.0510674
-0.0434082
-0.0502936
-0.0443053
-0.0387749
-0.0526671
-0.0403113
-0.0456382
-0.0458811
-0.0456244
-0.048128
-0.0455943
-0.0455392
-0.0457799
-0.0480722
-0.0458501
-0.0456173
-0.0456011
-0.0481001
-0.0455183
-0.0455654
-0.0457546
-0.0480497
-0.0456522
-0.0458529
-0.0456882
-0.0481469
-0.0458341
-0.0455852
-0.0455611
-0.0480922
-0.0456673
-0.0458353
-0.045631
-0.0481277
-0.045647
-0.0458855
-0.0456173
-0.0481426
-0.0460819
-0.0494258
-0.0494433
-0.048196
-0.0482501
-0.0495275
-0.0496382
-0.045341
-0.0493693
-0.0495552
-0.0480445
-0.048046
-0.0494621
-0.0496718
-0.0458804
-0.0496201
-0.0496584
-0.0483238
-0.048215
-0.0495432
-0.0498266
-0.049497
-0.0467243
-0.042985
-0.0481076
-0.0484844
-0.0497189
-0.049406
-0.0494928
-0.0520792
-0.0504931
-0.0494827
-0.0504064
-0.0499918
-0.0495534
-0.0506875
-0.0515287
-0.0455594
-0.0498836
-0.0489223
-0.0483279
-0.0492848
-0.0486601
-0.0493204
-0.0494441
-0.0505876
-0.0492832
-0.0495168
-0.0493195
-0.050571
-0.047921
-0.0476049
-0.0496383
-0.0496165
-0.0506401
-0.0499995
-0.0493905
-0.0490746
-0.0415907
-0.0499454
-0.0475474
-0.0492924
-0.0497135
-0.050846
-0.0457696
-0.0517197
-0.0485249
-0.0491115
-0.049999
-0.0494744
-0.0505176
-0.0478771
-0.0475442
-0.0495979
-0.0506208
-0.049578
-0.0499529
-0.0495541
-0.0431273
-0.0468227
-0.0498747
-0.0485084
-0.0480848
-0.0493726
-0.0492299
-0.0489377
-0.0413502
-0.0498033
-0.0490979
-0.0473505
-0.0494779
-0.0495498
-0.0467903
-0.0431283
-0.0480743
-0.0498696
-0.04852
-0.0493866
-0.0492626
-0.041401
-0.0489778
-0.0491469
-0.0473877
-0.0498432
-0.0495273
-0.0508418
-0.0517155
-0.0457862
-0.0499868
-0.0485356
-0.0491188
-0.0494774
-0.0505146
-0.0475443
-0.0479123
-0.0506695
-0.0495924
-0.0496165
-0.0499882
-0.0494708
-0.0520594
-0.0504776
-0.049985
-0.049459
-0.0503872
-0.0495268
-0.0487258
-0.0496029
-0.0492768
-0.0493913
-0.0495388
-0.0505555
-0.0494784
-0.0493133
-0.0415342
-0.0490359
-0.0491806
-0.0474152
-0.0498818
-0.0495334
-0.0493049
-0.0415027
-0.0490179
-0.0474064
-0.0491592
-0.0498867
-0.0495473
-0.0494952
-0.0467203
-0.042961
-0.0484597
-0.0481082
-0.0496969
-0.0493839
-0.0487414
-0.0496149
-0.049305
-0.050586
-0.0494042
-0.0495478
-0.0494966
-0.0486357
-0.0492656
-0.0493968
-0.0494691
-0.05057
-0.0492437
-0.0492885
-0.0492625
-0.0501844
-0.0519501
-0.0501495
-0.0498253
-0.0492867
-0.0494001
-0.0504795
-0.047543
-0.0478196
-0.0505423
-0.0495301
-0.0495573
-0.0499884
-0.0504671
-0.0475194
-0.047813
-0.0495246
-0.050535
-0.0495416
-0.0499757
-0.0506444
-0.0514887
-0.0455379
-0.0488877
-0.0498578
-0.0482997
-0.0492607
-0.049287
-0.0501985
-0.0519819
-0.0493162
-0.0501814
-0.0498415
-0.0494211
-0.0492451
-0.0518341
-0.0501724
-0.049194
-0.049785
-0.0501064
-0.0493364
-0.0487029
-0.0494654
-0.04927
-0.0494695
-0.0493586
-0.0505468
-0.0493367
-0.0507858
-0.0455357
-0.0515329
-0.0489617
-0.0483226
-0.049978
-0.0493048
-0.0505381
-0.0478273
-0.0475841
-0.0495708
-0.0495827
-0.0505104
-0.0500008
-0.0507795
-0.0455377
-0.0515293
-0.0483209
-0.0489627
-0.0499744
-0.0493062
-0.0505488
-0.047837
-0.0476156
-0.0505453
-0.049577
-0.0495794
-0.0500174
-0.0492557
-0.0518558
-0.0501776
-0.0501173
-0.0492129
-0.0497918
-0.0493491
-0.0486869
-0.0494476
-0.0492785
-0.049472
-0.0493394
-0.0505263
-0.0493073
-0.0487253
-0.0493206
-0.049539
-0.0506023
-0.0495281
-0.049349
-0.0494386
-0.0493597
-0.050337
-0.05203
-0.0499248
-0.0502774
-0.049397
-0.0494613
-0.0496862
-0.0431411
-0.0468584
-0.0486025
-0.0498789
-0.0482581
-0.0495159
-0.0492401
-0.0489567
-0.0414134
-0.0473197
-0.0498459
-0.0490855
-0.0494733
-0.0496872
-0.0431392
-0.0468533
-0.0498775
-0.0485884
-0.0482588
-0.0495075
-0.0492455
-0.0489651
-0.0413589
-0.0491009
-0.0498754
-0.0473194
-0.0495137
-0.0487496
-0.0493614
-0.0495747
-0.0493789
-0.050627
-0.0495626
-0.0494616
-0.0493556
-0.0503195
-0.0519468
-0.0498739
-0.0502727
-0.0493318
-0.0494311
-0.0507058
-0.0455894
-0.0516189
-0.0499433
-0.0489879
-0.0483961
-0.0494118
-0.0494357
-0.0430665
-0.0467564
-0.0479726
-0.0483625
-0.0498427
-0.0493003
-0.0493846
-0.0416029
-0.0490679
-0.0499349
-0.0475449
-0.0492896
-0.0497032
-0.049453
-0.0467557
-0.0430133
-0.0498246
-0.0479774
-0.0483581
-0.049322
-0.0505707
-0.0475948
-0.0479284
-0.0496427
-0.0496242
-0.0506573
-0.0500078
-0.0507561
-0.0516295
-0.0455397
-0.0483754
-0.049998
-0.049002
-0.0493922
-0.045796
-0.0495876
-0.0495597
-0.0481388
-0.0482482
-0.0494684
-0.0497393
-0.0452846
-0.0494901
-0.0493223
-0.0480133
-0.0479862
-0.0494061
-0.0496278
-0.0459738
-0.0493602
-0.0493403
-0.0481289
-0.0481669
-0.0494795
-0.0495855
-0.045327
-0.0493473
-0.0495354
-0.0480254
-0.0480264
-0.0494335
-0.0496443
-0.0460601
-0.0494089
-0.0494164
-0.048221
-0.048177
-0.0495004
-0.0496131
-0.0458505
-0.049627
-0.0495928
-0.0482863
-0.0481827
-0.0495037
-0.0498006
-0.0452648
-0.0494762
-0.049298
-0.0479702
-0.0479869
-0.0493791
-0.0496033
-0.045785
-0.0495857
-0.0495606
-0.048125
-0.048234
-0.0494492
-0.049739
-0.0459436
-0.0493181
-0.0493429
-0.0481021
-0.0481459
-0.0494597
-0.0495649
-0.0460405
-0.0493555
-0.0493631
-0.0482026
-0.0481857
-0.0494931
-0.0495666
-0.0458855
-0.0495711
-0.0496346
-0.0482229
-0.0482926
-0.0495082
-0.0497673
-0.0453778
-0.049361
-0.0495753
-0.0480913
-0.0480666
-0.0494494
-0.04967
-0.0458593
-0.0496058
-0.049691
-0.0483125
-0.0482156
-0.0495324
-0.0498386
-0.0460107
-0.0494213
-0.0493848
-0.0482152
-0.0481358
-0.049514
-0.0496286
-0.0452885
-0.0495739
-0.0493519
-0.0480271
-0.0480006
-0.0494482
-0.0497022
-0.0460252
-0.0493543
-0.0493489
-0.0481718
-0.0481893
-0.0494825
-0.0495594
-0.0453582
-0.0493415
-0.0495582
-0.0480471
-0.048072
-0.0494299
-0.049653
-0.0458741
-0.0495714
-0.0496266
-0.0482793
-0.0482057
-0.049491
-0.0497658
-0.0459155
-0.0497173
-0.0496251
-0.0482604
-0.048343
-0.0495528
-0.0498558
-0.0453368
-0.0496267
-0.0493906
-0.0480844
-0.0480466
-0.04949
-0.049738
-0.0460589
-0.0494358
-0.0494224
-0.0482526
-0.0481856
-0.0495447
-0.0496435
-0.0493461
-0.0491597
-0.0497511
-0.049854
-0.0496661
-0.0496703
-0.0497866
-0.0499599
-0.0500316
-0.0498775
-0.0500767
-0.0498598
-0.0498698
-0.0498726
-0.05024
-0.0505167
-0.0500798
-0.0506637
-0.0501414
-0.0502596
-0.0501942
-0.0503087
-0.0508383
-0.050146
-0.0504516
-0.050154
-0.050653
-0.0506212
-0.049268
-0.0479727
-0.0497448
-0.0494947
-0.0502858
-0.0515259
-0.050611
-0.0490599
-0.0475976
-0.049697
-0.0489608
-0.0497139
-0.0507916
-0.0508
-0.0448047
-0.0379133
-0.0434871
-0.04677
-0.035087
-0.0443465
-0.0474321
-0.0488916
-0.0484359
-0.0493544
-0.0491502
-0.0494083
-0.0493276
-0.0495057
-0.0515033
-0.0518674
-0.0514886
-0.0517958
-0.0514421
-0.0517666
-0.0515168
-0.0500487
-0.0501408
-0.0500577
-0.0500156
-0.0501976
-0.0500923
-0.0499372
-0.0498196
-0.0498087
-0.0497577
-0.0498042
-0.0497857
-0.0497572
-0.0497632
-0.0498386
-0.0498445
-0.0498317
-0.0497028
-0.0498268
-0.0498159
-0.049788
-0.0498033
-0.0498672
-0.049896
-0.0497938
-0.0498364
-0.0498399
-0.0497989
-0.0499735
-0.0502388
-0.0499516
-0.0499809
-0.0499776
-0.0499646
-0.0498749
-0.0496506
-0.0493803
-0.0496114
-0.0496031
-0.0496349
-0.0496325
-0.049657
-0.0498729
-0.049438
-0.049518
-0.0497926
-0.0498289
-0.0497554
-0.0497893
-0.0498186
-0.0496316
-0.0497455
-0.0498669
-0.0498092
-0.0497682
-0.0497213
-0.0499211
-0.0499188
-0.0500789
-0.0498552
-0.0498624
-0.0498558
-0.0498458
-0.0499512
-0.0500365
-0.0498872
-0.0498676
-0.0498453
-0.0498904
-0.0498934
-0.0498767
-0.0495178
-0.0494813
-0.0489703
-0.0490697
-0.0493143
-0.0497372
-0.0508818
-0.0483826
-0.0505326
-0.0499705
-0.0502456
-0.0502442
-0.0503796
-0.050008
-0.0504572
-0.049937
-0.050117
-0.0499936
-0.0502913
-0.0500191
-0.0501911
-0.0501799
-0.0504566
-0.0498517
-0.0501464
-0.0499678
-0.0502873
-0.0498157
-0.0503249
-0.0485988
-0.0500769
-0.0507612
-0.0502048
-0.0502345
-0.0469456
-0.0443515
-0.0477204
-0.0501498
-0.0431784
-0.0485424
-0.0496381
-0.0505321
-0.0498481
-0.0508749
-0.050239
-0.0503774
-0.0499586
-0.0502419
-0.0499383
-0.050613
-0.0500044
-0.0502911
-0.0500206
-0.0501161
-0.0499931
-0.0504805
-0.0500666
-0.0502664
-0.0499739
-0.0502998
-0.0498646
-0.0501726
-0.0486218
-0.0501705
-0.0498599
-0.0502201
-0.0502438
-0.0500932
-0.0507138
-0.0467204
-0.0431671
-0.0470646
-0.048891
-0.0431152
-0.0469249
-0.0490624
-0.0495168
-0.0498006
-0.0498725
-0.049754
-0.0497875
-0.0497938
-0.0498299
-0.0497509
-0.0498589
-0.0498268
-0.0497711
-0.0497269
-0.0498707
-0.0498155
-0.0500981
-0.0498746
-0.0499384
-0.0498639
-0.0498587
-0.0498637
-0.0498754
-0.049949
-0.0499606
-0.0499803
-0.0499076
-0.0499217
-0.0498836
-0.0498627
-0.0495606
-0.0495325
-0.0496217
-0.0495099
-0.0497348
-0.0495074
-0.0496226
-0.0498405
-0.0498104
-0.0498489
-0.0498203
-0.0497949
-0.0497042
-0.049833
-0.0499125
-0.0498352
-0.0498205
-0.0498489
-0.0498123
-0.0498009
-0.0498482
-0.0496824
-0.0499589
-0.0496417
-0.0496715
-0.0497215
-0.0496407
-0.0497654
-0.0485914
-0.0487419
-0.0493029
-0.0496791
-0.0494856
-0.0470658
-0.0495256
-0.04939
-0.0507282
-0.050494
-0.0491783
-0.0508105
-0.0494904
-0.0494435
-0.0497664
-0.0498175
-0.0498663
-0.0497715
-0.0497606
-0.0497877
-0.0498043
-0.0498164
-0.0498347
-0.0497826
-0.0498014
-0.0497958
-0.049838
-0.0497795
-0.0495961
-0.0497509
-0.0510894
-0.0499877
-0.050017
-0.0479773
-0.0501619
-0.0499504
-0.0498167
-0.0499283
-0.0498563
-0.0497262
-0.0498819
-0.0497737
-0.049793
-0.0498443
-0.0498129
-0.0498213
-0.0497967
-0.0498005
-0.0498392
-0.0497451
-0.0497692
-0.0497735
-0.0498163
-0.0497981
-0.0498149
-0.0497633
-0.0498062
-0.049828
-0.0498224
-0.049822
-0.0498281
-0.049838
-0.0498267
-0.0498645
-0.0498085
-0.0498613
-0.0498623
-0.0498967
-0.0498224
-0.0498673
-0.0497718
-0.0498352
-0.0497551
-0.0498487
-0.0498444
-0.0497878
-0.0497413
-0.0497708
-0.0498387
-0.0497256
-0.049862
-0.0497732
-0.0497948
-0.0496986
-0.0497844
-0.0498704
-0.0497268
-0.0498144
-0.0497567
-0.0498165
-0.0497041
-0.0497537
-0.0497655
-0.0497776
-0.0497996
-0.0498104
-0.0497249
-0.0497345
-0.0509845
-0.0499066
-0.0491156
-0.0500993
-0.0490802
-0.0494647
-0.0494287
-0.0497454
-0.0492629
-0.0494886
-0.0500314
-0.0500771
-0.0496474
-0.0500958
-0.049748
-0.0497995
-0.0496654
-0.0498668
-0.0497666
-0.0499931
-0.0497338
-0.0497461
-0.0497131
-0.0495335
-0.0497668
-0.0497028
-0.049821
-0.0494162
-0.049732
-0.0497121
-0.0497025
-0.0497826
-0.0496476
-0.0496528
-0.0496931
-0.0497185
-0.0476742
-0.0501262
-0.0496837
-0.0486926
-0.0499242
-0.0504385
-0.0498194
-0.0502035
-0.049829
-0.0502139
-0.0498162
-0.0504109
-0.049856
-0.050454
-0.049963
-0.0501222
-0.0501669
-0.0499991
-0.0499976
-0.0498865
-0.0404323
-0.0367628
-0.0415874
-0.0415557
-0.0424733
-0.0372577
-0.0417846
-0.0482996
-0.0457684
-0.0464972
-0.0487192
-0.047156
-0.0490706
-0.0486722
-0.0498272
-0.0499884
-0.049816
-0.0504078
-0.0498545
-0.0502096
-0.0498153
-0.0501134
-0.0499015
-0.0504092
-0.050008
-0.0498807
-0.0501372
-0.0499749
-0.0503591
-0.0495794
-0.0503125
-0.0508111
-0.0505396
-0.0513538
-0.0508191
-0.0496607
-0.0498811
-0.0497459
-0.0499899
-0.0497298
-0.0498637
-0.049765
-0.0495085
-0.0497256
-0.0497321
-0.0498152
-0.04941
-0.0497658
-0.0496949
-0.0404238
-0.037674
-0.0422143
-0.0434954
-0.0403458
-0.0381631
-0.0470309
-0.0497564
-0.049861
-0.0497747
-0.0497876
-0.0497418
-0.049851
-0.0498448
-0.0497311
-0.0498223
-0.0497764
-0.0497977
-0.0497018
-0.0498642
-0.0497765
-0.0497369
-0.0498059
-0.0497939
-0.0498204
-0.0497127
-0.0498173
-0.0497649
-0.0497881
-0.0497875
-0.0497615
-0.0497312
-0.0497411
-0.049805
-0.0498217
-0.0496672
-0.0496128
-0.0495966
-0.0496919
-0.0495718
-0.0496549
-0.0497335
-0.049835
-0.0497683
-0.0498342
-0.0500117
-0.0498737
-0.0495995
-0.0497749
-0.0498418
-0.0498425
-0.0499032
-0.0498602
-0.0498812
-0.0498798
-0.0498609
-0.0497827
-0.0496938
-0.0499168
-0.0497827
-0.0495764
-0.0497631
-0.049831
-0.0511011
-0.0493756
-0.0491986
-0.0491478
-0.0469698
-0.049592
-0.0494341
-0.0501235
-0.0500385
-0.0494694
-0.0497704
-0.0498917
-0.050138
-0.0497571
-0.0494767
-0.0503745
-0.0495502
-0.0497698
-0.0496003
-0.0509121
-0.0498029
-0.0496857
-0.0497724
-0.049708
-0.0497757
-0.0497603
-0.0498406
-0.0497853
-0.0498093
-0.0498922
-0.0497531
-0.0497599
-0.0497932
-0.0498143
-0.0496903
-0.0499077
-0.0497898
-0.0497409
-0.0498372
-0.049908
-0.0497271
-0.049762
-0.0498237
-0.0497387
-0.0497432
-0.0497461
-0.0497953
-0.0497289
-0.0497295
-0.0497545
-0.0497579
-0.0497116
-0.049765
-0.0497589
-0.0497414
-0.0497301
-0.0497383
-0.0498128
-0.0497255
-0.0497578
-0.0497682
-0.0497178
-0.049764
-0.0500619
-0.0507816
-0.050188
-0.0500823
-0.0506979
-0.0501826
-0.0503023
-0.0497754
-0.0498671
-0.0496471
-0.0497668
-0.049753
-0.0496414
-0.0495419
-0.0496732
-0.0496163
-0.0494146
-0.0497368
-0.0497445
-0.0496423
-0.0495212
-0.0504111
-0.0492294
-0.0498096
-0.0502052
-0.0502209
-0.0492428
-0.0506254
-0.0447757
-0.0444371
-0.0484841
-0.0489355
-0.0439703
-0.0451255
-0.0488421
-0.0496458
-0.0498319
-0.0497747
-0.0496403
-0.0495417
-0.0497661
-0.0497524
-0.049414
-0.0497064
-0.0496761
-0.0496463
-0.0495217
-0.0497413
-0.0497513
-0.0497533
-0.0497654
-0.049812
-0.0498133
-0.0496905
-0.0497623
-0.0497947
-0.0497417
-0.0498557
-0.0499085
-0.0497261
-0.0497632
-0.0498355
-0.0499109
-0.0497435
-0.0498322
-0.0498263
-0.0497335
-0.0497343
-0.0497479
-0.0498007
-0.0497067
-0.0497905
-0.0497582
-0.0497558
-0.0497185
-0.0497754
-0.0497703
-0.0509613
-0.0490921
-0.0489952
-0.0502751
-0.0487123
-0.0504572
-0.0499565
-0.0497962
-0.0498263
-0.0495863
-0.0498094
-0.0498374
-0.0498198
-0.0498237
-0.0497786
-0.0500572
-0.0494146
-0.0496023
-0.0496991
-0.0503716
-0.0495179
-0.0497418
-0.0497548
-0.0497281
-0.0497075
-0.0497423
-0.0497529
-0.0497139
-0.050382
-0.049317
-0.0492746
-0.0500404
-0.0490904
-0.0499202
-0.0502535
-0.0497111
-0.0497356
-0.0497127
-0.0497062
-0.0497462
-0.0497879
-0.0497828
-0.0497806
-0.0497841
-0.0497308
-0.0497754
-0.0498086
-0.0499224
-0.0497548
-0.0497755
-0.0497829
-0.0496658
-0.0497808
-0.0497683
-0.0497976
-0.0496921
-0.0498951
-0.0497093
-0.0497512
-0.0498267
-0.0498901
-0.0497573
-0.0497229
-0.0497999
-0.0497291
-0.0497372
-0.0498314
-0.0498496
-0.0497494
-0.0497836
-0.0497764
-0.0497617
-0.0497746
-0.0498248
-0.0497679
-0.0498356
-0.0498399
-0.0498204
-0.0498039
-0.0497998
-0.049788
-0.0498134
-0.0498056
-0.0498199
-0.0499612
-0.0503104
-0.0500273
-0.0499222
-0.0502268
-0.0500013
-0.050051
-0.0497375
-0.049545
-0.0495087
-0.0497006
-0.0497151
-0.0494769
-0.0495082
-0.0498027
-0.0496649
-0.0496675
-0.0498252
-0.0498627
-0.0497788
-0.0499006
-0.0445723
-0.0467937
-0.0484575
-0.0493396
-0.0450615
-0.0465326
-0.048713
-0.0446609
-0.044686
-0.0484567
-0.048048
-0.0451224
-0.0441831
-0.0483112
-0.0495093
-0.0497265
-0.0497372
-0.0494783
-0.0495094
-0.049701
-0.0497154
-0.049667
-0.0497705
-0.0498104
-0.0497793
-0.0499079
-0.0498244
-0.0498794
-0.0498319
-0.049885
-0.049877
-0.0499101
-0.0498226
-0.0498695
-0.0495756
-0.0496661
-0.0497451
-0.049777
-0.0497961
-0.0496938
-0.0497851
-0.0497706
-0.049752
-0.0498252
-0.0498944
-0.0497563
-0.0497249
-0.0498265
-0.0498899
-0.0497421
-0.0497469
-0.0498064
-0.049752
-0.0497816
-0.0498337
-0.0498516
-0.0497644
-0.0497865
-0.0497904
-0.0498378
-0.0498463
-0.0498362
-0.0497689
-0.0501502
-0.0501427
-0.0498886
-0.0501659
-0.0501463
-0.0501553
-0.0499553
-0.049737
-0.0497556
-0.0497436
-0.0497679
-0.049736
-0.0497617
-0.049752
-0.0497051
-0.0497199
-0.0497006
-0.0497276
-0.049707
-0.0497156
-0.0497116
-0.0497094
-0.0496914
-0.0496754
-0.0496792
-0.0496967
-0.0497195
-0.049681
-0.0497468
-0.0497091
-0.0496464
-0.0496896
-0.0497117
-0.0497787
-0.0496211
-0.0497457
-0.0498019
-0.0497687
-0.0497682
-0.0498091
-0.0498261
-0.0498057
-0.0498006
-0.0497661
-0.0497895
-0.0498151
-0.049825
-0.0498466
-0.0497983
-0.0498256
-0.0497572
-0.0497195
-0.0498322
-0.049758
-0.0498141
-0.0497448
-0.049765
-0.0497833
-0.0496912
-0.0498096
-0.0497534
-0.0498356
-0.0497122
-0.0497427
-0.0497897
-0.0496919
-0.0497651
-0.0497464
-0.0498208
-0.0496867
-0.0498397
-0.0497336
-0.0497685
-0.049762
-0.0497682
-0.0497479
-0.0498055
-0.0497673
-0.049976
-0.0497829
-0.0496773
-0.0498837
-0.0496541
-0.0497857
-0.0497259
-0.0494073
-0.049621
-0.0498056
-0.0496904
-0.0495239
-0.0495532
-0.0499032
-0.0498821
-0.0501042
-0.0498836
-0.04995
-0.0499463
-0.0499728
-0.0502681
-0.0496623
-0.0506311
-0.0504056
-0.0507415
-0.0499747
-0.0505366
-0.0500442
-0.0499508
-0.0499362
-0.0505251
-0.0500986
-0.0502478
-0.0501658
-0.0504914
-0.0500385
-0.0507436
-0.0501283
-0.0503986
-0.0502899
-0.0506906
-0.049937
-0.0500867
-0.0500438
-0.0502488
-0.0501662
-0.050521
-0.0500976
-0.0507473
-0.0499034
-0.050502
-0.0502939
-0.0506954
-0.0501348
-0.0504106
-0.0495893
-0.0490757
-0.0494155
-0.0495486
-0.049346
-0.0497755
-0.0493461
-0.0496225
-0.0497368
-0.0497255
-0.0495231
-0.049556
-0.0498037
-0.0496904
-0.0501195
-0.0498662
-0.0499168
-0.0499595
-0.0499914
-0.0498962
-0.0499718
-0.0497209
-0.0498192
-0.0498232
-0.0498157
-0.0497473
-0.0498339
-0.0497588
-0.049691
-0.04985
-0.0497583
-0.0498421
-0.0497166
-0.0498074
-0.0497564
-0.0496975
-0.0497906
-0.0497454
-0.049819
-0.049692
-0.0497643
-0.0497502
-0.0497729
-0.0498021
-0.0498455
-0.0497503
-0.0498121
-0.0497634
-0.0497698
-0.0500042
-0.0500005
-0.0499449
-0.0499379
-0.0499808
-0.0500187
-0.0499137
-0.0521186
-0.0496021
-0.0494631
-0.0502527
-0.0466982
-0.0522397
-0.0496809
-0.0499227
-0.0498587
-0.0498158
-0.0497737
-0.0498805
-0.0498375
-0.0497772
-0.0498546
-0.050025
-0.0498094
-0.0497598
-0.050155
-0.0497975
-0.0497231
-0.0495138
-0.0498071
-0.0499951
-0.0495275
-0.04964
-0.0497846
-0.0492552
-0.0533155
-0.0496844
-0.0494671
-0.0494014
-0.0506016
-0.0509981
-0.0486328
-0.049762
-0.0497353
-0.0497257
-0.0497564
-0.0497525
-0.0498508
-0.0497466
-0.0495169
-0.0496142
-0.0494525
-0.0494778
-0.0494679
-0.0495286
-0.0495978
-0.0498028
-0.0498309
-0.0497724
-0.0497779
-0.0498082
-0.049887
-0.0498154
-0.0497515
-0.0497627
-0.0496978
-0.0497517
-0.0497436
-0.0497564
-0.0497317
-0.0498668
-0.0497365
-0.049721
-0.0497557
-0.0498192
-0.0498327
-0.0497613
-0.0498134
-0.0511602
-0.0499878
-0.0496201
-0.0497723
-0.0502939
-0.0466118
-0.0498437
-0.0498704
-0.0498144
-0.0499302
-0.0499786
-0.0497445
-0.0500707
-0.0498007
-0.0498612
-0.0497283
-0.0499399
-0.0498274
-0.0499871
-0.0498154
-0.0497357
-0.0497351
-0.0496455
-0.0497265
-0.0497005
-0.0496991
-0.049592
-0.0498014
-0.0497289
-0.0497942
-0.0497126
-0.0498139
-0.0495012
-0.0495799
-0.0497468
-0.0499656
-0.0501981
-0.0495652
-0.0502346
-0.0499804
-0.0498609
-0.0503712
-0.0504601
-0.0504316
-0.0499319
-0.0500918
-0.0486274
-0.0503514
-0.0498152
-0.050223
-0.0499177
-0.0501138
-0.0501913
-0.0503851
-0.0503661
-0.0501505
-0.0499418
-0.0502671
-0.0497911
-0.0503261
-0.0497627
-0.05003
-0.0504055
-0.0505136
-0.0505239
-0.0507016
-0.0497685
-0.0504918
-0.049638
-0.0320737
-0.0361102
-0.0428048
-0.0409636
-0.0364516
-0.0313519
-0.0423668
-0.0465457
-0.0483707
-0.0448628
-0.0405584
-0.0484696
-0.0460703
-0.0368042
-0.0504329
-0.0508758
-0.0503704
-0.0486273
-0.0503522
-0.0499276
-0.0500945
-0.0499183
-0.0500736
-0.0498156
-0.0503854
-0.0503656
-0.050118
-0.0501913
-0.0502653
-0.0498992
-0.0501556
-0.0497484
-0.0500134
-0.0497917
-0.050336
-0.0505334
-0.0503603
-0.0504197
-0.0505005
-0.0496552
-0.0507041
-0.0497896
-0.0287504
-0.0296444
-0.0386508
-0.0340979
-0.0301638
-0.0284157
-0.0347501
-0.0498192
-0.0498639
-0.0498466
-0.0497492
-0.0500726
-0.0499299
-0.0499792
-0.0497298
-0.0499182
-0.0498008
-0.0499875
-0.0498173
-0.0499409
-0.0498294
-0.0496484
-0.0497492
-0.049735
-0.0497001
-0.049593
-0.0497283
-0.0497025
-0.0497991
-0.0497525
-0.0498056
-0.0494983
-0.0495745
-0.0497176
-0.0498189
-0.0499527
-0.0503783
-0.0505497
-0.0499024
-0.0508414
-0.0498702
-0.0500947
-0.0282403
-0.0387996
-0.0420885
-0.0445828
-0.0375082
-0.0315656
-0.0403139
-0.049623
-0.0496043
-0.0495429
-0.0496032
-0.049665
-0.0496722
-0.0495997
-0.0497699
-0.0497159
-0.0497948
-0.0498876
-0.0498139
-0.0497773
-0.0498067
-0.0497017
-0.0497387
-0.049749
-0.0497524
-0.0497341
-0.04975
-0.0497471
-0.0495691
-0.049486
-0.0489728
-0.0495803
-0.0493918
-0.0493099
-0.0512087
-0.0500966
-0.04983
-0.0498048
-0.0499833
-0.0497793
-0.0498669
-0.0503341
-0.0496819
-0.0497576
-0.0497608
-0.0497349
-0.0497806
-0.0496741
-0.0497607
-0.0490044
-0.049689
-0.050967
-0.0493216
-0.0497084
-0.0494298
-0.0489668
-0.0496647
-0.049738
-0.0496612
-0.0497277
-0.0496289
-0.0497008
-0.0496925
-0.0491343
-0.049556
-0.0504265
-0.0500628
-0.0493719
-0.0495133
-0.0504508
-0.049979
-0.0497936
-0.0503262
-0.0500879
-0.0502583
-0.0498832
-0.0499323
-0.0498675
-0.0498708
-0.0498899
-0.0497634
-0.0498809
-0.0498545
-0.0498992
-0.0497724
-0.0497708
-0.049761
-0.0497573
-0.0497621
-0.0497745
-0.049777
-0.0488978
-0.0500765
-0.0498291
-0.0489162
-0.0496578
-0.0524906
-0.0497741
-0.0496914
-0.0498808
-0.0494963
-0.0494613
-0.0490772
-0.0493635
-0.0499675
-0.0499628
-0.0499246
-0.0500036
-0.0499707
-0.0501692
-0.0501261
-0.0500364
-0.0507424
-0.0496152
-0.0497197
-0.0495728
-0.0496028
-0.0504302
-0.0496766
-0.0457041
-0.0488563
-0.0491589
-0.049252
-0.0485863
-0.0461706
-0.0483202
-0.047655
-0.0499642
-0.0478647
-0.0456007
-0.0497052
-0.048771
-0.0438244
-0.0461051
-0.0482596
-0.0467979
-0.0425978
-0.0486728
-0.0457931
-0.0428292
-0.0499039
-0.0491117
-0.049933
-0.0498034
-0.0495975
-0.0495281
-0.0497167
-0.0436358
-0.0451427
-0.0460519
-0.0469893
-0.045748
-0.044786
-0.0444475
-0.0488983
-0.0495193
-0.0494709
-0.0483632
-0.0494006
-0.0494356
-0.0473109
-0.0500266
-0.0499521
-0.0498265
-0.0499909
-0.0499592
-0.0499578
-0.0499485
-0.0497192
-0.0496954
-0.0497054
-0.0497077
-0.0496773
-0.0497089
-0.0497363
-0.0468435
-0.0500195
-0.0501334
-0.0505357
-0.0494065
-0.0493983
-0.0503163
-0.0493203
-0.0495422
-0.0499591
-0.0499568
-0.0494746
-0.0494005
-0.0500946
-0.0503911
-0.050086
-0.0504938
-0.0501039
-0.0503862
-0.0502549
-0.0501835
-0.0495602
-0.0496075
-0.0500403
-0.0501872
-0.0500145
-0.0489564
-0.0494965
-0.040653
-0.0481031
-0.0458447
-0.0407548
-0.0476686
-0.0415923
-0.0401716
-0.0444235
-0.0477292
-0.0481382
-0.0472564
-0.0480824
-0.0461718
-0.0450483
-0.0293661
-0.0365111
-0.0395422
-0.0334296
-0.0374802
-0.0263103
-0.0317974
-0.0434933
-0.0474642
-0.0474901
-0.0412463
-0.047708
-0.0431271
-0.0416829
-0.0446178
-0.0484399
-0.0484352
-0.0445425
-0.0484237
-0.0444988
-0.0448108
-0.0296132
-0.0356898
-0.0386704
-0.0379059
-0.0357011
-0.0295968
-0.0380084
-0.0436206
-0.0488433
-0.0451079
-0.0431188
-0.0490239
-0.0411626
-0.0421226
-0.0266233
-0.035774
-0.0431884
-0.0343828
-0.0395452
-0.0230428
-0.0335881
-0.0499399
-0.0503107
-0.0500143
-0.0501954
-0.050218
-0.0500229
-0.0511045
-0.0500697
-0.0500995
-0.0499051
-0.0499903
-0.0499003
-0.0499442
-0.0500724
-0.0453889
-0.0493809
-0.0500997
-0.0506331
-0.0490811
-0.0486397
-0.0522231
-0.0454744
-0.0508307
-0.0503313
-0.0495538
-0.0523806
-0.0487914
-0.0493005
-0.0511555
-0.0492531
-0.0492665
-0.050388
-0.0488523
-0.0507117
-0.0501706
-0.0501834
-0.0501733
-0.0500192
-0.0500988
-0.0501447
-0.050143
-0.0499677
-0.0501782
-0.0502095
-0.0499991
-0.050176
-0.0501681
-0.0502346
-0.0500669
-0.0500008
-0.0502022
-0.0501738
-0.0503872
-0.0511359
-0.0500945
-0.0503535
-0.0520962
-0.0496421
-0.049481
-0.0501589
-0.046667
-0.0521933
-0.0496879
-0.0266673
-0.0345574
-0.0433348
-0.0354596
-0.033789
-0.0229215
-0.0394383
-0.049922
-0.0503507
-0.0497801
-0.0501377
-0.0500739
-0.0491013
-0.0498951
-0.0412149
-0.0359001
-0.0439119
-0.0435921
-0.0455013
-0.0385715
-0.0406039
-0.050341
-0.0494136
-0.0503579
-0.0500169
-0.0503757
-0.0505359
-0.0495533
-0.0503097
-0.0502294
-0.0501919
-0.0504805
-0.0504806
-0.050192
-0.0502811
-0.0502856
-0.050294
-0.050272
-0.0504972
-0.0505122
-0.0503481
-0.0503004
-0.0504806
-0.0500378
-0.0501781
-0.0504556
-0.0504349
-0.0503237
-0.0501854
-0.0501488
-0.0496617
-0.0502875
-0.0501931
-0.0504071
-0.050464
-0.0498901
-0.0445174
-0.0436136
-0.0446896
-0.0474117
-0.0455475
-0.0421552
-0.0448871
-0.0279623
-0.0387745
-0.0415304
-0.0442042
-0.0372482
-0.0313908
-0.0399361
-0.0296721
-0.0336172
-0.0367313
-0.0401984
-0.0263417
-0.0317497
-0.0380779
-0.0300529
-0.0368773
-0.0420369
-0.0378209
-0.0367055
-0.0301201
-0.0376748
-0.0400743
-0.0366259
-0.0411678
-0.0417186
-0.042598
-0.0407903
-0.0369928
-0.0426794
-0.0379747
-0.0419526
-0.0433152
-0.0435092
-0.0379674
-0.0424733
-0.0442157
-0.0471653
-0.0479814
-0.0485409
-0.04601
-0.0448852
-0.0484533
-0.044318
-0.0437147
-0.0482676
-0.0488386
-0.0434629
-0.0443725
-0.0487125
-0.0445961
-0.0443088
-0.0489476
-0.0489386
-0.0447577
-0.0444306
-0.0488465
-0.0450032
-0.0474156
-0.0500128
-0.0485831
-0.0472468
-0.0453393
-0.0490428
-0.0448602
-0.0446317
-0.0486362
-0.0483173
-0.045144
-0.0443121
-0.0485797
-0.0434676
-0.0411292
-0.0473986
-0.0474989
-0.0415755
-0.0431108
-0.0477257
-0.0400006
-0.0406065
-0.0476503
-0.0453876
-0.047425
-0.0417314
-0.0393879
-0.0360585
-0.0342184
-0.0398015
-0.0423821
-0.0426789
-0.0345106
-0.0357287
-0.0319143
-0.0358735
-0.0405911
-0.0419325
-0.04185
-0.0311682
-0.03628
-0.0292412
-0.0316733
-0.0366837
-0.0340307
-0.0320245
-0.0289315
-0.0347346
-0.0300502
-0.036877
-0.0378188
-0.0420359
-0.0301187
-0.0367052
-0.0376694
-0.0296681
-0.0336097
-0.0402206
-0.0367331
-0.0317524
-0.0263233
-0.0380875
-0.0426757
-0.0379769
-0.0433196
-0.0419523
-0.0435089
-0.0424784
-0.0379689
-0.040042
-0.0366204
-0.0417389
-0.0412056
-0.0425866
-0.036987
-0.0408022
-0.0443432
-0.0437274
-0.0488467
-0.0482822
-0.0443849
-0.0434872
-0.0487324
-0.044621
-0.0443264
-0.0489471
-0.0489646
-0.0444442
-0.0447847
-0.04887
-0.0442348
-0.0471261
-0.0485607
-0.0479972
-0.044889
-0.0459832
-0.0484848
-0.04486
-0.0446443
-0.048325
-0.0486491
-0.0443187
-0.0451565
-0.0485867
-0.0434593
-0.0411215
-0.0475006
-0.0474226
-0.0431097
-0.041566
-0.0477349
-0.0449698
-0.0473814
-0.0485996
-0.0499871
-0.0453159
-0.0472124
-0.0490154
-0.0360619
-0.0342131
-0.0423789
-0.0398348
-0.0427078
-0.0357259
-0.0345177
-0.0399876
-0.0405696
-0.0454071
-0.0476776
-0.0474685
-0.039367
-0.0416983
-0.029246
-0.0316673
-0.0340086
-0.0367188
-0.034772
-0.0289232
-0.0320416
-0.0318939
-0.0358467
-0.0419604
-0.0406059
-0.0362622
-0.0311322
-0.0418632
-0.0266108
-0.0345265
-0.0354696
-0.0432942
-0.0228823
-0.0337254
-0.0393886
-0.0411778
-0.035871
-0.0436198
-0.0438661
-0.0454726
-0.0405982
-0.0385305
-0.0499245
-0.0503627
-0.0501406
-0.0497845
-0.0500783
-0.0499096
-0.0491038
-0.0503568
-0.0494241
-0.0500278
-0.050366
-0.0503849
-0.0495725
-0.0505459
-0.0503387
-0.05026
-0.0505055
-0.0502182
-0.0505055
-0.0503101
-0.050223
-0.050312
-0.0503239
-0.0505224
-0.050299
-0.0505372
-0.0503292
-0.0503742
-0.0504955
-0.0500619
-0.0504789
-0.0501931
-0.0504594
-0.050219
-0.0503454
-0.0445439
-0.043613
-0.0474614
-0.0447528
-0.0456212
-0.0448898
-0.0421728
-0.0501768
-0.0496839
-0.0502242
-0.0503056
-0.0504375
-0.0499305
-0.0504764
-0.0279603
-0.0387601
-0.0442207
-0.0415826
-0.0399804
-0.0313598
-0.0372432
-0.0454839
-0.050845
-0.0495556
-0.0503397
-0.0487996
-0.0523922
-0.0493039
-0.051173
-0.049262
-0.0503971
-0.0492716
-0.0501814
-0.0507277
-0.0488653
-0.0502136
-0.0502043
-0.0501261
-0.0500511
-0.0501739
-0.0501767
-0.0499974
-0.0502124
-0.0502411
-0.0502062
-0.0500334
-0.0501022
-0.0502618
-0.050202
-0.0500199
-0.0502294
-0.0504036
-0.0501888
-0.0501238
-0.0511582
-0.0503673
-0.0521148
-0.0496654
-0.0501674
-0.0495094
-0.0497026
-0.0522084
-0.0466878
-0.051243
-0.0494793
-0.0493275
-0.0491877
-0.0471272
-0.049663
-0.0495079
-0.0468492
-0.050468
-0.0500822
-0.0499638
-0.0502697
-0.049362
-0.0493814
-0.0490188
-0.0490879
-0.0501048
-0.0499364
-0.0496953
-0.0525628
-0.0498763
-0.0486175
-0.0487361
-0.0493455
-0.049654
-0.0494653
-0.047079
-0.049519
-0.051052
-0.0491644
-0.0501934
-0.0492032
-0.0502535
-0.0494408
-0.049447
-0.0497519
-0.0496754
-0.0497828
-0.0497627
-0.0496504
-0.0497172
-0.0498126
-0.0497842
-0.0498056
-0.0498199
-0.0497993
-0.0498269
-0.0497651
-0.0498151
-0.0498996
-0.0499614
-0.0499679
-0.0499501
-0.0497268
-0.0498925
-0.0499137
-0.0498325
-0.049917
-0.0498467
-0.0498453
-0.04982
-0.0498665
-0.049854
-0.0498559
-0.0498264
-0.0498871
-0.0498418
-0.049876
-0.0498435
-0.0498705
-0.050028
-0.0500353
-0.0501166
-0.0499974
-0.0501583
-0.0499188
-0.0500719
-0.049903
-0.0498363
-0.0498607
-0.049863
-0.0498928
-0.0498814
-0.0498849
-0.0499702
-0.0498421
-0.0499618
-0.0498859
-0.0499981
-0.0498861
-0.049937
-0.0502757
-0.0499249
-0.0497348
-0.0500549
-0.0502033
-0.0498006
-0.0498523
-0.0499948
-0.0499799
-0.0499229
-0.0499138
-0.0499629
-0.0499966
-0.04992
-0.0500471
-0.0499515
-0.0497814
-0.0499642
-0.0499284
-0.0500219
-0.0499666
-0.0499518
-0.0511239
-0.0496567
-0.0500084
-0.0499103
-0.0466579
-0.0502173
-0.0488079
-0.0482364
-0.0494067
-0.0494499
-0.0493504
-0.0472087
-0.0493338
-0.0458499
-0.0493777
-0.0489515
-0.049256
-0.0463439
-0.0484682
-0.0486858
-0.049807
-0.0494733
-0.0494103
-0.0490305
-0.048875
-0.0492565
-0.0495625
-0.0504866
-0.0495108
-0.0496578
-0.049691
-0.0503977
-0.0495285
-0.049625
-0.0501313
-0.0497353
-0.0498756
-0.0492586
-0.0496712
-0.0497495
-0.0495907
-0.0496228
-0.0497857
-0.0494692
-0.0499493
-0.0498568
-0.0500004
-0.0497383
-0.0493399
-0.0495944
-0.0497197
-0.0493527
-0.0489155
-0.0491968
-0.0498131
-0.0493781
-0.049833
-0.0501648
-0.0494828
-0.0504286
-0.0494323
-0.0498105
-0.0457634
-0.0488534
-0.0493675
-0.0493236
-0.0485238
-0.0462152
-0.0486713
-0.04357
-0.0450432
-0.0460086
-0.0470658
-0.0456512
-0.044671
-0.0444913
-0.0464317
-0.0447888
-0.0403376
-0.0483965
-0.0365962
-0.0485368
-0.0459069
-0.0470331
-0.0445406
-0.0503252
-0.0478149
-0.0487099
-0.0432315
-0.0498092
-0.0466495
-0.0430769
-0.0469
-0.0488756
-0.04299
-0.0469143
-0.0490693
-0.0447461
-0.0434546
-0.0379165
-0.0467415
-0.0350482
-0.0473926
-0.0443285
-0.0474872
-0.0452419
-0.0498329
-0.0477104
-0.0484846
-0.0435898
-0.0496302
-0.0460482
-0.0425044
-0.046736
-0.0482516
-0.042708
-0.0457731
-0.0486353
-0.046429
-0.0403346
-0.0447853
-0.0483971
-0.0365848
-0.0459068
-0.0485328
-0.0466502
-0.0430758
-0.048876
-0.0469033
-0.046914
-0.0429903
-0.0490724
-0.0470318
-0.0445319
-0.0478119
-0.050335
-0.043231
-0.0487272
-0.0498069
-0.046111
-0.0424902
-0.048279
-0.0467927
-0.0457882
-0.0427647
-0.0486858
-0.0475613
-0.0453637
-0.0477853
-0.0499087
-0.0436765
-0.0485964
-0.0496797
-0.0458303
-0.049369
-0.0492552
-0.0489374
-0.0484586
-0.0463238
-0.0486746
-0.0498053
-0.0497255
-0.0493216
-0.0498669
-0.0496446
-0.0495301
-0.0496375
-0.0498068
-0.0494142
-0.0494802
-0.048868
-0.049034
-0.0492562
-0.049575
-0.0506461
-0.0494819
-0.0496962
-0.0496649
-0.0494322
-0.0504021
-0.049668
-0.0494881
-0.0499418
-0.0495899
-0.0502437
-0.0495572
-0.0505285
-0.0498951
-0.049685
-0.0498301
-0.0500014
-0.0495071
-0.05007
-0.0499029
-0.049795
-0.049357
-0.0497403
-0.0496054
-0.0489411
-0.0493748
-0.0492297
-0.0498383
-0.043649
-0.0451409
-0.0471404
-0.046132
-0.0445742
-0.0447783
-0.0457494
-0.0457748
-0.0488704
-0.0493391
-0.0493739
-0.0486902
-0.0462281
-0.0485293
-0.0486086
-0.0487259
-0.0496512
-0.0493359
-0.04946
-0.0495124
-0.0470709
-0.0490182
-0.0491017
-0.0499433
-0.0501067
-0.0496854
-0.0498846
-0.0525644
-0.0497472
-0.0496681
-0.049762
-0.049781
-0.0497121
-0.0496416
-0.0498123
-0.0497824
-0.0498057
-0.0497994
-0.0498229
-0.0497626
-0.0498284
-0.0498165
-0.0510549
-0.0502001
-0.0491711
-0.0502578
-0.0492042
-0.0494401
-0.0494554
-0.0499126
-0.0499847
-0.0499753
-0.0499667
-0.0497378
-0.0499269
-0.0499109
-0.049841
-0.0499255
-0.0498519
-0.0498562
-0.0498726
-0.0498298
-0.0498623
-0.0498669
-0.0498394
-0.0498537
-0.0498975
-0.0498574
-0.049888
-0.0498806
-0.04992
-0.0498509
-0.0498756
-0.0498754
-0.0498956
-0.0499086
-0.0499001
-0.0499891
-0.049866
-0.0499043
-0.0499773
-0.0499101
-0.0500165
-0.049953
-0.0500196
-0.0499999
-0.0499435
-0.0499353
-0.0500239
-0.0499775
-0.049948
-0.050059
-0.0499697
-0.0499877
-0.0498091
-0.0500434
-0.0499379
-0.0499931
-0.0502757
-0.0497551
-0.0499439
-0.0502061
-0.0500722
-0.0498159
-0.0498713
-0.0488051
-0.0482511
-0.0494528
-0.0494013
-0.0493408
-0.0493436
-0.047217
-0.0499834
-0.051149
-0.0500225
-0.0496669
-0.0499423
-0.050218
-0.0466742
-0.0512555
-0.0494833
-0.0492047
-0.0493369
-0.0495257
-0.0496714
-0.0471354
-0.0493739
-0.0501407
-0.0495909
-0.0501797
-0.0493975
-0.0503323
-0.0494359
-0.0499912
-0.0500705
-0.049835
-0.0498772
-0.0498269
-0.0498709
-0.0502704
-0.0468571
-0.0504664
-0.0499809
-0.0500941
-0.0493741
-0.0502717
-0.0494004
-0.0492828
-0.0501911
-0.0505989
-0.0496028
-0.0506181
-0.0495873
-0.0495151
-0.0504857
-0.0494277
-0.0493634
-0.05014
-0.0492155
-0.050018
-0.0503672
-0.0498019
-0.0498012
-0.0497042
-0.049754
-0.0497771
-0.049744
-0.049745
-0.0496991
-0.0497163
-0.0496425
-0.0497049
-0.0497023
-0.0497846
-0.0495929
-0.0490339
-0.0494339
-0.0508431
-0.0496773
-0.0489706
-0.0495642
-0.0496982
-0.0531717
-0.0496393
-0.04939
-0.0494085
-0.0505354
-0.051152
-0.0484271
-0.0497422
-0.0491913
-0.04975
-0.0497077
-0.0495238
-0.0514797
-0.0494533
-0.0494365
-0.0496471
-0.0510819
-0.0499443
-0.0498946
-0.0479734
-0.0500996
-0.0507143
-0.0493819
-0.050469
-0.0491576
-0.0508008
-0.0494742
-0.04943
-0.0498564
-0.0498026
-0.0500294
-0.0498372
-0.0497352
-0.0498211
-0.0499167
-0.0497807
-0.0498202
-0.0498317
-0.0497952
-0.0498119
-0.0497605
-0.0498431
-0.0497566
-0.0498546
-0.0498083
-0.0497635
-0.0497499
-0.0497936
-0.0497778
-0.049795
-0.0497966
-0.049844
-0.049801
-0.0497928
-0.0497895
-0.0498212
-0.0498327
-0.0498139
-0.0498038
-0.0497895
-0.0499488
-0.0498161
-0.0498186
-0.0498053
-0.0497713
-0.0498216
-0.049791
-0.0497835
-0.0497693
-0.0498262
-0.0498646
-0.0497083
-0.0499002
-0.0498378
-0.049913
-0.0498957
-0.0498757
-0.0498264
-0.0497819
-0.049809
-0.0497653
-0.0499856
-0.0498139
-0.0498089
-0.0497997
-0.0498715
-0.0498515
-0.0499475
-0.0500399
-0.0496549
-0.0497658
-0.0499403
-0.0498231
-0.0498357
-0.0497884
-0.0498879
-0.0498349
-0.0497803
-0.050075
-0.0498991
-0.0497348
-0.0498063
-0.0502032
-0.0498343
-0.0497596
-0.0495706
-0.051059
-0.0497309
-0.0499671
-0.0499974
-0.0479674
-0.0501308
-0.0496066
-0.0496251
-0.0490092
-0.0495316
-0.0494279
-0.0512711
-0.0493551
-0.0487465
-0.0494675
-0.0483074
-0.0494608
-0.0493634
-0.047254
-0.0493129
-0.0498455
-0.0496159
-0.0510999
-0.050021
-0.0498213
-0.0465703
-0.0502533
-0.0486018
-0.049312
-0.0487395
-0.0496921
-0.0495049
-0.0495342
-0.0470559
-0.0487615
-0.0499159
-0.0487856
-0.0495987
-0.0494984
-0.049553
-0.0523873
-0.028182
-0.0442845
-0.0416997
-0.0389917
-0.0401428
-0.0315552
-0.0374736
-0.0494088
-0.0497177
-0.0495899
-0.0489343
-0.0493446
-0.0492419
-0.0498492
-0.0496309
-0.0495414
-0.0498744
-0.0500258
-0.0499626
-0.0497024
-0.0500883
-0.0494976
-0.0497177
-0.0502265
-0.0499729
-0.0499091
-0.0496146
-0.05058
-0.0506358
-0.0496042
-0.049555
-0.0497644
-0.0502749
-0.0497274
-0.0496954
-0.049852
-0.0493486
-0.0499376
-0.0500174
-0.0496941
-0.0496927
-0.0496927
-0.0266811
-0.0358884
-0.0431918
-0.0343833
-0.0395387
-0.0230488
-0.0336202
-0.03197
-0.0407587
-0.0359851
-0.0419306
-0.0312381
-0.0420054
-0.0362987
-0.0289837
-0.0337212
-0.0364283
-0.0313793
-0.0344327
-0.0286455
-0.0317764
-0.0475374
-0.045556
-0.047761
-0.0499231
-0.04369
-0.0487019
-0.0496161
-0.0458643
-0.0465433
-0.0422209
-0.0480239
-0.0425352
-0.0485025
-0.0454729
-0.0445173
-0.0376229
-0.0432438
-0.0464176
-0.0348898
-0.0439887
-0.0471386
-0.0466936
-0.0470239
-0.0432029
-0.0488793
-0.0430941
-0.0490349
-0.0469392
-0.0464818
-0.0407152
-0.0445512
-0.0484473
-0.0367752
-0.0460863
-0.0485738
-0.0295379
-0.0366212
-0.0335318
-0.0397412
-0.0319736
-0.0264225
-0.0376302
-0.0297652
-0.0358311
-0.0388085
-0.0381156
-0.0358626
-0.029717
-0.038171
-0.0289794
-0.0337189
-0.0313811
-0.0364247
-0.0286439
-0.0344334
-0.0317655
-0.0319453
-0.0406903
-0.0418787
-0.0359181
-0.041969
-0.031182
-0.0362688
-0.0458714
-0.0422217
-0.0465468
-0.0480227
-0.0425403
-0.0454738
-0.0485039
-0.0475458
-0.0477629
-0.0455543
-0.0499202
-0.0437002
-0.0496151
-0.0487136
-0.0445279
-0.0376235
-0.0464183
-0.0432413
-0.0439913
-0.0348997
-0.0471421
-0.0470086
-0.0477841
-0.0444358
-0.0501548
-0.0432458
-0.0496693
-0.0485822
-0.0464828
-0.0406509
-0.0484234
-0.0445414
-0.0460516
-0.0367424
-0.0485782
-0.0296884
-0.035795
-0.0380814
-0.0387701
-0.0381547
-0.029688
-0.035765
-0.0295105
-0.0366111
-0.0397559
-0.033526
-0.0376278
-0.026399
-0.0319638
-0.0281216
-0.0441836
-0.0389254
-0.0416891
-0.0314994
-0.0401328
-0.0374043
-0.0497195
-0.0494026
-0.0495931
-0.0489246
-0.0493466
-0.0492513
-0.0498546
-0.0498012
-0.049702
-0.0499713
-0.0501453
-0.0496277
-0.0498875
-0.050553
-0.0496345
-0.0495283
-0.049989
-0.0498459
-0.0497467
-0.0499643
-0.0500623
-0.0495177
-0.049878
-0.0494748
-0.0490567
-0.0489732
-0.0493119
-0.0497275
-0.0501689
-0.0492915
-0.0499848
-0.0499178
-0.0498107
-0.049622
-0.0497506
-0.0504768
-0.0495832
-0.0497383
-0.0495343
-0.0496433
-0.0502528
-0.049675
-0.0266078
-0.0358671
-0.0343483
-0.0430983
-0.033547
-0.0230095
-0.0394568
-0.0487278
-0.0482933
-0.0494495
-0.0494527
-0.0493459
-0.0472374
-0.0493077
-0.049821
-0.0495963
-0.0499958
-0.0511038
-0.0498037
-0.0465571
-0.0502237
-0.0487272
-0.0499187
-0.0495918
-0.0487586
-0.0494851
-0.0523709
-0.0495375
-0.0497897
-0.0497745
-0.0492153
-0.0497387
-0.0495345
-0.0494953
-0.0515157
-0.049469
-0.0496609
-0.0499571
-0.051095
-0.0499068
-0.0501132
-0.0479857
-0.0498864
-0.0497909
-0.0498477
-0.0500462
-0.0498314
-0.0497497
-0.0499298
-0.0497467
-0.049834
-0.0497988
-0.0498426
-0.0497275
-0.0498331
-0.0498572
-0.0498019
-0.0498531
-0.0498072
-0.0498104
-0.0498024
-0.0498292
-0.0497981
-0.0498374
-0.0498152
-0.0497899
-0.0498126
-0.0498205
-0.0499488
-0.0498214
-0.0498775
-0.0499136
-0.0497224
-0.049853
-0.0499258
-0.0498897
-0.0499099
-0.0498293
-0.0497924
-0.0497695
-0.0498051
-0.0498218
-0.0499903
-0.0498133
-0.0498887
-0.0498154
-0.049869
-0.050069
-0.0499666
-0.0496689
-0.0497793
-0.0498741
-0.0498353
-0.0498209
-0.049841
-0.0498352
-0.049894
-0.0498179
-0.0500709
-0.0499103
-0.0498285
-0.049753
-0.0498404
-0.050218
-0.0497871
-0.0496449
-0.0496475
-0.0495682
-0.0490463
-0.049444
-0.0513013
-0.0494032
-0.049296
-0.0502058
-0.0495993
-0.0506328
-0.0495947
-0.0506323
-0.0495247
-0.0504914
-0.0494205
-0.0501426
-0.0493677
-0.0503598
-0.0500071
-0.0492139
-0.0497903
-0.0497948
-0.0497447
-0.0497069
-0.049743
-0.0497644
-0.0497433
-0.0496853
-0.0497137
-0.049729
-0.049625
-0.0495961
-0.0497796
-0.0496889
-0.0490212
-0.0494282
-0.0496842
-0.0508523
-0.0495683
-0.0489832
-0.0497318
-0.0531762
-0.049639
-0.0494017
-0.0494045
-0.0484068
-0.0511547
-0.0505587
-0.0532711
-0.0494576
-0.0493029
-0.0496809
-0.0484414
-0.0510921
-0.0505054
-0.0497653
-0.0501801
-0.0497228
-0.0498814
-0.0498266
-0.0495319
-0.0499281
-0.0494497
-0.0503023
-0.0494522
-0.0497052
-0.0494859
-0.0507757
-0.0496413
-0.0500923
-0.0494477
-0.0500265
-0.0497852
-0.0499225
-0.0500744
-0.0497673
-0.0498202
-0.0497853
-0.0497813
-0.0497864
-0.049764
-0.0498067
-0.0497862
-0.0496933
-0.0497489
-0.0497724
-0.0497469
-0.049736
-0.0497181
-0.049756
-0.0497603
-0.0495394
-0.0496734
-0.0500518
-0.0496191
-0.0496855
-0.0503653
-0.0495724
-0.0495263
-0.0503957
-0.0497316
-0.0496186
-0.0509057
-0.0497273
-0.0497229
-0.0496595
-0.0500454
-0.0497876
-0.0497406
-0.049493
-0.0498468
-0.0490866
-0.0495167
-0.0504141
-0.0500293
-0.0493732
-0.0494562
-0.0504892
-0.0467533
-0.0500426
-0.0504366
-0.0499397
-0.0502518
-0.0493078
-0.0493238
-0.0497454
-0.0498196
-0.0498177
-0.0499835
-0.0498392
-0.0495751
-0.0497612
-0.0501337
-0.0497901
-0.0499147
-0.0498777
-0.0500999
-0.0498177
-0.049872
-0.0498517
-0.0498171
-0.0498215
-0.0498327
-0.049831
-0.0498383
-0.0498652
-0.0497485
-0.0498965
-0.0496966
-0.0497639
-0.0495578
-0.0498141
-0.0497384
-0.0505206
-0.0502879
-0.0492183
-0.0506769
-0.048915
-0.049299
-0.0493492
-0.0497058
-0.0497355
-0.0497631
-0.0497642
-0.049774
-0.0497227
-0.0497557
-0.0510898
-0.0491915
-0.049385
-0.049133
-0.0495817
-0.046975
-0.0494081
-0.0493202
-0.0495275
-0.0499617
-0.0499411
-0.0494455
-0.0493733
-0.0501039
-0.052028
-0.0500969
-0.0494272
-0.0495492
-0.0497113
-0.0521206
-0.0465797
-0.050189
-0.0497273
-0.0499102
-0.0501635
-0.0499134
-0.0497777
-0.0499049
-0.0499667
-0.0497872
-0.0499628
-0.049905
-0.0499401
-0.0499199
-0.0499456
-0.0499421
-0.0498189
-0.0498504
-0.0499389
-0.049834
-0.0499244
-0.0499292
-0.0496882
-0.0496188
-0.0496381
-0.0497054
-0.0496013
-0.0497481
-0.0496722
-0.0497007
-0.0496301
-0.0497282
-0.0496812
-0.0496299
-0.0496772
-0.0497216
-0.0454185
-0.0493157
-0.0499989
-0.0505432
-0.0490001
-0.0485549
-0.0521712
-0.0446737
-0.0447874
-0.0437531
-0.0474297
-0.0456526
-0.0423419
-0.0449865
-0.0500883
-0.0501794
-0.0495645
-0.050105
-0.050288
-0.0503656
-0.0498163
-0.0404636
-0.0422961
-0.0376961
-0.0435227
-0.0404197
-0.0470446
-0.03822
-0.0494876
-0.0495465
-0.0501535
-0.0500139
-0.049992
-0.0494482
-0.0488914
-0.0399043
-0.0407172
-0.0453585
-0.0477256
-0.0473851
-0.0393944
-0.0417783
-0.0357967
-0.0395259
-0.0339255
-0.0420695
-0.0423832
-0.0342361
-0.0354538
-0.0357928
-0.0339239
-0.0395216
-0.0420675
-0.0423794
-0.0342296
-0.0354516
-0.039873
-0.0453088
-0.0406666
-0.0476365
-0.0473428
-0.0393615
-0.0417163
-0.040461
-0.0415923
-0.0367747
-0.0415625
-0.0424832
-0.0418134
-0.0372666
-0.0446343
-0.0436629
-0.0447539
-0.0473386
-0.0456059
-0.0422859
-0.0449223
-0.0501005
-0.0501818
-0.0501115
-0.0495707
-0.050294
-0.0503666
-0.0498278
-0.0495202
-0.0495734
-0.0500413
-0.0501879
-0.0500181
-0.0489155
-0.0494811
-0.0520231
-0.0501005
-0.0495475
-0.0494402
-0.0521146
-0.0497148
-0.0465782
-0.0499496
-0.0499436
-0.0497702
-0.0498919
-0.0499119
-0.0499304
-0.049908
-0.0497182
-0.0501947
-0.0499149
-0.0501607
-0.0499197
-0.049773
-0.0498953
-0.0499311
-0.0498102
-0.0499313
-0.0498458
-0.0499143
-0.0498267
-0.0499217
-0.0498958
-0.0509727
-0.0491165
-0.0490807
-0.050072
-0.0494623
-0.0494271
-0.049685
-0.0496126
-0.0496739
-0.0497229
-0.049664
-0.0496137
-0.0497117
-0.04544
-0.0493376
-0.0505794
-0.0500234
-0.0522024
-0.0485821
-0.049017
-0.0467497
-0.0504314
-0.0500509
-0.0499495
-0.0493189
-0.0502397
-0.0493191
-0.0498288
-0.0497567
-0.050017
-0.0498142
-0.0497662
-0.049711
-0.0501551
-0.0501733
-0.0499074
-0.0498124
-0.0498847
-0.050137
-0.0498914
-0.0498164
-0.0499467
-0.049799
-0.0498403
-0.0498225
-0.0498587
-0.0498137
-0.0498777
-0.0503099
-0.0505401
-0.0492386
-0.0489368
-0.0507081
-0.0493208
-0.0493647
-0.0496816
-0.0497296
-0.0497973
-0.0497722
-0.0496924
-0.0497845
-0.0497919
-0.0493358
-0.0495159
-0.0499391
-0.0499508
-0.0500894
-0.0493786
-0.0494581
-0.0532467
-0.0494557
-0.0496621
-0.0493347
-0.05107
-0.0484407
-0.0505088
-0.0498078
-0.0497306
-0.0502284
-0.0498985
-0.0498348
-0.0500016
-0.0495316
-0.0493702
-0.0502925
-0.0497644
-0.0494726
-0.0494616
-0.0497534
-0.0507852
-0.0498014
-0.0496713
-0.0495476
-0.0500847
-0.049617
-0.0504069
-0.0497219
-0.0497149
-0.0496615
-0.0498171
-0.0501055
-0.049732
-0.0494891
-0.0499222
-0.0491063
-0.0494985
-0.0500381
-0.0504546
-0.050497
-0.0494525
-0.0493772
-0.0490185
-0.0508933
-0.0493447
-0.0497476
-0.0488133
-0.049656
-0.049403
-0.0497633
-0.049657
-0.0496572
-0.0497371
-0.0496284
-0.0498384
-0.0497162
-0.0497417
-0.0494101
-0.050003
-0.0495986
-0.0496577
-0.0502882
-0.0495084
-0.0496418
-0.0497028
-0.0496728
-0.0497058
-0.0496791
-0.0496818
-0.0496911
-0.0497197
-0.0497353
-0.0497475
-0.0497058
-0.0497367
-0.0497286
-0.0497325
-0.0497049
-0.0497372
-0.0497106
-0.0497253
-0.0497193
-0.0497198
-0.0497091
-0.0497129
-0.0496996
-0.0497055
-0.0497186
-0.0497093
-0.0497245
-0.0497119
-0.0497478
-0.0497299
-0.0497551
-0.0497106
-0.0497475
-0.049713
-0.0497588
-0.0497211
-0.0496907
-0.0496753
-0.0496962
-0.0496876
-0.0497311
-0.0497033
-0.0497353
-0.0497417
-0.0496948
-0.0496994
-0.0497066
-0.0497346
-0.0497301
-0.0500479
-0.0494374
-0.0496601
-0.0499742
-0.0498763
-0.0497108
-0.0499455
-0.0497446
-0.0497393
-0.0497151
-0.0497076
-0.0497259
-0.049732
-0.0497044
-0.0503537
-0.0492708
-0.0493168
-0.0500061
-0.0499079
-0.0490759
-0.0502279
-0.0496863
-0.0496978
-0.0496369
-0.0496865
-0.0496543
-0.0496664
-0.0496847
-0.0497951
-0.0495827
-0.0498262
-0.0498049
-0.049839
-0.0498179
-0.0498172
-0.0497556
-0.0498179
-0.0497614
-0.04976
-0.0498942
-0.0497714
-0.0497708
-0.0497487
-0.0497537
-0.0497374
-0.0497637
-0.0497387
-0.0497726
-0.0497372
-0.0497454
-0.049867
-0.0497456
-0.0497808
-0.0497774
-0.0498047
-0.0497555
-0.0497729
-0.0497147
-0.0497559
-0.049726
-0.0498597
-0.0497247
-0.0497654
-0.0497492
-0.0497796
-0.0497878
-0.0497588
-0.049797
-0.0497511
-0.0497638
-0.04994
-0.0500601
-0.0501094
-0.0502967
-0.0510778
-0.0502729
-0.0499888
-0.0501315
-0.0500627
-0.0499104
-0.0501408
-0.0499573
-0.0501512
-0.0501371
-0.0498684
-0.0497654
-0.0498324
-0.0498469
-0.0498603
-0.049838
-0.0498553
-0.0498251
-0.0497739
-0.0497796
-0.0497927
-0.0497898
-0.0498111
-0.0498116
-0.0499291
-0.0500102
-0.0499709
-0.0499198
-0.0500752
-0.049982
-0.0498355
-0.0497731
-0.0497842
-0.0497701
-0.0497783
-0.0497861
-0.0497679
-0.0497788
-0.0498045
-0.0498422
-0.049831
-0.0498551
-0.04956
-0.0498212
-0.0498118
-0.0509248
-0.0489728
-0.0490667
-0.0502567
-0.0504243
-0.048685
-0.0499321
-0.0500493
-0.0500572
-0.0498517
-0.0500266
-0.04982
-0.0499676
-0.0500425
-0.0503956
-0.0499328
-0.0503582
-0.0501018
-0.0503725
-0.0501116
-0.0502267
-0.0501613
-0.0501376
-0.0501778
-0.0503969
-0.0503921
-0.0502212
-0.0501908
-0.0432266
-0.0471491
-0.0408597
-0.0471985
-0.041331
-0.0474865
-0.0428485
-0.0447883
-0.0498141
-0.0472275
-0.0484496
-0.0470587
-0.0488339
-0.0451502
-0.0446586
-0.0481015
-0.0485028
-0.0444563
-0.0484125
-0.0440979
-0.0449747
-0.0455612
-0.0483464
-0.0448971
-0.0487623
-0.0441587
-0.048622
-0.0461065
-0.0445518
-0.0477082
-0.0466741
-0.0484076
-0.0458011
-0.0484611
-0.0449022
-0.0458799
-0.0486522
-0.0486574
-0.0452353
-0.0485728
-0.0456522
-0.0454034
-0.04322
-0.0408573
-0.0471492
-0.047199
-0.0413253
-0.0428476
-0.0474847
-0.0446513
-0.0481033
-0.0444567
-0.048499
-0.0440978
-0.0484095
-0.0449678
-0.0447835
-0.049798
-0.048446
-0.0472269
-0.0488294
-0.0470452
-0.0451479
-0.0449137
-0.0488944
-0.0446218
-0.0488125
-0.0449469
-0.0488135
-0.0449559
-0.044387
-0.0477389
-0.0485748
-0.0466345
-0.0486373
-0.0457247
-0.0448485
-0.0503958
-0.0503617
-0.0499405
-0.0500983
-0.0503761
-0.0501177
-0.0502287
-0.0501653
-0.0501378
-0.0504005
-0.0501786
-0.0503957
-0.0502211
-0.0501949
-0.0504426
-0.0498435
-0.0492595
-0.0502248
-0.0502437
-0.0506586
-0.0492716
-0.0499366
-0.0501091
-0.0500412
-0.0502883
-0.0502576
-0.0510663
-0.0499925
-0.0501277
-0.0500611
-0.0501378
-0.0499085
-0.050148
-0.0499533
-0.0501335
-0.0498683
-0.0498315
-0.0497687
-0.0498499
-0.0498586
-0.0498559
-0.0498428
-0.0499264
-0.0500072
-0.0499194
-0.0499685
-0.049979
-0.0500699
-0.0498352
-0.0498248
-0.049776
-0.0497949
-0.0497832
-0.0498117
-0.0497925
-0.0498128
-0.0497316
-0.0497213
-0.0497895
-0.0497513
-0.0497555
-0.0497628
-0.0496961
-0.0498031
-0.0498623
-0.0498627
-0.0498548
-0.0498232
-0.049574
-0.049817
-0.0497674
-0.0497706
-0.04978
-0.0497464
-0.0497646
-0.0497643
-0.0497775
-0.0500932
-0.0500911
-0.0500643
-0.0498909
-0.0500869
-0.0500067
-0.0498589
-0.0497492
-0.0497565
-0.0497678
-0.0497414
-0.0497742
-0.0497416
-0.0497416
-0.0497621
-0.0498043
-0.0497667
-0.0497735
-0.0497672
-0.0498973
-0.0497809
-0.0497705
-0.0497553
-0.049873
-0.0498017
-0.0497937
-0.0497751
-0.0498535
-0.0497664
-0.0497913
-0.0497703
-0.0498079
-0.0497761
-0.0498226
-0.0497759
-0.0498164
-0.0497385
-0.0497243
-0.0497992
-0.0497338
-0.0498921
-0.0498095
-0.048991
-0.0493256
-0.0508973
-0.0497602
-0.049666
-0.0488116
-0.0494206
-0.0497659
-0.0496739
-0.0497416
-0.0496684
-0.0498314
-0.049645
-0.0497242
-0.0497151
-0.0497445
-0.0497317
-0.049703
-0.0497323
-0.0497274
-0.0497268
-0.0496994
-0.0497311
-0.0497218
-0.0497041
-0.0497153
-0.0497138
-0.0497028
-0.049706
-0.0496953
-0.0497135
-0.049707
-0.0497173
-0.0497104
-0.0497061
-0.0497167
-0.0496909
-0.049694
-0.0496886
-0.049727
-0.0496962
-0.0497005
-0.0497327
-0.0497431
-0.0496967
-0.0496989
-0.049733
-0.0497101
-0.0497276
-0.050084
-0.0496382
-0.0494594
-0.049994
-0.0498596
-0.0500359
-0.0496824
-0.0497121
-0.0497162
-0.0497073
-0.0496624
-0.0497107
-0.0496866
-0.0496691
-0.0497012
-0.0496681
-0.0497179
-0.049717
-0.0497053
-0.0496866
-0.0496886
-0.0503718
-0.0500612
-0.0492333
-0.0493485
-0.0502587
-0.0499061
-0.049055
-0.049733
-0.0496572
-0.0497006
-0.0496742
-0.0497287
-0.0496835
-0.04967
-0.0499374
-0.0498488
-0.0492457
-0.0496321
-0.0498788
-0.0498216
-0.0495265
-0.0497118
-0.04971
-0.0497256
-0.0497369
-0.0497149
-0.0497207
-0.0497221
-0.0497122
-0.0497049
-0.0497171
-0.0496978
-0.0497106
-0.0497084
-0.0497225
-0.0497129
-0.0496978
-0.0497252
-0.0497335
-0.0497159
-0.0497248
-0.0497301
-0.0497125
-0.049673
-0.0496935
-0.0496845
-0.0497002
-0.0496816
-0.0497218
-0.0497247
-0.0496919
-0.0496968
-0.0497352
-0.0497224
-0.0497
-0.0497246
-0.0497325
-0.0496999
-0.0497134
-0.0497453
-0.0497028
-0.0497468
-0.0497377
-0.0496576
-0.0497306
-0.049707
-0.0497653
-0.0496667
-0.0497114
-0.0497381
-0.0498054
-0.0496937
-0.0495545
-0.0500291
-0.0495957
-0.049706
-0.0504457
-0.0497368
-0.0496199
-0.0496909
-0.0496401
-0.0497788
-0.049689
-0.0495852
-0.0489935
-0.0496569
-0.0508316
-0.0493365
-0.0496945
-0.0494344
-0.0489295
-0.0497366
-0.049719
-0.0497435
-0.0497316
-0.0497337
-0.0498725
-0.0497467
-0.0497309
-0.0497394
-0.0497525
-0.0497636
-0.0497321
-0.0497461
-0.0497559
-0.049733
-0.0497749
-0.0498156
-0.0497625
-0.0497639
-0.0497654
-0.0497588
-0.0497624
-0.0497888
-0.0497646
-0.0497697
-0.0497622
-0.0497782
-0.0497624
-0.0498011
-0.0498269
-0.0496489
-0.0498145
-0.0498502
-0.0498117
-0.0498416
-0.0501346
-0.0499245
-0.0501026
-0.050046
-0.0501031
-0.049912
-0.0500796
-0.0511089
-0.0503765
-0.0491161
-0.049191
-0.0501005
-0.0507001
-0.0488208
-0.049797
-0.0497512
-0.0497793
-0.0497911
-0.0497869
-0.0497878
-0.0497822
-0.0498261
-0.04988
-0.0498871
-0.0499099
-0.0498249
-0.0495816
-0.0498656
-0.0497658
-0.0497738
-0.049845
-0.0497347
-0.0497192
-0.0497758
-0.0498049
-0.0499441
-0.0499331
-0.0499107
-0.0500019
-0.0498434
-0.0500166
-0.049996
-0.0498755
-0.049863
-0.0497618
-0.0498662
-0.0498732
-0.0498765
-0.0498743
-0.0501046
-0.0498474
-0.0501059
-0.0501313
-0.05012
-0.0501014
-0.0499111
-0.0499213
-0.0502438
-0.0500225
-0.0500592
-0.0502206
-0.0500145
-0.0510767
-0.0502434
-0.0501298
-0.0504002
-0.0501316
-0.0504258
-0.0501925
-0.0501174
-0.0503612
-0.0503504
-0.0493638
-0.0500608
-0.0503832
-0.0505569
-0.0495627
-0.0505585
-0.0500817
-0.0500961
-0.0506061
-0.0505275
-0.0504012
-0.0503445
-0.0441323
-0.0469965
-0.0483929
-0.047855
-0.0447572
-0.0458927
-0.048358
-0.0444624
-0.0488008
-0.0441508
-0.0487715
-0.0446123
-0.0486875
-0.0442742
-0.0442315
-0.048682
-0.0481912
-0.0436831
-0.0485736
-0.0442744
-0.0434415
-0.0447032
-0.048434
-0.0448526
-0.0480354
-0.045267
-0.0482945
-0.0442353
-0.0431731
-0.0471488
-0.0472259
-0.0409124
-0.0474135
-0.0428676
-0.0413422
-0.0444555
-0.0441515
-0.0487968
-0.0487726
-0.0446066
-0.0442743
-0.0486822
-0.0441333
-0.0483906
-0.0469994
-0.0478609
-0.0447562
-0.0483575
-0.0458992
-0.0442254
-0.0486816
-0.0436838
-0.0481902
-0.0442743
-0.0485703
-0.0434383
-0.0445607
-0.0485076
-0.0468008
-0.0493442
-0.0450427
-0.0487242
-0.0465451
-0.0431557
-0.0471493
-0.0409075
-0.0472263
-0.0428533
-0.0474102
-0.0413351
-0.0502474
-0.0504034
-0.0501312
-0.0501329
-0.0504291
-0.0501964
-0.0501193
-0.0503694
-0.0503567
-0.0500669
-0.0493671
-0.0503918
-0.0505656
-0.0495677
-0.050556
-0.050094
-0.0506057
-0.0501077
-0.0505397
-0.0503416
-0.0503945
-0.050131
-0.0501
-0.0499222
-0.0500463
-0.0499115
-0.0500991
-0.050078
-0.051115
-0.0503819
-0.0491921
-0.0491157
-0.0507063
-0.0501074
-0.0488201
-0.0497989
-0.0497795
-0.0497531
-0.0497961
-0.0497867
-0.0497862
-0.0497912
-0.0497641
-0.049776
-0.0497466
-0.0498523
-0.0497748
-0.0497203
-0.0498065
-0.0499555
-0.0499194
-0.0499607
-0.0500238
-0.0498538
-0.050006
-0.0500572
-0.0498203
-0.0498067
-0.0497827
-0.0497728
-0.0498139
-0.0498219
-0.0497838
-0.0498826
-0.0498565
-0.0498732
-0.0497379
-0.0498851
-0.0498503
-0.0498824
-0.0499646
-0.0502724
-0.0501118
-0.0500398
-0.051121
-0.0500508
-0.0502435
-0.0497463
-0.0497424
-0.0497224
-0.0497423
-0.049735
-0.049754
-0.0498873
-0.0497343
-0.0497781
-0.0497692
-0.0498238
-0.0497671
-0.0497681
-0.0497653
-0.0497727
-0.0497725
-0.04981
-0.0497853
-0.0497724
-0.0497916
-0.0498083
-0.0498319
-0.04973
-0.0498271
-0.0497667
-0.0498662
-0.0497497
-0.049946
-0.0498071
-0.0498286
-0.0498139
-0.0496213
-0.0498238
-0.0498594
-0.0498377
-0.0497126
-0.0497186
-0.0496798
-0.0497153
-0.0496954
-0.0497118
-0.0496925
-0.0503891
-0.0500785
-0.0493556
-0.0492311
-0.0499152
-0.0502466
-0.0490651
-0.049992
-0.0498938
-0.0496095
-0.0492893
-0.0498865
-0.0495059
-0.049874
-0.0497081
-0.0497124
-0.0497056
-0.0496952
-0.0497058
-0.0497154
-0.0497079
-0.0497091
-0.0496938
-0.0497315
-0.0497233
-0.0497179
-0.049714
-0.0497266
-0.049722
-0.0496947
-0.0496968
-0.0497391
-0.049719
-0.0497218
-0.0497022
-0.0497294
-0.0496939
-0.0497458
-0.0497103
-0.0497439
-0.0497
-0.0497355
-0.0498634
-0.0497028
-0.050111
-0.0495781
-0.0495982
-0.0497506
-0.050568
-0.0489708
-0.0496636
-0.0493184
-0.0508526
-0.0489599
-0.0494323
-0.0497141
-0.0490785
-0.0504726
-0.050088
-0.0495573
-0.0505346
-0.0492494
-0.0494777
-0.0495288
-0.0499383
-0.0497719
-0.0495309
-0.049657
-0.0496965
-0.0492505
-0.049714
-0.0498025
-0.0497057
-0.0503666
-0.0496703
-0.0499371
-0.0509324
-0.049782
-0.0500846
-0.0495753
-0.0496875
-0.0496257
-0.0505807
-0.0496923
-0.0497309
-0.0497731
-0.0497522
-0.0497832
-0.0496983
-0.0497874
-0.0497705
-0.0497688
-0.0497231
-0.0497001
-0.0497481
-0.0497578
-0.0497282
-0.0497079
-0.0499986
-0.0497257
-0.049418
-0.0499498
-0.0498537
-0.0496977
-0.0499942
-0.0497204
-0.049716
-0.0497387
-0.0503386
-0.0495294
-0.0498592
-0.0509569
-0.0496587
-0.0498042
-0.0499935
-0.0496008
-0.0497272
-0.049786
-0.0494216
-0.0533734
-0.0493994
-0.0497351
-0.0494149
-0.0510172
-0.0505981
-0.0486397
-0.0510197
-0.0491543
-0.0492437
-0.0494277
-0.0493682
-0.0495105
-0.0469857
-0.0496721
-0.0497714
-0.0497846
-0.0497561
-0.0497773
-0.0498047
-0.0496975
-0.049194
-0.0505279
-0.0502083
-0.0488084
-0.0506367
-0.049244
-0.0493318
-0.0497701
-0.049816
-0.0499933
-0.0496793
-0.0498668
-0.0497555
-0.0495631
-0.0498431
-0.0498208
-0.0498457
-0.0497922
-0.0498706
-0.0497935
-0.0498291
-0.0501064
-0.0498412
-0.0497217
-0.0499044
-0.0497692
-0.0498635
-0.0501003
-0.0499014
-0.0498151
-0.0498376
-0.0499582
-0.0499978
-0.0495963
-0.0497675
-0.0498915
-0.0498333
-0.0500428
-0.0497863
-0.0498206
-0.0501752
-0.0497459
-0.0468674
-0.0500034
-0.0501034
-0.0505049
-0.0494051
-0.0494105
-0.0503116
-0.0456237
-0.0502396
-0.0508044
-0.0494827
-0.0523543
-0.049207
-0.0488197
-0.0497344
-0.0497231
-0.0497489
-0.0496311
-0.0497571
-0.0496196
-0.0497244
-0.0491662
-0.0510609
-0.0499614
-0.0490221
-0.0501285
-0.0494312
-0.049483
-0.0496815
-0.049694
-0.0496404
-0.0496258
-0.0497366
-0.0496773
-0.0496005
-0.0499799
-0.0499275
-0.0499789
-0.0499289
-0.0499517
-0.0499122
-0.0499986
-0.0499473
-0.0502837
-0.0497494
-0.0502213
-0.0499985
-0.049817
-0.049916
-0.0500033
-0.0499908
-0.0498036
-0.0500535
-0.0499588
-0.0500326
-0.0499828
-0.052093
-0.0494479
-0.0495798
-0.0502369
-0.0522274
-0.0466788
-0.0495953
-0.049962
-0.0504263
-0.0501696
-0.0497267
-0.050089
-0.0499768
-0.0491287
-0.0410927
-0.0436144
-0.0437833
-0.0357858
-0.0454108
-0.040586
-0.0384409
-0.0439953
-0.0490567
-0.0453498
-0.0433824
-0.0493882
-0.0413919
-0.0424007
-0.040071
-0.0411599
-0.0366411
-0.0417585
-0.042556
-0.040833
-0.0370099
-0.0427459
-0.0434032
-0.0420397
-0.0381288
-0.0435647
-0.0425971
-0.0380791
-0.0407292
-0.0483877
-0.0409294
-0.0462444
-0.0479354
-0.0403093
-0.0418789
-0.0427581
-0.0434038
-0.0381298
-0.0420441
-0.0435688
-0.0425897
-0.0380846
-0.0400816
-0.0411719
-0.0417638
-0.0366441
-0.0425597
-0.0408442
-0.0370206
-0.0407162
-0.0483429
-0.0462096
-0.0408605
-0.0479255
-0.041805
-0.0402615
-0.0499585
-0.0501705
-0.0504256
-0.0497254
-0.0500922
-0.0499797
-0.0491303
-0.0410831
-0.0436093
-0.0357864
-0.0437711
-0.0453999
-0.0405834
-0.0384296
-0.0502774
-0.0506197
-0.0496797
-0.0504009
-0.0507336
-0.0505458
-0.0499809
-0.0439526
-0.0490293
-0.0433373
-0.0453374
-0.0493722
-0.0423526
-0.0413402
-0.0456132
-0.0508002
-0.0502266
-0.0494789
-0.0491979
-0.0523422
-0.0488177
-0.0497107
-0.0497441
-0.0497126
-0.0496436
-0.0497471
-0.0497173
-0.0496457
-0.0496639
-0.0496879
-0.0496173
-0.0496402
-0.0496691
-0.0497314
-0.0495838
-0.0491755
-0.0499649
-0.0510647
-0.0490322
-0.0501287
-0.0494371
-0.049488
-0.0500449
-0.0500109
-0.0500782
-0.0498222
-0.0500595
-0.0499702
-0.0500199
-0.0499439
-0.0497565
-0.0502751
-0.0499828
-0.0502193
-0.0498239
-0.0499181
-0.0493244
-0.0499949
-0.0499899
-0.0495622
-0.0494835
-0.0501496
-0.0494253
-0.051039
-0.0491677
-0.0494356
-0.0492515
-0.0495248
-0.0493865
-0.0469964
-0.0497105
-0.0497761
-0.0497672
-0.0497625
-0.0497631
-0.0497279
-0.0497994
-0.0492075
-0.0502237
-0.050537
-0.0506492
-0.0488239
-0.0492543
-0.0493432
-0.049765
-0.0498249
-0.0496651
-0.0500089
-0.0497628
-0.0498756
-0.049579
-0.0501395
-0.0498393
-0.0498813
-0.0497348
-0.0498713
-0.0497656
-0.0501047
-0.0498945
-0.0498261
-0.0497969
-0.0499371
-0.0499889
-0.0495831
-0.0497595
-0.0468393
-0.0499882
-0.0505117
-0.0500925
-0.0503209
-0.0493869
-0.0493719
-0.0490917
-0.050104
-0.0505116
-0.0495571
-0.0492599
-0.0505439
-0.0494749
-0.0495782
-0.0498352
-0.0503716
-0.0496967
-0.0496388
-0.0500295
-0.0509687
-0.0498356
-0.050142
-0.0496755
-0.049581
-0.0496862
-0.0496992
-0.0506744
-0.0500335
-0.0497097
-0.0499621
-0.0494543
-0.0498432
-0.0496739
-0.0500505
-0.0496112
-0.0497914
-0.0497628
-0.0503349
-0.0494944
-0.0509611
-0.0500096
-0.0496584
-0.0498397
-0.0496184
-0.0500552
-0.04974
-0.0494293
-0.0498653
-0.0534355
-0.0495245
-0.0495034
-0.0497987
-0.0486665
-0.0506632
-0.0510702
-0.0490552
-0.0509671
-0.0497027
-0.049351
-0.0494359
-0.0496992
-0.0489876
-0.0498477
-0.0497193
-0.0497173
-0.0498145
-0.0497259
-0.0497733
-0.0498881
-0.0496575
-0.0496587
-0.0497278
-0.0497236
-0.0496907
-0.0496339
-0.0496847
-0.0504391
-0.0492909
-0.050043
-0.0493982
-0.0503047
-0.0491457
-0.0500043
-0.0491054
-0.0503816
-0.0495459
-0.0500373
-0.0494898
-0.0493509
-0.0504234
-0.0495459
-0.0489498
-0.0494639
-0.0495653
-0.0493885
-0.0492807
-0.0511835
-0.0495676
-0.0500166
-0.0511355
-0.0497575
-0.050019
-0.0501382
-0.0479674
-0.0500591
-0.0497981
-0.0498234
-0.0499525
-0.0497779
-0.0502666
-0.0498528
-0.0498566
-0.0498629
-0.0498022
-0.0498746
-0.0498201
-0.0499142
-0.0498167
-0.049894
-0.0498249
-0.0499223
-0.0500806
-0.0499586
-0.049661
-0.0498134
-0.0497879
-0.0498765
-0.0497878
-0.0498796
-0.0498115
-0.0498687
-0.0498378
-0.0497528
-0.0497878
-0.049618
-0.0497891
-0.0498068
-0.049785
-0.049748
-0.0497409
-0.0497692
-0.0497609
-0.0497897
-0.0497789
-0.0497804
-0.0497177
-0.0497436
-0.0497449
-0.0497818
-0.0497633
-0.0497571
-0.0497585
-0.0497571
-0.0497342
-0.0497186
-0.0498373
-0.0497632
-0.0497444
-0.0497537
-0.0497581
-0.0497079
-0.049755
-0.0497596
-0.0497216
-0.049775
-0.0497406
-0.0497141
-0.049749
-0.0499118
-0.0497723
-0.0497251
-0.0498186
-0.0495937
-0.0497481
-0.050388
-0.0506403
-0.0493319
-0.0507442
-0.0490714
-0.0493905
-0.0493497
-0.049469
-0.0510713
-0.0499469
-0.0496957
-0.0499109
-0.0501008
-0.0480049
-0.0497242
-0.0496598
-0.0491504
-0.0497165
-0.0495094
-0.0494586
-0.0514367
-0.0487537
-0.0487622
-0.0495451
-0.0498524
-0.0494707
-0.0494466
-0.0523228
-0.0486906
-0.0498077
-0.0494201
-0.0488308
-0.0496068
-0.0496433
-0.0471275
-0.0487125
-0.0494299
-0.0494567
-0.0482355
-0.0493695
-0.0492414
-0.0472129
-0.0265182
-0.043185
-0.034459
-0.0353999
-0.0335899
-0.0392843
-0.022807
-0.0505916
-0.0495273
-0.0497395
-0.0496869
-0.0496564
-0.0503613
-0.0497402
-0.050239
-0.0498993
-0.0497656
-0.0492964
-0.0497289
-0.0496698
-0.0497736
-0.0496074
-0.0500017
-0.0496508
-0.0492117
-0.0491076
-0.0494457
-0.0498589
-0.0498785
-0.0504956
-0.0503221
-0.0498537
-0.0507666
-0.0500378
-0.0498005
-0.0495471
-0.0493528
-0.0496556
-0.048871
-0.049284
-0.0491884
-0.0498217
-0.0282899
-0.0421103
-0.0388507
-0.0446065
-0.0316238
-0.0375664
-0.0403411
-0.0296429
-0.0336078
-0.0402299
-0.03671
-0.0380778
-0.0317785
-0.026315
-0.0302508
-0.0421577
-0.0370427
-0.0380003
-0.0368697
-0.0378406
-0.0303227
-0.0465413
-0.0448554
-0.0483696
-0.0405582
-0.0484641
-0.0367947
-0.0460696
-0.0471051
-0.0503385
-0.0445861
-0.0478759
-0.0487543
-0.049796
-0.0433453
-0.0468509
-0.049007
-0.0471079
-0.0434125
-0.0491363
-0.0471613
-0.0432621
-0.0448787
-0.0436357
-0.046888
-0.0379611
-0.047577
-0.0351969
-0.0443957
-0.0475505
-0.0499894
-0.0454918
-0.0478705
-0.0487486
-0.0496453
-0.0436801
-0.0459693
-0.0472754
-0.0472007
-0.0421086
-0.0481687
-0.0453512
-0.0428875
-0.0287496
-0.0386421
-0.0296408
-0.0340962
-0.0284107
-0.0301658
-0.034746
-0.0302564
-0.0370435
-0.0421623
-0.0379997
-0.037846
-0.0368747
-0.0303235
-0.0296604
-0.0402421
-0.0336148
-0.036752
-0.0317928
-0.0380963
-0.0263277
-0.0468528
-0.049007
-0.0434124
-0.0471078
-0.0471615
-0.0491365
-0.0432638
-0.0471067
-0.0503321
-0.0478739
-0.044583
-0.0497933
-0.0487501
-0.0433461
-0.044897
-0.0469011
-0.0436477
-0.0379652
-0.0475918
-0.0444088
-0.0352203
-0.0459848
-0.0472931
-0.0421158
-0.0472112
-0.0453664
-0.0481836
-0.0428996
-0.0475751
-0.0500271
-0.0478909
-0.0455216
-0.0496687
-0.0487875
-0.0436999
-0.0320248
-0.0427877
-0.036051
-0.0409194
-0.0312905
-0.036406
-0.0423358
-0.0265053
-0.0344531
-0.0431673
-0.0353542
-0.0392618
-0.0335797
-0.0228004
-0.0502351
-0.0497724
-0.0498968
-0.0492941
-0.049716
-0.0497695
-0.0496718
-0.0505843
-0.0497358
-0.049519
-0.0496789
-0.0496506
-0.0497374
-0.0503497
-0.0495957
-0.0496506
-0.049996
-0.0492008
-0.0491068
-0.0494401
-0.0498674
-0.0498017
-0.0502438
-0.0500073
-0.0496014
-0.0502945
-0.0499165
-0.0500235
-0.0495835
-0.0496937
-0.0493818
-0.0493338
-0.0488974
-0.0492412
-0.0498698
-0.0487523
-0.0495542
-0.0487692
-0.0498646
-0.0494747
-0.0494546
-0.0523294
-0.0486744
-0.0497924
-0.0488249
-0.0494061
-0.0495867
-0.0496317
-0.0471237
-0.0498532
-0.0499973
-0.0511697
-0.0496251
-0.0497997
-0.0466362
-0.0503045
-0.0487493
-0.0494614
-0.0482438
-0.0494841
-0.0493947
-0.0472252
-0.0492909
-0.0495784
-0.0500202
-0.0497702
-0.0511512
-0.0500207
-0.0501561
-0.0479735
-0.0499388
-0.049788
-0.0498571
-0.049876
-0.0497968
-0.0498348
-0.0499178
-0.0499092
-0.0499445
-0.0498442
-0.0499854
-0.0501036
-0.0496814
-0.0498298
-0.049788
-0.0497839
-0.0498549
-0.0498803
-0.0497944
-0.0498412
-0.0498614
-0.0497408
-0.0497821
-0.0497801
-0.0495964
-0.0497804
-0.0497889
-0.0497237
-0.0497413
-0.0497364
-0.0498052
-0.0497624
-0.0497875
-0.0497764
-0.0497252
-0.049768
-0.0497216
-0.0497441
-0.0497606
-0.049756
-0.0497496
-0.0498638
-0.0497488
-0.0497318
-0.0497756
-0.0497714
-0.0497553
-0.0497497
-0.0497728
-0.0497385
-0.0497142
-0.0497745
-0.0498102
-0.0497576
-0.0497492
-0.0497795
-0.0497591
-0.0497733
-0.0499176
-0.0496881
-0.0498166
-0.0497417
-0.0495621
-0.0503796
-0.0492993
-0.0506313
-0.0507286
-0.0490166
-0.0493635
-0.0493311
-0.0494448
-0.04994
-0.0510712
-0.0496806
-0.0498904
-0.0479975
-0.0500937
-0.0497027
-0.049637
-0.0496887
-0.0491395
-0.0494955
-0.0513999
-0.0494214
-0.0534017
-0.0494754
-0.0495267
-0.0497399
-0.0506501
-0.048632
-0.051044
-0.0498529
-0.0497107
-0.0497356
-0.0498184
-0.0497848
-0.0497454
-0.0498838
-0.0504375
-0.0500556
-0.0493092
-0.0494141
-0.0491576
-0.0502893
-0.0500112
-0.0468397
-0.0501207
-0.0500036
-0.0505326
-0.0493966
-0.049391
-0.0503124
-0.0499944
-0.0499777
-0.0498178
-0.0501239
-0.0498333
-0.050252
-0.049843
-0.0493437
-0.0499822
-0.0495344
-0.0499668
-0.0493831
-0.0494618
-0.0501214
-0.0511842
-0.0492305
-0.0491657
-0.0494033
-0.0494786
-0.0470271
-0.049637
-0.0499917
-0.0496695
-0.0500401
-0.051208
-0.0499511
-0.0502762
-0.0467071
-0.0489225
-0.0494864
-0.0495349
-0.0483765
-0.0494192
-0.0494602
-0.0473232
-0.050027
-0.0498246
-0.049948
-0.0500042
-0.0499571
-0.049963
-0.049959
-0.0499625
-0.0499246
-0.0499268
-0.049968
-0.049924
-0.0499871
-0.0499253
-0.0498146
-0.0498172
-0.0498011
-0.0498176
-0.0498372
-0.0498231
-0.0498233
-0.0499201
-0.049898
-0.0499666
-0.0500219
-0.0498441
-0.0499634
-0.0500253
-0.0497441
-0.049753
-0.0497184
-0.0498299
-0.0497541
-0.0497196
-0.0497663
-0.0498016
-0.0498585
-0.0498578
-0.0498558
-0.0498149
-0.0498259
-0.0495625
-0.0490874
-0.0500384
-0.0509234
-0.0500922
-0.0491449
-0.0493858
-0.0493863
-0.0497022
-0.049692
-0.0496981
-0.0496953
-0.0496944
-0.0497122
-0.0497037
-0.049714
-0.0496609
-0.0497132
-0.0496494
-0.0497553
-0.0496049
-0.0496906
-0.0485851
-0.0493046
-0.0495949
-0.0486499
-0.0494189
-0.0470351
-0.0494576
-0.0459618
-0.0495
-0.0494992
-0.0490092
-0.0488528
-0.0486822
-0.046387
-0.0438038
-0.0462752
-0.0474316
-0.0453492
-0.0447155
-0.0459086
-0.0450462
-0.0496674
-0.0494838
-0.0499707
-0.0498119
-0.0497525
-0.0499507
-0.0500269
-0.0497395
-0.0500284
-0.049606
-0.0499035
-0.0498145
-0.0504239
-0.0496254
-0.0494534
-0.0493322
-0.0497451
-0.048761
-0.0489926
-0.049169
-0.0494861
-0.0499242
-0.0499407
-0.0491281
-0.0498353
-0.049604
-0.0497336
-0.0495523
-0.0436324
-0.0460333
-0.0451215
-0.0469811
-0.0447706
-0.045733
-0.0444438
-0.0461095
-0.0467993
-0.0482601
-0.0425997
-0.0486743
-0.0428326
-0.0457949
-0.0448326
-0.0467606
-0.0436519
-0.0380711
-0.0474363
-0.0443726
-0.0352469
-0.0469465
-0.0500743
-0.0477405
-0.0443061
-0.0497734
-0.0484756
-0.0430992
-0.0466752
-0.0462363
-0.0495395
-0.0429212
-0.0494609
-0.0427576
-0.0469914
-0.0464496
-0.0483337
-0.0444689
-0.0406677
-0.0484766
-0.0460672
-0.0366687
-0.0476442
-0.0478603
-0.0499568
-0.0455839
-0.0497009
-0.0438154
-0.04875
-0.0448238
-0.0467575
-0.0380671
-0.0436507
-0.0443689
-0.0474312
-0.0352447
-0.0466986
-0.0495576
-0.0462627
-0.0429145
-0.0494816
-0.0469972
-0.0427816
-0.0469639
-0.047758
-0.0500798
-0.0443243
-0.0497861
-0.0431172
-0.0484847
-0.0464611
-0.0483259
-0.0406153
-0.0444584
-0.0460526
-0.0484808
-0.036661
-0.0438018
-0.0474197
-0.0462782
-0.0453391
-0.0459087
-0.0447162
-0.0450354
-0.0459652
-0.0494951
-0.0494982
-0.0490038
-0.0486821
-0.0488489
-0.0463906
-0.0494575
-0.0495983
-0.0501005
-0.0499001
-0.0497952
-0.0496044
-0.0504412
-0.0498695
-0.0496743
-0.0494804
-0.0494404
-0.0490635
-0.0493469
-0.0499555
-0.0496569
-0.0499606
-0.0494754
-0.0498107
-0.0496993
-0.0500095
-0.0499033
-0.0507344
-0.0497183
-0.0496195
-0.0495764
-0.0495925
-0.0496695
-0.0504302
-0.0493605
-0.0494867
-0.0497794
-0.0487711
-0.0490271
-0.0491964
-0.0495119
-0.0456525
-0.0491769
-0.0488301
-0.0492322
-0.0460954
-0.0485676
-0.0483021
-0.0499985
-0.0500343
-0.049671
-0.0512277
-0.0499542
-0.0502705
-0.0467145
-0.0499665
-0.049932
-0.0499308
-0.049972
-0.0499288
-0.0499279
-0.049993
-0.0497967
-0.0499927
-0.0503381
-0.0501042
-0.0502684
-0.0498932
-0.0499368
-0.0498809
-0.0498893
-0.0498641
-0.0497619
-0.0498794
-0.0499088
-0.0498709
-0.0498156
-0.0497952
-0.0498175
-0.0498164
-0.0498165
-0.0498264
-0.0498158
-0.0499324
-0.0499047
-0.0500311
-0.0499821
-0.0499696
-0.0498511
-0.0500541
-0.049775
-0.04976
-0.0497859
-0.049759
-0.0497613
-0.0497827
-0.0497784
-0.0497538
-0.0497229
-0.0497646
-0.0498315
-0.0497596
-0.0497724
-0.0497271
-0.0498103
-0.0498669
-0.0498701
-0.0498705
-0.0498346
-0.0498248
-0.0495719
-0.0497353
-0.0497192
-0.0496668
-0.0496568
-0.0497603
-0.0496987
-0.0496328
-0.0500621
-0.0490951
-0.0509598
-0.0501215
-0.0491223
-0.0493977
-0.0493778
-0.0485973
-0.049624
-0.0493282
-0.048632
-0.049458
-0.0470159
-0.0494642
-0.0489268
-0.0498258
-0.0500465
-0.0489346
-0.0496615
-0.0524878
-0.0497745
-0.0500232
-0.0498298
-0.0499884
-0.0501395
-0.050264
-0.0498494
-0.049862
-0.0511447
-0.0491326
-0.0492434
-0.0494068
-0.0470156
-0.0494307
-0.0495928
-0.0521212
-0.0494353
-0.0502678
-0.0496173
-0.0498846
-0.0466174
-0.0521913
-0.0499371
-0.050002
-0.0503146
-0.0501863
-0.0500211
-0.0502233
-0.0510921
-0.0501491
-0.049868
-0.050094
-0.050053
-0.0498811
-0.0501362
-0.0500843
-0.0500468
-0.0498842
-0.050082
-0.0499764
-0.0499281
-0.0498766
-0.0500514
-0.0509729
-0.0490672
-0.0502918
-0.0490951
-0.0500155
-0.0487433
-0.0504842
-0.0453868
-0.0500733
-0.0493596
-0.0505987
-0.0486188
-0.0490577
-0.0522015
-0.0280066
-0.0418418
-0.0443849
-0.0385848
-0.0401342
-0.0372336
-0.0314248
-0.0501774
-0.0502578
-0.0504377
-0.0497505
-0.0504782
-0.0498484
-0.0505051
-0.043566
-0.0450511
-0.0487238
-0.0430356
-0.0489509
-0.0410837
-0.0420495
-0.0504267
-0.0502116
-0.0498603
-0.0492437
-0.0502218
-0.0492934
-0.0506524
-0.040314
-0.0423274
-0.043284
-0.0376914
-0.0404737
-0.0380893
-0.0468298
-0.0266662
-0.0432335
-0.0358039
-0.0344197
-0.0230802
-0.0395869
-0.0336358
-0.0320166
-0.0408618
-0.0425015
-0.0359236
-0.0363497
-0.0421941
-0.0312537
-0.0288588
-0.0388254
-0.0341418
-0.0297363
-0.0349416
-0.0302723
-0.0285019
-0.0449869
-0.0498498
-0.0483199
-0.0474019
-0.0488994
-0.0471381
-0.0453413
-0.0435117
-0.0474927
-0.0474966
-0.0412917
-0.0477077
-0.0417042
-0.0432025
-0.0448782
-0.0482675
-0.0482517
-0.0447039
-0.0484851
-0.0449935
-0.0438537
-0.0451332
-0.0482098
-0.0482515
-0.0456484
-0.0482665
-0.045686
-0.0450519
-0.0442672
-0.0481192
-0.0484863
-0.0436277
-0.0484111
-0.0433848
-0.0443008
-0.040587
-0.0411984
-0.0414248
-0.0366537
-0.0424182
-0.0371702
-0.0415912
-0.0296806
-0.0386879
-0.0357238
-0.037971
-0.0296397
-0.0357403
-0.0380799
-0.0288554
-0.0341388
-0.0388167
-0.0297357
-0.0302688
-0.0349297
-0.0284998
-0.0320263
-0.0425155
-0.0409007
-0.0359661
-0.0422118
-0.0363605
-0.0312848
-0.0406556
-0.045859
-0.0481876
-0.0407982
-0.0476818
-0.0416485
-0.0401839
-0.0448342
-0.0481851
-0.0483247
-0.0446283
-0.0484607
-0.0442403
-0.0450984
-0.0449981
-0.0483522
-0.0498627
-0.0473861
-0.048894
-0.0453468
-0.0471541
-0.044313
-0.0485776
-0.0480852
-0.0436922
-0.0484505
-0.0443262
-0.0434388
-0.0441651
-0.0482372
-0.0477732
-0.0471664
-0.048192
-0.044844
-0.0460367
-0.0405719
-0.0414117
-0.0411763
-0.0366284
-0.0424051
-0.03715
-0.041575
-0.0293266
-0.0395293
-0.0364875
-0.0334004
-0.0262753
-0.0374522
-0.0317749
-0.0280738
-0.0444493
-0.0418716
-0.0386597
-0.0373155
-0.0401504
-0.0314836
-0.050187
-0.0504289
-0.050261
-0.0497553
-0.050479
-0.0498548
-0.0505077
-0.0503856
-0.0504857
-0.0500833
-0.0501051
-0.0503701
-0.0502484
-0.0501844
-0.0504406
-0.0498829
-0.0502255
-0.0492667
-0.0502359
-0.0493161
-0.0506663
-0.0402695
-0.0432618
-0.0422827
-0.0376606
-0.0404265
-0.0380438
-0.0468063
-0.0495825
-0.0500633
-0.0496283
-0.0502122
-0.0500306
-0.0489772
-0.0495288
-0.052118
-0.0502692
-0.0494121
-0.049618
-0.0466177
-0.0498886
-0.0521901
-0.0501655
-0.0501064
-0.0498904
-0.0500646
-0.0501555
-0.0499008
-0.0500933
-0.0509958
-0.0503028
-0.0490835
-0.0491152
-0.0487586
-0.0500297
-0.0505015
-0.0308589
-0.0280167
-0.0374617
-0.0372588
-0.0304163
-0.0282721
-0.0370767
-0.0347512
-0.0375638
-0.0344567
-0.0350154
-0.0358144
-0.0346567
-0.0364994
-0.0298017
-0.0372313
-0.0283425
-0.0345979
-0.0293681
-0.0282839
-0.0362755
-0.032467
-0.0319412
-0.0367687
-0.0370066
-0.0320866
-0.031876
-0.036337
-0.0333051
-0.0344362
-0.0372024
-0.0369337
-0.0342766
-0.0340914
-0.0373477
-0.0327796
-0.0383844
-0.0336396
-0.0375556
-0.0338066
-0.0324944
-0.0374284
-0.0315366
-0.0378945
-0.0315015
-0.0368961
-0.0313996
-0.031384
-0.0367313
-0.0274401
-0.028471
-0.0376758
-0.0363046
-0.0307335
-0.0264298
-0.0360807
-0.0254903
-0.0261747
-0.0358598
-0.0364398
-0.0256626
-0.0259837
-0.0358923
-0.0276635
-0.0376787
-0.0314038
-0.0358109
-0.0277651
-0.0311441
-0.0357579
-0.0253917
-0.0368416
-0.0260861
-0.0364621
-0.0256678
-0.0264808
-0.0363074
-0.0310099
-0.031335
-0.0365808
-0.0369051
-0.0304917
-0.0312233
-0.0373821
-0.0307842
-0.0301759
-0.0390707
-0.0400434
-0.0306657
-0.0302957
-0.0388794
-0.0305183
-0.0362067
-0.0293611
-0.0373368
-0.0303613
-0.0296966
-0.0372836
-0.0312824
-0.0380819
-0.0311191
-0.0400107
-0.0308806
-0.0312892
-0.0388389
-0.0457062
-0.0510303
-0.0501482
-0.048822
-0.0504886
-0.0482722
-0.049822
-0.0500663
-0.0519324
-0.0496127
-0.0497144
-0.0503799
-0.0496408
-0.0498124
-0.0496326
-0.0497004
-0.0493809
-0.0503934
-0.0501047
-0.050066
-0.0495998
-0.0497432
-0.0498896
-0.0509217
-0.0500456
-0.0496423
-0.0494841
-0.0499664
-0.0497764
-0.0498374
-0.0496994
-0.0499375
-0.0494769
-0.049687
-0.05007
-0.049892
-0.0497926
-0.0499636
-0.050033
-0.0499131
-0.049844
-0.0497323
-0.0497923
-0.0497829
-0.049839
-0.0499004
-0.0495657
-0.0497222
-0.0499047
-0.0497431
-0.0495675
-0.0497726
-0.0498707
-0.0497113
-0.0496909
-0.0498454
-0.0500577
-0.0499392
-0.0504676
-0.0498801
-0.0499413
-0.0496252
-0.0500048
-0.0499689
-0.0498042
-0.0493952
-0.049871
-0.0501329
-0.0503347
-0.0498774
-0.0495565
-0.0496889
-0.0501162
-0.0501349
-0.0496119
-0.0500733
-0.0501528
-0.0502878
-0.0475819
-0.049345
-0.0497878
-0.0475509
-0.0494553
-0.0497113
-0.0499888
-0.0499089
-0.0499139
-0.0497846
-0.0499169
-0.0498049
-0.0496777
-0.0459358
-0.0471276
-0.0491732
-0.0486394
-0.0487664
-0.0442731
-0.0484736
-0.0498161
-0.0499712
-0.0498256
-0.0498934
-0.0497416
-0.049699
-0.0498294
-0.0484196
-0.0488846
-0.049307
-0.0491704
-0.0493209
-0.0493092
-0.049493
-0.0496217
-0.049115
-0.0494395
-0.0495942
-0.0492927
-0.0497908
-0.0493179
-0.0497133
-0.0497353
-0.0496181
-0.0496562
-0.0497528
-0.0495504
-0.0496529
-0.0500514
-0.050354
-0.0500107
-0.0502107
-0.0499503
-0.0499987
-0.0500917
-0.0502853
-0.0507792
-0.050142
-0.0507461
-0.050163
-0.050246
-0.0503692
-0.0496514
-0.0493316
-0.0497849
-0.0500183
-0.0497462
-0.0501031
-0.0501035
-0.0517993
-0.051436
-0.0514068
-0.051729
-0.0514161
-0.051474
-0.0517126
-0.0494745
-0.0503101
-0.0503835
-0.0504713
-0.050771
-0.0513301
-0.0508144
-0.048927
-0.0481211
-0.0492623
-0.0492532
-0.0480735
-0.0485281
-0.0495342
-0.0486358
-0.0487537
-0.0471436
-0.0495379
-0.0496239
-0.0482098
-0.0480772
-0.0495947
-0.0499623
-0.0496019
-0.0500118
-0.0499198
-0.0498024
-0.0497067
-0.0491555
-0.0495086
-0.0482019
-0.0493552
-0.0492425
-0.047667
-0.0495374
-0.0327076
-0.0214035
-0.0321937
-0.0391096
-0.0187914
-0.0342328
-0.0391493
-0.0350777
-0.0272607
-0.0420709
-0.0362057
-0.0348279
-0.029693
-0.0412084
-0.0325818
-0.0390505
-0.030733
-0.0257363
-0.0223024
-0.038332
-0.0341602
-0.0398356
-0.045372
-0.0444089
-0.0429888
-0.0404722
-0.0452812
-0.0428128
-0.0359575
-0.0381045
-0.0292944
-0.0342755
-0.0291708
-0.0350626
-0.0389675
-0.0475999
-0.0490599
-0.049698
-0.0489616
-0.0497185
-0.0507929
-0.050803
-0.0502293
-0.0478515
-0.0498229
-0.0489069
-0.0499585
-0.0500661
-0.0504845
-0.0459936
-0.0466769
-0.0485175
-0.0473501
-0.0489898
-0.0492058
-0.0487473
-0.0336183
-0.0283506
-0.0348552
-0.0356406
-0.0284605
-0.033116
-0.0368663
-0.0359649
-0.0319788
-0.0387447
-0.0355158
-0.0357135
-0.0318145
-0.0390448
-0.0340173
-0.0388156
-0.0333627
-0.0271492
-0.0279794
-0.0388673
-0.0335276
-0.0354103
-0.0389137
-0.0292192
-0.0351642
-0.0305843
-0.0362723
-0.0384155
-0.0479705
-0.0492913
-0.0497744
-0.0494914
-0.0502723
-0.0515076
-0.0506206
-0.0466941
-0.0460201
-0.0485395
-0.0473616
-0.049011
-0.0492168
-0.0487594
-0.0478805
-0.050289
-0.0498698
-0.0489239
-0.0499732
-0.050078
-0.0505267
-0.0110785
-0.0237349
-0.0250961
-0.0311827
-0.0111235
-0.0237093
-0.0250896
-0.0105521
-0.0245409
-0.022703
-0.0314429
-0.0236129
-0.00775667
-0.0250493
-0.0420504
-0.0456912
-0.0466453
-0.0474428
-0.0459034
-0.0439025
-0.0450717
-0.0388882
-0.0251019
-0.0430293
-0.0399893
-0.0376136
-0.0303097
-0.043439
-0.0415234
-0.0442545
-0.0475811
-0.0438941
-0.0426172
-0.0429416
-0.0446474
-0.0491179
-0.0495861
-0.0494071
-0.0495825
-0.0492793
-0.0493158
-0.0497706
-0.0491514
-0.0493431
-0.0497454
-0.0496597
-0.0498514
-0.0496683
-0.0497801
-0.0499609
-0.0498135
-0.0498232
-0.0498845
-0.0497383
-0.0496913
-0.0498194
-0.0500232
-0.0499715
-0.0498791
-0.0500792
-0.0498675
-0.049873
-0.0498678
-0.0503696
-0.0500686
-0.0500257
-0.0502222
-0.0499623
-0.0500065
-0.0501032
-0.0505359
-0.0502614
-0.0500963
-0.0506887
-0.0501596
-0.0502761
-0.0502086
-0.0508265
-0.0503062
-0.0501652
-0.0507817
-0.0501811
-0.0502634
-0.0503986
-0.0503958
-0.0495869
-0.0504761
-0.050557
-0.0508597
-0.0514056
-0.0508827
-0.0508957
-0.0503468
-0.050167
-0.0505291
-0.0501941
-0.0507173
-0.0506599
-0.0493829
-0.0496732
-0.049839
-0.0497957
-0.0500997
-0.0501469
-0.0501652
-0.0500492
-0.0499854
-0.0500186
-0.050256
-0.0501063
-0.0503221
-0.0501549
-0.0493545
-0.0501597
-0.0498972
-0.0493473
-0.0499943
-0.0499131
-0.0494262
-0.0497003
-0.0494035
-0.0495854
-0.0498369
-0.0496084
-0.050916
-0.0497442
-0.0496093
-0.0494688
-0.0497211
-0.049747
-0.0497504
-0.0497382
-0.0496771
-0.0498372
-0.0499227
-0.0511215
-0.0493778
-0.0491458
-0.0491622
-0.0498966
-0.0503179
-0.0499212
-0.0497886
-0.0498465
-0.0497716
-0.0494082
-0.0499005
-0.04954
-0.0497728
-0.0496668
-0.0497532
-0.0500492
-0.0497819
-0.0497472
-0.0486384
-0.0501428
-0.0500398
-0.049802
-0.0500797
-0.0499272
-0.0500567
-0.0517945
-0.049516
-0.0503516
-0.049772
-0.0489733
-0.0503715
-0.0499882
-0.0494648
-0.049884
-0.0498709
-0.0499012
-0.0505173
-0.0495408
-0.049483
-0.0494369
-0.0499676
-0.0496645
-0.0499684
-0.0497913
-0.0494055
-0.0498363
-0.0497193
-0.0496561
-0.0494273
-0.049955
-0.0493936
-0.0496333
-0.0497995
-0.0495122
-0.0497251
-0.0502997
-0.0495913
-0.049918
-0.0495849
-0.0497599
-0.0496543
-0.0497728
-0.049854
-0.0498729
-0.0498198
-0.0497253
-0.049743
-0.0499823
-0.0497164
-0.0495804
-0.0498247
-0.0495806
-0.0498673
-0.0499128
-0.0496578
-0.0497898
-0.049618
-0.0497183
-0.0498394
-0.0496634
-0.049724
-0.0498978
-0.0498783
-0.0501713
-0.0496427
-0.0496942
-0.0499284
-0.0498973
-0.0497487
-0.0497224
-0.0495278
-0.0494501
-0.0499084
-0.050033
-0.0496277
-0.0506285
-0.0501606
-0.048918
-0.0498709
-0.0500568
-0.0498987
-0.0499061
-0.04915
-0.0495161
-0.0494813
-0.0501946
-0.0493663
-0.0505727
-0.0500151
-0.0495203
-0.0499043
-0.0497684
-0.049813
-0.0497136
-0.0496533
-0.049963
-0.0496324
-0.0498931
-0.0497378
-0.0496297
-0.0496194
-0.049654
-0.0497613
-0.04955
-0.0495718
-0.049635
-0.0495221
-0.0497527
-0.049523
-0.0496353
-0.0496994
-0.0496324
-0.0495787
-0.0496418
-0.0496789
-0.0497165
-0.049623
-0.0499514
-0.0499237
-0.050228
-0.0499061
-0.0500227
-0.0499745
-0.0499208
-0.0497423
-0.0498977
-0.0497189
-0.049756
-0.0498273
-0.0497554
-0.0498664
-0.0497236
-0.0499712
-0.0497197
-0.0497365
-0.0497802
-0.0496867
-0.0498247
-0.0499521
-0.0496767
-0.0496417
-0.0496719
-0.049706
-0.0497549
-0.049632
-0.0495394
-0.0495839
-0.0495768
-0.0497073
-0.049569
-0.049489
-0.0496006
-0.049813
-0.0496621
-0.0496565
-0.0496751
-0.0497689
-0.0497774
-0.0496871
-0.0494953
-0.0495717
-0.0496744
-0.0495039
-0.0494928
-0.0495578
-0.0496407
-0.0495772
-0.0496741
-0.0495202
-0.0495862
-0.0496375
-0.0495561
-0.0496914
-0.0386765
-0.0469565
-0.0490471
-0.0481317
-0.0469241
-0.044641
-0.0477698
-0.0371946
-0.0322039
-0.0398854
-0.0408286
-0.0307538
-0.0380484
-0.041694
-0.0352431
-0.0204473
-0.0408995
-0.0315175
-0.0357245
-0.0235792
-0.0391246
-0.0340914
-0.0396852
-0.0367262
-0.0281408
-0.0286933
-0.040373
-0.0329816
-0.0416037
-0.0472366
-0.045396
-0.0440173
-0.0422385
-0.0467358
-0.0426357
-0.0354049
-0.0364388
-0.0257535
-0.0318511
-0.0261021
-0.0338556
-0.0371269
-0.0327798
-0.0293403
-0.0356488
-0.0386973
-0.0296377
-0.0326099
-0.0390935
-0.0330429
-0.0243855
-0.0357999
-0.0273187
-0.0329973
-0.0244994
-0.0361202
-0.0328217
-0.0392324
-0.0354318
-0.0294916
-0.0300581
-0.0388342
-0.0325296
-0.032343
-0.0358144
-0.0241129
-0.0294903
-0.0241681
-0.0327766
-0.0347046
-0.0429391
-0.0459126
-0.047246
-0.0470709
-0.0452909
-0.0426035
-0.0445758
-0.0390934
-0.0300393
-0.0409241
-0.0434744
-0.0290603
-0.0383056
-0.0443571
-0.0431363
-0.0477522
-0.0470036
-0.0434167
-0.0431192
-0.0452198
-0.0452837
-0.0496196
-0.0496912
-0.049561
-0.0496304
-0.0496753
-0.0496163
-0.0497147
-0.0498996
-0.0496425
-0.0497554
-0.0496252
-0.0496284
-0.0496545
-0.0497675
-0.049704
-0.0499504
-0.0497011
-0.0497188
-0.0497705
-0.0496742
-0.0498144
-0.0499347
-0.0502138
-0.0499246
-0.0499882
-0.0498783
-0.0499412
-0.0499129
-0.0497653
-0.0499341
-0.0496401
-0.0497006
-0.0498383
-0.0497522
-0.0498726
-0.0495831
-0.0495323
-0.0495743
-0.0495594
-0.0497
-0.0494782
-0.0495971
-0.0502537
-0.0499989
-0.049978
-0.0499959
-0.0499809
-0.0499616
-0.0498886
-0.0495663
-0.0496644
-0.0495019
-0.0495792
-0.0496365
-0.0495526
-0.0496926
-0.0498315
-0.0497104
-0.0495976
-0.0496474
-0.04979
-0.0497881
-0.0497085
-0.0495013
-0.0496835
-0.0495938
-0.0494883
-0.0495148
-0.0495568
-0.0496456
-0.049279
-0.049524
-0.0498172
-0.0497191
-0.0493524
-0.0495649
-0.0502647
-0.0498699
-0.0504494
-0.0507931
-0.049313
-0.050451
-0.0506149
-0.0497776
-0.0483806
-0.05007
-0.0499831
-0.0493595
-0.0492424
-0.0502675
-0.0497935
-0.0495618
-0.0497079
-0.0503725
-0.0501678
-0.049609
-0.0493868
-0.0510153
-0.0503471
-0.0496615
-0.0494545
-0.0500267
-0.0497414
-0.050032
-0.0504414
-0.0500504
-0.0511007
-0.0485809
-0.0503829
-0.0493414
-0.049078
-0.0509307
-0.0495205
-0.0489666
-0.0492035
-0.0508111
-0.049086
-0.050344
-0.050723
-0.0497989
-0.0498546
-0.049837
-0.0498431
-0.0498207
-0.049855
-0.049855
-0.0497578
-0.0497749
-0.0498189
-0.0498144
-0.04981
-0.049859
-0.0498327
-0.0498019
-0.0497934
-0.0497928
-0.0498657
-0.0497965
-0.0498256
-0.0498862
-0.0497997
-0.0498012
-0.0497766
-0.049831
-0.0497812
-0.0497846
-0.0497721
-0.0497784
-0.0498045
-0.0497449
-0.049847
-0.0498244
-0.0498275
-0.0497865
-0.0499838
-0.0498682
-0.0499945
-0.0498574
-0.0499457
-0.0498159
-0.0497559
-0.0497889
-0.0497793
-0.0497989
-0.0498248
-0.0498236
-0.0498167
-0.0498335
-0.0497349
-0.0497969
-0.049781
-0.0497981
-0.0497782
-0.0498108
-0.0498234
-0.0497726
-0.0494694
-0.0501094
-0.0499033
-0.0493093
-0.049808
-0.0498776
-0.0499222
-0.0499525
-0.0498019
-0.0498279
-0.0497971
-0.0497494
-0.0499308
-0.0496787
-0.0499921
-0.0499179
-0.0497751
-0.0498609
-0.0496768
-0.0498744
-0.0498472
-0.0499901
-0.0478878
-0.0497636
-0.0496817
-0.0500377
-0.0499834
-0.0484553
-0.0501644
-0.0501502
-0.0497078
-0.0496693
-0.0504228
-0.05184
-0.0496434
-0.0503823
-0.050328
-0.0508418
-0.0505408
-0.0513211
-0.0508211
-0.050183
-0.0500647
-0.0507747
-0.0500611
-0.0504022
-0.050573
-0.0505364
-0.051428
-0.0517175
-0.051407
-0.0516865
-0.0512151
-0.0517088
-0.0513533
-0.0497884
-0.0491176
-0.0492575
-0.0497991
-0.0496542
-0.0496373
-0.0497337
-0.0486041
-0.0498616
-0.0490173
-0.0494944
-0.0491826
-0.0494589
-0.0496252
-0.0496336
-0.0496687
-0.0497567
-0.0496399
-0.0497743
-0.0496392
-0.0496431
-0.048953
-0.0491819
-0.0490107
-0.0494958
-0.049177
-0.0492554
-0.0495553
-0.0479401
-0.048312
-0.0490324
-0.0499366
-0.04977
-0.0461921
-0.0484415
-0.0457761
-0.0483004
-0.0464992
-0.0487219
-0.047162
-0.0490697
-0.0486727
-0.0497976
-0.0469891
-0.0493173
-0.0498636
-0.0491073
-0.0510323
-0.0505013
-0.0467858
-0.0493791
-0.0488556
-0.0493721
-0.048685
-0.0503573
-0.0503865
-0.036922
-0.0295342
-0.0308834
-0.0394768
-0.0290428
-0.0373275
-0.0384451
-0.0379265
-0.0299078
-0.0262896
-0.0387137
-0.0366183
-0.028934
-0.0389749
-0.0476472
-0.0496809
-0.0501001
-0.049666
-0.0486717
-0.0499183
-0.0504172
-0.0493637
-0.0467887
-0.048818
-0.0493857
-0.0486622
-0.0503512
-0.05037
-0.0470047
-0.0497644
-0.0492963
-0.0498701
-0.0490938
-0.0510129
-0.0504577
-0.0373616
-0.0282577
-0.0335992
-0.0399172
-0.0296099
-0.0370381
-0.0406779
-0.0370825
-0.0289719
-0.0128832
-0.0279259
-0.0289739
-0.0372135
-0.0279142
-0.0375007
-0.0351857
-0.029675
-0.0415824
-0.0376279
-0.0298141
-0.0412531
-0.0492426
-0.0497324
-0.0494702
-0.0500674
-0.0500178
-0.0496372
-0.0500845
-0.0514333
-0.0517511
-0.0514424
-0.0517073
-0.0512195
-0.051705
-0.0513707
-0.0501803
-0.0507891
-0.0500605
-0.0504154
-0.0500568
-0.0505887
-0.0505413
-0.0497534
-0.048497
-0.0489707
-0.0493236
-0.0491264
-0.0493687
-0.0495593
-0.0491153
-0.0497825
-0.0492604
-0.0496451
-0.0497994
-0.0496301
-0.0497265
-0.0489241
-0.0491654
-0.0489809
-0.0494467
-0.0491639
-0.0492253
-0.0495284
-0.0496388
-0.0497631
-0.0496645
-0.0497794
-0.0496279
-0.0496163
-0.0496333
-0.0398195
-0.0443396
-0.0424633
-0.0477801
-0.043987
-0.0406472
-0.0427261
-0.0437515
-0.0472698
-0.0484089
-0.0461912
-0.0458373
-0.0442941
-0.0453811
-0.0500996
-0.0499771
-0.0499706
-0.0501861
-0.0498995
-0.050004
-0.0500258
-0.0501402
-0.0500916
-0.0498078
-0.0499273
-0.0499869
-0.0498732
-0.0496921
-0.0497994
-0.0495256
-0.0500083
-0.0495687
-0.0502119
-0.0502175
-0.0500053
-0.0499906
-0.0498085
-0.0499158
-0.0515665
-0.0495915
-0.049843
-0.0496553
-0.0497968
-0.0499473
-0.0499209
-0.0497259
-0.0498443
-0.049858
-0.0497663
-0.04987
-0.0497866
-0.0498606
-0.0498147
-0.0498219
-0.0498538
-0.0498668
-0.049774
-0.0498317
-0.0497481
-0.0498337
-0.0498093
-0.0498508
-0.0498243
-0.0498034
-0.0498031
-0.0497777
-0.0498536
-0.0498001
-0.0498262
-0.0498893
-0.0498461
-0.0497816
-0.0498237
-0.0498029
-0.049801
-0.0497989
-0.0498444
-0.0497951
-0.0498232
-0.049779
-0.0498501
-0.0497849
-0.0497861
-0.0497655
-0.0497829
-0.0497445
-0.049773
-0.0498126
-0.0497869
-0.0498053
-0.0497594
-0.0498027
-0.04983
-0.0497393
-0.0498828
-0.0498079
-0.0498149
-0.0497831
-0.0498328
-0.0498104
-0.049805
-0.0498018
-0.0498428
-0.049854
-0.0498238
-0.0498704
-0.0499843
-0.0499835
-0.0499423
-0.0498501
-0.0498091
-0.0497641
-0.0497941
-0.0497941
-0.0497785
-0.0498165
-0.0498277
-0.0498166
-0.0498472
-0.0497308
-0.0497956
-0.0498401
-0.0497595
-0.0497953
-0.0498071
-0.0498421
-0.0483849
-0.0494707
-0.0504532
-0.0503719
-0.0494056
-0.0494953
-0.0507203
-0.0498455
-0.0495623
-0.0498082
-0.0500314
-0.0496272
-0.0500237
-0.0499369
-0.0496972
-0.0498247
-0.0499627
-0.0498513
-0.0498674
-0.0498387
-0.0498218
-0.0498664
-0.0497126
-0.0500791
-0.0501008
-0.0497707
-0.0502289
-0.0497205
-0.0499875
-0.049922
-0.0495968
-0.0495135
-0.0498038
-0.0499673
-0.0496241
-0.0496907
-0.0497748
-0.0498084
-0.04993
-0.0497079
-0.0497306
-0.0498429
-0.0498314
-0.0495628
-0.0497869
-0.049712
-0.0498309
-0.0497033
-0.0496157
-0.0497636
-0.0500703
-0.0499523
-0.0497778
-0.0497761
-0.050143
-0.0497101
-0.0496434
-0.0501279
-0.0497352
-0.0498781
-0.0497141
-0.0496676
-0.0501771
-0.0496054
-0.0496166
-0.0495575
-0.0496608
-0.049517
-0.0496422
-0.0496135
-0.0496496
-0.0496307
-0.0495607
-0.0496978
-0.0498924
-0.0495502
-0.0496644
-0.049636
-0.0496681
-0.0497085
-0.0500463
-0.0499271
-0.0496688
-0.0496265
-0.0497287
-0.0497116
-0.0496666
-0.0497532
-0.0496874
-0.0497848
-0.0496511
-0.0496812
-0.0497562
-0.0497121
-0.049715
-0.0497079
-0.0497069
-0.0497353
-0.0497457
-0.0497187
-0.0498277
-0.0497532
-0.0498097
-0.0497202
-0.0497777
-0.049641
-0.049728
-0.0497045
-0.0497061
-0.049668
-0.0497365
-0.0496595
-0.0502338
-0.0506912
-0.0498917
-0.0502688
-0.050395
-0.0504311
-0.0498559
-0.0497299
-0.0493482
-0.0500939
-0.0495655
-0.0506411
-0.0486036
-0.0499261
-0.0499367
-0.0497811
-0.0498549
-0.0498815
-0.0500993
-0.0498326
-0.0498849
-0.0497248
-0.0499318
-0.0504936
-0.0486482
-0.0500724
-0.0500708
-0.0496629
-0.0496726
-0.049808
-0.0498129
-0.0500741
-0.0498117
-0.0498566
-0.0497306
-0.0496626
-0.0497206
-0.0497452
-0.0497288
-0.0497333
-0.0498065
-0.049792
-0.0497647
-0.0497763
-0.049735
-0.0497448
-0.0497618
-0.0497759
-0.0497898
-0.0497382
-0.0497287
-0.049731
-0.0497365
-0.0497372
-0.0497488
-0.0497383
-0.0500184
-0.0503657
-0.0496739
-0.0496985
-0.0493203
-0.0503142
-0.0496834
-0.0493679
-0.0489062
-0.0499798
-0.049431
-0.0494112
-0.0483036
-0.050111
-0.0498101
-0.0498471
-0.0497041
-0.0499382
-0.0501074
-0.0497246
-0.0497732
-0.0498757
-0.0498543
-0.0498204
-0.0492762
-0.0504573
-0.0497758
-0.0499568
-0.0501886
-0.0497314
-0.049305
-0.0496549
-0.0506849
-0.0499917
-0.0496732
-0.0501229
-0.0500042
-0.0504003
-0.050048
-0.0505323
-0.0501533
-0.0501097
-0.0496972
-0.0497704
-0.0497853
-0.0497419
-0.0498469
-0.0497926
-0.0496764
-0.0499189
-0.0498941
-0.0501445
-0.049845
-0.0500098
-0.0499075
-0.04998
-0.0500081
-0.0477438
-0.0510108
-0.0504364
-0.0505805
-0.0500696
-0.050451
-0.0501548
-0.0469529
-0.0509036
-0.0501518
-0.050104
-0.0513328
-0.0497812
-0.0294163
-0.0354348
-0.0358815
-0.0307705
-0.0356094
-0.0293498
-0.0308897
-0.0265249
-0.0338875
-0.0352723
-0.0234737
-0.0235679
-0.0343777
-0.0265342
-0.0295381
-0.0378485
-0.0385718
-0.0325558
-0.0287653
-0.0378924
-0.0314406
-0.0298986
-0.0348222
-0.0350941
-0.0307936
-0.0347409
-0.0297361
-0.0301509
-0.0275524
-0.0244442
-0.0314445
-0.0326311
-0.0245271
-0.0273411
-0.0327986
-0.0275487
-0.0331592
-0.0318815
-0.0239251
-0.0239943
-0.0331414
-0.0273016
-0.0301267
-0.0346668
-0.0342939
-0.0290461
-0.0300273
-0.0344118
-0.0294559
-0.0507926
-0.0500581
-0.0501882
-0.0507081
-0.0500797
-0.050183
-0.0503048
-0.0501238
-0.0504054
-0.0500037
-0.0505402
-0.0500463
-0.0501534
-0.0501092
-0.0497802
-0.0496947
-0.0498039
-0.0498706
-0.0497407
-0.0497842
-0.049675
-0.0499358
-0.0501546
-0.0498982
-0.0500249
-0.0498448
-0.0499083
-0.0499866
-0.0490757
-0.04968
-0.0504361
-0.0500796
-0.049203
-0.0492909
-0.0505938
-0.0497921
-0.0496712
-0.0497739
-0.0497969
-0.0497463
-0.0498202
-0.0497793
-0.049666
-0.0497626
-0.0497153
-0.0497329
-0.049712
-0.0497928
-0.0497911
-0.0497795
-0.0497683
-0.0497282
-0.0497418
-0.0497649
-0.0497856
-0.0497894
-0.0497795
-0.0497325
-0.0497359
-0.0497518
-0.0497475
-0.0497611
-0.0497502
-0.0497066
-0.0470162
-0.0501307
-0.0508874
-0.0494824
-0.0490946
-0.0500052
-0.0492074
-0.0498796
-0.0511282
-0.0494416
-0.0501897
-0.0493454
-0.0492197
-0.0494925
-0.0500622
-0.0513291
-0.0496197
-0.050407
-0.0496731
-0.0494564
-0.0496541
-0.0496857
-0.049885
-0.0497627
-0.0496987
-0.0498598
-0.0498046
-0.0498066
-0.0497832
-0.0497272
-0.0496872
-0.0498238
-0.0496697
-0.0494684
-0.0497873
-0.0494775
-0.0495429
-0.0501984
-0.0496685
-0.0501649
-0.0498697
-0.0493692
-0.0496168
-0.049867
-0.0493979
-0.0492816
-0.049692
-0.0495167
-0.0493335
-0.0494656
-0.0499617
-0.0501801
-0.0494546
-0.0493038
-0.049887
-0.0495749
-0.04969
-0.0496276
-0.0496647
-0.0496414
-0.0496642
-0.0495785
-0.0496294
-0.0496432
-0.0496693
-0.0496897
-0.0496066
-0.0496913
-0.0496875
-0.0496387
-0.0497156
-0.0496639
-0.0496746
-0.0495912
-0.0497016
-0.0497028
-0.0496227
-0.0496991
-0.0496575
-0.049754
-0.0496386
-0.0496813
-0.0496502
-0.0496595
-0.0497021
-0.0496448
-0.0497066
-0.0496851
-0.0497019
-0.0496713
-0.0496547
-0.0496688
-0.0496942
-0.0496623
-0.0496548
-0.049667
-0.0496927
-0.0496445
-0.0496808
-0.0496597
-0.0496867
-0.0496456
-0.0496605
-0.0496846
-0.0496659
-0.0497041
-0.0496681
-0.0496613
-0.0496685
-0.0497013
-0.0496644
-0.0497081
-0.0498858
-0.0496998
-0.0495363
-0.0496927
-0.0496725
-0.0496287
-0.0496323
-0.0496638
-0.0497592
-0.0498197
-0.0497035
-0.0497113
-0.0497565
-0.0500904
-0.0495024
-0.0498196
-0.0495845
-0.0503311
-0.0498118
-0.0495764
-0.0498395
-0.0496835
-0.0494701
-0.0493715
-0.0493263
-0.0497819
-0.0496668
-0.0496974
-0.049719
-0.0497485
-0.0497012
-0.0497426
-0.0497887
-0.0497842
-0.0497325
-0.049739
-0.0497038
-0.0497489
-0.0497406
-0.049756
-0.0497423
-0.0497467
-0.0497394
-0.0497961
-0.0498029
-0.0497935
-0.0498098
-0.0497727
-0.0502
-0.0498575
-0.0498502
-0.0497361
-0.0498659
-0.0497173
-0.0498904
-0.0503506
-0.0486326
-0.0496988
-0.0500234
-0.0489317
-0.0497294
-0.0512411
-0.0498252
-0.0494581
-0.0497808
-0.0499151
-0.0497079
-0.0495624
-0.0498273
-0.0497457
-0.0499501
-0.0498084
-0.0495753
-0.0495364
-0.0497568
-0.0498997
-0.0499291
-0.0498417
-0.0498181
-0.0498645
-0.0498437
-0.0498113
-0.0496786
-0.0497046
-0.0497739
-0.0500947
-0.0491294
-0.0500237
-0.0500595
-0.04948
-0.0499496
-0.0498067
-0.050041
-0.0498564
-0.0501007
-0.0499257
-0.0498458
-0.0499792
-0.0502959
-0.0500747
-0.0500576
-0.0505506
-0.050181
-0.0500868
-0.0501512
-0.0501505
-0.0510477
-0.0501242
-0.0508193
-0.05025
-0.050423
-0.0504516
-0.0498947
-0.0497931
-0.0507574
-0.0506082
-0.0508055
-0.0504554
-0.0501878
-0.0501033
-0.0502528
-0.0482362
-0.050276
-0.0499462
-0.0503583
-0.0504593
-0.0498364
-0.049974
-0.0508964
-0.0505183
-0.0502652
-0.0508303
-0.0300428
-0.0385758
-0.0369029
-0.0292932
-0.0373539
-0.0314784
-0.0295094
-0.0336363
-0.0337504
-0.0378382
-0.0367279
-0.033915
-0.0337201
-0.0376304
-0.0317695
-0.0391252
-0.0377247
-0.031973
-0.0316673
-0.0376826
-0.032338
-0.0327978
-0.0374284
-0.0366044
-0.0340931
-0.033457
-0.037591
-0.0334151
-0.0320636
-0.0385948
-0.0381124
-0.0308227
-0.0394352
-0.031693
-0.0315534
-0.0312663
-0.0300778
-0.0409865
-0.0406176
-0.0302158
-0.0311598
-0.0402823
-0.0318618
-0.0392451
-0.0410675
-0.0312709
-0.0308223
-0.0401087
-0.0319346
-0.0317068
-0.0380942
-0.0397647
-0.031246
-0.0317284
-0.0394891
-0.0311708
-0.0503153
-0.0499604
-0.0500301
-0.0502333
-0.0499253
-0.0500045
-0.0500509
-0.0499528
-0.050051
-0.0498157
-0.0501091
-0.0498569
-0.0499292
-0.0498532
-0.0503028
-0.0499821
-0.0500862
-0.0505541
-0.0500595
-0.0501774
-0.0500894
-0.0501701
-0.0510672
-0.0501645
-0.0508333
-0.0501317
-0.0502396
-0.0504535
-0.0503435
-0.0498032
-0.0490665
-0.0498415
-0.0503024
-0.049886
-0.0493148
-0.0500556
-0.0502565
-0.0500154
-0.0503854
-0.0501384
-0.0501056
-0.0498012
-0.0501503
-0.048831
-0.0499136
-0.0503026
-0.0500587
-0.0488703
-0.049609
-0.0497192
-0.0496153
-0.0497776
-0.0497169
-0.0497431
-0.0494513
-0.0497572
-0.0517551
-0.0504938
-0.04972
-0.0494194
-0.0503581
-0.0495509
-0.0486623
-0.0497297
-0.0497091
-0.0497382
-0.0497594
-0.0497085
-0.0497925
-0.0497812
-0.0496633
-0.0497541
-0.0497129
-0.0497164
-0.0497125
-0.0497936
-0.0497808
-0.0497628
-0.0497374
-0.0497337
-0.0497504
-0.0497323
-0.0497504
-0.0497564
-0.0498156
-0.0498151
-0.0497359
-0.0498315
-0.0497815
-0.0497893
-0.0497691
-0.0496454
-0.0496262
-0.0497073
-0.0495717
-0.0496882
-0.0495545
-0.0495757
-0.0496869
-0.0495709
-0.0497182
-0.0496384
-0.0496017
-0.0495762
-0.0498606
-0.0497419
-0.0497716
-0.0496224
-0.0494827
-0.0496238
-0.0497509
-0.0496813
-0.0497037
-0.0496373
-0.0496903
-0.0500416
-0.0498417
-0.0496737
-0.0499168
-0.0498419
-0.0496513
-0.0500258
-0.0494417
-0.0498828
-0.0495926
-0.0501188
-0.0492555
-0.051779
-0.0501969
-0.0493081
-0.0495394
-0.050577
-0.0483669
-0.0493235
-0.0498407
-0.0493841
-0.050143
-0.0499621
-0.0496041
-0.0503341
-0.0509273
-0.0497219
-0.0494806
-0.0508817
-0.0492114
-0.0518024
-0.0503875
-0.0500296
-0.0497557
-0.0495049
-0.0497963
-0.049946
-0.0497594
-0.0499404
-0.0497566
-0.0498032
-0.0497822
-0.0498491
-0.0497843
-0.0498594
-0.0498197
-0.0500021
-0.0499727
-0.0498808
-0.0499422
-0.0497441
-0.0499081
-0.0497667
-0.049833
-0.0498108
-0.0498665
-0.0498382
-0.0498379
-0.0498551
-0.049855
-0.0497722
-0.0497756
-0.0498501
-0.0498195
-0.0498227
-0.0497994
-0.0498222
-0.0497572
-0.0497357
-0.0497857
-0.049761
-0.049807
-0.0497708
-0.0497574
-0.0497488
-0.0497599
-0.0497264
-0.0497584
-0.0497857
-0.0497801
-0.0497404
-0.0497695
-0.0497503
-0.0497656
-0.0497501
-0.0497794
-0.0497724
-0.0497859
-0.0498209
-0.04982
-0.0497232
-0.0498188
-0.0497753
-0.0498269
-0.0498419
-0.0497886
-0.0497721
-0.0497846
-0.0497978
-0.0497766
-0.049822
-0.0497997
-0.0499045
-0.0499382
-0.0498061
-0.0497526
-0.0498788
-0.0498147
-0.0497402
-0.0497891
-0.0497664
-0.0497637
-0.0498061
-0.0497672
-0.0498165
-0.0497705
-0.0497978
-0.0499922
-0.050293
-0.0485374
-0.0495339
-0.0503112
-0.0498207
-0.0501533
-0.0496744
-0.0494003
-0.0509984
-0.0493149
-0.0518781
-0.0506883
-0.049796
-0.0499603
-0.0496665
-0.0496989
-0.0496576
-0.0502383
-0.0497498
-0.0495792
-0.0490701
-0.0494031
-0.0495391
-0.0493381
-0.0497702
-0.0493406
-0.0492997
-0.049795
-0.0491593
-0.0496828
-0.0496553
-0.0498245
-0.0497573
-0.04885
-0.0483441
-0.0492797
-0.0491448
-0.0492316
-0.0492786
-0.0494541
-0.0502358
-0.0509844
-0.0503137
-0.0502753
-0.050815
-0.0509091
-0.0508018
-0.0522245
-0.0519652
-0.0520262
-0.0520312
-0.0513958
-0.0515928
-0.0521718
-0.0496884
-0.049913
-0.0494795
-0.0502453
-0.0498489
-0.0502009
-0.0502991
-0.0513666
-0.0498619
-0.0508663
-0.0508885
-0.051275
-0.0517888
-0.0514173
-0.0500791
-0.04991
-0.0501466
-0.0502394
-0.0502786
-0.0496719
-0.0496015
-0.0501126
-0.0489476
-0.0509528
-0.0503267
-0.0503128
-0.049814
-0.0493261
-0.049244
-0.0496585
-0.0479681
-0.0494851
-0.0502099
-0.0514683
-0.0505599
-0.0490396
-0.0475982
-0.0495922
-0.0489369
-0.0495925
-0.0506146
-0.0506375
-0.0507673
-0.0501331
-0.0478554
-0.0489323
-0.0501631
-0.0502906
-0.0509446
-0.046479
-0.0458852
-0.0486629
-0.0472213
-0.0491293
-0.049269
-0.0487315
-0.0490403
-0.0495929
-0.0476078
-0.048947
-0.0495989
-0.0506218
-0.0506384
-0.049255
-0.0479795
-0.049662
-0.0494951
-0.0502152
-0.0514732
-0.0505665
-0.0464855
-0.0486737
-0.0458921
-0.0472255
-0.0491416
-0.0492738
-0.0487386
-0.0507647
-0.0478611
-0.0501425
-0.048933
-0.0501833
-0.0502972
-0.0509462
-0.049983
-0.0497595
-0.0497944
-0.0498976
-0.0496988
-0.0496672
-0.0497883
-0.0488491
-0.0492764
-0.0483478
-0.0491531
-0.0492311
-0.0492793
-0.0494547
-0.0492989
-0.0491592
-0.0497909
-0.0498241
-0.0496551
-0.0496819
-0.049758
-0.0496799
-0.0496256
-0.0497086
-0.0496585
-0.0497115
-0.0496328
-0.0496369
-0.0522663
-0.051978
-0.052052
-0.0520595
-0.0513859
-0.0516121
-0.0521886
-0.0509931
-0.0502508
-0.0503128
-0.0508253
-0.050285
-0.0509213
-0.0507971
-0.0513739
-0.0508867
-0.0498871
-0.0508907
-0.0512442
-0.0518222
-0.0514302
-0.0500907
-0.0502385
-0.0501541
-0.0501597
-0.0505052
-0.0504847
-0.0503038
-0.0496798
-0.0494722
-0.0499284
-0.0498453
-0.0502587
-0.0502361
-0.0503118
-0.0463857
-0.0474704
-0.0451738
-0.0435252
-0.0471459
-0.0470678
-0.0445252
-0.046735
-0.0451142
-0.046252
-0.0488125
-0.0475859
-0.0450807
-0.048048
-0.0450202
-0.0386539
-0.0417546
-0.0453746
-0.0454717
-0.0420283
-0.0449578
-0.0497896
-0.0497663
-0.049763
-0.0498272
-0.0497568
-0.0498265
-0.0498072
-0.0497782
-0.0498022
-0.049756
-0.049841
-0.0497849
-0.0498623
-0.0498215
-0.0500083
-0.0498788
-0.0499718
-0.0499091
-0.0497447
-0.0499312
-0.0497623
-0.0498004
-0.049872
-0.0498025
-0.049824
-0.0498428
-0.0498389
-0.0498359
-0.0497571
-0.0498598
-0.0498249
-0.0497973
-0.0498438
-0.0497779
-0.0498082
-0.0497538
-0.0498021
-0.0497285
-0.0497509
-0.0498083
-0.0497542
-0.049749
-0.0497479
-0.0497256
-0.0497957
-0.0497647
-0.0497964
-0.0497775
-0.0497375
-0.0497741
-0.0497638
-0.0497366
-0.0497624
-0.0497625
-0.0497692
-0.0497816
-0.0498133
-0.04978
-0.049776
-0.0498053
-0.0498294
-0.0498622
-0.0498009
-0.0498375
-0.0497945
-0.0497421
-0.0497941
-0.0498151
-0.0498116
-0.0498394
-0.0498256
-0.0497961
-0.0497674
-0.0498057
-0.0497488
-0.0498268
-0.0498092
-0.0499115
-0.0497976
-0.0499486
-0.0498698
-0.0497609
-0.049816
-0.049738
-0.0497073
-0.0500237
-0.051495
-0.0500142
-0.0497852
-0.0496989
-0.0480513
-0.0499134
-0.0498444
-0.0508407
-0.0499861
-0.0498874
-0.0498091
-0.0485025
-0.0498599
-0.0497348
-0.0499786
-0.049674
-0.0498273
-0.0497572
-0.0496203
-0.0500168
-0.0533512
-0.0507523
-0.0494601
-0.0497819
-0.0485744
-0.0503983
-0.050057
-0.0539866
-0.049582
-0.0495666
-0.0498027
-0.0497921
-0.0501219
-0.0496782
-0.0496172
-0.0497137
-0.0496547
-0.0497229
-0.0497675
-0.0498651
-0.0494235
-0.0496183
-0.049658
-0.0496465
-0.0495875
-0.0495985
-0.0496819
-0.0497796
-0.0497143
-0.0496827
-0.0495482
-0.0497786
-0.049674
-0.0497262
-0.0497715
-0.0502386
-0.0499352
-0.0496386
-0.0497739
-0.0498363
-0.0497194
-0.0497808
-0.0500136
-0.0497027
-0.0495754
-0.0497013
-0.049801
-0.0497346
-0.0493176
-0.0493973
-0.050564
-0.0507126
-0.0493917
-0.0492812
-0.0511447
-0.0500034
-0.0500491
-0.0496277
-0.0499404
-0.0498612
-0.0500868
-0.0501569
-0.0500629
-0.049925
-0.0496891
-0.0501502
-0.049575
-0.0499204
-0.0500193
-0.0492314
-0.0508546
-0.0495512
-0.0511492
-0.0494989
-0.0491375
-0.0509554
-0.049788
-0.0496807
-0.0501672
-0.0498312
-0.0499525
-0.0497926
-0.0498292
-0.0496672
-0.0498363
-0.0496323
-0.0497074
-0.0497849
-0.0497243
-0.0497963
-0.0496282
-0.049615
-0.0495556
-0.0496105
-0.0496667
-0.0496722
-0.0496053
-0.0500121
-0.0500206
-0.0502795
-0.0500065
-0.0499892
-0.0499741
-0.0499188
-0.0496444
-0.0495957
-0.0496861
-0.049605
-0.0498255
-0.0495999
-0.0497176
-0.0500175
-0.0497889
-0.0499559
-0.0496608
-0.0497525
-0.0497878
-0.0496431
-0.0498723
-0.0502192
-0.0499375
-0.0500176
-0.049864
-0.0499266
-0.0498667
-0.0500004
-0.0498185
-0.0500031
-0.049709
-0.0497599
-0.0498146
-0.0496638
-0.049701
-0.0496073
-0.049843
-0.0496068
-0.049614
-0.0496446
-0.0497329
-0.0496971
-0.0496045
-0.0495088
-0.0496414
-0.0496647
-0.0497193
-0.0496136
-0.0496619
-0.0495839
-0.0495681
-0.04979
-0.0495349
-0.0495242
-0.049629
-0.0501341
-0.0499478
-0.0501975
-0.0499357
-0.0496999
-0.0508968
-0.0495376
-0.0506699
-0.0508491
-0.0495023
-0.0501714
-0.0498671
-0.050103
-0.0502376
-0.0492917
-0.0492471
-0.0500245
-0.0497721
-0.0496869
-0.0496062
-0.049177
-0.0492407
-0.0495585
-0.0511079
-0.0497889
-0.0495716
-0.0490229
-0.0503838
-0.0497564
-0.0494013
-0.0496251
-0.0499791
-0.0495851
-0.0497497
-0.0502162
-0.0499343
-0.0484214
-0.0495236
-0.0464645
-0.0498443
-0.048248
-0.0491178
-0.0494642
-0.0508598
-0.0490225
-0.0494066
-0.0488358
-0.0491813
-0.0501414
-0.0296511
-0.0413732
-0.0318649
-0.0377353
-0.0325192
-0.0389856
-0.0300279
-0.0291575
-0.0392567
-0.0313269
-0.0364407
-0.0306575
-0.035413
-0.0300468
-0.0224663
-0.0305865
-0.0155049
-0.0292773
-0.0222832
-0.0312182
-0.0156586
-0.0228247
-0.0142053
-0.0326941
-0.0295916
-0.032466
-0.0231916
-0.0159652
-0.0506051
-0.0495209
-0.0495194
-0.0497375
-0.0491267
-0.0491257
-0.049676
-0.049623
-0.0495324
-0.0494624
-0.0494869
-0.049472
-0.0495315
-0.0496061
-0.0496992
-0.0498426
-0.0495573
-0.0496734
-0.0497986
-0.0497363
-0.0497927
-0.0496302
-0.0496705
-0.0495783
-0.0498054
-0.0495862
-0.0495823
-0.0497041
-0.0497743
-0.0500053
-0.0499452
-0.0496519
-0.0497483
-0.0496342
-0.0497835
-0.0500196
-0.0502813
-0.0500308
-0.0500141
-0.0499815
-0.0499602
-0.0499118
-0.0500233
-0.0498369
-0.0500264
-0.0497236
-0.049776
-0.0498281
-0.049682
-0.0498881
-0.0497539
-0.0496431
-0.0497152
-0.0498298
-0.0498486
-0.0497651
-0.0502257
-0.049876
-0.0499348
-0.0500202
-0.0498627
-0.0499261
-0.0498725
-0.0496175
-0.0497049
-0.0495198
-0.0496481
-0.0496731
-0.049626
-0.0497261
-0.0496903
-0.0495953
-0.0496152
-0.0498261
-0.0495732
-0.0495579
-0.0496571
-0.0496812
-0.0498279
-0.0495966
-0.0495973
-0.0495932
-0.0496365
-0.0497182
-0.0495348
-0.0497013
-0.049964
-0.0494795
-0.0494874
-0.0497747
-0.0495964
-0.050066
-0.0486369
-0.050091
-0.0494082
-0.0498765
-0.0493664
-0.0479334
-0.0497107
-0.0496195
-0.0493683
-0.0495446
-0.0496167
-0.0493811
-0.0494997
-0.0505042
-0.0497027
-0.0493959
-0.0501388
-0.0494713
-0.0503743
-0.050414
-0.049711
-0.049812
-0.0496934
-0.0496716
-0.0496852
-0.0497697
-0.0496926
-0.0499347
-0.0497099
-0.0497908
-0.0496326
-0.0496353
-0.0499155
-0.0496416
-0.0497817
-0.0504098
-0.0497907
-0.0498581
-0.0497026
-0.0507894
-0.0497692
-0.0493378
-0.0498273
-0.0500882
-0.0499479
-0.0496578
-0.0498724
-0.049805
-0.0499483
-0.0509831
-0.0497016
-0.0498307
-0.0510794
-0.0500922
-0.049509
-0.0497015
-0.0502601
-0.0497222
-0.0499962
-0.0496855
-0.0509006
-0.0499127
-0.0497471
-0.0497239
-0.049819
-0.0496295
-0.0497394
-0.0490501
-0.0495362
-0.0488761
-0.049773
-0.0498052
-0.0506961
-0.0507698
-0.0497918
-0.046034
-0.0496841
-0.0494755
-0.0492434
-0.0496063
-0.0500307
-0.0500147
-0.0500405
-0.0500891
-0.0500843
-0.0505347
-0.050004
-0.0503043
-0.0504254
-0.0504394
-0.0502829
-0.0494345
-0.0506672
-0.0506634
-0.0502044
-0.0511079
-0.0508072
-0.051563
-0.051226
-0.0512264
-0.0513676
-0.0510962
-0.0511775
-0.0515002
-0.0500809
-0.0500638
-0.0506689
-0.0500588
-0.0505562
-0.0501611
-0.0502985
-0.0499699
-0.0500431
-0.0502903
-0.050027
-0.050422
-0.0501166
-0.050088
-0.049909
-0.0499185
-0.0501972
-0.0498623
-0.0500564
-0.0499163
-0.0500029
-0.0497541
-0.0497722
-0.0497789
-0.04975
-0.0498553
-0.0497692
-0.0497266
-0.0497109
-0.0497159
-0.0497888
-0.0496877
-0.049808
-0.049693
-0.0497068
-0.0498011
-0.0492747
-0.0491104
-0.0496657
-0.049669
-0.0497966
-0.0497442
-0.049313
-0.0488707
-0.0491382
-0.049559
-0.049012
-0.0496262
-0.0490769
-0.0497383
-0.0486633
-0.0489383
-0.0495375
-0.049256
-0.0495101
-0.0495315
-0.0456972
-0.048858
-0.0477953
-0.0473124
-0.0483629
-0.047906
-0.0460727
-0.0498525
-0.0502854
-0.047741
-0.0498959
-0.0488352
-0.0501061
-0.05059
-0.0485244
-0.0459349
-0.0466551
-0.0489748
-0.0473324
-0.0492556
-0.0487896
-0.0496444
-0.0491312
-0.0469571
-0.0498176
-0.0490006
-0.0509707
-0.0503301
-0.0491907
-0.0466935
-0.0486326
-0.049223
-0.0485146
-0.0501773
-0.0501676
-0.0323746
-0.0248536
-0.00918155
-0.0250951
-0.0231811
-0.0324
-0.0212777
-0.0397921
-0.0421653
-0.0359498
-0.03368
-0.0419664
-0.039764
-0.0313111
-0.035795
-0.0409157
-0.0327457
-0.0390765
-0.0375367
-0.0409988
-0.0308447
-0.0381785
-0.0322569
-0.0353947
-0.0407475
-0.0407625
-0.0319435
-0.0376043
-0.0352939
-0.0313754
-0.040106
-0.0379624
-0.0405265
-0.0360891
-0.0300822
-0.0126805
-0.0261187
-0.0327723
-0.0262028
-0.0261152
-0.0125789
-0.0261316
-0.0129094
-0.0254522
-0.0324311
-0.0201237
-0.0251861
-0.0260661
-0.011696
-0.048523
-0.046656
-0.0459355
-0.0489715
-0.0473333
-0.0492499
-0.0487902
-0.0498813
-0.047752
-0.0503047
-0.0499044
-0.0488479
-0.0501068
-0.0506106
-0.0491907
-0.0485979
-0.0466753
-0.0492239
-0.0484704
-0.0501513
-0.0501613
-0.0496278
-0.0469513
-0.0491088
-0.0498195
-0.0489767
-0.0509569
-0.050305
-0.0503064
-0.0506806
-0.0495123
-0.0506934
-0.0502163
-0.0510862
-0.0508149
-0.051229
-0.0515297
-0.0511949
-0.0513533
-0.0510946
-0.0515069
-0.0511627
-0.049712
-0.0492653
-0.0494809
-0.0500433
-0.0500433
-0.0496223
-0.0500538
-0.0500913
-0.0505248
-0.0500816
-0.050009
-0.0503031
-0.0504211
-0.0504331
-0.0500832
-0.0506591
-0.0500654
-0.0500605
-0.050546
-0.0501592
-0.0502956
-0.0499756
-0.050285
-0.0500458
-0.0500299
-0.0504126
-0.0501178
-0.0500919
-0.0499155
-0.0502003
-0.0499299
-0.0498676
-0.050064
-0.0499177
-0.0500098
-0.0497573
-0.0497883
-0.0497879
-0.0497561
-0.0498713
-0.0497701
-0.0497272
-0.0488541
-0.0493089
-0.0491229
-0.0495366
-0.0490028
-0.0490606
-0.0496115
-0.0497102
-0.048917
-0.0486367
-0.0495134
-0.0492357
-0.0494905
-0.0495101
-0.0497192
-0.0497976
-0.0497128
-0.0496762
-0.0498077
-0.0496812
-0.0497049
-0.049803
-0.0491096
-0.0492831
-0.0496634
-0.0496662
-0.0497989
-0.0497419
-0.0404116
-0.0437914
-0.0398219
-0.0317773
-0.0438229
-0.0401572
-0.0299149
-0.0440311
-0.0467652
-0.0470711
-0.0464725
-0.0454927
-0.0454417
-0.0450008
-0.0399642
-0.0432183
-0.0318045
-0.0398022
-0.0398211
-0.0431704
-0.0298526
-0.0411174
-0.0332651
-0.0399631
-0.0444443
-0.0437438
-0.0325623
-0.0401736
-0.0408908
-0.0328319
-0.0446546
-0.0402866
-0.0434985
-0.0405702
-0.032942
-0.0499051
-0.0493739
-0.0493587
-0.0497211
-0.0491687
-0.04988
-0.0497842
-0.0500228
-0.0496206
-0.0494148
-0.0494218
-0.0492634
-0.0497104
-0.0492889
-0.0499442
-0.0496326
-0.0494151
-0.0498157
-0.049456
-0.0492921
-0.0484801
-0.0518171
-0.0502199
-0.0498738
-0.0500133
-0.0499456
-0.0501049
-0.0497047
-0.0494402
-0.048924
-0.0497027
-0.055076
-0.0496281
-0.050004
-0.0503044
-0.0497997
-0.0497157
-0.0497814
-0.0495453
-0.0498387
-0.0498516
-0.0497199
-0.0497061
-0.0497247
-0.0498556
-0.050376
-0.0497285
-0.0497428
-0.0498247
-0.0496749
-0.0492679
-0.0497414
-0.0497818
-0.0498211
-0.0494305
-0.0498371
-0.0496259
-0.0498362
-0.0497462
-0.0500035
-0.0496958
-0.0496827
-0.0491277
-0.0507816
-0.0501495
-0.0488519
-0.0488727
-0.050536
-0.0503697
-0.0488462
-0.0493255
-0.0497922
-0.0494301
-0.04913
-0.0494514
-0.0497394
-0.0496479
-0.0492785
-0.0498966
-0.049594
-0.0491224
-0.0494097
-0.0497553
-0.0496671
-0.0512026
-0.0451581
-0.048837
-0.0509792
-0.0507394
-0.0481552
-0.0515369
-0.051235
-0.0464536
-0.0489451
-0.0501067
-0.0504275
-0.0481654
-0.0520577
-0.048417
-0.0485073
-0.0497789
-0.048631
-0.0487131
-0.0489178
-0.0477443
-0.0494112
-0.0502745
-0.049825
-0.0490188
-0.0499721
-0.0497251
-0.049314
-0.049388
-0.0479802
-0.0491504
-0.0479102
-0.0495711
-0.0494443
-0.0478691
-0.0502791
-0.0504694
-0.0503073
-0.0493726
-0.0502442
-0.0507039
-0.0494782
-0.0501588
-0.0500467
-0.0480127
-0.0501792
-0.0501475
-0.0500997
-0.0506133
-0.0504364
-0.0495633
-0.0507478
-0.0497021
-0.0503142
-0.0508387
-0.0502718
-0.0487671
-0.0496553
-0.0499483
-0.0517971
-0.0497368
-0.0499426
-0.0496174
-0.0492609
-0.0487471
-0.0499459
-0.0501198
-0.0495596
-0.0494319
-0.0493216
-0.036989
-0.0377865
-0.0318903
-0.0275248
-0.0373895
-0.0365282
-0.0267036
-0.0405163
-0.0336745
-0.0400389
-0.0285387
-0.0392767
-0.0404628
-0.0293258
-0.0303703
-0.0378475
-0.0357927
-0.0351512
-0.035918
-0.035086
-0.030019
-0.0341475
-0.036741
-0.0313494
-0.0282533
-0.0359726
-0.0351451
-0.0280803
-0.0310466
-0.0288347
-0.0222915
-0.0142606
-0.0306025
-0.0291562
-0.0226088
-0.0337963
-0.0305656
-0.0350024
-0.0281344
-0.0333683
-0.03548
-0.0283552
-0.0270875
-0.036705
-0.0280551
-0.011953
-0.0364938
-0.0271569
-0.0121843
-0.029366
-0.0379967
-0.0353944
-0.0371541
-0.0354664
-0.0370052
-0.0292303
-0.0265692
-0.0138424
-0.0288387
-0.0346436
-0.0352717
-0.012503
-0.0257147
-0.0445616
-0.045349
-0.0470848
-0.0420292
-0.0462746
-0.0423018
-0.0453978
-0.0469082
-0.0481115
-0.0490794
-0.0484389
-0.0472344
-0.0462198
-0.0476583
-0.0436315
-0.0448537
-0.0384568
-0.0403181
-0.0431251
-0.0452322
-0.0374696
-0.0428379
-0.0354638
-0.0397154
-0.0351104
-0.0417828
-0.0424485
-0.0350928
-0.0440581
-0.0430984
-0.0484914
-0.0399706
-0.0454552
-0.047942
-0.0377752
-0.050393
-0.0503277
-0.0504484
-0.0499978
-0.0502819
-0.0500654
-0.0499313
-0.0498865
-0.0502062
-0.0499552
-0.0497165
-0.0500793
-0.0499327
-0.0500121
-0.0504153
-0.049855
-0.0493925
-0.0487327
-0.0498548
-0.0503062
-0.0485132
-0.0499286
-0.0516478
-0.0501016
-0.0498415
-0.0500199
-0.0515888
-0.0484862
-0.0492453
-0.0497148
-0.050558
-0.0501566
-0.0507395
-0.0494956
-0.0494556
-0.0505111
-0.0499944
-0.0488404
-0.0495635
-0.0486473
-0.05036
-0.0499335
-0.0500348
-0.0501797
-0.049936
-0.0500097
-0.0501678
-0.0501029
-0.0501347
-0.0501084
-0.0517934
-0.0500648
-0.0502189
-0.0486466
-0.0517735
-0.0501197
-0.0503915
-0.0498545
-0.048987
-0.0498101
-0.0503293
-0.0493196
-0.0499228
-0.050115
-0.0502392
-0.0501377
-0.0504643
-0.0498808
-0.0502161
-0.0502006
-0.0502212
-0.0488099
-0.0499278
-0.0502985
-0.0488601
-0.0496575
-0.0500997
-0.050515
-0.0503948
-0.0501014
-0.0505949
-0.0500055
-0.0502759
-0.0504007
-0.048019
-0.0486115
-0.0500514
-0.049246
-0.0498391
-0.0485134
-0.0463793
-0.048971
-0.0498368
-0.0519103
-0.0500561
-0.0498866
-0.0501309
-0.0497683
-0.0503364
-0.0501043
-0.0502386
-0.05034
-0.0502741
-0.0501202
-0.0498515
-0.0496316
-0.0490155
-0.0500849
-0.0499547
-0.0500123
-0.0495321
-0.0494626
-0.0405889
-0.0445137
-0.0426355
-0.047969
-0.0450055
-0.040659
-0.0427727
-0.0419501
-0.0445057
-0.0490495
-0.0438224
-0.0451274
-0.042662
-0.0435511
-0.0441266
-0.047823
-0.0487005
-0.0469033
-0.0466963
-0.0444253
-0.0446889
-0.0437242
-0.0447817
-0.0403849
-0.0383915
-0.0375443
-0.0452746
-0.043087
-0.0444821
-0.0432488
-0.0401644
-0.0487716
-0.0380175
-0.0479705
-0.0456277
-0.0429248
-0.0355135
-0.0351092
-0.0402869
-0.0352145
-0.0424592
-0.0417902
-0.047971
-0.047698
-0.0494816
-0.0474223
-0.0484032
-0.0488255
-0.0461721
-0.0501839
-0.0512394
-0.0481105
-0.0507642
-0.0508625
-0.0506525
-0.0504211
-0.0498773
-0.0498113
-0.0503467
-0.0504788
-0.0500973
-0.0496268
-0.0504346
-0.05037
-0.0474299
-0.0512492
-0.0507044
-0.0517401
-0.050397
-0.0502117
-0.05064
-0.0506072
-0.0496284
-0.0508336
-0.0497575
-0.0505925
-0.0510233
-0.0504322
-0.0502369
-0.048196
-0.0503354
-0.0503054
-0.0507873
-0.0503408
-0.0503066
-0.0502223
-0.0501641
-0.0504415
-0.0504758
-0.0501482
-0.050402
-0.0507997
-0.0497533
-0.0499001
-0.0510261
-0.0505043
-0.0511568
-0.050659
-0.0503879
-0.049613
-0.0496815
-0.0505336
-0.0504555
-0.0503054
-0.0506675
-0.0501982
-0.0501804
-0.0482473
-0.0501947
-0.0503343
-0.050134
-0.0502649
-0.0502885
-0.0503175
-0.0503596
-0.0505383
-0.0505531
-0.0503643
-0.0502501
-0.0504353
-0.0496772
-0.0498977
-0.0509212
-0.0501665
-0.0505437
-0.0507752
-0.0495999
-0.0499295
-0.0491866
-0.0504283
-0.0494693
-0.0501335
-0.0499916
-0.0502406
-0.0503233
-0.0503943
-0.050595
-0.0504362
-0.0502807
-0.0503594
-0.0495485
-0.0481344
-0.0478286
-0.0493646
-0.0479791
-0.04978
-0.0496735
-0.0498729
-0.04988
-0.0500415
-0.0500985
-0.0501375
-0.0495939
-0.0494043
-0.0502253
-0.0503414
-0.0503248
-0.0507071
-0.0504495
-0.0502841
-0.0502086
-0.049606
-0.0486277
-0.0501398
-0.0504788
-0.0501926
-0.0489624
-0.0493886
-0.0483703
-0.0484651
-0.0497984
-0.0485554
-0.0487545
-0.0489304
-0.0476905
-0.0457235
-0.04737
-0.0454058
-0.043646
-0.0469484
-0.0444533
-0.0467204
-0.0458105
-0.0446765
-0.0461513
-0.0481532
-0.0470537
-0.0446679
-0.0474407
-0.0441527
-0.0377155
-0.0414476
-0.044834
-0.0414116
-0.044304
-0.0450146
-0.0489635
-0.0484221
-0.0511186
-0.0495801
-0.0508665
-0.049592
-0.0479854
-0.0444853
-0.0451669
-0.0419048
-0.0467218
-0.0457378
-0.0451759
-0.0422308
-0.0462998
-0.048514
-0.0447773
-0.0513095
-0.0477712
-0.0473058
-0.0465409
-0.0466018
-0.0479037
-0.0481248
-0.049049
-0.0473611
-0.0474483
-0.0471715
-0.0307544
-0.0401376
-0.0350138
-0.0375482
-0.0306466
-0.0340106
-0.037259
-0.0298407
-0.0418314
-0.0355843
-0.0370843
-0.0295816
-0.0362309
-0.037518
-0.0278361
-0.0373913
-0.0121368
-0.028005
-0.012409
-0.0279062
-0.0371297
-0.0272108
-0.0141342
-0.0350262
-0.028904
-0.0264176
-0.012718
-0.0357276
-0.036669
-0.0305165
-0.0290359
-0.0390785
-0.02871
-0.038137
-0.03675
-0.0404697
-0.0413741
-0.0369933
-0.0428805
-0.0426931
-0.0373469
-0.0405059
-0.0376429
-0.0295575
-0.0260239
-0.0385927
-0.0286052
-0.0362388
-0.0386276
-0.037048
-0.0279559
-0.0332909
-0.039586
-0.0293053
-0.0367044
-0.0403816
-0.0362824
-0.0299579
-0.01365
-0.0278569
-0.0299538
-0.027867
-0.0363473
-0.0417865
-0.0416794
-0.037276
-0.0434294
-0.0428771
-0.0375517
-0.0420905
-0.0372299
-0.0348573
-0.0293757
-0.0412842
-0.0295213
-0.0409716
-0.0373425
-0.0301731
-0.029361
-0.0370007
-0.0386963
-0.0296028
-0.0315876
-0.0374783
-0.0337867
-0.0339185
-0.0368853
-0.0380122
-0.034094
-0.033849
-0.0377824
-0.0329532
-0.0375288
-0.0341838
-0.0367449
-0.0335216
-0.0335918
-0.0377215
-0.0319093
-0.0392615
-0.0321267
-0.0378803
-0.0318301
-0.0324455
-0.0378245
-0.0274263
-0.0284592
-0.0362814
-0.0376559
-0.026418
-0.0307261
-0.0360558
-0.0254737
-0.0261674
-0.0364195
-0.0358518
-0.0256544
-0.0259691
-0.0358694
-0.0253765
-0.0368164
-0.0260729
-0.036438
-0.0264667
-0.0256532
-0.036281
-0.0276483
-0.0376624
-0.0313988
-0.0358042
-0.0277582
-0.031136
-0.0357358
-0.0321774
-0.0308964
-0.0387128
-0.0381991
-0.031806
-0.0316247
-0.0395303
-0.0314171
-0.0302336
-0.041193
-0.0406659
-0.0403347
-0.0303641
-0.0313129
-0.0319993
-0.0393632
-0.0314167
-0.0412846
-0.0320437
-0.0401964
-0.0309613
-0.0317991
-0.0381837
-0.0312959
-0.0398468
-0.0312226
-0.0395686
-0.0318132
-0.0296967
-0.0310176
-0.0361246
-0.0356934
-0.0311329
-0.0296185
-0.035877
-0.0298251
-0.038063
-0.0327655
-0.0388116
-0.0316921
-0.0290233
-0.0381344
-0.0267966
-0.034155
-0.0237611
-0.0355409
-0.0238525
-0.0268107
-0.034654
-0.0310313
-0.031362
-0.0369257
-0.036596
-0.0312461
-0.0305173
-0.0373951
-0.0307926
-0.0301748
-0.0400521
-0.0390793
-0.0306688
-0.0302984
-0.0388859
-0.0312975
-0.0380971
-0.0311302
-0.0400232
-0.0313071
-0.0308891
-0.03885
-0.0305339
-0.0362154
-0.029372
-0.0373453
-0.0303689
-0.0297176
-0.0372911
-0.0301527
-0.0310358
-0.035095
-0.0353416
-0.0299848
-0.030403
-0.0350003
-0.0278153
-0.0247004
-0.0317224
-0.0329014
-0.0330797
-0.0247915
-0.0275954
-0.0278148
-0.0334371
-0.0241932
-0.0321417
-0.027562
-0.0334036
-0.0242566
-0.0303877
-0.0349361
-0.0292958
-0.0345647
-0.0297142
-0.0346935
-0.0302797
-0.0374568
-0.0319813
-0.0272467
-0.0379602
-0.0266802
-0.0378611
-0.0367864
-0.0389077
-0.0423154
-0.0365097
-0.044994
-0.0449918
-0.0382487
-0.0371956
-0.0406558
-0.0337245
-0.0287011
-0.0405586
-0.0395285
-0.0292858
-0.0407662
-0.0345324
-0.0279406
-0.0312599
-0.0368617
-0.0278306
-0.0353541
-0.0362347
-0.0318318
-0.0290273
-0.0142564
-0.0222175
-0.0224868
-0.0292845
-0.0315615
-0.036534
-0.040242
-0.0355256
-0.0435246
-0.0429728
-0.0371835
-0.034937
-0.0341685
-0.030478
-0.027933
-0.0353532
-0.0280797
-0.0357711
-0.0338512
-0.029906
-0.0392187
-0.0335616
-0.0375553
-0.0386958
-0.0341279
-0.0304339
-0.0296082
-0.0372373
-0.0330657
-0.0362881
-0.032427
-0.0304563
-0.0352992
-0.022599
-0.0304504
-0.0155282
-0.0292902
-0.0156664
-0.022424
-0.0311162
-0.0229481
-0.0142007
-0.032503
-0.0295515
-0.0232758
-0.0159787
-0.0323051
-0.0278301
-0.0373892
-0.0121346
-0.0279963
-0.0279039
-0.0124029
-0.0371225
-0.0298376
-0.0418296
-0.0355803
-0.037082
-0.0295806
-0.0362303
-0.0375104
-0.0272034
-0.0141203
-0.0288943
-0.0350153
-0.0127072
-0.0264083
-0.0357207
-0.0307409
-0.0401447
-0.0350166
-0.037539
-0.0306368
-0.0340148
-0.037257
-0.0370573
-0.0333075
-0.0279621
-0.0396033
-0.0293173
-0.0403946
-0.0367142
-0.0362856
-0.0299599
-0.027862
-0.0136522
-0.0278726
-0.0363504
-0.0299565
-0.0417952
-0.0416795
-0.0372745
-0.0434142
-0.0428826
-0.0375558
-0.0420852
-0.037236
-0.0348711
-0.0293805
-0.0412881
-0.0295314
-0.0373451
-0.04098
-0.0366731
-0.0290425
-0.0305235
-0.0390936
-0.0287043
-0.0367565
-0.038152
-0.0404769
-0.0413902
-0.0369922
-0.0428705
-0.0427329
-0.0373529
-0.0404926
-0.0376374
-0.0295562
-0.0259984
-0.0386112
-0.0285938
-0.0386353
-0.036238
-0.032176
-0.0309112
-0.0382241
-0.0387211
-0.0316411
-0.0318045
-0.0395444
-0.0314106
-0.0302347
-0.0406787
-0.0411898
-0.0303582
-0.0313075
-0.0403639
-0.0318023
-0.0382052
-0.0313024
-0.0398544
-0.031239
-0.0318151
-0.0395893
-0.0320016
-0.0393759
-0.0314143
-0.0412717
-0.0309606
-0.0320506
-0.0402152
-0.030876
-0.0280341
-0.037276
-0.0374725
-0.0282886
-0.0304316
-0.0370894
-0.0298204
-0.0372521
-0.0283604
-0.0346156
-0.0283021
-0.0293857
-0.0362913
-0.0347443
-0.0375528
-0.0343994
-0.0349973
-0.0357672
-0.0346434
-0.0364862
-0.0301785
-0.0293773
-0.0386954
-0.0370053
-0.0315936
-0.0296149
-0.037476
-0.0337584
-0.0338568
-0.0379716
-0.0368571
-0.0377518
-0.0340598
-0.0337844
-0.0319061
-0.0392566
-0.0321231
-0.0378628
-0.0324512
-0.0378144
-0.0318213
-0.0329298
-0.0375106
-0.0341299
-0.036727
-0.0335026
-0.0376988
-0.0335352
-0.0301195
-0.0310043
-0.0353237
-0.0350637
-0.0303735
-0.0299508
-0.0349791
-0.0277882
-0.0246937
-0.032888
-0.0317032
-0.0247596
-0.0275845
-0.033062
-0.0303592
-0.0349236
-0.0292826
-0.0345519
-0.0296883
-0.0302655
-0.0346779
-0.0277802
-0.0334053
-0.0241577
-0.0321183
-0.0242227
-0.0275259
-0.0333812
-0.0324275
-0.0319087
-0.0369719
-0.036718
-0.031852
-0.0320384
-0.036291
-0.0332444
-0.034391
-0.0368582
-0.0371364
-0.0342077
-0.0340502
-0.037253
-0.031508
-0.0378655
-0.0314931
-0.0368688
-0.0313663
-0.0313847
-0.0366924
-0.0327078
-0.038313
-0.0335638
-0.0375216
-0.0337344
-0.03242
-0.0373445
-0.0296313
-0.0309779
-0.0356468
-0.036069
-0.0295719
-0.0310754
-0.0358145
-0.0267271
-0.0341037
-0.023705
-0.0354725
-0.0267581
-0.0345886
-0.0237769
-0.0297328
-0.0379793
-0.0326649
-0.0387242
-0.0316063
-0.0380412
-0.0289085
-0.0345334
-0.0312496
-0.0279184
-0.0368496
-0.0278231
-0.0362352
-0.0353428
-0.0318322
-0.0290262
-0.0222144
-0.0142592
-0.0315614
-0.0224846
-0.029284
-0.036538
-0.0402789
-0.0355281
-0.04354
-0.0430062
-0.0371862
-0.0349482
-0.0341729
-0.0304641
-0.0279252
-0.0353453
-0.0338454
-0.0280743
-0.035773
-0.0374238
-0.0272033
-0.0319295
-0.0379299
-0.026628
-0.0367604
-0.0378339
-0.0388779
-0.0423335
-0.0365
-0.0450035
-0.0449957
-0.0382473
-0.0371744
-0.0406032
-0.0336513
-0.0286091
-0.0405057
-0.0292111
-0.040722
-0.0394809
-0.022601
-0.0304337
-0.0155275
-0.0292999
-0.0311426
-0.0224185
-0.0156723
-0.0296154
-0.0372759
-0.0330661
-0.0363076
-0.0353444
-0.0324303
-0.0304624
-0.0229581
-0.014206
-0.0295759
-0.0325165
-0.0323419
-0.0159949
-0.0232779
-0.0298908
-0.039235
-0.0335494
-0.0375784
-0.0341109
-0.0304297
-0.0387137
-0.0419201
-0.0445228
-0.0491242
-0.0437518
-0.0450832
-0.0435822
-0.0426372
-0.0405239
-0.044457
-0.0425015
-0.0479226
-0.0449568
-0.0405826
-0.0426707
-0.0440362
-0.0477387
-0.0468351
-0.0486556
-0.0466333
-0.0445982
-0.0443314
-0.0436476
-0.0447909
-0.0383688
-0.040324
-0.0431021
-0.0374851
-0.0452001
-0.0428544
-0.0354269
-0.0350828
-0.0402975
-0.0418036
-0.0351558
-0.0423786
-0.0443757
-0.043095
-0.0400524
-0.0486859
-0.0379063
-0.0478754
-0.0455206
-0.0479198
-0.0476343
-0.0473578
-0.0494388
-0.0483389
-0.0461045
-0.0487735
-0.0479511
-0.0485589
-0.0492107
-0.0500464
-0.0498218
-0.046299
-0.0484803
-0.0503372
-0.0501021
-0.0502218
-0.0503278
-0.0502723
-0.0500998
-0.0498577
-0.0489707
-0.0498433
-0.0519148
-0.0500597
-0.0498904
-0.0497638
-0.0501401
-0.0496314
-0.0489809
-0.0499446
-0.0500805
-0.0500119
-0.0494424
-0.0495215
-0.0502108
-0.0480451
-0.0512441
-0.050745
-0.0508457
-0.0504199
-0.0506699
-0.0499019
-0.0498295
-0.0503691
-0.0504971
-0.0501153
-0.0504573
-0.0496499
-0.0503865
-0.047343
-0.0511647
-0.0506726
-0.0504031
-0.051675
-0.050197
-0.0506659
-0.0496182
-0.0506085
-0.0508184
-0.049766
-0.0510433
-0.0506122
-0.0504582
-0.0502648
-0.0503624
-0.0482084
-0.0508124
-0.0503644
-0.0503344
-0.0503349
-0.0502461
-0.050193
-0.0504647
-0.0505005
-0.0504285
-0.0501783
-0.0508265
-0.049739
-0.049921
-0.0510504
-0.0505157
-0.0511902
-0.0506838
-0.0504079
-0.0497067
-0.0496495
-0.0505573
-0.0504848
-0.0506873
-0.0503323
-0.0502195
-0.0502083
-0.050221
-0.0482677
-0.0502865
-0.050362
-0.0501624
-0.0503148
-0.0503436
-0.0503747
-0.0505648
-0.050579
-0.0502726
-0.050385
-0.050456
-0.0497004
-0.0499201
-0.0509464
-0.0505653
-0.0501939
-0.0507948
-0.0496455
-0.0492241
-0.0499599
-0.0504625
-0.0495089
-0.0500383
-0.0501659
-0.0502571
-0.050339
-0.0504063
-0.0506217
-0.0504599
-0.0503792
-0.0502884
-0.0495986
-0.048184
-0.0479001
-0.0494291
-0.0480394
-0.0498383
-0.0497208
-0.0457276
-0.0473614
-0.0435801
-0.0453881
-0.0444209
-0.0467172
-0.0469439
-0.0441593
-0.0376766
-0.0413864
-0.0448138
-0.0413759
-0.0450033
-0.0443128
-0.0458456
-0.0447387
-0.0461826
-0.0482196
-0.0446929
-0.0470888
-0.0474971
-0.0490301
-0.0485096
-0.0496526
-0.0511993
-0.0509343
-0.0480639
-0.0496871
-0.046342
-0.0485806
-0.0447748
-0.0514037
-0.0478506
-0.0465605
-0.0473614
-0.0445581
-0.0452699
-0.0419968
-0.0468368
-0.0458419
-0.0452772
-0.0422954
-0.0466839
-0.0479919
-0.0491335
-0.0482397
-0.0474588
-0.0472541
-0.0475472
-0.0502842
-0.0503875
-0.0503831
-0.0507671
-0.0504936
-0.0503673
-0.0502892
-0.0499067
-0.0499087
-0.0501033
-0.0501604
-0.0501777
-0.0494648
-0.0496335
-0.0496606
-0.0487052
-0.0505483
-0.050199
-0.050249
-0.0494723
-0.0490252
-0.0484759
-0.0485495
-0.0486626
-0.0498821
-0.0488305
-0.0477933
-0.0490109
-0.0492601
-0.0497314
-0.0505803
-0.0501704
-0.0494655
-0.0495137
-0.0507625
-0.050064
-0.0502042
-0.0499666
-0.0500332
-0.0501329
-0.0501984
-0.050162
-0.0505383
-0.0500258
-0.0488643
-0.0495855
-0.0486683
-0.0503905
-0.0499626
-0.0501312
-0.0518149
-0.0502386
-0.0500856
-0.0518002
-0.0486646
-0.0501478
-0.0501479
-0.0502703
-0.0501568
-0.0505009
-0.0502372
-0.0502417
-0.0499135
-0.0504285
-0.0498881
-0.0490123
-0.0498384
-0.0499574
-0.0503639
-0.0493472
-0.0502575
-0.0488425
-0.0503335
-0.0499582
-0.0501352
-0.0496935
-0.0488888
-0.0505503
-0.0504158
-0.0501304
-0.0506212
-0.0503043
-0.050049
-0.050413
-0.0486078
-0.0496215
-0.0507212
-0.0505821
-0.0508796
-0.0495557
-0.0496269
-0.0493146
-0.0500381
-0.049269
-0.0496444
-0.0497057
-0.0498796
-0.049432
-0.0494075
-0.0500102
-0.0492997
-0.049521
-0.0497584
-0.0499308
-0.0495088
-0.0508378
-0.0502014
-0.0489034
-0.0488502
-0.0489932
-0.0504766
-0.0506408
-0.051268
-0.0466294
-0.0502049
-0.0490311
-0.0520892
-0.0482915
-0.0505185
-0.0512423
-0.0453095
-0.0510044
-0.0490211
-0.0515696
-0.0483282
-0.0507767
-0.0498121
-0.0497198
-0.0498609
-0.0498082
-0.0498614
-0.0498095
-0.0496155
-0.0518783
-0.0507818
-0.0496261
-0.0498773
-0.0488065
-0.0496709
-0.0505862
-0.0492815
-0.0497532
-0.0498943
-0.0499898
-0.0497312
-0.0498304
-0.0495367
-0.0499497
-0.0512065
-0.0498605
-0.0498828
-0.0504307
-0.0493753
-0.0513516
-0.0496799
-0.0471386
-0.0500983
-0.0510968
-0.0496696
-0.0491185
-0.0500709
-0.0492192
-0.0500356
-0.0513044
-0.0494913
-0.0504003
-0.0492389
-0.0494223
-0.0494301
-0.0500817
-0.0513084
-0.049647
-0.0505342
-0.0492602
-0.0496795
-0.0497249
-0.0498097
-0.0500463
-0.0498722
-0.0500558
-0.0499165
-0.049767
-0.0497221
-0.0496927
-0.049605
-0.0497131
-0.0494368
-0.049512
-0.0497696
-0.0495232
-0.0497554
-0.0497324
-0.04965
-0.0500344
-0.0497631
-0.049726
-0.0486262
-0.0501301
-0.0500283
-0.0497865
-0.0500683
-0.0499158
-0.0500385
-0.0501239
-0.0498148
-0.0498276
-0.0496581
-0.0496506
-0.0498754
-0.0498127
-0.0502074
-0.0484612
-0.0498885
-0.0496523
-0.048803
-0.051093
-0.049703
-0.0495537
-0.0554783
-0.0499798
-0.0489255
-0.0504522
-0.0504537
-0.0497516
-0.0499413
-0.0498219
-0.0508191
-0.0500585
-0.0499945
-0.0500475
-0.049914
-0.0499971
-0.0498146
-0.0498903
-0.0500152
-0.0501643
-0.0500371
-0.0499043
-0.0498274
-0.0499228
-0.0501591
-0.0499203
-0.0491365
-0.0499539
-0.0498289
-0.0499478
-0.049546
-0.0501156
-0.0499479
-0.0503316
-0.0497518
-0.0499851
-0.0497058
-0.0500254
-0.0516984
-0.0499829
-0.0498912
-0.0480371
-0.0497527
-0.0498996
-0.0499085
-0.050984
-0.050029
-0.0499239
-0.0484465
-0.0498895
-0.0499592
-0.0497892
-0.0500259
-0.0498349
-0.0497033
-0.0499256
-0.0498634
-0.0501624
-0.0534177
-0.0508704
-0.049526
-0.0486603
-0.0505365
-0.0498908
-0.0501706
-0.054188
-0.0496656
-0.0496221
-0.0498177
-0.0502742
-0.0498597
-0.0518312
-0.0501964
-0.0500211
-0.0498995
-0.0497115
-0.0501101
-0.0499667
-0.0506091
-0.0494927
-0.0495029
-0.0497903
-0.0496882
-0.0491475
-0.0491577
-0.0489567
-0.0497233
-0.0507955
-0.0498306
-0.0461761
-0.0497433
-0.0508715
-0.049746
-0.0498508
-0.0497461
-0.0494733
-0.0496773
-0.0490869
-0.0496266
-0.0501133
-0.0506898
-0.0509471
-0.0494107
-0.0508768
-0.0500265
-0.0505185
-0.0483921
-0.0500037
-0.0501122
-0.0497817
-0.0493728
-0.0501416
-0.0499095
-0.0497936
-0.0487194
-0.0504317
-0.0498822
-0.0499283
-0.0504889
-0.0495096
-0.0502201
-0.0497051
-0.0510668
-0.0492966
-0.0493343
-0.0519287
-0.0509236
-0.0498096
-0.0500277
-0.0497264
-0.0496671
-0.0496947
-0.0497558
-0.0503867
-0.0493601
-0.0501642
-0.0493525
-0.0499011
-0.0499213
-0.0499967
-0.0494354
-0.0497109
-0.0494107
-0.0495907
-0.0498421
-0.0496129
-0.0509186
-0.0497509
-0.0496117
-0.0494654
-0.0497636
-0.0497263
-0.0497529
-0.0497413
-0.0496868
-0.0498428
-0.0499284
-0.0511274
-0.0493862
-0.0491707
-0.0491507
-0.0499047
-0.049839
-0.0500484
-0.0497258
-0.049909
-0.0496581
-0.0499119
-0.0499574
-0.0499079
-0.0495972
-0.0500326
-0.0498765
-0.0497863
-0.0497317
-0.0498809
-0.0499229
-0.0498725
-0.0492754
-0.0502643
-0.0496911
-0.0502611
-0.0501163
-0.0500387
-0.0499884
-0.0501846
-0.0499588
-0.0498328
-0.0500861
-0.0498832
-0.0494639
-0.0489068
-0.0496058
-0.049946
-0.0495539
-0.0483751
-0.0500575
-0.0501335
-0.0505394
-0.0498914
-0.0496591
-0.0493637
-0.0506019
-0.049803
-0.050345
-0.0498633
-0.0497979
-0.0495296
-0.0498091
-0.0509015
-0.0500376
-0.0500989
-0.0501146
-0.0494766
-0.0500747
-0.0501688
-0.0507975
-0.0500366
-0.0498538
-0.04987
-0.0499115
-0.0496957
-0.0500432
-0.0497603
-0.049762
-0.0485092
-0.04962
-0.0501902
-0.0501648
-0.0518779
-0.0504471
-0.0497078
-0.0502184
-0.0502606
-0.0500029
-0.0499703
-0.0500699
-0.0502287
-0.0499632
-0.0499252
-0.0497382
-0.0497094
-0.0501556
-0.0503063
-0.0503365
-0.0501452
-0.0501889
-0.05013
-0.049911
-0.0499659
-0.0501054
-0.0497615
-0.049959
-0.0500824
-0.0498093
-0.0516326
-0.0499488
-0.0497134
-0.0499366
-0.0497166
-0.0503022
-0.0499079
-0.049853
-0.0497557
-0.0497654
-0.049413
-0.049891
-0.0507985
-0.0507424
-0.0494227
-0.0500469
-0.0501057
-0.0497665
-0.0501601
-0.0491778
-0.0495339
-0.0497506
-0.0497393
-0.0496513
-0.049176
-0.0495063
-0.0499061
-0.0495525
-0.0497305
-0.0493554
-0.0483881
-0.0492362
-0.0494196
-0.0499964
-0.0494472
-0.0494301
-0.0494691
-0.0493256
-0.0492435
-0.0496287
-0.0458544
-0.0489653
-0.0474851
-0.0479367
-0.046217
-0.0480719
-0.0484869
-0.0401146
-0.0434348
-0.0399704
-0.0319319
-0.029975
-0.0433512
-0.0399746
-0.0441809
-0.0469086
-0.0466608
-0.0472181
-0.0451602
-0.0456157
-0.0456129
-0.040542
-0.043925
-0.031887
-0.0399284
-0.0299994
-0.0403106
-0.0439694
-0.0410066
-0.0328348
-0.0404265
-0.0448084
-0.0330206
-0.0406273
-0.0436481
-0.0412246
-0.0332944
-0.0445861
-0.0400542
-0.0402543
-0.0326153
-0.0438825
-0.0492777
-0.0499162
-0.0511171
-0.0495325
-0.0504814
-0.0490938
-0.0495097
-0.0500011
-0.0484248
-0.0465273
-0.0495679
-0.0498852
-0.0483167
-0.0491955
-0.0498185
-0.0493168
-0.0499919
-0.049622
-0.0495624
-0.0497528
-0.0502339
-0.0495237
-0.0508513
-0.0495097
-0.0489993
-0.0502257
-0.0489186
-0.0491121
-0.041682
-0.0469812
-0.0475118
-0.0471553
-0.0438345
-0.0454413
-0.0450889
-0.0390952
-0.02509
-0.0401109
-0.0429348
-0.0375275
-0.0304636
-0.0435706
-0.0417144
-0.0445656
-0.0477399
-0.0437755
-0.04255
-0.0428351
-0.0449212
-0.0384187
-0.0479318
-0.048902
-0.0468043
-0.047601
-0.0443495
-0.0468078
-0.0427809
-0.0463505
-0.0454797
-0.0465899
-0.0421618
-0.0454107
-0.0449129
-0.0387937
-0.0297002
-0.0405939
-0.0431467
-0.0440042
-0.028729
-0.0379364
-0.0428629
-0.0472167
-0.0431962
-0.0467621
-0.0451387
-0.0447926
-0.0427965
-0.0457705
-0.0490471
-0.0479464
-0.0475466
-0.0481074
-0.0484968
-0.0461869
-0.0402981
-0.0436215
-0.0396707
-0.0315829
-0.043732
-0.0297398
-0.0399747
-0.0440727
-0.0468126
-0.0472019
-0.0466913
-0.0454601
-0.0450954
-0.0455734
-0.0399034
-0.043205
-0.0316701
-0.0397288
-0.0297096
-0.0396879
-0.0431708
-0.0410611
-0.0330638
-0.0398452
-0.0444382
-0.0436963
-0.0323878
-0.0400691
-0.0408907
-0.032661
-0.0447295
-0.0402408
-0.0405088
-0.0328456
-0.0435264
-0.0122556
-0.025707
-0.0323738
-0.025757
-0.025709
-0.025727
-0.0121406
-0.01254
-0.0251449
-0.0198321
-0.0320885
-0.0114016
-0.0257046
-0.0248558
-0.0324939
-0.00920128
-0.0251405
-0.024894
-0.0213317
-0.023228
-0.0324481
-0.0359389
-0.0411557
-0.0329144
-0.0391843
-0.037716
-0.0309202
-0.0411655
-0.0400145
-0.0423285
-0.0338254
-0.036036
-0.0400487
-0.0313849
-0.0421074
-0.0354307
-0.0314368
-0.0381323
-0.0401311
-0.0302069
-0.036116
-0.040688
-0.0382912
-0.0322855
-0.0355102
-0.0406964
-0.0320535
-0.0375894
-0.0408998
-0.0108369
-0.0234745
-0.0248713
-0.0309524
-0.0248979
-0.0108594
-0.0234746
-0.0103608
-0.0244104
-0.0225502
-0.0312431
-0.00759688
-0.0248929
-0.0234163
-0.0336291
-0.0283541
-0.0348615
-0.0356413
-0.0331181
-0.0284703
-0.036873
-0.0359708
-0.0319809
-0.0355226
-0.0387448
-0.0357145
-0.0318209
-0.0390507
-0.0340326
-0.0388202
-0.0271642
-0.0333738
-0.033537
-0.0279942
-0.0388816
-0.0354143
-0.0389164
-0.0292271
-0.0351722
-0.0362791
-0.0305918
-0.0384187
-0.035007
-0.0201996
-0.0313415
-0.0405914
-0.0389036
-0.023454
-0.0353741
-0.0369497
-0.0319134
-0.0405652
-0.0394024
-0.0304883
-0.0377121
-0.0413699
-0.0353401
-0.0363997
-0.0318412
-0.0258183
-0.0371187
-0.0260816
-0.0338025
-0.04122
-0.0470219
-0.0437182
-0.0450726
-0.0424471
-0.0418531
-0.0463459
-0.0339926
-0.0396752
-0.028175
-0.0366102
-0.0285983
-0.0330072
-0.0402619
-0.0333308
-0.0246578
-0.0275352
-0.0361055
-0.0247433
-0.0363562
-0.0333455
-0.0329977
-0.029604
-0.0359189
-0.0389978
-0.0393321
-0.0298722
-0.0328592
-0.0325735
-0.0359786
-0.0242676
-0.0296734
-0.0243725
-0.032948
-0.034876
-0.0329733
-0.039384
-0.0296247
-0.0356526
-0.0326398
-0.0390137
-0.0302375
-0.0110947
-0.0237475
-0.0312005
-0.0251158
-0.0111366
-0.0237242
-0.0251205
-0.0105509
-0.0245356
-0.0226959
-0.0314333
-0.00776565
-0.0236043
-0.0250571
-0.0324583
-0.0092493
-0.0249415
-0.0252032
-0.0232255
-0.0213598
-0.0324663
-0.0395957
-0.0420087
-0.0335457
-0.0359254
-0.0312404
-0.0396671
-0.041871
-0.0358234
-0.0409059
-0.0326811
-0.0389182
-0.0409858
-0.0374157
-0.0308297
-0.0382289
-0.0323059
-0.0354224
-0.0406927
-0.0320096
-0.0408066
-0.0375938
-0.0353652
-0.031501
-0.038125
-0.0401479
-0.0406107
-0.0302002
-0.0361167
-0.0124135
-0.0258163
-0.0259218
-0.0325183
-0.0258708
-0.0122874
-0.0258269
-0.012677
-0.0252602
-0.0198899
-0.0322127
-0.0115149
-0.0258404
-0.0249306
-0.0122444
-0.0257033
-0.0257539
-0.0323672
-0.0257186
-0.012136
-0.0257001
-0.0125281
-0.0251375
-0.0198204
-0.0320817
-0.0248456
-0.011384
-0.025695
-0.0108313
-0.0234738
-0.0248699
-0.0309498
-0.0234715
-0.0108579
-0.0248931
-0.0103535
-0.0243988
-0.0312396
-0.0225498
-0.0234122
-0.0248846
-0.00759111
-0.0325008
-0.0251414
-0.00920752
-0.0248946
-0.0213411
-0.0324516
-0.0232274
-0.0359524
-0.0411353
-0.0391689
-0.0328989
-0.030944
-0.0411599
-0.0377014
-0.0400178
-0.0423311
-0.0338426
-0.0360289
-0.0314278
-0.040051
-0.0421062
-0.035445
-0.0314396
-0.0381198
-0.04014
-0.0302093
-0.036113
-0.040682
-0.0382895
-0.032282
-0.04071
-0.0355215
-0.0376037
-0.032044
-0.0409021
-0.032702
-0.0213953
-0.0321808
-0.039096
-0.0342428
-0.0187873
-0.0391524
-0.035102
-0.0272119
-0.036218
-0.042091
-0.0348303
-0.0296902
-0.0412475
-0.0325818
-0.0390333
-0.0257248
-0.0307235
-0.0341463
-0.0222948
-0.0383178
-0.0359602
-0.0381109
-0.0292911
-0.0342889
-0.0350768
-0.0291785
-0.0389819
-0.0398685
-0.0454016
-0.0444866
-0.0430753
-0.0405515
-0.0452994
-0.0428656
-0.0333469
-0.024643
-0.0275282
-0.036079
-0.0363822
-0.0247322
-0.0333172
-0.0329863
-0.0295844
-0.0389658
-0.0359362
-0.0298609
-0.0328459
-0.0393594
-0.0326206
-0.0359954
-0.0296893
-0.0242875
-0.0349315
-0.0243801
-0.0329815
-0.0329902
-0.0394141
-0.0296453
-0.0357127
-0.0302584
-0.0326602
-0.0390828
-0.035071
-0.0202263
-0.031385
-0.040663
-0.0234677
-0.0389718
-0.0354465
-0.0370235
-0.0319782
-0.0395292
-0.0406573
-0.0414796
-0.0305679
-0.0377983
-0.035382
-0.0364431
-0.0258314
-0.0318638
-0.0260917
-0.0338651
-0.037159
-0.0340477
-0.0397427
-0.0282073
-0.0366775
-0.0330373
-0.0403288
-0.0286654
-0.0413253
-0.0471453
-0.043806
-0.0451818
-0.0425416
-0.0464652
-0.0419526
-0.0123766
-0.0257919
-0.0258974
-0.032477
-0.0122673
-0.0258298
-0.0257796
-0.0126534
-0.0252435
-0.0321917
-0.0198696
-0.0258194
-0.0114853
-0.0248937
-0.032504
-0.0249603
-0.00926321
-0.025209
-0.0232744
-0.0324969
-0.021378
-0.039721
-0.0421258
-0.035996
-0.0336465
-0.0419853
-0.0312975
-0.0397993
-0.0358889
-0.0410228
-0.0328004
-0.0390004
-0.0308813
-0.03753
-0.0410733
-0.0383158
-0.0323451
-0.0354777
-0.0407605
-0.040883
-0.0320823
-0.037671
-0.0354163
-0.0315273
-0.0402014
-0.0381876
-0.0361455
-0.0302477
-0.0406696
-0.0400872
-0.0433932
-0.0318807
-0.0399058
-0.0399401
-0.0299342
-0.0433147
-0.0405265
-0.0439129
-0.0318753
-0.0399409
-0.0402897
-0.029996
-0.0439632
-0.0441528
-0.0468746
-0.0466302
-0.0472015
-0.0451356
-0.0455934
-0.0455863
-0.0409695
-0.032794
-0.0403301
-0.044769
-0.0329515
-0.0406078
-0.0435992
-0.0411967
-0.0332943
-0.0400581
-0.0445734
-0.0325965
-0.0402442
-0.043864
-0.0458318
-0.0489588
-0.0474605
-0.0479261
-0.0461997
-0.0480531
-0.0484768
-0.0458517
-0.0467685
-0.0485471
-0.0491212
-0.0443102
-0.0487155
-0.0483887
-0.0492301
-0.0494362
-0.0497718
-0.0510151
-0.0490122
-0.0504449
-0.0494662
-0.0499852
-0.0483846
-0.0464982
-0.0495586
-0.0498469
-0.0482694
-0.049243
-0.0497775
-0.0492908
-0.0496556
-0.0499475
-0.0495619
-0.0502125
-0.049709
-0.0494816
-0.050838
-0.0494705
-0.0489562
-0.0501641
-0.0491298
-0.048876
-0.042864
-0.0464677
-0.0467181
-0.0455832
-0.0455206
-0.0422526
-0.0450139
-0.0388517
-0.0297625
-0.0432291
-0.0406624
-0.0287787
-0.0380135
-0.044087
-0.0429364
-0.047355
-0.0432736
-0.0468445
-0.0452356
-0.0428763
-0.0448984
-0.0490322
-0.0482356
-0.0493358
-0.0493489
-0.0486401
-0.0481665
-0.0496155
-0.0487429
-0.0488534
-0.0472688
-0.0496634
-0.0497396
-0.0482104
-0.0483333
-0.0496809
-0.0500117
-0.0500616
-0.0496392
-0.0499789
-0.0498411
-0.0497661
-0.0492318
-0.0495804
-0.0482709
-0.0494086
-0.0492931
-0.0477383
-0.0496047
-0.0385028
-0.0480458
-0.0468927
-0.0489954
-0.0444452
-0.0476883
-0.0468847
-0.0403729
-0.0437214
-0.0316592
-0.0397442
-0.029804
-0.0400797
-0.0438229
-0.039966
-0.0432997
-0.0317399
-0.0398208
-0.0432462
-0.039781
-0.0297879
-0.0441391
-0.0468999
-0.0472641
-0.0467442
-0.0456234
-0.0455543
-0.0451458
-0.041131
-0.0330652
-0.0399119
-0.0445067
-0.0324406
-0.0437858
-0.0400923
-0.0409311
-0.0326154
-0.0403099
-0.0447658
-0.0435808
-0.032872
-0.0405042
-0.0457847
-0.0490675
-0.0479832
-0.0475805
-0.0485177
-0.0462159
-0.0481242
-0.0505942
-0.0494886
-0.0497574
-0.0495048
-0.0491431
-0.0491359
-0.0496707
-0.050107
-0.0506731
-0.0509442
-0.0494097
-0.0508698
-0.0505288
-0.050015
-0.0483652
-0.0499808
-0.0497603
-0.0500908
-0.049345
-0.0498912
-0.0501225
-0.0489525
-0.0497099
-0.0507855
-0.0498196
-0.0461829
-0.0497322
-0.0508572
-0.0497175
-0.0498219
-0.0494507
-0.0497142
-0.0496481
-0.0496007
-0.0490628
-0.0457074
-0.0510295
-0.0488125
-0.0501495
-0.0482696
-0.0504846
-0.0498218
-0.0497952
-0.0487127
-0.0498816
-0.0504368
-0.0504892
-0.0499261
-0.0495096
-0.0502243
-0.0497124
-0.0492934
-0.0510767
-0.0509386
-0.0493384
-0.051932
-0.0498127
-0.0500295
-0.0497277
-0.0496704
-0.0497574
-0.0503912
-0.0496961
-0.050073
-0.0519346
-0.049616
-0.0497167
-0.0498175
-0.0503845
-0.0496443
-0.0496408
-0.0497129
-0.0504068
-0.0493902
-0.0501146
-0.050074
-0.0496089
-0.049749
-0.0498975
-0.0500526
-0.0509268
-0.0499725
-0.0496484
-0.0494903
-0.0498989
-0.0498004
-0.0499682
-0.0500403
-0.0498506
-0.0499205
-0.0497406
-0.0497847
-0.0498494
-0.0497127
-0.0499508
-0.0494871
-0.0496974
-0.0500807
-0.0498461
-0.0500604
-0.0497352
-0.0499199
-0.0499198
-0.0499664
-0.0496669
-0.0499175
-0.04961
-0.0498905
-0.0500492
-0.0498946
-0.0497961
-0.0497434
-0.0499309
-0.0498817
-0.0502775
-0.0492862
-0.0502703
-0.0501262
-0.0496996
-0.0500493
-0.0500015
-0.0501999
-0.0499735
-0.0498442
-0.0498964
-0.0500982
-0.0498036
-0.0497956
-0.0498585
-0.0499137
-0.0499201
-0.049575
-0.0497323
-0.049753
-0.0495803
-0.0498852
-0.0497868
-0.0497225
-0.0497009
-0.0498602
-0.0500774
-0.0499634
-0.0499021
-0.0504839
-0.0500229
-0.0499498
-0.049647
-0.0499762
-0.0498197
-0.0494068
-0.0498836
-0.0501427
-0.0503462
-0.0498922
-0.0494899
-0.0489299
-0.0496427
-0.0499751
-0.0483978
-0.0500905
-0.0495823
-0.0501596
-0.0505597
-0.0496822
-0.0499117
-0.0498299
-0.0493881
-0.0506235
-0.0503706
-0.0498947
-0.049559
-0.0498208
-0.0509299
-0.0500718
-0.0498349
-0.0498841
-0.0498947
-0.0499406
-0.0497113
-0.0497837
-0.0497897
-0.0500697
-0.0501181
-0.0501287
-0.0494855
-0.0500877
-0.0501866
-0.0500542
-0.0508089
-0.0501564
-0.0502589
-0.0501078
-0.0500921
-0.0501641
-0.0501213
-0.0500087
-0.0499238
-0.0497454
-0.0497178
-0.0501699
-0.0503207
-0.0501393
-0.0503402
-0.0501994
-0.0501511
-0.0499868
-0.0499062
-0.0501044
-0.0499714
-0.0497758
-0.0500826
-0.0498646
-0.0516578
-0.0499446
-0.0497237
-0.0497731
-0.049942
-0.0495101
-0.0498782
-0.0499806
-0.0500957
-0.0499707
-0.0496135
-0.0500896
-0.0502893
-0.047596
-0.049812
-0.0493516
-0.0475511
-0.0494771
-0.0497183
-0.0499774
-0.0498299
-0.0499133
-0.0498019
-0.0497783
-0.0499346
-0.0496375
-0.0485456
-0.0497577
-0.0502019
-0.0502051
-0.0505217
-0.0519107
-0.0497545
-0.0499152
-0.0495894
-0.0497609
-0.0493696
-0.0494344
-0.048427
-0.0492467
-0.0499885
-0.0494496
-0.0494751
-0.04942
-0.0493247
-0.0496239
-0.0492411
-0.0508327
-0.0507347
-0.0494229
-0.0500556
-0.0497881
-0.050122
-0.0501633
-0.0491902
-0.0495339
-0.0497357
-0.0497533
-0.0496534
-0.0494952
-0.0491891
-0.0486219
-0.0496382
-0.0507341
-0.0505946
-0.049647
-0.0495721
-0.0508853
-0.0493237
-0.0500497
-0.0496512
-0.0492877
-0.0494373
-0.0497178
-0.0498959
-0.050839
-0.0502089
-0.0489098
-0.0488616
-0.0504846
-0.0490124
-0.0506524
-0.0494201
-0.0500264
-0.049311
-0.0495396
-0.0497743
-0.0499442
-0.0495212
-0.0512637
-0.046641
-0.0502126
-0.049045
-0.0505294
-0.0520946
-0.0483085
-0.0512437
-0.0453135
-0.0490385
-0.0510111
-0.0483417
-0.0515797
-0.0507797
-0.0498304
-0.0497378
-0.0498266
-0.0498809
-0.0498282
-0.049633
-0.0498801
-0.0518949
-0.0507974
-0.0496421
-0.0498936
-0.04882
-0.0506013
-0.049684
-0.0496904
-0.0501139
-0.0471528
-0.0511064
-0.0496821
-0.0500822
-0.0491293
-0.0492282
-0.0500474
-0.0494992
-0.0513132
-0.0492482
-0.0494313
-0.0504115
-0.0494412
-0.0500929
-0.0513225
-0.0496576
-0.0496912
-0.0505448
-0.0492747
-0.0497354
-0.0498238
-0.0500599
-0.0498837
-0.0500687
-0.0497778
-0.049928
-0.0497332
-0.0497025
-0.0497235
-0.0496153
-0.0497799
-0.049525
-0.0494479
-0.0492988
-0.0497648
-0.0499081
-0.0500007
-0.0497474
-0.0498449
-0.0495518
-0.0499661
-0.0512145
-0.0498946
-0.049868
-0.0493897
-0.0504395
-0.051357
-0.0495772
-0.0500009
-0.055503
-0.0489479
-0.050481
-0.0497741
-0.0504743
-0.0499626
-0.0498428
-0.0500785
-0.0508459
-0.0499354
-0.0500184
-0.0500691
-0.0500201
-0.0498365
-0.0499107
-0.0500389
-0.050182
-0.0500592
-0.0499249
-0.0498475
-0.0499413
-0.0501741
-0.0499388
-0.0498477
-0.0491555
-0.0499735
-0.04997
-0.0495658
-0.0499648
-0.0501349
-0.0497711
-0.0503485
-0.0500032
-0.0501399
-0.0498272
-0.0498433
-0.0496705
-0.0498902
-0.0498286
-0.0496622
-0.0502259
-0.0484814
-0.0496666
-0.0498979
-0.0497188
-0.0511075
-0.0488175
-0.0497266
-0.0500434
-0.050004
-0.0517217
-0.0480568
-0.0497668
-0.0499138
-0.0499758
-0.0498097
-0.0500472
-0.0498507
-0.0498773
-0.049941
-0.0497199
-0.0499253
-0.0499275
-0.0510109
-0.050058
-0.049908
-0.0499465
-0.0484796
-0.0501776
-0.0534417
-0.0508836
-0.0495465
-0.0486765
-0.0499098
-0.0505519
-0.050193
-0.0542086
-0.0496474
-0.0496971
-0.0498819
-0.0502882
-0.0498493
-0.0518422
-0.0502233
-0.0500415
-0.0499156
-0.0501273
-0.0497272
-0.0499863
-0.049464
-0.049548
-0.0500777
-0.0501499
-0.0500154
-0.0495175
-0.0494659
-0.050054
-0.0496925
-0.0497562
-0.0498564
-0.0497888
-0.049929
-0.0496669
-0.0498398
-0.0498372
-0.0496854
-0.0497475
-0.0497669
-0.049832
-0.0497959
-0.0498826
-0.0504324
-0.0498894
-0.0498103
-0.0498178
-0.0509017
-0.0497232
-0.0496947
-0.0495659
-0.0497161
-0.0499943
-0.049816
-0.0498731
-0.0495635
-0.0498374
-0.0496585
-0.0501327
-0.0494438
-0.050194
-0.049939
-0.0495518
-0.0492435
-0.0516559
-0.0502162
-0.0493267
-0.0505022
-0.0483266
-0.0495007
-0.0505423
-0.0496959
-0.0502808
-0.0493928
-0.0505894
-0.0504629
-0.0495378
-0.0502906
-0.0487148
-0.049515
-0.0501834
-0.0480033
-0.0496283
-0.0498781
-0.0498778
-0.0495753
-0.0496102
-0.0497326
-0.0497485
-0.0496033
-0.0496673
-0.0499005
-0.0497402
-0.0499062
-0.0503235
-0.0499016
-0.0499025
-0.0500564
-0.0503332
-0.0498187
-0.0494136
-0.0502294
-0.0497976
-0.050062
-0.0503056
-0.0501107
-0.0510753
-0.0484287
-0.0506292
-0.0491022
-0.0512079
-0.0491115
-0.0494127
-0.0502027
-0.049617
-0.0499039
-0.0504951
-0.0496508
-0.0499271
-0.0510465
-0.0498102
-0.0509352
-0.0495803
-0.0493012
-0.051872
-0.0504776
-0.0501404
-0.0498042
-0.0498629
-0.0496326
-0.0499927
-0.0500188
-0.049825
-0.0498294
-0.0501873
-0.0495336
-0.0500119
-0.0493779
-0.0499697
-0.0499316
-0.0497531
-0.0500394
-0.049988
-0.049861
-0.0499413
-0.0497285
-0.0499636
-0.0500667
-0.0500001
-0.0499181
-0.0499075
-0.049881
-0.04982
-0.0500692
-0.0500135
-0.050144
-0.0479609
-0.0499497
-0.0501885
-0.0497857
-0.0501784
-0.0497329
-0.0497391
-0.0498445
-0.0498018
-0.0497887
-0.0497426
-0.0498168
-0.0497302
-0.0499264
-0.0495865
-0.0497708
-0.0497556
-0.0497374
-0.0496871
-0.0498634
-0.0497435
-0.049356
-0.0495545
-0.0496626
-0.0495025
-0.0497701
-0.0500971
-0.0495929
-0.0496449
-0.0498771
-0.0496501
-0.0504437
-0.0498272
-0.0497569
-0.0493522
-0.0496114
-0.0501279
-0.0507606
-0.0485458
-0.0500628
-0.0504051
-0.0507184
-0.0502562
-0.0499304
-0.0504386
-0.0503646
-0.0499615
-0.0496928
-0.0499167
-0.0501722
-0.0498896
-0.0498149
-0.0498445
-0.0499765
-0.0498155
-0.0499781
-0.0486475
-0.0505825
-0.0497297
-0.0500984
-0.0500844
-0.0499958
-0.0498398
-0.0498964
-0.0499
-0.0501331
-0.0499368
-0.0498963
-0.049597
-0.0508035
-0.0492293
-0.0490971
-0.0508547
-0.0503931
-0.0491052
-0.049466
-0.0508289
-0.0508018
-0.0492717
-0.0513376
-0.0493763
-0.0493354
-0.0500817
-0.0500431
-0.0499134
-0.0496496
-0.0498523
-0.0500406
-0.0502017
-0.0499986
-0.0498496
-0.0500869
-0.0496595
-0.0495695
-0.0499449
-0.0498853
-0.0492688
-0.050817
-0.0511941
-0.0495036
-0.0509713
-0.0491136
-0.0495009
-0.0499975
-0.0510614
-0.0485625
-0.0503458
-0.0490566
-0.049291
-0.0508928
-0.0502824
-0.0497102
-0.0494211
-0.0501051
-0.0497406
-0.0499815
-0.0502859
-0.049818
-0.0497783
-0.0502285
-0.0498927
-0.0498458
-0.0500172
-0.0498552
-0.049726
-0.0494982
-0.0495611
-0.0495655
-0.0496675
-0.0495001
-0.0494675
-0.0500587
-0.0486267
-0.0493972
-0.0500717
-0.0479316
-0.0493659
-0.049847
-0.0501258
-0.0494996
-0.0495047
-0.0495153
-0.0493476
-0.0493357
-0.0496681
-0.04993
-0.0497009
-0.0498225
-0.0494217
-0.0484668
-0.0493248
-0.0494853
-0.0492433
-0.0495783
-0.0498098
-0.0497993
-0.0496906
-0.0492349
-0.0494917
-0.050725
-0.050822
-0.0494742
-0.0501564
-0.0501049
-0.0502297
-0.0498623
-0.0503044
-0.0498598
-0.0497692
-0.0498375
-0.049861
-0.0497231
-0.0493181
-0.0493123
-0.0495529
-0.0497526
-0.0498329
-0.0493828
-0.0495915
-0.0502887
-0.0484238
-0.0501083
-0.0500175
-0.0493955
-0.049282
-0.0503043
-0.0498199
-0.0498891
-0.0504598
-0.0508027
-0.0493326
-0.0504766
-0.0506233
-0.0498009
-0.0494387
-0.0500124
-0.0496272
-0.0498178
-0.0495055
-0.0506283
-0.0497402
-0.049665
-0.0497291
-0.0497643
-0.0496053
-0.0497047
-0.0490161
-0.0494708
-0.0487772
-0.0496982
-0.0505927
-0.0498379
-0.0506668
-0.0460009
-0.0496995
-0.050592
-0.049599
-0.0497443
-0.0495674
-0.0497087
-0.0491371
-0.0491925
-0.0430569
-0.0457097
-0.0465829
-0.0467639
-0.0424436
-0.045132
-0.045678
-0.039079
-0.0300252
-0.0408817
-0.0434403
-0.0382876
-0.0290376
-0.044275
-0.043149
-0.0475339
-0.0469731
-0.0434008
-0.0431135
-0.0450947
-0.045424
-0.049053
-0.0493396
-0.0482559
-0.0493368
-0.0481711
-0.04962
-0.0486847
-0.0497093
-0.0499964
-0.049575
-0.0500968
-0.0499728
-0.0498234
-0.0497623
-0.0487875
-0.0488107
-0.0473421
-0.0496529
-0.0497165
-0.0483889
-0.048288
-0.0492547
-0.0496153
-0.0483406
-0.0493947
-0.0477836
-0.0493004
-0.0495855
-0.0456785
-0.0483543
-0.0490762
-0.0464998
-0.0482558
-0.0440844
-0.0484415
-0.0419188
-0.0472828
-0.0454183
-0.0465173
-0.0437209
-0.044921
-0.0457717
-0.0387398
-0.0248478
-0.0397907
-0.042841
-0.0300915
-0.0432946
-0.0374027
-0.0413988
-0.0441163
-0.0437554
-0.047402
-0.0445152
-0.0428461
-0.0424216
-0.0490964
-0.0508854
-0.0491695
-0.049659
-0.0501823
-0.0494698
-0.0488304
-0.0496901
-0.0494487
-0.0499322
-0.0496588
-0.0496122
-0.0497397
-0.0501752
-0.0498596
-0.0483762
-0.0464434
-0.0494898
-0.0497901
-0.0491235
-0.0481527
-0.0493393
-0.0507146
-0.049219
-0.0489637
-0.0487283
-0.0499217
-0.0491191
-0.0298232
-0.0390726
-0.0375441
-0.0334178
-0.0303268
-0.0386598
-0.0340224
-0.0223393
-0.0301642
-0.0289894
-0.0152617
-0.0154145
-0.0308397
-0.0221616
-0.0293689
-0.0370457
-0.0361002
-0.0328548
-0.0302655
-0.035085
-0.032205
-0.0227157
-0.0140374
-0.0293313
-0.0323248
-0.0157645
-0.0230892
-0.0320933
-0.0327803
-0.0293409
-0.0356475
-0.0386966
-0.0326097
-0.0296391
-0.0390926
-0.0330383
-0.0243857
-0.0273176
-0.0357992
-0.0329972
-0.0244987
-0.0361173
-0.0328235
-0.0392239
-0.0294909
-0.0354262
-0.032526
-0.0300606
-0.0388297
-0.0323318
-0.0358119
-0.0241107
-0.0294889
-0.0327713
-0.0241654
-0.0346947
-0.0350687
-0.0270826
-0.036153
-0.0418976
-0.0411839
-0.0296538
-0.0347376
-0.032686
-0.0212744
-0.0389361
-0.0322026
-0.0187361
-0.0341613
-0.039129
-0.0359589
-0.0381145
-0.0342311
-0.029313
-0.0388951
-0.0291658
-0.0351874
-0.0397803
-0.0452998
-0.0428803
-0.0443323
-0.0427731
-0.040417
-0.045123
-0.0325524
-0.0389045
-0.0257331
-0.0306226
-0.0222522
-0.0341436
-0.0382428
-0.0360321
-0.0320558
-0.0355915
-0.0387985
-0.0318797
-0.0390772
-0.0357907
-0.0336489
-0.0282663
-0.0348741
-0.0357695
-0.0369321
-0.0283947
-0.0331464
-0.0354926
-0.0389629
-0.0292381
-0.0352196
-0.0306257
-0.0363721
-0.038447
-0.0340713
-0.0387252
-0.027162
-0.0333115
-0.0335684
-0.0388175
-0.0279695
-0.0305385
-0.0380484
-0.0358893
-0.0352994
-0.0353614
-0.036087
-0.0301979
-0.0272331
-0.0368089
-0.0282065
-0.0120341
-0.0366551
-0.0123211
-0.0272408
-0.0295433
-0.0381727
-0.0355502
-0.0372666
-0.0356237
-0.0293929
-0.0372121
-0.02672
-0.0140038
-0.0289788
-0.0347915
-0.0354337
-0.0126464
-0.0258789
-0.0223349
-0.0301618
-0.0152611
-0.0289912
-0.0221571
-0.0154138
-0.0308393
-0.0293666
-0.0370426
-0.0360908
-0.0328442
-0.0302554
-0.0350874
-0.0321979
-0.0227123
-0.0140305
-0.0293293
-0.0323198
-0.0157618
-0.0230812
-0.0320919
-0.0298039
-0.0390451
-0.0375359
-0.0334076
-0.0303186
-0.0386351
-0.0340027
-0.037208
-0.0322144
-0.039884
-0.0408482
-0.0380541
-0.0307706
-0.0416861
-0.0352466
-0.0204227
-0.0315015
-0.0408522
-0.0357059
-0.0235709
-0.0391096
-0.0340998
-0.0397057
-0.0281516
-0.0367406
-0.0329932
-0.0287012
-0.0403831
-0.035411
-0.0364494
-0.025758
-0.0318405
-0.0338715
-0.0260984
-0.0371141
-0.0416006
-0.0472487
-0.0454142
-0.0439966
-0.0422354
-0.0467246
-0.0426409
-0.0359899
-0.0320158
-0.0355427
-0.0387546
-0.0390636
-0.031826
-0.035722
-0.0335842
-0.0282356
-0.0357292
-0.034819
-0.0283345
-0.0331189
-0.0368962
-0.0354979
-0.0389484
-0.0351859
-0.0292143
-0.0384631
-0.030588
-0.0363592
-0.0340136
-0.0387124
-0.0271104
-0.0332606
-0.0279132
-0.0335382
-0.0387655
-0.035104
-0.027133
-0.0361938
-0.0419493
-0.0296886
-0.0412201
-0.0347715
-0.0327169
-0.0212813
-0.0322167
-0.0390177
-0.0391617
-0.0187439
-0.0341582
-0.0359911
-0.0381466
-0.0293154
-0.0342534
-0.0291735
-0.0352386
-0.0389246
-0.0325628
-0.0389102
-0.0256956
-0.0306202
-0.0341276
-0.0382852
-0.0222292
-0.0398121
-0.0453231
-0.0428598
-0.0443495
-0.0427898
-0.0451653
-0.0404008
-0.0271595
-0.036775
-0.012016
-0.0281138
-0.012263
-0.0272243
-0.0365519
-0.0294631
-0.0381496
-0.0355098
-0.0372257
-0.0372249
-0.035541
-0.0293453
-0.0266564
-0.0139326
-0.0289183
-0.0347512
-0.0125945
-0.0353829
-0.0258176
-0.0304877
-0.0380289
-0.0358517
-0.0353278
-0.0360565
-0.0301593
-0.0353711
-0.0386924
-0.0469949
-0.04828
-0.049099
-0.0446699
-0.0469241
-0.047833
-0.0490401
-0.0481748
-0.0494167
-0.049541
-0.0482192
-0.0485812
-0.0495861
-0.0487166
-0.0487718
-0.0472994
-0.0495807
-0.0496865
-0.0483242
-0.0481689
-0.0496602
-0.0499621
-0.049549
-0.0500407
-0.0499189
-0.0497201
-0.0497902
-0.0492245
-0.0496507
-0.0483338
-0.0493654
-0.0477917
-0.0495659
-0.0492795
-0.0414618
-0.0473005
-0.0469775
-0.0466741
-0.0448844
-0.0435928
-0.0451946
-0.0389257
-0.0248554
-0.0399227
-0.0427889
-0.0434229
-0.030218
-0.0373393
-0.0415891
-0.0444212
-0.043668
-0.0475866
-0.0447778
-0.0423753
-0.0427833
-0.0456859
-0.0483679
-0.046819
-0.0491327
-0.043954
-0.0482969
-0.0484289
-0.0491094
-0.0495861
-0.0509659
-0.0494593
-0.0501738
-0.0488924
-0.0494802
-0.0498275
-0.048365
-0.0463641
-0.0494579
-0.0498105
-0.0490074
-0.0480964
-0.0496904
-0.0494437
-0.0499487
-0.0496019
-0.0495942
-0.0501734
-0.0497507
-0.0493533
-0.0507377
-0.049242
-0.0489908
-0.0499567
-0.0491131
-0.0487434
-0.049911
-0.0496865
-0.0498028
-0.0494002
-0.0484551
-0.0494723
-0.0493087
-0.0501034
-0.0494712
-0.0494778
-0.0494946
-0.0493288
-0.0493111
-0.0496319
-0.0502714
-0.0498258
-0.049747
-0.0498096
-0.0492766
-0.0496825
-0.0498371
-0.0492124
-0.0495472
-0.0497855
-0.0497683
-0.0496572
-0.0492124
-0.0494489
-0.0506909
-0.0507721
-0.0501212
-0.0494384
-0.0501935
-0.0500713
-0.0498366
-0.0505946
-0.0495843
-0.0497392
-0.049541
-0.0491337
-0.0496865
-0.0491771
-0.0494139
-0.0499988
-0.0495998
-0.0497897
-0.0494859
-0.0497082
-0.0505978
-0.0496269
-0.0496842
-0.0497226
-0.0495666
-0.0496667
-0.0489733
-0.0494245
-0.0487318
-0.0496695
-0.0497996
-0.0505503
-0.0496651
-0.0459736
-0.0506302
-0.0498142
-0.0498385
-0.0497248
-0.0500717
-0.0496048
-0.0499647
-0.0498771
-0.0498738
-0.0497124
-0.0496047
-0.0496134
-0.0497135
-0.0496014
-0.0497018
-0.0503276
-0.0487504
-0.0495529
-0.0502249
-0.0499318
-0.048028
-0.0496691
-0.0494314
-0.0496644
-0.0502801
-0.0502604
-0.0495859
-0.0491361
-0.0512534
-0.0503864
-0.0497308
-0.0494417
-0.04999
-0.0497486
-0.0500919
-0.050332
-0.0502007
-0.0511194
-0.0507134
-0.0485065
-0.0492029
-0.0512669
-0.0491524
-0.0498723
-0.0497161
-0.0498976
-0.0503004
-0.0499147
-0.0498702
-0.0500235
-0.0518238
-0.0495387
-0.0497427
-0.0503302
-0.0503765
-0.0489872
-0.0499787
-0.0494269
-0.0501748
-0.0498827
-0.0494869
-0.0496362
-0.0504549
-0.0499807
-0.0510669
-0.0498316
-0.0509537
-0.0495925
-0.0518993
-0.0504902
-0.0493302
-0.0501683
-0.0498191
-0.0498859
-0.049635
-0.0500347
-0.049855
-0.0500288
-0.0497763
-0.0495257
-0.0503747
-0.0499762
-0.0493988
-0.0498997
-0.0499874
-0.050055
-0.0499877
-0.0499058
-0.0499128
-0.0498773
-0.0497985
-0.0500607
-0.0497393
-0.0500333
-0.0499936
-0.0498578
-0.0499301
-0.0499704
-0.0497206
-0.0500001
-0.0501538
-0.047963
-0.0499302
-0.0497607
-0.0502005
-0.0501546
-0.0494765
-0.0498921
-0.049886
-0.0499112
-0.0494929
-0.0505279
-0.0495535
-0.0494445
-0.0499821
-0.0499689
-0.049674
-0.0497911
-0.0494227
-0.0498456
-0.0497303
-0.049666
-0.0499661
-0.0494415
-0.0498088
-0.0494098
-0.0496456
-0.0496676
-0.0497815
-0.0498657
-0.0498809
-0.0497367
-0.0498386
-0.0497585
-0.0495195
-0.0497272
-0.0502992
-0.049592
-0.0499156
-0.0495918
-0.0497661
-0.0497427
-0.0497497
-0.049856
-0.0498106
-0.0497547
-0.0498269
-0.0497975
-0.0497406
-0.0499309
-0.0497741
-0.0495968
-0.0496969
-0.0497625
-0.0497451
-0.0498756
-0.0497523
-0.0495652
-0.0493682
-0.0495146
-0.0497799
-0.0496728
-0.0501076
-0.0495948
-0.0496462
-0.0498807
-0.0496554
-0.0498289
-0.0504482
-0.0499903
-0.0497272
-0.0495908
-0.0498348
-0.0499226
-0.0495903
-0.0498767
-0.0496666
-0.049798
-0.0497274
-0.0496277
-0.0498459
-0.0496723
-0.049733
-0.0499048
-0.0498881
-0.0496535
-0.050181
-0.0499061
-0.0497036
-0.0499357
-0.0497556
-0.0497301
-0.0495321
-0.0494583
-0.0499125
-0.0500382
-0.0496355
-0.0497642
-0.0493677
-0.04963
-0.05014
-0.0485654
-0.05007
-0.050768
-0.0503956
-0.0507411
-0.0499259
-0.0502654
-0.0499584
-0.0504301
-0.0503705
-0.0497022
-0.0499266
-0.0499048
-0.0501853
-0.0498605
-0.0499856
-0.049823
-0.0499984
-0.0498452
-0.0499046
-0.0499065
-0.0499418
-0.0498989
-0.0501374
-0.0498155
-0.0499854
-0.048654
-0.0505874
-0.0497356
-0.0500862
-0.0500976
-0.050673
-0.0503326
-0.0498655
-0.0491735
-0.0499974
-0.0501847
-0.0498677
-0.0491903
-0.0495356
-0.0495089
-0.0502096
-0.0500533
-0.0494035
-0.0505867
-0.0495812
-0.0499421
-0.0497804
-0.0498066
-0.0496951
-0.0497262
-0.0500693
-0.0495913
-0.0507875
-0.0490906
-0.0492254
-0.0503956
-0.0507917
-0.0491361
-0.0493832
-0.0507657
-0.0506731
-0.0494211
-0.0512224
-0.0492853
-0.0494774
-0.0500269
-0.0498564
-0.0500646
-0.0496972
-0.0495966
-0.0499769
-0.0498846
-0.0501136
-0.0500678
-0.0499785
-0.0496979
-0.0498999
-0.0502508
-0.0501
-0.0492806
-0.050821
-0.0511756
-0.0494786
-0.0509439
-0.0491185
-0.049494
-0.0495986
-0.0497393
-0.0495542
-0.0499868
-0.0495497
-0.0496479
-0.0498184
-0.0497552
-0.0496404
-0.0495839
-0.0494504
-0.0496652
-0.0495302
-0.0494643
-0.0501025
-0.0486604
-0.0501242
-0.0494491
-0.0494029
-0.0479729
-0.0499091
-0.0498389
-0.0497984
-0.0502293
-0.0499109
-0.0500331
-0.0498837
-0.0498717
-0.0494535
-0.0495357
-0.0500429
-0.0501767
-0.0493965
-0.0495259
-0.0499833
-0.0500477
-0.0496938
-0.0498552
-0.0497494
-0.0496583
-0.0497809
-0.0499263
-0.0498416
-0.0498351
-0.0496923
-0.0498092
-0.0498336
-0.0497752
-0.049805
-0.0498764
-0.0504314
-0.0498898
-0.049802
-0.0497255
-0.0498149
-0.0509023
-0.0496973
-0.0495674
-0.049995
-0.0497177
-0.0498822
-0.0495675
-0.0498167
-0.0497896
-0.0496848
-0.050107
-0.0494406
-0.0495519
-0.0499156
-0.0501308
-0.0492417
-0.0516417
-0.0502141
-0.0493395
-0.0505036
-0.0495044
-0.0483079
-0.0505174
-0.0497017
-0.0502828
-0.0494221
-0.0504563
-0.0505553
-0.049539
-0.0498359
-0.0495286
-0.0498181
-0.0500349
-0.0496257
-0.0500249
-0.0499228
-0.049779
-0.0497065
-0.0497296
-0.0498218
-0.0497813
-0.0498176
-0.0499249
-0.0499135
-0.0498216
-0.0496278
-0.0498506
-0.0498637
-0.0498833
-0.0498336
-0.0495875
-0.0496816
-0.0497695
-0.0497387
-0.0496445
-0.0497434
-0.04967
-0.0496148
-0.0499955
-0.0498299
-0.0496931
-0.0496554
-0.050004
-0.0495846
-0.0496743
-0.0496843
-0.0497039
-0.0496219
-0.0497318
-0.0496604
-0.0495882
-0.049562
-0.0499679
-0.0496954
-0.0498108
-0.0496697
-0.0495324
-0.0500024
-0.0497474
-0.0497513
-0.0496529
-0.0497533
-0.049795
-0.0497312
-0.0497473
-0.0497568
-0.0500587
-0.0496569
-0.0498104
-0.0497252
-0.0498338
-0.0497622
-0.0498113
-0.0495744
-0.0497159
-0.0497068
-0.0497672
-0.0496692
-0.0495365
-0.0496684
-0.0502567
-0.0495647
-0.0499235
-0.0496863
-0.0497417
-0.0496588
-0.0496707
-0.0498168
-0.0498576
-0.0499511
-0.049847
-0.0498137
-0.0498365
-0.0497592
-0.0495855
-0.0498819
-0.04986
-0.0497537
-0.0495421
-0.0498867
-0.0498872
-0.0497371
-0.0501036
-0.0501032
-0.0502604
-0.0497645
-0.0497548
-0.0498109
-0.0497885
-0.0497728
-0.0498614
-0.0497803
-0.0497136
-0.0498027
-0.049839
-0.0498005
-0.0498699
-0.0499019
-0.0498532
-0.0500818
-0.0497402
-0.0498289
-0.0498244
-0.049813
-0.0497975
-0.0498012
-0.0498136
-0.0498483
-0.0498871
-0.0499046
-0.0497917
-0.0497599
-0.0499407
-0.049859
-0.0498171
-0.0500142
-0.0499752
-0.0495373
-0.049597
-0.0499984
-0.0498625
-0.0496357
-0.0496651
-0.0497331
-0.0498045
-0.0499374
-0.0498506
-0.0496613
-0.0497318
-0.0496813
-0.0497883
-0.0497969
-0.0496165
-0.0497439
-0.0497574
-0.0494802
-0.0498499
-0.04958
-0.0498038
-0.0497158
-0.0497144
-0.049843
-0.0496141
-0.0499978
-0.0503243
-0.0497148
-0.0496504
-0.0501988
-0.050029
-0.0497988
-0.0497123
-0.0499636
-0.0500184
-0.0496102
-0.0497196
-0.0499907
-0.049517
-0.0496257
-0.0497367
-0.0496668
-0.0499464
-0.0496396
-0.0497166
-0.049473
-0.0497396
-0.0500735
-0.0499697
-0.0497918
-0.0497762
-0.050138
-0.0497159
-0.0497532
-0.0497535
-0.0497324
-0.0497735
-0.0498014
-0.0497205
-0.0497299
-0.0496175
-0.0500416
-0.049745
-0.0498972
-0.0497248
-0.0496549
-0.0500731
-0.0498486
-0.0497683
-0.050052
-0.0498493
-0.0497677
-0.0500243
-0.0500212
-0.0497435
-0.0497255
-0.049686
-0.0495901
-0.0497257
-0.0497275
-0.049732
-0.0496821
-0.0502141
-0.0498893
-0.0495963
-0.0496935
-0.0497474
-0.0496697
-0.0498784
-0.0497445
-0.04976
-0.0497505
-0.0498309
-0.0496962
-0.0497681
-0.0497695
-0.0500627
-0.0497373
-0.0496636
-0.0498187
-0.0497105
-0.0497894
-0.0498189
-0.0496725
-0.049771
-0.0498019
-0.0497698
-0.0499649
-0.0498428
-0.0498426
-0.04974
-0.0498344
-0.0497017
-0.0498254
-0.0498468
-0.0497614
-0.049685
-0.0497984
-0.0497963
-0.0497714
-0.049684
-0.0498599
-0.0497737
-0.0515768
-0.0501294
-0.0496844
-0.0499151
-0.0496085
-0.0498504
-0.0500007
-0.0498049
-0.0497232
-0.0496192
-0.0499227
-0.0495894
-0.0497159
-0.0497904
-0.0498853
-0.0498414
-0.0499747
-0.0508225
-0.0484896
-0.049786
-0.0498719
-0.0497004
-0.0500281
-0.0499728
-0.0515093
-0.0480307
-0.0496855
-0.0497983
-0.0499899
-0.0539438
-0.0495387
-0.0495471
-0.0500509
-0.0497636
-0.049773
-0.0499783
-0.0533448
-0.049482
-0.0507609
-0.0503772
-0.0485438
-0.0498029
-0.0492939
-0.0508084
-0.0507342
-0.0494502
-0.0511924
-0.0492691
-0.0494269
-0.0500177
-0.0497481
-0.0500927
-0.0496639
-0.0494904
-0.0498567
-0.0499469
-0.0500504
-0.0500714
-0.0499381
-0.0497031
-0.0498386
-0.0500847
-0.0502122
-0.0491119
-0.0508552
-0.0510552
-0.0493015
-0.0509111
-0.0492998
-0.0489984
-0.0506616
-0.0491559
-0.0503133
-0.0498529
-0.0501161
-0.0498382
-0.0499905
-0.0491515
-0.0495316
-0.0494379
-0.0502373
-0.0504862
-0.0494131
-0.050081
-0.0495538
-0.049948
-0.0497537
-0.049731
-0.0496522
-0.0500526
-0.0496437
-0.051657
-0.0495943
-0.0504416
-0.0494123
-0.0497816
-0.0502261
-0.0490871
-0.0493088
-0.0495536
-0.0502623
-0.0498782
-0.0504552
-0.0499514
-0.0496215
-0.0510188
-0.0497855
-0.0509166
-0.0495247
-0.0504863
-0.0518107
-0.0492371
-0.0500882
-0.0497765
-0.049591
-0.0498115
-0.0497894
-0.049984
-0.0499597
-0.0484018
-0.0494795
-0.0503701
-0.0504871
-0.0493989
-0.0494694
-0.0507163
-0.0506935
-0.0501732
-0.0488245
-0.0487986
-0.0504969
-0.0488233
-0.0502897
-0.0493702
-0.0498637
-0.0495373
-0.0491561
-0.0494995
-0.0497035
-0.0497717
-0.0492482
-0.0498437
-0.0495387
-0.0490895
-0.0495839
-0.04937
-0.0497158
-0.0511825
-0.0451256
-0.0488957
-0.0509556
-0.050704
-0.0481411
-0.051554
-0.0511555
-0.0464196
-0.0488715
-0.0500526
-0.0481082
-0.0520069
-0.0503647
-0.0501282
-0.050004
-0.0502129
-0.0499914
-0.0500285
-0.0499249
-0.0500476
-0.050169
-0.050116
-0.049838
-0.0499471
-0.0500169
-0.049901
-0.0497172
-0.0498138
-0.0495447
-0.0495873
-0.0500234
-0.0502247
-0.0502386
-0.0500245
-0.0500201
-0.0498413
-0.0516051
-0.0499471
-0.0496881
-0.0496323
-0.0498745
-0.0495697
-0.0501118
-0.0498486
-0.0499338
-0.0496251
-0.0501144
-0.0499516
-0.0503119
-0.0475302
-0.0492849
-0.0498667
-0.0494175
-0.0475766
-0.0497524
-0.0500305
-0.0498317
-0.0498536
-0.0499769
-0.0500025
-0.049704
-0.0498261
-0.0455498
-0.0488193
-0.0498858
-0.0508737
-0.049658
-0.0481554
-0.0503943
-0.0494657
-0.0493706
-0.0502985
-0.0497981
-0.0499933
-0.0493955
-0.0500214
-0.0496534
-0.0495753
-0.0497349
-0.0496686
-0.049707
-0.0497511
-0.0496391
-0.0497187
-0.0492362
-0.0495005
-0.0497554
-0.0496242
-0.0497269
-0.0507978
-0.0498015
-0.0498146
-0.0510053
-0.0494528
-0.0491262
-0.0491277
-0.0497623
-0.0497939
-0.0502879
-0.0485968
-0.0499654
-0.04984
-0.0495017
-0.0503176
-0.0501638
-0.0496516
-0.0509915
-0.0493704
-0.0518656
-0.0507075
-0.0493019
-0.0498238
-0.0499628
-0.049639
-0.0497083
-0.0502612
-0.0497594
-0.0496677
-0.0484677
-0.0485092
-0.0486036
-0.0498112
-0.0486812
-0.0477919
-0.0489622
-0.0446617
-0.0452616
-0.0420828
-0.0468522
-0.0458814
-0.0424029
-0.0453625
-0.0464069
-0.048459
-0.0516077
-0.0448356
-0.0478861
-0.0474017
-0.0465679
-0.0467235
-0.0480132
-0.048242
-0.0492189
-0.0474747
-0.0475703
-0.0472913
-0.0497585
-0.0497588
-0.0499944
-0.0500733
-0.0500115
-0.0494907
-0.0493618
-0.050223
-0.0502898
-0.0506259
-0.0502267
-0.0503377
-0.0502696
-0.050242
-0.049532
-0.048625
-0.0500821
-0.0504374
-0.0500849
-0.0489096
-0.049378
-0.0457515
-0.0473138
-0.0436148
-0.045427
-0.0445066
-0.0465874
-0.0470808
-0.0491464
-0.0485501
-0.0497253
-0.0510746
-0.0509399
-0.0481493
-0.0497016
-0.0442091
-0.0378323
-0.0448028
-0.0414818
-0.0444075
-0.0415146
-0.0449668
-0.0459024
-0.044864
-0.048291
-0.0462588
-0.0475082
-0.044812
-0.0472292
-0.0399032
-0.044444
-0.0425771
-0.0478495
-0.0440697
-0.0428106
-0.0407498
-0.0438179
-0.0472954
-0.048452
-0.0462404
-0.0458979
-0.0443523
-0.0454271
-0.0487408
-0.0496123
-0.0516577
-0.0499362
-0.0497369
-0.0495517
-0.0499206
-0.0492076
-0.0486468
-0.0499374
-0.0500647
-0.0495464
-0.0493991
-0.0492378
-0.0433579
-0.0448359
-0.0384722
-0.0401369
-0.0373723
-0.0432266
-0.0448885
-0.0426603
-0.0354372
-0.039953
-0.035186
-0.0423153
-0.0350731
-0.0419515
-0.0437248
-0.0428584
-0.0482559
-0.0396923
-0.047716
-0.0375965
-0.0450375
-0.0373158
-0.0270548
-0.031814
-0.0377945
-0.0265474
-0.0366358
-0.0376731
-0.0387974
-0.0421609
-0.0363706
-0.0448703
-0.0448425
-0.0370954
-0.0380738
-0.0406367
-0.0336111
-0.0286484
-0.0404842
-0.0292087
-0.039508
-0.0406765
-0.0343037
-0.0277094
-0.0366365
-0.0310256
-0.0351202
-0.0275998
-0.036025
-0.0362882
-0.040039
-0.0353082
-0.0432999
-0.0427344
-0.0346999
-0.0369828
-0.0315733
-0.0287616
-0.0140337
-0.0219588
-0.0290326
-0.0222517
-0.0312892
-0.033896
-0.0302293
-0.027663
-0.0350939
-0.0278425
-0.0355211
-0.0335625
-0.0374972
-0.028391
-0.0399797
-0.0336766
-0.0371491
-0.0297203
-0.0407626
-0.0372158
-0.0290007
-0.0129031
-0.0279238
-0.0372665
-0.0290709
-0.0279799
-0.037655
-0.0352497
-0.0296968
-0.0416192
-0.0376942
-0.0299175
-0.0413531
-0.0343004
-0.0277001
-0.0310212
-0.0366254
-0.0275906
-0.0351077
-0.0360217
-0.0315684
-0.0287602
-0.0140297
-0.0219569
-0.0222462
-0.029026
-0.0312867
-0.0362828
-0.0400348
-0.0352986
-0.0432902
-0.0427303
-0.0346943
-0.0369737
-0.0338952
-0.0302259
-0.0276497
-0.0350918
-0.0278548
-0.0335585
-0.0355175
-0.0372836
-0.0270412
-0.037779
-0.031796
-0.0366173
-0.0265264
-0.0376423
-0.0387726
-0.0421329
-0.0363575
-0.0448588
-0.0448182
-0.0370754
-0.0380582
-0.0405981
-0.0335913
-0.0286311
-0.0404612
-0.0291852
-0.0406401
-0.0394791
-0.0368886
-0.0293868
-0.0394484
-0.030824
-0.0372363
-0.0289442
-0.0384624
-0.0378932
-0.0298473
-0.0262533
-0.0387253
-0.0366142
-0.0288546
-0.0389735
-0.044671
-0.0452945
-0.0421201
-0.0468231
-0.0458788
-0.0424112
-0.0453758
-0.0463993
-0.048393
-0.0448182
-0.0515238
-0.0478428
-0.0465268
-0.0474674
-0.0467485
-0.0480283
-0.0482367
-0.0492179
-0.0474828
-0.0475883
-0.0473242
-0.0484762
-0.0485185
-0.0485975
-0.0498183
-0.0486835
-0.0477969
-0.048966
-0.0457699
-0.0473176
-0.0436271
-0.0454436
-0.046592
-0.0445268
-0.0470924
-0.0442287
-0.0378602
-0.0447978
-0.0414954
-0.0449673
-0.0444201
-0.0415418
-0.0491689
-0.0485633
-0.0497425
-0.0511031
-0.0509618
-0.0481704
-0.049724
-0.0459357
-0.0449003
-0.0462864
-0.0483202
-0.0448419
-0.0475434
-0.0472509
-0.049765
-0.049764
-0.0500806
-0.0499974
-0.0500181
-0.0493641
-0.0494943
-0.0502446
-0.0503015
-0.0506526
-0.0502207
-0.0503529
-0.0503155
-0.0502531
-0.0495482
-0.0486374
-0.0500886
-0.0504596
-0.0500994
-0.0489171
-0.0494036
-0.0479107
-0.0482998
-0.049017
-0.0499528
-0.0497718
-0.0461555
-0.0484368
-0.0433327
-0.0448213
-0.0384671
-0.0401383
-0.0448602
-0.043231
-0.0373734
-0.0426358
-0.0354168
-0.0399646
-0.0351851
-0.0422834
-0.0419632
-0.0350695
-0.0436993
-0.0428012
-0.0396759
-0.0482382
-0.0450188
-0.0375694
-0.0476878
-0.0487677
-0.0496405
-0.0499598
-0.0516747
-0.0497577
-0.0495785
-0.0499501
-0.0492338
-0.048653
-0.049956
-0.0500786
-0.049565
-0.0494175
-0.0492558
-0.048433
-0.0501314
-0.0496831
-0.0501257
-0.0503971
-0.0496547
-0.0518211
-0.0495519
-0.0498282
-0.050088
-0.0499221
-0.0496144
-0.0499268
-0.0501018
-0.0503018
-0.0475265
-0.0492857
-0.0498618
-0.0497482
-0.0475581
-0.0494087
-0.0500194
-0.0498213
-0.0499667
-0.0498474
-0.0498147
-0.0496994
-0.0499868
-0.0494306
-0.0493456
-0.04978
-0.0502797
-0.0493643
-0.0499599
-0.0500082
-0.0496266
-0.049552
-0.0497112
-0.0496435
-0.0496876
-0.0496116
-0.0497232
-0.0497089
-0.0492404
-0.0497509
-0.0495016
-0.0496168
-0.0508052
-0.0497203
-0.0497742
-0.0497719
-0.0494133
-0.0509824
-0.0497341
-0.0490974
-0.0490929
-0.0455555
-0.0487738
-0.0508651
-0.0498599
-0.0481314
-0.0496082
-0.0503679
-0.0497619
-0.0485592
-0.0502528
-0.0499408
-0.0497993
-0.0502982
-0.0494783
-0.0501267
-0.0496153
-0.05098
-0.0493525
-0.050676
-0.0518295
-0.0492636
-0.0498061
-0.0499367
-0.0496878
-0.0496194
-0.0497441
-0.0502262
-0.0496489
-0.0516021
-0.0501419
-0.0499329
-0.0497033
-0.0498661
-0.0500043
-0.0496196
-0.0498206
-0.0497319
-0.049935
-0.0496349
-0.0498004
-0.0495957
-0.0497316
-0.0497096
-0.0500381
-0.049976
-0.0515237
-0.0496977
-0.0480344
-0.049811
-0.0498957
-0.0498494
-0.049985
-0.0508321
-0.0484947
-0.049799
-0.0498872
-0.0499903
-0.0533518
-0.0494912
-0.0507596
-0.0498125
-0.0503982
-0.0485403
-0.0500028
-0.0539649
-0.0495501
-0.0495566
-0.0500676
-0.0497795
-0.0497896
-0.0495786
-0.0489962
-0.0508365
-0.0492408
-0.0503979
-0.0490809
-0.0508278
-0.0493781
-0.0508827
-0.0493248
-0.0508883
-0.0493328
-0.0513246
-0.0493331
-0.0499745
-0.0497206
-0.0500946
-0.0496109
-0.04945
-0.049827
-0.0499157
-0.0500202
-0.0500332
-0.0496948
-0.0498637
-0.0497782
-0.0501392
-0.0500079
-0.0490945
-0.0508827
-0.0493153
-0.051081
-0.0492934
-0.048963
-0.0509402
-0.0506329
-0.0501186
-0.0489105
-0.0499096
-0.0500319
-0.0499276
-0.0498903
-0.049135
-0.0495307
-0.0494364
-0.0502403
-0.0494137
-0.0500638
-0.0504936
-0.0495192
-0.0499252
-0.0497427
-0.0497639
-0.0496244
-0.0499874
-0.04966
-0.0497529
-0.0494508
-0.0498561
-0.0503206
-0.0498318
-0.0493607
-0.0499
-0.0499244
-0.0499535
-0.0498106
-0.0498427
-0.0498075
-0.0499355
-0.0497584
-0.0496883
-0.0499901
-0.0497666
-0.0499387
-0.0498558
-0.0496891
-0.0498912
-0.0498553
-0.0500205
-0.0497769
-0.0479061
-0.0499825
-0.0496914
-0.0500766
-0.0516996
-0.0495767
-0.0494162
-0.0504267
-0.050244
-0.0497655
-0.0491126
-0.0492943
-0.0502282
-0.0493885
-0.0499013
-0.0504125
-0.0495943
-0.0499994
-0.0510365
-0.0497967
-0.0509077
-0.0495165
-0.0505245
-0.0517879
-0.0492082
-0.0501156
-0.0497815
-0.0498292
-0.0495834
-0.0499858
-0.049787
-0.0499995
-0.0506821
-0.0501839
-0.0488251
-0.0488367
-0.0488468
-0.0502722
-0.0504981
-0.0492586
-0.049833
-0.0495434
-0.0490649
-0.0496997
-0.0493776
-0.049589
-0.0493731
-0.0498521
-0.0495356
-0.0491495
-0.0497749
-0.0494806
-0.0497069
-0.05114
-0.0463777
-0.0488931
-0.0500154
-0.0480928
-0.050337
-0.0519929
-0.0511824
-0.045099
-0.0489169
-0.0509541
-0.0481355
-0.0507138
-0.0515614
-0.049802
-0.0497082
-0.0497245
-0.0498178
-0.049783
-0.049905
-0.0498209
-0.049581
-0.0496807
-0.0497472
-0.0497534
-0.0496094
-0.0497201
-0.0496998
-0.0496742
-0.0500038
-0.0496988
-0.0498366
-0.0496862
-0.0496216
-0.0500362
-0.049617
-0.0500657
-0.0496861
-0.0498087
-0.0496657
-0.049554
-0.0501494
-0.0497617
-0.0497468
-0.0496438
-0.0497462
-0.0497913
-0.0497296
-0.0497424
-0.0497922
-0.0500586
-0.0496627
-0.0497934
-0.0497925
-0.0498274
-0.0497769
-0.0496847
-0.0502618
-0.0499332
-0.0495586
-0.049738
-0.0496749
-0.0496565
-0.0498129
-0.0498019
-0.049859
-0.0497621
-0.049746
-0.0497749
-0.0498063
-0.0498207
-0.049865
-0.0498815
-0.0498936
-0.0497574
-0.0498906
-0.0500728
-0.0498807
-0.0498901
-0.0497811
-0.0497585
-0.0498181
-0.049927
-0.0498491
-0.049943
-0.0502516
-0.0496582
-0.0496507
-0.0499688
-0.0501353
-0.0497939
-0.0495852
-0.0497148
-0.0496332
-0.0499396
-0.0495068
-0.0495988
-0.0497307
-0.049861
-0.0497851
-0.0500483
-0.049848
-0.0497618
-0.0500283
-0.0500374
-0.0497656
-0.049716
-0.0496771
-0.0495682
-0.0497215
-0.0497206
-0.0497155
-0.0497238
-0.0502127
-0.0498841
-0.0495915
-0.0497366
-0.0496954
-0.0496741
-0.0498066
-0.0500611
-0.049616
-0.0497145
-0.0497615
-0.0497468
-0.0498108
-0.0498211
-0.0496768
-0.0497908
-0.0497565
-0.0497677
-0.0499538
-0.0498247
-0.0496595
-0.0497957
-0.0497804
-0.0497901
-0.0496563
-0.0498423
-0.0498061
-0.0505665
-0.0496394
-0.0492558
-0.0502179
-0.0504002
-0.0494367
-0.0503852
-0.0498962
-0.0496022
-0.0494098
-0.0501767
-0.0501871
-0.0495766
-0.0499949
-0.0497198
-0.0496031
-0.0500392
-0.0497252
-0.0499478
-0.0496341
-0.0498514
-0.0492428
-0.051738
-0.0493115
-0.0501905
-0.0483845
-0.0505711
-0.0495127
-0.0499028
-0.0495519
-0.0503199
-0.0495505
-0.0502524
-0.0497033
-0.0499884
-0.0496179
-0.0498523
-0.0499359
-0.0495158
-0.0496726
-0.0498546
-0.0493853
-0.049454
-0.0496634
-0.0494525
-0.049889
-0.0495726
-0.049298
-0.0496879
-0.0499388
-0.0499162
-0.0495395
-0.0494197
-0.0498414
-0.0499231
-0.0495807
-0.0495873
-0.0497193
-0.0497536
-0.0495447
-0.0496644
-0.0497273
-0.0493589
-0.0496429
-0.0495893
-0.049797
-0.0498528
-0.049584
-0.0498303
-0.0496566
-0.0497421
-0.0494645
-0.0496152
-0.0496434
-0.0495844
-0.0495501
-0.0497214
-0.0495922
-0.0496751
-0.049641
-0.0496907
-0.0496001
-0.049669
-0.0496616
-0.0496915
-0.0496665
-0.0497334
-0.0496914
-0.0496512
-0.0497709
-0.0497196
-0.0496054
-0.0496972
-0.0498031
-0.0496358
-0.0496822
-0.0495523
-0.0496671
-0.0496977
-0.0497302
-0.0496969
-0.0496946
-0.0496308
-0.0497317
-0.0497373
-0.0496238
-0.0495694
-0.049657
-0.0496691
-0.049575
-0.0495694
-0.0497016
-0.0496134
-0.0496626
-0.0496604
-0.0496827
-0.0496178
-0.0496457
-0.0496815
-0.0496317
-0.0496657
-0.0497472
-0.0496807
-0.0496096
-0.0496964
-0.0496927
-0.049581
-0.0496842
-0.0496621
-0.0496861
-0.0495968
-0.0496137
-0.0496884
-0.0496814
-0.0496297
-0.0497009
-0.0497163
-0.0496829
-0.0496811
-0.0496786
-0.0496884
-0.0496947
-0.0497022
-0.0496853
-0.0496923
-0.0496931
-0.0496914
-0.0496936
-0.0497074
-0.0496804
-0.0496982
-0.0496778
-0.0496942
-0.049694
-0.0496788
-0.0497298
-0.0496813
-0.0496762
-0.0496832
-0.0496852
-0.0496821
-0.0497409
-0.0497489
-0.0497158
-0.0496976
-0.0497651
-0.0496976
-0.0496923
-0.0497852
-0.0497345
-0.0501785
-0.0497175
-0.0497844
-0.0499953
-0.0497005
-0.0497945
-0.0496804
-0.0496883
-0.0497211
-0.0499367
-0.0496887
-0.0497271
-0.0496734
-0.0496428
-0.0497301
-0.0497037
-0.0496958
-0.0496835
-0.0497143
-0.0496608
-0.0496708
-0.0496673
-0.049695
-0.0496558
-0.0496734
-0.0496975
-0.0496687
-0.0497145
-0.049682
-0.049676
-0.0496764
-0.0496788
-0.0497056
-0.0496588
-0.0496863
-0.0496537
-0.0496876
-0.0496469
-0.0496625
-0.0496959
-0.0496506
-0.0496982
-0.0496921
-0.0497465
-0.0496704
-0.0496879
-0.0496877
-0.0496749
-0.0496138
-0.049668
-0.0496452
-0.0496676
-0.0496753
-0.0496444
-0.0496827
-0.0496893
-0.0497467
-0.0496418
-0.0497126
-0.0496696
-0.0496392
-0.0496961
-0.0497442
-0.0496939
-0.0496632
-0.0497271
-0.0496933
-0.0496466
-0.0496236
-0.0497628
-0.049691
-0.0499065
-0.0497744
-0.0498227
-0.0497164
-0.0497147
-0.0495574
-0.0498275
-0.0498066
-0.0496641
-0.049827
-0.0494872
-0.049815
-0.0497138
-0.0499385
-0.0499762
-0.0496744
-0.0501609
-0.049772
-0.0496966
-0.0496375
-0.0497933
-0.0496309
-0.0496113
-0.0496167
-0.0497543
-0.0497534
-0.0497671
-0.0497338
-0.0497199
-0.0497474
-0.0497782
-0.0497375
-0.0497884
-0.049742
-0.0497736
-0.049835
-0.0499648
-0.0497576
-0.0497079
-0.0497685
-0.0497986
-0.0495807
-0.0496861
-0.0497448
-0.0498069
-0.0496808
-0.0493343
-0.0494987
-0.0500652
-0.049946
-0.0494475
-0.0493625
-0.0498667
-0.0497135
-0.0497512
-0.0496585
-0.0496227
-0.0496925
-0.0496669
-0.0497182
-0.049939
-0.049625
-0.0497461
-0.0496256
-0.0496518
-0.0495891
-0.0498591
-0.0497825
-0.0503292
-0.0497347
-0.0498373
-0.0507979
-0.0497484
-0.0496597
-0.0495144
-0.0554211
-0.049034
-0.0499287
-0.0504961
-0.0504337
-0.0496808
-0.0498858
-0.0497
-0.0497248
-0.0499028
-0.0498959
-0.0500367
-0.0498231
-0.0497656
-0.049728
-0.0506165
-0.049896
-0.0498343
-0.0499179
-0.0497345
-0.0498626
-0.0496055
-0.0500446
-0.049891
-0.0502949
-0.0496984
-0.0499144
-0.0496753
-0.0498003
-0.0499642
-0.0497496
-0.0490799
-0.049785
-0.0496425
-0.0501507
-0.0497625
-0.0497015
-0.0498281
-0.0498664
-0.0496206
-0.0498248
-0.0502998
-0.0486124
-0.0499286
-0.0496942
-0.0511825
-0.049715
-0.0488221
-0.0495658
-0.0497612
-0.0496112
-0.0497371
-0.0497908
-0.0500687
-0.0497494
-0.0486262
-0.0500721
-0.0499135
-0.0496782
-0.0498069
-0.0500782
-0.0500248
-0.0496361
-0.0497692
-0.0495818
-0.0496896
-0.0496607
-0.0497787
-0.0496712
-0.0498915
-0.0496713
-0.0495146
-0.0498048
-0.0497721
-0.0495314
-0.0498535
-0.0496643
-0.0496577
-0.0495109
-0.0494307
-0.049986
-0.0498385
-0.0495962
-0.0498004
-0.0498015
-0.0500782
-0.0496195
-0.0498614
-0.0496206
-0.0498431
-0.0494835
-0.0499711
-0.0499748
-0.0497008
-0.0498831
-0.0494408
-0.0498114
-0.0495915
-0.050034
-0.0499659
-0.0499271
-0.050684
-0.0496211
-0.0494294
-0.0496951
-0.0497387
-0.0498643
-0.0498618
-0.0497583
-0.0498325
-0.0497096
-0.049586
-0.0497893
-0.0496231
-0.0503893
-0.0498414
-0.0499626
-0.049704
-0.0499147
-0.0497248
-0.0501437
-0.0496709
-0.0496289
-0.0498697
-0.0498633
-0.0498067
-0.049948
-0.0496639
-0.0498043
-0.0497778
-0.0497419
-0.0498438
-0.049754
-0.0498337
-0.0499285
-0.0498313
-0.0498246
-0.0498128
-0.0498416
-0.0501428
-0.04959
-0.0496765
-0.0499132
-0.0503733
-0.0496401
-0.0499313
-0.0499916
-0.0497819
-0.0495295
-0.0495512
-0.0497904
-0.0498432
-0.0495652
-0.0497102
-0.0470499
-0.0509427
-0.0501498
-0.0490845
-0.0495299
-0.0500372
-0.0495123
-0.0500536
-0.0513554
-0.0496463
-0.0494383
-0.0504571
-0.0496787
-0.0492469
-0.0498964
-0.0511653
-0.0494729
-0.0493706
-0.0502321
-0.0492506
-0.0498064
-0.0497898
-0.0497105
-0.0497158
-0.04964
-0.0498001
-0.049497
-0.0496851
-0.0497266
-0.0499231
-0.049778
-0.0497087
-0.0499075
-0.0498333
-0.0493646
-0.0497942
-0.0500308
-0.049894
-0.0498078
-0.0496793
-0.0498143
-0.0500478
-0.0510637
-0.0498638
-0.0499042
-0.050294
-0.0511629
-0.0496042
-0.0497383
-0.049668
-0.0497341
-0.0497753
-0.0497533
-0.0495076
-0.049761
-0.0517733
-0.0504959
-0.0494428
-0.0497431
-0.0486571
-0.0495488
-0.0504123
-0.0504317
-0.050263
-0.0505671
-0.049958
-0.0499161
-0.0503415
-0.0501234
-0.0500218
-0.0501207
-0.0503824
-0.049988
-0.0497573
-0.0500915
-0.0501137
-0.050354
-0.0498173
-0.0498414
-0.0490514
-0.049301
-0.0498844
-0.0503143
-0.0501556
-0.0488086
-0.0502768
-0.0499167
-0.0496022
-0.0488522
-0.0500613
-0.0496437
-0.0495025
-0.0496617
-0.0498258
-0.0496535
-0.0496591
-0.04974
-0.0496891
-0.0497557
-0.0498122
-0.0498233
-0.0496524
-0.0495437
-0.0498108
-0.049798
-0.0496339
-0.0493167
-0.0497103
-0.0501648
-0.0500408
-0.0497279
-0.0499298
-0.0497909
-0.0503257
-0.0498225
-0.0495451
-0.0498552
-0.0498648
-0.0495945
-0.0495626
-0.0501891
-0.0493732
-0.04956
-0.0499604
-0.0500397
-0.0499257
-0.0518138
-0.0495821
-0.0494575
-0.0502466
-0.0495578
-0.049664
-0.0498306
-0.0496806
-0.0499427
-0.0498431
-0.0496493
-0.0498165
-0.0497304
-0.0497226
-0.049709
-0.049908
-0.049617
-0.0499978
-0.0494665
-0.0496415
-0.0496471
-0.0497953
-0.0498884
-0.0507936
-0.0495374
-0.0498425
-0.0494218
-0.0499083
-0.0495411
-0.0499728
-0.0498206
-0.049639
-0.0498579
-0.0497927
-0.0497717
-0.0499808
-0.049628
-0.0498087
-0.0499045
-0.0498141
-0.0495755
-0.049989
-0.0498588
-0.0499572
-0.0498572
-0.0499244
-0.0497359
-0.0498271
-0.0497502
-0.0497706
-0.0491374
-0.0500732
-0.0495064
-0.0500458
-0.0500636
-0.049048
-0.0496454
-0.0500548
-0.0504043
-0.0491736
-0.0492655
-0.0505565
-0.0498852
-0.0501645
-0.0499013
-0.0497295
-0.0499821
-0.0500105
-0.0499451
-0.0503868
-0.0498585
-0.0494303
-0.0487736
-0.0498277
-0.0485724
-0.0502554
-0.0499454
-0.051645
-0.0500524
-0.0498856
-0.0499798
-0.0515865
-0.0485679
-0.0495743
-0.0492119
-0.0499068
-0.0504695
-0.0494433
-0.0500322
-0.0501173
-0.0501103
-0.0502061
-0.0502897
-0.0505117
-0.0503442
-0.0501596
-0.0502437
-0.0495544
-0.0482039
-0.0479146
-0.0494586
-0.0480334
-0.049674
-0.0498561
-0.0503254
-0.0495823
-0.0505386
-0.0497239
-0.0502608
-0.050426
-0.0506471
-0.0501509
-0.0501765
-0.0502464
-0.0504457
-0.0504251
-0.0502405
-0.0500887
-0.0500826
-0.0500925
-0.0481707
-0.0501523
-0.0500177
-0.0502348
-0.0501741
-0.0503666
-0.0497188
-0.049897
-0.0508571
-0.0501345
-0.050732
-0.0504747
-0.0504686
-0.050471
-0.0505498
-0.0495005
-0.0504123
-0.0496585
-0.0507901
-0.0503321
-0.0501571
-0.0481917
-0.0503131
-0.0502954
-0.0502387
-0.0507589
-0.050667
-0.0497399
-0.0499159
-0.0509304
-0.0505765
-0.0504832
-0.0509606
-0.0299026
-0.0348298
-0.0307956
-0.0350914
-0.0297399
-0.0347451
-0.0301466
-0.0275554
-0.0244475
-0.0314474
-0.0326323
-0.0273445
-0.0245304
-0.0328007
-0.0275497
-0.033166
-0.0239299
-0.0318835
-0.0273049
-0.0239965
-0.033143
-0.0301313
-0.0346639
-0.0342942
-0.0290453
-0.0300299
-0.0344155
-0.0294517
-0.0322606
-0.0365391
-0.0317078
-0.0368015
-0.0318411
-0.0361323
-0.031671
-0.0330542
-0.0342313
-0.0370361
-0.0367536
-0.0338855
-0.0340457
-0.0371507
-0.0325387
-0.0381803
-0.0334299
-0.0373852
-0.0322373
-0.0335949
-0.037231
-0.0313388
-0.0377088
-0.0367374
-0.0313404
-0.0312617
-0.0365452
-0.0311896
-0.0308229
-0.0311499
-0.0363775
-0.0367139
-0.0302934
-0.0310449
-0.037185
-0.0306348
-0.0300692
-0.0388555
-0.0398235
-0.0386634
-0.0305221
-0.0301847
-0.0303318
-0.0359727
-0.0291413
-0.0371181
-0.0294838
-0.0370609
-0.0301748
-0.031123
-0.0379091
-0.0309862
-0.0398153
-0.0311321
-0.0386506
-0.0307539
-0.0310657
-0.0374268
-0.0372112
-0.0278227
-0.0371501
-0.0283855
-0.0304319
-0.030116
-0.0376146
-0.0350496
-0.0287834
-0.0365545
-0.0297924
-0.0285696
-0.0347996
-0.037283
-0.0349351
-0.0342132
-0.036442
-0.0357672
-0.0345174
-0.026869
-0.0367325
-0.0277245
-0.037904
-0.026314
-0.0368646
-0.0295634
-0.0246289
-0.0260564
-0.0375387
-0.0367848
-0.0259273
-0.036956
-0.0246671
-0.0253006
-0.0373596
-0.0264734
-0.0373047
-0.025945
-0.0266814
-0.0371515
-0.0263041
-0.0356388
-0.0360186
-0.0308805
-0.0361503
-0.0308405
-0.0261342
-0.0301267
-0.0364438
-0.0290466
-0.0375172
-0.0295633
-0.0367739
-0.0315168
-0.0335167
-0.0333921
-0.0363748
-0.0373919
-0.0334099
-0.037131
-0.0336808
-0.0326693
-0.0370204
-0.0339017
-0.036329
-0.0332068
-0.0333073
-0.0371172
-0.0318228
-0.0380345
-0.0372929
-0.0320709
-0.0370539
-0.0323407
-0.0315525
-0.0320815
-0.0300009
-0.0372964
-0.0353937
-0.0299908
-0.0325759
-0.0354634
-0.0294136
-0.0354285
-0.0307671
-0.0358788
-0.0293454
-0.0356049
-0.0308882
-0.0265224
-0.0338815
-0.0234668
-0.0352638
-0.0265297
-0.0235621
-0.0343735
-0.0295411
-0.037847
-0.0385767
-0.0325731
-0.0287811
-0.0378868
-0.0314457
-0.0308259
-0.0363676
-0.0311373
-0.0367113
-0.030282
-0.0371845
-0.0310481
-0.030637
-0.0300688
-0.0388538
-0.039819
-0.0301856
-0.0305232
-0.0386614
-0.0303334
-0.035968
-0.0291398
-0.0371171
-0.0294785
-0.0301747
-0.03706
-0.031121
-0.0379015
-0.0398101
-0.0309809
-0.0307507
-0.0386472
-0.0311258
-0.0322597
-0.0317028
-0.0365371
-0.0367989
-0.0318408
-0.0316722
-0.0361306
-0.0330613
-0.0342504
-0.0370497
-0.0367609
-0.0371533
-0.034061
-0.0338943
-0.0325462
-0.0381832
-0.0334476
-0.0374001
-0.0322442
-0.0372366
-0.0336115
-0.0313374
-0.0377033
-0.031339
-0.0367372
-0.0311858
-0.0365444
-0.031262
-0.0274883
-0.0364744
-0.0376784
-0.0285825
-0.0361564
-0.0266147
-0.0307343
-0.0257412
-0.0264081
-0.0367326
-0.0363884
-0.0359896
-0.0262995
-0.025613
-0.0255169
-0.0370793
-0.03675
-0.0263974
-0.0364875
-0.0258855
-0.0267302
-0.0278825
-0.0374214
-0.0361484
-0.0309022
-0.0356692
-0.0274115
-0.0313402
-0.0310703
-0.0374169
-0.0281231
-0.0375736
-0.0284519
-0.0372504
-0.0305215
-0.030047
-0.0374517
-0.0286077
-0.0348898
-0.0296738
-0.028501
-0.0365081
-0.0348352
-0.0375428
-0.0350232
-0.0342733
-0.0365342
-0.0346186
-0.0357863
-0.0321083
-0.0381407
-0.0309503
-0.038729
-0.0315916
-0.0393912
-0.031787
-0.0313996
-0.0299813
-0.039843
-0.0409095
-0.0309483
-0.0397845
-0.0301415
-0.0318783
-0.0377973
-0.030797
-0.0393395
-0.0312796
-0.0313743
-0.0390737
-0.0319169
-0.0393234
-0.0411167
-0.0312949
-0.0399952
-0.0319844
-0.0308147
-0.0301128
-0.029402
-0.037029
-0.0386467
-0.0296434
-0.0315399
-0.0374219
-0.0335795
-0.0334847
-0.0365468
-0.0375812
-0.0374981
-0.0334974
-0.0337924
-0.0327542
-0.0374041
-0.0339886
-0.0365162
-0.0334251
-0.0375208
-0.0332951
-0.0318061
-0.0391427
-0.0319582
-0.0376439
-0.0323541
-0.0376806
-0.0316531
-0.0495913
-0.0492335
-0.0504898
-0.0499205
-0.0500538
-0.0494606
-0.0501309
-0.0501127
-0.0502046
-0.0505157
-0.0502853
-0.0503481
-0.0502458
-0.050156
-0.0495732
-0.0482257
-0.0494833
-0.0479379
-0.0496925
-0.0498795
-0.0480544
-0.0503355
-0.0505581
-0.0495966
-0.0497443
-0.0502723
-0.0506655
-0.0504412
-0.0501543
-0.0501766
-0.0504492
-0.0502456
-0.0504287
-0.050089
-0.0502394
-0.0500869
-0.0500935
-0.0481727
-0.0501585
-0.050242
-0.0500192
-0.0501775
-0.0503762
-0.0497387
-0.0508744
-0.0499084
-0.0507506
-0.0501479
-0.0504835
-0.0500619
-0.0477399
-0.0504737
-0.0510334
-0.0501081
-0.0505895
-0.0504919
-0.0502086
-0.0469477
-0.0501709
-0.0508737
-0.0498125
-0.0501465
-0.0513227
-0.050499
-0.050587
-0.0504947
-0.0495208
-0.0504491
-0.0508206
-0.0496818
-0.0503567
-0.0501774
-0.0482002
-0.0503439
-0.0507928
-0.0502672
-0.0503126
-0.0506884
-0.0497717
-0.0509441
-0.0499396
-0.0509717
-0.050507
-0.0505915
-0.0504295
-0.0502604
-0.0499545
-0.0505575
-0.0503273
-0.0501248
-0.0499109
-0.0500171
-0.0501189
-0.0499836
-0.0503765
-0.0501087
-0.0497522
-0.0500865
-0.0503491
-0.049812
-0.0498329
-0.0490395
-0.04929
-0.0498776
-0.0503095
-0.0501492
-0.0487934
-0.0502658
-0.049907
-0.049593
-0.0488385
-0.0500533
-0.0493538
-0.0488855
-0.0499615
-0.0494189
-0.050099
-0.049399
-0.0482886
-0.0500173
-0.0503632
-0.0496752
-0.0497047
-0.0503095
-0.0493083
-0.0496854
-0.049808
-0.0498426
-0.049931
-0.0496987
-0.0497664
-0.0500999
-0.0497219
-0.0501808
-0.049727
-0.0492918
-0.0496421
-0.0499868
-0.0506745
-0.0496686
-0.0498766
-0.0498574
-0.0498266
-0.0492791
-0.0504613
-0.0497781
-0.0499587
-0.0496891
-0.0497524
-0.0498067
-0.0498222
-0.0495387
-0.0498079
-0.0496533
-0.0496468
-0.0495067
-0.0496658
-0.0498288
-0.0497424
-0.0496646
-0.0496569
-0.0499264
-0.0497875
-0.0503208
-0.0498136
-0.0498504
-0.0495396
-0.0498612
-0.049802
-0.0496359
-0.0493182
-0.049715
-0.0501683
-0.0497294
-0.0500465
-0.049902
-0.0517993
-0.0495716
-0.0494473
-0.0495211
-0.0496564
-0.0502269
-0.0495658
-0.0495245
-0.0501548
-0.0493461
-0.0499165
-0.0495335
-0.0499986
-0.0498177
-0.0496639
-0.0498283
-0.0499178
-0.0498038
-0.0497134
-0.0496319
-0.0496458
-0.0497964
-0.0498873
-0.0507881
-0.0498398
-0.0494213
-0.0495461
-0.0496919
-0.0496802
-0.0498758
-0.0495583
-0.0499566
-0.0496108
-0.0494176
-0.0497889
-0.0499839
-0.0496312
-0.04982
-0.0499085
-0.0498079
-0.0495879
-0.0498729
-0.049484
-0.0499179
-0.0497857
-0.0498258
-0.0495826
-0.0497638
-0.0497564
-0.0497607
-0.0491277
-0.050089
-0.0494928
-0.0500539
-0.0500595
-0.049955
-0.0498108
-0.0498773
-0.0498142
-0.0497007
-0.0498049
-0.0498582
-0.0499299
-0.050196
-0.0497712
-0.0499369
-0.0500581
-0.0499833
-0.0500196
-0.0504322
-0.0498993
-0.0494747
-0.048821
-0.0503027
-0.0498689
-0.0486172
-0.0499892
-0.0516943
-0.0500811
-0.049928
-0.0516328
-0.0500207
-0.0486093
-0.0495229
-0.055429
-0.0499428
-0.0490428
-0.0504444
-0.050507
-0.0496894
-0.0497749
-0.049733
-0.0506182
-0.0499043
-0.0499239
-0.049847
-0.049741
-0.0498931
-0.0497048
-0.0497339
-0.0499067
-0.049827
-0.0499055
-0.0500487
-0.0496841
-0.0498113
-0.0499757
-0.0497547
-0.0490929
-0.0496488
-0.0497915
-0.0498684
-0.0496101
-0.0500494
-0.0498951
-0.0499195
-0.0503036
-0.049704
-0.0495718
-0.0497679
-0.0496176
-0.0497454
-0.0497568
-0.0500755
-0.0497991
-0.0486294
-0.0500782
-0.0499181
-0.0496852
-0.0498115
-0.0500284
-0.0500863
-0.0501528
-0.0497677
-0.0497042
-0.0498327
-0.0498711
-0.0496234
-0.0498276
-0.0503038
-0.0486095
-0.0499223
-0.0496947
-0.0511824
-0.0497233
-0.0488243
-0.0497297
-0.0493308
-0.0500926
-0.0495678
-0.0499308
-0.050642
-0.048596
-0.0502421
-0.0506934
-0.0499004
-0.0502679
-0.0504372
-0.050413
-0.0498561
-0.049942
-0.0497838
-0.0498846
-0.0498536
-0.0498895
-0.0501043
-0.049835
-0.0496738
-0.0498111
-0.0498174
-0.0500764
-0.0498614
-0.049814
-0.0497336
-0.049727
-0.0499333
-0.0504983
-0.048643
-0.0500726
-0.0500705
-0.0496565
-0.0498927
-0.0496743
-0.0495192
-0.0498101
-0.0495337
-0.0498577
-0.0497752
-0.0496482
-0.0497786
-0.0495952
-0.0497014
-0.0496831
-0.0497851
-0.0496778
-0.0498011
-0.0498035
-0.050079
-0.0496197
-0.0496221
-0.0498612
-0.0498458
-0.0496659
-0.0496637
-0.0495146
-0.0494426
-0.0499704
-0.0496062
-0.0498458
-0.0496617
-0.0501387
-0.0499956
-0.0499368
-0.0496384
-0.0494328
-0.0507447
-0.0495182
-0.0499252
-0.0499957
-0.0497244
-0.0494204
-0.0499215
-0.0498068
-0.04974
-0.0497705
-0.0498943
-0.0498821
-0.0498781
-0.0497316
-0.0498121
-0.0499765
-0.0497307
-0.0503126
-0.0497435
-0.0498972
-0.0499397
-0.0496619
-0.0496778
-0.0498415
-0.0496588
-0.0504588
-0.0499027
-0.0497549
-0.0500249
-0.0498174
-0.0499219
-0.0499952
-0.0498687
-0.0498344
-0.0498784
-0.0499252
-0.0498782
-0.0500013
-0.0497225
-0.0498579
-0.0497942
-0.0498263
-0.0499195
-0.0500867
-0.0498185
-0.049639
-0.0495762
-0.0498598
-0.0498535
-0.0496802
-0.0502285
-0.0496513
-0.0497483
-0.0499707
-0.0497375
-0.0499819
-0.0504307
-0.049661
-0.0495853
-0.0496649
-0.0496877
-0.0494332
-0.0496775
-0.0496812
-0.0516997
-0.0504141
-0.0493785
-0.0496817
-0.0503359
-0.0486088
-0.0494864
-0.0494205
-0.0498524
-0.0500654
-0.0499232
-0.0497079
-0.0498589
-0.0498547
-0.0500937
-0.0510587
-0.0499785
-0.0499621
-0.0512275
-0.0503649
-0.0496205
-0.0505342
-0.0496512
-0.0501968
-0.0493023
-0.0494137
-0.0503828
-0.050381
-0.0498652
-0.0496114
-0.0501259
-0.0494355
-0.0499717
-0.0501419
-0.0496018
-0.0497254
-0.0496197
-0.0500465
-0.0497261
-0.0496524
-0.0499562
-0.0498599
-0.0492507
-0.0517556
-0.0493349
-0.0501953
-0.0495345
-0.0483841
-0.0505836
-0.0498806
-0.0495178
-0.0498178
-0.0493894
-0.0497499
-0.049559
-0.0498834
-0.049645
-0.0496074
-0.0497606
-0.0498309
-0.0496664
-0.0496068
-0.0498012
-0.0497159
-0.0494455
-0.0496254
-0.0495947
-0.0497126
-0.0495314
-0.0495598
-0.0496085
-0.0496156
-0.049658
-0.0495665
-0.0496391
-0.0495238
-0.0496197
-0.0496466
-0.0496244
-0.0496874
-0.0495504
-0.0496573
-0.0498816
-0.0495459
-0.0496359
-0.0496623
-0.0497004
-0.0500424
-0.0496636
-0.049918
-0.0496289
-0.0495963
-0.0496732
-0.0496886
-0.0496519
-0.0496677
-0.0496057
-0.049666
-0.0496895
-0.0496562
-0.0497285
-0.0496874
-0.0497666
-0.0497163
-0.0496467
-0.0496045
-0.0496914
-0.0496307
-0.0497977
-0.0495463
-0.0496624
-0.0496828
-0.0497018
-0.0497335
-0.0496948
-0.0496994
-0.04973
-0.0497434
-0.0496298
-0.0496265
-0.0496542
-0.0495804
-0.0496665
-0.0495829
-0.0496983
-0.049581
-0.0496095
-0.0496509
-0.0496511
-0.0496737
-0.049637
-0.0496724
-0.0496122
-0.04963
-0.0496573
-0.049741
-0.0496724
-0.0496912
-0.0496095
-0.0496853
-0.049581
-0.0496758
-0.0496833
-0.0496661
-0.0496823
-0.0496149
-0.0495956
-0.0496922
-0.0496874
-0.0496376
-0.0497149
-0.0496857
-0.0496764
-0.0496802
-0.0497261
-0.0497078
-0.0497512
-0.0496654
-0.0497808
-0.0496847
-0.0496482
-0.0496797
-0.0497528
-0.0497069
-0.0497123
-0.0497314
-0.0497017
-0.0497037
-0.0497439
-0.0497142
-0.0497478
-0.0498238
-0.0497725
-0.0498051
-0.0497156
-0.0496374
-0.0497263
-0.0497025
-0.0497062
-0.0497326
-0.0496655
-0.0496567
-0.0497387
-0.0497457
-0.0496968
-0.0497166
-0.0496953
-0.0497639
-0.0496914
-0.0497824
-0.0497299
-0.0497133
-0.0501765
-0.0499922
-0.049697
-0.0497809
-0.0497928
-0.0496799
-0.0496859
-0.0497199
-0.0496859
-0.049728
-0.049935
-0.0496685
-0.0497301
-0.0496421
-0.0497002
-0.0496958
-0.0497115
-0.0496835
-0.0496497
-0.049657
-0.0496801
-0.0496889
-0.0496625
-0.0496913
-0.049645
-0.0496584
-0.0497117
-0.0496785
-0.0496779
-0.0496623
-0.0496713
-0.0496999
-0.0496537
-0.0496827
-0.0496848
-0.0496527
-0.0496931
-0.0496612
-0.0496412
-0.0496546
-0.0496939
-0.0497022
-0.0497458
-0.0496701
-0.0496913
-0.0496924
-0.0496784
-0.0496136
-0.0496694
-0.0496472
-0.0496692
-0.0496752
-0.0496483
-0.0496847
-0.0496905
-0.0497458
-0.0496433
-0.0497158
-0.0496713
-0.0496392
-0.0497003
-0.0497452
-0.0496651
-0.0496978
-0.0496937
-0.0497302
-0.049652
-0.0496413
-0.0497578
-0.0498999
-0.0496932
-0.049817
-0.0497717
-0.0497655
-0.0498086
-0.0496878
-0.0499502
-0.0498957
-0.0497506
-0.0496572
-0.0501378
-0.0496905
-0.0497825
-0.0496353
-0.0496123
-0.04963
-0.0497561
-0.0495975
-0.0497762
-0.0497757
-0.049755
-0.0498101
-0.0499392
-0.0497775
-0.0497042
-0.0497589
-0.0497777
-0.0496793
-0.0495504
-0.049803
-0.0497157
-0.049662
-0.0497564
-0.0497911
-0.049647
-0.0496975
-0.0497052
-0.0497482
-0.0497362
-0.0499674
-0.0496635
-0.0497827
-0.049652
-0.0498926
-0.0496172
-0.0496851
-0.0498275
-0.0503568
-0.0497509
-0.0498876
-0.0508607
-0.0496924
-0.0497926
-0.0499631
-0.0496287
-0.0496666
-0.049776
-0.0498896
-0.0496729
-0.0496051
-0.04973
-0.0497703
-0.0496899
-0.0496157
-0.0496625
-0.0497218
-0.0497442
-0.0497907
-0.0504344
-0.0498077
-0.0497743
-0.0497624
-0.0507753
-0.0496602
-0.0493602
-0.0495813
-0.0500997
-0.0499851
-0.0498939
-0.0493881
-0.0494775
-0.0496422
-0.0496454
-0.0495582
-0.0497198
-0.049559
-0.0497016
-0.0495368
-0.0497017
-0.0495778
-0.0497572
-0.0496832
-0.0498933
-0.0496148
-0.0496009
-0.0497155
-0.0496862
-0.0496677
-0.0497429
-0.0497295
-0.0496711
-0.0497511
-0.0497387
-0.0497904
-0.0495098
-0.0496399
-0.0496943
-0.0496346
-0.0497608
-0.0494491
-0.0496487
-0.0498011
-0.0497172
-0.0496186
-0.049666
-0.0497291
-0.049596
-0.0494743
-0.0497583
-0.0497897
-0.0496766
-0.0493399
-0.0497622
-0.049629
-0.0496022
-0.0498201
-0.0498539
-0.0499909
-0.0496076
-0.0495132
-0.0496775
-0.0497141
-0.0496457
-0.0496993
-0.0496827
-0.0496722
-0.0496898
-0.0496913
-0.0496943
-0.0496834
-0.0497032
-0.0496941
-0.0496899
-0.0496895
-0.0496868
-0.0497238
-0.0496752
-0.0496752
-0.0496731
-0.0496828
-0.0496854
-0.0496832
-0.0497058
-0.0496974
-0.0496871
-0.0496904
-0.0496852
-0.0496949
-0.0496006
-0.0495898
-0.0496415
-0.0496567
-0.0495613
-0.0496082
-0.0496403
-0.0496867
-0.0496835
-0.049662
-0.0497042
-0.0496256
-0.0499291
-0.0496928
-0.0496197
-0.0496472
-0.0500129
-0.0496795
-0.0499298
-0.0495972
-0.0496488
-0.0496578
-0.0496123
-0.0496702
-0.0496869
-0.0496192
-0.0496207
-0.0497072
-0.0496642
-0.0497051
-0.0496936
-0.0497003
-0.0497059
-0.0496671
-0.0497028
-0.0496362
-0.0496966
-0.0496941
-0.0497032
-0.0496553
-0.0497218
-0.0496396
-0.0496452
-0.0496657
-0.0497289
-0.049683
-0.0496078
-0.049679
-0.0497041
-0.0497085
-0.0497282
-0.0496697
-0.0496764
-0.0496479
-0.049722
-0.0496728
-0.0496482
-0.0496264
-0.0496581
-0.0496352
-0.0496051
-0.0496542
-0.0496511
-0.0496415
-0.0497147
-0.0497039
-0.0496783
-0.0496613
-0.0496556
-0.0496796
-0.0496802
-0.0496322
-0.0496713
-0.0497627
-0.0496811
-0.0496679
-0.0496545
-0.0496354
-0.0496885
-0.0497308
-0.0497106
-0.0496657
-0.049684
-0.0497137
-0.0496797
-0.0496796
-0.0496715
-0.0497189
-0.0497386
-0.0496415
-0.0497238
-0.0496735
-0.0497326
-0.0496756
-0.0496673
-0.0497151
-0.0496149
-0.0497286
-0.0497003
-0.0497398
-0.0498487
-0.0496933
-0.0497059
-0.0497603
-0.049729
-0.0497445
-0.0497072
-0.0497037
-0.0497186
-0.0497423
-0.0497092
-0.0496913
-0.0497256
-0.0496391
-0.0501205
-0.0496921
-0.0496872
-0.0496499
-0.0499909
-0.0498047
-0.0497225
-0.0497647
-0.0497248
-0.049757
-0.0496996
-0.0500255
-0.0499426
-0.0494497
-0.04994
-0.0495906
-0.0499792
-0.0496408
-0.0498436
-0.0497083
-0.0497415
-0.0499117
-0.0498486
-0.0497536
-0.0498628
-0.0497274
-0.049652
-0.049799
-0.0498293
-0.0495527
-0.0496727
-0.0494527
-0.0497911
-0.0497681
-0.0494599
-0.0496764
-0.0497026
-0.0497526
-0.0496625
-0.0495988
-0.0500226
-0.0503546
-0.0496341
-0.0496796
-0.0500208
-0.0502634
-0.0497772
-0.0496759
-0.0499726
-0.0500132
-0.0495125
-0.0496647
-0.0494606
-0.0499982
-0.0496513
-0.049739
-0.0496535
-0.0499793
-0.049646
-0.0497905
-0.0495514
-0.0496846
-0.0495836
-0.0496685
-0.0500159
-0.0496221
-0.0498124
-0.0498916
-0.0498673
-0.049564
-0.0493923
-0.0500877
-0.0499187
-0.0495328
-0.050162
-0.0492191
-0.0517236
-0.0501794
-0.0492757
-0.0494975
-0.0505367
-0.0483428
-0.0505281
-0.0495597
-0.0492714
-0.0501571
-0.0494182
-0.0504171
-0.0503654
-0.0493611
-0.0497128
-0.0498484
-0.0499776
-0.0496258
-0.0497681
-0.0497745
-0.0499897
-0.0510203
-0.0498968
-0.0497304
-0.0510221
-0.0495807
-0.050158
-0.049713
-0.0496114
-0.04977
-0.0497126
-0.0494495
-0.0497363
-0.0497495
-0.0517489
-0.0504858
-0.0497163
-0.0494106
-0.0503538
-0.0495445
-0.0486553
-0.049752
-0.0509671
-0.0502296
-0.0470919
-0.0500954
-0.0491256
-0.0495424
-0.0494998
-0.0500535
-0.0496424
-0.0513539
-0.0494147
-0.0496642
-0.0505051
-0.0492946
-0.049952
-0.0495137
-0.051264
-0.0492978
-0.0493902
-0.0503408
-0.0498348
-0.049764
-0.0497288
-0.0496939
-0.0495276
-0.0496278
-0.0497895
-0.049712
-0.0497671
-0.0498064
-0.049927
-0.0498839
-0.0499059
-0.0497216
-0.0494788
-0.0500166
-0.0496441
-0.0499413
-0.0494165
-0.0498521
-0.0498195
-0.0494218
-0.04983
-0.0499272
-0.0498381
-0.0495708
-0.0505152
-0.0493821
-0.0495135
-0.0496996
-0.0503175
-0.0495682
-0.0496739
-0.0499095
-0.0497603
-0.0498383
-0.049668
-0.0495315
-0.0500008
-0.0497347
-0.0495227
-0.0497707
-0.0496535
-0.0496812
-0.0498236
-0.0498146
-0.049795
-0.0496689
-0.0497337
-0.0497479
-0.0498392
-0.0497995
-0.0496523
-0.0497783
-0.049817
-0.0498902
-0.0499965
-0.0497924
-0.0498602
-0.0496831
-0.0496733
-0.049867
-0.0499339
-0.0497361
-0.0497459
-0.049496
-0.0496438
-0.0496962
-0.0499836
-0.0499816
-0.0498959
-0.0498559
-0.0497154
-0.0502154
-0.0497705
-0.0498848
-0.0499677
-0.0502316
-0.0506149
-0.0502515
-0.0498788
-0.0503056
-0.0498955
-0.0503726
-0.0497389
-0.0493759
-0.0496093
-0.0500988
-0.0499605
-0.0486585
-0.0506446
-0.0497331
-0.0499505
-0.0487051
-0.0504944
-0.0500406
-0.0496529
-0.0500765
-0.0497241
-0.0498591
-0.0501629
-0.0498899
-0.0498268
-0.0499113
-0.0498809
-0.0499434
-0.0498086
-0.049891
-0.0498847
-0.0498577
-0.0498715
-0.0501194
-0.049599
-0.049821
-0.0497444
-0.0496599
-0.0497785
-0.0498025
-0.050131
-0.0486678
-0.0501016
-0.0497364
-0.0500221
-0.0500976
-0.0498708
-0.0500967
-0.0494967
-0.0490054
-0.0499252
-0.0554066
-0.0496645
-0.0504651
-0.0504332
-0.0499056
-0.0497157
-0.0499059
-0.0497821
-0.0498151
-0.0500637
-0.0499333
-0.0497549
-0.0497224
-0.0499182
-0.0506101
-0.0499411
-0.0497481
-0.0498142
-0.0498594
-0.0495827
-0.0498644
-0.0500157
-0.0498976
-0.0496782
-0.0503033
-0.0496728
-0.0498267
-0.0497596
-0.0500153
-0.0497711
-0.0491144
-0.049686
-0.0504681
-0.0499237
-0.0488161
-0.0494711
-0.0503205
-0.0486238
-0.0499219
-0.049981
-0.0501166
-0.049982
-0.0499136
-0.0501168
-0.0500858
-0.0500513
-0.0500318
-0.0517151
-0.0499335
-0.050108
-0.048629
-0.0516958
-0.050107
-0.0491649
-0.0497178
-0.0500833
-0.0505083
-0.0506474
-0.0493416
-0.0494135
-0.0496071
-0.0495544
-0.0494117
-0.0501698
-0.0499524
-0.0500477
-0.0495843
-0.0499323
-0.0518175
-0.0494777
-0.049629
-0.0495611
-0.0502425
-0.0497155
-0.0496714
-0.049716
-0.0495641
-0.0498963
-0.0496134
-0.0494407
-0.0499608
-0.0496522
-0.0498353
-0.0507774
-0.0499033
-0.0494168
-0.0495528
-0.0498655
-0.0498303
-0.0496999
-0.0499254
-0.0498546
-0.0498091
-0.0496738
-0.0497501
-0.0497389
-0.0496075
-0.0498747
-0.0497462
-0.0497906
-0.0497425
-0.0497733
-0.0497493
-0.0497906
-0.0498405
-0.0498174
-0.0496165
-0.0497004
-0.0498279
-0.0499144
-0.0497026
-0.0498197
-0.0494081
-0.0497905
-0.0501562
-0.0502348
-0.049942
-0.0498172
-0.0498376
-0.0503988
-0.0499575
-0.0499007
-0.0495945
-0.0500955
-0.0504173
-0.0497878
-0.0497317
-0.0503574
-0.0497669
-0.0493872
-0.0494135
-0.0489471
-0.0494693
-0.04997
-0.0500793
-0.0484148
-0.0494841
-0.0499734
-0.049937
-0.0494383
-0.0499246
-0.0505897
-0.0500148
-0.049855
-0.050232
-0.0497159
-0.049677
-0.0493273
-0.0497285
-0.0499556
-0.0507066
-0.0498483
-0.049882
-0.0497558
-0.0499793
-0.049782
-0.0498026
-0.0501434
-0.050291
-0.0497589
-0.0490205
-0.0497916
-0.049267
-0.0502523
-0.0498387
-0.0500147
-0.0502181
-0.0503324
-0.0499875
-0.0501203
-0.050058
-0.0497552
-0.0500994
-0.0487826
-0.04986
-0.0502476
-0.0488206
-0.0500079
-0.0495556
-0.0504089
-0.0502859
-0.0505124
-0.0500029
-0.0503055
-0.0499129
-0.0501381
-0.0506259
-0.049662
-0.0506485
-0.050804
-0.0497782
-0.0509999
-0.0505959
-0.0503823
-0.0501645
-0.0502798
-0.0481663
-0.0507817
-0.0502693
-0.0502545
-0.0502674
-0.0501691
-0.0501484
-0.0504351
-0.0504461
-0.050102
-0.0503805
-0.0507604
-0.0498128
-0.0499066
-0.0509776
-0.0505324
-0.0506056
-0.0511103
-0.050229
-0.0512385
-0.050734
-0.0480792
-0.0506699
-0.0508714
-0.0504099
-0.0498963
-0.0498572
-0.050316
-0.0504658
-0.050157
-0.0496255
-0.0504092
-0.0504261
-0.0473886
-0.0512199
-0.0506636
-0.0517247
-0.0502062
-0.0504194
-0.0499144
-0.0501664
-0.0507652
-0.0494633
-0.0504255
-0.0496859
-0.0503592
-0.0498178
-0.0484913
-0.0482535
-0.0497492
-0.0498803
-0.0483107
-0.0501251
-0.0320646
-0.0385984
-0.0308231
-0.0381144
-0.0316937
-0.0394366
-0.0315549
-0.0312692
-0.0300934
-0.0409907
-0.0406166
-0.0311627
-0.0302196
-0.040279
-0.0318642
-0.0392488
-0.0312741
-0.0410726
-0.0319361
-0.0308258
-0.0401087
-0.0317051
-0.0380943
-0.0397643
-0.0312427
-0.0317271
-0.0394879
-0.0311654
-0.0308066
-0.0373832
-0.0279535
-0.0372088
-0.0303167
-0.0370239
-0.0282304
-0.0346803
-0.0374887
-0.0343311
-0.0349245
-0.0345344
-0.0357449
-0.0364519
-0.0297398
-0.0371994
-0.0345862
-0.0283293
-0.0293163
-0.0362426
-0.0282441
-0.0273946
-0.0284037
-0.03758
-0.0362275
-0.0306723
-0.026377
-0.0360105
-0.0254875
-0.0262179
-0.035832
-0.0364253
-0.0358534
-0.0256733
-0.0260064
-0.0276338
-0.0375861
-0.0313635
-0.0357611
-0.0310927
-0.0356969
-0.0277492
-0.0253691
-0.0367828
-0.0260734
-0.0364352
-0.0264456
-0.0362575
-0.0256646
-0.0320187
-0.03666
-0.0362653
-0.0315298
-0.0358862
-0.0314586
-0.0315966
-0.0326969
-0.033834
-0.0362419
-0.0364208
-0.0367127
-0.0335273
-0.0335929
-0.0311054
-0.0375155
-0.0364657
-0.0308511
-0.0362794
-0.0310015
-0.030935
-0.0321711
-0.0377199
-0.0368741
-0.0329685
-0.0367908
-0.0331383
-0.0318709
-0.0305991
-0.0367725
-0.0310343
-0.0363531
-0.030795
-0.037306
-0.0302202
-0.030318
-0.0283122
-0.0415801
-0.0388797
-0.0282053
-0.0387576
-0.0303051
-0.0307088
-0.0378165
-0.0286921
-0.0415643
-0.0285003
-0.0307553
-0.0386807
-0.0301602
-0.0360216
-0.0372832
-0.0291403
-0.0372506
-0.0294687
-0.030034
-0.0291667
-0.0355876
-0.0305908
-0.0352172
-0.0306387
-0.0352974
-0.0291765
-0.029189
-0.0373873
-0.0320807
-0.0380425
-0.028307
-0.0310765
-0.0374339
-0.0262891
-0.0336923
-0.0350701
-0.0233571
-0.0341063
-0.0263773
-0.0233794
-0.0298101
-0.0306717
-0.0350386
-0.0347242
-0.0300638
-0.0296128
-0.0346494
-0.0275092
-0.0244343
-0.0326073
-0.0314392
-0.0327569
-0.0273104
-0.0245066
-0.0300789
-0.0346719
-0.0290136
-0.0342722
-0.0294137
-0.0343771
-0.0299896
-0.027467
-0.0330684
-0.0238393
-0.0318317
-0.0271866
-0.0330513
-0.0239401
-0.0300443
-0.0385757
-0.0292953
-0.0369059
-0.031479
-0.0373556
-0.0295133
-0.0336466
-0.0337671
-0.0378463
-0.0367418
-0.0337375
-0.0339235
-0.0376387
-0.0317697
-0.0391239
-0.0319722
-0.0377239
-0.0323379
-0.0316663
-0.0376831
-0.0328071
-0.0374383
-0.036618
-0.0341119
-0.0334747
-0.0375999
-0.0334255
-0.027399
-0.037578
-0.0284052
-0.0362284
-0.0306735
-0.0360107
-0.0263813
-0.0254947
-0.0262216
-0.0358328
-0.0364284
-0.0260138
-0.0256776
-0.0358549
-0.0276404
-0.0375855
-0.0313653
-0.0357617
-0.0310979
-0.027753
-0.0356976
-0.0253754
-0.0367854
-0.0364391
-0.0260819
-0.0256723
-0.0362589
-0.0264519
-0.0308134
-0.0279576
-0.0373875
-0.0372134
-0.0303221
-0.0282364
-0.0370302
-0.0346937
-0.0375004
-0.0343514
-0.0349429
-0.0345462
-0.0364662
-0.0357683
-0.0297477
-0.0372053
-0.0283406
-0.0345957
-0.0282521
-0.0362493
-0.0293269
-0.0307841
-0.0367017
-0.0363297
-0.0310311
-0.0371853
-0.0309791
-0.0302097
-0.0306044
-0.0297289
-0.0399219
-0.0389326
-0.0387342
-0.0300765
-0.0304041
-0.0310991
-0.0379341
-0.0398796
-0.0309794
-0.0386869
-0.0307267
-0.0310946
-0.0303149
-0.0359901
-0.0371971
-0.02912
-0.0371174
-0.0301261
-0.0294493
-0.0320682
-0.0366662
-0.031547
-0.0362753
-0.0315547
-0.035918
-0.0316128
-0.0327497
-0.0339053
-0.0363005
-0.0364656
-0.0336174
-0.0367685
-0.0336354
-0.0311968
-0.03761
-0.0313146
-0.0365843
-0.0311867
-0.0311161
-0.0363676
-0.0322019
-0.0377335
-0.0369188
-0.0329817
-0.0368223
-0.0318831
-0.0331658
-0.0297918
-0.0350135
-0.0306647
-0.0347169
-0.030051
-0.0346402
-0.0295988
-0.0274902
-0.0244268
-0.0326005
-0.0314249
-0.0273015
-0.0327429
-0.0244908
-0.030057
-0.0346451
-0.0290038
-0.0342669
-0.0299748
-0.0293984
-0.034366
-0.0274479
-0.0330562
-0.0318171
-0.0238229
-0.033038
-0.0271705
-0.0239211
-0.0291562
-0.0305907
-0.0355859
-0.0352048
-0.0306386
-0.0291656
-0.0352901
-0.029175
-0.037387
-0.032079
-0.0380412
-0.031074
-0.0374251
-0.0282916
-0.0262736
-0.0336745
-0.0233368
-0.0350522
-0.026361
-0.0340953
-0.0233583
-0.0506364
-0.0496751
-0.0508253
-0.0506556
-0.0510165
-0.0497849
-0.0506073
-0.0503859
-0.050165
-0.0502857
-0.0481669
-0.0502723
-0.0507877
-0.0502552
-0.0502721
-0.0501714
-0.05044
-0.0501519
-0.0504505
-0.0503853
-0.0501052
-0.0507697
-0.0498278
-0.0509941
-0.0499158
-0.0506141
-0.0511258
-0.0505417
-0.0502463
-0.0507511
-0.0512446
-0.0480876
-0.0506828
-0.0504262
-0.050873
-0.0499027
-0.0498607
-0.0504711
-0.0503196
-0.0501634
-0.0504147
-0.049629
-0.0504406
-0.047398
-0.0506778
-0.0512269
-0.0502217
-0.0517349
-0.050431
-0.0504549
-0.049911
-0.0507604
-0.0498133
-0.0508118
-0.0506241
-0.0504581
-0.0501962
-0.0501202
-0.0502792
-0.0482476
-0.0499651
-0.0502865
-0.0503829
-0.0504636
-0.0498526
-0.0509056
-0.0499928
-0.0508365
-0.0505265
-0.0502824
-0.0499199
-0.0507655
-0.0501803
-0.0494837
-0.0504228
-0.0503654
-0.0496996
-0.0498202
-0.0485101
-0.0497496
-0.0482843
-0.0501329
-0.04833
-0.0498739
-0.050463
-0.0499207
-0.0488039
-0.0494627
-0.0499197
-0.0503154
-0.0486119
-0.0499779
-0.0501179
-0.0499137
-0.0499826
-0.050087
-0.0500507
-0.0501154
-0.0500255
-0.0517087
-0.0499301
-0.0501082
-0.050106
-0.0486182
-0.0516914
-0.049163
-0.0497177
-0.0505095
-0.0500816
-0.0494135
-0.0506471
-0.0493393
-0.0497461
-0.0499472
-0.0498064
-0.0495693
-0.0498967
-0.0495365
-0.0497525
-0.0498236
-0.0494604
-0.0497832
-0.049918
-0.0495639
-0.04971
-0.0498279
-0.0497029
-0.0497793
-0.0500948
-0.0491302
-0.050054
-0.0500219
-0.0494824
-0.04993
-0.0498494
-0.0498201
-0.0498694
-0.0498474
-0.0498128
-0.0496818
-0.0499357
-0.0518283
-0.049482
-0.0496447
-0.0502442
-0.0497201
-0.0495829
-0.0496169
-0.0495678
-0.0494162
-0.0501829
-0.0495876
-0.0500519
-0.0499762
-0.0496478
-0.0498383
-0.0507732
-0.0498975
-0.0495497
-0.049414
-0.0498628
-0.0496714
-0.0497192
-0.0495651
-0.0499039
-0.0496147
-0.0499633
-0.0494403
-0.0498307
-0.049692
-0.0498872
-0.0499423
-0.0497414
-0.0496732
-0.0498268
-0.0497623
-0.049802
-0.049847
-0.0498405
-0.0497144
-0.0498405
-0.0496229
-0.0497231
-0.0495514
-0.0498395
-0.0497124
-0.0497245
-0.0497761
-0.049722
-0.0499628
-0.0498348
-0.0498634
-0.0504185
-0.0499147
-0.0496084
-0.0499557
-0.0498893
-0.0496866
-0.0497893
-0.0493717
-0.0497798
-0.0502159
-0.0501104
-0.0494435
-0.0489829
-0.0495033
-0.0500303
-0.0501215
-0.0484139
-0.0494925
-0.0500896
-0.0504043
-0.0497522
-0.0497211
-0.0497569
-0.0503691
-0.0493977
-0.0502585
-0.0497388
-0.0497261
-0.0493755
-0.0497433
-0.0499756
-0.0507411
-0.0499607
-0.0499179
-0.0493813
-0.0499014
-0.050006
-0.0498446
-0.0505607
-0.0498556
-0.0498944
-0.0500035
-0.049782
-0.0498296
-0.0497924
-0.0501607
-0.050472
-0.0503202
-0.0500363
-0.050562
-0.0499804
-0.0501755
-0.0503345
-0.049364
-0.049717
-0.049857
-0.0499847
-0.0497724
-0.0497835
-0.0496304
-0.0499986
-0.0510281
-0.0499004
-0.0497352
-0.0495892
-0.0501716
-0.0510296
-0.0497571
-0.0502346
-0.0509714
-0.047099
-0.0500997
-0.0495509
-0.0491282
-0.0493042
-0.049961
-0.0495215
-0.0512718
-0.0493954
-0.0493102
-0.0503477
-0.0495113
-0.0500616
-0.0496506
-0.051364
-0.0494277
-0.0496749
-0.0505107
-0.049719
-0.0497725
-0.0498112
-0.0499359
-0.0497253
-0.0498893
-0.0499154
-0.0498387
-0.0497708
-0.049734
-0.0496995
-0.0495323
-0.0496336
-0.049795
-0.0496372
-0.0496703
-0.0497644
-0.0498248
-0.0497619
-0.0497086
-0.049715
-0.0497218
-0.0498977
-0.0497091
-0.0495607
-0.0496894
-0.0497052
-0.0496384
-0.0498482
-0.0496914
-0.0494748
-0.0493789
-0.0497882
-0.0493376
-0.0496749
-0.0501034
-0.0495118
-0.0498338
-0.049596
-0.0503498
-0.0498188
-0.0495845
-0.0494354
-0.0498428
-0.0499314
-0.0498423
-0.0505285
-0.049386
-0.0495767
-0.0494865
-0.0500129
-0.0496546
-0.0499451
-0.0498298
-0.0498541
-0.0494254
-0.0498402
-0.0496729
-0.0495403
-0.0500068
-0.0495321
-0.0497425
-0.0497733
-0.049521
-0.0497061
-0.05032
-0.0495708
-0.0496765
-0.049764
-0.0499152
-0.0496587
-0.0496848
-0.0498199
-0.0498325
-0.0497383
-0.0496763
-0.0497968
-0.0500875
-0.0498833
-0.0498893
-0.0497872
-0.0499439
-0.0499664
-0.0497705
-0.0498156
-0.0498859
-0.0498489
-0.0496838
-0.0498891
-0.0498286
-0.0499445
-0.0499713
-0.0498725
-0.0497862
-0.0503386
-0.0499037
-0.0500695
-0.0498848
-0.049796
-0.0497773
-0.0495235
-0.0496977
-0.0497468
-0.0500191
-0.0500407
-0.0497785
-0.0494195
-0.0496028
-0.0500841
-0.04997
-0.0487085
-0.0506484
-0.05027
-0.0506105
-0.0502564
-0.049918
-0.0499292
-0.0502657
-0.0503959
-0.0497931
-0.0498753
-0.0502388
-0.0499331
-0.0499154
-0.0499281
-0.0499293
-0.0497802
-0.0499652
-0.0487376
-0.0505133
-0.0496987
-0.0500966
-0.050028
-0.0499828
-0.0498038
-0.0498858
-0.0498878
-0.0498922
-0.0498677
-0.0501296
-0.0495382
-0.0497448
-0.0496596
-0.0495988
-0.0497284
-0.049704
-0.0500702
-0.0486252
-0.0500562
-0.0496841
-0.049949
-0.0500405
-0.0500516
-0.0498231
-0.0502144
-0.0499117
-0.0498608
-0.0497612
-0.049891
-0.0498958
-0.0497584
-0.0503654
-0.0486454
-0.0497164
-0.0501222
-0.0497066
-0.0489893
-0.0513058
-0.0494662
-0.0498884
-0.0489956
-0.0553886
-0.0496184
-0.0503928
-0.0505106
-0.0497131
-0.049707
-0.049884
-0.0505958
-0.0497881
-0.0497188
-0.0499011
-0.0498734
-0.0496911
-0.0498617
-0.0497669
-0.0499038
-0.0497746
-0.0500782
-0.0496206
-0.0497722
-0.0497403
-0.0499701
-0.0497255
-0.0496605
-0.0490635
-0.049833
-0.0495903
-0.0498669
-0.0499984
-0.0496626
-0.0498892
-0.0503363
-0.0499668
-0.049635
-0.0496629
-0.049788
-0.0496789
-0.0498948
-0.0496095
-0.0497565
-0.0497753
-0.0496325
-0.0497264
-0.0497516
-0.0497568
-0.049684
-0.0498048
-0.0504578
-0.0498217
-0.0497806
-0.0497795
-0.0496629
-0.0508061
-0.0493428
-0.0495533
-0.049981
-0.0501572
-0.0494857
-0.0498885
-0.0492953
-0.049483
-0.049796
-0.0496465
-0.0496856
-0.0496645
-0.0497067
-0.0496507
-0.049607
-0.0495544
-0.0498276
-0.0497649
-0.0494817
-0.0495641
-0.0499586
-0.0495698
-0.0496866
-0.0496589
-0.0496237
-0.0496599
-0.0496375
-0.0495731
-0.0496202
-0.04963
-0.0496599
-0.0496787
-0.0496773
-0.0495993
-0.0496761
-0.0496342
-0.0497117
-0.0496705
-0.0496587
-0.0496977
-0.0495892
-0.0496964
-0.0496131
-0.0496878
-0.0496487
-0.0497389
-0.0496715
-0.0496253
-0.0496397
-0.0496787
-0.0497107
-0.0497011
-0.0496453
-0.0496687
-0.0496835
-0.0496905
-0.0496913
-0.0496952
-0.0496814
-0.0497036
-0.0496885
-0.0496893
-0.0496939
-0.0496882
-0.0497189
-0.0496661
-0.0496795
-0.0496816
-0.0496875
-0.0496758
-0.0496828
-0.0497061
-0.0496955
-0.0496846
-0.0496843
-0.0496943
-0.0496881
-0.0495958
-0.049635
-0.0495872
-0.0496522
-0.0495566
-0.0496335
-0.0496042
-0.0496757
-0.0496713
-0.0496496
-0.0496916
-0.0499151
-0.0496159
-0.0496807
-0.049614
-0.0496417
-0.0496695
-0.0500049
-0.0496404
-0.0495924
-0.0499204
-0.049656
-0.0496706
-0.0496113
-0.0496827
-0.0496191
-0.0497045
-0.0496183
-0.049662
-0.0497025
-0.049691
-0.0496984
-0.0497037
-0.049665
-0.0496999
-0.0496335
-0.0496962
-0.0496919
-0.0496994
-0.0496554
-0.0497188
-0.049636
-0.049642
-0.0496613
-0.0496806
-0.0497243
-0.0496759
-0.0496038
-0.0496996
-0.0496555
-0.0497002
-0.0497016
-0.0496402
-0.0496982
-0.0496825
-0.0496664
-0.0496495
-0.0496646
-0.0496914
-0.0496628
-0.0496893
-0.0496486
-0.0496628
-0.0496399
-0.0496785
-0.049683
-0.0496577
-0.0496806
-0.0496407
-0.0496579
-0.0496631
-0.0497002
-0.0496679
-0.0496565
-0.0497
-0.0496666
-0.0496601
-0.0497095
-0.0497273
-0.0496727
-0.0496669
-0.0497202
-0.0496464
-0.0496713
-0.0496504
-0.0496256
-0.0496612
-0.0496362
-0.0496572
-0.0496512
-0.0496047
-0.0496418
-0.0497137
-0.049678
-0.0497039
-0.0496588
-0.0496777
-0.0496615
-0.0496804
-0.0496314
-0.049672
-0.04976
-0.0496685
-0.0496552
-0.0496805
-0.0496304
-0.0497265
-0.0496849
-0.0497059
-0.0496614
-0.049708
-0.0496792
-0.0496763
-0.0496767
-0.0496688
-0.0497154
-0.0496392
-0.0497197
-0.0497356
-0.0496691
-0.0497293
-0.0496744
-0.0496639
-0.0496115
-0.0497122
-0.0497239
-0.0496961
-0.0497362
-0.0496888
-0.0498449
-0.0497247
-0.0497561
-0.0497021
-0.0497406
-0.0497016
-0.0497046
-0.0497144
-0.0497409
-0.0496862
-0.0497049
-0.0497244
-0.049639
-0.0501179
-0.0496879
-0.0496876
-0.0496455
-0.049987
-0.0498004
-0.0497185
-0.0497199
-0.0497616
-0.0496947
-0.0497528
-0.0500207
-0.049898
-0.0494239
-0.0496129
-0.0498711
-0.0496482
-0.0499405
-0.0497788
-0.0497463
-0.0497921
-0.0499069
-0.0498573
-0.0497802
-0.0497699
-0.0498681
-0.0497357
-0.0494401
-0.0496997
-0.0496442
-0.0495996
-0.0497311
-0.0496407
-0.0499245
-0.0496657
-0.0502607
-0.0496302
-0.0499273
-0.0498013
-0.0501956
-0.0495682
-0.0497108
-0.049969
-0.0496189
-0.0498006
-0.0496163
-0.0495405
-0.0504617
-0.0496183
-0.0500917
-0.0493384
-0.050393
-0.0503344
-0.0494226
-0.0496417
-0.0496769
-0.0494967
-0.0497074
-0.0496986
-0.0495872
-0.0496793
-0.0496911
-0.0496184
-0.0496719
-0.0497283
-0.0497266
-0.0497792
-0.0498787
-0.0494747
-0.0496107
-0.0496639
-0.04967
-0.0496139
-0.0495846
-0.0497104
-0.0497761
-0.0497639
-0.0496918
-0.0497866
-0.0497484
-0.049824
-0.0497963
-0.0497208
-0.0499402
-0.0497774
-0.0495946
-0.0497358
-0.0498218
-0.0495974
-0.0497425
-0.0503214
-0.0496982
-0.0500047
-0.049782
-0.0498519
-0.0497395
-0.0497972
-0.0496312
-0.0497107
-0.049707
-0.0497719
-0.0496608
-0.0496189
-0.0497301
-0.0495947
-0.0497872
-0.0499442
-0.0496522
-0.0498679
-0.0499381
-0.049803
-0.0498066
-0.0497548
-0.0497977
-0.0498391
-0.0497026
-0.0498531
-0.0497847
-0.0501291
-0.0498101
-0.0501152
-0.0498013
-0.0497838
-0.0501562
-0.0495885
-0.0499977
-0.0498692
-0.0497452
-0.0497367
-0.0500479
-0.0496119
-0.0500304
-0.049759
-0.0496931
-0.0504414
-0.0498304
-0.0503918
-0.0500763
-0.0497585
-0.0499509
-0.0495359
-0.0500568
-0.0497443
-0.0495203
-0.0500041
-0.0496008
-0.0498402
-0.0499751
-0.0496972
-0.0494803
-0.0498189
-0.0497393
-0.0500012
-0.0496303
-0.0497151
-0.0500622
-0.049721
-0.0500891
-0.0499351
-0.0497823
-0.0497726
-0.0499594
-0.0498585
-0.0499028
-0.0497878
-0.0497863
-0.0497393
-0.0498273
-0.0496207
-0.0498848
-0.0497147
-0.0495797
-0.0498387
-0.0498498
-0.0496485
-0.0497496
-0.0498018
-0.0496648
-0.0497672
-0.0498228
-0.0497099
-0.0496819
-0.0497654
-0.0496514
-0.0497327
-0.049641
-0.0496025
-0.0497513
-0.0496915
-0.049842
-0.0497239
-0.0496867
-0.0499554
-0.0496774
-0.049756
-0.0497798
-0.0497373
-0.0497368
-0.0497695
-0.0497894
-0.0497215
-0.0498082
-0.0498367
-0.0496754
-0.049654
-0.049692
-0.0498143
-0.0497998
-0.049595
-0.0497767
-0.0498745
-0.0497316
-0.0497928
-0.0497775
-0.0497235
-0.0496985
-0.0495572
-0.0498384
-0.0498964
-0.0496913
-0.0498591
-0.0495118
-0.0497465
-0.04967
-0.049969
-0.0499079
-0.0496874
-0.0501291
-0.049674
-0.049741
-0.0497156
-0.0496813
-0.0495549
-0.0497199
-0.0497605
-0.0496769
-0.0497262
-0.0502366
-0.0496357
-0.0499228
-0.0497044
-0.049754
-0.0498306
-0.0497037
-0.0499948
-0.0497045
-0.0495944
-0.0497845
-0.0497094
-0.0496658
-0.0498851
-0.0497199
-0.0497234
-0.0497796
-0.049849
-0.0496694
-0.049771
-0.0498868
-0.0497679
-0.0498088
-0.0498054
-0.0498527
-0.0498098
-0.0498268
-0.0497273
-0.0500664
-0.0499291
-0.0498026
-0.0497444
-0.0497044
-0.0500776
-0.0496724
-0.0500699
-0.049909
-0.0497865
-0.0497404
-0.0501104
-0.0497235
-0.0497717
-0.0497395
-0.0495797
-0.0498067
-0.0497936
-0.0496795
-0.0498094
-0.0498402
-0.0497
-0.0497969
-0.0497932
-0.0498
-0.0499883
-0.0498775
-0.0496492
-0.0497651
-0.0497723
-0.0497773
-0.049717
-0.0497353
-0.0498596
-0.0498877
-0.049765
-0.0500298
-0.0498845
-0.0497632
-0.0500678
-0.0500546
-0.0493609
-0.049854
-0.0492051
-0.0494231
-0.0498174
-0.0496819
-0.0494739
-0.0492842
-0.0499225
-0.0491802
-0.0495922
-0.049791
-0.0496403
-0.0494107
-0.0507697
-0.0502155
-0.0487772
-0.0487452
-0.0487813
-0.0505563
-0.0503671
-0.0511829
-0.0451945
-0.0509311
-0.0487959
-0.0514898
-0.0481713
-0.0507473
-0.0512201
-0.0464863
-0.0501426
-0.0488628
-0.052064
-0.0481671
-0.0504397
-0.0484102
-0.0493729
-0.0504883
-0.0505435
-0.050752
-0.0493791
-0.0492818
-0.0516289
-0.0503652
-0.0494069
-0.0495583
-0.04904
-0.0497669
-0.0501891
-0.0497993
-0.0502871
-0.049875
-0.049481
-0.0499139
-0.0493762
-0.049883
-0.0498009
-0.0500899
-0.0500441
-0.0498972
-0.0500149
-0.0497783
-0.0499606
-0.0500664
-0.0501388
-0.0499324
-0.0499392
-0.0499475
-0.0500449
-0.0499388
-0.0499575
-0.0500057
-0.0479192
-0.0498667
-0.0501156
-0.0500399
-0.0498028
-0.0506701
-0.0498726
-0.04911
-0.0503053
-0.0498009
-0.0499812
-0.0501347
-0.0491722
-0.0495274
-0.050247
-0.0494864
-0.0494047
-0.0504991
-0.0500915
-0.0495677
-0.0499448
-0.0497874
-0.0498024
-0.0500303
-0.0496999
-0.0496839
-0.049289
-0.0506824
-0.0494115
-0.0507885
-0.0493935
-0.0511413
-0.0492409
-0.0500443
-0.0499738
-0.0498665
-0.0495974
-0.0497459
-0.0501813
-0.0500128
-0.0499806
-0.0496981
-0.0496146
-0.0500252
-0.0494764
-0.0498192
-0.0499484
-0.0491521
-0.0508708
-0.0510848
-0.0493085
-0.0493428
-0.0508925
-0.0489672
-0.0494844
-0.0491559
-0.0507815
-0.0489333
-0.0507007
-0.0490613
-0.0503371
-0.0499407
-0.0498729
-0.050868
-0.0500128
-0.0485111
-0.0499034
-0.0498497
-0.0497412
-0.0500537
-0.0515282
-0.0500612
-0.0497433
-0.049813
-0.0480761
-0.0498785
-0.0497573
-0.0496958
-0.0499893
-0.0498392
-0.0497694
-0.0496451
-0.0501023
-0.0540328
-0.049622
-0.0495856
-0.0498386
-0.0498217
-0.0501669
-0.0500463
-0.0533996
-0.0507628
-0.0494906
-0.0498049
-0.0485873
-0.0504425
-0.0517041
-0.0501731
-0.0497729
-0.0500054
-0.0499368
-0.0496902
-0.0500783
-0.045552
-0.0498985
-0.0508726
-0.0488299
-0.0503731
-0.0496567
-0.0481349
-0.0493844
-0.0502825
-0.0498183
-0.0493769
-0.0500476
-0.0499845
-0.0493894
-0.0497496
-0.0493335
-0.0495716
-0.0498167
-0.0496498
-0.0508949
-0.0497661
-0.0496145
-0.0495344
-0.0496635
-0.0497556
-0.0497051
-0.0496215
-0.0497169
-0.0498002
-0.0498406
-0.0510408
-0.049471
-0.0490974
-0.049769
-0.0491104
-0.0496332
-0.0499653
-0.0501568
-0.0499195
-0.0501669
-0.050022
-0.0496824
-0.0503542
-0.0476873
-0.0499368
-0.0493688
-0.0497979
-0.0495252
-0.0476421
-0.0500848
-0.0498766
-0.0499189
-0.050008
-0.0497382
-0.0500415
-0.0498528
-0.0484702
-0.0501348
-0.0497718
-0.0502078
-0.0518668
-0.0496343
-0.0504314
-0.0502697
-0.0503237
-0.0500588
-0.0500392
-0.0501385
-0.0500832
-0.0499952
-0.049993
-0.0496746
-0.0496696
-0.0501527
-0.0503931
-0.0501759
-0.0503899
-0.0503664
-0.0502947
-0.0500575
-0.0499643
-0.0502261
-0.0498234
-0.0500415
-0.050143
-0.0498968
-0.0516399
-0.0500356
-0.0497278
-0.0499389
-0.049687
-0.0504106
-0.0501826
-0.0502525
-0.0503638
-0.0503355
-0.0499256
-0.0501412
-0.0490537
-0.0498281
-0.0519344
-0.0500997
-0.0499122
-0.0501896
-0.0498296
-0.0497009
-0.0490678
-0.0499985
-0.0501786
-0.0500875
-0.0495006
-0.04962
-0.0435872
-0.0447961
-0.0402674
-0.0383394
-0.0451365
-0.037439
-0.043084
-0.0443456
-0.0431013
-0.0486829
-0.0400146
-0.0454925
-0.0478911
-0.0378641
-0.0478734
-0.0476971
-0.0495074
-0.0473519
-0.0483316
-0.0488182
-0.0460927
-0.0427988
-0.0353614
-0.0350686
-0.040281
-0.0351011
-0.042315
-0.0417975
-0.048098
-0.0486475
-0.0501478
-0.0493054
-0.0499474
-0.0486038
-0.0463976
-0.0418465
-0.0445407
-0.0437134
-0.0491763
-0.0450325
-0.0425581
-0.0436441
-0.0404708
-0.044391
-0.0479749
-0.042476
-0.044925
-0.0426783
-0.0405119
-0.0440257
-0.047799
-0.0468326
-0.0487355
-0.0466412
-0.0445876
-0.044377
-0.0464225
-0.0474892
-0.0451737
-0.0435618
-0.0470894
-0.0471691
-0.0445527
-0.0467708
-0.0450933
-0.0488164
-0.0462293
-0.0480774
-0.0475957
-0.0450792
-0.0450568
-0.0387123
-0.0417988
-0.0453992
-0.0454996
-0.0420745
-0.0449837
-0.0487097
-0.0489781
-0.050115
-0.0489398
-0.0488894
-0.0492998
-0.0481154
-0.0449314
-0.0456005
-0.0473507
-0.0423237
-0.0466051
-0.0457339
-0.0426093
-0.0473638
-0.0486579
-0.049713
-0.0488467
-0.0476888
-0.0467902
-0.0480776
-0.036747
-0.0305802
-0.0391787
-0.0291158
-0.0382214
-0.0287498
-0.0368509
-0.0405911
-0.0414546
-0.0429237
-0.0370907
-0.0428095
-0.0406115
-0.0374318
-0.0376785
-0.0295742
-0.0386348
-0.0259515
-0.0362379
-0.0386914
-0.0285699
-0.0371721
-0.0396851
-0.0333799
-0.0280689
-0.0404847
-0.0368168
-0.0294236
-0.0419493
-0.0417759
-0.0434611
-0.0374014
-0.042929
-0.0421891
-0.037683
-0.0364138
-0.0301207
-0.0280228
-0.013817
-0.0280196
-0.0364819
-0.0301096
-0.0373458
-0.0349703
-0.0413726
-0.0295181
-0.0410613
-0.0296605
-0.037458
-0.0369286
-0.031762
-0.0376062
-0.0273722
-0.0373114
-0.026635
-0.0363828
-0.0405926
-0.0336391
-0.0400951
-0.0286327
-0.0405386
-0.0393817
-0.0293325
-0.0339576
-0.0365576
-0.0311387
-0.0280783
-0.0357657
-0.0349819
-0.0279188
-0.0308414
-0.0286865
-0.0221643
-0.0141895
-0.0224742
-0.0304644
-0.0290008
-0.0335677
-0.0303587
-0.0348027
-0.027973
-0.0352481
-0.0281845
-0.0331912
-0.0371804
-0.0333898
-0.0396926
-0.0280834
-0.0404912
-0.0294347
-0.0368273
-0.0364216
-0.0301244
-0.02802
-0.013824
-0.0364811
-0.0280308
-0.0301162
-0.0419533
-0.0417845
-0.0434711
-0.0374123
-0.0429396
-0.0421978
-0.037691
-0.0373514
-0.0349776
-0.0413724
-0.0295175
-0.037458
-0.0410655
-0.0296667
-0.036761
-0.0391898
-0.0305952
-0.0291326
-0.0382335
-0.0368648
-0.0287677
-0.0405997
-0.0414637
-0.0429389
-0.0371056
-0.0428137
-0.0406268
-0.0374442
-0.037693
-0.0295897
-0.0386407
-0.0259659
-0.0387053
-0.0285869
-0.0362462
-0.033952
-0.0311312
-0.0365455
-0.0280696
-0.0357605
-0.02791
-0.0349735
-0.0308393
-0.0286917
-0.0221699
-0.0141811
-0.0289914
-0.0304704
-0.0224674
-0.0335637
-0.0303543
-0.0348023
-0.0279743
-0.0352459
-0.0331918
-0.0281757
-0.0369009
-0.0375761
-0.0317228
-0.0273426
-0.0372872
-0.0363533
-0.0265936
-0.0405458
-0.0335841
-0.0400459
-0.0285616
-0.0404969
-0.0292741
-0.0393246
-0.0435874
-0.0447977
-0.0402631
-0.0383397
-0.0374349
-0.0451373
-0.0430855
-0.0443522
-0.043106
-0.040016
-0.0486967
-0.0378659
-0.0454996
-0.0479036
-0.0427948
-0.0353624
-0.0350701
-0.0402795
-0.0350947
-0.0417966
-0.0423123
-0.0478876
-0.0477097
-0.0495252
-0.0473619
-0.0483463
-0.0488347
-0.0461009
-0.0504193
-0.0501905
-0.050267
-0.0503781
-0.0503465
-0.0499356
-0.0501559
-0.0490612
-0.0498408
-0.0501089
-0.0519528
-0.0499247
-0.0498428
-0.0501979
-0.049713
-0.0490822
-0.0500163
-0.0501906
-0.0501026
-0.0495168
-0.0496315
-0.0418375
-0.0445389
-0.0491644
-0.0437114
-0.0450255
-0.0436356
-0.0425516
-0.0404588
-0.0443835
-0.0479783
-0.0424703
-0.0449182
-0.0426753
-0.0405027
-0.0440204
-0.0478066
-0.0468374
-0.048742
-0.0466393
-0.0445886
-0.044375
-0.0480952
-0.0486569
-0.0501572
-0.0493128
-0.049951
-0.048613
-0.0463986
-0.0500693
-0.0499107
-0.050251
-0.0501583
-0.050264
-0.0496737
-0.0495954
-0.0501097
-0.0489379
-0.0509391
-0.0503204
-0.0502975
-0.049838
-0.0493071
-0.0449237
-0.0456231
-0.0473718
-0.0423111
-0.0466198
-0.0425891
-0.0457546
-0.0473676
-0.0486771
-0.049701
-0.048878
-0.0476938
-0.0467659
-0.0481017
-0.0487485
-0.0489727
-0.0501378
-0.0489644
-0.048883
-0.0493091
-0.0481447
-0.0497207
-0.0498366
-0.0488661
-0.0503274
-0.0501586
-0.0495067
-0.0498993
-0.0501367
-0.049688
-0.0494007
-0.0509734
-0.0518705
-0.0493314
-0.0506724
-0.0497334
-0.0498839
-0.0497011
-0.0496834
-0.0496211
-0.0496595
-0.0502261
-0.0493566
-0.0498526
-0.0500914
-0.0493435
-0.0499342
-0.04938
-0.0498767
-0.0497419
-0.0493274
-0.0498139
-0.0495553
-0.0496481
-0.0497579
-0.0508815
-0.0495901
-0.0495185
-0.0496588
-0.0497398
-0.0496986
-0.0496969
-0.0496129
-0.0497847
-0.0498168
-0.0494601
-0.0510107
-0.0490835
-0.0497575
-0.0490336
-0.0455142
-0.0510771
-0.0498914
-0.0488358
-0.0504239
-0.0480999
-0.0496389
-0.0497241
-0.0501599
-0.0498394
-0.0502411
-0.0501684
-0.0502912
-0.0497464
-0.0503668
-0.0476437
-0.0499251
-0.0493322
-0.0495087
-0.0498089
-0.0476516
-0.0501328
-0.0499923
-0.050072
-0.0499371
-0.0500857
-0.0499438
-0.0498117
-0.0503953
-0.0500004
-0.0504093
-0.0500428
-0.0503148
-0.0500204
-0.0501316
-0.0500425
-0.0496919
-0.0501723
-0.049717
-0.0504212
-0.050215
-0.0504311
-0.0504023
-0.0503186
-0.0500936
-0.0499848
-0.0502559
-0.0498607
-0.0500739
-0.0502204
-0.049906
-0.0500696
-0.0516724
-0.0499935
-0.0497672
-0.0497406
-0.0485164
-0.049726
-0.0501855
-0.0502352
-0.0519142
-0.0504554
-0.049675
-0.0492967
-0.0499352
-0.0491899
-0.0496028
-0.0496532
-0.0497999
-0.0494192
-0.0493706
-0.0498553
-0.0492041
-0.0494341
-0.0494809
-0.0498188
-0.0496874
-0.0507804
-0.0502255
-0.0487691
-0.0487911
-0.0505647
-0.0503788
-0.0488044
-0.0512259
-0.0464899
-0.0501422
-0.0488826
-0.0520725
-0.0504424
-0.0481764
-0.0511985
-0.0451935
-0.0509459
-0.0488124
-0.0507565
-0.0515044
-0.0481807
-0.0484216
-0.0493863
-0.0505454
-0.0504883
-0.0493015
-0.0507564
-0.049402
-0.0493064
-0.0498414
-0.0501886
-0.0495068
-0.0496197
-0.0499221
-0.0503802
-0.0509246
-0.0497213
-0.0494812
-0.0508782
-0.0503848
-0.0492201
-0.0517982
-0.0500146
-0.0497469
-0.0497947
-0.0495092
-0.0499323
-0.0499259
-0.0497561
-0.051623
-0.0494029
-0.0503998
-0.0495806
-0.0490359
-0.0501955
-0.049787
-0.0498465
-0.0499253
-0.0500991
-0.0494957
-0.0499014
-0.0498909
-0.04933
-0.0497993
-0.050087
-0.0499126
-0.0500302
-0.0500132
-0.049962
-0.0497641
-0.0500694
-0.050128
-0.0499385
-0.0499404
-0.0499464
-0.0500498
-0.0499303
-0.0499623
-0.0499744
-0.0498617
-0.0478933
-0.0500447
-0.0500952
-0.0497994
-0.0506006
-0.0498855
-0.0501184
-0.0488284
-0.0499068
-0.0498238
-0.0499981
-0.0491543
-0.0494926
-0.0502144
-0.0494385
-0.0504888
-0.0500499
-0.0493349
-0.0495036
-0.0498936
-0.0497658
-0.0497737
-0.0497129
-0.0496337
-0.0499146
-0.0493401
-0.049283
-0.050841
-0.0508653
-0.049262
-0.0492949
-0.0512748
-0.0500272
-0.0499546
-0.0496009
-0.0498033
-0.0496912
-0.05012
-0.0499491
-0.0499535
-0.0496811
-0.0495947
-0.0499984
-0.0494638
-0.0499113
-0.0497992
-0.0491254
-0.0508915
-0.0492898
-0.0510872
-0.0489334
-0.0509133
-0.0493202
-0.0495114
-0.0507994
-0.0491898
-0.0489458
-0.0507657
-0.0503547
-0.0490599
-0.0516888
-0.0501536
-0.0499852
-0.0497543
-0.0496852
-0.0500749
-0.0499197
-0.049783
-0.0497356
-0.0496525
-0.0497619
-0.049792
-0.0497141
-0.0497931
-0.0497326
-0.0499231
-0.0495203
-0.0497474
-0.0496362
-0.0496799
-0.0497959
-0.0497699
-0.0502885
-0.0496911
-0.0499754
-0.049754
-0.0497651
-0.0498236
-0.0497288
-0.0495996
-0.0497763
-0.04993
-0.0496304
-0.0498625
-0.0499416
-0.0498049
-0.0501107
-0.0497908
-0.050084
-0.0497778
-0.049772
-0.050184
-0.0496492
-0.0500703
-0.0498281
-0.0497166
-0.049671
-0.0501546
-0.0496074
-0.0499335
-0.0496771
-0.0497083
-0.0503468
-0.0498398
-0.0499939
-0.0503143
-0.0495537
-0.0498011
-0.0499632
-0.0496612
-0.0498088
-0.0494802
-0.049695
-0.0499713
-0.0497182
-0.0496115
-0.0499968
-0.0497047
-0.0498955
-0.0500635
-0.0497797
-0.0498395
-0.0499627
-0.0498858
-0.0499151
-0.0498138
-0.0498122
-0.0498386
-0.0496377
-0.0497522
-0.0497932
-0.0496615
-0.0497616
-0.0498297
-0.0496954
-0.0497666
-0.0496707
-0.0496536
-0.0497324
-0.0496309
-0.0496257
-0.0497264
-0.0497098
-0.0498181
-0.0496991
-0.0496837
-0.0496592
-0.049935
-0.0498164
-0.0498311
-0.0496736
-0.0496445
-0.0498114
-0.0496842
-0.0497881
-0.049604
-0.0498754
-0.0497707
-0.0497386
-0.0497929
-0.0497579
-0.0497803
-0.0497158
-0.0496504
-0.0499476
-0.0498702
-0.0496514
-0.0501039
-0.0496512
-0.0497942
-0.0500602
-0.0497863
-0.049946
-0.0497306
-0.0501224
-0.0497352
-0.0497541
-0.0501497
-0.0498579
-0.0497676
-0.0497042
-0.0502188
-0.0497567
-0.0498485
-0.0497156
-0.0498039
-0.0497931
-0.0498141
-0.0498745
-0.0499817
-0.0496511
-0.0497748
-0.0497859
-0.0497788
-0.0497128
-0.0497783
-0.0498485
-0.0498953
-0.0497877
-0.0500183
-0.0498796
-0.0497682
-0.0500845
-0.0500595
-0.0505628
-0.0496852
-0.0493771
-0.0501747
-0.0503942
-0.0495149
-0.0504388
-0.0500221
-0.0496826
-0.04962
-0.0501614
-0.0497486
-0.0502797
-0.0500186
-0.049741
-0.0498371
-0.0497492
-0.0501971
-0.0500233
-0.0498969
-0.049888
-0.0493273
-0.0520186
-0.049403
-0.0502576
-0.0484823
-0.0507533
-0.0496788
-0.0497029
-0.0497923
-0.0496678
-0.0496595
-0.0497632
-0.0496776
-0.0496869
-0.0499145
-0.0496964
-0.0496042
-0.0497615
-0.0496141
-0.049893
-0.0496149
-0.0497664
-0.0503925
-0.0497767
-0.0498383
-0.0496859
-0.0507752
-0.0497514
-0.0494099
-0.0495285
-0.0501451
-0.050094
-0.0494294
-0.0499621
-0.0495141
-0.0499605
-0.0499146
-0.0500276
-0.0503663
-0.0501367
-0.0500166
-0.0499928
-0.0500424
-0.048629
-0.0493819
-0.050072
-0.0479178
-0.0498487
-0.0493487
-0.049705
-0.0494767
-0.0495233
-0.0495293
-0.0496309
-0.0494155
-0.0494814
-0.050102
-0.0512052
-0.0504609
-0.0485731
-0.0508885
-0.0491209
-0.0493802
-0.0503105
-0.0496779
-0.0500553
-0.0493936
-0.0496785
-0.0502628
-0.0499727
-0.049588
-0.0491599
-0.049017
-0.0507466
-0.049031
-0.0508576
-0.0503628
-0.0507071
-0.0491498
-0.0499148
-0.0502427
-0.0498451
-0.0501946
-0.0499731
-0.0491738
-0.0495167
-0.0503217
-0.0495348
-0.0501265
-0.0504707
-0.0494769
-0.0496246
-0.0499784
-0.0498383
-0.0498808
-0.050127
-0.0497371
-0.0496683
-0.0500102
-0.0504387
-0.0501845
-0.0497973
-0.049741
-0.0501589
-0.0502625
-0.0495396
-0.0492101
-0.0500727
-0.0495154
-0.048565
-0.0504848
-0.0497938
-0.0494915
-0.0497461
-0.0503474
-0.0487072
-0.0499114
-0.0499262
-0.0494475
-0.0498012
-0.0497756
-0.0498621
-0.0498416
-0.0497914
-0.0500489
-0.0498077
-0.049506
-0.0496988
-0.0499026
-0.0496648
-0.0497102
-0.0495389
-0.0497106
-0.0497975
-0.049911
-0.0497246
-0.0498742
-0.0499207
-0.0498235
-0.0499275
-0.0498869
-0.0498303
-0.0498772
-0.0495462
-0.0498852
-0.0498619
-0.049551
-0.0496022
-0.0495733
-0.049529
-0.0496134
-0.049951
-0.0496445
-0.0497928
-0.0496604
-0.0497664
-0.0499445
-0.049463
-0.049787
-0.0497856
-0.0494566
-0.0498193
-0.0499764
-0.0496301
-0.0498194
-0.0497498
-0.04974
-0.0498754
-0.049755
-0.049874
-0.0498288
-0.0499291
-0.0498407
-0.0498063
-0.0498336
-0.050097
-0.0495494
-0.0498606
-0.0496094
-0.0498951
-0.0502844
-0.0495841
-0.0498961
-0.0497379
-0.0494157
-0.0495299
-0.0494353
-0.0497319
-0.0497841
-0.04952
-0.0500223
-0.0496997
-0.0499307
-0.049842
-0.0498522
-0.0494603
-0.0495402
-0.0499474
-0.0498915
-0.04993
-0.0494448
-0.0496436
-0.0506323
-0.0495582
-0.0497615
-0.0496032
-0.0503643
-0.0499092
-0.0497864
-0.0496978
-0.0496713
-0.049684
-0.0498458
-0.0498236
-0.0497084
-0.0497217
-0.0498202
-0.0498546
-0.049722
-0.0495918
-0.0499907
-0.0498242
-0.0497729
-0.0496174
-0.0497356
-0.0498656
-0.0501576
-0.0494084
-0.0498804
-0.0498073
-0.0492796
-0.0496818
-0.0500044
-0.0497914
-0.0499478
-0.0498805
-0.0498983
-0.0497011
-0.0499346
-0.0498868
-0.0497912
-0.049823
-0.0497717
-0.0496957
-0.0499464
-0.0498646
-0.0500299
-0.0497948
-0.0478986
-0.0496483
-0.050024
-0.0500306
-0.0493118
-0.0495309
-0.0498428
-0.0501791
-0.0499099
-0.0504368
-0.0495643
-0.0510021
-0.0497562
-0.0495129
-0.050879
-0.0517758
-0.0492593
-0.0504299
-0.0500754
-0.0497421
-0.0495228
-0.0497837
-0.0497619
-0.0499053
-0.0499329
-0.0517117
-0.0503388
-0.0496164
-0.0494209
-0.0498808
-0.048978
-0.0502527
-0.0500663
-0.0510295
-0.0484804
-0.0504921
-0.0491954
-0.049075
-0.0510513
-0.0502965
-0.0497761
-0.0501491
-0.0494013
-0.0497566
-0.0502462
-0.0500119
-0.0502458
-0.0487133
-0.0501795
-0.0494233
-0.0498966
-0.0495484
-0.0480173
-0.0498392
-0.0495807
-0.0497196
-0.0496345
-0.0497507
-0.0496333
-0.0496178
-0.0487356
-0.0496119
-0.0506016
-0.049799
-0.0459137
-0.0506866
-0.0496349
-0.0496373
-0.0498053
-0.0494839
-0.0497116
-0.0496749
-0.0494573
-0.0490059
-0.0506096
-0.0495346
-0.0495354
-0.0497498
-0.049136
-0.0491438
-0.0496942
-0.0484036
-0.0499022
-0.0497175
-0.0501177
-0.0494362
-0.049719
-0.0500906
-0.0499662
-0.0504971
-0.0493954
-0.0509371
-0.0498819
-0.0507046
-0.0505241
-0.0503537
-0.0499784
-0.0499271
-0.0498279
-0.0493944
-0.0498661
-0.0498077
-0.0498995
-0.0493555
-0.0493543
-0.0497811
-0.0491778
-0.0497956
-0.0498079
-0.0501366
-0.0496329
-0.0494249
-0.0494968
-0.0492686
-0.0496939
-0.0493266
-0.0498739
-0.0496655
-0.0494417
-0.0497617
-0.0493528
-0.0483782
-0.0494613
-0.0458865
-0.0492484
-0.0470105
-0.048562
-0.0486798
-0.0484709
-0.0441478
-0.041555
-0.0468353
-0.0471025
-0.0474347
-0.0453208
-0.0436942
-0.0449984
-0.0389724
-0.0249042
-0.0428961
-0.0399823
-0.0434917
-0.0373652
-0.0302548
-0.0415993
-0.0444508
-0.0477772
-0.0437538
-0.0427232
-0.0448361
-0.0424894
-0.0491089
-0.0496439
-0.0494952
-0.0482436
-0.0496845
-0.0486689
-0.0482836
-0.0497673
-0.0501303
-0.0501537
-0.049655
-0.0500893
-0.0498197
-0.0499073
-0.0488317
-0.0489841
-0.0497734
-0.0474407
-0.0498432
-0.0484463
-0.0482851
-0.0492966
-0.0496902
-0.0494194
-0.0483627
-0.0496417
-0.0493644
-0.0478453
-0.0386372
-0.049111
-0.0482853
-0.0469324
-0.0478091
-0.0468826
-0.0446388
-0.0429157
-0.0470721
-0.0472397
-0.0458673
-0.044575
-0.0425759
-0.0452484
-0.0390653
-0.0299728
-0.0434463
-0.0408569
-0.0443099
-0.0382798
-0.0290398
-0.0431169
-0.0477612
-0.0434949
-0.0470432
-0.0453377
-0.0451564
-0.043141
-0.0308233
-0.0402162
-0.0351068
-0.0376618
-0.0373311
-0.0340691
-0.0307765
-0.0300142
-0.0419635
-0.0357194
-0.0372219
-0.0363684
-0.0297354
-0.037679
-0.0280709
-0.0376233
-0.0282496
-0.0124005
-0.01267
-0.0373484
-0.0281448
-0.0274097
-0.0143316
-0.0352035
-0.0291213
-0.0265851
-0.0129478
-0.0359082
-0.0327657
-0.0213284
-0.0390914
-0.0322833
-0.0391978
-0.0342624
-0.0187937
-0.0351024
-0.0271754
-0.0420131
-0.0362672
-0.0297049
-0.0348415
-0.0413016
-0.0398588
-0.0454376
-0.0444311
-0.0429416
-0.045277
-0.0404596
-0.042886
-0.0326595
-0.0392669
-0.0308233
-0.0258943
-0.0384263
-0.0223746
-0.0343341
-0.0361236
-0.0382551
-0.0343874
-0.0294913
-0.0293075
-0.0390912
-0.0352291
-0.0339402
-0.0287062
-0.0351651
-0.0359654
-0.0287962
-0.0371532
-0.0334719
-0.0363362
-0.0323707
-0.0391066
-0.0358635
-0.03938
-0.0361033
-0.0321841
-0.0343164
-0.0390384
-0.0336238
-0.0274094
-0.0282691
-0.0391612
-0.0337701
-0.0357384
-0.039168
-0.0295117
-0.0354676
-0.0365815
-0.0387036
-0.0309062
-0.035233
-0.0204416
-0.0409228
-0.0315631
-0.0357078
-0.0391847
-0.0235843
-0.0371431
-0.0321329
-0.0407908
-0.0397627
-0.0380203
-0.0417147
-0.0306808
-0.0415689
-0.0473755
-0.0441069
-0.0453835
-0.0422422
-0.0427335
-0.046762
-0.0354226
-0.0365201
-0.0319458
-0.0258545
-0.0372589
-0.0338796
-0.0261762
-0.0340621
-0.0397073
-0.036668
-0.0281508
-0.0403108
-0.0330109
-0.0286503
-0.0332232
-0.024624
-0.0275427
-0.0361461
-0.0363261
-0.0247071
-0.0332675
-0.0328323
-0.0294521
-0.0388556
-0.0356596
-0.039083
-0.0327313
-0.0297125
-0.0325475
-0.0360946
-0.029696
-0.0243202
-0.0348722
-0.0330289
-0.0243629
-0.032868
-0.0393822
-0.0295633
-0.0355687
-0.0325566
-0.0388925
-0.0301368
-0.0291585
-0.039248
-0.0313285
-0.0364375
-0.0300468
-0.0306599
-0.0354114
-0.0224598
-0.030577
-0.0292786
-0.0154972
-0.0222744
-0.0312093
-0.015651
-0.0228216
-0.014208
-0.0326889
-0.0295883
-0.0231908
-0.0324603
-0.0159602
-0.0300258
-0.0419711
-0.0357323
-0.0372333
-0.0376883
-0.03638
-0.0297485
-0.0280792
-0.0376211
-0.0124032
-0.0282566
-0.037355
-0.0281469
-0.0126785
-0.0274236
-0.0143479
-0.0352154
-0.0291328
-0.0359182
-0.0266003
-0.0129618
-0.0308412
-0.0402288
-0.0351225
-0.0376778
-0.0340841
-0.0307942
-0.0373463
-0.0339479
-0.0287085
-0.0359665
-0.0351687
-0.0371566
-0.0334717
-0.0288038
-0.036338
-0.0323713
-0.0391078
-0.0358686
-0.0321886
-0.0361032
-0.0393825
-0.0343266
-0.0390452
-0.0336336
-0.0274237
-0.0391683
-0.0282818
-0.0337807
-0.0357435
-0.0391698
-0.0354753
-0.0295199
-0.0309134
-0.0387099
-0.0365859
-0.0327584
-0.0213348
-0.0322883
-0.0390902
-0.0188008
-0.039201
-0.0342577
-0.0351101
-0.0271784
-0.0420127
-0.0362808
-0.0413027
-0.0348389
-0.0297156
-0.0326784
-0.0392749
-0.0308368
-0.0259099
-0.0223887
-0.0384368
-0.0343501
-0.0398578
-0.0454321
-0.0444317
-0.0429395
-0.0452735
-0.0428836
-0.0404579
-0.0361319
-0.0382605
-0.0295008
-0.0343853
-0.0352383
-0.0390932
-0.0293161
-0.0332263
-0.0246299
-0.0361468
-0.0275484
-0.0332691
-0.0363395
-0.0247092
-0.0328422
-0.029457
-0.0388533
-0.0356663
-0.0327326
-0.039103
-0.0297189
-0.0325524
-0.0361069
-0.0297032
-0.0243302
-0.0348862
-0.0330433
-0.0243646
-0.0328782
-0.0393933
-0.0355801
-0.0295777
-0.0389187
-0.0325659
-0.0301485
-0.0352272
-0.0204134
-0.0315441
-0.0409198
-0.039183
-0.0235588
-0.0357015
-0.0371445
-0.0321266
-0.0407981
-0.039782
-0.0417392
-0.0380223
-0.0306809
-0.035419
-0.036515
-0.0319301
-0.0258463
-0.0372583
-0.0338775
-0.0261615
-0.0415807
-0.0474197
-0.044119
-0.0453986
-0.0427538
-0.0467939
-0.0422504
-0.0340562
-0.0397202
-0.0281564
-0.0366778
-0.0330206
-0.0403162
-0.0286489
-0.0296185
-0.0413546
-0.0318561
-0.0377221
-0.03001
-0.0324853
-0.0389681
-0.0492372
-0.0495566
-0.0497892
-0.0511082
-0.0490223
-0.0495661
-0.0503846
-0.0499342
-0.0484213
-0.0495248
-0.0464603
-0.049845
-0.049118
-0.0482473
-0.0497503
-0.0493908
-0.049619
-0.0499706
-0.0495777
-0.0497396
-0.0502087
-0.0494575
-0.0508557
-0.0490078
-0.0494041
-0.0488276
-0.0491728
-0.05014
-0.0415485
-0.0471003
-0.0468356
-0.0474386
-0.0453163
-0.0449951
-0.0436934
-0.0389678
-0.0249078
-0.0428904
-0.0399825
-0.0302572
-0.0373683
-0.0434873
-0.0415931
-0.0444463
-0.0477626
-0.0437478
-0.042715
-0.0424841
-0.0448315
-0.0458813
-0.0470106
-0.0492446
-0.0485641
-0.0486794
-0.0441473
-0.0484709
-0.0491902
-0.0497236
-0.0483146
-0.0495538
-0.0487506
-0.0497516
-0.0483535
-0.0488784
-0.0490204
-0.0498469
-0.0475042
-0.0499067
-0.0483585
-0.048508
-0.0498204
-0.050168
-0.0501939
-0.0496802
-0.0501208
-0.0498596
-0.0499314
-0.0493547
-0.0497354
-0.0494659
-0.0484009
-0.0496965
-0.0478958
-0.0493947
-0.0429188
-0.0472889
-0.0471142
-0.0458971
-0.0446088
-0.0452656
-0.042581
-0.0390594
-0.0299672
-0.043457
-0.0408551
-0.0382835
-0.0443172
-0.0290286
-0.043119
-0.047803
-0.0435195
-0.0470612
-0.0431525
-0.0453693
-0.0451683
-0.0386175
-0.0483418
-0.0491636
-0.0469561
-0.0478461
-0.0446377
-0.0469097
-0.0487307
-0.0496031
-0.0497908
-0.0505954
-0.0506797
-0.0496236
-0.0459158
-0.0496241
-0.0497834
-0.0494681
-0.0496936
-0.0496598
-0.0494435
-0.0489875
-0.0499523
-0.0504845
-0.0493778
-0.0509314
-0.050506
-0.0498646
-0.0506959
-0.0483802
-0.0498772
-0.0496966
-0.0500934
-0.0494063
-0.0496991
-0.0500703
-0.0503782
-0.0499981
-0.0499489
-0.0498581
-0.0498989
-0.0494177
-0.0498104
-0.0501938
-0.0499683
-0.0502271
-0.0499601
-0.0497382
-0.0495819
-0.0509177
-0.0507376
-0.0508829
-0.0502096
-0.0495486
-0.0502852
-0.0499087
-0.0501539
-0.0493249
-0.0492823
-0.0500381
-0.0498115
-0.049718
-0.0496191
-0.0492182
-0.0499467
-0.0493887
-0.0498179
-0.0493828
-0.0491956
-0.0498466
-0.0498603
-0.0499358
-0.0497094
-0.0494657
-0.0497921
-0.0493938
-0.0494945
-0.0484273
-0.0501574
-0.0496613
-0.0494695
-0.049514
-0.0492881
-0.0497286
-0.0493548
-0.0499494
-0.0499045
-0.0500405
-0.0503562
-0.0500077
-0.0500086
-0.0501288
-0.0496346
-0.0497494
-0.050384
-0.0502084
-0.0496088
-0.0510076
-0.0494661
-0.0503608
-0.0496415
-0.0499746
-0.0494276
-0.0496792
-0.050401
-0.0500216
-0.0501456
-0.0512274
-0.0504768
-0.0486197
-0.0509146
-0.0491347
-0.0494418
-0.0494335
-0.0492545
-0.0507891
-0.0507764
-0.0493441
-0.0493122
-0.0513022
-0.0500454
-0.0499304
-0.0496906
-0.0501546
-0.0495766
-0.049995
-0.0499305
-0.0499861
-0.0500282
-0.0495944
-0.0498843
-0.0497988
-0.0500304
-0.0501307
-0.0492644
-0.0509186
-0.0495961
-0.0512144
-0.049161
-0.0495465
-0.0510172
-0.0496111
-0.0490514
-0.0491885
-0.0508044
-0.0490179
-0.0504007
-0.0509317
-0.0506752
-0.0499497
-0.0488715
-0.0501115
-0.0498893
-0.049919
-0.0500979
-0.0491361
-0.0494958
-0.0503097
-0.0495173
-0.0501067
-0.0504641
-0.0494895
-0.0495566
-0.0499256
-0.0498196
-0.0498712
-0.0500361
-0.0496985
-0.0496564
-0.0499684
-0.050407
-0.0497795
-0.0501507
-0.0502483
-0.0497045
-0.0501199
-0.0494944
-0.049137
-0.0500442
-0.0494991
-0.0504345
-0.0497627
-0.0485297
-0.049761
-0.0497599
-0.0498321
-0.0498172
-0.0500167
-0.0497618
-0.0497896
-0.049449
-0.049723
-0.0503055
-0.0486917
-0.0498767
-0.0494256
-0.0498771
-0.0494636
-0.0496622
-0.0496133
-0.0498434
-0.0496748
-0.0494917
-0.0496686
-0.0497988
-0.0499063
-0.0498608
-0.0497122
-0.0498175
-0.0499158
-0.0499152
-0.0499129
-0.0498554
-0.0498766
-0.0495711
-0.049884
-0.0498747
-0.0495503
-0.0495927
-0.0495647
-0.049511
-0.049605
-0.0496249
-0.0497988
-0.0499373
-0.0496661
-0.0497567
-0.0494785
-0.0499235
-0.049769
-0.0497751
-0.0494374
-0.0498212
-0.0499829
-0.0498077
-0.0496427
-0.0498625
-0.0497517
-0.0497483
-0.0497584
-0.0498884
-0.0498188
-0.0499499
-0.0498057
-0.0498395
-0.0498497
-0.0501211
-0.0495558
-0.0498831
-0.0496364
-0.0499112
-0.0495992
-0.0503088
-0.0499126
-0.0497452
-0.0495522
-0.049435
-0.0497991
-0.0497388
-0.0494647
-0.0495247
-0.0499848
-0.0499483
-0.0497069
-0.0498646
-0.0494307
-0.0498386
-0.0495342
-0.0499105
-0.0498327
-0.0498939
-0.049428
-0.0496037
-0.0506063
-0.0496702
-0.0497076
-0.0498446
-0.0498151
-0.0497275
-0.0497177
-0.0498332
-0.0495907
-0.0497737
-0.0496235
-0.0503898
-0.049797
-0.0497115
-0.0499465
-0.0498385
-0.0497105
-0.050036
-0.049593
-0.0497879
-0.0498196
-0.0495875
-0.0497011
-0.0498094
-0.0493808
-0.0503444
-0.049772
-0.0498932
-0.0493173
-0.0499252
-0.0498737
-0.0497948
-0.0497936
-0.0497785
-0.0499255
-0.0496708
-0.0496856
-0.0500135
-0.0497933
-0.0499667
-0.0498792
-0.049911
-0.0497168
-0.049846
-0.0499988
-0.0497572
-0.0478759
-0.0499828
-0.0500136
-0.0496191
-0.0493053
-0.0498192
-0.0493592
-0.0501167
-0.0499358
-0.0495427
-0.0503577
-0.0509995
-0.0497107
-0.0494972
-0.0508589
-0.0492399
-0.0504018
-0.0517638
-0.0500752
-0.0497239
-0.0495204
-0.0497958
-0.0499268
-0.0497535
-0.0499055
-0.051696
-0.0495613
-0.0503132
-0.0494052
-0.0498459
-0.0502188
-0.048995
-0.0493846
-0.0496453
-0.0501752
-0.0502418
-0.0495565
-0.0510959
-0.0491611
-0.0500836
-0.0510118
-0.0505335
-0.0484857
-0.0510943
-0.0491989
-0.0490972
-0.0503383
-0.0496669
-0.0499487
-0.0494345
-0.049695
-0.0502938
-0.050042
-0.0497421
-0.0496515
-0.0501217
-0.0497918
-0.0497916
-0.0499174
-0.0497484
-0.0497019
-0.0497839
-0.0496509
-0.0499725
-0.0495394
-0.0497494
-0.0498859
-0.0498081
-0.049688
-0.0495768
-0.0496166
-0.0496873
-0.0496293
-0.0496084
-0.0502271
-0.0487023
-0.0501608
-0.0494196
-0.049545
-0.0498759
-0.0479993
-0.0499942
-0.0496742
-0.0496201
-0.0501105
-0.0502367
-0.0497589
-0.0499805
-0.0497554
-0.0498441
-0.0501937
-0.0497736
-0.0499176
-0.0498846
-0.0500431
-0.049329
-0.0519857
-0.0493898
-0.0502427
-0.048467
-0.0496613
-0.0507478
-0.0494025
-0.0495069
-0.0502214
-0.0500801
-0.0499456
-0.0493597
-0.0495334
-0.0517875
-0.0502098
-0.0498551
-0.0499989
-0.0500989
-0.0499228
-0.049693
-0.0499815
-0.0499846
-0.0501222
-0.0507887
-0.0499802
-0.0484684
-0.0499206
-0.049951
-0.0497818
-0.0498212
-0.0500148
-0.0498664
-0.0497085
-0.0499074
-0.0497629
-0.0501079
-0.0514314
-0.0500068
-0.0479795
-0.0498093
-0.0498005
-0.0502055
-0.0542314
-0.0497375
-0.0496392
-0.0498895
-0.049898
-0.0503059
-0.0502016
-0.0534609
-0.0495909
-0.0509525
-0.0505737
-0.0487067
-0.0499366
-0.0502995
-0.0499357
-0.0496517
-0.0499244
-0.049997
-0.04965
-0.0499162
-0.0502581
-0.0487282
-0.0498098
-0.0495473
-0.0510947
-0.0489277
-0.0496686
-0.0494642
-0.0490291
-0.0551917
-0.0498187
-0.0501567
-0.049646
-0.0503688
-0.0498333
-0.0497328
-0.0498265
-0.0495977
-0.0497907
-0.0498493
-0.0498749
-0.0497112
-0.0497389
-0.0504314
-0.0498406
-0.0497228
-0.0497607
-0.0498665
-0.0497192
-0.0493764
-0.0498467
-0.0497764
-0.0499524
-0.0498473
-0.049495
-0.0496565
-0.0498535
-0.0497599
-0.0499817
-0.049692
-0.0497296
-0.0491346
-0.0496175
-0.0498078
-0.0497928
-0.0497519
-0.0498798
-0.0497934
-0.0501869
-0.0486682
-0.0501527
-0.0498549
-0.050128
-0.0501613
-0.0498515
-0.0502097
-0.0496434
-0.0509676
-0.0470176
-0.050225
-0.0489623
-0.0500486
-0.0495026
-0.0495423
-0.0500299
-0.0496572
-0.0513788
-0.049668
-0.0494523
-0.0504839
-0.0493708
-0.0499284
-0.0512897
-0.0495313
-0.0493286
-0.0503597
-0.0494117
-0.0497418
-0.0496965
-0.0496567
-0.0497278
-0.0497468
-0.0495608
-0.0495657
-0.0497109
-0.0497578
-0.0498001
-0.0499448
-0.0498704
-0.0499242
-0.0497035
-0.0496553
-0.0495544
-0.0497554
-0.0496792
-0.0497023
-0.0497129
-0.049386
-0.0517099
-0.0504444
-0.0496791
-0.0493432
-0.0495405
-0.048621
-0.0502851
-0.049364
-0.0498473
-0.0495044
-0.0491565
-0.0497008
-0.0494685
-0.0497834
-0.0507377
-0.0501469
-0.0488823
-0.048888
-0.0503405
-0.0505224
-0.0489162
-0.0492905
-0.0498919
-0.049128
-0.0495655
-0.0494006
-0.0497733
-0.0496574
-0.0511724
-0.0451424
-0.0509427
-0.0489742
-0.0515623
-0.0507035
-0.0481847
-0.0512085
-0.0464544
-0.0489807
-0.0500952
-0.0504075
-0.0481926
-0.0520351
-0.0484834
-0.0495464
-0.0504644
-0.0505758
-0.0496413
-0.0508199
-0.0494974
-0.0504169
-0.0500946
-0.0499557
-0.0502368
-0.0499314
-0.0507914
-0.0496711
-0.0492287
-0.0493337
-0.0498122
-0.0499137
-0.0496941
-0.0491949
-0.0495078
-0.0508502
-0.0508048
-0.0500748
-0.0494989
-0.0498072
-0.0502291
-0.0501712
-0.0499284
-0.0493905
-0.049375
-0.0497506
-0.0491748
-0.0499114
-0.0498119
-0.0500438
-0.0496412
-0.0494374
-0.0494295
-0.0492787
-0.0493063
-0.0497379
-0.0499745
-0.049642
-0.0494369
-0.04983
-0.049482
-0.0493167
-0.0484907
-0.0503088
-0.0498502
-0.0498624
-0.0497748
-0.0499191
-0.0493474
-0.049747
-0.0484685
-0.0501979
-0.0501153
-0.0495358
-0.0497158
-0.0518295
-0.0503279
-0.0496777
-0.05024
-0.050272
-0.0497224
-0.0502954
-0.0497321
-0.0501015
-0.0503933
-0.0475484
-0.0493773
-0.0499879
-0.0476358
-0.0498707
-0.0494352
-0.0501419
-0.050059
-0.050004
-0.0501012
-0.0499054
-0.0499843
-0.0500857
-0.0500877
-0.0498744
-0.0497727
-0.0501348
-0.0498699
-0.0498631
-0.0500033
-0.0500677
-0.0500488
-0.0498463
-0.0499321
-0.0499651
-0.0498364
-0.0496664
-0.0497523
-0.0495534
-0.0499558
-0.0495956
-0.0501956
-0.0499772
-0.0502089
-0.0499587
-0.0497657
-0.0499528
-0.0515533
-0.0496086
-0.0498788
-0.0495939
-0.0500532
-0.0502492
-0.0496864
-0.049747
-0.0497133
-0.050197
-0.0493309
-0.0493561
-0.0489278
-0.0499621
-0.0493783
-0.0483481
-0.0493615
-0.0500712
-0.0498801
-0.049868
-0.0498215
-0.0494407
-0.0498006
-0.0504802
-0.0498558
-0.0498047
-0.0498867
-0.0498062
-0.0499833
-0.0497813
-0.0501836
-0.0497851
-0.0502452
-0.0496924
-0.0496671
-0.0493229
-0.0506495
-0.049708
-0.0499463
-0.0497468
-0.0496102
-0.0497712
-0.0498851
-0.04983
-0.0497934
-0.049788
-0.0497989
-0.0498483
-0.0498819
-0.0498447
-0.0498275
-0.0497603
-0.0496843
-0.0498942
-0.0497328
-0.0498169
-0.0494428
-0.0501899
-0.0498094
-0.0500889
-0.0498831
-0.0498313
-0.0504468
-0.0498981
-0.0495676
-0.0498834
-0.0499831
-0.0498006
-0.0494411
-0.0499031
-0.0497799
-0.0498245
-0.0495037
-0.0497392
-0.0497348
-0.0499298
-0.0498338
-0.0494909
-0.0496517
-0.049576
-0.0498759
-0.0498967
-0.0498247
-0.0498046
-0.0498511
-0.0498096
-0.0497811
-0.0496684
-0.0497454
-0.049732
-0.0490787
-0.0500504
-0.0499561
-0.0494737
-0.0500473
-0.0495965
-0.0495441
-0.0494029
-0.050197
-0.0500525
-0.0495298
-0.0499755
-0.0499413
-0.0517893
-0.0495875
-0.0494776
-0.0496839
-0.0495631
-0.0502238
-0.0497101
-0.0497386
-0.0499137
-0.0496193
-0.0495093
-0.0499875
-0.0496513
-0.0497832
-0.0496514
-0.0499336
-0.0498431
-0.0496055
-0.0497136
-0.0497812
-0.049688
-0.0498141
-0.0507935
-0.0498995
-0.0494831
-0.0498375
-0.0495347
-0.0496797
-0.0503152
-0.049883
-0.0488281
-0.049501
-0.0498744
-0.0501785
-0.0500066
-0.0496368
-0.0508941
-0.0493117
-0.0506321
-0.0518141
-0.0492643
-0.0496191
-0.0498486
-0.0495872
-0.0496357
-0.0501884
-0.0495657
-0.0495161
-0.0455721
-0.0499785
-0.0489088
-0.0510757
-0.0497044
-0.0504683
-0.0481694
-0.0494191
-0.0493807
-0.0498679
-0.0501423
-0.0494102
-0.0499342
-0.0499935
-0.0496273
-0.0495531
-0.0497698
-0.0496848
-0.0497246
-0.0496354
-0.0497406
-0.049775
-0.0493078
-0.0498176
-0.0495196
-0.0496772
-0.0497907
-0.0508905
-0.049825
-0.0498664
-0.0494703
-0.0510667
-0.0498072
-0.0490877
-0.049136
-0.0495074
-0.049479
-0.0499526
-0.0499751
-0.0493661
-0.0505245
-0.0497125
-0.0484057
-0.0502437
-0.0500109
-0.0494778
-0.049261
-0.0502924
-0.0500129
-0.0500141
-0.0506571
-0.0493225
-0.0509281
-0.0498607
-0.0507649
-0.0505599
-0.0506048
-0.0495312
-0.0495172
-0.0498038
-0.0491504
-0.0497092
-0.0491463
-0.045948
-0.0492185
-0.0477134
-0.0481428
-0.048678
-0.0482828
-0.0463592
-0.0442325
-0.0470277
-0.046856
-0.0473937
-0.0457272
-0.0452553
-0.0456737
-0.0400681
-0.0434831
-0.0398837
-0.0318445
-0.0433496
-0.0297751
-0.0399444
-0.0405134
-0.0439718
-0.0399129
-0.0317881
-0.0298838
-0.0440063
-0.0402812
-0.0410112
-0.0327361
-0.0448502
-0.0403808
-0.043664
-0.0406084
-0.0329391
-0.041235
-0.0332198
-0.0446654
-0.0400607
-0.0402228
-0.0325473
-0.0439346
-0.0386813
-0.0491802
-0.0471254
-0.0483002
-0.0470366
-0.0478754
-0.0446198
-0.049087
-0.0495003
-0.049569
-0.0482238
-0.0496278
-0.0482875
-0.0486175
-0.0496912
-0.0499479
-0.0495982
-0.0500962
-0.0499632
-0.0498317
-0.0497398
-0.0487895
-0.0487819
-0.0496501
-0.0472861
-0.0497655
-0.0482079
-0.0483096
-0.0492561
-0.0496953
-0.0494014
-0.0483367
-0.0493074
-0.0496146
-0.0478218
-0.0428963
-0.0459749
-0.0472788
-0.0470642
-0.0453321
-0.0425523
-0.0445045
-0.0390412
-0.0299098
-0.040877
-0.0435149
-0.0289269
-0.0443701
-0.0382493
-0.0430971
-0.0477813
-0.0471406
-0.0434327
-0.0452437
-0.0452441
-0.043122
-0.0491734
-0.0510303
-0.0497465
-0.0494124
-0.0495026
-0.0504051
-0.0489341
-0.0497627
-0.0493743
-0.0499832
-0.0497043
-0.0495869
-0.0502459
-0.0497464
-0.0499287
-0.0484118
-0.049497
-0.0465976
-0.0497733
-0.0483434
-0.0492046
-0.0494437
-0.0508596
-0.0489845
-0.0494222
-0.0491458
-0.0488407
-0.0501413
-0.0458704
-0.0490759
-0.0485004
-0.0467285
-0.0483317
-0.0487046
-0.0443271
-0.042015
-0.0473875
-0.046592
-0.0456565
-0.0450303
-0.043905
-0.0458359
-0.0388428
-0.0249768
-0.0399116
-0.0428538
-0.0433387
-0.0303087
-0.0375133
-0.0414649
-0.0441547
-0.0437419
-0.0473441
-0.0445868
-0.0428414
-0.0424896
-0.0440431
-0.0467549
-0.0470888
-0.046491
-0.0450268
-0.0454871
-0.0454502
-0.0404143
-0.0437776
-0.0398267
-0.0317769
-0.0401453
-0.0438209
-0.0299243
-0.0399669
-0.0432107
-0.0398031
-0.0318079
-0.0398119
-0.0431686
-0.0298553
-0.0411328
-0.0333003
-0.0444714
-0.0399828
-0.0402072
-0.0437562
-0.0325814
-0.040907
-0.0328655
-0.0446759
-0.0403012
-0.0405983
-0.0435094
-0.0329645
-0.0326267
-0.0253487
-0.00931166
-0.025098
-0.0214612
-0.0326462
-0.02335
-0.0360174
-0.0411741
-0.0391076
-0.0328531
-0.0309385
-0.0412366
-0.0376299
-0.0399429
-0.0423374
-0.033777
-0.0361566
-0.0421921
-0.0400368
-0.0314292
-0.035552
-0.0316484
-0.03831
-0.0403083
-0.0303659
-0.04084
-0.0363257
-0.0384654
-0.0324734
-0.0408855
-0.0356338
-0.0410704
-0.0377458
-0.0321959
-0.0126737
-0.0261154
-0.0327678
-0.0262004
-0.012573
-0.0261094
-0.0261264
-0.0128978
-0.0254432
-0.0201122
-0.0324242
-0.0116802
-0.0251762
-0.0260578
-0.0112668
-0.023922
-0.0313781
-0.0253277
-0.0253232
-0.0238974
-0.0113132
-0.0107256
-0.0247268
-0.0316117
-0.0229016
-0.0252588
-0.0079213
-0.0237822
-0.037237
-0.0321722
-0.0409008
-0.0398132
-0.0417325
-0.0380149
-0.0307356
-0.0352824
-0.0203773
-0.0408553
-0.0315755
-0.0236403
-0.0356462
-0.0391922
-0.0416196
-0.0473578
-0.0454594
-0.0439727
-0.0467811
-0.042202
-0.0427497
-0.0342063
-0.039894
-0.036891
-0.028366
-0.0405475
-0.0288121
-0.0332266
-0.0355877
-0.0366111
-0.0320402
-0.0259827
-0.0262621
-0.0373357
-0.0340069
-0.0331689
-0.0297728
-0.0360761
-0.0391131
-0.0300516
-0.0395059
-0.033012
-0.0334844
-0.0248171
-0.0362424
-0.0277218
-0.0365534
-0.0334517
-0.024915
-0.0331579
-0.0395666
-0.0357835
-0.0298126
-0.0304103
-0.0391765
-0.0328369
-0.0327142
-0.0361598
-0.0244468
-0.0298619
-0.0331223
-0.0350515
-0.0245445
-0.0349919
-0.027135
-0.0419759
-0.0360284
-0.0347831
-0.0410661
-0.0295954
-0.0326581
-0.0212417
-0.0389303
-0.032158
-0.0341332
-0.0391017
-0.0186974
-0.0398401
-0.0452698
-0.0429333
-0.0443064
-0.0404651
-0.0427057
-0.045277
-0.0358578
-0.038034
-0.0341239
-0.0291514
-0.0387814
-0.0350131
-0.0290217
-0.0324421
-0.0388529
-0.0304769
-0.0256005
-0.0381
-0.0340593
-0.0221499
-0.0359043
-0.0318844
-0.0354291
-0.0386501
-0.038977
-0.0317211
-0.0356106
-0.0335758
-0.0282044
-0.0357127
-0.0348192
-0.0369132
-0.0330802
-0.0283275
-0.0352793
-0.0388378
-0.0350272
-0.0290662
-0.0382673
-0.0362232
-0.0304295
-0.033985
-0.0386166
-0.0270237
-0.0332118
-0.0334428
-0.0387655
-0.0278595
-0.0109269
-0.023578
-0.0309764
-0.0249077
-0.0235614
-0.0249211
-0.0109658
-0.0104415
-0.0244155
-0.0226103
-0.0313142
-0.0234995
-0.00767341
-0.0249117
-0.0122516
-0.0256607
-0.0323358
-0.0257568
-0.0256705
-0.0257115
-0.0121372
-0.0125097
-0.0250958
-0.0320111
-0.0197207
-0.0247541
-0.0256801
-0.0113654
-0.0326225
-0.0253542
-0.0251002
-0.0093145
-0.0326478
-0.0214646
-0.0233481
-0.0360154
-0.04117
-0.0391352
-0.0328579
-0.0412336
-0.0309441
-0.0376359
-0.0399414
-0.0423255
-0.0361421
-0.0337729
-0.0314293
-0.0421792
-0.0400337
-0.0355523
-0.0316537
-0.0403094
-0.0383191
-0.0408388
-0.0363277
-0.0303718
-0.0384594
-0.0324732
-0.0408809
-0.0356305
-0.0377435
-0.0321904
-0.0410636
-0.0112676
-0.0239218
-0.0253276
-0.0313789
-0.0113154
-0.0253245
-0.0238979
-0.0107314
-0.0247302
-0.031614
-0.0229089
-0.0252628
-0.00792639
-0.0237863
-0.0331673
-0.0297721
-0.0391126
-0.0360728
-0.039501
-0.0330109
-0.0300514
-0.0334796
-0.0248156
-0.036241
-0.0277183
-0.0249127
-0.0334505
-0.0365472
-0.0331574
-0.0395591
-0.0357817
-0.0298122
-0.0391728
-0.0304116
-0.0328326
-0.0327099
-0.0361549
-0.0298607
-0.0244444
-0.0245431
-0.0350463
-0.0331162
-0.0372198
-0.0321561
-0.0397941
-0.0408706
-0.0307233
-0.0417057
-0.0379966
-0.0352743
-0.0203874
-0.0408815
-0.0315799
-0.0391967
-0.0356525
-0.0236404
-0.0341921
-0.0398824
-0.0368817
-0.0283603
-0.0288026
-0.0405324
-0.0332189
-0.0415916
-0.0473289
-0.0454262
-0.0439764
-0.0467533
-0.042733
-0.0421853
-0.0355802
-0.0366005
-0.0259789
-0.0320393
-0.0339975
-0.0373305
-0.0262581
-0.0358916
-0.031879
-0.0386297
-0.0354403
-0.0355793
-0.0390026
-0.0317154
-0.0335764
-0.0281958
-0.0356809
-0.0347812
-0.0330663
-0.0369185
-0.0283137
-0.035312
-0.0388394
-0.0350473
-0.0290857
-0.0383244
-0.0362302
-0.0304437
-0.0339945
-0.0386223
-0.0332252
-0.0270271
-0.0387797
-0.0334504
-0.0278732
-0.0350004
-0.0271297
-0.0360363
-0.0419895
-0.0410806
-0.0295957
-0.0347857
-0.0326549
-0.0212246
-0.0389298
-0.032139
-0.0390948
-0.0341258
-0.0186832
-0.0358729
-0.0380373
-0.0341213
-0.0291548
-0.0387913
-0.0350219
-0.0290191
-0.0398535
-0.0452794
-0.0429381
-0.0443105
-0.042718
-0.0452906
-0.0404687
-0.0324319
-0.0388653
-0.0255899
-0.0304684
-0.0340627
-0.0380993
-0.0221308
-0.0109399
-0.0235866
-0.030982
-0.0249145
-0.0249248
-0.0235677
-0.010981
-0.0104565
-0.0244306
-0.0313233
-0.022636
-0.0249213
-0.0235133
-0.0076787
-0.0323764
-0.0248545
-0.0250946
-0.00916952
-0.0324076
-0.0231758
-0.0212755
-0.0398221
-0.0421842
-0.035961
-0.0336923
-0.0397851
-0.0419985
-0.0313248
-0.0358068
-0.0409327
-0.0391133
-0.032757
-0.0375545
-0.0410254
-0.0308591
-0.0381937
-0.032262
-0.0407579
-0.0353969
-0.0376162
-0.0407786
-0.0319424
-0.0352973
-0.0313791
-0.0401112
-0.03798
-0.0360967
-0.0405396
-0.0300886
-0.0122683
-0.0256712
-0.0257658
-0.0323416
-0.0257195
-0.0121558
-0.0256759
-0.012538
-0.0251093
-0.0320249
-0.0197429
-0.0256971
-0.0247719
-0.0113801
-0.040067
-0.0434741
-0.0398845
-0.0318364
-0.0297906
-0.0433486
-0.0399367
-0.044238
-0.0470324
-0.0468654
-0.0474029
-0.0456797
-0.0457333
-0.0452642
-0.040512
-0.043958
-0.0317806
-0.0399057
-0.0440044
-0.0402747
-0.0298845
-0.0410139
-0.0327379
-0.0403789
-0.0448581
-0.0329397
-0.043667
-0.040614
-0.0412409
-0.0332227
-0.0446771
-0.0400591
-0.0439424
-0.0402304
-0.0325496
-0.0459535
-0.0492164
-0.0477199
-0.0481492
-0.0482864
-0.0463661
-0.0486802
-0.0430564
-0.0468941
-0.0457919
-0.0466148
-0.0452209
-0.0456917
-0.0424263
-0.0390454
-0.0299015
-0.0434648
-0.0408487
-0.0443043
-0.0382274
-0.0289175
-0.0431302
-0.0475734
-0.0470877
-0.0434181
-0.0451366
-0.0431064
-0.0454034
-0.038664
-0.0470933
-0.049132
-0.0481753
-0.0470327
-0.044597
-0.0478142
-0.0490883
-0.0493304
-0.0494218
-0.0483287
-0.0496322
-0.0487053
-0.0482489
-0.0497332
-0.049975
-0.0501412
-0.0496244
-0.0499991
-0.0497708
-0.049853
-0.0488673
-0.0488388
-0.0497166
-0.0473396
-0.0498046
-0.0483339
-0.0483904
-0.0492834
-0.0496455
-0.0494371
-0.0483399
-0.0496236
-0.0478089
-0.0493218
-0.0419902
-0.0465675
-0.0473631
-0.0456359
-0.0450089
-0.0458115
-0.0438807
-0.0388253
-0.0249686
-0.0428513
-0.0399051
-0.0375069
-0.0433259
-0.0302952
-0.0414483
-0.0441378
-0.0437327
-0.0473301
-0.0424813
-0.0445738
-0.0428256
-0.0491587
-0.049728
-0.0510109
-0.0493904
-0.049487
-0.0489125
-0.0503841
-0.0497612
-0.0493765
-0.0497062
-0.0499909
-0.0495776
-0.0502464
-0.0497519
-0.0499175
-0.0484001
-0.0494804
-0.0465737
-0.0497618
-0.0491877
-0.0483212
-0.0494425
-0.0508395
-0.0490057
-0.0494143
-0.0491489
-0.0501249
-0.0488485
-0.0458583
-0.0484696
-0.0490711
-0.0467166
-0.0483077
-0.0443022
-0.048693
-0.0456359
-0.0488665
-0.0477697
-0.047289
-0.046038
-0.0483246
-0.0478868
-0.0504261
-0.0500873
-0.049936
-0.0502358
-0.0499274
-0.0496582
-0.0507819
-0.0492058
-0.0493233
-0.049893
-0.049801
-0.0496789
-0.0494915
-0.0491858
-0.0508577
-0.0507806
-0.0500629
-0.0494869
-0.0502129
-0.0501656
-0.0498098
-0.0503083
-0.0498597
-0.0497872
-0.0498556
-0.0497519
-0.0499153
-0.0493408
-0.0500813
-0.0497764
-0.0498749
-0.0501229
-0.0498695
-0.0500022
-0.0498603
-0.0500632
-0.0500556
-0.0499304
-0.0498374
-0.0499667
-0.0496589
-0.0498325
-0.0497476
-0.049551
-0.0499535
-0.0495916
-0.0501969
-0.050208
-0.0499694
-0.0499548
-0.0497552
-0.0499377
-0.0515433
-0.0498725
-0.049601
-0.0495939
-0.0484654
-0.0501111
-0.0501938
-0.0495272
-0.0497268
-0.0503318
-0.0518292
-0.0496995
-0.0502799
-0.0502493
-0.0497354
-0.0503122
-0.0501065
-0.0497592
-0.0504175
-0.0475755
-0.0500107
-0.0494106
-0.0498914
-0.0494678
-0.0476466
-0.0501613
-0.0500658
-0.0500254
-0.0501227
-0.049917
-0.0499999
-0.0501023
-0.0500706
-0.0502537
-0.0497693
-0.0497033
-0.0493413
-0.0497289
-0.0501613
-0.0493675
-0.0489379
-0.0499783
-0.049418
-0.0493896
-0.0500959
-0.048399
-0.0498198
-0.0499022
-0.0498206
-0.0500122
-0.0502052
-0.0497951
-0.049801
-0.0499032
-0.0499009
-0.0498348
-0.0494647
-0.0498158
-0.0498915
-0.050438
-0.0502552
-0.0497268
-0.0493447
-0.0496635
-0.0499814
-0.0497354
-0.0506792
-0.0497546
-0.0496309
-0.0498755
-0.049757
-0.049802
-0.0497773
-0.0498524
-0.0498168
-0.0498755
-0.0498943
-0.0498657
-0.0498409
-0.0497785
-0.0497005
-0.0499066
-0.0497536
-0.0498361
-0.0494728
-0.0498171
-0.0501308
-0.0502167
-0.0499087
-0.0498462
-0.0499222
-0.0504389
-0.0498941
-0.0495882
-0.0499976
-0.0498185
-0.0494588
-0.0497793
-0.0499193
-0.049737
-0.0498389
-0.0495172
-0.0497458
-0.049966
-0.0498546
-0.0495085
-0.0495893
-0.0498926
-0.0496795
-0.0499001
-0.0498271
-0.0498181
-0.049856
-0.0498206
-0.0496699
-0.0497882
-0.049761
-0.0497408
-0.0500677
-0.0490823
-0.0500627
-0.0494708
-0.049973
-0.0495952
-0.0495368
-0.0502099
-0.049401
-0.0495244
-0.0499736
-0.0500497
-0.0499441
-0.0517882
-0.0495895
-0.0494786
-0.0496916
-0.0495522
-0.0502276
-0.0497877
-0.0496614
-0.0499342
-0.0498293
-0.0496101
-0.0497185
-0.0497847
-0.0497191
-0.0497463
-0.0499377
-0.049627
-0.0500019
-0.049655
-0.0495197
-0.0497035
-0.0498337
-0.049915
-0.0508121
-0.0498541
-0.0494933
-0.0495545
-0.0494743
-0.0498369
-0.0494146
-0.050338
-0.0494375
-0.0501199
-0.0500599
-0.0496416
-0.0495727
-0.0496923
-0.0497865
-0.0497354
-0.0496423
-0.0497562
-0.0497864
-0.0493271
-0.0498235
-0.0495482
-0.0496817
-0.0497982
-0.0509148
-0.0498638
-0.0498762
-0.0495049
-0.0511079
-0.0498179
-0.0491468
-0.0491675
-0.0497776
-0.0500287
-0.0502803
-0.048527
-0.0495273
-0.0503317
-0.0498151
-0.0500448
-0.0496599
-0.0493265
-0.0509225
-0.0492905
-0.0506487
-0.0518388
-0.0496982
-0.0499421
-0.049597
-0.0496602
-0.0495842
-0.050222
-0.0496586
-0.0455637
-0.0489496
-0.0500013
-0.0508713
-0.0496915
-0.0481958
-0.0504611
-0.0495212
-0.0495098
-0.0499586
-0.0499947
-0.0494085
-0.0505086
-0.0497333
-0.0484042
-0.0502661
-0.0494775
-0.0500478
-0.0492959
-0.050012
-0.0502931
-0.0499858
-0.0506122
-0.0493566
-0.0509513
-0.0498632
-0.0506068
-0.0507104
-0.0497069
-0.0502452
-0.0497289
-0.0500228
-0.0496797
-0.0499154
-0.0509214
-0.0497589
-0.0497341
-0.0496495
-0.049837
-0.0497515
-0.0495535
-0.0490661
-0.0488801
-0.0497827
-0.049824
-0.0507125
-0.0498163
-0.0507903
-0.0459826
-0.0506178
-0.0495455
-0.0498215
-0.0495444
-0.0497333
-0.04916
-0.0491667
-0.0499665
-0.0497995
-0.0498373
-0.0500276
-0.0497187
-0.0498907
-0.0499297
-0.04999
-0.0499947
-0.0501241
-0.0507709
-0.0499226
-0.0500026
-0.0484541
-0.0497872
-0.0501316
-0.050035
-0.0514227
-0.0498139
-0.0498331
-0.0479924
-0.0502217
-0.054255
-0.0496463
-0.0497396
-0.0503345
-0.0499073
-0.0499128
-0.0502185
-0.0534738
-0.0496087
-0.0509722
-0.0505959
-0.0499502
-0.0487153
-0.0503181
-0.0499626
-0.0496236
-0.0499526
-0.0496417
-0.0498956
-0.0500462
-0.0502347
-0.048712
-0.0495227
-0.0497753
-0.0489429
-0.0496248
-0.0510459
-0.0496042
-0.0498141
-0.0497459
-0.049801
-0.0501719
-0.0498762
-0.0497988
-0.0486163
-0.0500603
-0.0498435
-0.0501518
-0.0501599
-0.050125
-0.0497855
-0.049696
-0.0509687
-0.05023
-0.0470553
-0.0500773
-0.0490406
-0.0495353
-0.0495616
-0.050024
-0.0496628
-0.0513486
-0.0504913
-0.0497
-0.0494412
-0.0493641
-0.0499273
-0.0495382
-0.0512798
-0.0503413
-0.0494025
-0.049342
-0.0497887
-0.049765
-0.0497346
-0.0496853
-0.0495493
-0.0497825
-0.0496126
-0.0497163
-0.0497758
-0.049802
-0.0499596
-0.0498805
-0.0497081
-0.0499418
-0.0493633
-0.049844
-0.050128
-0.0499794
-0.0498402
-0.0496678
-0.0499064
-0.0500017
-0.051053
-0.0498844
-0.0497729
-0.049568
-0.051121
-0.0502066
-0.0497033
-0.0495854
-0.0497062
-0.0497839
-0.0497539
-0.0494312
-0.0497296
-0.0517515
-0.0504744
-0.0497046
-0.049347
-0.0495811
-0.0503067
-0.0486317
-0.0484936
-0.0495196
-0.0504984
-0.0506002
-0.0508363
-0.0495794
-0.0494642
-0.0503831
-0.0503323
-0.0504454
-0.0499947
-0.0500617
-0.0502899
-0.0499154
-0.050394
-0.04978
-0.0499244
-0.0489587
-0.0498561
-0.0493381
-0.0503252
-0.0500491
-0.0501645
-0.0503184
-0.0499851
-0.0500075
-0.0498038
-0.050074
-0.0501621
-0.0487662
-0.0499805
-0.050254
-0.0500419
-0.0488444
-0.0495693
-0.0503913
-0.0498329
-0.049368
-0.0487329
-0.0485134
-0.0498374
-0.0502838
-0.049864
-0.0501869
-0.0499333
-0.0497045
-0.0499159
-0.0500543
-0.0499887
-0.049905
-0.0516325
-0.0498197
-0.0500762
-0.0484896
-0.0500066
-0.0515635
-0.0490515
-0.0496397
-0.0500984
-0.0504186
-0.049285
-0.0505904
-0.0491661
-0.0498429
-0.049804
-0.0500247
-0.0499664
-0.049934
-0.0493048
-0.0494918
-0.0496533
-0.0484286
-0.0499295
-0.0502203
-0.0498108
-0.0489274
-0.0491365
-0.0445322
-0.0453406
-0.0470056
-0.0420254
-0.0462291
-0.045361
-0.0422772
-0.046886
-0.0480724
-0.0483908
-0.0490634
-0.0472051
-0.0476244
-0.046206
-0.0460919
-0.0473239
-0.0450657
-0.0435379
-0.044414
-0.0467862
-0.0468615
-0.0462717
-0.044719
-0.0481037
-0.0459056
-0.0474835
-0.0447752
-0.0470018
-0.044712
-0.0384626
-0.0450986
-0.0416569
-0.0445871
-0.0418724
-0.0452099
-0.0500871
-0.0503563
-0.0494458
-0.0495429
-0.0500335
-0.0505037
-0.0502742
-0.0499414
-0.0499631
-0.0480754
-0.050051
-0.0500473
-0.0497944
-0.0501734
-0.0501297
-0.0495224
-0.0506607
-0.0497057
-0.0502127
-0.0505714
-0.0499694
-0.0498756
-0.0503876
-0.0509059
-0.0477316
-0.0503125
-0.0500515
-0.0505454
-0.0500519
-0.0470219
-0.0502417
-0.0508918
-0.0500739
-0.0498064
-0.0514026
-0.048035
-0.0484369
-0.0499176
-0.0490763
-0.0497419
-0.0485014
-0.0463202
-0.0436687
-0.0448848
-0.0403477
-0.0384923
-0.0431494
-0.0452705
-0.037498
-0.0440966
-0.0431464
-0.0485292
-0.0400045
-0.0479847
-0.0454905
-0.0378124
-0.0428756
-0.0354999
-0.0397434
-0.035146
-0.0418095
-0.0424904
-0.0351217
-0.0399003
-0.0445538
-0.0479331
-0.0428609
-0.0441783
-0.0430128
-0.040781
-0.0438959
-0.047565
-0.0485597
-0.0464202
-0.0460612
-0.0445384
-0.0454885
-0.0296873
-0.0413585
-0.0377886
-0.0319384
-0.0325176
-0.0389766
-0.030095
-0.0292651
-0.0393491
-0.0364988
-0.0314228
-0.0354986
-0.0301252
-0.0307334
-0.0225663
-0.0306369
-0.029433
-0.0155661
-0.0313754
-0.0157173
-0.0223564
-0.0229336
-0.0142651
-0.0327864
-0.0297103
-0.0325664
-0.0232807
-0.0160426
-0.034154
-0.0367463
-0.0282602
-0.0313583
-0.0351473
-0.0359799
-0.0280865
-0.0310563
-0.028837
-0.0142682
-0.0222945
-0.0306017
-0.0291644
-0.0226136
-0.0338026
-0.0305751
-0.0350046
-0.0281391
-0.0333699
-0.0354864
-0.0283589
-0.0295785
-0.0360405
-0.0356841
-0.0308709
-0.0357967
-0.0309936
-0.0295363
-0.0296851
-0.0379272
-0.0386408
-0.032654
-0.0380047
-0.0288815
-0.0315415
-0.026688
-0.0341412
-0.035498
-0.0237308
-0.0345805
-0.0237595
-0.0267509
-0.0322518
-0.0366558
-0.037119
-0.0317548
-0.0361802
-0.031925
-0.0314808
-0.03315
-0.0344399
-0.0370257
-0.0364976
-0.0341908
-0.0370073
-0.0340583
-0.0325923
-0.03824
-0.0373792
-0.0335572
-0.0336999
-0.037217
-0.0323296
-0.0313778
-0.0374351
-0.0361584
-0.031763
-0.0363481
-0.0314201
-0.0314929
-0.0300663
-0.0351301
-0.0358395
-0.0307943
-0.0351382
-0.0299256
-0.0299812
-0.0277075
-0.0246937
-0.0318148
-0.0330713
-0.0248038
-0.0332553
-0.0274745
-0.0277632
-0.0334731
-0.0322214
-0.024182
-0.0242542
-0.0335025
-0.0275176
-0.0302552
-0.0373449
-0.0347548
-0.0273844
-0.0348836
-0.0279111
-0.030134
-0.0291343
-0.0384093
-0.0366265
-0.0311125
-0.0389298
-0.0292724
-0.0303137
-0.02996
-0.036859
-0.0384196
-0.0291483
-0.0370702
-0.029471
-0.0310233
-0.0336824
-0.0339015
-0.0367391
-0.037533
-0.0373171
-0.0338257
-0.0340619
-0.0327735
-0.0373878
-0.036644
-0.0341945
-0.0374125
-0.0335722
-0.0333956
-0.031752
-0.0382957
-0.0369665
-0.0321073
-0.0370621
-0.031874
-0.0317453
-0.030807
-0.0374006
-0.0372779
-0.027901
-0.0370782
-0.0303479
-0.0281715
-0.0347442
-0.0375201
-0.0350814
-0.0345238
-0.0358988
-0.0365318
-0.034611
-0.0297544
-0.0372773
-0.0346523
-0.0283243
-0.0362982
-0.0282099
-0.0293349
-0.0305137
-0.0391447
-0.0390071
-0.0303947
-0.0405613
-0.0304084
-0.0311457
-0.0286563
-0.0298686
-0.0364806
-0.0414214
-0.0304819
-0.0405821
-0.0284409
-0.0298504
-0.0384488
-0.0364343
-0.0330088
-0.0320272
-0.0397543
-0.030629
-0.0301321
-0.0389881
-0.0411042
-0.0308489
-0.0408339
-0.0308854
-0.0301353
-0.0271644
-0.0364468
-0.0380099
-0.028212
-0.0363151
-0.0261953
-0.0305036
-0.0253251
-0.0261246
-0.0366991
-0.0361394
-0.0361754
-0.0259404
-0.0255002
-0.0251967
-0.0369667
-0.0366551
-0.0260234
-0.0365188
-0.0263211
-0.0255896
-0.027428
-0.0380014
-0.036117
-0.0311738
-0.0360409
-0.0309944
-0.0275092
-0.0367044
-0.0391544
-0.0305412
-0.0291852
-0.0381622
-0.0370536
-0.0287658
-0.0377681
-0.0296175
-0.0384988
-0.0261255
-0.0387578
-0.0364213
-0.0286815
-0.0372129
-0.0396194
-0.028037
-0.0333506
-0.0368199
-0.0404625
-0.0294099
-0.0369688
-0.0288544
-0.0127047
-0.0277001
-0.0277202
-0.02886
-0.0370723
-0.0373782
-0.0349498
-0.0413371
-0.029478
-0.0410585
-0.0296456
-0.0374596
-0.0294
-0.037962
-0.0354271
-0.0372034
-0.029252
-0.0354794
-0.0369907
-0.0271137
-0.0367309
-0.0280876
-0.0119552
-0.0271643
-0.0365364
-0.0122028
-0.026576
-0.0138494
-0.0346594
-0.028845
-0.0257201
-0.0352808
-0.0124995
-0.0225651
-0.0306364
-0.0294287
-0.0155653
-0.0157154
-0.0313708
-0.0223555
-0.0292619
-0.0393452
-0.0364978
-0.0314211
-0.0307305
-0.0355019
-0.0301235
-0.0229319
-0.0142627
-0.029708
-0.0327838
-0.0160409
-0.0325652
-0.0232786
-0.0296872
-0.0413577
-0.0377856
-0.0319406
-0.0389769
-0.030094
-0.0325202
-0.0370017
-0.0377855
-0.0275232
-0.0318921
-0.0365304
-0.0374037
-0.0267069
-0.0405312
-0.0336825
-0.0400434
-0.0285468
-0.0392885
-0.0404796
-0.0293338
-0.0300864
-0.0353511
-0.0350761
-0.0309443
-0.0350064
-0.0303184
-0.0299117
-0.0277527
-0.0246751
-0.0329604
-0.0317728
-0.0330871
-0.0275199
-0.0247666
-0.0303046
-0.0349832
-0.03464
-0.0289726
-0.0346932
-0.0301499
-0.0295883
-0.0277607
-0.033423
-0.0321881
-0.0241598
-0.0334071
-0.0242312
-0.027502
-0.0309419
-0.0365749
-0.0368185
-0.031253
-0.0372348
-0.0304289
-0.0311189
-0.0309211
-0.0298741
-0.0379747
-0.0390385
-0.0303791
-0.0382893
-0.0304154
-0.030622
-0.036214
-0.0365803
-0.0292933
-0.0302417
-0.0370367
-0.0296454
-0.0311748
-0.037921
-0.0394796
-0.0309746
-0.0385057
-0.0311599
-0.0307282
-0.0295685
-0.0356421
-0.0360123
-0.0309136
-0.0357749
-0.0295269
-0.031002
-0.0266734
-0.0341102
-0.0354841
-0.0237138
-0.0237449
-0.0345617
-0.026735
-0.0296759
-0.0379148
-0.0386311
-0.0326454
-0.0379942
-0.0315415
-0.0288692
-0.0323288
-0.0369038
-0.0366522
-0.0318237
-0.0361977
-0.0317462
-0.0319544
-0.0331722
-0.0344371
-0.0367672
-0.0370723
-0.0371478
-0.0340007
-0.0342052
-0.0314011
-0.0377515
-0.0367213
-0.0313679
-0.0365737
-0.0312474
-0.0312955
-0.0326287
-0.0382369
-0.0373807
-0.033558
-0.03724
-0.0323444
-0.0337113
-0.0318986
-0.0381765
-0.0385284
-0.0307834
-0.039403
-0.0314509
-0.0316402
-0.0311899
-0.0296461
-0.0408846
-0.0400918
-0.0396678
-0.0304634
-0.0303642
-0.0315443
-0.0381011
-0.0401755
-0.0311121
-0.039284
-0.0312893
-0.0310827
-0.0317042
-0.0391073
-0.0407345
-0.0312833
-0.0398809
-0.0307573
-0.0318715
-0.0272977
-0.0376086
-0.0361648
-0.02835
-0.0359963
-0.0305903
-0.0263084
-0.0254036
-0.0261034
-0.0358871
-0.0364235
-0.0255436
-0.0358421
-0.025921
-0.0275807
-0.0375882
-0.0358373
-0.0312811
-0.0276187
-0.0356881
-0.0310488
-0.0252526
-0.0367065
-0.0363814
-0.0259793
-0.0362135
-0.0263637
-0.0255485
-0.0300368
-0.0385004
-0.0368655
-0.0292146
-0.0373163
-0.0314195
-0.0294917
-0.0337281
-0.0339078
-0.0378783
-0.0368838
-0.0340106
-0.0376522
-0.0338564
-0.0317683
-0.0390219
-0.0376977
-0.0319822
-0.0317032
-0.0376453
-0.0322726
-0.0328815
-0.0374286
-0.0367375
-0.0341952
-0.0376016
-0.0334608
-0.0336073
-0.0307837
-0.0371316
-0.0373452
-0.0278823
-0.036976
-0.0281486
-0.030329
-0.0297252
-0.0371077
-0.0344938
-0.0282212
-0.0361787
-0.0281657
-0.0292778
-0.034721
-0.0374896
-0.0350428
-0.0344897
-0.0364478
-0.0346183
-0.0358487
-0.0371253
-0.0395688
-0.0332771
-0.0279769
-0.0403732
-0.0367601
-0.0293459
-0.0368781
-0.0288169
-0.0276746
-0.0126793
-0.0288013
-0.0370189
-0.0276925
-0.0372616
-0.0348619
-0.041285
-0.0294276
-0.0409426
-0.0374009
-0.0295656
-0.0366595
-0.0391234
-0.0291028
-0.0304844
-0.036996
-0.038142
-0.0286954
-0.0377212
-0.0295562
-0.0384694
-0.026076
-0.0387265
-0.028616
-0.0363854
-0.0303333
-0.0378268
-0.0357647
-0.0351383
-0.0299911
-0.0358859
-0.0350806
-0.046103
-0.0473294
-0.0435256
-0.0450644
-0.0467913
-0.0468673
-0.0444092
-0.0447229
-0.0384573
-0.0451083
-0.0416491
-0.0446007
-0.0452199
-0.0418664
-0.0462759
-0.0447323
-0.0481034
-0.045913
-0.0470062
-0.0474876
-0.04478
-0.0484591
-0.0485448
-0.0486775
-0.0498068
-0.0487437
-0.0477918
-0.0489525
-0.0498531
-0.0498103
-0.0500425
-0.0499877
-0.049939
-0.0493265
-0.0495013
-0.0496693
-0.0484589
-0.0502228
-0.0499469
-0.0498164
-0.049157
-0.04895
-0.0494104
-0.0502628
-0.0490222
-0.049826
-0.0497181
-0.0499667
-0.0493165
-0.0493893
-0.0479901
-0.0491501
-0.0479261
-0.0494412
-0.0495738
-0.04788
-0.0500773
-0.0503404
-0.0495383
-0.0494483
-0.0504853
-0.0500265
-0.050272
-0.0499393
-0.0499718
-0.0500537
-0.0480774
-0.0501751
-0.050046
-0.0498015
-0.0501201
-0.0495166
-0.050642
-0.0497033
-0.050552
-0.0499678
-0.0502038
-0.0502741
-0.0504571
-0.049358
-0.0502984
-0.0506949
-0.0502378
-0.0494718
-0.0501597
-0.0500564
-0.0501838
-0.0480087
-0.0501594
-0.0500993
-0.0506177
-0.0504301
-0.0495475
-0.0507308
-0.0496995
-0.0508246
-0.0503063
-0.0502656
-0.0498645
-0.0503754
-0.0477041
-0.0509044
-0.0500361
-0.0503079
-0.0505482
-0.0500482
-0.0469869
-0.0502189
-0.0508549
-0.0497882
-0.0513767
-0.050071
-0.0398432
-0.0445048
-0.0478965
-0.0427997
-0.0441292
-0.040725
-0.0429607
-0.0438424
-0.0475296
-0.0463813
-0.0485317
-0.0460189
-0.0454446
-0.0444896
-0.0487723
-0.0496669
-0.0499582
-0.051792
-0.0497446
-0.0499566
-0.0496197
-0.0492678
-0.0487293
-0.050109
-0.0499505
-0.0495647
-0.0493154
-0.0494268
-0.0480018
-0.0484094
-0.0490592
-0.0499236
-0.04974
-0.0462799
-0.0484823
-0.0500607
-0.0501747
-0.0503292
-0.0499871
-0.0498126
-0.0500242
-0.0500785
-0.0504169
-0.0498063
-0.0499476
-0.0489597
-0.0503483
-0.0498827
-0.0493475
-0.0501804
-0.0487806
-0.0502719
-0.0499963
-0.0495847
-0.0500668
-0.0488485
-0.0490758
-0.04966
-0.0501158
-0.0504362
-0.0506155
-0.0493061
-0.0491965
-0.0497662
-0.0499459
-0.0496927
-0.0496629
-0.04982
-0.0498525
-0.0498576
-0.0496181
-0.0495814
-0.0497689
-0.0495992
-0.0499145
-0.0497723
-0.0498703
-0.040761
-0.0370927
-0.0438827
-0.0392426
-0.0443281
-0.0464733
-0.0462085
-0.0407407
-0.0356987
-0.0376265
-0.0383783
-0.0412498
-0.044104
-0.0436089
-0.047453
-0.0478332
-0.0493552
-0.0467369
-0.0484445
-0.0477237
-0.0487843
-0.0395385
-0.0392301
-0.0458174
-0.0424373
-0.0437874
-0.0469229
-0.0468899
-0.0463082
-0.0464086
-0.0501883
-0.0458575
-0.0480594
-0.0467328
-0.0487224
-0.0455546
-0.0399455
-0.0436272
-0.0437727
-0.0444838
-0.0466598
-0.0458049
-0.0497141
-0.0496922
-0.0498856
-0.050068
-0.0499946
-0.0499591
-0.0498054
-0.0499199
-0.0501077
-0.0496789
-0.0497996
-0.0499218
-0.0498619
-0.0499589
-0.0499754
-0.0500497
-0.0500621
-0.0498338
-0.0501255
-0.0500756
-0.0500943
-0.0502674
-0.050116
-0.0501261
-0.0501643
-0.050127
-0.0501193
-0.0501711
-0.0501716
-0.0496709
-0.0499442
-0.049978
-0.0502658
-0.0501876
-0.0499751
-0.0493932
-0.0499322
-0.0512036
-0.0495622
-0.0501083
-0.0500003
-0.0501992
-0.0496166
-0.0496367
-0.0495135
-0.0498763
-0.0496129
-0.0496184
-0.0497134
-0.0496632
-0.0499983
-0.0496479
-0.0496394
-0.0496377
-0.0496615
-0.0497636
-0.0496822
-0.0501333
-0.0496742
-0.049701
-0.0498193
-0.0497802
-0.0498275
-0.0499042
-0.04981
-0.0498347
-0.0499309
-0.0498451
-0.0497886
-0.0498375
-0.0498221
-0.0496389
-0.0497552
-0.0499893
-0.0498635
-0.0499392
-0.0498781
-0.0495665
-0.049415
-0.0496661
-0.0495943
-0.0496398
-0.0495957
-0.049627
-0.0499215
-0.0491909
-0.0504541
-0.0509193
-0.0497997
-0.0506111
-0.0496008
-0.04812
-0.0456455
-0.0475588
-0.0486979
-0.0477819
-0.049331
-0.0490101
-0.0491853
-0.0496087
-0.0491324
-0.0504441
-0.0504906
-0.0506703
-0.0494516
-0.0493875
-0.0496585
-0.0496072
-0.0496196
-0.0496377
-0.0496341
-0.049668
-0.0494196
-0.0495818
-0.049652
-0.0496113
-0.0496262
-0.0496025
-0.0496387
-0.047205
-0.0440465
-0.0468389
-0.0455902
-0.0461185
-0.0470602
-0.0484917
-0.0497858
-0.0494927
-0.0499418
-0.0496068
-0.0497727
-0.0494857
-0.0495692
-0.0498081
-0.0498252
-0.0497739
-0.0498056
-0.0497959
-0.0497633
-0.0497683
-0.0498275
-0.0499204
-0.0498536
-0.0499465
-0.0498617
-0.0498052
-0.0498543
-0.0495691
-0.0498172
-0.0500527
-0.0498989
-0.0499326
-0.0497141
-0.049856
-0.0498176
-0.0503541
-0.0491756
-0.0493535
-0.0503204
-0.0500479
-0.0497265
-0.0501807
-0.0499108
-0.0495828
-0.0495757
-0.0495932
-0.0496239
-0.0499425
-0.0495853
-0.0497199
-0.0496234
-0.0497787
-0.0500088
-0.049882
-0.0496076
-0.0497117
-0.0498495
-0.0497699
-0.0497647
-0.0499241
-0.0498827
-0.0498073
-0.0497704
-0.0497125
-0.0497925
-0.049863
-0.0497825
-0.0498397
-0.0497507
-0.049653
-0.0496789
-0.0497231
-0.0497347
-0.0497244
-0.0496552
-0.0497146
-0.0493166
-0.0494538
-0.0497488
-0.0498715
-0.0498163
-0.0496576
-0.0496646
-0.0505466
-0.0488026
-0.0490962
-0.0490157
-0.0498722
-0.0497913
-0.0500129
-0.049019
-0.0504549
-0.0498437
-0.0496271
-0.0507225
-0.0503593
-0.0495595
-0.0492701
-0.0498907
-0.0496337
-0.0499359
-0.049728
-0.0499181
-0.0502402
-0.0497987
-0.049926
-0.0501196
-0.050037
-0.0499611
-0.0500816
-0.0502103
-0.0497999
-0.0498722
-0.0498655
-0.0498893
-0.0498689
-0.049819
-0.0498663
-0.0496737
-0.0496598
-0.0497267
-0.0497223
-0.0497436
-0.0496552
-0.0497197
-0.0492487
-0.0504316
-0.0505067
-0.0502735
-0.0495535
-0.0495022
-0.05018
-0.0491792
-0.0501575
-0.0499439
-0.0503524
-0.0507263
-0.0501674
-0.0496229
-0.0489693
-0.0504834
-0.0499955
-0.0502414
-0.0493238
-0.0494513
-0.04946
-0.0496641
-0.0496013
-0.0496816
-0.0499647
-0.0497684
-0.0498746
-0.0496754
-0.0497808
-0.049558
-0.0497441
-0.0497305
-0.0496183
-0.0497609
-0.0497521
-0.0431578
-0.0405467
-0.0433465
-0.0441836
-0.0445085
-0.0446821
-0.0419362
-0.0473431
-0.0457966
-0.0506322
-0.0454181
-0.0500898
-0.0479387
-0.0484191
-0.0449592
-0.0416961
-0.0418308
-0.0457185
-0.0426415
-0.0468603
-0.0451429
-0.0464315
-0.0431427
-0.0490353
-0.0461473
-0.0445317
-0.0495924
-0.0472215
-0.0451339
-0.045386
-0.0436795
-0.0465833
-0.0459016
-0.0458283
-0.0447878
-0.0501345
-0.0500603
-0.0498842
-0.0501167
-0.0500275
-0.0500442
-0.0500899
-0.0498495
-0.0500625
-0.050041
-0.0500538
-0.0499598
-0.050027
-0.0500011
-0.0497459
-0.049749
-0.0497434
-0.0497769
-0.0497389
-0.0497425
-0.0497242
-0.049559
-0.0497892
-0.0497417
-0.0496176
-0.0496911
-0.049752
-0.049781
-0.0497056
-0.0497477
-0.0497162
-0.0497875
-0.0496962
-0.0497492
-0.0496939
-0.0497298
-0.0497552
-0.0497004
-0.0498077
-0.0497432
-0.0496987
-0.0497935
-0.0497736
-0.0497227
-0.0496887
-0.0497369
-0.0496741
-0.0497135
-0.0497738
-0.0493825
-0.0479674
-0.0514282
-0.0483005
-0.0514511
-0.0507365
-0.050516
-0.0495294
-0.0480948
-0.0514747
-0.0482342
-0.0514907
-0.0507133
-0.0505058
-0.0495148
-0.0499639
-0.0497615
-0.0496967
-0.0498412
-0.0497207
-0.0497681
-0.0494429
-0.0497334
-0.0498265
-0.0496694
-0.0498229
-0.0497561
-0.0497453
-0.049826
-0.0497454
-0.0495609
-0.0498041
-0.0496708
-0.0496891
-0.0496442
-0.0496923
-0.0497081
-0.0496486
-0.0497095
-0.0495817
-0.0496233
-0.0496834
-0.0499257
-0.0503691
-0.049602
-0.0498547
-0.0496726
-0.0498314
-0.0497812
-0.0496716
-0.0498966
-0.0494243
-0.0496047
-0.0500582
-0.0497114
-0.0497272
-0.0496502
-0.0496488
-0.0498289
-0.0497277
-0.0500176
-0.0498155
-0.0496991
-0.0512255
-0.0489125
-0.0499563
-0.0505589
-0.0496585
-0.050012
-0.0498042
-0.0497164
-0.0496576
-0.0496872
-0.0497426
-0.049708
-0.0496857
-0.0497498
-0.0498917
-0.0498583
-0.0498527
-0.0498613
-0.049928
-0.0498183
-0.0498553
-0.050206
-0.0504409
-0.0497976
-0.0496544
-0.0499524
-0.049767
-0.0498627
-0.0353989
-0.035364
-0.0403919
-0.0359695
-0.0400003
-0.0409744
-0.0417417
-0.0460818
-0.0409556
-0.0411385
-0.0454123
-0.0393717
-0.0454957
-0.0464339
-0.0375618
-0.0385502
-0.0376756
-0.0427742
-0.0451662
-0.0446927
-0.0434297
-0.0376974
-0.0398283
-0.0428026
-0.043452
-0.0380751
-0.0432586
-0.0435891
-0.0333239
-0.0322855
-0.0389207
-0.0327818
-0.0383551
-0.0414587
-0.041601
-0.0319069
-0.032593
-0.037567
-0.0327426
-0.0379018
-0.0412277
-0.0409762
-0.0498259
-0.0496657
-0.0494874
-0.04994
-0.04945
-0.0498265
-0.049776
-0.0494925
-0.0498803
-0.0497684
-0.0495714
-0.049793
-0.0498235
-0.0499205
-0.0498767
-0.0497918
-0.0497519
-0.0496404
-0.0498994
-0.0498675
-0.0498346
-0.0499382
-0.0480189
-0.0491004
-0.0498178
-0.0497426
-0.0496741
-0.0499053
-0.0497219
-0.0496854
-0.0496642
-0.0497086
-0.0497484
-0.049688
-0.0497526
-0.049895
-0.0498629
-0.0498611
-0.0499403
-0.0498606
-0.0498253
-0.0498608
-0.0500321
-0.0500736
-0.0493205
-0.050217
-0.0495134
-0.0497028
-0.0496974
-0.0497964
-0.0497895
-0.0496536
-0.0498299
-0.049762
-0.0498006
-0.0497723
-0.0497378
-0.0497873
-0.0497949
-0.0498003
-0.0497736
-0.0497597
-0.0497413
-0.0497826
-0.0497562
-0.0496859
-0.0497335
-0.0497296
-0.0497295
-0.0497615
-0.0496927
-0.049577
-0.0498798
-0.049759
-0.0497865
-0.0497823
-0.0497779
-0.0497352
-0.0497172
-0.049761
-0.0497717
-0.0497748
-0.0497461
-0.0497361
-0.0497616
-0.0497482
-0.0497315
-0.0498501
-0.0497804
-0.0497562
-0.0496886
-0.0503244
-0.0495736
-0.0496998
-0.0498825
-0.0495832
-0.0497869
-0.0499607
-0.0497775
-0.0494931
-0.0497697
-0.0498368
-0.0497466
-0.0498146
-0.0495541
-0.049757
-0.0495267
-0.0497468
-0.0497622
-0.0496756
-0.0498138
-0.0497761
-0.0498258
-0.0498246
-0.0497416
-0.0496729
-0.0496836
-0.0498093
-0.0498058
-0.0498228
-0.0503621
-0.049857
-0.0496365
-0.0498644
-0.0495281
-0.0498392
-0.0493791
-0.049846
-0.049713
-0.0494649
-0.0496961
-0.0499356
-0.0498597
-0.0494989
-0.0496457
-0.0496335
-0.0494783
-0.0496197
-0.0495505
-0.0495876
-0.0498836
-0.049944
-0.0498511
-0.0498772
-0.049958
-0.049838
-0.0498699
-0.0496833
-0.0497361
-0.0497402
-0.0497229
-0.0497309
-0.04969
-0.0497105
-0.0497152
-0.0496397
-0.0495485
-0.0496994
-0.0496787
-0.0496451
-0.0496654
-0.0496416
-0.049626
-0.0493291
-0.0496276
-0.0495309
-0.0496233
-0.0496057
-0.0415495
-0.0404596
-0.037047
-0.0410239
-0.0409659
-0.0432129
-0.0422278
-0.0409943
-0.0394723
-0.0367962
-0.039825
-0.0400775
-0.0424002
-0.0422264
-0.0496258
-0.0483395
-0.0485466
-0.0487169
-0.0472652
-0.0481622
-0.0490223
-0.045446
-0.0488649
-0.0461131
-0.0445037
-0.0485613
-0.0462916
-0.0470068
-0.0474262
-0.0414125
-0.0391261
-0.0400831
-0.0428322
-0.040907
-0.04405
-0.0443285
-0.0445644
-0.0377473
-0.0413614
-0.0473966
-0.0446347
-0.0453663
-0.0497058
-0.049544
-0.0496314
-0.0496937
-0.0496705
-0.0496384
-0.0496599
-0.0496707
-0.049365
-0.0496504
-0.0496612
-0.0495533
-0.0496453
-0.0496288
-0.0498942
-0.049857
-0.0499552
-0.0498868
-0.0499635
-0.0498422
-0.049873
-0.0496774
-0.049736
-0.0497253
-0.0497159
-0.0497252
-0.0496863
-0.0497062
-0.0503006
-0.0504256
-0.0495231
-0.0498885
-0.0503537
-0.0498483
-0.0502303
-0.0499194
-0.0497834
-0.0503704
-0.049541
-0.0505225
-0.0505355
-0.0502432
-0.050013
-0.0497022
-0.0498189
-0.0496855
-0.0500278
-0.0501714
-0.0499324
-0.0496069
-0.0495332
-0.0498882
-0.0496169
-0.0499946
-0.0496807
-0.0504458
-0.0495817
-0.0501527
-0.0498341
-0.0490445
-0.0501446
-0.0505153
-0.0499938
-0.0494332
-0.0497539
-0.0498362
-0.049712
-0.0495907
-0.0497517
-0.0500911
-0.0499896
-0.0499719
-0.0500822
-0.0500583
-0.0499132
-0.0498505
-0.0500648
-0.0500065
-0.0499952
-0.0517937
-0.0504108
-0.0498101
-0.0502469
-0.0497885
-0.0501404
-0.0498375
-0.0495489
-0.0496243
-0.0500816
-0.0496179
-0.0499027
-0.0503552
-0.0494758
-0.0495353
-0.0499958
-0.0492685
-0.049754
-0.0499
-0.0495511
-0.0489978
-0.0492596
-0.049557
-0.0496304
-0.0494718
-0.049235
-0.0496205
-0.0492912
-0.04849
-0.0494632
-0.049112
-0.0497779
-0.0495764
-0.0484171
-0.0470406
-0.0466867
-0.0471896
-0.0495245
-0.0491124
-0.048433
-0.0252728
-0.0124572
-0.0255828
-0.0257383
-0.0321183
-0.0257062
-0.0322754
-0.012335
-0.0256193
-0.0256276
-0.0256978
-0.0256598
-0.0322068
-0.0321038
-0.0475222
-0.0462098
-0.0439725
-0.0455514
-0.0456276
-0.0471318
-0.0480735
-0.0481889
-0.0504545
-0.0501403
-0.0494005
-0.0497524
-0.0506813
-0.0506236
-0.0503049
-0.0500981
-0.0487096
-0.0494337
-0.049624
-0.0499631
-0.0496808
-0.0505089
-0.0495535
-0.0497587
-0.049912
-0.0492865
-0.0497634
-0.0497922
-0.0493307
-0.0495982
-0.050091
-0.0498651
-0.0497764
-0.0499127
-0.0497871
-0.0497804
-0.0499005
-0.0498572
-0.0499223
-0.0498131
-0.0498343
-0.0498554
-0.0475962
-0.0432529
-0.0429039
-0.0416851
-0.0488557
-0.050267
-0.0477933
-0.0410081
-0.0349255
-0.0363075
-0.0401561
-0.0367392
-0.0419639
-0.0424184
-0.0439113
-0.0380344
-0.037693
-0.0426993
-0.0366342
-0.0428982
-0.0439031
-0.0327709
-0.0391827
-0.036422
-0.0416482
-0.0400259
-0.0367996
-0.0424513
-0.0372117
-0.0394174
-0.0370426
-0.0418465
-0.0419568
-0.0420156
-0.0424334
-0.0405757
-0.0351942
-0.0376187
-0.0401748
-0.0375712
-0.0397759
-0.0408389
-0.0351281
-0.0406602
-0.0381058
-0.0403707
-0.0378527
-0.0401265
-0.0404909
-0.050943
-0.0475315
-0.0479914
-0.0501387
-0.046875
-0.0496429
-0.0506349
-0.0482412
-0.0451086
-0.0452939
-0.0479961
-0.0455023
-0.0493138
-0.0493729
-0.0465369
-0.0458852
-0.0460796
-0.0501919
-0.0502427
-0.0490325
-0.0538887
-0.0472681
-0.04885
-0.0462688
-0.0479932
-0.0496399
-0.0462582
-0.0490902
-0.0508138
-0.046263
-0.0489184
-0.0511582
-0.046845
-0.0498005
-0.0492766
-0.049072
-0.0513147
-0.0478938
-0.0512559
-0.0475952
-0.0501352
-0.0504352
-0.0478493
-0.0462928
-0.0510831
-0.0459478
-0.0506179
-0.0485962
-0.0490453
-0.0450458
-0.0419855
-0.0419247
-0.0462165
-0.0429754
-0.0474379
-0.0453295
-0.047014
-0.0437011
-0.0496939
-0.046825
-0.0450997
-0.0502042
-0.0479134
-0.045603
-0.0454217
-0.0440638
-0.0472291
-0.0461365
-0.0455273
-0.0460834
-0.0491583
-0.0464245
-0.0512122
-0.0469594
-0.051506
-0.0500036
-0.0495201
-0.0492493
-0.0479774
-0.0515629
-0.0476871
-0.0515578
-0.0503189
-0.0506016
-0.0491666
-0.0479364
-0.0511145
-0.0483213
-0.0512362
-0.050753
-0.0504617
-0.0494079
-0.0482755
-0.0514641
-0.0483336
-0.051381
-0.0508457
-0.0507438
-0.0481828
-0.0476972
-0.0510593
-0.0470481
-0.0503885
-0.0499408
-0.0508441
-0.048447
-0.0456181
-0.045454
-0.0457739
-0.0484301
-0.0497778
-0.0497116
-0.0475123
-0.0465488
-0.0491852
-0.0464982
-0.0500093
-0.0484188
-0.0494846
-0.0466643
-0.0461593
-0.0462626
-0.050572
-0.0505757
-0.0541966
-0.0493783
-0.0349201
-0.0362609
-0.0409972
-0.0367387
-0.0401538
-0.0419834
-0.0424104
-0.0436838
-0.037916
-0.037657
-0.0425993
-0.0365931
-0.0429349
-0.0440951
-0.0327321
-0.0363621
-0.0392324
-0.0415871
-0.0367564
-0.0399838
-0.0424397
-0.0371347
-0.0393702
-0.0370352
-0.0419097
-0.0419581
-0.0424211
-0.0421377
-0.0375891
-0.0352027
-0.0406231
-0.0375378
-0.0402215
-0.0398381
-0.0408819
-0.0350923
-0.0380465
-0.04071
-0.0377364
-0.0404333
-0.0401845
-0.0405742
-0.0430045
-0.0431759
-0.0401694
-0.0440088
-0.0442074
-0.0417299
-0.0443765
-0.0477542
-0.0434621
-0.0430344
-0.041909
-0.0490032
-0.0505045
-0.047898
-0.0356943
-0.0356176
-0.0405583
-0.0363097
-0.0404132
-0.0412821
-0.0418518
-0.0463724
-0.0414587
-0.041345
-0.039665
-0.0456096
-0.0457834
-0.0467948
-0.0378618
-0.0400839
-0.0432497
-0.0383016
-0.0437028
-0.0435112
-0.0438543
-0.0378203
-0.0389701
-0.0380207
-0.0430167
-0.0453043
-0.0449131
-0.0435753
-0.0335049
-0.0325051
-0.039043
-0.0329943
-0.0386001
-0.0415506
-0.0416223
-0.0321079
-0.0327562
-0.0378603
-0.0329165
-0.0381776
-0.0413541
-0.0411196
-0.0352259
-0.0376191
-0.0406411
-0.0375685
-0.0402341
-0.0398481
-0.0408961
-0.0351103
-0.0380612
-0.040715
-0.0377556
-0.0404407
-0.040188
-0.0405827
-0.0362874
-0.0349321
-0.0410153
-0.0367491
-0.0401733
-0.0420055
-0.0424291
-0.0437142
-0.0376563
-0.037918
-0.0365938
-0.0426245
-0.0429476
-0.0441037
-0.0371553
-0.0393867
-0.0370437
-0.0419403
-0.0419746
-0.0424383
-0.0421867
-0.0327367
-0.0363581
-0.0392483
-0.0367573
-0.0399973
-0.0416039
-0.0424511
-0.042988
-0.0401466
-0.0431586
-0.04394
-0.0442643
-0.044422
-0.0417091
-0.0477125
-0.0429644
-0.0433581
-0.0418565
-0.0489563
-0.0478809
-0.0503906
-0.0324907
-0.0334864
-0.0390301
-0.0329715
-0.0385987
-0.0415533
-0.0416155
-0.0320898
-0.0327508
-0.0378532
-0.0328973
-0.038179
-0.0413555
-0.0411139
-0.0355752
-0.0356378
-0.0405268
-0.0362512
-0.0403916
-0.0412564
-0.0418206
-0.0463243
-0.041264
-0.0413647
-0.0395783
-0.0455604
-0.0457212
-0.0467105
-0.0377755
-0.0389104
-0.0379622
-0.0429922
-0.0452725
-0.0449201
-0.0435367
-0.0377837
-0.0399869
-0.04317
-0.0382163
-0.0434939
-0.0436478
-0.043808
-0.0462237
-0.0477712
-0.05105
-0.045866
-0.050579
-0.0485222
-0.0489792
-0.045036
-0.0419126
-0.0419306
-0.0429321
-0.0461426
-0.0473711
-0.0453114
-0.0455893
-0.045466
-0.0440385
-0.0471604
-0.0461362
-0.0460725
-0.0454391
-0.046913
-0.0435864
-0.0496169
-0.0450003
-0.0467205
-0.0501504
-0.0478269
-0.0463794
-0.0491283
-0.051189
-0.0469271
-0.0514999
-0.049964
-0.0494687
-0.049229
-0.04797
-0.0515757
-0.0476678
-0.0515629
-0.0502909
-0.0505854
-0.0479519
-0.0491933
-0.0511417
-0.0483377
-0.0512579
-0.0507555
-0.050465
-0.0494265
-0.0482812
-0.0514826
-0.0483475
-0.0514017
-0.0508465
-0.0507377
-0.0477083
-0.0482149
-0.0510972
-0.0470563
-0.0504345
-0.0499545
-0.0508563
-0.0484432
-0.0454035
-0.0456194
-0.0457652
-0.0484281
-0.0497757
-0.0496948
-0.046646
-0.0461212
-0.0462496
-0.0505756
-0.0505677
-0.0493731
-0.0542369
-0.0475428
-0.0465731
-0.0492543
-0.0465101
-0.050069
-0.048455
-0.0495085
-0.0501316
-0.0493761
-0.0490679
-0.050021
-0.0497066
-0.0498868
-0.0498064
-0.0498078
-0.0498624
-0.0498345
-0.0498703
-0.0498401
-0.0498326
-0.0498389
-0.0498543
-0.049921
-0.049895
-0.0499037
-0.0499188
-0.0498247
-0.0497812
-0.0497686
-0.0499236
-0.0499533
-0.0498416
-0.0499837
-0.0498637
-0.0498427
-0.0494999
-0.0499523
-0.0497747
-0.0496739
-0.0498298
-0.0498231
-0.0497933
-0.0497549
-0.0498249
-0.0497483
-0.0497954
-0.0497913
-0.0497744
-0.049827
-0.0494121
-0.0498097
-0.0498549
-0.0496776
-0.0498036
-0.0497424
-0.0497322
-0.0498064
-0.0498436
-0.0498748
-0.0497534
-0.0498753
-0.0498433
-0.0498534
-0.050135
-0.0504975
-0.0483162
-0.0506278
-0.04975
-0.0493015
-0.0503223
-0.0503492
-0.0497999
-0.0495232
-0.0491833
-0.0498755
-0.0495433
-0.0496964
-0.0501808
-0.0487437
-0.0501354
-0.0496056
-0.0492614
-0.0498119
-0.0495675
-0.0495918
-0.0498686
-0.0498848
-0.0496659
-0.0498631
-0.0499318
-0.0499394
-0.0499888
-0.0498042
-0.049834
-0.0496902
-0.0499219
-0.04988
-0.0498402
-0.0499553
-0.0481215
-0.049152
-0.0498716
-0.0497801
-0.0496772
-0.0499283
-0.0492222
-0.0505961
-0.0499792
-0.0507548
-0.0498063
-0.050613
-0.0496238
-0.0508848
-0.048993
-0.0491423
-0.0501118
-0.049061
-0.0500188
-0.0501376
-0.0498981
-0.0499061
-0.0496149
-0.0496789
-0.0500065
-0.0498392
-0.0498332
-0.0505413
-0.0496739
-0.0495426
-0.0500922
-0.0493586
-0.0497946
-0.0500114
-0.0497108
-0.0496874
-0.0498821
-0.0499882
-0.0500601
-0.0499518
-0.0498015
-0.0499104
-0.0496718
-0.0500955
-0.0499143
-0.0497897
-0.0498535
-0.0499479
-0.0501579
-0.0499379
-0.0500325
-0.0501332
-0.050019
-0.0500485
-0.0501153
-0.0499557
-0.0500917
-0.050129
-0.0501239
-0.0500091
-0.0500967
-0.0500883
-0.0501663
-0.0496793
-0.0499318
-0.0502374
-0.0499725
-0.0502073
-0.049952
-0.0502452
-0.0500933
-0.0500836
-0.0501286
-0.0500766
-0.0500245
-0.0501241
-0.0491002
-0.0512268
-0.0499495
-0.0499849
-0.0495648
-0.0501447
-0.0501712
-0.0497781
-0.0500178
-0.0498235
-0.0496405
-0.0494671
-0.0497288
-0.0497919
-0.050089
-0.0504277
-0.0497888
-0.0499351
-0.0496881
-0.0498069
-0.0498883
-0.049951
-0.0517379
-0.0499453
-0.0504192
-0.0497495
-0.0502042
-0.0497371
-0.0501184
-0.0494864
-0.0498234
-0.0500691
-0.0496203
-0.0496286
-0.0498421
-0.0500812
-0.0500577
-0.0495912
-0.0496899
-0.0502051
-0.0497227
-0.0499661
-0.0498134
-0.0497262
-0.0502537
-0.0494964
-0.0503062
-0.0503383
-0.0500984
-0.049838
-0.049579
-0.0497197
-0.0496104
-0.0498471
-0.05002
-0.0498493
-0.0455348
-0.0462231
-0.0489673
-0.0446161
-0.0486744
-0.0464368
-0.0471307
-0.047375
-0.0393223
-0.0415035
-0.0402124
-0.0430159
-0.0410559
-0.0440475
-0.0445131
-0.0447269
-0.0379937
-0.0415233
-0.0475493
-0.0448097
-0.0455323
-0.0491812
-0.0496773
-0.0491265
-0.0504764
-0.0504759
-0.0506469
-0.0493444
-0.0483263
-0.0458501
-0.0476885
-0.0479247
-0.0487124
-0.0493045
-0.0490565
-0.0445454
-0.0431787
-0.0479653
-0.0451677
-0.0447917
-0.0456706
-0.0462767
-0.0473638
-0.0442498
-0.0468982
-0.0456983
-0.0462671
-0.0471421
-0.0484775
-0.0473244
-0.0492396
-0.047702
-0.0483143
-0.0466153
-0.047597
-0.048656
-0.0462087
-0.046283
-0.0500436
-0.0479159
-0.0457604
-0.046607
-0.0486024
-0.0395079
-0.0391814
-0.0457597
-0.0423719
-0.0437003
-0.0468105
-0.046816
-0.0454405
-0.0435163
-0.0398824
-0.0465262
-0.0436867
-0.0443835
-0.0456835
-0.0494839
-0.048358
-0.0492373
-0.049371
-0.0489759
-0.0496344
-0.0494588
-0.0481441
-0.0464426
-0.0467652
-0.0492956
-0.046945
-0.0487981
-0.0481375
-0.0473703
-0.0437075
-0.0449237
-0.0458619
-0.0448818
-0.0468187
-0.0472545
-0.0472625
-0.0437287
-0.0459089
-0.045348
-0.045258
-0.0468055
-0.0477739
-0.0256034
-0.0124137
-0.0252523
-0.0257073
-0.0320672
-0.0256901
-0.0321952
-0.037708
-0.0319879
-0.0320793
-0.0354214
-0.0395758
-0.0399681
-0.035161
-0.0321174
-0.0372446
-0.0402907
-0.032073
-0.0356987
-0.0355966
-0.0397486
-0.012284
-0.0256233
-0.0255483
-0.0256594
-0.0256371
-0.0321344
-0.0320364
-0.0415243
-0.0370234
-0.0405195
-0.0408551
-0.0411526
-0.0431804
-0.0422273
-0.0408374
-0.0367079
-0.0393733
-0.0400508
-0.0397244
-0.0423537
-0.0421608
-0.0253734
-0.0125813
-0.0257043
-0.0258599
-0.0321828
-0.0258331
-0.032355
-0.0321417
-0.0378743
-0.0322216
-0.035567
-0.0397667
-0.0353311
-0.0401093
-0.0124921
-0.0257845
-0.0257756
-0.0258602
-0.0258158
-0.0323306
-0.0322449
-0.0322219
-0.0404071
-0.0374108
-0.0357807
-0.0321937
-0.0357003
-0.039865
-0.0124029
-0.0255976
-0.0252468
-0.0256977
-0.0256826
-0.0320647
-0.0321892
-0.0319858
-0.0377051
-0.0320734
-0.0354159
-0.0395752
-0.0351601
-0.0399647
-0.0122753
-0.0256212
-0.0255468
-0.0256522
-0.0256315
-0.0321296
-0.0320352
-0.0321131
-0.0372437
-0.0402918
-0.0320651
-0.0356963
-0.0355888
-0.0397466
-0.0415375
-0.0370105
-0.0404882
-0.0411381
-0.0408509
-0.0431753
-0.0422359
-0.0408194
-0.0393586
-0.0366988
-0.0397166
-0.0400547
-0.0423565
-0.0421496
-0.0407723
-0.037142
-0.0439533
-0.0392973
-0.0444055
-0.0465703
-0.0462861
-0.0407915
-0.0376585
-0.0357302
-0.0384039
-0.0413081
-0.0441473
-0.0436811
-0.0125713
-0.0253776
-0.0256954
-0.0258528
-0.0258107
-0.0321928
-0.0323514
-0.0321049
-0.0378627
-0.0321792
-0.0355296
-0.0397237
-0.0401163
-0.0353021
-0.0124622
-0.025764
-0.0257498
-0.0258286
-0.0257708
-0.0322982
-0.0322217
-0.0322157
-0.0374414
-0.0404098
-0.0321785
-0.0357832
-0.0356904
-0.0399094
-0.0473729
-0.039189
-0.041421
-0.0428048
-0.0401946
-0.0410541
-0.0440407
-0.0455879
-0.0463788
-0.0491183
-0.0446505
-0.0490851
-0.0464094
-0.047217
-0.0448345
-0.0375835
-0.0449638
-0.0437569
-0.0413821
-0.0487788
-0.045151
-0.0444997
-0.0479305
-0.0431094
-0.044816
-0.0450916
-0.0456059
-0.0462363
-0.0472888
-0.0441025
-0.0468001
-0.046246
-0.0455788
-0.047032
-0.0483634
-0.0482414
-0.0457887
-0.0475926
-0.048686
-0.0479112
-0.0493107
-0.0489795
-0.0492076
-0.0496878
-0.0491647
-0.0505117
-0.0505051
-0.0506755
-0.0493937
-0.0474563
-0.0450198
-0.0437965
-0.0459627
-0.0449963
-0.0469573
-0.0473707
-0.0473575
-0.0438184
-0.0460086
-0.0454514
-0.0453596
-0.0469218
-0.0478786
-0.0482237
-0.0465044
-0.0468327
-0.049365
-0.0469913
-0.0488598
-0.0482054
-0.0495479
-0.0483983
-0.049272
-0.04903
-0.0494075
-0.049683
-0.0495039
-0.0504751
-0.0501184
-0.0483023
-0.0506101
-0.0492796
-0.0497383
-0.0503076
-0.0501567
-0.0487118
-0.0501188
-0.0495822
-0.0492424
-0.0497952
-0.0495659
-0.0503298
-0.0497838
-0.049513
-0.0491664
-0.0498692
-0.0495321
-0.0496796
-0.0493717
-0.049779
-0.0498412
-0.0494945
-0.0499838
-0.0498408
-0.0498055
-0.0499886
-0.0498015
-0.0498323
-0.0499199
-0.0496886
-0.0498804
-0.0498405
-0.0495937
-0.0498658
-0.0498877
-0.0496662
-0.0498625
-0.0499314
-0.0499424
-0.0499547
-0.0491478
-0.0481192
-0.0496737
-0.049872
-0.0497785
-0.0499283
-0.0508884
-0.0489907
-0.0491306
-0.0490405
-0.0501117
-0.0500176
-0.0501312
-0.04922
-0.0505935
-0.0499806
-0.0507469
-0.0498133
-0.0506256
-0.0496208
-0.0499042
-0.049621
-0.0499154
-0.0500124
-0.0496865
-0.0498452
-0.0498384
-0.0505518
-0.0496792
-0.0495473
-0.0493583
-0.0500972
-0.0497966
-0.0500182
-0.0501734
-0.0499745
-0.0500657
-0.0501647
-0.0500547
-0.0500783
-0.050136
-0.0499876
-0.0501674
-0.0501258
-0.0501635
-0.0500403
-0.0501223
-0.0501167
-0.0497961
-0.0498487
-0.0500411
-0.0496702
-0.0494815
-0.049747
-0.0498096
-0.0501416
-0.0504588
-0.0498227
-0.0499586
-0.0497106
-0.0498269
-0.0499153
-0.0501531
-0.0495043
-0.0498463
-0.0501003
-0.0496438
-0.0496776
-0.0498598
-0.0500005
-0.0517714
-0.0499668
-0.0497825
-0.0504425
-0.0502452
-0.0497755
-0.0500826
-0.050079
-0.0495794
-0.0496938
-0.0497205
-0.0501992
-0.0499771
-0.0498539
-0.0496042
-0.0497281
-0.049611
-0.0498677
-0.0500414
-0.0498341
-0.0498091
-0.0497315
-0.0502615
-0.0495032
-0.0502897
-0.0503225
-0.0501127
-0.0493955
-0.0496035
-0.0497225
-0.0493272
-0.0494208
-0.0493037
-0.0497441
-0.0493877
-0.0501464
-0.0490845
-0.050033
-0.0498972
-0.0497196
-0.0498183
-0.0497935
-0.0498739
-0.04979
-0.0498477
-0.0498016
-0.0498264
-0.0498519
-0.0498671
-0.0499418
-0.0499104
-0.0499222
-0.0499319
-0.0498397
-0.0497979
-0.0499015
-0.0498099
-0.049872
-0.0498767
-0.0499594
-0.0498657
-0.0498282
-0.049969
-0.0495202
-0.0497962
-0.0496942
-0.0498444
-0.0498478
-0.0498134
-0.049754
-0.0496893
-0.0497006
-0.0497607
-0.0497786
-0.0497913
-0.0497743
-0.0494343
-0.0498308
-0.0498714
-0.0496983
-0.0498212
-0.0497617
-0.0497503
-0.0494921
-0.0498274
-0.0496661
-0.0496957
-0.0496891
-0.0497498
-0.0497989
-0.0499892
-0.0498211
-0.0495745
-0.0498411
-0.0500307
-0.049444
-0.0502581
-0.0495225
-0.0498992
-0.0498061
-0.0496421
-0.0498319
-0.0498199
-0.0499613
-0.049694
-0.0497471
-0.0497539
-0.0497792
-0.0494433
-0.0501017
-0.050006
-0.0495687
-0.0498309
-0.0501272
-0.0501926
-0.0489197
-0.0504381
-0.0499413
-0.0495335
-0.0498026
-0.0500445
-0.0498904
-0.0499073
-0.0497006
-0.0498366
-0.0497951
-0.0491683
-0.0503438
-0.0503127
-0.0493408
-0.0500495
-0.049705
-0.0501638
-0.0498791
-0.0495333
-0.0495732
-0.0495364
-0.0495971
-0.0499231
-0.0499168
-0.0501185
-0.0497114
-0.0498507
-0.0500865
-0.0498663
-0.0497916
-0.0501941
-0.0501469
-0.0494014
-0.0502789
-0.0495715
-0.0497455
-0.0498135
-0.0499002
-0.0503945
-0.0499338
-0.0497907
-0.0498915
-0.0495642
-0.0499017
-0.0499195
-0.0498199
-0.0498986
-0.049772
-0.0498129
-0.0498639
-0.0498652
-0.0494483
-0.049773
-0.0498995
-0.0495319
-0.0499997
-0.0497705
-0.0498965
-0.0497579
-0.0496872
-0.0496232
-0.0498443
-0.0500112
-0.0499036
-0.0497058
-0.0497963
-0.0495852
-0.0497957
-0.0496225
-0.0497374
-0.0497777
-0.0498018
-0.0503458
-0.0497123
-0.049842
-0.049921
-0.0497689
-0.0498139
-0.0500104
-0.0499609
-0.049967
-0.0496403
-0.0498989
-0.0498802
-0.0498313
-0.0496959
-0.0498256
-0.049596
-0.0500941
-0.0499707
-0.0497492
-0.0498518
-0.0498294
-0.0495777
-0.0496
-0.0496915
-0.0499909
-0.0497556
-0.0498709
-0.0495904
-0.0503811
-0.0493959
-0.0504948
-0.0502543
-0.0495332
-0.0501834
-0.0495658
-0.0490912
-0.0506439
-0.0500434
-0.0502699
-0.0493846
-0.0495951
-0.0495636
-0.049274
-0.049981
-0.0500009
-0.0507272
-0.0503075
-0.05023
-0.0495944
-0.0497432
-0.0495251
-0.0499437
-0.0501856
-0.0496147
-0.0497791
-0.0497214
-0.0497189
-0.0496809
-0.0499089
-0.0496952
-0.0499348
-0.0497205
-0.049697
-0.05171
-0.048989
-0.0501016
-0.0497799
-0.0505496
-0.0500511
-0.0498569
-0.0496304
-0.0497459
-0.0498901
-0.0495073
-0.0499455
-0.0496401
-0.050083
-0.0496515
-0.0501985
-0.0499827
-0.0493225
-0.0501505
-0.0504234
-0.0501119
-0.049596
-0.0496464
-0.0496244
-0.0495597
-0.049562
-0.0500213
-0.0498493
-0.0494022
-0.0497309
-0.0496617
-0.0497368
-0.0495194
-0.0496346
-0.0499046
-0.0495842
-0.050184
-0.050203
-0.0497879
-0.0502568
-0.0498068
-0.0501627
-0.0494133
-0.0497175
-0.0497723
-0.0493321
-0.0493582
-0.0493068
-0.0498185
-0.0499558
-0.0497817
-0.0496781
-0.0499688
-0.0496785
-0.0502096
-0.0498897
-0.0498904
-0.0503305
-0.0497258
-0.050475
-0.049511
-0.0504665
-0.0501736
-0.0481734
-0.0503648
-0.050077
-0.0492381
-0.0495931
-0.0506858
-0.0504012
-0.0501084
-0.0499918
-0.0486506
-0.0493106
-0.0495358
-0.0498857
-0.0496681
-0.0504667
-0.049569
-0.0497898
-0.049806
-0.0493204
-0.0496367
-0.0498114
-0.0488358
-0.0494486
-0.0491581
-0.0493308
-0.0495893
-0.0490509
-0.0494137
-0.0482882
-0.0466202
-0.0468762
-0.049401
-0.0470327
-0.0488706
-0.0482232
-0.0495915
-0.0484264
-0.0492888
-0.0490408
-0.0494124
-0.0496709
-0.0495283
-0.0475961
-0.0439772
-0.045186
-0.0451833
-0.0461311
-0.0471566
-0.0475024
-0.0474442
-0.0460746
-0.0439161
-0.0454336
-0.0455936
-0.047028
-0.0479495
-0.0396638
-0.0394947
-0.0458881
-0.0426579
-0.0439409
-0.0470831
-0.0469587
-0.0464682
-0.046518
-0.0501562
-0.0460265
-0.0481346
-0.04686
-0.0488208
-0.0456763
-0.0402226
-0.0438235
-0.0439961
-0.044631
-0.0467588
-0.0459231
-0.047175
-0.0467644
-0.0439366
-0.0454784
-0.0461406
-0.0469831
-0.0484026
-0.0468506
-0.03919
-0.0412183
-0.0427923
-0.0404466
-0.0412176
-0.0439074
-0.045996
-0.0462764
-0.0490049
-0.0489431
-0.0448309
-0.0463952
-0.047378
-0.0446966
-0.037472
-0.0448523
-0.0435676
-0.0486224
-0.0414162
-0.0450125
-0.0409064
-0.044137
-0.0372849
-0.0445841
-0.039306
-0.0466094
-0.0464325
-0.0408205
-0.0357287
-0.0375374
-0.0412673
-0.0383933
-0.0440794
-0.0436175
-0.0412903
-0.0402846
-0.0370399
-0.0408594
-0.0410323
-0.0431235
-0.0420758
-0.0408594
-0.036793
-0.0398887
-0.0400551
-0.0400349
-0.042479
-0.042413
-0.0408607
-0.0372675
-0.044126
-0.0392944
-0.0445658
-0.0466006
-0.0464266
-0.040837
-0.0357198
-0.0375336
-0.0383789
-0.041252
-0.0440708
-0.0436298
-0.0413415
-0.037068
-0.0403674
-0.0408833
-0.0410933
-0.0431488
-0.0421182
-0.0408465
-0.036797
-0.0399262
-0.0400897
-0.0400691
-0.0424943
-0.0424192
-0.0475808
-0.0439904
-0.0451961
-0.0461605
-0.0451831
-0.0471507
-0.0474874
-0.0474819
-0.0439236
-0.0460561
-0.0456339
-0.0454227
-0.0470171
-0.047922
-0.0488178
-0.0494228
-0.049127
-0.0493248
-0.0496129
-0.0490572
-0.0493977
-0.0482883
-0.0468697
-0.0465988
-0.0470271
-0.0493909
-0.0489009
-0.0482342
-0.0495518
-0.0484093
-0.0492647
-0.0490156
-0.0494019
-0.0496635
-0.0495246
-0.0396641
-0.0457601
-0.0394342
-0.0438198
-0.0425968
-0.0468791
-0.0468778
-0.0463227
-0.046445
-0.0499634
-0.0459665
-0.0478569
-0.0468492
-0.048643
-0.0447758
-0.0403797
-0.0436975
-0.044089
-0.0440344
-0.0457318
-0.0452289
-0.0498501
-0.0491137
-0.0503735
-0.0508277
-0.0497314
-0.0505978
-0.0494838
-0.0481582
-0.0476246
-0.0456644
-0.0487036
-0.0477632
-0.0493127
-0.0490708
-0.0491625
-0.0495912
-0.0490906
-0.0504079
-0.0504538
-0.0506272
-0.0494043
-0.0482165
-0.0483564
-0.0495337
-0.0471157
-0.048593
-0.0480736
-0.0489442
-0.0468512
-0.0413122
-0.0392589
-0.0429378
-0.0404421
-0.0411503
-0.0438992
-0.0458326
-0.0459821
-0.0487596
-0.0484262
-0.0446642
-0.0463064
-0.04717
-0.0441932
-0.0377
-0.0444574
-0.0445192
-0.0472588
-0.0414167
-0.045291
-0.0501707
-0.0495429
-0.0501696
-0.0497636
-0.0497695
-0.0502284
-0.0501441
-0.0499304
-0.0497602
-0.0496466
-0.0499544
-0.049642
-0.0501897
-0.0498543
-0.049376
-0.049691
-0.0497482
-0.0493008
-0.0493142
-0.0492736
-0.0497946
-0.0498452
-0.0496888
-0.0502913
-0.0494723
-0.0504381
-0.0504299
-0.0501422
-0.0503471
-0.048133
-0.0500574
-0.0491883
-0.0506628
-0.0495649
-0.0503625
-0.0501012
-0.0499719
-0.0486814
-0.0492848
-0.049535
-0.0498482
-0.0496345
-0.050431
-0.049775
-0.0495349
-0.0492897
-0.0497733
-0.0496067
-0.0497911
-0.0495769
-0.0499981
-0.0497182
-0.0497491
-0.0497517
-0.0501662
-0.0506351
-0.0495732
-0.0499755
-0.0499106
-0.0497018
-0.0498967
-0.0499417
-0.0501965
-0.049676
-0.0502668
-0.0498814
-0.048999
-0.050303
-0.0506197
-0.0500141
-0.0501977
-0.049417
-0.0501537
-0.0502853
-0.0495805
-0.049751
-0.0498145
-0.0499185
-0.0499595
-0.0504445
-0.049912
-0.0498186
-0.0495593
-0.0499419
-0.0499349
-0.0498327
-0.0498985
-0.0498193
-0.0497965
-0.0499417
-0.0498877
-0.0492847
-0.0497703
-0.0498664
-0.0501095
-0.0497362
-0.0495205
-0.0500102
-0.0497507
-0.0496292
-0.0496823
-0.0498484
-0.0500167
-0.0499184
-0.0496829
-0.0497969
-0.0495894
-0.049793
-0.0496296
-0.0497389
-0.049783
-0.0498024
-0.0503441
-0.049804
-0.0497185
-0.0497621
-0.0499186
-0.0498143
-0.0499964
-0.0499662
-0.0499714
-0.0496509
-0.0498791
-0.0498976
-0.04984
-0.0497177
-0.0503926
-0.0494343
-0.050521
-0.0502632
-0.0495398
-0.0501886
-0.0495788
-0.0490891
-0.0500687
-0.0506582
-0.0502907
-0.0494082
-0.0496025
-0.0495787
-0.0492878
-0.0500049
-0.0500313
-0.0503389
-0.0507409
-0.0502468
-0.049621
-0.0499812
-0.0503641
-0.0496309
-0.0498908
-0.0497715
-0.0498937
-0.0497848
-0.0497454
-0.0498942
-0.0495305
-0.0501228
-0.0496208
-0.049747
-0.0497147
-0.0497202
-0.0497509
-0.0499407
-0.0501129
-0.049788
-0.0498636
-0.0496807
-0.0511944
-0.0489521
-0.05006
-0.0496896
-0.0501625
-0.050557
-0.0498415
-0.0495451
-0.0496684
-0.0499378
-0.0495974
-0.0496831
-0.0500195
-0.0503089
-0.0497049
-0.0502787
-0.0500268
-0.0494003
-0.0502054
-0.0505189
-0.0502294
-0.0494581
-0.0497172
-0.0497987
-0.0495768
-0.0498033
-0.0497296
-0.0499887
-0.0496571
-0.0498662
-0.0498589
-0.0496852
-0.0497906
-0.0497823
-0.0498219
-0.0497665
-0.0498642
-0.0497715
-0.0498195
-0.0497576
-0.0497754
-0.0497588
-0.0498268
-0.04987
-0.0498406
-0.0498607
-0.0497977
-0.0497894
-0.0498137
-0.0498105
-0.0498
-0.049744
-0.0497643
-0.0497469
-0.0498017
-0.0497554
-0.0498429
-0.0497909
-0.0498075
-0.0498045
-0.049826
-0.0497889
-0.0498052
-0.0498517
-0.0497897
-0.049785
-0.0498239
-0.0499026
-0.0497953
-0.0497391
-0.0499625
-0.0498084
-0.0496949
-0.049902
-0.0498172
-0.0497437
-0.0496987
-0.0498532
-0.0498167
-0.0498343
-0.049829
-0.049762
-0.0496952
-0.0497351
-0.0496644
-0.049763
-0.0497928
-0.0497455
-0.0497739
-0.049797
-0.0497478
-0.0497374
-0.0497421
-0.0497951
-0.0497614
-0.049773
-0.049735
-0.04972
-0.0497024
-0.0498865
-0.0495262
-0.0497532
-0.0497339
-0.0497398
-0.0497365
-0.0498142
-0.049778
-0.0497193
-0.0497542
-0.0497129
-0.0497754
-0.0497508
-0.0492341
-0.050387
-0.0504852
-0.0502378
-0.0495054
-0.0494767
-0.0501525
-0.0491336
-0.04988
-0.0501108
-0.0506713
-0.0502918
-0.0501203
-0.0495797
-0.048915
-0.0504396
-0.0499794
-0.0492911
-0.0502189
-0.0494192
-0.0494349
-0.0497637
-0.0497271
-0.0499016
-0.0498111
-0.0500568
-0.0498534
-0.0497852
-0.0496726
-0.0494686
-0.0499248
-0.0496142
-0.0501205
-0.0497087
-0.0497078
-0.0512603
-0.0500182
-0.04892
-0.0505992
-0.050069
-0.0497071
-0.0498345
-0.0497838
-0.0494984
-0.050049
-0.0496337
-0.0498789
-0.049777
-0.0498593
-0.0494363
-0.0496079
-0.0494528
-0.0496599
-0.0499158
-0.0498002
-0.0494693
-0.0496724
-0.0494492
-0.0499973
-0.0498416
-0.0498595
-0.0497453
-0.0495565
-0.0501298
-0.0496691
-0.0493843
-0.0493973
-0.0494415
-0.0493827
-0.049891
-0.0496648
-0.049159
-0.0502201
-0.050326
-0.0492969
-0.0500621
-0.0495394
-0.0495835
-0.0497597
-0.0497547
-0.0497843
-0.049658
-0.0498328
-0.049815
-0.0497654
-0.0497073
-0.0498128
-0.049671
-0.049646
-0.0497729
-0.0497794
-0.0498506
-0.0503312
-0.049841
-0.0495939
-0.0498903
-0.0495574
-0.0498712
-0.0494121
-0.0498549
-0.0496812
-0.049724
-0.0494721
-0.0498961
-0.0498553
-0.0498124
-0.0501038
-0.0496699
-0.0500695
-0.0498684
-0.0498382
-0.0497249
-0.0501261
-0.0493963
-0.050113
-0.0495664
-0.0502353
-0.0497118
-0.0497419
-0.0499559
-0.0498758
-0.0500444
-0.0500342
-0.0499263
-0.0500298
-0.0498297
-0.0501295
-0.0495037
-0.049822
-0.0500489
-0.049604
-0.049595
-0.0498546
-0.0499409
-0.0516982
-0.0499294
-0.0497132
-0.05027
-0.0502668
-0.0496289
-0.0497545
-0.049969
-0.049873
-0.0494347
-0.0496582
-0.0497029
-0.0498009
-0.0501564
-0.0498308
-0.0504702
-0.0496871
-0.0499537
-0.0497625
-0.0498439
-0.0501415
-0.0500392
-0.0499738
-0.0501021
-0.0499899
-0.0499645
-0.0500328
-0.0501607
-0.0497373
-0.0500464
-0.0499694
-0.0503054
-0.0501766
-0.050011
-0.0493605
-0.0498545
-0.0511944
-0.0495549
-0.0500384
-0.0500226
-0.0501369
-0.0503138
-0.0493722
-0.0494769
-0.0499349
-0.049266
-0.0497154
-0.0498198
-0.0496899
-0.0496259
-0.0496851
-0.0498096
-0.0495113
-0.0497671
-0.0497165
-0.0494229
-0.04975
-0.0498105
-0.0497854
-0.0494752
-0.0498097
-0.0498369
-0.0498752
-0.0490362
-0.0478548
-0.0496402
-0.0497136
-0.0496472
-0.0498639
-0.0355079
-0.0403941
-0.035406
-0.0402144
-0.036121
-0.0410745
-0.0416759
-0.0462234
-0.0413517
-0.0411623
-0.0454366
-0.0394971
-0.0455729
-0.0465729
-0.0377267
-0.0431436
-0.0400053
-0.0435832
-0.0433944
-0.0381509
-0.0436978
-0.0376059
-0.0387461
-0.0378213
-0.0427979
-0.0450933
-0.0433777
-0.0447364
-0.0388257
-0.0322632
-0.0332912
-0.0383967
-0.0327494
-0.0413241
-0.0413986
-0.0318493
-0.037605
-0.0325012
-0.0379315
-0.0326668
-0.0410818
-0.0408344
-0.0352915
-0.0413295
-0.0368549
-0.0404676
-0.0371355
-0.0423273
-0.0427224
-0.0438943
-0.0381966
-0.0380891
-0.0428467
-0.0369723
-0.0432299
-0.0444236
-0.0330792
-0.0393879
-0.0366272
-0.0402737
-0.0418396
-0.0371084
-0.0427279
-0.0378575
-0.0400718
-0.0375386
-0.0422752
-0.0422479
-0.0426092
-0.0427052
-0.0409572
-0.0357395
-0.0383169
-0.0405452
-0.0383123
-0.0400983
-0.0411308
-0.0356835
-0.0410236
-0.0388891
-0.0407481
-0.0386037
-0.0403989
-0.0408763
-0.0322601
-0.0388171
-0.0332849
-0.0383938
-0.0327474
-0.0413218
-0.0413919
-0.0318464
-0.0376038
-0.0324986
-0.0379275
-0.0326654
-0.0410782
-0.0408323
-0.0403805
-0.0354915
-0.035398
-0.0401846
-0.0361071
-0.0410514
-0.0416664
-0.046209
-0.0413422
-0.0411434
-0.0394793
-0.0454221
-0.0455432
-0.0465432
-0.0377061
-0.0431345
-0.0399972
-0.0433488
-0.0381341
-0.0435702
-0.0436663
-0.0375972
-0.0387285
-0.0378064
-0.0427759
-0.0450908
-0.0433693
-0.0447152
-0.0356321
-0.0409413
-0.0381213
-0.0405196
-0.0381648
-0.0401654
-0.041176
-0.0355751
-0.0410167
-0.0388236
-0.0407155
-0.0384397
-0.0404986
-0.0409274
-0.0413341
-0.0352475
-0.0366888
-0.040502
-0.0370745
-0.0423714
-0.0427575
-0.043833
-0.0381653
-0.0379594
-0.0368966
-0.0428481
-0.043257
-0.0444664
-0.0330268
-0.0394025
-0.0366085
-0.0402864
-0.0370518
-0.0418502
-0.0427476
-0.0376012
-0.0398088
-0.0374026
-0.0423262
-0.0422826
-0.0427569
-0.0426159
-0.0499314
-0.0498621
-0.0500205
-0.0500233
-0.0499126
-0.050014
-0.0498179
-0.0500953
-0.0497986
-0.049476
-0.0495824
-0.0500219
-0.0495737
-0.0498279
-0.0499257
-0.0516949
-0.0499345
-0.0497016
-0.0502581
-0.0502689
-0.0496337
-0.0499516
-0.0498926
-0.049967
-0.0497559
-0.0500474
-0.0499866
-0.0499684
-0.0501278
-0.0499633
-0.0500277
-0.0499735
-0.0500802
-0.049951
-0.050024
-0.0501428
-0.0497278
-0.0500325
-0.0499606
-0.0502816
-0.0501702
-0.050008
-0.0493416
-0.0498363
-0.051172
-0.0500163
-0.0495325
-0.0500009
-0.0501163
-0.0497602
-0.0499777
-0.0498734
-0.0496564
-0.0494406
-0.0497041
-0.0498025
-0.0501467
-0.0498358
-0.0504698
-0.0499523
-0.0496914
-0.0497644
-0.0498455
-0.0492888
-0.0494267
-0.0497166
-0.049843
-0.0497944
-0.0496322
-0.0496419
-0.0505086
-0.0490679
-0.0487481
-0.0489819
-0.0498498
-0.0497573
-0.0499852
-0.0489898
-0.0504325
-0.0498206
-0.0496301
-0.0506954
-0.0503235
-0.0495352
-0.0496995
-0.0496849
-0.0496292
-0.0498061
-0.0495121
-0.0497654
-0.0497186
-0.0494296
-0.0497484
-0.0498083
-0.0497801
-0.049476
-0.0498069
-0.0498344
-0.0498554
-0.0490303
-0.0478639
-0.0496208
-0.0497101
-0.0496392
-0.0498552
-0.0502881
-0.0493619
-0.0494624
-0.0492487
-0.049909
-0.0496964
-0.0498062
-0.0494682
-0.0496222
-0.0494643
-0.0496695
-0.0499341
-0.049819
-0.049482
-0.0497462
-0.0498723
-0.0496586
-0.0498717
-0.0497155
-0.049738
-0.0497585
-0.0496638
-0.0494388
-0.0499485
-0.0501793
-0.049595
-0.0497395
-0.0497202
-0.0517845
-0.0500825
-0.0489229
-0.0499804
-0.0498149
-0.0505768
-0.0498452
-0.0496874
-0.0494673
-0.0500214
-0.0498551
-0.049882
-0.0497625
-0.0495737
-0.0501578
-0.0494288
-0.0496993
-0.0494383
-0.0494486
-0.0494057
-0.0499127
-0.0496783
-0.0491762
-0.0502426
-0.0493148
-0.0503543
-0.0500834
-0.0495653
-0.0501412
-0.0494027
-0.0501079
-0.0495567
-0.0502418
-0.0497321
-0.0497579
-0.0497647
-0.0497902
-0.0497285
-0.0496974
-0.0496664
-0.0498543
-0.0497811
-0.0498422
-0.0503833
-0.0498674
-0.0499555
-0.0496071
-0.0496035
-0.0498766
-0.0492908
-0.049818
-0.0497182
-0.0496973
-0.050064
-0.0494604
-0.0499791
-0.0498569
-0.049646
-0.0498516
-0.0496726
-0.0497801
-0.049773
-0.0498154
-0.049759
-0.0498468
-0.0497639
-0.0498107
-0.0497449
-0.0497645
-0.0497511
-0.0498129
-0.0498656
-0.0498226
-0.0497883
-0.0498554
-0.0497766
-0.0498065
-0.0498009
-0.0497922
-0.0497326
-0.0497555
-0.0497392
-0.0497473
-0.049795
-0.0498006
-0.0498358
-0.0498011
-0.0498049
-0.0498198
-0.0497869
-0.049805
-0.049845
-0.0497906
-0.0497786
-0.0498187
-0.0498961
-0.0497908
-0.0497363
-0.0498146
-0.0499589
-0.0496882
-0.0499082
-0.0498135
-0.0497404
-0.0496937
-0.0498507
-0.0498208
-0.049831
-0.0498331
-0.0497578
-0.0496935
-0.0497361
-0.0497877
-0.0496542
-0.0497901
-0.0497662
-0.0497698
-0.0497863
-0.0497464
-0.0497313
-0.0497352
-0.0497899
-0.0497554
-0.0497729
-0.049727
-0.0497199
-0.0497014
-0.0498849
-0.0495208
-0.0497572
-0.0497298
-0.0497362
-0.049728
-0.0498088
-0.0497721
-0.0497107
-0.0497407
-0.0497175
-0.0497611
-0.0497467
-0.0496092
-0.049762
-0.0496794
-0.0497871
-0.0496643
-0.0497565
-0.0497145
-0.0497397
-0.0498159
-0.0498101
-0.0497741
-0.049769
-0.0497314
-0.049738
-0.0496752
-0.0495085
-0.0498772
-0.0496889
-0.0497538
-0.0497464
-0.0497321
-0.0497767
-0.049756
-0.0496711
-0.0497169
-0.0497313
-0.0497358
-0.0497277
-0.0496255
-0.0497388
-0.0499257
-0.0497541
-0.0498187
-0.0497123
-0.0496666
-0.049806
-0.0497546
-0.0497531
-0.0496985
-0.0497486
-0.0496676
-0.049713
-0.049752
-0.0497572
-0.0497527
-0.0497859
-0.0497464
-0.0497492
-0.0497331
-0.0497498
-0.0497524
-0.0497522
-0.0497901
-0.0497211
-0.0497215
-0.049726
-0.0495663
-0.0497472
-0.0497988
-0.0496981
-0.0496323
-0.0497495
-0.0497828
-0.0497146
-0.0497625
-0.0497248
-0.0497053
-0.0497979
-0.0497535
-0.0496999
-0.0497463
-0.0497231
-0.0497713
-0.0497134
-0.0498285
-0.0497493
-0.0497992
-0.0497775
-0.0497281
-0.049693
-0.0497333
-0.0496771
-0.0497157
-0.0497737
-0.0496817
-0.0496678
-0.0496782
-0.0496855
-0.0497131
-0.0497233
-0.0497185
-0.0496675
-0.0496113
-0.0496587
-0.0497434
-0.0497012
-0.049721
-0.0496587
-0.0498255
-0.0500141
-0.0495598
-0.0497863
-0.0498897
-0.0497625
-0.049833
-0.0497324
-0.0498335
-0.0497895
-0.0497847
-0.0497934
-0.0497708
-0.0498163
-0.0495401
-0.0497933
-0.0497206
-0.0497085
-0.0497384
-0.0497846
-0.0497842
-0.0494852
-0.0498731
-0.0498128
-0.0498664
-0.0497425
-0.0498259
-0.0498206
-0.0503361
-0.0497569
-0.0496724
-0.0496338
-0.049909
-0.0497442
-0.0499692
-0.0498886
-0.0498531
-0.0495151
-0.0498247
-0.0498546
-0.0497844
-0.0495639
-0.0493166
-0.0495455
-0.0500699
-0.0498155
-0.049769
-0.0499108
-0.0497511
-0.0497722
-0.049785
-0.0497461
-0.049784
-0.0497929
-0.0497905
-0.0497855
-0.0496602
-0.0498056
-0.0498281
-0.0498246
-0.0497283
-0.0497601
-0.0497883
-0.0497142
-0.0498308
-0.0498266
-0.0498729
-0.0497893
-0.0497695
-0.0497819
-0.0501487
-0.0500701
-0.0498992
-0.050036
-0.0501256
-0.0500526
-0.0500989
-0.0498557
-0.0500755
-0.0500474
-0.0499674
-0.0500604
-0.0500341
-0.0500067
-0.0495372
-0.0497248
-0.0494807
-0.0498468
-0.0498951
-0.0498189
-0.0496108
-0.0497573
-0.0494744
-0.0499164
-0.0497415
-0.0496718
-0.0497243
-0.0498139
-0.0482613
-0.0511002
-0.0477748
-0.0504494
-0.0471091
-0.0499717
-0.0508429
-0.0484071
-0.0455625
-0.0452367
-0.0485624
-0.0457151
-0.0498235
-0.0497391
-0.0476126
-0.0493349
-0.0466105
-0.0485942
-0.0501089
-0.0465724
-0.0495604
-0.0467281
-0.0459867
-0.0462202
-0.0505368
-0.050411
-0.0541082
-0.0492931
-0.0511231
-0.0479681
-0.0492447
-0.0512374
-0.0483545
-0.0507269
-0.0504494
-0.0494866
-0.0514298
-0.0482985
-0.0513636
-0.0483654
-0.0507896
-0.0506713
-0.0473478
-0.0506153
-0.0457856
-0.0500803
-0.0454157
-0.0479425
-0.0484124
-0.044972
-0.0416935
-0.0418483
-0.0457464
-0.0426345
-0.0468826
-0.0451521
-0.0464492
-0.0490482
-0.0431573
-0.0495917
-0.0461652
-0.0445394
-0.0472316
-0.045113
-0.0453966
-0.0436658
-0.0466044
-0.0459259
-0.0458457
-0.0448168
-0.050819
-0.0459683
-0.0488825
-0.0511808
-0.0465511
-0.0494803
-0.0489346
-0.0490747
-0.0514452
-0.0476774
-0.0513287
-0.0473305
-0.0498657
-0.0502365
-0.0475995
-0.0428384
-0.043244
-0.0416395
-0.0487702
-0.0477482
-0.0503573
-0.0475844
-0.0428199
-0.0432511
-0.0416226
-0.0487418
-0.0477129
-0.0503485
-0.0431211
-0.0403272
-0.0432478
-0.0439135
-0.0444674
-0.0418762
-0.0446649
-0.0482858
-0.0477952
-0.0511284
-0.0471292
-0.050478
-0.0499982
-0.0508693
-0.0484117
-0.0455814
-0.045251
-0.0457343
-0.0485738
-0.0498356
-0.0497436
-0.047639
-0.0466407
-0.0493646
-0.0465969
-0.0486148
-0.0501376
-0.0495845
-0.0467423
-0.0459957
-0.0462359
-0.0505514
-0.0504156
-0.049302
-0.054114
-0.0479902
-0.0511508
-0.0492701
-0.0483798
-0.0512652
-0.0507548
-0.0504768
-0.0495131
-0.0483231
-0.0514567
-0.0483918
-0.0513919
-0.0508178
-0.0506978
-0.0459905
-0.0508466
-0.0488999
-0.0465813
-0.0512077
-0.0495047
-0.0489572
-0.0490928
-0.0477166
-0.0514533
-0.0473638
-0.0513404
-0.0498814
-0.0502509
-0.0495485
-0.0497249
-0.0494897
-0.0499098
-0.0498513
-0.0498239
-0.0496171
-0.0497667
-0.0494845
-0.0499353
-0.0496891
-0.0497476
-0.049732
-0.0498225
-0.0500224
-0.0498383
-0.0495665
-0.0497931
-0.0497695
-0.0498949
-0.0498382
-0.049736
-0.0498381
-0.0497941
-0.0497899
-0.0497974
-0.0497746
-0.0498215
-0.0495462
-0.0497965
-0.0497246
-0.0497142
-0.0497439
-0.0497901
-0.0497874
-0.0494949
-0.0498212
-0.0498781
-0.0497499
-0.0498717
-0.0498307
-0.0498259
-0.0503389
-0.0497733
-0.0496672
-0.0496298
-0.0499095
-0.0497589
-0.0500004
-0.0498902
-0.0498477
-0.0495322
-0.0498205
-0.0498608
-0.0497971
-0.0495873
-0.0496458
-0.0496124
-0.0496839
-0.049975
-0.049802
-0.0499012
-0.0496644
-0.0498123
-0.049576
-0.0497645
-0.0497302
-0.0496671
-0.0497874
-0.0497815
-0.0495071
-0.0493059
-0.050029
-0.0497566
-0.049849
-0.0497585
-0.0496985
-0.0496702
-0.0497593
-0.0498022
-0.0497244
-0.049847
-0.0497147
-0.0497279
-0.0496038
-0.0497088
-0.049754
-0.0496845
-0.0497822
-0.0497532
-0.0497154
-0.0497318
-0.0498081
-0.0497992
-0.049769
-0.0497607
-0.0497211
-0.0497274
-0.0496764
-0.0498768
-0.0495029
-0.0497555
-0.0496867
-0.049751
-0.0497279
-0.0497693
-0.0497473
-0.0496637
-0.0497058
-0.0497208
-0.0497177
-0.0497232
-0.0497452
-0.0496193
-0.049911
-0.0498224
-0.0497534
-0.0497041
-0.0496611
-0.0497887
-0.0497501
-0.0497481
-0.0497461
-0.0496842
-0.0496576
-0.0496999
-0.0497466
-0.0497439
-0.0497471
-0.0497864
-0.0497182
-0.0497233
-0.0497189
-0.0496702
-0.0496746
-0.0496743
-0.0497216
-0.04968
-0.0497186
-0.0497128
-0.049662
-0.0496618
-0.0496031
-0.0497042
-0.0497368
-0.0497151
-0.0496516
-0.0497284
-0.0497008
-0.0496964
-0.0497479
-0.0497434
-0.0497276
-0.049708
-0.0497208
-0.0497117
-0.0497131
-0.0498021
-0.0497548
-0.0497352
-0.0496918
-0.0497561
-0.0497822
-0.0495378
-0.0497255
-0.0496341
-0.0497004
-0.0497398
-0.0497743
-0.0497667
-0.0497956
-0.0497358
-0.049794
-0.0497303
-0.0497376
-0.0497869
-0.0497819
-0.0497303
-0.0497287
-0.0497294
-0.0497447
-0.0497433
-0.0497066
-0.0497514
-0.0497353
-0.0497202
-0.0496796
-0.0497721
-0.0497179
-0.0497636
-0.0497626
-0.0497571
-0.0497915
-0.0497513
-0.0497347
-0.0497506
-0.0497454
-0.0497325
-0.0497344
-0.0497749
-0.0497173
-0.0497178
-0.0497127
-0.0498215
-0.0495635
-0.0497105
-0.0496791
-0.0497772
-0.0496998
-0.0496528
-0.0496904
-0.0496565
-0.0496947
-0.0495875
-0.0496888
-0.049629
-0.049687
-0.0496907
-0.0496954
-0.0495802
-0.0497284
-0.0496733
-0.0497841
-0.0497392
-0.0496837
-0.0497622
-0.0497319
-0.0497263
-0.0497733
-0.0497438
-0.0497046
-0.0497653
-0.0497037
-0.0496351
-0.0497189
-0.049669
-0.0497047
-0.0497585
-0.049672
-0.0495069
-0.049882
-0.0497206
-0.0497754
-0.0497512
-0.0497813
-0.0501028
-0.0493665
-0.0495899
-0.049798
-0.0499368
-0.0498428
-0.0497797
-0.049834
-0.0498348
-0.0498079
-0.049815
-0.0497815
-0.0498143
-0.049803
-0.0497366
-0.049847
-0.0498396
-0.0498922
-0.0498065
-0.0497965
-0.049806
-0.049991
-0.0498926
-0.0496823
-0.0499498
-0.0498756
-0.0498453
-0.049814
-0.0497102
-0.0496897
-0.0495738
-0.0499424
-0.0497841
-0.0498537
-0.0496197
-0.0497617
-0.049732
-0.0495739
-0.0497336
-0.0495897
-0.0497248
-0.0497266
-0.0503235
-0.0496521
-0.0497302
-0.0499158
-0.0496304
-0.0498292
-0.0499747
-0.0498717
-0.0495776
-0.0498667
-0.0498815
-0.0498108
-0.0498386
-0.0496527
-0.0495396
-0.0498236
-0.0500061
-0.0498733
-0.0497433
-0.0497666
-0.0498033
-0.0498002
-0.0498157
-0.0497744
-0.0497847
-0.0497959
-0.0497889
-0.0497892
-0.0494726
-0.0498586
-0.0498001
-0.049855
-0.0497301
-0.0497986
-0.0497964
-0.0497183
-0.0497698
-0.0497776
-0.0497168
-0.0497657
-0.0498037
-0.0497932
-0.0496057
-0.0495498
-0.0497908
-0.0499827
-0.0499251
-0.0499085
-0.0496954
-0.049819
-0.0499981
-0.0495262
-0.0497352
-0.0497952
-0.0497818
-0.0498893
-0.0501422
-0.0498869
-0.0500092
-0.0499879
-0.0500678
-0.0500354
-0.050088
-0.0498157
-0.0499925
-0.0500372
-0.0499325
-0.0500057
-0.0500282
-0.0499825
-0.0491839
-0.0511687
-0.04639
-0.0514763
-0.0469431
-0.0499375
-0.0494415
-0.0493004
-0.051528
-0.0479825
-0.0515202
-0.0476804
-0.0502397
-0.050527
-0.0510321
-0.0462366
-0.0477888
-0.0505536
-0.0458638
-0.0484906
-0.0489629
-0.0450052
-0.0418606
-0.0418716
-0.0428568
-0.0460648
-0.0472921
-0.0452598
-0.0454259
-0.0453873
-0.0439217
-0.0470654
-0.046051
-0.0453594
-0.0459851
-0.0469174
-0.0495951
-0.043568
-0.0501313
-0.044985
-0.0466922
-0.0477999
-0.0493479
-0.0514142
-0.0479071
-0.0514378
-0.0482395
-0.0507019
-0.0504855
-0.0495018
-0.0514669
-0.0480448
-0.0514815
-0.0481773
-0.0506881
-0.0504862
-0.051495
-0.0478173
-0.0484708
-0.0508637
-0.0471901
-0.0501689
-0.0509949
-0.0483626
-0.0448791
-0.0453237
-0.0455544
-0.0484589
-0.0496982
-0.0494062
-0.0465082
-0.0455905
-0.0460667
-0.0504423
-0.0500319
-0.0540507
-0.0490577
-0.0477627
-0.0496729
-0.0465702
-0.0504867
-0.0466227
-0.0486855
-0.0497527
-0.0428992
-0.043152
-0.0401679
-0.0440104
-0.0442358
-0.0415919
-0.0444306
-0.0472643
-0.0427034
-0.0425113
-0.0413674
-0.048445
-0.047473
-0.0496405
-0.0429153
-0.0431611
-0.0401884
-0.0440329
-0.0442511
-0.0416021
-0.0444392
-0.0472395
-0.0426865
-0.0424918
-0.0413658
-0.0484227
-0.0495578
-0.0474566
-0.0492016
-0.0464027
-0.0511891
-0.0469589
-0.0514972
-0.0499555
-0.0494572
-0.0493201
-0.0480034
-0.0515519
-0.0476987
-0.0515425
-0.0502598
-0.0505494
-0.0462472
-0.0510518
-0.0478002
-0.0458739
-0.0505721
-0.0485038
-0.0489776
-0.0450084
-0.0418581
-0.0418701
-0.0428556
-0.0460669
-0.0472954
-0.0452633
-0.0454236
-0.0453817
-0.0439212
-0.0470704
-0.0460624
-0.0459914
-0.0453684
-0.0469268
-0.0435736
-0.0496107
-0.044993
-0.0501495
-0.0467019
-0.0478124
-0.0478613
-0.051504
-0.0484995
-0.0472192
-0.0508719
-0.0501753
-0.0510135
-0.0483562
-0.0448836
-0.0453496
-0.0484537
-0.0455811
-0.0497064
-0.0494069
-0.0465531
-0.0456078
-0.0460989
-0.0504602
-0.0500596
-0.0541108
-0.0490734
-0.0477825
-0.0465969
-0.0496817
-0.0486924
-0.046646
-0.0505018
-0.049761
-0.0496037
-0.0495603
-0.0497983
-0.0499869
-0.0499261
-0.049908
-0.049703
-0.0498208
-0.0499961
-0.0495244
-0.0497325
-0.0497889
-0.0497752
-0.0498913
-0.0502002
-0.0499528
-0.050076
-0.0500371
-0.0501354
-0.0500752
-0.0501398
-0.0498502
-0.0500436
-0.0501013
-0.049971
-0.0500661
-0.0500648
-0.0500115
-0.0501136
-0.0496008
-0.0493755
-0.0499451
-0.0498062
-0.049851
-0.0497863
-0.049839
-0.04984
-0.0498139
-0.0498207
-0.0497852
-0.0498075
-0.0498194
-0.0497419
-0.0498485
-0.0498534
-0.049816
-0.0498989
-0.0498024
-0.0498116
-0.0499944
-0.0498984
-0.0496885
-0.0499575
-0.0498824
-0.049852
-0.0498192
-0.0497076
-0.0496934
-0.0495734
-0.0497833
-0.049948
-0.0498542
-0.0496397
-0.0497635
-0.0497311
-0.0495774
-0.0495789
-0.0497257
-0.0497143
-0.0497238
-0.0503189
-0.049646
-0.0497778
-0.049657
-0.0499129
-0.0498568
-0.0500153
-0.0498892
-0.049609
-0.0498916
-0.049839
-0.0498901
-0.0498801
-0.0497103
-0.0497139
-0.0496808
-0.0496881
-0.04973
-0.0497364
-0.0497112
-0.0496925
-0.0497033
-0.0496973
-0.0496952
-0.0497399
-0.0497939
-0.0497195
-0.0496768
-0.0497577
-0.0497415
-0.0495098
-0.0496014
-0.0497085
-0.0496813
-0.0497199
-0.0497483
-0.0497405
-0.0497722
-0.0497079
-0.0497677
-0.0497138
-0.0497187
-0.0497618
-0.0497613
-0.0497086
-0.0497146
-0.0497149
-0.0497302
-0.0497259
-0.04967
-0.0497151
-0.0497266
-0.0496526
-0.0496926
-0.0497395
-0.0496972
-0.049744
-0.0497429
-0.049745
-0.0497793
-0.0497387
-0.0497381
-0.049717
-0.0497447
-0.0497308
-0.049727
-0.0497752
-0.0497154
-0.0497178
-0.0497096
-0.0497419
-0.0496959
-0.0495933
-0.0497092
-0.0497403
-0.0497751
-0.0497285
-0.0496816
-0.0497586
-0.0497262
-0.0497777
-0.0497226
-0.0497369
-0.0497006
-0.0497587
-0.049702
-0.0496287
-0.0497022
-0.0496713
-0.0497371
-0.0496993
-0.0496729
-0.0498893
-0.0495139
-0.0497575
-0.0497887
-0.049723
-0.049774
-0.0497983
-0.0496512
-0.0497581
-0.0498303
-0.0497355
-0.0498032
-0.0497752
-0.0497555
-0.0498007
-0.0498161
-0.0497854
-0.0498074
-0.0497708
-0.0497545
-0.0497871
-0.0497607
-0.049692
-0.0497474
-0.0497351
-0.049739
-0.0497721
-0.0496958
-0.0495821
-0.0499029
-0.0497907
-0.0497535
-0.0497783
-0.0497807
-0.0497575
-0.049939
-0.0498394
-0.0498476
-0.0498514
-0.0497498
-0.0497503
-0.0498456
-0.0498222
-0.0497903
-0.0498035
-0.0497985
-0.0497123
-0.0497414
-0.0497381
-0.0497633
-0.0497126
-0.0497733
-0.0497702
-0.0497441
-0.0497342
-0.0497622
-0.0497502
-0.0497283
-0.0498516
-0.0497791
-0.0497581
-0.0496879
-0.0497846
-0.0495963
-0.0498056
-0.0497251
-0.0496537
-0.049742
-0.0497649
-0.049746
-0.0497386
-0.049765
-0.049698
-0.0497859
-0.0497254
-0.0497145
-0.0497806
-0.0497714
-0.0497035
-0.0497332
-0.0497128
-0.0497375
-0.0497554
-0.0497147
-0.0497117
-0.049797
-0.0497036
-0.0497133
-0.0497981
-0.0497493
-0.0498467
-0.0498612
-0.0503279
-0.0499109
-0.0496761
-0.0495502
-0.0498625
-0.0499249
-0.0498477
-0.0499174
-0.0497631
-0.0497956
-0.0498873
-0.0498932
-0.0492754
-0.0497236
-0.0498596
-0.0500298
-0.0495274
-0.0497228
-0.0499616
-0.0497762
-0.0495912
-0.0500517
-0.0499821
-0.0498317
-0.0498214
-0.0496972
-0.0500208
-0.0500652
-0.0493095
-0.0495014
-0.0502132
-0.0496922
-0.0496792
-0.0496429
-0.0502442
-0.0491564
-0.0492251
-0.0502747
-0.0500106
-0.0495068
-0.0501137
-0.0496399
-0.049374
-0.0494292
-0.049373
-0.0493591
-0.049848
-0.0498302
-0.0500929
-0.0495728
-0.0499389
-0.0497114
-0.0498183
-0.0498623
-0.049472
-0.0495298
-0.0496455
-0.0499727
-0.04971
-0.0498196
-0.0495236
-0.0489444
-0.0500198
-0.0505031
-0.0492983
-0.0502756
-0.0494693
-0.0494706
-0.0490878
-0.0499246
-0.0500494
-0.05068
-0.0503216
-0.0501491
-0.0495433
-0.0498158
-0.0495215
-0.0497828
-0.0498582
-0.0495959
-0.0497857
-0.0497812
-0.0502929
-0.0495399
-0.0494041
-0.0493028
-0.0500224
-0.049786
-0.049821
-0.0495168
-0.0498784
-0.0498042
-0.0498489
-0.0495883
-0.0498903
-0.0499191
-0.049863
-0.0497536
-0.0497856
-0.0496346
-0.049901
-0.0498615
-0.0498216
-0.0499324
-0.0479358
-0.0491144
-0.0497743
-0.0497724
-0.0496722
-0.0499284
-0.0494474
-0.0493065
-0.0497792
-0.0499311
-0.049822
-0.0497112
-0.0496768
-0.0490665
-0.0499328
-0.0505275
-0.049674
-0.0507654
-0.0503685
-0.0496109
-0.0505725
-0.0487974
-0.0491296
-0.0499206
-0.0491267
-0.0498508
-0.0500583
-0.0500325
-0.0499789
-0.0500346
-0.0501042
-0.0498721
-0.0500989
-0.0500385
-0.0502316
-0.0499906
-0.0496924
-0.0502972
-0.0500034
-0.0501147
-0.049998
-0.0502138
-0.0501036
-0.0500758
-0.0500591
-0.0501917
-0.0500273
-0.0501274
-0.0494169
-0.0512419
-0.049889
-0.05006
-0.0501486
-0.0495829
-0.0501706
-0.0498324
-0.0499665
-0.0500207
-0.0500142
-0.0499423
-0.0498222
-0.0500594
-0.0499676
-0.0499417
-0.0517198
-0.0502668
-0.049708
-0.0502458
-0.049646
-0.0501157
-0.0495113
-0.0498329
-0.0495833
-0.0500321
-0.049551
-0.0498827
-0.036319
-0.034949
-0.0410799
-0.0367627
-0.0402189
-0.0420306
-0.0424801
-0.0437577
-0.0376456
-0.0378992
-0.0365977
-0.04262
-0.0429404
-0.0440164
-0.0371679
-0.0394034
-0.0370529
-0.041933
-0.041949
-0.0421245
-0.0424632
-0.0327472
-0.0363487
-0.0392492
-0.0367691
-0.0416006
-0.040039
-0.0424766
-0.03765
-0.0407098
-0.035263
-0.0375722
-0.0403119
-0.0399042
-0.0409533
-0.0351738
-0.0380814
-0.0407801
-0.0377888
-0.0405078
-0.0402425
-0.0406175
-0.0333407
-0.0389336
-0.0322959
-0.0327978
-0.038361
-0.0414605
-0.0416107
-0.0319164
-0.032598
-0.0375698
-0.0327588
-0.0379053
-0.0412282
-0.0409747
-0.0376538
-0.03527
-0.0407168
-0.0375725
-0.0403181
-0.039909
-0.0409603
-0.0351793
-0.0380821
-0.0407805
-0.0377905
-0.0405122
-0.040247
-0.0406194
-0.0363274
-0.0410902
-0.0349626
-0.0367757
-0.0402309
-0.0420422
-0.0424888
-0.0437693
-0.0376636
-0.0379092
-0.0366124
-0.0426286
-0.0429544
-0.0440325
-0.037175
-0.0394147
-0.0370652
-0.0419447
-0.0419557
-0.0421353
-0.0424708
-0.0327623
-0.0363602
-0.0392565
-0.0367837
-0.0400524
-0.0416095
-0.0424909
-0.0353735
-0.0403645
-0.0353286
-0.0359359
-0.0399799
-0.040953
-0.0417169
-0.0460546
-0.0409276
-0.0410971
-0.0453838
-0.039334
-0.0454704
-0.0464094
-0.0375391
-0.0385249
-0.0376457
-0.0427532
-0.045144
-0.0434084
-0.0446659
-0.0376474
-0.0397715
-0.0427655
-0.0434136
-0.0380291
-0.0432243
-0.0435594
-0.0498201
-0.0495257
-0.0497876
-0.0498529
-0.0496038
-0.0497904
-0.0497803
-0.0502782
-0.0495398
-0.0494105
-0.0492804
-0.0500251
-0.0497851
-0.0498193
-0.0490451
-0.0499296
-0.0505195
-0.0507548
-0.0496787
-0.0503667
-0.0496055
-0.0505635
-0.0491279
-0.048795
-0.0499137
-0.0491152
-0.0498435
-0.0500508
-0.0502698
-0.0500891
-0.0498135
-0.0500831
-0.0503563
-0.050182
-0.0500692
-0.0502068
-0.0500709
-0.0501305
-0.0501769
-0.0500564
-0.0499986
-0.0501338
-0.0492843
-0.0513338
-0.0499823
-0.0496433
-0.0500982
-0.0502056
-0.0501755
-0.0501974
-0.0504324
-0.049771
-0.049641
-0.0499555
-0.0497713
-0.0498672
-0.0499698
-0.0499156
-0.0517109
-0.0497106
-0.0502594
-0.050248
-0.0496394
-0.0501638
-0.0498666
-0.0495625
-0.0500849
-0.0496177
-0.0495977
-0.0499159
-0.0497702
-0.0497655
-0.0495968
-0.0496304
-0.0498028
-0.049847
-0.0498291
-0.0498441
-0.0498471
-0.0502978
-0.0498717
-0.0496544
-0.0495167
-0.0498562
-0.0499183
-0.0499231
-0.0498333
-0.0497895
-0.0497466
-0.0498199
-0.0498798
-0.0494228
-0.0496957
-0.0499029
-0.0498965
-0.0497648
-0.0495367
-0.0498651
-0.0494466
-0.0496596
-0.0499689
-0.0498221
-0.0498298
-0.0495693
-0.0497357
-0.0496492
-0.0502481
-0.0491616
-0.0492433
-0.0502865
-0.0500326
-0.0495114
-0.0501155
-0.0493837
-0.0496554
-0.0493912
-0.0494336
-0.0493726
-0.0498567
-0.0494649
-0.0494999
-0.0496365
-0.0496939
-0.0499465
-0.0498181
-0.0495122
-0.0496691
-0.0499193
-0.049403
-0.0495861
-0.0501129
-0.0497534
-0.0497504
-0.0496606
-0.0497981
-0.0495928
-0.0496277
-0.0498386
-0.0497182
-0.049699
-0.0517093
-0.0489238
-0.0500432
-0.0505462
-0.0497507
-0.0499277
-0.0498426
-0.0503591
-0.0492
-0.0504391
-0.0502346
-0.0495041
-0.0501419
-0.0494649
-0.0489521
-0.0500021
-0.0504931
-0.0492775
-0.0502644
-0.049464
-0.0494691
-0.0491059
-0.0500655
-0.0499175
-0.0506792
-0.050314
-0.0501333
-0.0495607
-0.0497594
-0.0498571
-0.0499409
-0.0498457
-0.0498611
-0.0497447
-0.0497483
-0.0498508
-0.0498237
-0.0498028
-0.0498057
-0.0498091
-0.0497095
-0.0497435
-0.0497809
-0.0497976
-0.0495833
-0.04972
-0.0496373
-0.0497372
-0.0497609
-0.0497448
-0.0497389
-0.0497615
-0.0497851
-0.0496883
-0.0497211
-0.0497115
-0.0497772
-0.0497647
-0.0497027
-0.0497367
-0.0497068
-0.0497575
-0.0497355
-0.0497057
-0.0497008
-0.0497807
-0.0497854
-0.0496965
-0.0496966
-0.0497414
-0.0499273
-0.0497228
-0.0497445
-0.0500034
-0.049633
-0.0495455
-0.050075
-0.0494374
-0.049779
-0.0496363
-0.0498362
-0.0495333
-0.0496893
-0.0499167
-0.04982
-0.050085
-0.0503307
-0.0502962
-0.0494017
-0.0505139
-0.0502016
-0.0496611
-0.0502348
-0.04993
-0.0497448
-0.049851
-0.0498635
-0.0497919
-0.049686
-0.0499349
-0.0497436
-0.0500852
-0.0498489
-0.0498344
-0.0496689
-0.0497349
-0.0494957
-0.0499343
-0.0496831
-0.0500964
-0.0497337
-0.0497889
-0.0512013
-0.0500171
-0.048952
-0.0501123
-0.0506228
-0.0496665
-0.0497483
-0.0492769
-0.0500488
-0.0499539
-0.0503245
-0.0507437
-0.0502656
-0.0496343
-0.0490476
-0.0506152
-0.0500143
-0.0493338
-0.0502561
-0.0495498
-0.0495351
-0.0499203
-0.050206
-0.0496704
-0.0500848
-0.0497968
-0.0499033
-0.0499663
-0.0495653
-0.0496502
-0.0496872
-0.0500772
-0.0497614
-0.0498963
-0.0496337
-0.0497194
-0.0497316
-0.0495823
-0.0499552
-0.0498036
-0.0498348
-0.0496607
-0.0498057
-0.0497786
-0.049611
-0.0497485
-0.0496032
-0.049719
-0.0497715
-0.0497803
-0.0496344
-0.0500619
-0.0500287
-0.0498525
-0.0498189
-0.0496802
-0.0501559
-0.0500891
-0.0493974
-0.0495453
-0.0502137
-0.0497005
-0.0497702
-0.0501157
-0.049459
-0.0497182
-0.049487
-0.0494553
-0.0494558
-0.0498757
-0.0497093
-0.0490723
-0.050236
-0.0502637
-0.0492686
-0.0500095
-0.0496099
-0.0495674
-0.0499272
-0.0498022
-0.0499503
-0.0494345
-0.049772
-0.0501756
-0.0495771
-0.0498406
-0.0500849
-0.0501172
-0.0490817
-0.0504204
-0.0499681
-0.0494446
-0.0497149
-0.0498148
-0.0497216
-0.0495901
-0.0497148
-0.0499231
-0.0496677
-0.0497041
-0.0497104
-0.0494452
-0.0497057
-0.0500853
-0.0499622
-0.0500476
-0.0481483
-0.0503559
-0.049563
-0.0505466
-0.049132
-0.0501679
-0.0503137
-0.049486
-0.0497142
-0.0497896
-0.0491188
-0.0494685
-0.049688
-0.0493388
-0.0495332
-0.0492507
-0.0495948
-0.0489
-0.0499292
-0.0497394
-0.0500995
-0.0487125
-0.049998
-0.0495064
-0.0491826
-0.0497138
-0.0495755
-0.05027
-0.0495101
-0.0503815
-0.0503128
-0.0498536
-0.0498314
-0.0501896
-0.0498756
-0.0503237
-0.0497439
-0.0504857
-0.0494933
-0.0505183
-0.0502037
-0.0499885
-0.0496632
-0.0497932
-0.0496602
-0.0499954
-0.050138
-0.0499133
-0.0496272
-0.0485478
-0.0483428
-0.0487172
-0.0472703
-0.0481652
-0.0490263
-0.0454524
-0.0488646
-0.0461188
-0.0485621
-0.0445136
-0.046299
-0.0470117
-0.0474474
-0.0391277
-0.0414153
-0.0400937
-0.0428397
-0.0409172
-0.0440638
-0.0443341
-0.0445711
-0.0377547
-0.0473985
-0.0413728
-0.044642
-0.0453738
-0.0492344
-0.0500358
-0.0505324
-0.0509973
-0.0497659
-0.0495589
-0.0508255
-0.049279
-0.049192
-0.0497345
-0.0505095
-0.0506039
-0.0507608
-0.0494908
-0.0483461
-0.0458345
-0.0477527
-0.0479382
-0.0488566
-0.0494809
-0.0492255
-0.0446302
-0.0480818
-0.0431035
-0.0447156
-0.0451547
-0.0456192
-0.0463968
-0.0473617
-0.0469328
-0.0441651
-0.0462405
-0.0456969
-0.0471725
-0.0486029
-0.0464893
-0.050187
-0.046578
-0.0480054
-0.0461282
-0.046982
-0.0488262
-0.0398512
-0.039489
-0.0459471
-0.0438575
-0.0427461
-0.0469951
-0.0471065
-0.0448163
-0.0437644
-0.0404314
-0.0458134
-0.0441219
-0.0441212
-0.0452964
-0.0494231
-0.0488162
-0.0491197
-0.049321
-0.0496535
-0.0494339
-0.0490338
-0.0495328
-0.0492697
-0.0483531
-0.0493559
-0.0489776
-0.0496343
-0.0495638
-0.048246
-0.0465365
-0.0467709
-0.0469254
-0.0493437
-0.0487836
-0.0481611
-0.0474458
-0.0459578
-0.0438349
-0.0455746
-0.0452899
-0.0469154
-0.04788
-0.0411203
-0.0442513
-0.0374064
-0.0396062
-0.0447842
-0.0469631
-0.0466602
-0.0409182
-0.0378537
-0.0358663
-0.038659
-0.0414637
-0.0443404
-0.0438412
-0.0415497
-0.0370463
-0.0404573
-0.0410295
-0.0409591
-0.0432078
-0.0422288
-0.0410014
-0.0394851
-0.0368063
-0.0398336
-0.0400889
-0.0424049
-0.0422358
-0.0410921
-0.0373891
-0.0442443
-0.0447891
-0.0395986
-0.0469789
-0.0466547
-0.0409112
-0.0378547
-0.0358515
-0.0414677
-0.0386414
-0.0443271
-0.043828
-0.0446244
-0.0480676
-0.043102
-0.0447129
-0.0451562
-0.0456218
-0.0463922
-0.0473663
-0.0441655
-0.0469388
-0.0462425
-0.0457005
-0.0471769
-0.048608
-0.0492701
-0.0491842
-0.0497319
-0.0506019
-0.0505018
-0.0507556
-0.049485
-0.0483481
-0.0477583
-0.0458385
-0.0479371
-0.0488608
-0.0494777
-0.0492272
-0.0464977
-0.0502777
-0.0466358
-0.0461524
-0.0480876
-0.0470426
-0.0488696
-0.0398459
-0.0459533
-0.0394804
-0.0427507
-0.0438741
-0.0470234
-0.0471191
-0.0448735
-0.0437931
-0.0404286
-0.044134
-0.0458823
-0.0441636
-0.045353
-0.0474523
-0.0438239
-0.0459589
-0.0452869
-0.0455914
-0.0469404
-0.0479075
-0.0495893
-0.049308
-0.0483927
-0.0490268
-0.0493844
-0.0496755
-0.0496102
-0.0482567
-0.0467652
-0.0465179
-0.0493765
-0.0469214
-0.0488177
-0.0481891
-0.0500302
-0.0503391
-0.0481319
-0.0505253
-0.0495495
-0.049111
-0.0501532
-0.0502948
-0.0496951
-0.0494757
-0.0491019
-0.0497766
-0.0494536
-0.0496743
-0.0500854
-0.0487049
-0.0499782
-0.0494934
-0.0491623
-0.0496999
-0.0495619
-0.0493158
-0.0495188
-0.0492329
-0.0495811
-0.0488767
-0.0499165
-0.0497268
-0.049959
-0.0495153
-0.0497315
-0.0496676
-0.0500699
-0.0495571
-0.050286
-0.04947
-0.0496741
-0.0498151
-0.0495689
-0.0498832
-0.0497505
-0.0499797
-0.0498527
-0.0501513
-0.0504086
-0.0503468
-0.049478
-0.0506301
-0.0503265
-0.0496661
-0.0498741
-0.0496794
-0.0499205
-0.0497571
-0.0497268
-0.0496555
-0.0496845
-0.0499113
-0.0494403
-0.0501223
-0.0496377
-0.0497515
-0.0497862
-0.0516611
-0.0500991
-0.0489216
-0.0500496
-0.0497056
-0.0506095
-0.049785
-0.0493914
-0.0503723
-0.0505149
-0.0502709
-0.049559
-0.0495554
-0.0501786
-0.0493016
-0.0500661
-0.0500002
-0.0503787
-0.0507926
-0.0503146
-0.0496565
-0.0490989
-0.0500385
-0.0506527
-0.0502796
-0.0493614
-0.0495786
-0.04956
-0.0495935
-0.0497076
-0.0496525
-0.0500905
-0.0497745
-0.0499164
-0.0496481
-0.0502894
-0.0496966
-0.0495439
-0.0498585
-0.049551
-0.0497778
-0.0499749
-0.0497649
-0.0494902
-0.0497499
-0.0498143
-0.049723
-0.0497958
-0.0495617
-0.0497283
-0.0495935
-0.0497379
-0.0498288
-0.0499582
-0.0498396
-0.0496652
-0.0498101
-0.0497886
-0.0496252
-0.0496246
-0.0497403
-0.0497253
-0.049777
-0.049842
-0.0498198
-0.0497633
-0.0497093
-0.0496946
-0.0498896
-0.0498213
-0.0498399
-0.0499015
-0.0504063
-0.0496755
-0.049924
-0.0495539
-0.0498686
-0.0492619
-0.0498033
-0.0497495
-0.0494614
-0.0496445
-0.050083
-0.0499858
-0.0500904
-0.0493511
-0.0500553
-0.050172
-0.0495378
-0.0497002
-0.0497212
-0.0496667
-0.0494283
-0.0499531
-0.0497867
-0.0498136
-0.0497303
-0.0495708
-0.0500766
-0.0494701
-0.0496985
-0.0494553
-0.0494374
-0.0494198
-0.049848
-0.0496746
-0.0502298
-0.049055
-0.0502389
-0.0492072
-0.0499695
-0.0495768
-0.0498547
-0.0495953
-0.0500004
-0.04991
-0.0497131
-0.0497982
-0.0497483
-0.0498633
-0.0498523
-0.0498192
-0.0498167
-0.0498148
-0.04984
-0.0498019
-0.0495212
-0.0499194
-0.0498626
-0.0499109
-0.0498115
-0.0498151
-0.0498743
-0.0497376
-0.0498351
-0.049761
-0.0497722
-0.0497398
-0.0497971
-0.0497874
-0.0492787
-0.0500151
-0.0495402
-0.0497044
-0.0498262
-0.0498523
-0.0497407
-0.0498143
-0.0497677
-0.0497499
-0.0498003
-0.0497788
-0.0497955
-0.0498109
-0.0497229
-0.049867
-0.0498295
-0.0498724
-0.0497657
-0.0497996
-0.049842
-0.0496666
-0.0497997
-0.0498074
-0.0498446
-0.0497183
-0.0497591
-0.049779
-0.0496281
-0.0501803
-0.0502548
-0.0503601
-0.0498087
-0.0497594
-0.0500342
-0.0498457
-0.0502846
-0.0497794
-0.0503429
-0.0495241
-0.0503867
-0.0501759
-0.0499084
-0.049742
-0.0495951
-0.0499261
-0.0496512
-0.0500085
-0.0498077
-0.0501838
-0.0498789
-0.05051
-0.0497683
-0.050087
-0.049831
-0.0499523
-0.0501982
-0.0501576
-0.0498325
-0.0503453
-0.0500301
-0.0503243
-0.0501412
-0.0500433
-0.0499429
-0.05009
-0.0499841
-0.050075
-0.0499313
-0.0499693
-0.0493125
-0.0513051
-0.0499763
-0.0500874
-0.0501213
-0.0496599
-0.0501424
-0.0501787
-0.0500966
-0.0498303
-0.0499982
-0.0500847
-0.0500241
-0.0501623
-0.0498161
-0.0499966
-0.0500015
-0.0499272
-0.0499852
-0.049994
-0.0499752
-0.0495358
-0.0497241
-0.0495358
-0.0498278
-0.049925
-0.0498012
-0.0496486
-0.0497926
-0.0495232
-0.049967
-0.0497381
-0.0496728
-0.0497117
-0.0498461
-0.0495339
-0.0493051
-0.0497977
-0.0500185
-0.049819
-0.0496982
-0.0497674
-0.0491624
-0.0499536
-0.0505492
-0.0497851
-0.0507344
-0.0504423
-0.0496044
-0.0506718
-0.0490392
-0.0488581
-0.0490496
-0.0500424
-0.0499119
-0.0500894
-0.0498339
-0.0496355
-0.0494769
-0.0499458
-0.0494266
-0.0498358
-0.0497856
-0.0493874
-0.0497427
-0.0496585
-0.0496723
-0.0494642
-0.0497381
-0.0498069
-0.0497643
-0.0497243
-0.0496702
-0.0498526
-0.0495534
-0.0498347
-0.0497886
-0.049888
-0.0479896
-0.0490338
-0.0496752
-0.0496279
-0.0497531
-0.0498628
-0.0481944
-0.0501165
-0.0504729
-0.0497438
-0.0493763
-0.0506462
-0.0506422
-0.050472
-0.0495563
-0.0497461
-0.049895
-0.0492554
-0.0497411
-0.0497898
-0.0502836
-0.0501034
-0.0486677
-0.0493963
-0.0496055
-0.049948
-0.0496584
-0.0475527
-0.0461911
-0.0439679
-0.0455356
-0.0456511
-0.047115
-0.0480534
-0.0461708
-0.0499871
-0.0463797
-0.0478481
-0.0458856
-0.0468408
-0.0485826
-0.0397042
-0.0459046
-0.0393292
-0.0438333
-0.0425007
-0.0468906
-0.0470116
-0.0447389
-0.043576
-0.0402218
-0.0457013
-0.0441224
-0.0439312
-0.0452538
-0.0490916
-0.0499369
-0.0503939
-0.0508132
-0.0494835
-0.0493766
-0.0506277
-0.0491721
-0.0490783
-0.0496473
-0.0504207
-0.0504566
-0.0505716
-0.049331
-0.048189
-0.0475046
-0.0457139
-0.0485806
-0.0478521
-0.0492074
-0.0488793
-0.0472346
-0.046719
-0.0440722
-0.0461534
-0.0455319
-0.0469552
-0.0482691
-0.046013
-0.0491152
-0.046457
-0.0490605
-0.0449101
-0.046539
-0.0474614
-0.0467716
-0.0412175
-0.0392564
-0.0428988
-0.0404023
-0.0412833
-0.0437878
-0.0449131
-0.0450746
-0.0377517
-0.0487784
-0.0437952
-0.0415551
-0.0452112
-0.0259165
-0.0255694
-0.0127749
-0.032383
-0.0260667
-0.0260699
-0.0325629
-0.0351523
-0.0320216
-0.0321223
-0.0375477
-0.0399213
-0.0403093
-0.0372826
-0.0322154
-0.0408346
-0.0354055
-0.0378493
-0.0321493
-0.0372201
-0.0401655
-0.012699
-0.0260425
-0.0260143
-0.0260672
-0.0260812
-0.032558
-0.0324796
-0.0409284
-0.0442103
-0.0373629
-0.0446713
-0.0394967
-0.0467768
-0.0465013
-0.0409988
-0.0359435
-0.0378895
-0.0414909
-0.0386497
-0.0443473
-0.0438376
-0.0411733
-0.0402961
-0.0370132
-0.04112
-0.0408049
-0.0431071
-0.0419319
-0.0408746
-0.0366788
-0.0397989
-0.0399028
-0.0399121
-0.0423727
-0.0424428
-0.0252586
-0.0255673
-0.0124363
-0.0321027
-0.0257264
-0.0256936
-0.0322649
-0.0123194
-0.0256115
-0.0256209
-0.0256924
-0.0256567
-0.032203
-0.032101
-0.0259228
-0.0127833
-0.0255734
-0.0260735
-0.0323861
-0.0260747
-0.032567
-0.0320212
-0.0351527
-0.0321234
-0.0375457
-0.0399217
-0.0403069
-0.0372823
-0.0127032
-0.0260436
-0.0260147
-0.0260708
-0.0260834
-0.0325603
-0.0324792
-0.0322169
-0.040831
-0.0354078
-0.0378476
-0.0321521
-0.0372207
-0.0401655
-0.0409223
-0.0441893
-0.0373622
-0.0446607
-0.0394997
-0.0467537
-0.0464766
-0.0409884
-0.0378874
-0.0359419
-0.041476
-0.0386501
-0.044339
-0.0438277
-0.0411635
-0.0402881
-0.0369998
-0.0407985
-0.041118
-0.0431048
-0.0419184
-0.0408734
-0.0397935
-0.0366754
-0.0399085
-0.0399136
-0.042372
-0.0424293
-0.049014
-0.0495881
-0.0492778
-0.0495569
-0.0496037
-0.0492397
-0.0494326
-0.0484185
-0.0470491
-0.046699
-0.0471918
-0.049534
-0.0491114
-0.0484372
-0.0496385
-0.0492754
-0.0484798
-0.049454
-0.0491171
-0.049772
-0.0495547
-0.0479215
-0.0493313
-0.0475635
-0.0468689
-0.048488
-0.0477996
-0.0488164
-0.0396895
-0.0460003
-0.0393929
-0.043938
-0.0425678
-0.047079
-0.0470626
-0.0463406
-0.0501827
-0.0464631
-0.0481277
-0.0459347
-0.0468178
-0.0487448
-0.0456661
-0.0400559
-0.0437087
-0.0446194
-0.046755
-0.0438807
-0.0459183
-0.047216
-0.0467048
-0.0440645
-0.0455348
-0.046137
-0.0469532
-0.0482594
-0.049909
-0.0490928
-0.0503725
-0.0508065
-0.0494785
-0.0506139
-0.0493744
-0.0481738
-0.04749
-0.0456957
-0.0478348
-0.0485621
-0.049212
-0.0488785
-0.0491891
-0.0490955
-0.0496449
-0.0504531
-0.0504015
-0.0505422
-0.0493373
-0.0467479
-0.0411988
-0.0392239
-0.0403716
-0.0428696
-0.0412509
-0.0437599
-0.0459766
-0.049092
-0.0464277
-0.0448717
-0.0490382
-0.046505
-0.0474252
-0.0448851
-0.0377077
-0.0450385
-0.0415149
-0.0437608
-0.0487541
-0.0451786
-0.049596
-0.0502406
-0.0501584
-0.0497823
-0.0503434
-0.0497407
-0.0500146
-0.0498865
-0.0497191
-0.0495862
-0.0499065
-0.0496309
-0.0499899
-0.0497905
-0.0498237
-0.0502714
-0.0497596
-0.0503159
-0.049505
-0.0503591
-0.0501643
-0.0499762
-0.0499926
-0.0500817
-0.050068
-0.049914
-0.0500703
-0.0498535
-0.050139
-0.0498364
-0.0495456
-0.0496264
-0.0500858
-0.0496259
-0.0498992
-0.0500123
-0.0500032
-0.0517981
-0.0504189
-0.0498122
-0.0502576
-0.0498037
-0.0501975
-0.0498885
-0.0505193
-0.0501036
-0.0497819
-0.0498481
-0.0499699
-0.0500349
-0.0499389
-0.0500836
-0.0499743
-0.0500616
-0.0499204
-0.0499654
-0.0501941
-0.0501727
-0.049851
-0.0503386
-0.050028
-0.0503243
-0.0501524
-0.0493155
-0.0499782
-0.051308
-0.0501116
-0.0500802
-0.0496683
-0.0501313
-0.050186
-0.050112
-0.0498462
-0.0500991
-0.0500183
-0.0500364
-0.0501733
-0.0498368
-0.0500193
-0.050012
-0.0500007
-0.0499485
-0.0500074
-0.0499903
-0.0495597
-0.049731
-0.04954
-0.0498371
-0.0499439
-0.0498089
-0.049655
-0.049809
-0.0499815
-0.0495323
-0.0497566
-0.0496929
-0.0497283
-0.0498616
-0.0503516
-0.0494736
-0.049558
-0.0500151
-0.0493141
-0.0497658
-0.0499073
-0.0493265
-0.0495363
-0.0498063
-0.0500411
-0.0498152
-0.0497814
-0.0496925
-0.0506371
-0.0490651
-0.048841
-0.0500544
-0.0491079
-0.0498981
-0.0501232
-0.0492056
-0.0500025
-0.0506099
-0.0507853
-0.0498076
-0.0504174
-0.0496439
-0.0497702
-0.0497246
-0.0496899
-0.0495669
-0.0498571
-0.0498404
-0.0497873
-0.0494259
-0.0497588
-0.0497034
-0.0494996
-0.0497487
-0.0498256
-0.0498207
-0.0498598
-0.0490629
-0.0479158
-0.0497239
-0.0496244
-0.0497181
-0.0499125
-0.0497982
-0.0499191
-0.0495916
-0.0496588
-0.0498751
-0.0497717
-0.0496734
-0.0495282
-0.0499317
-0.0498703
-0.0498927
-0.0498
-0.0497548
-0.0498544
-0.0509654
-0.0479877
-0.04753
-0.0501553
-0.04687
-0.0496569
-0.0506541
-0.0482402
-0.0452883
-0.0451152
-0.0480015
-0.0455022
-0.0493155
-0.049372
-0.0472608
-0.0488558
-0.0462599
-0.0496499
-0.0479948
-0.0462524
-0.0490972
-0.0465339
-0.0458898
-0.0460777
-0.0501965
-0.0502453
-0.0490367
-0.0538844
-0.0510227
-0.0490403
-0.047753
-0.0511596
-0.0481406
-0.0505947
-0.0502671
-0.0492821
-0.0512914
-0.0481626
-0.0512477
-0.0481799
-0.0506836
-0.050593
-0.0508417
-0.048939
-0.0462831
-0.0511871
-0.0468616
-0.0498256
-0.0493033
-0.0490917
-0.0513457
-0.0479021
-0.0512871
-0.0476076
-0.0501596
-0.0504579
-0.0506795
-0.0474906
-0.0461066
-0.0502058
-0.0457275
-0.048349
-0.0488005
-0.0451273
-0.0419441
-0.0421289
-0.0429435
-0.0461711
-0.0473583
-0.0453881
-0.0466509
-0.0492899
-0.0434988
-0.0497734
-0.0448753
-0.0466354
-0.0476678
-0.0455673
-0.0455757
-0.0440379
-0.0471462
-0.0461082
-0.0454461
-0.0460929
-0.0405989
-0.0355481
-0.0356911
-0.0400936
-0.0362141
-0.041133
-0.0420049
-0.0462718
-0.0413199
-0.041271
-0.0455032
-0.0396245
-0.0456297
-0.0466697
-0.0377799
-0.0428449
-0.0399435
-0.0431116
-0.0434792
-0.0382527
-0.0435931
-0.0379083
-0.0389047
-0.0379758
-0.042991
-0.0455609
-0.0449544
-0.0437716
-0.0391546
-0.03362
-0.0325541
-0.0386086
-0.033065
-0.0417388
-0.041881
-0.0321713
-0.0378207
-0.0328299
-0.0381759
-0.0330295
-0.0415497
-0.0412774
-0.0432027
-0.0434693
-0.0403002
-0.0442681
-0.0440309
-0.0442096
-0.041891
-0.0406183
-0.0377574
-0.0352637
-0.0402364
-0.0376276
-0.0397904
-0.0408925
-0.0352417
-0.0407055
-0.0381965
-0.040463
-0.0379523
-0.0401558
-0.0405311
-0.0391477
-0.0325434
-0.033608
-0.0386003
-0.0330512
-0.0417291
-0.0418729
-0.0321573
-0.0378175
-0.0328252
-0.0381683
-0.0330135
-0.0415386
-0.041274
-0.0405957
-0.0356827
-0.0355473
-0.0401081
-0.0362121
-0.0411455
-0.0419996
-0.0462839
-0.0412726
-0.0413219
-0.0396286
-0.0455146
-0.0456445
-0.0466676
-0.0378995
-0.0389038
-0.0379741
-0.0430061
-0.0455525
-0.0437652
-0.0449909
-0.0377875
-0.0428468
-0.0399468
-0.0431397
-0.0382587
-0.0434902
-0.043614
-0.0476127
-0.042905
-0.0432704
-0.0416721
-0.0488831
-0.0502828
-0.0478138
-0.043178
-0.0401826
-0.0433794
-0.0441155
-0.0440323
-0.0442226
-0.0418662
-0.040985
-0.0362043
-0.0348748
-0.0401448
-0.0366816
-0.0419652
-0.0423916
-0.0438788
-0.0376174
-0.0379854
-0.0426744
-0.0365734
-0.0429023
-0.0439252
-0.0370523
-0.0392808
-0.0369534
-0.0418647
-0.041928
-0.0424051
-0.0420324
-0.0327113
-0.0391517
-0.036373
-0.0416193
-0.0400003
-0.0367405
-0.0424387
-0.0509954
-0.0477518
-0.049032
-0.0511294
-0.048138
-0.0505733
-0.0502471
-0.0492707
-0.05126
-0.0481569
-0.0512171
-0.0481763
-0.0506621
-0.0505707
-0.0506525
-0.0460814
-0.0474596
-0.0501765
-0.0456988
-0.0483179
-0.0487717
-0.0450975
-0.0420697
-0.0419129
-0.0461319
-0.042911
-0.0473214
-0.0453613
-0.0455315
-0.0455044
-0.0440017
-0.0471113
-0.0460721
-0.0454105
-0.0460608
-0.0466133
-0.0492529
-0.0434633
-0.0465999
-0.0497419
-0.0448436
-0.0476357
-0.0499596
-0.0502149
-0.0500463
-0.0500324
-0.0501501
-0.0501552
-0.0502901
-0.0492787
-0.049546
-0.049845
-0.0499203
-0.0497282
-0.0498958
-0.0501592
-0.0496081
-0.0495662
-0.0497466
-0.0495994
-0.0498973
-0.0497652
-0.0498626
-0.0497608
-0.0499417
-0.0496848
-0.0498129
-0.0496531
-0.0498451
-0.0498513
-0.0493611
-0.0496509
-0.049948
-0.0498164
-0.0500105
-0.0499637
-0.0502466
-0.0499898
-0.050259
-0.0500839
-0.0500889
-0.0501768
-0.0502026
-0.0503407
-0.0495958
-0.0496886
-0.0497936
-0.0497302
-0.049604
-0.0496459
-0.0496759
-0.0498078
-0.049516
-0.0499584
-0.0496227
-0.0497966
-0.0495049
-0.0495933
-0.0498526
-0.049804
-0.0496885
-0.0498452
-0.0500956
-0.0499917
-0.0499461
-0.0500114
-0.0496859
-0.0496212
-0.0496279
-0.0497524
-0.049731
-0.0497915
-0.0499172
-0.0495463
-0.0495788
-0.0496403
-0.0495331
-0.0496851
-0.0496525
-0.0496436
-0.0495442
-0.0494736
-0.0497964
-0.0496361
-0.0496719
-0.0495549
-0.0497625
-0.0497847
-0.049479
-0.0496763
-0.0496654
-0.0494696
-0.0495
-0.0494927
-0.0496715
-0.0496322
-0.049501
-0.0496123
-0.0495755
-0.0496238
-0.0496098
-0.0495871
-0.0494873
-0.0498463
-0.0495897
-0.0496849
-0.0495922
-0.0496562
-0.050098
-0.0496388
-0.049663
-0.049797
-0.0497531
-0.0497929
-0.0496455
-0.0499739
-0.0496092
-0.0496103
-0.0496603
-0.0496394
-0.049759
-0.0495861
-0.0496693
-0.0497666
-0.0497076
-0.0495915
-0.0496268
-0.0496518
-0.0498181
-0.0496651
-0.049792
-0.0500405
-0.0498157
-0.0499407
-0.0499124
-0.0497436
-0.0497683
-0.0494572
-0.0496471
-0.0496628
-0.0494552
-0.0494789
-0.0498132
-0.0496399
-0.0497709
-0.0498518
-0.0499581
-0.0499164
-0.0498702
-0.0496788
-0.0500019
-0.0496043
-0.0496021
-0.0497496
-0.0497758
-0.0497235
-0.0496163
-0.0495136
-0.0494435
-0.0497652
-0.0496126
-0.0496425
-0.0495288
-0.0499104
-0.0495423
-0.0495645
-0.0496313
-0.0495674
-0.0496919
-0.0496423
-0.0494774
-0.049613
-0.0496551
-0.049591
-0.0494873
-0.0495516
-0.0496
-0.0498261
-0.0498432
-0.0497644
-0.0498138
-0.0498895
-0.0498514
-0.0497467
-0.0497895
-0.0497879
-0.0498287
-0.0497306
-0.0499085
-0.0498547
-0.0497803
-0.0496216
-0.0496872
-0.0494957
-0.0495795
-0.0498729
-0.0497437
-0.0498265
-0.0496717
-0.0496303
-0.0498284
-0.049567
-0.0497345
-0.0497954
-0.0498115
-0.0492533
-0.0498511
-0.0496091
-0.0499189
-0.0497194
-0.0499146
-0.0502236
-0.0497924
-0.0501183
-0.049918
-0.0500273
-0.0499582
-0.05007
-0.0502062
-0.0496078
-0.0496772
-0.0494791
-0.0498776
-0.049574
-0.0497343
-0.0498051
-0.0496768
-0.0498334
-0.0496298
-0.0495694
-0.0497319
-0.0497964
-0.049811
-0.0497059
-0.0498423
-0.0497673
-0.0499138
-0.0497525
-0.049873
-0.0498068
-0.0497648
-0.0497866
-0.0497194
-0.0498662
-0.049765
-0.0498346
-0.0497583
-0.049836
-0.0498409
-0.049777
-0.0498248
-0.0498894
-0.0498535
-0.0497685
-0.0497833
-0.0498221
-0.0497954
-0.049729
-0.0499075
-0.049854
-0.0497971
-0.0497557
-0.0497686
-0.049863
-0.0499093
-0.0497753
-0.0498787
-0.0498043
-0.0497848
-0.0497195
-0.0497991
-0.0497737
-0.0498925
-0.0498568
-0.0497467
-0.049748
-0.0497069
-0.0497655
-0.0498387
-0.0497494
-0.0497911
-0.0497374
-0.0497745
-0.049787
-0.0498148
-0.0499133
-0.0497528
-0.0498545
-0.0497712
-0.0497272
-0.0496949
-0.0499197
-0.049808
-0.0496244
-0.0498429
-0.0498576
-0.0496066
-0.0495622
-0.0497396
-0.0498867
-0.0495487
-0.0497286
-0.0498511
-0.0499513
-0.0500924
-0.0502843
-0.0501922
-0.0501259
-0.0502731
-0.0504282
-0.0495079
-0.0499077
-0.0501248
-0.04996
-0.0501432
-0.0501608
-0.0505316
-0.049722
-0.0499198
-0.0496895
-0.049624
-0.0498079
-0.049842
-0.0498544
-0.049609
-0.0495681
-0.0497424
-0.0495537
-0.0498893
-0.0497322
-0.0498558
-0.0499577
-0.0502829
-0.0501017
-0.0501395
-0.050198
-0.0502815
-0.0504389
-0.0495199
-0.0499576
-0.0501647
-0.0499888
-0.0501812
-0.0501668
-0.0505575
-0.0497573
-0.0498761
-0.0497634
-0.0497796
-0.0499095
-0.049879
-0.0498022
-0.0497793
-0.0497059
-0.0497799
-0.0498927
-0.0497578
-0.0498483
-0.0497339
-0.0497487
-0.04976
-0.0497166
-0.0497416
-0.0498474
-0.0497866
-0.0497404
-0.0497799
-0.0497889
-0.0498166
-0.0499155
-0.049753
-0.0498476
-0.0497739
-0.0495334
-0.0499012
-0.049579
-0.0496559
-0.0495158
-0.0496627
-0.0496874
-0.0495403
-0.0496543
-0.0494803
-0.0497782
-0.0495953
-0.0495419
-0.0496772
-0.0500621
-0.0497285
-0.0496735
-0.0496583
-0.0497868
-0.0497716
-0.0498254
-0.0498275
-0.0497397
-0.0496852
-0.0498411
-0.0499797
-0.0499417
-0.0498969
-0.0498473
-0.0495092
-0.0499151
-0.0497368
-0.0498005
-0.0496002
-0.0496215
-0.0498304
-0.0497259
-0.0497447
-0.0500913
-0.0498066
-0.0499666
-0.0499483
-0.0495765
-0.0498021
-0.0496616
-0.0497152
-0.0495954
-0.0496366
-0.0496804
-0.0499523
-0.0496267
-0.0496385
-0.0496525
-0.0496295
-0.0497632
-0.0496655
-0.0501547
-0.0497358
-0.049691
-0.0496834
-0.0498845
-0.0498332
-0.0498357
-0.049624
-0.0496121
-0.0495002
-0.0498762
-0.0496198
-0.0496104
-0.0497234
-0.0498519
-0.0500301
-0.0495538
-0.0498597
-0.0496573
-0.049528
-0.0496507
-0.0494962
-0.0496261
-0.0496426
-0.0494702
-0.0496161
-0.0495344
-0.0495763
-0.0498226
-0.0494863
-0.0498969
-0.0497754
-0.0497141
-0.0495809
-0.0496041
-0.0495241
-0.0496371
-0.0494647
-0.0497621
-0.0495822
-0.0495276
-0.0496589
-0.0495353
-0.0499015
-0.0495694
-0.04965
-0.0495538
-0.0496601
-0.0496965
-0.0497149
-0.0500469
-0.0496561
-0.0496385
-0.0497808
-0.0498106
-0.0497627
-0.0498152
-0.0497503
-0.0496813
-0.0498232
-0.0499536
-0.049915
-0.0498891
-0.0498307
-0.0497682
-0.0497508
-0.0500845
-0.0498026
-0.0499563
-0.0499596
-0.0498875
-0.0500737
-0.0495711
-0.0498992
-0.0496947
-0.0495657
-0.0496779
-0.0495744
-0.049776
-0.0496816
-0.0495703
-0.0497051
-0.0496202
-0.0496746
-0.0501765
-0.0497799
-0.0497256
-0.0497075
-0.0499124
-0.0498579
-0.0498703
-0.0499492
-0.049629
-0.0496363
-0.0496649
-0.0496622
-0.0497768
-0.049674
-0.0496526
-0.0496327
-0.0495288
-0.0498925
-0.0496532
-0.0497531
-0.0496266
-0.0497658
-0.0498256
-0.0500128
-0.0499023
-0.0499737
-0.0499709
-0.0500592
-0.0492733
-0.0498982
-0.0496549
-0.049706
-0.049974
-0.0498416
-0.0502301
-0.049718
-0.0496906
-0.0498659
-0.0498041
-0.0496043
-0.049801
-0.0498279
-0.0496181
-0.0496631
-0.0494647
-0.0498366
-0.0495768
-0.0497261
-0.0498003
-0.049307
-0.0499467
-0.0496938
-0.050004
-0.0497333
-0.049854
-0.0502418
-0.0497727
-0.0498302
-0.0500209
-0.0499781
-0.0499207
-0.0499796
-0.0500651
-0.049608
-0.0496475
-0.0494503
-0.0498253
-0.0495731
-0.0497167
-0.049789
-0.0497282
-0.0496971
-0.0498733
-0.0498085
-0.0496087
-0.0498035
-0.0498354
-0.0499677
-0.0505071
-0.0509599
-0.0499214
-0.0485722
-0.0497264
-0.0476499
-0.0506769
-0.0494774
-0.0494366
-0.0503279
-0.0505708
-0.0509148
-0.0503805
-0.0478877
-0.0483819
-0.0484423
-0.0501082
-0.0508313
-0.0497399
-0.0510443
-0.0493912
-0.0498083
-0.0500556
-0.049844
-0.0492064
-0.0491432
-0.0497757
-0.050449
-0.0510658
-0.051521
-0.0505216
-0.049995
-0.0501207
-0.0504579
-0.0498308
-0.0498127
-0.0497517
-0.0498545
-0.0497959
-0.0497318
-0.049791
-0.0498406
-0.0498492
-0.0498074
-0.0498599
-0.0498367
-0.0498404
-0.0498101
-0.0497715
-0.0498625
-0.0498351
-0.0498836
-0.0498133
-0.0498374
-0.0498061
-0.0496449
-0.0498281
-0.0496784
-0.0496372
-0.0496245
-0.0496377
-0.0496816
-0.0503473
-0.0497298
-0.0497913
-0.0509028
-0.0497606
-0.0500378
-0.0503762
-0.0498409
-0.0488312
-0.0487677
-0.050406
-0.0493067
-0.0503942
-0.0498668
-0.0491382
-0.0489633
-0.0487058
-0.0493975
-0.0495383
-0.0495946
-0.0490253
-0.049762
-0.0497565
-0.0497798
-0.0497587
-0.04976
-0.049787
-0.0497877
-0.049688
-0.0497597
-0.0497135
-0.0497699
-0.0497024
-0.0496841
-0.0497394
-0.0497454
-0.0498824
-0.0497656
-0.0495426
-0.0497389
-0.0497823
-0.0495599
-0.0497944
-0.0498752
-0.0498921
-0.0497798
-0.0497771
-0.0498583
-0.0498162
-0.0498017
-0.0498218
-0.0498079
-0.0498738
-0.0497727
-0.0498366
-0.0498125
-0.049773
-0.0497875
-0.0497783
-0.0498141
-0.049799
-0.0498159
-0.0498269
-0.0497609
-0.0497537
-0.0497424
-0.0497573
-0.0498003
-0.0497757
-0.0498077
-0.049853
-0.0498112
-0.0498209
-0.0498564
-0.0498492
-0.0498986
-0.0499102
-0.0492181
-0.0494017
-0.0485469
-0.0498173
-0.0498635
-0.0501087
-0.05094
-0.051835
-0.0511014
-0.0517486
-0.0502791
-0.050357
-0.0507777
-0.049864
-0.049732
-0.0497106
-0.0496926
-0.0496884
-0.0497214
-0.0497681
-0.0497456
-0.0497946
-0.0497742
-0.0497357
-0.0497617
-0.04976
-0.0498424
-0.0497423
-0.0497289
-0.0497816
-0.0497408
-0.0497557
-0.0497496
-0.0497216
-0.0498104
-0.0497707
-0.0497503
-0.0497674
-0.0497926
-0.0497691
-0.04982
-0.0497883
-0.0505176
-0.0490912
-0.0502942
-0.0500088
-0.0494123
-0.0501179
-0.0491724
-0.0498508
-0.0498884
-0.0498072
-0.0497944
-0.0498439
-0.0499276
-0.049833
-0.0497867
-0.0498164
-0.0497212
-0.0497333
-0.0497931
-0.0498182
-0.0497329
-0.0497665
-0.0498011
-0.0497655
-0.0497849
-0.0498324
-0.0497703
-0.0498542
-0.0497553
-0.0497496
-0.0497582
-0.0497879
-0.049727
-0.049744
-0.0497562
-0.0497734
-0.0497567
-0.04973
-0.0496996
-0.0496909
-0.0497383
-0.0498143
-0.0500188
-0.0499597
-0.0500445
-0.0503487
-0.0498834
-0.0502484
-0.050015
-0.0504601
-0.0497693
-0.050234
-0.0509234
-0.0502708
-0.0504585
-0.0501867
-0.0509589
-0.0498878
-0.0499888
-0.0502595
-0.0490867
-0.0493904
-0.0502962
-0.0497883
-0.0498117
-0.0498236
-0.0498398
-0.0498719
-0.0498182
-0.0498647
-0.0497898
-0.0498632
-0.0498299
-0.0498699
-0.0498611
-0.0498103
-0.0497955
-0.0496874
-0.0497421
-0.0498423
-0.049662
-0.0496399
-0.0497724
-0.0497331
-0.0496042
-0.050675
-0.0510767
-0.0501954
-0.0499701
-0.050096
-0.0507272
-0.0481668
-0.0482399
-0.0508786
-0.0492371
-0.0490267
-0.0475393
-0.0500612
-0.0497935
-0.049803
-0.0497817
-0.049785
-0.0498186
-0.0498067
-0.0498022
-0.0497674
-0.0497592
-0.0497388
-0.0497447
-0.0497651
-0.0497764
-0.0497501
-0.0496834
-0.0496957
-0.0497016
-0.0497406
-0.0496602
-0.0496671
-0.0497432
-0.0494582
-0.0501019
-0.0501905
-0.0511381
-0.0499327
-0.0503231
-0.0509356
-0.0489564
-0.0497062
-0.0501265
-0.0497531
-0.049699
-0.0487574
-0.0501535
-0.0500999
-0.0498761
-0.0506695
-0.0505738
-0.0505624
-0.0504408
-0.0498397
-0.049878
-0.0498685
-0.0499426
-0.0499746
-0.0498957
-0.0498553
-0.049936
-0.0497774
-0.0496901
-0.0497674
-0.0497971
-0.0497625
-0.0497638
-0.049796
-0.0493664
-0.0501316
-0.0501646
-0.0495816
-0.0503181
-0.0493887
-0.0494318
-0.04998
-0.0500538
-0.0498613
-0.0498183
-0.0502558
-0.049855
-0.0498104
-0.0498272
-0.049844
-0.0498645
-0.0497816
-0.049843
-0.0497987
-0.0498305
-0.0498477
-0.0498747
-0.0498524
-0.0497946
-0.0498593
-0.0498341
-0.049853
-0.0499369
-0.0499271
-0.0498875
-0.0498937
-0.0499141
-0.0499787
-0.0499244
-0.0499788
-0.0500258
-0.0499194
-0.0499303
-0.0499406
-0.0500116
-0.0499522
-0.0438057
-0.0472691
-0.0462369
-0.0452827
-0.0446924
-0.0449885
-0.0458682
-0.0496435
-0.0514478
-0.0504265
-0.0503216
-0.05062
-0.0512525
-0.0500434
-0.0489901
-0.04992
-0.0502617
-0.0494744
-0.0504396
-0.0487255
-0.0496449
-0.0494053
-0.0502472
-0.0499495
-0.0508341
-0.0497685
-0.049765
-0.0504718
-0.0480174
-0.048144
-0.0506224
-0.0493201
-0.0488341
-0.0474895
-0.0498939
-0.0489898
-0.0499212
-0.0494745
-0.0502631
-0.0487257
-0.0504382
-0.0496481
-0.0496389
-0.0514465
-0.0503211
-0.0504372
-0.051244
-0.0506224
-0.0500422
-0.0480622
-0.048168
-0.0493474
-0.0506326
-0.0475201
-0.0488592
-0.0499218
-0.049452
-0.0503196
-0.0508484
-0.0500135
-0.0497928
-0.04986
-0.0504921
-0.0437899
-0.0472368
-0.0452725
-0.046207
-0.0449564
-0.0446842
-0.0458526
-0.0498352
-0.0498477
-0.0497884
-0.0498699
-0.0498063
-0.0498478
-0.049838
-0.0498585
-0.0498881
-0.0498039
-0.049864
-0.0498446
-0.0498731
-0.0498629
-0.0499549
-0.0499426
-0.0499085
-0.0499007
-0.0499962
-0.04993
-0.0499405
-0.0499984
-0.0500482
-0.049948
-0.0499404
-0.0500316
-0.0499634
-0.0499695
-0.0497972
-0.0497632
-0.0497879
-0.0498104
-0.0497839
-0.0498078
-0.0498147
-0.0498331
-0.0497927
-0.0497986
-0.0498687
-0.0498187
-0.04986
-0.0498444
-0.049829
-0.049789
-0.049786
-0.0498083
-0.0498008
-0.0498383
-0.0498139
-0.0498686
-0.0498022
-0.0497715
-0.0498767
-0.0498297
-0.0498897
-0.0498789
-0.0493285
-0.0499693
-0.0502471
-0.0506337
-0.0498558
-0.0503933
-0.0495147
-0.0477978
-0.0492148
-0.0503574
-0.0476778
-0.0498129
-0.0471874
-0.0484859
-0.0494562
-0.0501935
-0.0512496
-0.050067
-0.0504232
-0.0498748
-0.0509285
-0.0489236
-0.0494176
-0.0499598
-0.0497537
-0.0495278
-0.0486921
-0.0502026
-0.0478017
-0.0492127
-0.0476771
-0.0503448
-0.0471879
-0.0498069
-0.0484858
-0.0493397
-0.0499657
-0.0506146
-0.0502667
-0.050386
-0.0498915
-0.0495123
-0.0489357
-0.0494303
-0.0497658
-0.0499494
-0.0486951
-0.0495429
-0.0501967
-0.049487
-0.0501832
-0.0500504
-0.0511957
-0.0498896
-0.0504379
-0.0509047
-0.0498044
-0.0497631
-0.0498175
-0.0497924
-0.0498168
-0.0497832
-0.0498198
-0.049838
-0.0498019
-0.0498733
-0.049802
-0.0498668
-0.0498249
-0.0498495
-0.0498349
-0.0497972
-0.0498165
-0.0497914
-0.0498455
-0.0498083
-0.0498218
-0.0498779
-0.0498088
-0.0498874
-0.0497861
-0.0499005
-0.0498254
-0.0498896
-0.0498125
-0.0497483
-0.0498066
-0.0500074
-0.0496995
-0.049756
-0.0501418
-0.0498119
-0.0497622
-0.0498036
-0.0497766
-0.0497853
-0.0497888
-0.0498257
-0.0497669
-0.0497286
-0.04975
-0.0498053
-0.0497603
-0.0497851
-0.0497719
-0.0497703
-0.0497304
-0.0497621
-0.0497709
-0.0497533
-0.0497434
-0.0498171
-0.0497743
-0.0497235
-0.0497258
-0.0498093
-0.0497206
-0.0498056
-0.0497718
-0.0499021
-0.0498478
-0.049988
-0.049827
-0.0499129
-0.049853
-0.0499525
-0.0498625
-0.0498122
-0.0497809
-0.0498753
-0.0498179
-0.0499081
-0.0498459
-0.0497347
-0.0496916
-0.0497132
-0.0496939
-0.0497273
-0.0497447
-0.0497694
-0.0497727
-0.0496662
-0.049757
-0.0498357
-0.0497404
-0.0498101
-0.0497887
-0.0498995
-0.0499834
-0.0498447
-0.0498241
-0.0499085
-0.0499494
-0.0498517
-0.0498606
-0.0498101
-0.049875
-0.0497819
-0.0499058
-0.0498171
-0.0498459
-0.0497723
-0.0496624
-0.0498439
-0.0497627
-0.0498117
-0.0497405
-0.0497923
-0.0498189
-0.0498136
-0.049752
-0.0497808
-0.0498027
-0.0498315
-0.0497905
-0.0497717
-0.049727
-0.0498109
-0.049754
-0.0497893
-0.0497563
-0.0497783
-0.0497845
-0.0497122
-0.0498146
-0.0497144
-0.0498169
-0.0497199
-0.0497823
-0.049749
-0.0497353
-0.0497876
-0.0497052
-0.0497497
-0.0497382
-0.04977
-0.0497573
-0.0497294
-0.0497427
-0.049761
-0.0497312
-0.0497836
-0.0497435
-0.0497765
-0.0497325
-0.04982
-0.049748
-0.0497868
-0.0497423
-0.0498053
-0.0498098
-0.0498179
-0.0497527
-0.0497917
-0.0497952
-0.049852
-0.0497798
-0.0498085
-0.0497543
-0.0498372
-0.049713
-0.0498066
-0.0497521
-0.0498236
-0.0497692
-0.0496682
-0.049694
-0.0498064
-0.049721
-0.0498064
-0.0497867
-0.0498464
-0.0497989
-0.0498788
-0.0497959
-0.0498369
-0.0498281
-0.0499196
-0.0499006
-0.0498959
-0.0498989
-0.0499634
-0.0499202
-0.049956
-0.0499047
-0.0498096
-0.049836
-0.0497539
-0.049715
-0.0498052
-0.0498238
-0.0497561
-0.0497655
-0.0496666
-0.0498077
-0.0497115
-0.0498033
-0.0497204
-0.0497876
-0.0499074
-0.0499048
-0.0499802
-0.0499096
-0.049968
-0.0499346
-0.0499178
-0.0497563
-0.0497897
-0.0497341
-0.0497095
-0.0497513
-0.0497765
-0.0497428
-0.0497536
-0.0497285
-0.0497715
-0.0497442
-0.0497821
-0.0497288
-0.0497576
-0.049821
-0.0498044
-0.0498125
-0.049747
-0.0498676
-0.0497864
-0.0497996
-0.0493111
-0.049986
-0.0499888
-0.0495582
-0.0501469
-0.0494751
-0.0494171
-0.0498022
-0.0497918
-0.0498177
-0.0497724
-0.0498308
-0.0497903
-0.0498127
-0.0498065
-0.049791
-0.0498574
-0.0497682
-0.0498418
-0.049806
-0.0498371
-0.0497635
-0.0497417
-0.0497588
-0.049734
-0.0497661
-0.0497451
-0.049771
-0.0497571
-0.0497352
-0.0497914
-0.0497157
-0.0497753
-0.0497338
-0.0497858
-0.0496206
-0.0513756
-0.0502519
-0.0504095
-0.0510008
-0.050644
-0.0500588
-0.0490587
-0.0501296
-0.0498282
-0.0495985
-0.0502165
-0.0496778
-0.0488703
-0.0481466
-0.050863
-0.0482273
-0.0492219
-0.0490109
-0.0500424
-0.0475222
-0.0490616
-0.0498299
-0.0501312
-0.0495988
-0.0502198
-0.0488712
-0.0496789
-0.0496219
-0.0502506
-0.0513737
-0.0504043
-0.0510007
-0.0500569
-0.05064
-0.0496325
-0.0511008
-0.0507085
-0.0502327
-0.0499949
-0.0507528
-0.0501415
-0.0497966
-0.0498357
-0.0497836
-0.0497583
-0.049823
-0.0498158
-0.0498004
-0.0497563
-0.049797
-0.0497373
-0.0497058
-0.0497741
-0.0497849
-0.04973
-0.04987
-0.0499398
-0.0498658
-0.0499709
-0.0498925
-0.0499301
-0.0498505
-0.0498207
-0.0498142
-0.0498229
-0.0498337
-0.0498511
-0.049832
-0.0498267
-0.0497724
-0.0497637
-0.0496889
-0.0497915
-0.0497624
-0.0497894
-0.0497575
-0.0497304
-0.0497023
-0.0496686
-0.0497339
-0.0497266
-0.0497268
-0.0497263
-0.0495058
-0.0500214
-0.0507298
-0.0503285
-0.0505098
-0.0499598
-0.0497223
-0.0480658
-0.0505559
-0.0493509
-0.0480741
-0.049944
-0.0488166
-0.0475015
-0.0489451
-0.0501323
-0.0496899
-0.0497427
-0.0496891
-0.0501546
-0.0487446
-0.0480606
-0.049351
-0.05056
-0.0480731
-0.0499429
-0.0475
-0.0488136
-0.0494888
-0.0507397
-0.050013
-0.0503057
-0.0505068
-0.0497175
-0.0499219
-0.0494673
-0.0501901
-0.0500973
-0.051125
-0.0499395
-0.0509331
-0.0503209
-0.0498246
-0.0498219
-0.0498169
-0.0498399
-0.0498514
-0.0498305
-0.0498379
-0.0497409
-0.0496711
-0.0497057
-0.049739
-0.0497311
-0.0497344
-0.0497346
-0.0497978
-0.0497614
-0.0497271
-0.0497113
-0.0497103
-0.0498622
-0.0497276
-0.0494464
-0.0498
-0.0497326
-0.0494812
-0.0496568
-0.0497578
-0.0494922
-0.0498422
-0.0493922
-0.0500792
-0.0498541
-0.04922
-0.0497913
-0.0491523
-0.050648
-0.0492961
-0.0503578
-0.0500784
-0.0496813
-0.0502575
-0.0493656
-0.0510582
-0.050452
-0.0515036
-0.0505137
-0.0500059
-0.0504496
-0.0501338
-0.0518123
-0.0512621
-0.0517955
-0.0504653
-0.0507597
-0.0509543
-0.0501801
-0.0499916
-0.0498605
-0.0500226
-0.0502217
-0.0497915
-0.0502193
-0.04982
-0.0500119
-0.0499892
-0.0499335
-0.0500735
-0.0501946
-0.0502725
-0.0501172
-0.0499391
-0.050274
-0.0508649
-0.0508187
-0.0505709
-0.0497152
-0.0505714
-0.0497746
-0.0505031
-0.0502355
-0.0508994
-0.0502136
-0.0501585
-0.0504324
-0.0510291
-0.0499157
-0.0500051
-0.0502977
-0.0490604
-0.0493709
-0.0503365
-0.0483704
-0.0478737
-0.0484349
-0.050097
-0.0508283
-0.0510307
-0.0497303
-0.049916
-0.0510259
-0.050006
-0.0503005
-0.0490621
-0.0503321
-0.0493765
-0.0505267
-0.0498008
-0.0502436
-0.0508919
-0.0502194
-0.0504388
-0.0501656
-0.0494735
-0.0507107
-0.0494398
-0.0503378
-0.0505806
-0.0503839
-0.0509491
-0.0494377
-0.0497883
-0.0497161
-0.049482
-0.0496513
-0.0497411
-0.0494885
-0.0497158
-0.0496334
-0.0497355
-0.0497586
-0.049651
-0.0495409
-0.0496541
-0.0497959
-0.0497602
-0.0497231
-0.0497013
-0.0497075
-0.0498548
-0.049725
-0.0493003
-0.0506487
-0.0503476
-0.0500758
-0.0496767
-0.0493613
-0.0502618
-0.0512506
-0.0518674
-0.0518294
-0.0504776
-0.0507649
-0.0501744
-0.050981
-0.0500181
-0.0503397
-0.0509454
-0.0508772
-0.050618
-0.0497606
-0.050624
-0.0500134
-0.0498917
-0.0500539
-0.0502633
-0.0498126
-0.0502501
-0.0498532
-0.0498365
-0.0498384
-0.0498935
-0.0498571
-0.0498682
-0.049875
-0.0498579
-0.0498409
-0.0498341
-0.0498525
-0.0498548
-0.0498658
-0.0498606
-0.0498248
-0.0498429
-0.0498171
-0.0498384
-0.0498682
-0.049899
-0.0498946
-0.0498443
-0.0498093
-0.0497811
-0.0497878
-0.0498008
-0.0498482
-0.0498647
-0.0497872
-0.0497705
-0.0497762
-0.0497751
-0.0497977
-0.0497577
-0.0497798
-0.0497936
-0.0497712
-0.0497744
-0.0497835
-0.0498096
-0.049742
-0.0497759
-0.0497595
-0.0497765
-0.0497568
-0.0497637
-0.0497764
-0.0497975
-0.0498022
-0.0497456
-0.0498181
-0.049794
-0.0498152
-0.0498632
-0.0497678
-0.0498095
-0.0498271
-0.0498246
-0.0497802
-0.0497449
-0.049803
-0.0497763
-0.0498073
-0.0497567
-0.0497448
-0.0497895
-0.0497742
-0.0497958
-0.0498118
-0.0497452
-0.049827
-0.0500124
-0.0499238
-0.0499266
-0.0502193
-0.0499898
-0.050197
-0.0500122
-0.0502349
-0.0499116
-0.050896
-0.0507366
-0.0504741
-0.0504876
-0.0496213
-0.0497855
-0.0499403
-0.0499273
-0.0501403
-0.0496776
-0.049701
-0.0501721
-0.0499254
-0.049821
-0.0498295
-0.0496097
-0.0497915
-0.0495995
-0.0498477
-0.0496688
-0.0496736
-0.0496638
-0.0496991
-0.0496307
-0.0496713
-0.0497264
-0.050565
-0.0491876
-0.0492256
-0.0502602
-0.0502931
-0.0508428
-0.0500497
-0.0477496
-0.0480939
-0.0482934
-0.050171
-0.0506948
-0.0498666
-0.0508737
-0.0497904
-0.0506144
-0.050168
-0.0507226
-0.0502491
-0.0501215
-0.0504783
-0.0498559
-0.051056
-0.0499238
-0.0501775
-0.0492467
-0.0502109
-0.0495263
-0.0477482
-0.0480922
-0.0482892
-0.0501743
-0.0506953
-0.0498657
-0.050878
-0.0505513
-0.0491738
-0.0492094
-0.0502617
-0.0502827
-0.0508274
-0.0500531
-0.0498043
-0.050963
-0.0498602
-0.0501632
-0.0492134
-0.0501824
-0.049529
-0.0497586
-0.0505665
-0.0501269
-0.0506975
-0.0502107
-0.0500861
-0.0504524
-0.0499174
-0.0502047
-0.0509087
-0.0507348
-0.050459
-0.0496083
-0.050477
-0.0499195
-0.0500017
-0.0499143
-0.0502299
-0.0499791
-0.0501982
-0.0500042
-0.0497779
-0.0499341
-0.0499223
-0.0501485
-0.0496689
-0.0496961
-0.0501611
-0.0496697
-0.0496946
-0.049684
-0.0497228
-0.0496243
-0.0496138
-0.0496638
-0.0496511
-0.049663
-0.0496466
-0.0496749
-0.049615
-0.0496499
-0.04971
-0.0498326
-0.0498472
-0.049845
-0.0498539
-0.0498687
-0.0498247
-0.0498668
-0.0498495
-0.0498246
-0.0498573
-0.049869
-0.0498994
-0.0498936
-0.0498415
-0.0498075
-0.0497793
-0.0497826
-0.0497957
-0.0498515
-0.0498667
-0.049785
-0.0497694
-0.0497767
-0.0497787
-0.0498029
-0.0497529
-0.049776
-0.0497943
-0.0497779
-0.0497701
-0.0497847
-0.0498104
-0.0497383
-0.0497807
-0.049754
-0.049786
-0.0497533
-0.0497786
-0.0497854
-0.049795
-0.0498074
-0.0497426
-0.0497874
-0.0498244
-0.0497588
-0.0498013
-0.0497882
-0.0498196
-0.0497668
-0.0497438
-0.0498033
-0.0497717
-0.0497947
-0.0498307
-0.0497432
-0.049841
-0.0497685
-0.0497531
-0.0497543
-0.0498782
-0.0497506
-0.0498634
-0.0497444
-0.0497161
-0.0497398
-0.0497473
-0.0498731
-0.0497049
-0.0497182
-0.0498599
-0.0497804
-0.0497293
-0.0497467
-0.0497575
-0.0497516
-0.0498085
-0.0497209
-0.0518146
-0.051091
-0.051735
-0.0502749
-0.0503543
-0.0507675
-0.0498634
-0.0501477
-0.0508614
-0.0513007
-0.0502617
-0.0497008
-0.0498202
-0.0502297
-0.0494575
-0.0491257
-0.0497281
-0.0496563
-0.0490098
-0.0495532
-0.0489389
-0.0489352
-0.0502418
-0.0499905
-0.0498484
-0.0492557
-0.049029
-0.0500028
-0.0501562
-0.05086
-0.0513112
-0.050262
-0.0496954
-0.0498168
-0.050227
-0.049447
-0.0491073
-0.0497218
-0.0496479
-0.0490061
-0.0495405
-0.0489351
-0.0489029
-0.0502345
-0.0499915
-0.049839
-0.0492362
-0.0490175
-0.0499912
-0.0497722
-0.0497485
-0.049763
-0.0498851
-0.0497504
-0.0498659
-0.049744
-0.0497119
-0.0497473
-0.0497512
-0.0498762
-0.0497085
-0.0497199
-0.0498653
-0.0497622
-0.0497536
-0.0497413
-0.0497565
-0.0497974
-0.0497784
-0.0498021
-0.0497745
-0.0497344
-0.0497557
-0.0497649
-0.0497444
-0.0497965
-0.0497352
-0.0497338
-0.0497114
-0.0497327
-0.0498657
-0.0497034
-0.0498552
-0.049713
-0.0497414
-0.0497496
-0.0497377
-0.0498634
-0.0497447
-0.0497322
-0.0498503
-0.0497641
-0.0497708
-0.0497439
-0.0497622
-0.0497967
-0.0498143
-0.0497759
-0.0505123
-0.0490839
-0.0502868
-0.0500061
-0.0494168
-0.0501184
-0.049171
-0.0492594
-0.0498001
-0.0500405
-0.0498359
-0.0491739
-0.0490608
-0.0497462
-0.0506031
-0.0498314
-0.0512158
-0.0502698
-0.0494501
-0.0501697
-0.0495776
-0.0507665
-0.052174
-0.0518478
-0.0503467
-0.0503413
-0.0497152
-0.0509088
-0.0492694
-0.049811
-0.0500499
-0.0498407
-0.0491828
-0.0490662
-0.0497543
-0.0505958
-0.0498307
-0.0511862
-0.0502502
-0.0494271
-0.0501561
-0.049556
-0.0507806
-0.0522154
-0.0518712
-0.0503447
-0.0503411
-0.049708
-0.0509243
-0.0497364
-0.0497112
-0.0497376
-0.0498686
-0.0497057
-0.0498563
-0.0497164
-0.0497405
-0.0497513
-0.0497396
-0.0498628
-0.0497428
-0.0497324
-0.0498457
-0.0497454
-0.04977
-0.049754
-0.0497652
-0.0497443
-0.0497434
-0.0497944
-0.0497531
-0.0497842
-0.0497711
-0.049782
-0.0497927
-0.0498011
-0.0497878
-0.0497927
-0.0498024
-0.0498115
-0.0498385
-0.0498723
-0.0498179
-0.0498651
-0.049847
-0.0498964
-0.0498267
-0.0498448
-0.0498519
-0.0498471
-0.0498326
-0.0498439
-0.0498253
-0.0498458
-0.0498395
-0.049857
-0.0498538
-0.0498027
-0.0497572
-0.0497515
-0.0497504
-0.0497768
-0.0497426
-0.0497773
-0.0497655
-0.0497413
-0.049761
-0.0497441
-0.0497507
-0.049798
-0.0497276
-0.0497932
-0.0498224
-0.0497781
-0.0497867
-0.0498045
-0.0498328
-0.0498421
-0.0497654
-0.0497735
-0.049772
-0.0497717
-0.0498563
-0.0497426
-0.0497833
-0.0498278
-0.0497663
-0.0496431
-0.0497186
-0.0497637
-0.0496289
-0.0499118
-0.049603
-0.0496837
-0.049714
-0.0496263
-0.0496642
-0.0497137
-0.049636
-0.0496386
-0.0498308
-0.0494873
-0.0497223
-0.0495414
-0.0496988
-0.0495451
-0.0497174
-0.0500671
-0.0501221
-0.0501952
-0.0501336
-0.0504492
-0.0504512
-0.0502711
-0.0506232
-0.0505068
-0.0511965
-0.0511473
-0.0510182
-0.0508838
-0.0502593
-0.05095
-0.0498861
-0.0499798
-0.0502573
-0.0490857
-0.0493915
-0.0502922
-0.0492481
-0.0509632
-0.0494244
-0.0505103
-0.0504656
-0.0501328
-0.0512274
-0.0480957
-0.0477371
-0.0483553
-0.0502333
-0.0504089
-0.0507717
-0.0497658
-0.0504709
-0.0497819
-0.0502436
-0.0509274
-0.0502772
-0.0504649
-0.0501941
-0.0480971
-0.0477429
-0.0483568
-0.0502344
-0.0504147
-0.0507734
-0.0497719
-0.0492365
-0.0509577
-0.049419
-0.0505129
-0.0504631
-0.0501312
-0.051229
-0.0497632
-0.0496506
-0.0497159
-0.049764
-0.0496304
-0.0499127
-0.0496083
-0.0494872
-0.0498296
-0.0497191
-0.0495396
-0.0496988
-0.0497175
-0.0495438
-0.0500373
-0.0499748
-0.0500621
-0.0503687
-0.0499032
-0.0502637
-0.0500363
-0.0505531
-0.05068
-0.0513267
-0.051193
-0.0510447
-0.050272
-0.050922
-0.0498544
-0.0498283
-0.0499141
-0.0498525
-0.0498585
-0.0498448
-0.0498307
-0.0498244
-0.0498436
-0.049853
-0.0498302
-0.0498482
-0.0497963
-0.049843
-0.0497619
-0.049805
-0.0497738
-0.0497929
-0.0498305
-0.0497677
-0.0498572
-0.0497536
-0.0497573
-0.0497508
-0.0497791
-0.0497364
-0.0497724
-0.0497678
-0.049754
-0.0497482
-0.0497609
-0.0497864
-0.0497211
-0.0497383
-0.0497556
-0.0497407
-0.0497562
-0.0497388
-0.0497443
-0.0497962
-0.0497227
-0.0497893
-0.0498333
-0.0497778
-0.0498003
-0.0497998
-0.0498449
-0.0498417
-0.0497587
-0.049767
-0.0497805
-0.0497634
-0.0498572
-0.0497462
-0.0498247
-0.049789
-0.0497925
-0.0497612
-0.0497584
-0.0498177
-0.0497643
-0.0498163
-0.0497689
-0.0498522
-0.0499613
-0.0499289
-0.0501407
-0.0497671
-0.0498261
-0.0501522
-0.0500811
-0.0498834
-0.0506964
-0.0505742
-0.05055
-0.0504319
-0.0498267
-0.0516581
-0.051029
-0.0515054
-0.0503407
-0.0504721
-0.0507869
-0.0500031
-0.0507893
-0.0501845
-0.0511473
-0.0502779
-0.0498428
-0.0502824
-0.04993
-0.0505148
-0.0491144
-0.050215
-0.0499903
-0.0495575
-0.0501838
-0.0492627
-0.0495833
-0.0492162
-0.0498681
-0.0497378
-0.0490399
-0.0496627
-0.0490712
-0.0497236
-0.0497396
-0.04975
-0.0496811
-0.0498317
-0.0496832
-0.0497345
-0.0499796
-0.0496989
-0.0498921
-0.0496773
-0.049863
-0.0497077
-0.0498386
-0.0505794
-0.0494628
-0.0494318
-0.0504407
-0.0504223
-0.0509455
-0.0503255
-0.0484378
-0.0479647
-0.0485298
-0.0502486
-0.0507338
-0.0509852
-0.0498532
-0.0495123
-0.0503413
-0.0499363
-0.0504429
-0.0498957
-0.0497931
-0.0500556
-0.0508814
-0.0495543
-0.0496944
-0.0498597
-0.0486101
-0.048954
-0.0498762
-0.0479683
-0.0484456
-0.0485321
-0.0502409
-0.0507427
-0.0498553
-0.0509834
-0.0494708
-0.0505916
-0.0494416
-0.050432
-0.0504244
-0.050306
-0.0509583
-0.0495097
-0.0508014
-0.0496249
-0.0498316
-0.0485574
-0.0498531
-0.0489739
-0.0502915
-0.0494826
-0.049896
-0.05043
-0.0498688
-0.0500493
-0.0497699
-0.0499184
-0.0499665
-0.0499942
-0.0501475
-0.049974
-0.0501233
-0.0500377
-0.0498576
-0.0499638
-0.0499312
-0.0501406
-0.0497707
-0.0498314
-0.0501521
-0.0510111
-0.0516345
-0.0514842
-0.0503312
-0.0504637
-0.0499936
-0.0507771
-0.0501736
-0.0507729
-0.051126
-0.0502737
-0.049853
-0.0499292
-0.0502871
-0.0491224
-0.0505111
-0.0502175
-0.0499973
-0.0495757
-0.0492771
-0.0501943
-0.0492199
-0.0495833
-0.0498716
-0.0497404
-0.049039
-0.0490809
-0.0496559
-0.049968
-0.0496665
-0.0498735
-0.0496606
-0.0498434
-0.0496976
-0.0498152
-0.049683
-0.0497023
-0.0497007
-0.0497226
-0.049661
-0.0496792
-0.0497429
-0.0497356
-0.049727
-0.0497509
-0.0498235
-0.0496828
-0.0496748
-0.0497344
-0.0496982
-0.0502515
-0.0500369
-0.0496695
-0.0496502
-0.0499192
-0.0510632
-0.0495497
-0.0495078
-0.0499983
-0.0500268
-0.049433
-0.0505676
-0.0497295
-0.0503489
-0.0500185
-0.0501779
-0.0498381
-0.0498519
-0.0507721
-0.0495856
-0.0498303
-0.0493437
-0.0496621
-0.049311
-0.0491783
-0.0496904
-0.0497736
-0.0495357
-0.0495128
-0.0499845
-0.0500163
-0.0494223
-0.04973
-0.0505494
-0.0496891
-0.0502463
-0.0500267
-0.0496535
-0.049635
-0.0499079
-0.0510656
-0.0498374
-0.0493569
-0.0496723
-0.0493142
-0.0491812
-0.04979
-0.0496954
-0.0503728
-0.0500394
-0.0502048
-0.0498367
-0.0498672
-0.0507712
-0.0495946
-0.0497653
-0.0497901
-0.0500214
-0.0496926
-0.0495603
-0.0498095
-0.0499004
-0.0493552
-0.0496283
-0.0502693
-0.0502379
-0.0495677
-0.0512088
-0.049081
-0.0495258
-0.0496708
-0.0501594
-0.0503543
-0.0495866
-0.0493355
-0.0510126
-0.049534
-0.0496877
-0.0495248
-0.049924
-0.0495144
-0.0495943
-0.0497422
-0.0499218
-0.0494152
-0.0493217
-0.04971
-0.0491788
-0.0497351
-0.0498432
-0.0501992
-0.0499864
-0.0498878
-0.0501867
-0.0497589
-0.0495485
-0.0509103
-0.0499048
-0.049402
-0.0496865
-0.0493043
-0.0491599
-0.0498313
-0.0497066
-0.0501654
-0.0499612
-0.049852
-0.0501563
-0.0497226
-0.0495077
-0.0508704
-0.0494964
-0.0496738
-0.0499355
-0.0494849
-0.0494756
-0.049728
-0.049563
-0.0496158
-0.0497176
-0.0502194
-0.0504042
-0.0495949
-0.0510408
-0.0494271
-0.0493966
-0.0496238
-0.0501928
-0.0502559
-0.0495734
-0.0491556
-0.0510814
-0.0496944
-0.0497821
-0.0499944
-0.0496437
-0.0495415
-0.0498769
-0.0497254
-0.0493375
-0.0499497
-0.049846
-0.0495481
-0.049423
-0.0506509
-0.049633
-0.0494302
-0.0495862
-0.0499247
-0.0499579
-0.0494365
-0.0503888
-0.0496815
-0.0493378
-0.0499515
-0.0498384
-0.0495408
-0.0494219
-0.0506469
-0.0496278
-0.0494064
-0.0495699
-0.0499406
-0.0499042
-0.049413
-0.0496635
-0.0503708
-0.0498749
-0.049602
-0.0488438
-0.0503479
-0.0504897
-0.0505209
-0.0514439
-0.0505456
-0.0500247
-0.0509993
-0.0499349
-0.0497481
-0.0485847
-0.0476509
-0.0496097
-0.0498034
-0.0489054
-0.0503504
-0.0505291
-0.0504912
-0.051496
-0.0497864
-0.0498282
-0.0497949
-0.0497823
-0.0497442
-0.0497428
-0.0498071
-0.0497592
-0.0497639
-0.0497804
-0.0497583
-0.0497576
-0.0497839
-0.0497863
-0.0497911
-0.0497957
-0.0497585
-0.0499022
-0.0498246
-0.0497441
-0.0497817
-0.0498118
-0.0499389
-0.0499284
-0.0497916
-0.0497815
-0.0498401
-0.0498481
-0.049813
-0.0497862
-0.0498316
-0.0497725
-0.0497959
-0.0497834
-0.0497244
-0.0497225
-0.0496138
-0.0498222
-0.0496412
-0.049636
-0.0497355
-0.0496499
-0.0489863
-0.0491401
-0.0487238
-0.0494233
-0.0495464
-0.0495939
-0.0490404
-0.0496675
-0.0498988
-0.049663
-0.0497267
-0.0496414
-0.0496074
-0.0497564
-0.048916
-0.0485419
-0.0491982
-0.0493803
-0.0493892
-0.049476
-0.0489573
-0.0496916
-0.0496621
-0.0498363
-0.0496324
-0.0496014
-0.0497514
-0.0496819
-0.0496113
-0.049722
-0.0498286
-0.0496406
-0.0496386
-0.0497491
-0.0496543
-0.0496628
-0.0499098
-0.0496712
-0.0497211
-0.0496394
-0.049614
-0.0497586
-0.0486254
-0.0489711
-0.0491922
-0.0494541
-0.0494381
-0.049541
-0.0490165
-0.049865
-0.0496671
-0.0497078
-0.0496565
-0.0496395
-0.049664
-0.0497114
-0.0496798
-0.0496367
-0.0498186
-0.0496256
-0.0495959
-0.0497371
-0.0496678
-0.0445063
-0.0430057
-0.0478523
-0.0450583
-0.0446318
-0.0455353
-0.0462851
-0.0498328
-0.0497904
-0.0498032
-0.0497848
-0.0497487
-0.0497464
-0.0498123
-0.0497916
-0.0498034
-0.0497621
-0.0499115
-0.0498267
-0.0497473
-0.0497882
-0.0499607
-0.0498291
-0.0499471
-0.0498106
-0.0497975
-0.0498582
-0.0498692
-0.0498779
-0.0497921
-0.0498499
-0.0499009
-0.0498329
-0.049855
-0.0498207
-0.0498202
-0.0498053
-0.0498407
-0.0497889
-0.0498058
-0.0497954
-0.0497441
-0.0498451
-0.0496176
-0.0501062
-0.0497739
-0.0499925
-0.0498689
-0.0498434
-0.0498531
-0.0498474
-0.0498913
-0.0498007
-0.0498378
-0.0498519
-0.049817
-0.049805
-0.0498856
-0.0499008
-0.0497862
-0.0497832
-0.0498623
-0.0498225
-0.0497481
-0.0498451
-0.049838
-0.0498223
-0.0497946
-0.0498496
-0.0498925
-0.0496557
-0.0497076
-0.049713
-0.0496159
-0.0496416
-0.0497145
-0.0496774
-0.0497259
-0.049733
-0.0497393
-0.0497013
-0.0497123
-0.0496987
-0.0497367
-0.0498505
-0.0498547
-0.0499063
-0.049804
-0.0498324
-0.0498557
-0.0498222
-0.0497526
-0.0498384
-0.049847
-0.0497989
-0.0498198
-0.0498467
-0.0498932
-0.0496483
-0.0497037
-0.0497086
-0.0496115
-0.0496369
-0.0497145
-0.0496773
-0.0496948
-0.0497739
-0.0497287
-0.0497782
-0.0497087
-0.049691
-0.0497495
-0.049722
-0.0497431
-0.0497394
-0.0497076
-0.0496908
-0.0496939
-0.0497408
-0.0497517
-0.0497603
-0.0497577
-0.0498066
-0.0497346
-0.0498262
-0.0497306
-0.0507253
-0.050354
-0.0511966
-0.0499903
-0.0498435
-0.0487439
-0.0478082
-0.0492089
-0.0493945
-0.0485378
-0.0498128
-0.0498644
-0.050102
-0.0509391
-0.0506901
-0.0503449
-0.0511525
-0.0499628
-0.0498324
-0.0487214
-0.0478205
-0.049771
-0.0497858
-0.0497771
-0.0498153
-0.0497944
-0.0498173
-0.0498307
-0.0497506
-0.0497586
-0.0497574
-0.0498035
-0.0497331
-0.049823
-0.0497305
-0.0497741
-0.0497683
-0.049773
-0.0498061
-0.0498039
-0.0497973
-0.0498216
-0.049765
-0.0497382
-0.0497493
-0.0498071
-0.0498269
-0.0497212
-0.0497201
-0.0499608
-0.0504311
-0.0508961
-0.0499443
-0.048552
-0.0496545
-0.0476604
-0.0491364
-0.0491088
-0.0485247
-0.0498542
-0.05009
-0.0498536
-0.0509878
-0.0499633
-0.0504403
-0.0508971
-0.0499501
-0.0485539
-0.0496631
-0.0476649
-0.0491175
-0.0490813
-0.048465
-0.0498567
-0.0500901
-0.0498555
-0.0510289
-0.0497698
-0.0497657
-0.0497694
-0.0498039
-0.049802
-0.0497952
-0.0498194
-0.0497691
-0.0497356
-0.0497473
-0.0498078
-0.04983
-0.0497172
-0.0497182
-0.0497275
-0.0497562
-0.0497071
-0.0497335
-0.049764
-0.0497342
-0.0497631
-0.0498036
-0.0497497
-0.0497591
-0.0497442
-0.0497979
-0.0497682
-0.0497717
-0.0496602
-0.0497184
-0.0497491
-0.0496554
-0.0497162
-0.0497614
-0.0497729
-0.0494761
-0.0497516
-0.0497738
-0.0496851
-0.0496862
-0.0497421
-0.0497658
-0.049786
-0.0496999
-0.0497514
-0.0497569
-0.0497416
-0.0497482
-0.0497625
-0.0496964
-0.0496593
-0.049695
-0.0496878
-0.0496672
-0.0497427
-0.0497293
-0.0498328
-0.0498772
-0.0497697
-0.0498188
-0.0498616
-0.049833
-0.0498541
-0.0498331
-0.0498461
-0.0498771
-0.0498402
-0.0498298
-0.0498113
-0.049824
-0.049962
-0.0498907
-0.0499549
-0.0497536
-0.0497988
-0.0498634
-0.0498152
-0.0497869
-0.0499337
-0.0500082
-0.0494239
-0.049685
-0.0497123
-0.049829
-0.0497546
-0.0497736
-0.0497341
-0.0496886
-0.0497065
-0.0497441
-0.0498142
-0.0496924
-0.0496555
-0.049692
-0.0496873
-0.0496672
-0.049743
-0.0497275
-0.0497939
-0.0496963
-0.0497573
-0.0497587
-0.0497416
-0.049751
-0.049769
-0.0498908
-0.0498352
-0.0497664
-0.0498683
-0.0498084
-0.0498325
-0.0498623
-0.0499818
-0.0499059
-0.0499716
-0.0497676
-0.0498091
-0.0498703
-0.0498292
-0.0498386
-0.0498387
-0.0498846
-0.0498472
-0.0498298
-0.0498187
-0.0498324
-0.0497758
-0.0495969
-0.0500521
-0.0498384
-0.0499807
-0.0498237
-0.049702
-0.0498578
-0.0497889
-0.0499188
-0.0498177
-0.0498841
-0.0498182
-0.0498705
-0.0499085
-0.0499235
-0.0499479
-0.0498413
-0.0498389
-0.049894
-0.0498918
-0.0497628
-0.0497281
-0.0497298
-0.04978
-0.0497451
-0.0497066
-0.0496932
-0.0497106
-0.0497299
-0.0496845
-0.049696
-0.0497175
-0.0497079
-0.0496615
-0.0496723
-0.0497047
-0.0496975
-0.0497113
-0.0496928
-0.049697
-0.0497137
-0.0497037
-0.0498841
-0.0497306
-0.0497067
-0.0496279
-0.0495896
-0.0496678
-0.0491517
-0.0491191
-0.0486768
-0.0494909
-0.0495602
-0.0495461
-0.0489798
-0.0499808
-0.049757
-0.0497356
-0.0497353
-0.0496501
-0.0496075
-0.0497747
-0.0497004
-0.0496659
-0.0497494
-0.0496087
-0.0496241
-0.0497113
-0.0496539
-0.0485524
-0.04883
-0.0490265
-0.049464
-0.0492472
-0.0494781
-0.0488515
-0.0496844
-0.0497337
-0.0498394
-0.0496601
-0.0496368
-0.0497695
-0.0497315
-0.0491511
-0.0486666
-0.0491206
-0.0494898
-0.0495508
-0.0495427
-0.0489826
-0.0498843
-0.0496922
-0.0497135
-0.0497048
-0.0496196
-0.0495813
-0.049669
-0.0500148
-0.0497838
-0.0497688
-0.0497529
-0.0496702
-0.0496309
-0.0497964
-0.0485897
-0.049037
-0.0488628
-0.0495034
-0.0492677
-0.049503
-0.0488698
-0.0496708
-0.0497105
-0.0497568
-0.0496172
-0.0496369
-0.0497235
-0.0496617
-0.0497952
-0.0498712
-0.049838
-0.0498815
-0.0498663
-0.0498159
-0.0498015
-0.0499256
-0.0499103
-0.0499506
-0.0498406
-0.0498401
-0.0498951
-0.0498925
-0.0498579
-0.0499262
-0.0497971
-0.0498177
-0.0498889
-0.0498161
-0.0498723
-0.0497642
-0.0497102
-0.0497252
-0.049783
-0.0497402
-0.0497017
-0.0496968
-0.0497087
-0.0496761
-0.0497009
-0.0497161
-0.0496946
-0.049698
-0.0497178
-0.0497221
-0.0496907
-0.0497158
-0.0496846
-0.0497116
-0.0497008
-0.0496666
-0.049791
-0.0497533
-0.0494963
-0.0495683
-0.0498405
-0.0497539
-0.0497464
-0.0497539
-0.0495628
-0.0489097
-0.0501388
-0.0503936
-0.0502809
-0.0511513
-0.0497615
-0.0504306
-0.0508527
-0.0498354
-0.0486881
-0.0496367
-0.0478716
-0.0495602
-0.0497643
-0.0489144
-0.0501258
-0.0502218
-0.0503925
-0.0511334
-0.0503792
-0.0497353
-0.0508195
-0.0498058
-0.0496067
-0.048674
-0.0478901
-0.03472
-0.0316038
-0.0317106
-0.0372575
-0.039497
-0.0399553
-0.0369655
-0.0319402
-0.037698
-0.0320618
-0.0354786
-0.0394982
-0.0351716
-0.0400049
-0.0318858
-0.0350981
-0.0406853
-0.031773
-0.0376431
-0.0369663
-0.0399676
-0.0320649
-0.0402627
-0.0371964
-0.0357019
-0.032046
-0.0356536
-0.0397627
-0.0477444
-0.045219
-0.0439971
-0.0452358
-0.0461619
-0.0472055
-0.0475944
-0.0499013
-0.0499259
-0.0498856
-0.0498479
-0.0497823
-0.0498362
-0.0498319
-0.0497905
-0.049821
-0.0497802
-0.0498197
-0.0497701
-0.0498078
-0.04981
-0.0499365
-0.0497187
-0.0499055
-0.0498756
-0.0499805
-0.0498551
-0.0498115
-0.0497012
-0.0498061
-0.0498247
-0.0498563
-0.0497564
-0.049785
-0.0497924
-0.0497813
-0.0498625
-0.0497792
-0.0498343
-0.0497895
-0.0498122
-0.0498396
-0.0498904
-0.0498608
-0.0497999
-0.0499501
-0.0498657
-0.0498539
-0.0498169
-0.0497396
-0.0496758
-0.0496841
-0.0497433
-0.0497654
-0.0497584
-0.0497769
-0.0494704
-0.0496519
-0.049811
-0.0496704
-0.049678
-0.0497322
-0.0497841
-0.0494098
-0.0495707
-0.0492704
-0.0498116
-0.0490315
-0.0501107
-0.0497371
-0.0493732
-0.0498419
-0.0497803
-0.0499845
-0.0494964
-0.0498402
-0.0498062
-0.0495556
-0.049318
-0.0497899
-0.0500717
-0.0499064
-0.0498023
-0.0497833
-0.0499323
-0.0499863
-0.0500599
-0.0500539
-0.0499767
-0.0498755
-0.0500361
-0.0494021
-0.0497188
-0.0495996
-0.0494397
-0.0493338
-0.0493115
-0.0497204
-0.0487062
-0.0496583
-0.0483681
-0.0488473
-0.04738
-0.048278
-0.0490596
-0.0490616
-0.0499583
-0.0503825
-0.0508269
-0.0495147
-0.0493398
-0.0506846
-0.0493842
-0.0487688
-0.0491063
-0.0494005
-0.0494394
-0.0493029
-0.0490179
-0.0315706
-0.0347673
-0.0316923
-0.0371209
-0.0395146
-0.0368414
-0.0399147
-0.031899
-0.0405171
-0.0350726
-0.0375146
-0.0317804
-0.0368545
-0.0398291
-0.0349511
-0.0318002
-0.0318984
-0.0373491
-0.0397712
-0.0401103
-0.0371222
-0.0320111
-0.0351962
-0.0406554
-0.0319397
-0.0376803
-0.0370636
-0.0399839
-0.0315692
-0.0347642
-0.0316888
-0.0371202
-0.0395144
-0.0368406
-0.0399134
-0.031893
-0.0350665
-0.0405209
-0.0317741
-0.0375164
-0.0368566
-0.0398299
-0.0317701
-0.0349281
-0.031871
-0.037356
-0.0397329
-0.0370753
-0.0401322
-0.0320237
-0.0352022
-0.0406777
-0.0319421
-0.037703
-0.0371158
-0.0400482
-0.0499759
-0.0491507
-0.0504491
-0.0508899
-0.0495847
-0.0506241
-0.0494476
-0.0488546
-0.0494716
-0.0491798
-0.0494553
-0.0495079
-0.0490918
-0.0493294
-0.0493852
-0.0492521
-0.0495507
-0.0490153
-0.0497907
-0.0500959
-0.0497255
-0.0493133
-0.0495525
-0.0497902
-0.0500715
-0.0499049
-0.0497787
-0.0498027
-0.0500236
-0.0499684
-0.0500781
-0.0500886
-0.0500012
-0.0500709
-0.0499016
-0.0498796
-0.0498283
-0.0498529
-0.0498844
-0.0498564
-0.0498517
-0.0498483
-0.0497825
-0.0499381
-0.0499653
-0.0498566
-0.0499953
-0.0498763
-0.0498554
-0.0498434
-0.0497761
-0.0497697
-0.0498131
-0.0498072
-0.0498432
-0.0497917
-0.0498242
-0.0498603
-0.0498916
-0.0497732
-0.0498939
-0.0498614
-0.0498699
-0.0496165
-0.0498103
-0.0498446
-0.0497287
-0.0498624
-0.0498856
-0.0498545
-0.0475306
-0.0477434
-0.0493589
-0.0469303
-0.0485053
-0.0478542
-0.0488226
-0.0444212
-0.0429182
-0.0478027
-0.0449634
-0.0446442
-0.0454703
-0.0462393
-0.0499305
-0.0501324
-0.0497206
-0.0498616
-0.0501038
-0.0498818
-0.0497995
-0.0504126
-0.0496117
-0.049944
-0.0496834
-0.0498853
-0.0498535
-0.0497975
-0.0499144
-0.049968
-0.0499823
-0.049774
-0.0500659
-0.0500043
-0.0499819
-0.0497642
-0.0497562
-0.0494913
-0.0495795
-0.0498642
-0.0497769
-0.0497317
-0.0497473
-0.0497494
-0.0494809
-0.0498468
-0.0495681
-0.0497632
-0.0497119
-0.0497898
-0.049503
-0.050058
-0.0496409
-0.0498849
-0.0497861
-0.0498669
-0.0497863
-0.0500805
-0.0496744
-0.0500944
-0.0498773
-0.0498577
-0.0497478
-0.0497986
-0.0498095
-0.0497782
-0.0497967
-0.049787
-0.0497749
-0.0497989
-0.0497075
-0.0497671
-0.0497512
-0.049783
-0.0497158
-0.0498226
-0.0497891
-0.0498404
-0.0498173
-0.0497915
-0.0497976
-0.0497852
-0.0498041
-0.0497976
-0.0499255
-0.0496929
-0.0499104
-0.0498619
-0.0499363
-0.049827
-0.0498125
-0.0498042
-0.0498168
-0.0497854
-0.0498009
-0.049791
-0.0497789
-0.049803
-0.0497154
-0.0497722
-0.0497562
-0.0497887
-0.0497228
-0.049827
-0.0497929
-0.0497138
-0.0497098
-0.049673
-0.0497283
-0.0497572
-0.0497282
-0.049759
-0.0498515
-0.0497999
-0.0497618
-0.0497657
-0.0497884
-0.0497692
-0.0498121
-0.0496017
-0.0497735
-0.0497787
-0.0497704
-0.0496617
-0.049706
-0.0497647
-0.0499142
-0.049697
-0.0499019
-0.0498352
-0.0499189
-0.049811
-0.0498147
-0.0497951
-0.0497601
-0.0497575
-0.0497973
-0.0497876
-0.0497954
-0.0497891
-0.0496799
-0.0498236
-0.0498232
-0.0497479
-0.0498519
-0.0497795
-0.049794
-0.0498219
-0.0497483
-0.0497756
-0.0497707
-0.0497942
-0.0498006
-0.0497672
-0.0495119
-0.0497437
-0.049775
-0.04971
-0.0497065
-0.0497688
-0.049768
-0.049802
-0.0497641
-0.0497639
-0.0498012
-0.0497913
-0.0497996
-0.0497923
-0.049688
-0.0498282
-0.049829
-0.0497537
-0.0498582
-0.0497836
-0.0497975
-0.0494449
-0.0496533
-0.0499605
-0.0498053
-0.0498294
-0.0495638
-0.0497233
-0.0503508
-0.0492223
-0.0504603
-0.0502403
-0.0494649
-0.0501461
-0.0494661
-0.0494479
-0.0493074
-0.0497761
-0.0499248
-0.0498321
-0.0497114
-0.0496715
-0.0497591
-0.0499087
-0.0499633
-0.0494074
-0.0496741
-0.0497133
-0.0498225
-0.0498724
-0.0500072
-0.050066
-0.0500389
-0.049955
-0.049839
-0.0500714
-0.0498111
-0.0500667
-0.0495426
-0.0496744
-0.049889
-0.0497967
-0.0498694
-0.0495685
-0.0495949
-0.0496027
-0.0495368
-0.0495678
-0.0499554
-0.0498076
-0.0493912
-0.05034
-0.0504952
-0.0502362
-0.049531
-0.049537
-0.0501479
-0.049677
-0.0494167
-0.0499864
-0.0498149
-0.0498287
-0.0497407
-0.0495963
-0.0474743
-0.0451561
-0.0438762
-0.0461158
-0.0449851
-0.0470252
-0.0474357
-0.0492301
-0.0500367
-0.0505318
-0.0509937
-0.0497678
-0.0495563
-0.0508233
-0.0474931
-0.0451835
-0.0438772
-0.0449884
-0.0461383
-0.0470513
-0.0474737
-0.0494884
-0.0488365
-0.0491648
-0.0493853
-0.0497196
-0.0494828
-0.0490937
-0.0499173
-0.0502008
-0.0496675
-0.0500852
-0.0498043
-0.0499118
-0.0499729
-0.0497486
-0.0496297
-0.050036
-0.0498345
-0.0499769
-0.0497898
-0.0497006
-0.0497071
-0.0499002
-0.0497591
-0.0497771
-0.0498103
-0.0497698
-0.0498477
-0.0494841
-0.0495932
-0.0497465
-0.0496267
-0.049606
-0.0496978
-0.0497044
-0.049891
-0.0498909
-0.049844
-0.0498297
-0.0497942
-0.0498325
-0.0498294
-0.0498846
-0.049875
-0.0497085
-0.0499292
-0.0498372
-0.0498259
-0.0497954
-0.0499056
-0.0500715
-0.0499939
-0.0495253
-0.0497435
-0.0497514
-0.0499074
-0.0477645
-0.0440087
-0.0452477
-0.0452357
-0.0461847
-0.0472022
-0.047605
-0.0443178
-0.0430011
-0.0476588
-0.0446498
-0.0449962
-0.0454858
-0.0460319
-0.0381135
-0.0324178
-0.0324876
-0.0358085
-0.0399793
-0.0403514
-0.0355776
-0.0324412
-0.0405932
-0.0376027
-0.0359947
-0.0324334
-0.0359346
-0.0400806
-0.034708
-0.0316033
-0.0317068
-0.0372487
-0.0395039
-0.0369739
-0.0399281
-0.0376888
-0.0319419
-0.0320588
-0.0354675
-0.0395114
-0.0351779
-0.0399761
-0.0318701
-0.0406798
-0.0350846
-0.0376331
-0.0317602
-0.0369433
-0.0399297
-0.0320507
-0.0402612
-0.0371662
-0.0356942
-0.0320309
-0.0356367
-0.0397144
-0.0381134
-0.0324182
-0.0324906
-0.035811
-0.0399799
-0.0403511
-0.0355771
-0.0324461
-0.0376061
-0.0405928
-0.0324391
-0.0359972
-0.0359396
-0.040084
-0.0443231
-0.0476517
-0.0430036
-0.0450061
-0.0446448
-0.0454914
-0.0460282
-0.0499329
-0.0500227
-0.0500942
-0.0497584
-0.0495438
-0.0497585
-0.0499305
-0.0498048
-0.0495194
-0.049765
-0.0495859
-0.0498634
-0.0497601
-0.0497534
-0.0496912
-0.0499017
-0.0496972
-0.049746
-0.0497961
-0.0498337
-0.0497531
-0.0498104
-0.0498395
-0.0497797
-0.0497892
-0.0497984
-0.0498209
-0.0497935
-0.0494411
-0.0497376
-0.0495694
-0.0495444
-0.0495708
-0.0496464
-0.0496797
-0.049681
-0.0498295
-0.0497456
-0.0497415
-0.0496908
-0.0497646
-0.049769
-0.0399997
-0.0341306
-0.0370222
-0.0366719
-0.0389323
-0.0427084
-0.0420241
-0.0500113
-0.0501626
-0.0501468
-0.0501539
-0.0500467
-0.050088
-0.0501003
-0.0498718
-0.0498356
-0.0498168
-0.0498957
-0.0498648
-0.0498588
-0.049776
-0.0499038
-0.0498446
-0.0498238
-0.0499238
-0.0498993
-0.0497945
-0.0499022
-0.0488321
-0.0498416
-0.0487691
-0.0504094
-0.049309
-0.0504005
-0.0498682
-0.0497228
-0.0496987
-0.0503505
-0.0498634
-0.0507656
-0.0500267
-0.0504333
-0.0489588
-0.0490606
-0.0497905
-0.0494527
-0.0502762
-0.0504081
-0.0500089
-0.0497212
-0.0503371
-0.0497722
-0.0508938
-0.0497547
-0.0500162
-0.0503678
-0.0490859
-0.0489937
-0.0498156
-0.0494823
-0.0502819
-0.0504115
-0.0500272
-0.0497362
-0.0497821
-0.0503269
-0.0498945
-0.050751
-0.0500551
-0.0504387
-0.0498176
-0.0498389
-0.0497577
-0.0498621
-0.0498043
-0.0497368
-0.0497978
-0.0498448
-0.0498805
-0.049826
-0.0499046
-0.0498727
-0.0498667
-0.0497849
-0.0498612
-0.0498543
-0.0498179
-0.0498745
-0.049849
-0.0498527
-0.0498195
-0.0498607
-0.0499178
-0.0498378
-0.0499391
-0.049914
-0.0498088
-0.0499165
-0.0497702
-0.0497879
-0.0497682
-0.0498225
-0.0497867
-0.0498625
-0.0498068
-0.0497181
-0.0497391
-0.0497556
-0.0497541
-0.0497538
-0.0497215
-0.049788
-0.0497591
-0.0497577
-0.0497448
-0.049749
-0.0497445
-0.049778
-0.049794
-0.0498115
-0.049853
-0.0498238
-0.0498501
-0.0498583
-0.0498984
-0.0499111
-0.0497719
-0.0497693
-0.0497909
-0.0497869
-0.0498234
-0.049863
-0.0498086
-0.0497439
-0.0497297
-0.0497678
-0.0497612
-0.0497612
-0.0497345
-0.0497885
-0.0499004
-0.0499708
-0.049457
-0.0495773
-0.0498982
-0.0496039
-0.0496624
-0.049776
-0.0497836
-0.0497737
-0.0497939
-0.0497921
-0.0498192
-0.0498404
-0.0497709
-0.0497668
-0.0497711
-0.049766
-0.0497793
-0.0498117
-0.0498131
-0.049828
-0.0497981
-0.0498175
-0.0498207
-0.049843
-0.0498201
-0.0498708
-0.0498074
-0.0499077
-0.049863
-0.0500013
-0.0499476
-0.049863
-0.0499472
-0.0497504
-0.0497728
-0.0497702
-0.0497698
-0.0497973
-0.0498226
-0.0497895
-0.0497769
-0.0497741
-0.0497886
-0.0497906
-0.0497954
-0.049821
-0.0498413
-0.0498368
-0.0498308
-0.0498074
-0.0498578
-0.0498259
-0.0498358
-0.0498807
-0.0497396
-0.0497731
-0.0497683
-0.0497497
-0.0498446
-0.0497231
-0.0497844
-0.0497829
-0.0498335
-0.0498312
-0.0498196
-0.0498733
-0.0497684
-0.0498214
-0.0497842
-0.0498358
-0.0497983
-0.0498345
-0.0498718
-0.049839
-0.0497375
-0.0497439
-0.0497648
-0.049756
-0.0497619
-0.0497662
-0.0497547
-0.0497298
-0.0497141
-0.0497538
-0.0497135
-0.0497692
-0.0497733
-0.0496651
-0.0497746
-0.0503612
-0.0498402
-0.0497765
-0.0508198
-0.0498877
-0.0500567
-0.050413
-0.0498704
-0.048999
-0.0490697
-0.0503484
-0.049496
-0.0504467
-0.0500432
-0.0498043
-0.0502626
-0.0499395
-0.049992
-0.0509386
-0.0500069
-0.0504572
-0.0403821
-0.0409964
-0.0363937
-0.0406186
-0.0403224
-0.042564
-0.0420436
-0.049871
-0.0490696
-0.0489984
-0.0503478
-0.0494961
-0.0504484
-0.0500441
-0.0503554
-0.049773
-0.0498368
-0.0508147
-0.0498855
-0.0500556
-0.0504115
-0.0498265
-0.0499539
-0.0502705
-0.0500084
-0.0509463
-0.0500201
-0.050468
-0.0497811
-0.0498322
-0.0498328
-0.0498017
-0.0498852
-0.04977
-0.0498133
-0.0497178
-0.0497193
-0.0497706
-0.0497856
-0.049771
-0.0496617
-0.0497745
-0.0499224
-0.0500062
-0.0499712
-0.0500552
-0.0500207
-0.0499423
-0.0499828
-0.0499832
-0.0501131
-0.0501277
-0.0500233
-0.0501235
-0.0500623
-0.050077
-0.0402175
-0.0408004
-0.0361648
-0.0404242
-0.040109
-0.042445
-0.0418878
-0.039977
-0.0370043
-0.0341085
-0.0366353
-0.038869
-0.0426908
-0.0419545
-0.040212
-0.0361583
-0.0407863
-0.0400999
-0.0404202
-0.0424387
-0.0418843
-0.0499341
-0.0499858
-0.0500164
-0.0500722
-0.0500329
-0.0499553
-0.0499975
-0.0498399
-0.0497796
-0.0498694
-0.0497615
-0.0498412
-0.0498198
-0.0497762
-0.0499592
-0.0500012
-0.0494874
-0.0499249
-0.0495883
-0.0496375
-0.0496934
-0.0397855
-0.0338979
-0.036844
-0.0364258
-0.0386889
-0.042481
-0.0417525
-0.0403025
-0.0363759
-0.0413304
-0.0402151
-0.0408796
-0.0427733
-0.0421782
-0.039794
-0.0338874
-0.036843
-0.0386964
-0.0364232
-0.0424856
-0.0417591
-0.040279
-0.0363465
-0.0413126
-0.040173
-0.0408838
-0.0427461
-0.0421612
-0.0498418
-0.0497831
-0.0498716
-0.049846
-0.0497664
-0.0498212
-0.0497831
-0.0499637
-0.0500049
-0.0494912
-0.0499302
-0.0495893
-0.0496453
-0.0496986
-0.0499208
-0.0494151
-0.0499789
-0.0495136
-0.0498983
-0.0495364
-0.0496029
-0.0497523
-0.0497858
-0.049771
-0.0497486
-0.0498318
-0.0497332
-0.0497645
-0.049886
-0.050045
-0.0500338
-0.0500409
-0.0499117
-0.0499905
-0.0499721
-0.0497621
-0.0498258
-0.0498728
-0.0499046
-0.0499194
-0.0498105
-0.0498836
-0.049881
-0.0500399
-0.0500309
-0.0500364
-0.0499075
-0.049986
-0.0499683
-0.0497721
-0.0498438
-0.0498937
-0.0499213
-0.0499465
-0.0498203
-0.049898
-0.0499232
-0.0494328
-0.0499794
-0.0499011
-0.0495246
-0.0495506
-0.0496131
-0.0497879
-0.0498242
-0.0498181
-0.0498721
-0.0497901
-0.0497735
-0.0498075
-0.0497258
-0.0497185
-0.0497796
-0.0498024
-0.0497072
-0.0497034
-0.0497217
-0.0498055
-0.0499099
-0.0498636
-0.0499502
-0.0500032
-0.0498601
-0.0499481
-0.0498662
-0.0499779
-0.0500002
-0.0499037
-0.0499878
-0.0499818
-0.0499592
-0.0498956
-0.0500146
-0.0500396
-0.0500234
-0.049928
-0.050007
-0.0499824
-0.0497346
-0.0497271
-0.0497919
-0.0498071
-0.0497122
-0.0497129
-0.0497274
-0.0499192
-0.0499817
-0.0494993
-0.0496208
-0.0499184
-0.0496599
-0.0497239
-0.0498601
-0.0495417
-0.0500176
-0.0496728
-0.0498952
-0.0495817
-0.0496599
-0.040375
-0.0409901
-0.0363827
-0.0406116
-0.0403143
-0.0425582
-0.0420372
-0.0401056
-0.0372057
-0.0341736
-0.0389427
-0.0367967
-0.0428479
-0.042113
-0.0401125
-0.0372148
-0.0341687
-0.0368123
-0.0389573
-0.0428804
-0.0421395
-0.0498555
-0.0495317
-0.0499938
-0.0498783
-0.0496539
-0.0495795
-0.0496507
-0.0497417
-0.0497828
-0.049789
-0.0497687
-0.0498604
-0.0497279
-0.0498001
-0.0498685
-0.0500242
-0.0500181
-0.049877
-0.0500217
-0.0499899
-0.0499196
-0.049764
-0.0498526
-0.0498353
-0.0499175
-0.0499438
-0.0498098
-0.0499106
-0.0401419
-0.0372683
-0.0342991
-0.0390285
-0.036869
-0.0428734
-0.0421211
-0.0402255
-0.0412636
-0.0362416
-0.0401539
-0.0407094
-0.0427556
-0.0420953
-0.0401354
-0.0342983
-0.0372649
-0.0390226
-0.036867
-0.0428674
-0.0421165
-0.040214
-0.0362571
-0.0412276
-0.0407262
-0.0401693
-0.0427229
-0.0421231
-0.0498848
-0.0500402
-0.0500528
-0.0498878
-0.0500415
-0.050001
-0.0499285
-0.0497773
-0.049855
-0.0498643
-0.0499586
-0.0499337
-0.0498234
-0.0499254
)
;

boundaryField
{
    sphere
    {
        type            zeroGradient;
    }
}


// ************************************************************************* //
