# Force       
# CofR        : (0.000000e+00 0.000000e+00 0.000000e+00)
#
# Time        	total_x total_y total_z	pressure_x pressure_y pressure_z	viscous_x viscous_y viscous_z
0.01           4.167005e+02 1.057034e-03 -9.370701e-03 4.166631e+02 1.057008e-03 -8.253662e-03 3.735226e-02 2.648640e-08 -1.117039e-03
0.02           -3.985663e+00 -9.200596e-04 -4.226603e-04 -4.010907e+00 -9.188184e-04 5.276474e-04 2.524383e-02 -1.241180e-06 -9.503077e-04
0.03           2.113978e+00 -1.679049e-03 -2.327301e-03 2.094356e+00 -1.677849e-03 -1.588611e-03 1.962163e-02 -1.200539e-06 -7.386896e-04
0.04           4.436727e-01 1.789090e-04 1.732561e-03 4.267224e-01 1.800429e-04 2.267413e-03 1.695036e-02 -1.133929e-06 -5.348514e-04
0.05           2.672266e-01 1.138282e-04 -5.050704e-05 2.520806e-01 1.152883e-04 2.803647e-04 1.514602e-02 -1.460109e-06 -3.308717e-04
0.06           2.014510e-01 1.364190e-04 -2.864332e-04 1.877169e-01 1.381277e-04 -1.552722e-04 1.373417e-02 -1.708661e-06 -1.311609e-04
0.07           1.488306e-01 1.799831e-04 1.014304e-04 1.362872e-01 1.818775e-04 3.851588e-05 1.254337e-02 -1.894483e-06 6.291453e-05
0.08           1.246093e-01 1.393879e-04 -1.381389e-04 1.131151e-01 1.413421e-04 -3.849948e-04 1.149418e-02 -1.954231e-06 2.468559e-04
0.09           1.085724e-01 1.488066e-04 -3.484275e-04 9.802560e-02 1.508206e-04 -7.641796e-04 1.054685e-02 -2.014005e-06 4.157522e-04
0.1            9.529637e-02 1.056799e-04 -5.890078e-04 8.561222e-02 1.077052e-04 -1.156468e-03 9.684151e-03 -2.025268e-06 5.674600e-04
0.11           8.244882e-02 1.294762e-04 -7.333344e-04 7.355207e-02 1.315339e-04 -1.434310e-03 8.896757e-03 -2.057692e-06 7.009751e-04
0.12           7.385735e-02 4.292743e-05 -8.709513e-04 6.568133e-02 4.495652e-05 -1.686748e-03 8.176016e-03 -2.029085e-06 8.157964e-04
0.13           6.880880e-02 8.718770e-05 -7.412474e-04 6.129313e-02 8.918946e-05 -1.653546e-03 7.515676e-03 -2.001764e-06 9.122990e-04
0.14           6.411430e-02 7.469542e-05 -8.556672e-04 5.720346e-02 7.666925e-05 -1.847208e-03 6.910846e-03 -1.973835e-06 9.915409e-04
0.15           5.759355e-02 6.071919e-05 -7.210084e-04 5.123572e-02 6.267952e-05 -1.775917e-03 6.357827e-03 -1.960330e-06 1.054908e-03
0.16           5.470771e-02 7.974415e-05 -5.162913e-04 4.885592e-02 8.170102e-05 -1.620484e-03 5.851796e-03 -1.956874e-06 1.104193e-03
0.17           4.995962e-02 9.358865e-05 -5.297660e-04 4.457005e-02 9.554240e-05 -1.670859e-03 5.389567e-03 -1.953747e-06 1.141093e-03
0.18           4.766351e-02 6.635191e-05 -6.294420e-04 4.269625e-02 6.830480e-05 -1.796864e-03 4.967265e-03 -1.952887e-06 1.167422e-03
0.19           4.546236e-02 7.567617e-05 -7.359720e-04 4.088058e-02 7.761377e-05 -1.920791e-03 4.581779e-03 -1.937592e-06 1.184819e-03
0.2            4.325070e-02 5.712920e-05 -7.897863e-04 3.902046e-02 5.901765e-05 -1.984654e-03 4.230245e-03 -1.888455e-06 1.194868e-03
0.21           4.130619e-02 3.660626e-05 -7.231703e-04 3.739651e-02 3.845081e-05 -1.921835e-03 3.909683e-03 -1.844552e-06 1.198665e-03
0.22           3.991698e-02 1.428578e-05 -6.726678e-04 3.629946e-02 1.610465e-05 -1.870134e-03 3.617524e-03 -1.818874e-06 1.197466e-03
0.23           3.798749e-02 3.108170e-05 -5.286936e-04 3.463588e-02 3.289594e-05 -1.721020e-03 3.351616e-03 -1.814243e-06 1.192327e-03
0.24           3.662436e-02 3.307744e-05 -3.763216e-04 3.351477e-02 3.484218e-05 -1.560435e-03 3.109596e-03 -1.764733e-06 1.184114e-03
0.25           3.495380e-02 3.009668e-05 -2.999986e-04 3.206458e-02 3.181178e-05 -1.473551e-03 2.889222e-03 -1.715097e-06 1.173553e-03
0.26           3.350726e-02 3.765374e-05 -1.760567e-04 3.081883e-02 3.935292e-05 -1.337290e-03 2.688431e-03 -1.699184e-06 1.161233e-03
0.27           3.202633e-02 5.543948e-05 -6.659230e-05 2.952103e-02 5.712824e-05 -1.214196e-03 2.505298e-03 -1.688765e-06 1.147604e-03
0.28           3.076065e-02 4.425609e-05 4.267197e-05 2.842271e-02 4.591992e-05 -1.090386e-03 2.337943e-03 -1.663831e-06 1.133058e-03
0.29           2.944749e-02 2.552778e-05 1.381220e-04 2.726287e-02 2.714608e-05 -9.797532e-04 2.184622e-03 -1.618291e-06 1.117875e-03
0.3            2.835515e-02 4.983804e-05 1.904481e-04 2.631138e-02 5.142582e-05 -9.118427e-04 2.043764e-03 -1.587784e-06 1.102291e-03
0.31           2.726695e-02 7.367739e-05 1.900058e-04 2.535306e-02 7.525062e-05 -8.963923e-04 1.913883e-03 -1.573227e-06 1.086398e-03
0.32           2.638046e-02 7.396505e-05 2.414823e-04 2.458685e-02 7.551783e-05 -8.287334e-04 1.793611e-03 -1.552787e-06 1.070216e-03
0.33           2.539816e-02 8.168321e-05 3.111943e-04 2.371631e-02 8.321160e-05 -7.425159e-04 1.681852e-03 -1.528389e-06 1.053710e-03
0.34           2.444986e-02 6.390065e-05 3.421561e-04 2.287231e-02 6.539891e-05 -6.947090e-04 1.577549e-03 -1.498256e-06 1.036865e-03
0.35           2.370608e-02 7.845747e-05 4.435069e-04 2.222632e-02 7.993838e-05 -5.760322e-04 1.479767e-03 -1.480917e-06 1.019539e-03
0.36           2.277885e-02 7.499423e-05 4.936914e-04 2.139095e-02 7.646051e-05 -5.080660e-04 1.387899e-03 -1.466277e-06 1.001757e-03
0.37           2.202443e-02 7.929686e-05 4.796685e-04 2.072320e-02 8.074077e-05 -5.038507e-04 1.301234e-03 -1.443903e-06 9.835192e-04
0.38           2.126522e-02 7.290808e-05 5.442635e-04 2.004597e-02 7.432630e-05 -4.204823e-04 1.219248e-03 -1.418220e-06 9.647458e-04
0.39           2.058073e-02 6.233193e-05 5.173149e-04 1.943933e-02 6.372605e-05 -4.281187e-04 1.141406e-03 -1.394123e-06 9.454336e-04
0.4            1.989575e-02 7.752940e-05 5.429073e-04 1.882843e-02 7.890058e-05 -3.827107e-04 1.067320e-03 -1.371174e-06 9.256180e-04
0.41           1.913069e-02 7.563022e-05 5.812867e-04 1.813395e-02 7.697604e-05 -3.240256e-04 9.967331e-04 -1.345811e-06 9.053123e-04
0.42           1.856559e-02 6.453968e-05 5.622065e-04 1.763619e-02 6.586236e-05 -3.223452e-04 9.293986e-04 -1.322679e-06 8.845517e-04
0.43           1.789519e-02 6.235884e-05 5.880491e-04 1.703006e-02 6.366570e-05 -2.752990e-04 8.651304e-04 -1.306854e-06 8.633481e-04
0.44           1.734763e-02 6.688540e-05 5.527893e-04 1.654385e-02 6.817755e-05 -2.889240e-04 8.037765e-04 -1.292153e-06 8.417133e-04
0.45           1.669981e-02 7.248019e-05 5.427365e-04 1.595462e-02 7.375743e-05 -2.769160e-04 7.451836e-04 -1.277236e-06 8.196525e-04
0.46           1.621383e-02 6.782888e-05 5.434519e-04 1.552463e-02 6.909702e-05 -2.537873e-04 6.892017e-04 -1.268149e-06 7.972392e-04
0.47           1.567754e-02 5.558754e-05 5.498726e-04 1.504179e-02 5.684024e-05 -2.246318e-04 6.357442e-04 -1.252697e-06 7.745044e-04
0.48           1.522552e-02 5.377570e-05 5.763560e-04 1.464077e-02 5.502235e-05 -1.751904e-04 5.847446e-04 -1.246647e-06 7.515464e-04
0.49           1.470459e-02 5.771835e-05 5.694490e-04 1.416841e-02 5.895749e-05 -1.589663e-04 5.361802e-04 -1.239138e-06 7.284153e-04
0.5            1.432537e-02 4.854652e-05 5.426314e-04 1.383543e-02 4.977984e-05 -1.625695e-04 4.899410e-04 -1.233318e-06 7.052010e-04
0.51           1.384490e-02 5.232080e-05 5.389383e-04 1.339894e-02 5.356182e-05 -1.430458e-04 4.459661e-04 -1.241013e-06 6.819841e-04
0.52           1.345725e-02 5.921499e-05 5.590703e-04 1.305311e-02 6.045935e-05 -9.972987e-05 4.041469e-04 -1.244353e-06 6.588002e-04
0.53           1.305986e-02 5.020115e-05 5.460279e-04 1.269538e-02 5.144095e-05 -8.967137e-05 3.644793e-04 -1.239800e-06 6.356993e-04
0.54           1.267269e-02 3.981089e-05 5.242339e-04 1.234577e-02 4.104625e-05 -8.851826e-05 3.269240e-04 -1.235359e-06 6.127521e-04
0.55           1.234256e-02 2.270003e-05 5.201184e-04 1.205114e-02 2.392865e-05 -6.987766e-05 2.914202e-04 -1.228618e-06 5.899961e-04
0.56           1.196712e-02 3.478152e-05 5.385272e-04 1.170919e-02 3.600969e-05 -2.896763e-05 2.579285e-04 -1.228171e-06 5.674948e-04
0.57           1.164466e-02 2.939595e-05 5.115074e-04 1.141836e-02 3.063058e-05 -3.383472e-05 2.263008e-04 -1.234629e-06 5.453421e-04
0.58           1.134240e-02 2.537602e-05 5.360713e-04 1.114593e-02 2.661367e-05 1.252252e-05 1.964706e-04 -1.237650e-06 5.235487e-04
0.59           1.104413e-02 3.399361e-05 5.162319e-04 1.087574e-02 3.523551e-05 1.402763e-05 1.683989e-04 -1.241902e-06 5.022042e-04
0.6            1.076804e-02 3.747463e-05 4.866503e-04 1.062601e-02 3.872134e-05 5.252108e-06 1.420335e-04 -1.246711e-06 4.813982e-04
0.61           1.049897e-02 2.848121e-05 4.584606e-04 1.038167e-02 2.972133e-05 -2.724465e-06 1.173079e-04 -1.240115e-06 4.611851e-04
0.62           1.021659e-02 2.555514e-05 4.382196e-04 1.012242e-02 2.678333e-05 -3.383113e-06 9.417089e-05 -1.228194e-06 4.416027e-04
0.63           9.984795e-03 1.833413e-05 4.354123e-04 9.912265e-03 1.954869e-05 1.275048e-05 7.252979e-05 -1.214567e-06 4.226619e-04
0.64           9.788247e-03 1.302281e-05 3.925109e-04 9.735944e-03 1.422649e-05 -1.191324e-05 5.230277e-05 -1.203674e-06 4.044241e-04
0.65           9.595465e-03 1.790296e-05 3.403181e-04 9.562071e-03 1.909541e-05 -4.659565e-05 3.339344e-05 -1.192451e-06 3.869137e-04
0.66           9.327641e-03 2.375771e-05 3.402932e-04 9.311886e-03 2.493840e-05 -2.984571e-05 1.575563e-05 -1.180688e-06 3.701389e-04
0.67           9.141664e-03 2.507463e-05 3.274229e-04 9.142378e-03 2.623967e-05 -2.668757e-05 -7.147155e-07 -1.165032e-06 3.541104e-04
0.68           8.980930e-03 1.540019e-05 2.997643e-04 8.996975e-03 1.655486e-05 -3.905001e-05 -1.604518e-05 -1.154672e-06 3.388143e-04
0.69           8.838212e-03 8.803136e-06 2.715470e-04 8.868501e-03 9.941490e-06 -5.269598e-05 -3.028859e-05 -1.138354e-06 3.242429e-04
0.7            8.645864e-03 1.633984e-05 2.475458e-04 8.689350e-03 1.745796e-05 -6.284413e-05 -4.348562e-05 -1.118113e-06 3.103899e-04
0.71           8.461670e-03 1.925605e-05 2.167730e-04 8.517365e-03 2.034972e-05 -8.046429e-05 -5.569507e-05 -1.093669e-06 2.972373e-04
0.72           8.253747e-03 2.645675e-05 1.925232e-04 8.320747e-03 2.752836e-05 -9.224013e-05 -6.699981e-05 -1.071610e-06 2.847633e-04
0.73           8.100488e-03 1.560497e-05 1.710546e-04 8.177965e-03 1.664587e-05 -1.018935e-04 -7.747754e-05 -1.040900e-06 2.729482e-04
0.74           7.907095e-03 1.562888e-05 1.617551e-04 7.994265e-03 1.663674e-05 -9.999221e-05 -8.717022e-05 -1.007854e-06 2.617473e-04
0.75           7.741322e-03 1.090426e-05 1.301139e-04 7.837428e-03 1.187504e-05 -1.210096e-04 -9.610548e-05 -9.707844e-07 2.511236e-04
0.76           7.566379e-03 9.013393e-06 1.066069e-04 7.670720e-03 9.942617e-06 -1.344220e-04 -1.043415e-04 -9.292238e-07 2.410289e-04
0.77           7.414822e-03 -1.968575e-06 8.397335e-05 7.526760e-03 -1.081518e-06 -1.474626e-04 -1.119389e-04 -8.870574e-07 2.314359e-04
0.78           7.288600e-03 -2.686221e-06 8.250908e-05 7.407549e-03 -1.836907e-06 -1.397928e-04 -1.189491e-04 -8.493136e-07 2.223019e-04
0.79           7.145690e-03 -5.394268e-06 7.480578e-05 7.271075e-03 -4.588351e-06 -1.388026e-04 -1.253849e-04 -8.059171e-07 2.136084e-04
0.8            7.060369e-03 -1.214800e-05 7.854922e-05 7.191675e-03 -1.138947e-05 -1.267746e-04 -1.313058e-04 -7.585296e-07 2.053238e-04
0.81           6.942406e-03 -1.007693e-05 7.744578e-05 7.079157e-03 -9.365643e-06 -1.199873e-04 -1.367510e-04 -7.112869e-07 1.974331e-04
0.82           6.829864e-03 -1.525388e-05 6.856910e-05 6.971624e-03 -1.458865e-05 -1.213357e-04 -1.417598e-04 -6.652336e-07 1.899048e-04
0.83           6.705096e-03 -2.829981e-06 5.535924e-05 6.851447e-03 -2.208796e-06 -1.273737e-04 -1.463504e-04 -6.211843e-07 1.827330e-04
0.84           6.613843e-03 -6.546912e-06 5.456723e-05 6.764388e-03 -5.970957e-06 -1.213242e-04 -1.505452e-04 -5.759554e-07 1.758915e-04
0.85           6.557866e-03 4.737940e-06 5.402754e-05 6.712256e-03 5.270601e-06 -1.153358e-04 -1.543894e-04 -5.326605e-07 1.693633e-04
0.86           6.493857e-03 1.496411e-06 5.069173e-05 6.651767e-03 1.985773e-06 -1.124461e-04 -1.579099e-04 -4.893628e-07 1.631379e-04
0.87           6.383804e-03 7.255903e-06 3.785070e-05 6.544911e-03 7.702707e-06 -1.193602e-04 -1.611070e-04 -4.468041e-07 1.572109e-04
0.88           6.301771e-03 1.708770e-06 3.834823e-05 6.465781e-03 2.114180e-06 -1.132118e-04 -1.640104e-04 -4.054099e-07 1.515600e-04
0.89           6.243362e-03 2.567891e-06 3.838673e-05 6.410024e-03 2.935796e-06 -1.077825e-04 -1.666611e-04 -3.679050e-07 1.461692e-04
0.9            6.165954e-03 -2.285818e-06 4.246178e-05 6.335028e-03 -1.954589e-06 -9.855042e-05 -1.690741e-04 -3.312293e-07 1.410122e-04
0.91           6.098442e-03 -5.565823e-07 5.227842e-05 6.269732e-03 -2.609910e-07 -8.381743e-05 -1.712900e-04 -2.955912e-07 1.360958e-04
0.92           6.014769e-03 -8.424031e-06 4.350239e-05 6.188094e-03 -8.159949e-06 -8.791520e-05 -1.733248e-04 -2.640822e-07 1.314176e-04
0.93           5.922785e-03 -2.854581e-06 6.263055e-05 6.097962e-03 -2.616311e-06 -6.432594e-05 -1.751775e-04 -2.382699e-07 1.269565e-04
0.94           5.832182e-03 -7.520942e-06 4.187863e-05 6.009048e-03 -7.307190e-06 -8.082423e-05 -1.768657e-04 -2.137515e-07 1.227029e-04
0.95           5.744153e-03 -5.162833e-06 4.084601e-05 5.922581e-03 -4.971965e-06 -7.780509e-05 -1.784277e-04 -1.908680e-07 1.186511e-04
0.96           5.663741e-03 -1.343952e-05 2.141760e-05 5.843593e-03 -1.327242e-05 -9.337702e-05 -1.798523e-04 -1.671003e-07 1.147946e-04
0.97           5.576058e-03 -1.711284e-05 1.098317e-05 5.757202e-03 -1.696567e-05 -1.001328e-04 -1.811437e-04 -1.471626e-07 1.111160e-04
0.98           5.502274e-03 -1.092580e-05 9.106494e-06 5.684598e-03 -1.079437e-05 -9.850088e-05 -1.823242e-04 -1.314308e-07 1.076074e-04
0.99           5.427073e-03 -1.506702e-05 1.271852e-05 5.610463e-03 -1.495462e-05 -9.152504e-05 -1.833902e-04 -1.124024e-07 1.042436e-04
1              5.349595e-03 -1.115362e-05 -1.959015e-07 5.533943e-03 -1.106125e-05 -1.012086e-04 -1.843485e-04 -9.236728e-08 1.010127e-04
1.01           5.267281e-03 -7.468658e-06 -5.734674e-06 5.452493e-03 -7.393618e-06 -1.036416e-04 -1.852122e-04 -7.503944e-08 9.790689e-05
1.02           5.185622e-03 -1.175666e-05 -7.271163e-06 5.371602e-03 -1.169824e-05 -1.021958e-04 -1.859796e-04 -5.842342e-08 9.492467e-05
1.03           5.123913e-03 -9.973091e-06 -2.139346e-05 5.310572e-03 -9.928958e-06 -1.134427e-04 -1.866586e-04 -4.413307e-08 9.204922e-05
1.04           5.037255e-03 -1.456027e-05 -2.991066e-05 5.224492e-03 -1.452988e-05 -1.191790e-04 -1.872377e-04 -3.039551e-08 8.926838e-05
1.05           4.990343e-03 -1.436107e-05 -3.818551e-05 5.178076e-03 -1.434344e-05 -1.247662e-04 -1.877329e-04 -1.763009e-08 8.658067e-05
1.06           4.934150e-03 -1.522982e-05 -2.763168e-05 5.122284e-03 -1.522284e-05 -1.116093e-04 -1.881340e-04 -6.979963e-09 8.397765e-05
1.07           4.876341e-03 -2.083065e-05 -1.576709e-05 5.064785e-03 -2.083301e-05 -9.721986e-05 -1.884446e-04 2.362959e-09 8.145277e-05
1.08           4.814581e-03 -2.460805e-05 -1.496789e-05 5.003244e-03 -2.461802e-05 -9.397968e-05 -1.886628e-04 9.965339e-09 7.901178e-05
1.09           4.756486e-03 -2.010303e-05 -2.080624e-05 4.945283e-03 -2.011888e-05 -9.745768e-05 -1.887970e-04 1.585387e-08 7.665143e-05
1.1            4.695812e-03 -7.658700e-06 -2.132209e-05 4.884661e-03 -7.676251e-06 -9.568130e-05 -1.888492e-04 1.755101e-08 7.435921e-05
1.11           4.626271e-03 -4.992345e-06 -2.224203e-05 4.815092e-03 -5.010772e-06 -9.438346e-05 -1.888216e-04 1.842670e-08 7.214143e-05
1.12           4.557359e-03 -2.359198e-07 -3.047116e-05 4.746075e-03 -2.524149e-07 -1.004696e-04 -1.887158e-04 1.649511e-08 6.999846e-05
1.13           4.491073e-03 -5.510133e-06 -2.775615e-05 4.679615e-03 -5.527136e-06 -9.567926e-05 -1.885418e-04 1.700270e-08 6.792311e-05
1.14           4.415975e-03 -1.366760e-05 -3.516474e-06 4.604272e-03 -1.368911e-05 -6.942658e-05 -1.882968e-04 2.150922e-08 6.591011e-05
1.15           4.358542e-03 -9.255099e-06 8.928068e-06 4.546534e-03 -9.281510e-06 -5.503450e-05 -1.879920e-04 2.641082e-08 6.396257e-05
1.16           4.310161e-03 -1.119041e-05 1.476021e-05 4.497795e-03 -1.122255e-05 -4.732247e-05 -1.876341e-04 3.213382e-08 6.208268e-05
1.17           4.236900e-03 -1.119965e-05 1.430251e-05 4.424116e-03 -1.123611e-05 -4.597603e-05 -1.872159e-04 3.645641e-08 6.027853e-05
1.18           4.178462e-03 -1.251138e-05 3.400234e-05 4.365212e-03 -1.255290e-05 -2.453906e-05 -1.867502e-04 4.151949e-08 5.854140e-05
1.19           4.116683e-03 -1.372270e-05 4.482000e-05 4.302928e-03 -1.376593e-05 -1.205582e-05 -1.862450e-04 4.323059e-08 5.687582e-05
1.2            4.048739e-03 -1.124192e-05 3.237859e-05 4.234441e-03 -1.128748e-05 -2.291673e-05 -1.857024e-04 4.555428e-08 5.529532e-05
1.21           3.978775e-03 -9.371416e-06 3.233930e-05 4.163892e-03 -9.420113e-06 -2.145455e-05 -1.851165e-04 4.869688e-08 5.379386e-05
1.22           3.925562e-03 -1.073923e-05 2.580687e-05 4.110057e-03 -1.079139e-05 -2.656100e-05 -1.844955e-04 5.216668e-08 5.236788e-05
1.23           3.883036e-03 -8.102888e-06 3.337626e-05 4.066881e-03 -8.160365e-06 -1.763559e-05 -1.838448e-04 5.747683e-08 5.101185e-05
1.24           3.808673e-03 -9.202120e-06 3.462783e-05 3.991839e-03 -9.267976e-06 -1.509823e-05 -1.831661e-04 6.585607e-08 4.972606e-05
1.25           3.753266e-03 -5.193127e-06 2.965472e-05 3.935730e-03 -5.264629e-06 -1.885605e-05 -1.824634e-04 7.150180e-08 4.851077e-05
1.26           3.697297e-03 -1.191451e-05 2.002110e-05 3.879039e-03 -1.199363e-05 -2.733452e-05 -1.817419e-04 7.911671e-08 4.735562e-05
1.27           3.643426e-03 -9.900742e-06 1.140870e-05 3.824434e-03 -9.985832e-06 -3.485262e-05 -1.810078e-04 8.509003e-08 4.626132e-05
1.28           3.594868e-03 -1.216545e-05 2.228964e-05 3.775125e-03 -1.225791e-05 -2.293088e-05 -1.802565e-04 9.246357e-08 4.522053e-05
1.29           3.561358e-03 -1.058965e-05 2.385251e-05 3.740848e-03 -1.068882e-05 -2.038235e-05 -1.794903e-04 9.916963e-08 4.423486e-05
1.3            3.523048e-03 -9.836387e-06 1.975539e-05 3.701757e-03 -9.943160e-06 -2.355092e-05 -1.787098e-04 1.067730e-07 4.330632e-05
1.31           3.471146e-03 -4.533185e-06 2.402524e-05 3.649060e-03 -4.646559e-06 -1.839772e-05 -1.779140e-04 1.133745e-07 4.242296e-05
1.32           3.429954e-03 -1.295823e-05 2.323909e-05 3.607060e-03 -1.308163e-05 -1.834671e-05 -1.771059e-04 1.233946e-07 4.158580e-05
1.33           3.380429e-03 -1.681415e-05 3.347909e-05 3.556710e-03 -1.694693e-05 -7.310200e-06 -1.762809e-04 1.327801e-07 4.078929e-05
1.34           3.319322e-03 -2.012679e-05 2.484841e-05 3.494757e-03 -2.026943e-05 -1.518930e-05 -1.754352e-04 1.426405e-07 4.003771e-05
1.35           3.273475e-03 -1.853436e-05 2.374782e-05 3.448055e-03 -1.868372e-05 -1.557920e-05 -1.745792e-04 1.493613e-07 3.932702e-05
1.36           3.233224e-03 -2.040639e-05 3.193253e-05 3.406938e-03 -2.056405e-05 -6.716877e-06 -1.737132e-04 1.576645e-07 3.864941e-05
1.37           3.193676e-03 -1.766473e-05 3.601279e-05 3.366510e-03 -1.782927e-05 -1.987850e-06 -1.728336e-04 1.645410e-07 3.800064e-05
1.38           3.146967e-03 -1.783237e-05 4.720097e-06 3.318910e-03 -1.800374e-05 -3.267259e-05 -1.719422e-04 1.713719e-07 3.739269e-05
1.39           3.114207e-03 -1.506191e-05 -1.203989e-05 3.285249e-03 -1.523835e-05 -4.885856e-05 -1.710426e-04 1.764432e-07 3.681867e-05
1.4            3.074159e-03 -1.471456e-05 -7.282062e-06 3.244288e-03 -1.489503e-05 -4.355469e-05 -1.701293e-04 1.804672e-07 3.627263e-05
1.41           3.036199e-03 -1.459112e-05 3.837240e-06 3.205401e-03 -1.477727e-05 -3.191726e-05 -1.692025e-04 1.861488e-07 3.575449e-05
1.42           3.003980e-03 -1.464340e-05 -2.847583e-06 3.172243e-03 -1.483842e-05 -3.811489e-05 -1.682628e-04 1.950164e-07 3.526731e-05
1.43           2.962008e-03 -1.575289e-05 -4.060080e-06 3.129317e-03 -1.595497e-05 -3.887191e-05 -1.673095e-04 2.020787e-07 3.481183e-05
1.44           2.937264e-03 -1.230818e-05 2.001471e-07 3.103614e-03 -1.251768e-05 -3.418283e-05 -1.663504e-04 2.095020e-07 3.438298e-05
1.45           2.904037e-03 -1.286048e-05 -3.658430e-07 3.069416e-03 -1.307789e-05 -3.434564e-05 -1.653795e-04 2.174142e-07 3.397979e-05
1.46           2.882384e-03 -1.752772e-05 8.872611e-06 3.046787e-03 -1.775372e-05 -2.472876e-05 -1.644028e-04 2.259998e-07 3.360137e-05
1.47           2.854833e-03 -1.294806e-05 1.844510e-05 3.018252e-03 -1.317941e-05 -1.480296e-05 -1.634189e-04 2.313485e-07 3.324806e-05
1.48           2.835913e-03 -1.454716e-05 2.312112e-05 2.998345e-03 -1.478485e-05 -9.795477e-06 -1.624327e-04 2.376900e-07 3.291660e-05
1.49           2.812578e-03 -1.640995e-05 2.529543e-05 2.974021e-03 -1.665234e-05 -7.313125e-06 -1.614431e-04 2.423873e-07 3.260856e-05
1.5            2.789883e-03 -1.972212e-05 2.103394e-05 2.950339e-03 -1.996704e-05 -1.128793e-05 -1.604556e-04 2.449153e-07 3.232187e-05
1.51           2.767319e-03 -1.776588e-05 1.893617e-05 2.926785e-03 -1.801078e-05 -1.312284e-05 -1.594666e-04 2.449044e-07 3.205901e-05
1.52           2.741050e-03 -1.394703e-05 1.525052e-05 2.899526e-03 -1.418933e-05 -1.656751e-05 -1.584758e-04 2.423044e-07 3.181804e-05
1.53           2.717958e-03 -1.461376e-05 4.831249e-06 2.875445e-03 -1.485299e-05 -2.676725e-05 -1.574874e-04 2.392312e-07 3.159849e-05
1.54           2.708972e-03 -9.776179e-06 2.168239e-06 2.865475e-03 -1.001139e-05 -2.922252e-05 -1.565026e-04 2.352098e-07 3.139076e-05
1.55           2.688986e-03 -7.371946e-06 1.107115e-05 2.844504e-03 -7.601941e-06 -2.012550e-05 -1.555182e-04 2.299955e-07 3.119665e-05
1.56           2.683730e-03 -1.242262e-05 9.058310e-06 2.838269e-03 -1.264879e-05 -2.195630e-05 -1.545385e-04 2.261680e-07 3.101461e-05
1.57           2.662053e-03 -1.871751e-05 1.691137e-05 2.815614e-03 -1.894076e-05 -1.393245e-05 -1.535602e-04 2.232557e-07 3.084382e-05
1.58           2.651546e-03 -2.056560e-05 9.676563e-06 2.804136e-03 -2.078369e-05 -2.100635e-05 -1.525908e-04 2.180811e-07 3.068291e-05
1.59           2.622311e-03 -1.831858e-05 1.087493e-05 2.773934e-03 -1.853195e-05 -1.965654e-05 -1.516237e-04 2.133745e-07 3.053148e-05
1.6            2.604679e-03 -1.384962e-05 8.973565e-06 2.755342e-03 -1.405742e-05 -2.141187e-05 -1.506628e-04 2.077955e-07 3.038544e-05
1.61           2.596713e-03 -1.833407e-05 1.989242e-05 2.746424e-03 -1.853748e-05 -1.034644e-05 -1.497115e-04 2.034036e-07 3.023886e-05
1.62           2.578051e-03 -2.142677e-05 2.420649e-05 2.726814e-03 -2.162788e-05 -5.888970e-06 -1.487627e-04 2.011075e-07 3.009546e-05
1.63           2.565843e-03 -2.109703e-05 2.693819e-05 2.713661e-03 -2.129685e-05 -3.022109e-06 -1.478188e-04 1.998194e-07 2.996030e-05
1.64           2.543402e-03 -1.769098e-05 2.472583e-05 2.690278e-03 -1.788699e-05 -5.106311e-06 -1.468758e-04 1.960058e-07 2.983214e-05
1.65           2.521949e-03 -1.398580e-05 2.166813e-05 2.667882e-03 -1.417555e-05 -8.041543e-06 -1.459336e-04 1.897527e-07 2.970967e-05
1.66           2.490177e-03 -1.447153e-05 2.594774e-05 2.635167e-03 -1.465365e-05 -3.641103e-06 -1.449901e-04 1.821254e-07 2.958884e-05
1.67           2.470791e-03 -1.249097e-05 2.697502e-05 2.614835e-03 -1.266638e-05 -2.499029e-06 -1.440434e-04 1.754014e-07 2.947405e-05
1.68           2.446790e-03 -1.183344e-05 2.733400e-05 2.589885e-03 -1.200343e-05 -2.028887e-06 -1.430950e-04 1.699909e-07 2.936289e-05
1.69           2.443837e-03 -1.380175e-05 1.574571e-05 2.585987e-03 -1.396729e-05 -1.351286e-05 -1.421496e-04 1.655444e-07 2.925857e-05
1.7            2.426040e-03 -1.424648e-05 1.076940e-05 2.567244e-03 -1.440622e-05 -1.839019e-05 -1.412039e-04 1.597383e-07 2.915958e-05
1.71           2.402791e-03 -8.968028e-06 6.716641e-06 2.543048e-03 -9.123080e-06 -2.234832e-05 -1.402574e-04 1.550523e-07 2.906497e-05
1.72           2.395360e-03 -1.133903e-05 -1.255724e-06 2.534670e-03 -1.148744e-05 -3.023172e-05 -1.393098e-04 1.484081e-07 2.897599e-05
1.73           2.399871e-03 -1.806894e-05 -3.727018e-07 2.538236e-03 -1.821063e-05 -2.926539e-05 -1.383650e-04 1.416819e-07 2.889269e-05
1.74           2.383357e-03 -1.640812e-05 -1.243310e-06 2.520772e-03 -1.654244e-05 -3.005810e-05 -1.374150e-04 1.343157e-07 2.881479e-05
1.75           2.367755e-03 -1.995671e-05 -1.543887e-06 2.504218e-03 -2.008738e-05 -3.029008e-05 -1.364626e-04 1.306721e-07 2.874620e-05
1.76           2.354311e-03 -9.447684e-06 -5.712200e-06 2.489820e-03 -9.570349e-06 -3.439688e-05 -1.355100e-04 1.226647e-07 2.868468e-05
1.77           2.343651e-03 -6.441946e-06 -3.826587e-06 2.478207e-03 -6.554925e-06 -3.245791e-05 -1.345564e-04 1.129791e-07 2.863132e-05
1.78           2.321699e-03 -8.109501e-06 -5.839516e-06 2.455298e-03 -8.214274e-06 -3.442279e-05 -1.335988e-04 1.047734e-07 2.858327e-05
1.79           2.294755e-03 -2.325587e-05 -4.700338e-06 2.427393e-03 -2.335597e-05 -3.323947e-05 -1.326382e-04 1.001040e-07 2.853913e-05
1.8            2.272413e-03 -1.632348e-05 -1.042374e-05 2.404087e-03 -1.641492e-05 -3.892484e-05 -1.316741e-04 9.143799e-08 2.850110e-05
1.81           2.257316e-03 -2.598276e-05 -1.540893e-05 2.388027e-03 -2.606701e-05 -4.387739e-05 -1.307101e-04 8.424399e-08 2.846846e-05
1.82           2.229466e-03 -1.848210e-05 -2.017761e-05 2.359208e-03 -1.855821e-05 -4.861836e-05 -1.297422e-04 7.610783e-08 2.844075e-05
1.83           2.221726e-03 -2.489418e-05 -1.747901e-05 2.350500e-03 -2.496277e-05 -4.589202e-05 -1.287738e-04 6.859315e-08 2.841301e-05
1.84           2.208356e-03 -2.467862e-05 -7.750626e-06 2.336159e-03 -2.474084e-05 -3.613628e-05 -1.278031e-04 6.222145e-08 2.838565e-05
1.85           2.192322e-03 -2.135793e-05 3.956147e-06 2.319153e-03 -2.141388e-05 -2.440511e-05 -1.268312e-04 5.595107e-08 2.836126e-05
1.86           2.186153e-03 -1.665643e-05 -2.974495e-06 2.312012e-03 -1.670326e-05 -3.131756e-05 -1.258592e-04 4.682948e-08 2.834306e-05
1.87           2.164963e-03 -1.444753e-05 -8.111966e-06 2.289848e-03 -1.448340e-05 -3.644192e-05 -1.248848e-04 3.587326e-08 2.832995e-05
1.88           2.150606e-03 -7.802797e-06 -6.112440e-06 2.274513e-03 -7.825687e-06 -3.443208e-05 -1.239068e-04 2.289032e-08 2.831964e-05
1.89           2.119825e-03 -5.531121e-06 -8.003741e-06 2.242749e-03 -5.540663e-06 -3.631878e-05 -1.229240e-04 9.541754e-09 2.831504e-05
1.9            2.115832e-03 -5.860880e-06 -7.816909e-06 2.237777e-03 -5.856335e-06 -3.613143e-05 -1.219442e-04 -4.545582e-09 2.831452e-05
1.91           2.097539e-03 -4.896918e-06 -7.406554e-06 2.218500e-03 -4.878147e-06 -3.572319e-05 -1.209620e-04 -1.877128e-08 2.831664e-05
1.92           2.093111e-03 -8.280160e-06 5.984582e-08 2.213092e-03 -8.248883e-06 -2.826058e-05 -1.199814e-04 -3.127739e-08 2.832043e-05
1.93           2.087990e-03 -8.358992e-06 -8.542467e-06 2.206991e-03 -8.316177e-06 -3.687287e-05 -1.190010e-04 -4.281458e-08 2.833040e-05
1.94           2.079082e-03 -7.992842e-06 -1.412604e-05 2.197100e-03 -7.939477e-06 -4.247101e-05 -1.180187e-04 -5.336430e-08 2.834497e-05
1.95           2.058063e-03 -9.922221e-06 -1.121850e-05 2.175091e-03 -9.859685e-06 -3.957896e-05 -1.170278e-04 -6.253571e-08 2.836046e-05
1.96           2.041988e-03 -1.051049e-05 -1.831240e-05 2.158022e-03 -1.043805e-05 -4.669282e-05 -1.160344e-04 -7.243642e-08 2.838043e-05
1.97           2.024304e-03 -1.045975e-05 -2.133738e-05 2.139344e-03 -1.037830e-05 -4.974098e-05 -1.150402e-04 -8.145144e-08 2.840360e-05
1.98           2.013186e-03 -6.304498e-06 -2.281975e-05 2.127232e-03 -6.212502e-06 -5.124876e-05 -1.140462e-04 -9.199629e-08 2.842900e-05
1.99           2.007400e-03 -3.621583e-06 -9.633156e-06 2.120452e-03 -3.519322e-06 -3.808562e-05 -1.130521e-04 -1.022606e-07 2.845246e-05
2              1.993489e-03 -2.676472e-06 -1.880881e-05 2.105544e-03 -2.563101e-06 -4.728921e-05 -1.120554e-04 -1.133704e-07 2.848040e-05
2.01           1.977201e-03 -4.585207e-06 -1.418851e-05 2.088259e-03 -4.461229e-06 -4.269723e-05 -1.110573e-04 -1.239786e-07 2.850871e-05
2.02           1.962515e-03 -7.843391e-06 -1.251692e-05 2.072573e-03 -7.709346e-06 -4.105939e-05 -1.100575e-04 -1.340458e-07 2.854248e-05
2.03           1.946188e-03 -8.160417e-06 -5.402736e-06 2.055247e-03 -8.015368e-06 -3.398066e-05 -1.090587e-04 -1.450494e-07 2.857792e-05
2.04           1.933786e-03 -6.463764e-06 -1.085773e-05 2.041849e-03 -6.308032e-06 -3.947320e-05 -1.080629e-04 -1.557322e-07 2.861547e-05
2.05           1.927039e-03 -7.912801e-06 -2.140649e-06 2.034108e-03 -7.744743e-06 -3.079548e-05 -1.070695e-04 -1.680582e-07 2.865483e-05
2.06           1.918017e-03 -8.211876e-06 -9.990752e-06 2.024094e-03 -8.031624e-06 -3.868813e-05 -1.060775e-04 -1.802520e-07 2.869738e-05
2.07           1.904518e-03 1.482883e-06 -2.872422e-06 2.009606e-03 1.677105e-06 -3.161190e-05 -1.050874e-04 -1.942214e-07 2.873948e-05
2.08           1.893841e-03 1.429784e-06 -1.604146e-05 1.997941e-03 1.637371e-06 -4.482516e-05 -1.041003e-04 -2.075867e-07 2.878370e-05
2.09           1.879658e-03 -4.952301e-06 -4.868599e-06 1.982773e-03 -4.732906e-06 -3.369291e-05 -1.031146e-04 -2.193955e-07 2.882431e-05
2.1            1.867389e-03 -4.209307e-06 -1.939364e-05 1.969521e-03 -3.979157e-06 -4.825912e-05 -1.021323e-04 -2.301505e-07 2.886548e-05
2.11           1.852291e-03 -4.059707e-06 -2.322639e-06 1.953444e-03 -3.819554e-06 -3.122367e-05 -1.011527e-04 -2.401525e-07 2.890103e-05
2.12           1.843903e-03 -3.082561e-06 -1.833570e-05 1.944079e-03 -2.831223e-06 -4.727184e-05 -1.001758e-04 -2.513379e-07 2.893614e-05
2.13           1.831878e-03 -1.143038e-05 8.022314e-07 1.931078e-03 -1.117077e-05 -2.815832e-05 -9.919990e-05 -2.596067e-07 2.896055e-05
2.14           1.821181e-03 -1.280768e-05 -1.081116e-05 1.919407e-03 -1.254053e-05 -3.979397e-05 -9.822593e-05 -2.671522e-07 2.898281e-05
2.15           1.806708e-03 -1.193743e-05 9.346728e-07 1.903960e-03 -1.166297e-05 -2.806396e-05 -9.725195e-05 -2.744569e-07 2.899863e-05
2.16           1.790612e-03 -1.106965e-05 -2.667656e-05 1.886895e-03 -1.078791e-05 -5.569047e-05 -9.628394e-05 -2.817440e-07 2.901390e-05
2.17           1.777999e-03 -9.212172e-06 -8.068918e-07 1.873323e-03 -8.921179e-06 -2.982519e-05 -9.532414e-05 -2.909934e-07 2.901830e-05
2.18           1.765887e-03 -5.709359e-06 -5.458466e-06 1.860255e-03 -5.407183e-06 -3.447760e-05 -9.436847e-05 -3.021756e-07 2.901914e-05
2.19           1.753644e-03 -1.525922e-05 -4.667695e-06 1.847059e-03 -1.494945e-05 -3.368284e-05 -9.341510e-05 -3.097737e-07 2.901515e-05
2.2            1.748568e-03 -1.181297e-05 -3.238081e-06 1.841035e-03 -1.149313e-05 -3.224077e-05 -9.246663e-05 -3.198382e-07 2.900269e-05
2.21           1.741556e-03 -2.791689e-06 -4.291828e-06 1.833077e-03 -2.462174e-06 -3.327452e-05 -9.152091e-05 -3.295145e-07 2.898270e-05
2.22           1.725949e-03 -5.517978e-07 -8.909487e-06 1.816527e-03 -2.115691e-07 -3.786901e-05 -9.057773e-05 -3.402287e-07 2.895952e-05
2.23           1.714406e-03 -2.931598e-06 -8.569005e-06 1.804044e-03 -2.581056e-06 -3.750043e-05 -8.963837e-05 -3.505420e-07 2.893142e-05
2.24           1.702455e-03 -5.784115e-06 -6.026147e-06 1.791158e-03 -5.422965e-06 -3.492407e-05 -8.870257e-05 -3.611493e-07 2.889792e-05
2.25           1.695250e-03 -5.292583e-06 -6.598308e-06 1.783025e-03 -4.923128e-06 -3.545962e-05 -8.777430e-05 -3.694550e-07 2.886132e-05
2.26           1.683116e-03 -9.879374e-06 -1.026453e-05 1.769965e-03 -9.502714e-06 -3.908660e-05 -8.684854e-05 -3.766603e-07 2.882207e-05
2.27           1.671725e-03 -1.396634e-05 -6.580410e-06 1.757646e-03 -1.358329e-05 -3.535836e-05 -8.592114e-05 -3.830480e-07 2.877795e-05
2.28           1.654063e-03 -1.501244e-05 -7.530634e-06 1.739054e-03 -1.462340e-05 -3.626076e-05 -8.499125e-05 -3.890477e-07 2.873012e-05
2.29           1.645563e-03 -1.387443e-05 -2.582556e-06 1.729624e-03 -1.347756e-05 -3.126118e-05 -8.406182e-05 -3.968742e-07 2.867862e-05
2.3            1.636984e-03 -1.167325e-05 4.762297e-06 1.720119e-03 -1.126813e-05 -2.385890e-05 -8.313490e-05 -4.051204e-07 2.862119e-05
2.31           1.629366e-03 -1.005146e-05 4.057689e-06 1.711576e-03 -9.638666e-06 -2.450061e-05 -8.220965e-05 -4.127942e-07 2.855830e-05
2.32           1.618254e-03 -4.208933e-06 3.048158e-06 1.699541e-03 -3.787165e-06 -2.544254e-05 -8.128672e-05 -4.217685e-07 2.849070e-05
2.33           1.610611e-03 1.685156e-06 1.810429e-06 1.690978e-03 2.113291e-06 -2.660835e-05 -8.036749e-05 -4.281350e-07 2.841878e-05
2.34           1.601271e-03 1.478543e-07 -2.852310e-06 1.680721e-03 5.855225e-07 -3.119299e-05 -7.944996e-05 -4.376683e-07 2.834067e-05
2.35           1.590675e-03 -8.366056e-06 -6.683598e-06 1.669211e-03 -7.920493e-06 -3.494057e-05 -7.853594e-05 -4.455627e-07 2.825697e-05
2.36           1.574812e-03 -6.149809e-06 -3.528288e-06 1.652433e-03 -5.696253e-06 -3.169618e-05 -7.762175e-05 -4.535557e-07 2.816789e-05
2.37           1.560148e-03 1.748152e-06 8.660638e-06 1.636855e-03 2.208664e-06 -1.940702e-05 -7.670681e-05 -4.605121e-07 2.806766e-05
2.38           1.547767e-03 1.299830e-05 1.767527e-05 1.623562e-03 1.346833e-05 -1.028366e-05 -7.579526e-05 -4.700300e-07 2.795893e-05
2.39           1.542078e-03 1.009015e-05 2.758083e-05 1.616968e-03 1.056974e-05 -2.600746e-07 -7.488964e-05 -4.795946e-07 2.784090e-05
2.4            1.534242e-03 -3.320861e-06 3.203505e-05 1.608233e-03 -2.833753e-06 4.322245e-06 -7.399110e-05 -4.871086e-07 2.771281e-05
2.41           1.524313e-03 -4.858984e-06 3.426446e-05 1.597410e-03 -4.365793e-06 6.685878e-06 -7.309681e-05 -4.931913e-07 2.757858e-05
2.42           1.517209e-03 -4.456159e-06 3.181056e-05 1.589419e-03 -3.956724e-06 4.372520e-06 -7.220972e-05 -4.994355e-07 2.743804e-05
2.43           1.507055e-03 -8.618464e-06 2.797355e-05 1.578382e-03 -8.114795e-06 6.820398e-07 -7.132730e-05 -5.036684e-07 2.729151e-05
2.44           1.496863e-03 -1.310483e-05 2.732753e-05 1.567316e-03 -1.259832e-05 1.907540e-07 -7.045270e-05 -5.065084e-07 2.713677e-05
2.45           1.489493e-03 -1.297398e-05 2.173607e-05 1.559078e-03 -1.246487e-05 -5.239345e-06 -6.958535e-05 -5.091086e-07 2.697541e-05
2.46           1.484527e-03 -1.316437e-05 2.002058e-05 1.553257e-03 -1.265197e-05 -6.784545e-06 -6.872990e-05 -5.124050e-07 2.680512e-05
2.47           1.479086e-03 -1.398244e-05 1.725568e-05 1.546968e-03 -1.346658e-05 -9.374528e-06 -6.788239e-05 -5.158596e-07 2.663021e-05
2.48           1.468191e-03 -9.160104e-06 1.279654e-05 1.535232e-03 -8.642078e-06 -1.365284e-05 -6.704103e-05 -5.180262e-07 2.644939e-05
2.49           1.456574e-03 -5.417848e-06 3.434634e-05 1.522779e-03 -4.895723e-06 8.088961e-06 -6.620524e-05 -5.221251e-07 2.625738e-05
2.5            1.446801e-03 -5.621900e-06 2.034271e-05 1.512176e-03 -5.095737e-06 -5.719710e-06 -6.537517e-05 -5.261637e-07 2.606242e-05
2.51           1.435756e-03 -4.794448e-06 2.469509e-05 1.500306e-03 -4.265622e-06 -1.166130e-06 -6.455044e-05 -5.288260e-07 2.586122e-05
2.52           1.430206e-03 -5.076687e-06 1.108152e-05 1.493939e-03 -4.544423e-06 -1.457542e-05 -6.373292e-05 -5.322644e-07 2.565695e-05
2.53           1.422645e-03 -7.921844e-06 1.980223e-05 1.485565e-03 -7.386548e-06 -5.643465e-06 -6.292029e-05 -5.352958e-07 2.544569e-05
2.54           1.412053e-03 -8.182778e-06 1.309172e-05 1.474164e-03 -7.645353e-06 -1.213925e-05 -6.211142e-05 -5.374253e-07 2.523097e-05
2.55           1.403994e-03 -6.239693e-06 1.789686e-05 1.465305e-03 -5.699663e-06 -7.110509e-06 -6.131091e-05 -5.400304e-07 2.500737e-05
2.56           1.395451e-03 -1.426990e-06 9.918655e-06 1.455968e-03 -8.835980e-07 -1.486045e-05 -6.051626e-05 -5.433925e-07 2.477911e-05
2.57           1.386369e-03 -3.218008e-06 1.592109e-05 1.446095e-03 -2.672893e-06 -8.622052e-06 -5.972656e-05 -5.451147e-07 2.454314e-05
2.58           1.372143e-03 1.732688e-06 1.247429e-05 1.431088e-03 2.279791e-06 -1.182647e-05 -5.894498e-05 -5.471028e-07 2.430076e-05
2.59           1.358697e-03 2.763536e-06 1.897238e-05 1.416867e-03 3.313307e-06 -5.078354e-06 -5.816988e-05 -5.497706e-07 2.405074e-05
2.6            1.353644e-03 2.666878e-07 1.240494e-05 1.411051e-03 8.191185e-07 -1.139335e-05 -5.740632e-05 -5.524307e-07 2.379829e-05
2.61           1.345757e-03 -1.209931e-05 1.001315e-05 1.402410e-03 -1.154737e-05 -1.352776e-05 -5.665292e-05 -5.519436e-07 2.354091e-05
2.62           1.334657e-03 -1.067891e-05 -4.097681e-06 1.390567e-03 -1.012694e-05 -2.737698e-05 -5.590922e-05 -5.519665e-07 2.327930e-05
2.63           1.331252e-03 -8.544261e-06 -8.789164e-07 1.386429e-03 -7.992276e-06 -2.388952e-05 -5.517661e-05 -5.519851e-07 2.301061e-05
2.64           1.320545e-03 -8.937231e-06 -6.190568e-06 1.374997e-03 -8.385182e-06 -2.892479e-05 -5.445230e-05 -5.520494e-07 2.273422e-05
2.65           1.311977e-03 -1.416618e-05 -3.767163e-06 1.365714e-03 -1.361501e-05 -2.621875e-05 -5.373703e-05 -5.511704e-07 2.245158e-05
2.66           1.307891e-03 -1.056490e-05 -2.017874e-06 1.360923e-03 -1.001322e-05 -2.418026e-05 -5.303198e-05 -5.516801e-07 2.216239e-05
2.67           1.299616e-03 -5.288665e-06 1.012682e-05 1.351954e-03 -4.735011e-06 -1.173705e-05 -5.233829e-05 -5.536542e-07 2.186387e-05
2.68           1.291597e-03 -8.159295e-06 1.988954e-05 1.343254e-03 -7.604405e-06 -1.668295e-06 -5.165741e-05 -5.548891e-07 2.155784e-05
2.69           1.288325e-03 -1.160540e-05 1.668015e-05 1.339314e-03 -1.105124e-05 -4.564223e-06 -5.098988e-05 -5.541549e-07 2.124437e-05
2.7            1.277812e-03 -9.695231e-06 2.019196e-05 1.328145e-03 -9.140199e-06 -7.342625e-07 -5.033254e-05 -5.550322e-07 2.092622e-05
2.71           1.269206e-03 -8.932561e-06 2.056314e-05 1.318892e-03 -8.376822e-06 -3.953959e-08 -4.968642e-05 -5.557392e-07 2.060268e-05
2.72           1.257751e-03 -5.943732e-06 1.974513e-05 1.306803e-03 -5.385351e-06 -5.257324e-07 -4.905199e-05 -5.583808e-07 2.027087e-05
2.73           1.251474e-03 -6.049662e-06 2.252795e-05 1.299906e-03 -5.488613e-06 2.595203e-06 -4.843255e-05 -5.610494e-07 1.993275e-05
2.74           1.243868e-03 -8.640303e-06 1.773090e-05 1.291692e-03 -8.076947e-06 -1.858611e-06 -4.782415e-05 -5.633557e-07 1.958951e-05
2.75           1.241703e-03 -8.279072e-06 2.360814e-05 1.288930e-03 -7.712993e-06 4.367915e-06 -4.722744e-05 -5.660793e-07 1.924022e-05
2.76           1.235117e-03 -1.375435e-05 3.278214e-05 1.281760e-03 -1.318703e-05 1.389714e-05 -4.664315e-05 -5.673236e-07 1.888500e-05
2.77           1.227795e-03 -1.283866e-05 3.700774e-05 1.273866e-03 -1.226976e-05 1.848506e-05 -4.607145e-05 -5.689014e-07 1.852268e-05
2.78           1.220479e-03 -1.048659e-05 2.702529e-05 1.265989e-03 -9.916237e-06 8.866065e-06 -4.551018e-05 -5.703528e-07 1.815923e-05
2.79           1.215507e-03 -6.814565e-06 2.134212e-05 1.260466e-03 -6.242198e-06 3.549332e-06 -4.495831e-05 -5.723672e-07 1.779279e-05
2.8            1.213856e-03 -7.563704e-06 1.615573e-05 1.258273e-03 -6.989935e-06 -1.268282e-06 -4.441767e-05 -5.737691e-07 1.742402e-05
2.81           1.208681e-03 -9.919849e-06 2.036191e-05 1.252570e-03 -9.345319e-06 3.311372e-06 -4.388839e-05 -5.745303e-07 1.705054e-05
2.82           1.200617e-03 -2.570962e-06 2.156890e-05 1.243986e-03 -1.994149e-06 4.896504e-06 -4.336910e-05 -5.768135e-07 1.667239e-05
2.83           1.191859e-03 -3.709093e-06 1.639164e-05 1.234720e-03 -3.129968e-06 1.011602e-07 -4.286078e-05 -5.791258e-07 1.629048e-05
2.84           1.190217e-03 -5.075171e-06 1.565915e-05 1.232583e-03 -4.493565e-06 -2.464252e-07 -4.236515e-05 -5.816068e-07 1.590557e-05
2.85           1.185942e-03 -4.940798e-06 1.823763e-05 1.227823e-03 -4.356579e-06 2.722216e-06 -4.188014e-05 -5.842190e-07 1.551542e-05
2.86           1.180786e-03 -5.954575e-06 1.466460e-05 1.222192e-03 -5.367831e-06 -4.564165e-07 -4.140612e-05 -5.867433e-07 1.512102e-05
2.87           1.169836e-03 -4.968000e-06 2.127062e-05 1.210779e-03 -4.377826e-06 6.550179e-06 -4.094289e-05 -5.901739e-07 1.472044e-05
2.88           1.166579e-03 -3.241043e-06 2.478004e-05 1.207070e-03 -2.648102e-06 1.046495e-05 -4.049170e-05 -5.929410e-07 1.431509e-05
2.89           1.160922e-03 -1.242639e-05 2.662899e-05 1.200973e-03 -1.183201e-05 1.272251e-05 -4.005104e-05 -5.943872e-07 1.390648e-05
2.9            1.155124e-03 -1.176443e-05 2.949385e-05 1.194745e-03 -1.116782e-05 1.599910e-05 -3.962086e-05 -5.966093e-07 1.349475e-05
2.91           1.146259e-03 -7.722198e-06 3.329652e-05 1.185459e-03 -7.122042e-06 2.021698e-05 -3.920030e-05 -6.001561e-07 1.307954e-05
2.92           1.142453e-03 -5.217929e-06 2.053544e-05 1.181243e-03 -4.613584e-06 7.872261e-06 -3.879023e-05 -6.043455e-07 1.266318e-05
2.93           1.140208e-03 -8.407566e-06 2.018967e-05 1.178599e-03 -7.799411e-06 7.946510e-06 -3.839103e-05 -6.081542e-07 1.224316e-05
2.94           1.142704e-03 -7.290507e-06 1.926340e-05 1.180707e-03 -6.678243e-06 7.441356e-06 -3.800288e-05 -6.122640e-07 1.182205e-05
2.95           1.138057e-03 -8.361352e-06 9.283220e-06 1.175682e-03 -7.744621e-06 -2.119916e-06 -3.762431e-05 -6.167317e-07 1.140314e-05
2.96           1.121598e-03 -6.699498e-06 9.171885e-06 1.158851e-03 -6.078400e-06 -1.810920e-06 -3.725322e-05 -6.210978e-07 1.098281e-05
2.97           1.113839e-03 -2.945073e-06 6.802109e-06 1.150731e-03 -2.319484e-06 -3.759390e-06 -3.689205e-05 -6.255890e-07 1.056150e-05
2.98           1.108495e-03 -5.862051e-06 3.992711e-06 1.145036e-03 -5.231225e-06 -6.147189e-06 -3.654163e-05 -6.308255e-07 1.013990e-05
2.99           1.098850e-03 -2.462635e-06 6.311598e-06 1.135050e-03 -1.825439e-06 -3.406193e-06 -3.620079e-05 -6.371960e-07 9.717791e-06
3              1.090666e-03 -1.091700e-06 7.824639e-06 1.126537e-03 -4.485027e-07 -1.471972e-06 -3.587050e-05 -6.431973e-07 9.296611e-06
3.01           1.091555e-03 4.236551e-06 3.391783e-06 1.127106e-03 4.885828e-06 -5.485740e-06 -3.555066e-05 -6.492776e-07 8.877523e-06
3.02           1.087309e-03 8.565016e-06 2.852073e-06 1.122548e-03 9.221163e-06 -5.606815e-06 -3.523908e-05 -6.561469e-07 8.458888e-06
3.03           1.081046e-03 8.088621e-06 1.390086e-05 1.115983e-03 8.751147e-06 5.861221e-06 -3.493680e-05 -6.625260e-07 8.039643e-06
3.04           1.076149e-03 6.597219e-06 1.173535e-05 1.110794e-03 7.266207e-06 4.112163e-06 -3.464495e-05 -6.689880e-07 7.623186e-06
3.05           1.065938e-03 -1.742953e-06 1.328458e-05 1.100298e-03 -1.069462e-06 6.076677e-06 -3.436039e-05 -6.734908e-07 7.207900e-06
3.06           1.061830e-03 -6.662486e-06 1.479276e-05 1.095912e-03 -5.984871e-06 7.997084e-06 -3.408292e-05 -6.776152e-07 6.795679e-06
3.07           1.049259e-03 -6.056214e-06 1.992572e-05 1.083072e-03 -5.373980e-06 1.354043e-05 -3.381277e-05 -6.822343e-07 6.385285e-06
3.08           1.036907e-03 -1.845909e-06 1.753341e-05 1.070456e-03 -1.158663e-06 1.155606e-05 -3.354926e-05 -6.872467e-07 5.977350e-06
3.09           1.027408e-03 -3.576538e-06 1.977240e-05 1.060702e-03 -2.884548e-06 1.420059e-05 -3.329385e-05 -6.919903e-07 5.571811e-06
3.1            1.028632e-03 -8.956969e-07 1.537729e-05 1.061682e-03 -1.979708e-07 1.020657e-05 -3.304936e-05 -6.977261e-07 5.170722e-06
3.11           1.026672e-03 -7.598404e-07 1.334178e-05 1.059485e-03 -5.675824e-08 8.567948e-06 -3.281281e-05 -7.030821e-07 4.773831e-06
3.12           1.020630e-03 -2.227748e-06 8.695786e-06 1.053214e-03 -1.519781e-06 4.314781e-06 -3.258385e-05 -7.079672e-07 4.381005e-06
3.13           1.018568e-03 -1.571878e-06 3.592357e-06 1.050932e-03 -8.578261e-07 -3.996538e-07 -3.236417e-05 -7.140516e-07 3.992011e-06
3.14           1.010474e-03 -2.023169e-06 3.449654e-06 1.042625e-03 -1.303764e-06 -1.574140e-07 -3.215157e-05 -7.194049e-07 3.607068e-06
3.15           1.010581e-03 -4.725800e-06 1.671914e-05 1.042528e-03 -4.002686e-06 1.349567e-05 -3.194688e-05 -7.231138e-07 3.223469e-06
3.16           1.002981e-03 -7.771683e-06 1.678340e-05 1.034729e-03 -7.044094e-06 1.394097e-05 -3.174816e-05 -7.275885e-07 2.842432e-06
3.17           9.996938e-04 -1.050822e-05 1.747255e-05 1.031251e-03 -9.776053e-06 1.500642e-05 -3.155718e-05 -7.321633e-07 2.466130e-06
3.18           9.965218e-04 -7.792625e-06 1.804669e-05 1.027895e-03 -7.056479e-06 1.595157e-05 -3.137351e-05 -7.361457e-07 2.095120e-06
3.19           9.887425e-04 -6.730455e-06 2.608685e-05 1.019941e-03 -5.990545e-06 2.435800e-05 -3.119866e-05 -7.399105e-07 1.728854e-06
3.2            9.839833e-04 -6.412614e-06 2.276048e-05 1.015014e-03 -5.670499e-06 2.139266e-05 -3.103095e-05 -7.421151e-07 1.367816e-06
3.21           9.754965e-04 -3.889561e-06 1.724301e-05 1.006366e-03 -3.145100e-06 1.623163e-05 -3.086981e-05 -7.444611e-07 1.011385e-06
3.22           9.677451e-04 -4.303114e-06 6.261183e-06 9.984582e-04 -3.555109e-06 5.598160e-06 -3.071314e-05 -7.480048e-07 6.630230e-07
3.23           9.732163e-04 -6.006498e-06 3.162672e-06 1.003781e-03 -5.255976e-06 2.840662e-06 -3.056445e-05 -7.505220e-07 3.220102e-07
3.24           9.721796e-04 -8.404499e-06 -3.286209e-06 1.002602e-03 -7.651627e-06 -3.274386e-06 -3.042231e-05 -7.528713e-07 -1.182234e-08
3.25           9.680115e-04 -8.480709e-06 7.779980e-07 9.982970e-04 -7.724895e-06 1.119446e-06 -3.028550e-05 -7.558140e-07 -3.414484e-07
3.26           9.659663e-04 -7.089239e-06 -9.847171e-08 9.961201e-04 -6.330563e-06 5.679315e-07 -3.015384e-05 -7.586767e-07 -6.664032e-07
3.27           9.580808e-04 -8.005251e-06 9.762601e-06 9.881083e-04 -7.244426e-06 1.075101e-05 -3.002746e-05 -7.608258e-07 -9.884073e-07
3.28           9.546902e-04 -9.692789e-06 1.103129e-05 9.845969e-04 -8.930840e-06 1.233724e-05 -2.990676e-05 -7.619484e-07 -1.305947e-06
3.29           9.477938e-04 -1.110423e-05 1.552841e-05 9.775832e-04 -1.034052e-05 1.714758e-05 -2.978941e-05 -7.637080e-07 -1.619174e-06
3.3            9.438348e-04 -9.688439e-06 1.986102e-05 9.735121e-04 -8.923762e-06 2.179014e-05 -2.967732e-05 -7.646769e-07 -1.929116e-06
3.31           9.405629e-04 -7.218337e-06 2.438208e-05 9.701347e-04 -6.451677e-06 2.661640e-05 -2.957175e-05 -7.666604e-07 -2.234316e-06
3.32           9.347928e-04 -1.659850e-06 6.626046e-06 9.642641e-04 -8.896302e-07 9.157200e-06 -2.947131e-05 -7.702195e-07 -2.531154e-06
3.33           9.239921e-04 -3.952459e-06 -4.359877e-06 9.533679e-04 -3.179446e-06 -1.539070e-06 -2.937585e-05 -7.730127e-07 -2.820807e-06
3.34           9.196851e-04 -6.050656e-06 -1.152832e-05 9.489719e-04 -5.275621e-06 -8.424929e-06 -2.928689e-05 -7.750355e-07 -3.103392e-06
3.35           9.189653e-04 -4.187756e-06 -5.075810e-06 9.481713e-04 -3.410224e-06 -1.693892e-06 -2.920602e-05 -7.775324e-07 -3.381918e-06
3.36           9.175233e-04 -4.711115e-06 -1.224827e-06 9.466550e-04 -3.931304e-06 2.431103e-06 -2.913169e-05 -7.798110e-07 -3.655930e-06
3.37           9.121430e-04 -4.066840e-07 3.800075e-06 9.412065e-04 3.752418e-07 7.724562e-06 -2.906347e-05 -7.819259e-07 -3.924487e-06
3.38           9.079054e-04 -1.730820e-06 3.078690e-06 9.369070e-04 -9.463630e-07 7.266300e-06 -2.900162e-05 -7.844570e-07 -4.187610e-06
3.39           9.037396e-04 -4.973503e-06 9.801777e-06 9.326836e-04 -4.187309e-06 1.424823e-05 -2.894406e-05 -7.861944e-07 -4.446456e-06
3.4            9.035400e-04 -7.793284e-06 1.528836e-05 9.324337e-04 -7.005516e-06 1.998781e-05 -2.889376e-05 -7.877680e-07 -4.699453e-06
3.41           8.969920e-04 -1.037546e-05 1.532332e-05 9.258405e-04 -9.586319e-06 2.026941e-05 -2.884852e-05 -7.891404e-07 -4.946082e-06
3.42           8.909283e-04 -1.552075e-05 1.667241e-06 9.197372e-04 -1.473132e-05 6.850866e-06 -2.880890e-05 -7.894319e-07 -5.183625e-06
3.43           8.854950e-04 -1.655615e-05 2.534244e-06 9.142692e-04 -1.576740e-05 7.950197e-06 -2.877415e-05 -7.887499e-07 -5.415953e-06
3.44           8.739409e-04 -8.678658e-06 -6.292056e-06 9.026836e-04 -7.889031e-06 -6.513949e-07 -2.874271e-05 -7.896266e-07 -5.640661e-06
3.45           8.721538e-04 -1.040669e-05 2.967263e-06 9.008692e-04 -9.616517e-06 8.828896e-06 -2.871536e-05 -7.901777e-07 -5.861633e-06
3.46           8.666564e-04 -6.720316e-06 3.644860e-06 8.953477e-04 -5.928255e-06 9.721700e-06 -2.869133e-05 -7.920612e-07 -6.076840e-06
3.47           8.633613e-04 -8.680124e-06 4.909099e-06 8.920329e-04 -7.886939e-06 1.119424e-05 -2.867160e-05 -7.931851e-07 -6.285145e-06
3.48           8.565882e-04 3.017962e-06 -1.565866e-06 8.852434e-04 3.814892e-06 4.919700e-06 -2.865520e-05 -7.969302e-07 -6.485566e-06
3.49           8.487928e-04 5.316892e-06 4.693251e-06 8.774356e-04 6.117293e-06 1.137373e-05 -2.864285e-05 -8.004008e-07 -6.680475e-06
3.5            8.474780e-04 3.810952e-06 4.531430e-06 8.761131e-04 4.614013e-06 1.140109e-05 -2.863505e-05 -8.030610e-07 -6.869663e-06
3.51           8.436614e-04 -2.178994e-06 1.160740e-05 8.722919e-04 -1.375523e-06 1.866171e-05 -2.863046e-05 -8.034710e-07 -7.054310e-06
3.52           8.355234e-04 -5.724681e-06 5.450208e-06 8.641506e-04 -4.921254e-06 1.268196e-05 -2.862711e-05 -8.034272e-07 -7.231755e-06
3.53           8.282693e-04 -5.864050e-06 1.244902e-05 8.568961e-04 -5.060807e-06 1.985284e-05 -2.862677e-05 -8.032430e-07 -7.403814e-06
3.54           8.285185e-04 -7.915164e-06 5.564329e-06 8.571481e-04 -7.113461e-06 1.313252e-05 -2.862959e-05 -8.017035e-07 -7.568191e-06
3.55           8.270122e-04 -5.356224e-06 6.039646e-06 8.556474e-04 -4.554701e-06 1.376653e-05 -2.863513e-05 -8.015233e-07 -7.726886e-06
3.56           8.261556e-04 -4.345582e-06 6.791294e-07 8.547991e-04 -3.543400e-06 8.557060e-06 -2.864348e-05 -8.021823e-07 -7.877930e-06
3.57           8.175814e-04 -1.005036e-05 1.132918e-05 8.462338e-04 -9.249341e-06 1.935385e-05 -2.865239e-05 -8.010151e-07 -8.024670e-06
3.58           8.221866e-04 -6.004511e-06 8.625442e-06 8.508516e-04 -5.203093e-06 1.678978e-05 -2.866494e-05 -8.014181e-07 -8.164334e-06
3.59           8.219083e-04 -4.328196e-06 1.328466e-05 8.505886e-04 -3.526701e-06 2.158301e-05 -2.868036e-05 -8.014949e-07 -8.298349e-06
3.6            8.177881e-04 -7.854234e-06 5.164680e-06 8.464869e-04 -7.053950e-06 1.358995e-05 -2.869875e-05 -8.002845e-07 -8.425266e-06
3.61           8.086346e-04 -9.170947e-06 7.206534e-06 8.373533e-04 -8.371413e-06 1.575262e-05 -2.871876e-05 -7.995343e-07 -8.546085e-06
3.62           8.054396e-04 -1.020807e-05 3.680966e-06 8.341799e-04 -9.409868e-06 1.234070e-05 -2.874024e-05 -7.982053e-07 -8.659731e-06
3.63           7.987433e-04 -1.187240e-05 6.656958e-06 8.275058e-04 -1.107532e-05 1.542507e-05 -2.876245e-05 -7.970717e-07 -8.768109e-06
3.64           7.973771e-04 -5.749063e-06 -9.597881e-09 8.261636e-04 -4.951935e-06 8.859823e-06 -2.878649e-05 -7.971280e-07 -8.869421e-06
3.65           7.933998e-04 -4.948454e-06 8.986614e-06 8.222106e-04 -4.150618e-06 1.795290e-05 -2.881077e-05 -7.978365e-07 -8.966287e-06
3.66           7.871471e-04 -8.485382e-06 1.150092e-05 8.159831e-04 -7.688254e-06 2.055830e-05 -2.883605e-05 -7.971281e-07 -9.057382e-06
3.67           7.820006e-04 -3.167504e-06 7.651074e-06 8.108622e-04 -2.370001e-06 1.679239e-05 -2.886162e-05 -7.975027e-07 -9.141313e-06
3.68           7.766796e-04 -1.593593e-06 8.828631e-07 8.055669e-04 -7.956188e-07 1.010219e-05 -2.888732e-05 -7.979741e-07 -9.219329e-06
3.69           7.737549e-04 -2.481474e-06 3.666221e-06 8.026700e-04 -1.683340e-06 1.295761e-05 -2.891505e-05 -7.981345e-07 -9.291392e-06
3.7            7.738294e-04 -5.321939e-06 -4.914315e-07 8.027743e-04 -4.524026e-06 8.866496e-06 -2.894485e-05 -7.979132e-07 -9.357927e-06
3.71           7.674801e-04 -7.733949e-06 5.303414e-06 7.964542e-04 -6.936516e-06 1.472504e-05 -2.897410e-05 -7.974331e-07 -9.421629e-06
3.72           7.629550e-04 -7.117799e-06 -4.106728e-06 7.919591e-04 -6.320139e-06 5.371964e-06 -2.900411e-05 -7.976598e-07 -9.478692e-06
3.73           7.614967e-04 -5.710762e-06 3.496275e-06 7.905319e-04 -4.912667e-06 1.302638e-05 -2.903526e-05 -7.980955e-07 -9.530109e-06
3.74           7.625143e-04 -7.979601e-06 -1.579888e-06 7.915823e-04 -7.181111e-06 7.994151e-06 -2.906801e-05 -7.984909e-07 -9.574039e-06
3.75           7.582502e-04 -4.992136e-06 1.504983e-06 7.873519e-04 -4.192733e-06 1.111672e-05 -2.910168e-05 -7.994030e-07 -9.611732e-06
3.76           7.541843e-04 -8.228479e-07 -8.168204e-06 7.833208e-04 -2.258669e-08 1.474202e-06 -2.913643e-05 -8.002612e-07 -9.642406e-06
3.77           7.536431e-04 -4.921353e-06 1.379015e-07 7.828148e-04 -4.120803e-06 9.808741e-06 -2.917167e-05 -8.005501e-07 -9.670840e-06
3.78           7.467796e-04 -7.125951e-06 1.071784e-05 7.759850e-04 -6.326173e-06 2.041467e-05 -2.920537e-05 -7.997783e-07 -9.696832e-06
3.79           7.457363e-04 -5.857332e-06 3.399172e-06 7.749758e-04 -5.057665e-06 1.311582e-05 -2.923944e-05 -7.996678e-07 -9.716647e-06
3.8            7.434579e-04 -4.531556e-06 6.034207e-06 7.727321e-04 -3.732059e-06 1.576712e-05 -2.927422e-05 -7.994973e-07 -9.732916e-06
3.81           7.391757e-04 -4.569388e-06 -4.563469e-06 7.684858e-04 -3.770464e-06 5.179488e-06 -2.931010e-05 -7.989240e-07 -9.742957e-06
3.82           7.299668e-04 -5.844478e-06 2.201920e-06 7.593122e-04 -5.046738e-06 1.195199e-05 -2.934540e-05 -7.977401e-07 -9.750070e-06
3.83           7.226281e-04 -7.511880e-06 1.016453e-05 7.520063e-04 -6.715550e-06 1.991895e-05 -2.937817e-05 -7.963297e-07 -9.754423e-06
3.84           7.223299e-04 -7.836084e-06 4.971461e-06 7.517390e-04 -7.041490e-06 1.472572e-05 -2.940913e-05 -7.945936e-07 -9.754258e-06
3.85           7.170963e-04 -7.067662e-06 1.425397e-05 7.465360e-04 -6.274273e-06 2.400628e-05 -2.943972e-05 -7.933890e-07 -9.752313e-06
3.86           7.184343e-04 -7.511416e-06 1.270029e-05 7.479056e-04 -6.719368e-06 2.244594e-05 -2.947125e-05 -7.920475e-07 -9.745649e-06
3.87           7.181875e-04 -8.990526e-06 1.339541e-05 7.476912e-04 -8.200016e-06 2.313046e-05 -2.950374e-05 -7.905101e-07 -9.735051e-06
3.88           7.148213e-04 -1.083123e-05 8.413126e-06 7.443577e-04 -1.004240e-05 1.813323e-05 -2.953631e-05 -7.888320e-07 -9.720107e-06
3.89           7.112614e-04 -1.122186e-05 1.412895e-05 7.408304e-04 -1.043461e-05 2.383177e-05 -2.956907e-05 -7.872501e-07 -9.702822e-06
3.9            7.052261e-04 -1.120329e-05 1.474527e-05 7.348275e-04 -1.041746e-05 2.442660e-05 -2.960143e-05 -7.858377e-07 -9.681326e-06
3.91           7.073463e-04 -1.278238e-05 1.072791e-05 7.369806e-04 -1.199793e-05 2.038259e-05 -2.963433e-05 -7.844516e-07 -9.654682e-06
3.92           7.064103e-04 -6.401753e-06 1.718238e-05 7.360775e-04 -5.617363e-06 2.680913e-05 -2.966720e-05 -7.843902e-07 -9.626755e-06
3.93           7.018199e-04 -2.212196e-06 1.734472e-05 7.315202e-04 -1.427622e-06 2.694152e-05 -2.970034e-05 -7.845741e-07 -9.596804e-06
3.94           6.995557e-04 3.245694e-06 7.812734e-06 7.292877e-04 4.032167e-06 1.737608e-05 -2.973204e-05 -7.864731e-07 -9.563344e-06
3.95           6.966647e-04 -4.804167e-06 1.013530e-05 7.264285e-04 -4.017001e-06 1.966341e-05 -2.976381e-05 -7.871657e-07 -9.528103e-06
3.96           6.883917e-04 -1.119966e-05 1.514572e-05 7.181855e-04 -1.041339e-05 2.463807e-05 -2.979377e-05 -7.862681e-07 -9.492351e-06
3.97           6.857603e-04 -4.107021e-06 7.929994e-06 7.155843e-04 -3.321581e-06 1.738315e-05 -2.982400e-05 -7.854399e-07 -9.453155e-06
3.98           6.842422e-04 5.485585e-07 9.221130e-06 7.140958e-04 1.334058e-06 1.863232e-05 -2.985364e-05 -7.854991e-07 -9.411186e-06
3.99           6.817460e-04 3.987307e-06 7.026880e-06 7.116293e-04 4.773760e-06 1.639387e-05 -2.988327e-05 -7.864533e-07 -9.366990e-06
4              6.822169e-04 1.849526e-07 1.068462e-05 7.121304e-04 9.717208e-07 2.000693e-05 -2.991344e-05 -7.867683e-07 -9.322310e-06
4.01           6.826876e-04 -1.787249e-06 1.051239e-05 7.126328e-04 -1.001172e-06 1.978846e-05 -2.994518e-05 -7.860776e-07 -9.276065e-06
4.02           6.833093e-04 -7.586163e-06 1.282119e-05 7.132871e-04 -6.801653e-06 2.205022e-05 -2.997779e-05 -7.845098e-07 -9.229028e-06
4.03           6.738579e-04 -5.845116e-06 1.397304e-05 7.038662e-04 -5.060929e-06 2.315334e-05 -3.000837e-05 -7.841872e-07 -9.180302e-06
4.04           6.709037e-04 -5.513979e-06 1.722658e-05 7.009420e-04 -4.729898e-06 2.635669e-05 -3.003832e-05 -7.840817e-07 -9.130118e-06
4.05           6.622256e-04 -4.876095e-06 1.055702e-05 6.922923e-04 -4.092479e-06 1.963423e-05 -3.006671e-05 -7.836155e-07 -9.077206e-06
4.06           6.583267e-04 -4.578671e-06 1.681383e-05 6.884209e-04 -3.795110e-06 2.583833e-05 -3.009411e-05 -7.835611e-07 -9.024494e-06
4.07           6.534922e-04 -5.522369e-06 1.181121e-05 6.836119e-04 -4.738766e-06 2.078095e-05 -3.011972e-05 -7.836030e-07 -8.969740e-06
4.08           6.495804e-04 -4.535694e-06 1.326265e-05 6.797245e-04 -3.751719e-06 2.217722e-05 -3.014405e-05 -7.839752e-07 -8.914567e-06
4.09           6.476865e-04 -3.261219e-06 1.567911e-05 6.778541e-04 -2.476860e-06 2.453820e-05 -3.016755e-05 -7.843589e-07 -8.859089e-06
4.1            6.424387e-04 -5.069781e-06 9.626121e-06 6.726286e-04 -4.285517e-06 1.842867e-05 -3.018991e-05 -7.842634e-07 -8.802548e-06
4.11           6.400356e-04 -5.313728e-06 1.418670e-05 6.702466e-04 -4.529400e-06 2.293282e-05 -3.021102e-05 -7.843274e-07 -8.746117e-06
4.12           6.364441e-04 -3.853059e-06 9.312927e-06 6.666744e-04 -3.068973e-06 1.800021e-05 -3.023024e-05 -7.840857e-07 -8.687285e-06
4.13           6.336357e-04 -2.693918e-06 8.402678e-06 6.638842e-04 -1.910006e-06 1.703023e-05 -3.024845e-05 -7.839127e-07 -8.627550e-06
4.14           6.309824e-04 -2.658495e-06 5.935900e-06 6.612479e-04 -1.874775e-06 1.450264e-05 -3.026545e-05 -7.837205e-07 -8.566744e-06
4.15           6.306438e-04 -2.835786e-06 5.499418e-08 6.609261e-04 -2.052182e-06 8.559310e-06 -3.028226e-05 -7.836042e-07 -8.504316e-06
4.16           6.290812e-04 -3.392251e-06 8.467095e-06 6.593796e-04 -2.609011e-06 1.691060e-05 -3.029837e-05 -7.832400e-07 -8.443507e-06
4.17           6.254763e-04 -4.629498e-06 1.420054e-06 6.557895e-04 -3.846877e-06 9.800251e-06 -3.031319e-05 -7.826210e-07 -8.380197e-06
4.18           6.210795e-04 -2.167833e-06 3.563558e-06 6.514064e-04 -1.385643e-06 1.188065e-05 -3.032698e-05 -7.821899e-07 -8.317092e-06
4.19           6.106333e-04 -2.163224e-06 1.885863e-06 6.409712e-04 -1.381411e-06 1.013875e-05 -3.033790e-05 -7.818131e-07 -8.252886e-06
4.2            6.030020e-04 6.601989e-07 -1.710689e-06 6.333483e-04 1.442482e-06 6.476514e-06 -3.034622e-05 -7.822834e-07 -8.187203e-06
4.21           6.030974e-04 3.040174e-07 3.193510e-06 6.334515e-04 1.085988e-06 1.131586e-05 -3.035404e-05 -7.819705e-07 -8.122350e-06
4.22           6.026757e-04 -5.514862e-07 -2.700472e-06 6.330368e-04 2.294212e-07 5.356118e-06 -3.036108e-05 -7.809074e-07 -8.056590e-06
4.23           5.969887e-04 -3.908050e-06 4.188204e-06 6.273552e-04 -3.128715e-06 1.218157e-05 -3.036650e-05 -7.793353e-07 -7.993365e-06
4.24           6.001191e-04 -6.715983e-06 7.277825e-06 6.304916e-04 -5.938484e-06 1.520923e-05 -3.037246e-05 -7.774994e-07 -7.931400e-06
4.25           6.034610e-04 -3.711338e-06 1.167846e-06 6.338395e-04 -2.934929e-06 9.036286e-06 -3.037847e-05 -7.764083e-07 -7.868441e-06
4.26           6.043268e-04 -4.273270e-06 4.517709e-06 6.347113e-04 -3.497751e-06 1.232355e-05 -3.038449e-05 -7.755190e-07 -7.805842e-06
4.27           6.010617e-04 -9.210842e-06 5.386365e-06 6.314508e-04 -8.436951e-06 1.313038e-05 -3.038910e-05 -7.738908e-07 -7.744016e-06
4.28           5.986730e-04 -6.268132e-06 1.166346e-05 6.290664e-04 -5.495279e-06 1.934713e-05 -3.039338e-05 -7.728523e-07 -7.683674e-06
4.29           5.929511e-04 -4.032599e-06 1.114698e-05 6.233474e-04 -3.260121e-06 1.877023e-05 -3.039632e-05 -7.724782e-07 -7.623247e-06
4.3            5.864636e-04 -2.785951e-06 2.140567e-06 6.168611e-04 -2.013387e-06 9.701650e-06 -3.039751e-05 -7.725641e-07 -7.561082e-06
4.31           5.786613e-04 -5.479873e-06 4.692839e-07 6.090581e-04 -4.707651e-06 7.968276e-06 -3.039677e-05 -7.722217e-07 -7.498992e-06
4.32           5.783047e-04 -5.839888e-06 -3.114284e-06 6.087003e-04 -5.068251e-06 4.322197e-06 -3.039564e-05 -7.716375e-07 -7.436481e-06
4.33           5.786994e-04 -6.155394e-06 1.861082e-06 6.090940e-04 -5.384312e-06 9.236503e-06 -3.039459e-05 -7.710812e-07 -7.375421e-06
4.34           5.794646e-04 -3.474648e-06 9.692167e-07 6.098576e-04 -2.703675e-06 8.284068e-06 -3.039300e-05 -7.709732e-07 -7.314852e-06
4.35           5.755120e-04 -3.817319e-06 3.074434e-06 6.059021e-04 -3.046426e-06 1.032962e-05 -3.039010e-05 -7.708929e-07 -7.255186e-06
4.36           5.672708e-04 -2.675405e-06 1.621525e-06 5.976560e-04 -1.904545e-06 8.817898e-06 -3.038521e-05 -7.708596e-07 -7.196373e-06
4.37           5.637907e-04 -4.789636e-06 -5.103099e-06 5.941695e-04 -4.019160e-06 2.034129e-06 -3.037876e-05 -7.704758e-07 -7.137228e-06
4.38           5.604734e-04 -4.136143e-06 -1.807181e-06 5.908446e-04 -3.366080e-06 5.272775e-06 -3.037113e-05 -7.700630e-07 -7.079957e-06
4.39           5.571716e-04 -7.979996e-06 -1.961072e-06 5.875339e-04 -7.211227e-06 5.062299e-06 -3.036230e-05 -7.687691e-07 -7.023371e-06
4.4            5.529504e-04 -7.283067e-06 3.198655e-07 5.833027e-04 -6.515584e-06 7.287865e-06 -3.035230e-05 -7.674831e-07 -6.967999e-06
4.41           5.523619e-04 -8.029465e-07 1.576810e-06 5.827038e-04 -3.547158e-08 8.490655e-06 -3.034188e-05 -7.674750e-07 -6.913845e-06
4.42           5.510501e-04 1.606360e-06 -5.864005e-06 5.813810e-04 2.374112e-06 9.942556e-07 -3.033094e-05 -7.677522e-07 -6.858261e-06
4.43           5.494380e-04 -1.778526e-06 -3.491130e-06 5.797577e-04 -1.010867e-06 3.311820e-06 -3.031964e-05 -7.676586e-07 -6.802950e-06
4.44           5.480944e-04 -5.475586e-06 -7.799642e-06 5.784019e-04 -4.709200e-06 -1.052241e-06 -3.030754e-05 -7.663864e-07 -6.747400e-06
4.45           5.446570e-04 -4.456710e-06 -4.194821e-06 5.749517e-04 -3.691242e-06 2.498301e-06 -3.029470e-05 -7.654680e-07 -6.693122e-06
4.46           5.384985e-04 -4.138136e-06 1.001487e-06 5.687782e-04 -3.373652e-06 7.642321e-06 -3.027969e-05 -7.644841e-07 -6.640835e-06
4.47           5.357506e-04 -4.468466e-06 2.312506e-06 5.660136e-04 -3.704822e-06 8.902285e-06 -3.026299e-05 -7.636434e-07 -6.589779e-06
4.48           5.400815e-04 -5.831780e-06 9.760885e-06 5.703281e-04 -5.069380e-06 1.630270e-05 -3.024658e-05 -7.623997e-07 -6.541817e-06
4.49           5.395164e-04 -5.528657e-06 5.198034e-06 5.697445e-04 -4.767512e-06 1.169278e-05 -3.022814e-05 -7.611454e-07 -6.494742e-06
4.5            5.333705e-04 -6.179409e-06 1.000177e-05 5.635789e-04 -5.419378e-06 1.645271e-05 -3.020846e-05 -7.600307e-07 -6.450941e-06
4.51           5.317400e-04 -6.896088e-06 1.045205e-05 5.619277e-04 -6.137378e-06 1.686037e-05 -3.018777e-05 -7.587094e-07 -6.408316e-06
4.52           5.284542e-04 -4.293322e-06 1.574243e-05 5.586204e-04 -3.535466e-06 2.211065e-05 -3.016619e-05 -7.578560e-07 -6.368215e-06
4.53           5.194121e-04 -4.091899e-06 2.008003e-05 5.495547e-04 -3.335158e-06 2.641100e-05 -3.014259e-05 -7.567414e-07 -6.330964e-06
4.54           5.151303e-04 -5.918218e-06 1.531777e-05 5.452487e-04 -5.162789e-06 2.161267e-05 -3.011838e-05 -7.554298e-07 -6.294891e-06
4.55           5.152144e-04 -5.932045e-06 1.523924e-05 5.453082e-04 -5.177588e-06 2.149926e-05 -3.009380e-05 -7.544579e-07 -6.260019e-06
4.56           5.212858e-04 -5.484887e-06 2.107738e-05 5.513567e-04 -4.731558e-06 2.730521e-05 -3.007095e-05 -7.533290e-07 -6.227824e-06
4.57           5.230160e-04 -5.815054e-06 2.813828e-05 5.530637e-04 -5.062838e-06 3.433680e-05 -3.004769e-05 -7.522153e-07 -6.198519e-06
4.58           5.206647e-04 -5.774665e-06 2.224721e-05 5.506886e-04 -5.023255e-06 2.841649e-05 -3.002394e-05 -7.514105e-07 -6.169285e-06
4.59           5.153357e-04 -5.085941e-06 2.254526e-05 5.453347e-04 -4.335034e-06 2.868697e-05 -2.999896e-05 -7.509071e-07 -6.141707e-06
4.6            5.143410e-04 -3.450822e-06 2.226397e-05 5.443145e-04 -2.700243e-06 2.837959e-05 -2.997349e-05 -7.505790e-07 -6.115620e-06
4.61           5.105750e-04 -3.493239e-06 2.659637e-05 5.405214e-04 -2.743374e-06 3.268839e-05 -2.994640e-05 -7.498650e-07 -6.092016e-06
4.62           5.073806e-04 -2.365258e-06 2.220606e-05 5.372994e-04 -1.616126e-06 2.827507e-05 -2.991878e-05 -7.491315e-07 -6.069010e-06
4.63           4.984353e-04 -2.859245e-06 2.476698e-05 5.283251e-04 -2.111115e-06 3.081442e-05 -2.988975e-05 -7.481296e-07 -6.047438e-06
4.64           4.971713e-04 -3.154687e-06 2.489022e-05 5.270328e-04 -2.407465e-06 3.091870e-05 -2.986149e-05 -7.472223e-07 -6.028471e-06
4.65           4.928043e-04 -2.823859e-06 2.817341e-05 5.226368e-04 -2.077475e-06 3.418423e-05 -2.983250e-05 -7.463842e-07 -6.010814e-06
4.66           4.890846e-04 -2.509871e-06 2.385427e-05 5.188873e-04 -1.764317e-06 2.984842e-05 -2.980270e-05 -7.455544e-07 -5.994154e-06
4.67           4.842787e-04 -2.537828e-06 2.273029e-05 5.140510e-04 -1.793086e-06 2.870998e-05 -2.977229e-05 -7.447422e-07 -5.979683e-06
4.68           4.843964e-04 -3.217089e-06 2.179577e-05 5.141381e-04 -2.473821e-06 2.776192e-05 -2.974170e-05 -7.432676e-07 -5.966145e-06
4.69           4.815317e-04 -2.618234e-06 2.920667e-05 5.112427e-04 -1.875729e-06 3.516236e-05 -2.971104e-05 -7.425054e-07 -5.955685e-06
4.7            4.747162e-04 -3.189074e-06 2.087497e-05 5.043957e-04 -2.447919e-06 2.682007e-05 -2.967943e-05 -7.411551e-07 -5.945097e-06
4.71           4.674570e-04 -3.962318e-06 2.354013e-05 4.971029e-04 -3.222190e-06 2.947677e-05 -2.964595e-05 -7.401282e-07 -5.936642e-06
4.72           4.647557e-04 -3.746627e-06 1.999965e-05 4.943685e-04 -3.007829e-06 2.592898e-05 -2.961286e-05 -7.387973e-07 -5.929330e-06
4.73           4.652174e-04 -4.499687e-06 2.661600e-05 4.947973e-04 -3.761922e-06 3.254116e-05 -2.957989e-05 -7.377655e-07 -5.925160e-06
4.74           4.645591e-04 -7.455723e-06 2.888807e-05 4.941058e-04 -6.720030e-06 3.480981e-05 -2.954668e-05 -7.356933e-07 -5.921735e-06
4.75           4.625900e-04 -3.260540e-06 3.349897e-05 4.921035e-04 -2.525865e-06 3.941895e-05 -2.951349e-05 -7.346749e-07 -5.919985e-06
4.76           4.600714e-04 -4.042123e-06 2.903026e-05 4.895511e-04 -3.308958e-06 3.494908e-05 -2.947972e-05 -7.331651e-07 -5.918827e-06
4.77           4.554362e-04 -2.798174e-06 3.075265e-05 4.848816e-04 -2.066383e-06 3.667297e-05 -2.944537e-05 -7.317912e-07 -5.920326e-06
4.78           4.580925e-04 -6.387460e-06 2.206373e-05 4.875040e-04 -5.657651e-06 2.798494e-05 -2.941152e-05 -7.298094e-07 -5.921205e-06
4.79           4.526705e-04 -2.574146e-06 2.515708e-05 4.820474e-04 -1.845550e-06 3.108172e-05 -2.937686e-05 -7.285961e-07 -5.924636e-06
4.8            4.480870e-04 -3.994837e-06 2.464878e-05 4.774284e-04 -3.267755e-06 3.057874e-05 -2.934138e-05 -7.270817e-07 -5.929963e-06
4.81           4.459412e-04 -6.261501e-06 2.886439e-05 4.752472e-04 -5.536321e-06 3.480204e-05 -2.930595e-05 -7.251798e-07 -5.937650e-06
4.82           4.469895e-04 -5.135445e-06 2.548588e-05 4.762600e-04 -4.411840e-06 3.143187e-05 -2.927050e-05 -7.236045e-07 -5.945986e-06
4.83           4.425979e-04 -5.129709e-06 2.552223e-05 4.718319e-04 -4.407861e-06 3.147762e-05 -2.923399e-05 -7.218480e-07 -5.955394e-06
4.84           4.416418e-04 -4.050239e-06 2.373706e-05 4.708393e-04 -3.329694e-06 2.970337e-05 -2.919750e-05 -7.205445e-07 -5.966309e-06
4.85           4.352471e-04 -4.420725e-06 2.342633e-05 4.644072e-04 -3.701567e-06 2.940518e-05 -2.916013e-05 -7.191583e-07 -5.978843e-06
4.86           4.304793e-04 -2.520285e-06 2.456434e-05 4.596023e-04 -1.801770e-06 3.055751e-05 -2.912291e-05 -7.185154e-07 -5.993169e-06
4.87           4.257544e-04 -3.183766e-06 1.630489e-05 4.548398e-04 -2.466281e-06 2.231237e-05 -2.908545e-05 -7.174853e-07 -6.007481e-06
4.88           4.224702e-04 -3.615667e-06 1.477460e-05 4.515191e-04 -2.899304e-06 2.079749e-05 -2.904890e-05 -7.163630e-07 -6.022889e-06
4.89           4.205970e-04 -2.202757e-06 1.351817e-05 4.496099e-04 -1.487596e-06 1.955815e-05 -2.901284e-05 -7.151604e-07 -6.039986e-06
4.9            4.188700e-04 -6.025437e-07 1.938321e-05 4.478477e-04 1.122840e-07 2.544301e-05 -2.897776e-05 -7.148277e-07 -6.059801e-06
4.91           4.199041e-04 -1.602212e-07 1.204445e-05 4.488478e-04 5.540828e-07 1.812366e-05 -2.894375e-05 -7.143040e-07 -6.079204e-06
4.92           4.220174e-04 -2.000386e-06 1.042186e-05 4.509294e-04 -1.287139e-06 1.652193e-05 -2.891196e-05 -7.132469e-07 -6.100076e-06
4.93           4.191324e-04 -6.013401e-06 1.593360e-05 4.480131e-04 -5.302225e-06 2.205742e-05 -2.888066e-05 -7.111759e-07 -6.123825e-06
4.94           4.164795e-04 -3.667156e-06 1.465954e-05 4.453288e-04 -2.957301e-06 2.080818e-05 -2.884933e-05 -7.098552e-07 -6.148642e-06
4.95           4.138664e-04 -2.820845e-06 1.939646e-05 4.426850e-04 -2.112439e-06 2.557222e-05 -2.881863e-05 -7.084063e-07 -6.175757e-06
4.96           4.147882e-04 -4.431870e-06 1.888778e-05 4.435772e-04 -3.725312e-06 2.509153e-05 -2.878898e-05 -7.065579e-07 -6.203751e-06
4.97           4.139398e-04 -5.623674e-06 2.153141e-05 4.426999e-04 -4.919178e-06 2.776469e-05 -2.876019e-05 -7.044956e-07 -6.233284e-06
4.98           4.160453e-04 -7.660284e-06 1.393752e-05 4.447773e-04 -6.958350e-06 2.020006e-05 -2.873204e-05 -7.019340e-07 -6.262545e-06
4.99           4.053466e-04 -4.519054e-06 1.289233e-05 4.340491e-04 -3.819327e-06 1.918468e-05 -2.870246e-05 -6.997273e-07 -6.292355e-06
5              3.969264e-04 -2.201289e-06 2.169990e-05 4.255988e-04 -1.503298e-06 2.802485e-05 -2.867236e-05 -6.979906e-07 -6.324950e-06
5.01           3.901276e-04 -1.765493e-06 2.046389e-05 4.187691e-04 -1.068889e-06 2.682193e-05 -2.864152e-05 -6.966034e-07 -6.358042e-06
5.02           3.911024e-04 -3.109914e-06 2.124549e-05 4.197141e-04 -2.415181e-06 2.763746e-05 -2.861171e-05 -6.947333e-07 -6.391965e-06
5.03           3.899965e-04 -3.731750e-06 1.611256e-05 4.185791e-04 -3.038738e-06 2.253831e-05 -2.858255e-05 -6.930120e-07 -6.425747e-06
5.04           3.938631e-04 -2.446928e-06 1.273734e-05 4.224180e-04 -1.755677e-06 1.919697e-05 -2.855489e-05 -6.912509e-07 -6.459634e-06
5.05           3.956198e-04 -2.735003e-06 1.188256e-05 4.241486e-04 -2.045740e-06 1.837673e-05 -2.852881e-05 -6.892630e-07 -6.494172e-06
5.06           3.936875e-04 -7.794109e-07 2.677128e-06 4.221905e-04 -9.157474e-08 9.205022e-06 -2.850300e-05 -6.878361e-07 -6.527894e-06
5.07           3.899240e-04 -1.954142e-06 6.564274e-06 4.184017e-04 -1.267996e-06 1.312743e-05 -2.847767e-05 -6.861461e-07 -6.563161e-06
5.08           3.924365e-04 -9.477962e-07 1.064837e-05 4.208905e-04 -2.632259e-07 1.724816e-05 -2.845401e-05 -6.845703e-07 -6.599798e-06
5.09           3.821578e-04 -6.342955e-06 9.939471e-06 4.105871e-04 -5.661094e-06 1.657590e-05 -2.842936e-05 -6.818609e-07 -6.636426e-06
5.1            3.722131e-04 -5.138996e-06 6.870624e-06 4.006173e-04 -4.459468e-06 1.354356e-05 -2.840419e-05 -6.795284e-07 -6.672937e-06
5.11           3.715676e-04 -3.925394e-06 1.226742e-05 3.999481e-04 -3.248242e-06 1.897870e-05 -2.838052e-05 -6.771517e-07 -6.711278e-06
5.12           3.661237e-04 -5.368964e-06 6.890729e-06 3.944806e-04 -4.694302e-06 1.364077e-05 -2.835691e-05 -6.746618e-07 -6.750042e-06
5.13           3.720331e-04 -4.224292e-06 8.394003e-06 4.003688e-04 -3.551840e-06 1.518428e-05 -2.833568e-05 -6.724520e-07 -6.790279e-06
5.14           3.724924e-04 8.878316e-07 1.428201e-05 4.008079e-04 1.559079e-06 2.111410e-05 -2.831553e-05 -6.712478e-07 -6.832096e-06
5.15           3.748009e-04 -7.403801e-07 7.116803e-06 4.030980e-04 -7.084349e-08 1.398977e-05 -2.829708e-05 -6.695366e-07 -6.872965e-06
5.16           3.749111e-04 -3.029170e-06 7.370103e-06 4.031907e-04 -2.361784e-06 1.428419e-05 -2.827960e-05 -6.673856e-07 -6.914085e-06
5.17           3.679174e-04 -1.351779e-06 1.080765e-05 3.961794e-04 -6.856882e-07 1.776289e-05 -2.826196e-05 -6.660908e-07 -6.955246e-06
5.18           3.669245e-04 3.543124e-07 4.984539e-06 3.951692e-04 1.019294e-06 1.198112e-05 -2.824468e-05 -6.649815e-07 -6.996580e-06
5.19           3.630525e-04 1.392601e-07 7.546879e-06 3.912801e-04 8.031821e-07 1.458415e-05 -2.822759e-05 -6.639220e-07 -7.037276e-06
5.2            3.593330e-04 -1.097042e-06 1.389918e-05 3.875434e-04 -4.345091e-07 2.097915e-05 -2.821045e-05 -6.625325e-07 -7.079969e-06
5.21           3.625228e-04 -8.951260e-07 1.150541e-05 3.907169e-04 -2.338016e-07 1.862712e-05 -2.819412e-05 -6.613245e-07 -7.121707e-06
5.22           3.627514e-04 -2.538491e-06 9.489873e-06 3.909306e-04 -1.878729e-06 1.665345e-05 -2.817926e-05 -6.597612e-07 -7.163574e-06
5.23           3.610756e-04 -2.397396e-06 -1.817357e-06 3.892407e-04 -1.739109e-06 5.385657e-06 -2.816515e-05 -6.582873e-07 -7.203014e-06
5.24           3.607600e-04 -4.132167e-06 3.808729e-06 3.889123e-04 -3.475792e-06 1.105264e-05 -2.815230e-05 -6.563745e-07 -7.243910e-06
5.25           3.607166e-04 -3.793623e-06 6.444123e-06 3.888568e-04 -3.138831e-06 1.372952e-05 -2.814019e-05 -6.547925e-07 -7.285398e-06
5.26           3.591230e-04 2.369300e-06 -5.844187e-07 3.872522e-04 3.023760e-06 6.741498e-06 -2.812920e-05 -6.544594e-07 -7.325917e-06
5.27           3.567515e-04 -3.272735e-06 1.670585e-05 3.848707e-04 -2.619745e-06 2.407542e-05 -2.811925e-05 -6.529898e-07 -7.369567e-06
5.28           3.526895e-04 -4.231531e-06 1.523054e-05 3.807993e-04 -3.580064e-06 2.264320e-05 -2.810979e-05 -6.514671e-07 -7.412661e-06
5.29           3.453273e-04 -1.271806e-06 5.134046e-06 3.734275e-04 -6.211923e-07 1.258770e-05 -2.810021e-05 -6.506140e-07 -7.453656e-06
5.3            3.408927e-04 -3.791091e-06 1.111417e-05 3.689834e-04 -3.141859e-06 1.860975e-05 -2.809067e-05 -6.492318e-07 -7.495581e-06
5.31           3.418122e-04 -1.833010e-06 1.377258e-05 3.698946e-04 -1.184643e-06 2.131086e-05 -2.808240e-05 -6.483665e-07 -7.538280e-06
5.32           3.511451e-04 -2.035973e-06 5.338403e-08 3.792223e-04 -1.388508e-06 7.631689e-06 -2.807718e-05 -6.474659e-07 -7.578305e-06
5.33           3.394030e-04 1.501721e-06 1.354021e-05 3.674731e-04 2.148975e-06 2.116062e-05 -2.807016e-05 -6.472533e-07 -7.620411e-06
5.34           3.390134e-04 -1.806992e-06 2.064987e-05 3.670771e-04 -1.160727e-06 2.831345e-05 -2.806374e-05 -6.462646e-07 -7.663582e-06
5.35           3.366960e-04 -4.359809e-07 8.344943e-06 3.647539e-04 2.097817e-07 1.604854e-05 -2.805790e-05 -6.457626e-07 -7.703593e-06
5.36           3.328725e-04 -2.075792e-06 1.563372e-05 3.609243e-04 -1.430981e-06 2.337832e-05 -2.805176e-05 -6.448102e-07 -7.744599e-06
5.37           3.308611e-04 -3.690001e-07 1.809203e-05 3.589072e-04 2.755201e-07 2.587760e-05 -2.804607e-05 -6.445202e-07 -7.785577e-06
5.38           3.328885e-04 -1.078383e-06 9.593651e-07 3.609304e-04 -4.344913e-07 8.782271e-06 -2.804192e-05 -6.438916e-07 -7.822906e-06
5.39           3.287333e-04 -3.650337e-06 1.852938e-06 3.567707e-04 -3.007251e-06 9.713129e-06 -2.803747e-05 -6.430862e-07 -7.860191e-06
5.4            3.218563e-04 -4.803849e-06 9.134312e-07 3.498887e-04 -4.161999e-06 8.810854e-06 -2.803244e-05 -6.418494e-07 -7.897423e-06
5.41           3.230686e-04 -1.286630e-06 -8.443244e-06 3.510967e-04 -6.452429e-07 -5.105836e-07 -2.802813e-05 -6.413872e-07 -7.932660e-06
5.42           3.195573e-04 -6.888057e-07 -4.443307e-06 3.475804e-04 -4.763367e-08 3.525183e-06 -2.802310e-05 -6.411720e-07 -7.968489e-06
5.43           3.188365e-04 1.949200e-06 -5.011892e-06 3.468556e-04 2.590830e-06 2.992087e-06 -2.801903e-05 -6.416300e-07 -8.003979e-06
5.44           3.185250e-04 -2.093970e-06 -1.434929e-05 3.465402e-04 -1.452730e-06 -6.311656e-06 -2.801517e-05 -6.412402e-07 -8.037638e-06
5.45           3.166197e-04 -4.663772e-06 -5.634147e-06 3.446312e-04 -4.023519e-06 2.438471e-06 -2.801148e-05 -6.402535e-07 -8.072618e-06
5.46           3.206581e-04 -2.684186e-06 -1.890204e-06 3.486666e-04 -2.044368e-06 6.217979e-06 -2.800852e-05 -6.398177e-07 -8.108182e-06
5.47           3.195606e-04 -3.574494e-06 -1.401840e-05 3.475664e-04 -2.935288e-06 -5.877693e-06 -2.800587e-05 -6.392069e-07 -8.140712e-06
5.48           3.152377e-04 -7.567508e-06 -7.299204e-06 3.432397e-04 -6.929828e-06 8.743688e-07 -2.800201e-05 -6.376802e-07 -8.173573e-06
5.49           3.109452e-04 -3.864742e-06 -3.205606e-06 3.389422e-04 -3.227751e-06 5.000685e-06 -2.799699e-05 -6.369916e-07 -8.206291e-06
5.5            3.127038e-04 2.744279e-07 -1.329619e-05 3.406963e-04 9.116028e-07 -5.059742e-06 -2.799244e-05 -6.371749e-07 -8.236449e-06
5.51           3.151418e-04 -1.695767e-06 -1.969959e-06 3.431300e-04 -1.058939e-06 6.298062e-06 -2.798823e-05 -6.368281e-07 -8.268021e-06
5.52           3.172048e-04 -2.863449e-07 5.014394e-06 3.451893e-04 3.505016e-07 1.331474e-05 -2.798454e-05 -6.368464e-07 -8.300346e-06
5.53           3.175508e-04 -7.234479e-08 -5.700186e-06 3.455318e-04 5.646094e-07 2.629647e-06 -2.798097e-05 -6.369541e-07 -8.329833e-06
5.54           3.186117e-04 -3.492939e-06 4.393323e-06 3.465893e-04 -2.856437e-06 1.275395e-05 -2.797758e-05 -6.365027e-07 -8.360630e-06
5.55           3.206892e-04 -2.407402e-06 6.341806e-06 3.486641e-04 -1.771282e-06 1.473311e-05 -2.797490e-05 -6.361201e-07 -8.391301e-06
5.56           3.181322e-04 3.277292e-07 -7.311827e-06 3.461036e-04 9.644221e-07 1.106736e-06 -2.797139e-05 -6.366929e-07 -8.418562e-06
5.57           3.215556e-04 -1.921859e-06 -9.048112e-07 3.495235e-04 -1.285042e-06 7.542354e-06 -2.796783e-05 -6.368171e-07 -8.447165e-06
5.58           3.221166e-04 -3.718528e-06 -1.104102e-07 3.500806e-04 -3.081953e-06 8.365194e-06 -2.796409e-05 -6.365746e-07 -8.475604e-06
5.59           3.203917e-04 4.173735e-07 -1.319374e-05 3.483516e-04 1.054703e-06 -4.692703e-06 -2.795994e-05 -6.373293e-07 -8.501035e-06
5.6            3.123955e-04 -1.973451e-07 -6.972014e-06 3.403495e-04 4.407719e-07 1.554698e-06 -2.795402e-05 -6.381170e-07 -8.526713e-06
5.61           3.170954e-04 -2.850236e-07 -6.024431e-06 3.450446e-04 3.537274e-07 2.528130e-06 -2.794925e-05 -6.387510e-07 -8.552561e-06
5.62           3.211424e-04 1.098436e-07 -1.231172e-05 3.490871e-04 7.492428e-07 -3.733899e-06 -2.794477e-05 -6.393992e-07 -8.577822e-06
5.63           3.199728e-04 -1.220693e-06 -4.308508e-06 3.479122e-04 -5.807534e-07 4.296273e-06 -2.793940e-05 -6.399396e-07 -8.604781e-06
5.64           3.202720e-04 -1.694285e-06 -8.893635e-07 3.482059e-04 -1.054128e-06 7.741836e-06 -2.793398e-05 -6.401567e-07 -8.631199e-06
5.65           3.188807e-04 -1.593360e-06 -1.159226e-05 3.468084e-04 -9.526875e-07 -2.937260e-06 -2.792774e-05 -6.406721e-07 -8.654999e-06
5.66           3.160980e-04 -5.944216e-07 -7.983773e-06 3.440189e-04 4.701188e-08 6.949185e-07 -2.792094e-05 -6.414334e-07 -8.678691e-06
5.67           3.175522e-04 -1.256523e-07 -6.450650e-06 3.454666e-04 5.164025e-07 2.251108e-06 -2.791432e-05 -6.420547e-07 -8.701758e-06
5.68           3.164880e-04 -2.788692e-07 -1.829776e-05 3.443951e-04 3.639502e-07 -9.575219e-06 -2.790713e-05 -6.428194e-07 -8.722536e-06
5.69           3.059365e-04 3.306625e-08 -5.243839e-06 3.338335e-04 6.766643e-07 3.501614e-06 -2.789693e-05 -6.435980e-07 -8.745453e-06
5.7            3.053902e-04 1.605123e-06 5.319500e-07 3.332765e-04 2.249879e-06 9.301248e-06 -2.788636e-05 -6.447561e-07 -8.769298e-06
5.71           3.104973e-04 9.223271e-07 -1.204476e-05 3.383736e-04 1.568060e-06 -3.254391e-06 -2.787634e-05 -6.457325e-07 -8.790370e-06
5.72           3.066292e-04 -1.521326e-06 2.041862e-06 3.344934e-04 -8.751709e-07 1.085562e-05 -2.786420e-05 -6.461553e-07 -8.813759e-06
5.73           2.991149e-04 1.557089e-06 6.491157e-06 3.269649e-04 2.204442e-06 1.532850e-05 -2.785000e-05 -6.473539e-07 -8.837345e-06
5.74           3.024979e-04 8.888351e-07 -1.092446e-05 3.303341e-04 1.537224e-06 -2.067506e-06 -2.783612e-05 -6.483886e-07 -8.856955e-06
5.75           3.020595e-04 -1.888909e-06 -1.623650e-05 3.298803e-04 -1.239958e-06 -7.361237e-06 -2.782083e-05 -6.489511e-07 -8.875259e-06
5.76           3.046091e-04 6.946243e-07 -2.401924e-05 3.324145e-04 1.344686e-06 -1.512763e-05 -2.780541e-05 -6.500619e-07 -8.891606e-06
5.77           3.100108e-04 1.146061e-06 -3.780525e-05 3.378012e-04 1.797371e-06 -2.890011e-05 -2.779035e-05 -6.513097e-07 -8.905132e-06
5.78           3.074395e-04 1.036891e-06 -2.864705e-05 3.352131e-04 1.689344e-06 -1.972680e-05 -2.777363e-05 -6.524535e-07 -8.920241e-06
5.79           3.054513e-04 1.290438e-06 -2.301482e-05 3.332072e-04 1.944052e-06 -1.407846e-05 -2.775593e-05 -6.536147e-07 -8.936364e-06
5.8            3.137065e-04 2.158708e-06 -3.857759e-05 3.414460e-04 2.813670e-06 -2.962794e-05 -2.773952e-05 -6.549624e-07 -8.949656e-06
5.81           3.015007e-04 -2.201167e-06 -3.831587e-05 3.292203e-04 -1.545612e-06 -2.935369e-05 -2.771962e-05 -6.555552e-07 -8.962182e-06
5.82           3.017082e-04 -1.170771e-06 -3.098096e-05 3.294074e-04 -5.145030e-07 -2.200458e-05 -2.769920e-05 -6.562681e-07 -8.976384e-06
5.83           3.032417e-04 -3.786033e-07 -3.903033e-05 3.309203e-04 2.787053e-07 -3.004091e-05 -2.767858e-05 -6.573086e-07 -8.989417e-06
5.84           2.972481e-04 -4.811411e-06 -2.919238e-05 3.249048e-04 -4.153884e-06 -2.018829e-05 -2.765666e-05 -6.575271e-07 -9.004087e-06
5.85           3.020553e-04 -2.797476e-06 -2.577946e-05 3.296896e-04 -2.139197e-06 -1.676093e-05 -2.763430e-05 -6.582790e-07 -9.018539e-06
5.86           2.950694e-04 -1.141457e-07 -4.381715e-05 3.226799e-04 5.455231e-07 -3.478792e-05 -2.761054e-05 -6.596688e-07 -9.029222e-06
5.87           2.852682e-04 -1.226685e-06 -4.007786e-05 3.128511e-04 -5.657718e-07 -3.103765e-05 -2.758298e-05 -6.609129e-07 -9.040203e-06
5.88           2.861810e-04 3.796735e-06 -3.948963e-05 3.137365e-04 4.459784e-06 -3.043764e-05 -2.755546e-05 -6.630489e-07 -9.051991e-06
5.89           2.929488e-04 4.140625e-06 -5.286409e-05 3.204774e-04 4.805884e-06 -4.380306e-05 -2.752858e-05 -6.652595e-07 -9.061027e-06
5.9            2.893358e-04 -1.137735e-07 -4.683914e-05 3.168355e-04 5.528349e-07 -3.776747e-05 -2.749970e-05 -6.666085e-07 -9.071669e-06
5.91           2.861852e-04 1.512863e-06 -4.233495e-05 3.136548e-04 2.181126e-06 -3.325193e-05 -2.746959e-05 -6.682626e-07 -9.083023e-06
5.92           2.768883e-04 2.807637e-06 -5.620791e-05 3.043255e-04 3.477805e-06 -4.711662e-05 -2.743725e-05 -6.701687e-07 -9.091287e-06
5.93           2.759111e-04 2.038199e-07 -4.644670e-05 3.033147e-04 8.753646e-07 -3.734547e-05 -2.740358e-05 -6.715447e-07 -9.101232e-06
5.94           2.858804e-04 7.493414e-07 -4.070891e-05 3.132512e-04 1.422750e-06 -3.159642e-05 -2.737073e-05 -6.734086e-07 -9.112487e-06
5.95           2.885298e-04 2.830839e-06 -5.495522e-05 3.158674e-04 3.506169e-06 -4.583431e-05 -2.733762e-05 -6.753304e-07 -9.120919e-06
5.96           2.778894e-04 1.080242e-06 -4.549362e-05 3.051908e-04 1.757038e-06 -3.636256e-05 -2.730139e-05 -6.767954e-07 -9.131052e-06
5.97           2.876449e-04 1.349517e-06 -6.860328e-05 3.149115e-04 2.028248e-06 -5.946685e-05 -2.726657e-05 -6.787310e-07 -9.136428e-06
5.98           2.827053e-04 -3.222658e-07 -6.743432e-05 3.099344e-04 3.574395e-07 -5.829219e-05 -2.722908e-05 -6.797053e-07 -9.142130e-06
5.99           2.954027e-04 -1.428205e-06 -5.859114e-05 3.225958e-04 -7.475721e-07 -4.944096e-05 -2.719310e-05 -6.806329e-07 -9.150183e-06
6              2.896346e-04 1.089343e-06 -6.106408e-05 3.167894e-04 1.771306e-06 -5.190629e-05 -2.715486e-05 -6.819628e-07 -9.157789e-06
6.01           2.702806e-04 -4.436304e-06 -6.413011e-05 2.973928e-04 -3.753933e-06 -5.496540e-05 -2.711224e-05 -6.823709e-07 -9.164708e-06
6.02           2.654236e-04 -4.458972e-06 -5.764910e-05 2.924917e-04 -3.776061e-06 -4.847539e-05 -2.706814e-05 -6.829112e-07 -9.173710e-06
6.03           2.608826e-04 -4.435912e-06 -5.857845e-05 2.879052e-04 -3.752400e-06 -4.939534e-05 -2.702256e-05 -6.835120e-07 -9.183105e-06
6.04           2.554486e-04 -6.365543e-06 -5.703904e-05 2.824240e-04 -5.681473e-06 -4.784603e-05 -2.697541e-05 -6.840704e-07 -9.193015e-06
6.05           2.620772e-04 -2.485683e-06 -5.779681e-05 2.890059e-04 -1.800779e-06 -4.859332e-05 -2.692875e-05 -6.849048e-07 -9.203490e-06
6.06           2.647791e-04 -3.971990e-06 -6.615958e-05 2.916616e-04 -3.286326e-06 -5.694772e-05 -2.688246e-05 -6.856646e-07 -9.211867e-06
6.07           2.603289e-04 -7.110179e-06 -5.674826e-05 2.871632e-04 -6.424608e-06 -4.752605e-05 -2.683430e-05 -6.855707e-07 -9.222210e-06
6.08           2.686856e-04 -4.458413e-06 -6.140590e-05 2.954730e-04 -3.772123e-06 -5.217386e-05 -2.678741e-05 -6.862898e-07 -9.232036e-06
6.09           2.712068e-04 -3.942483e-06 -7.233588e-05 2.979475e-04 -3.255521e-06 -6.309554e-05 -2.674062e-05 -6.869616e-07 -9.240343e-06
6.1            2.659506e-04 -5.154825e-06 -6.493804e-05 2.926422e-04 -4.467279e-06 -5.568787e-05 -2.669155e-05 -6.875452e-07 -9.250166e-06
6.11           2.695732e-04 -2.183722e-06 -6.390437e-05 2.962162e-04 -1.495110e-06 -5.464386e-05 -2.664300e-05 -6.886119e-07 -9.260504e-06
6.12           2.766565e-04 8.375574e-08 -7.304524e-05 3.032518e-04 7.738491e-07 -6.377580e-05 -2.659525e-05 -6.900934e-07 -9.269443e-06
6.13           2.715591e-04 -3.728852e-06 -6.173471e-05 2.981042e-04 -3.037998e-06 -5.245401e-05 -2.654507e-05 -6.908541e-07 -9.280700e-06
6.14           2.796249e-04 -3.510967e-06 -6.169134e-05 3.061205e-04 -2.819209e-06 -5.239913e-05 -2.649560e-05 -6.917582e-07 -9.292215e-06
6.15           2.816125e-04 3.014706e-07 -7.571405e-05 3.080589e-04 9.952170e-07 -6.641257e-05 -2.644640e-05 -6.937464e-07 -9.301482e-06
6.16           2.781783e-04 -1.325473e-07 -6.513222e-05 3.045739e-04 5.627695e-07 -5.581911e-05 -2.639559e-05 -6.953169e-07 -9.313109e-06
6.17           2.764150e-04 -7.356633e-07 -6.339680e-05 3.027593e-04 -3.897757e-08 -5.407148e-05 -2.634431e-05 -6.966857e-07 -9.325324e-06
6.18           2.703376e-04 -1.231927e-06 -7.767832e-05 2.966294e-04 -5.339315e-07 -6.834336e-05 -2.629177e-05 -6.979957e-07 -9.334960e-06
6.19           2.628517e-04 -3.217933e-06 -7.678100e-05 2.890892e-04 -2.518998e-06 -6.743631e-05 -2.623750e-05 -6.989356e-07 -9.344685e-06
6.2            2.590484e-04 -4.169989e-07 -7.820788e-05 2.852300e-04 2.837100e-07 -6.885382e-05 -2.618156e-05 -7.007089e-07 -9.354064e-06
6.21           2.593716e-04 2.653665e-06 -9.309055e-05 2.854971e-04 3.356602e-06 -8.373020e-05 -2.612549e-05 -7.029365e-07 -9.360356e-06
6.22           2.509574e-04 -3.832301e-06 -9.075551e-05 2.770244e-04 -3.128483e-06 -8.138811e-05 -2.606703e-05 -7.038175e-07 -9.367401e-06
6.23           2.468134e-04 -4.192509e-06 -8.630684e-05 2.728208e-04 -3.487776e-06 -7.693085e-05 -2.600745e-05 -7.047335e-07 -9.375991e-06
6.24           2.441220e-04 -2.639831e-06 -8.295994e-05 2.700687e-04 -1.933898e-06 -7.357365e-05 -2.594672e-05 -7.059328e-07 -9.386287e-06
6.25           2.345070e-04 -2.613874e-06 -6.601153e-05 2.603915e-04 -1.906498e-06 -5.661161e-05 -2.588451e-05 -7.073761e-07 -9.399916e-06
6.26           2.325929e-04 -7.174068e-07 -7.980567e-05 2.584142e-04 -8.139070e-09 -7.039504e-05 -2.582132e-05 -7.092678e-07 -9.410630e-06
6.27           2.294223e-04 -5.814279e-07 -6.551130e-05 2.551803e-04 1.296570e-07 -5.608758e-05 -2.575805e-05 -7.110849e-07 -9.423724e-06
6.28           2.271366e-04 4.013903e-06 -8.044428e-05 2.528301e-04 4.727508e-06 -7.101068e-05 -2.569348e-05 -7.136050e-07 -9.433601e-06
6.29           2.262978e-04 7.283191e-07 -6.575713e-05 2.519263e-04 1.444154e-06 -5.631061e-05 -2.562843e-05 -7.158352e-07 -9.446520e-06
6.3            2.321591e-04 -8.818473e-08 -7.588857e-05 2.577235e-04 6.294180e-07 -6.643112e-05 -2.556445e-05 -7.176027e-07 -9.457448e-06
6.31           2.306469e-04 -3.227194e-06 -6.226028e-05 2.561471e-04 -2.508393e-06 -5.278906e-05 -2.550024e-05 -7.188009e-07 -9.471225e-06
6.32           2.314974e-04 6.160909e-07 -7.923730e-05 2.569331e-04 1.337056e-06 -6.975592e-05 -2.543574e-05 -7.209654e-07 -9.481384e-06
6.33           2.363581e-04 -1.620924e-06 -6.704769e-05 2.617301e-04 -8.981143e-07 -5.755217e-05 -2.537200e-05 -7.228101e-07 -9.495526e-06
6.34           2.278734e-04 -2.888155e-06 -8.916797e-05 2.531796e-04 -2.163785e-06 -7.966340e-05 -2.530616e-05 -7.243702e-07 -9.504570e-06
6.35           2.239767e-04 -3.163583e-06 -7.892453e-05 2.492166e-04 -2.437699e-06 -6.940877e-05 -2.523989e-05 -7.258846e-07 -9.515763e-06
6.36           2.288398e-04 4.714385e-07 -9.261691e-05 2.540148e-04 1.199888e-06 -8.309166e-05 -2.517499e-05 -7.284496e-07 -9.525247e-06
6.37           2.280305e-04 3.602143e-07 -7.653312e-05 2.531406e-04 1.090950e-06 -6.699562e-05 -2.511012e-05 -7.307356e-07 -9.537495e-06
6.38           2.267637e-04 3.198688e-06 -8.502776e-05 2.518079e-04 3.932257e-06 -7.547911e-05 -2.504426e-05 -7.335688e-07 -9.548652e-06
6.39           2.278822e-04 -5.820064e-07 -6.362816e-05 2.528603e-04 1.534547e-07 -5.406456e-05 -2.497804e-05 -7.354612e-07 -9.563599e-06
6.4            2.273945e-04 1.283191e-06 -7.694968e-05 2.523066e-04 2.021181e-06 -6.737307e-05 -2.491208e-05 -7.379898e-07 -9.576613e-06
6.41           2.218701e-04 -3.648826e-06 -6.171739e-05 2.467147e-04 -2.909461e-06 -5.212511e-05 -2.484457e-05 -7.393652e-07 -9.592272e-06
6.42           2.203443e-04 3.663864e-07 -7.302114e-05 2.451212e-04 1.108084e-06 -6.341587e-05 -2.477693e-05 -7.416979e-07 -9.605275e-06
6.43           2.199498e-04 -7.355009e-07 -5.755351e-05 2.446591e-04 8.386660e-09 -4.793168e-05 -2.470936e-05 -7.438876e-07 -9.621830e-06
6.44           2.200762e-04 1.155023e-06 -7.157004e-05 2.447182e-04 1.901345e-06 -6.193427e-05 -2.464204e-05 -7.463217e-07 -9.635768e-06
6.45           2.218478e-04 -4.000009e-06 -6.203964e-05 2.464234e-04 -3.252216e-06 -5.238803e-05 -2.457557e-05 -7.477930e-07 -9.651613e-06
6.46           2.236526e-04 1.967816e-06 -7.298738e-05 2.481611e-04 2.718377e-06 -6.332127e-05 -2.450851e-05 -7.505616e-07 -9.666107e-06
6.47           2.309078e-04 -4.881892e-06 -4.981309e-05 2.553510e-04 -4.129991e-06 -4.012856e-05 -2.444330e-05 -7.519007e-07 -9.684530e-06
6.48           2.076329e-04 -2.536294e-06 -4.814197e-05 2.320054e-04 -1.782499e-06 -3.843977e-05 -2.437252e-05 -7.537954e-07 -9.702198e-06
6.49           2.226530e-04 -2.715931e-06 -3.447186e-05 2.469590e-04 -1.959964e-06 -2.474967e-05 -2.430594e-05 -7.559676e-07 -9.722193e-06
6.5            2.229283e-04 -7.834209e-07 -4.957378e-05 2.471675e-04 -2.534953e-08 -3.983497e-05 -2.423916e-05 -7.580713e-07 -9.738813e-06
6.51           2.201426e-04 -1.796675e-06 -3.371416e-05 2.443146e-04 -1.036559e-06 -2.395640e-05 -2.417200e-05 -7.601156e-07 -9.757767e-06
6.52           2.134921e-04 -1.349697e-06 -4.755789e-05 2.375953e-04 -5.874759e-07 -3.778441e-05 -2.410323e-05 -7.622207e-07 -9.773488e-06
6.53           2.200056e-04 -2.011595e-06 -3.868711e-05 2.440416e-04 -1.247293e-06 -2.889655e-05 -2.403596e-05 -7.643020e-07 -9.790558e-06
6.54           2.188030e-04 -3.074909e-06 -5.338136e-05 2.427719e-04 -2.308673e-06 -4.357621e-05 -2.396893e-05 -7.662352e-07 -9.805145e-06
6.55           2.144922e-04 -1.222757e-06 -3.407897e-05 2.383930e-04 -4.540333e-07 -2.425596e-05 -2.390073e-05 -7.687239e-07 -9.823006e-06
6.56           2.198870e-04 -1.081957e-06 -4.424406e-05 2.437205e-04 -3.107888e-07 -3.440596e-05 -2.383352e-05 -7.711681e-07 -9.838099e-06
6.57           2.243102e-04 2.316327e-06 -2.405474e-05 2.480769e-04 3.090510e-06 -1.419757e-05 -2.376671e-05 -7.741826e-07 -9.857165e-06
6.58           2.141634e-04 -6.509859e-07 -2.311054e-05 2.378612e-04 1.257310e-07 -1.323485e-05 -2.369772e-05 -7.767169e-07 -9.875692e-06
6.59           2.003710e-04 -1.564451e-06 -1.989073e-05 2.239976e-04 -7.857765e-07 -9.996409e-06 -2.362661e-05 -7.786749e-07 -9.894317e-06
6.6            1.949852e-04 1.018950e-06 -3.171687e-05 2.185415e-04 1.799959e-06 -2.180764e-05 -2.355629e-05 -7.810090e-07 -9.909227e-06
6.61           2.058154e-04 -1.662673e-07 -2.646103e-05 2.293041e-04 6.169680e-07 -1.653550e-05 -2.348866e-05 -7.832353e-07 -9.925523e-06
6.62           2.066578e-04 7.884521e-07 -2.553855e-05 2.300787e-04 1.573790e-06 -1.559630e-05 -2.342082e-05 -7.853378e-07 -9.942248e-06
6.63           2.065564e-04 4.198216e-07 -9.357491e-06 2.299092e-04 1.207597e-06 6.052962e-07 -2.335283e-05 -7.877758e-07 -9.962787e-06
6.64           2.067275e-04 9.246593e-07 -3.238298e-05 2.300122e-04 1.714948e-06 -2.240495e-05 -2.328475e-05 -7.902891e-07 -9.978034e-06
6.65           2.105351e-04 -3.575450e-07 -2.756363e-05 2.337529e-04 4.346751e-07 -1.756956e-05 -2.321776e-05 -7.922200e-07 -9.994072e-06
6.66           2.061443e-04 1.432057e-06 -2.398038e-05 2.292943e-04 2.226673e-06 -1.396979e-05 -2.315000e-05 -7.946156e-07 -1.001059e-05
6.67           2.063424e-04 -1.389830e-06 -2.850656e-05 2.294254e-04 -5.930542e-07 -1.848054e-05 -2.308302e-05 -7.967762e-07 -1.002602e-05
6.68           2.003556e-04 -6.705591e-07 -4.917484e-05 2.233709e-04 1.282454e-07 -3.913836e-05 -2.301527e-05 -7.988045e-07 -1.003648e-05
6.69           2.067254e-04 -1.519559e-06 -3.401882e-05 2.296744e-04 -7.184898e-07 -2.396988e-05 -2.294898e-05 -8.010692e-07 -1.004894e-05
6.7            2.047644e-04 -1.975527e-06 -3.405545e-05 2.276476e-04 -1.172527e-06 -2.399476e-05 -2.288319e-05 -8.029995e-07 -1.006069e-05
6.71           2.048726e-04 -2.769935e-06 -2.660389e-05 2.276898e-04 -1.964962e-06 -1.652963e-05 -2.281728e-05 -8.049736e-07 -1.007426e-05
6.72           2.061526e-04 -2.370931e-07 -2.396219e-05 2.289042e-04 5.700567e-07 -1.387454e-05 -2.275158e-05 -8.071498e-07 -1.008765e-05
6.73           1.987098e-04 -2.436371e-06 -3.047905e-05 2.213942e-04 -1.627595e-06 -2.037947e-05 -2.268441e-05 -8.087759e-07 -1.009958e-05
6.74           1.984054e-04 -5.556014e-06 -1.677001e-05 2.210224e-04 -4.745960e-06 -6.656302e-06 -2.261701e-05 -8.100543e-07 -1.011371e-05
6.75           1.972974e-04 -5.283803e-06 -2.189029e-05 2.198467e-04 -4.472384e-06 -1.176394e-05 -2.254925e-05 -8.114194e-07 -1.012635e-05
6.76           2.018081e-04 -2.054483e-06 -1.630277e-05 2.242905e-04 -1.241258e-06 -6.162737e-06 -2.248240e-05 -8.132245e-07 -1.014003e-05
6.77           2.023199e-04 -1.004038e-06 -1.265288e-05 2.247353e-04 -1.886434e-07 -2.498595e-06 -2.241539e-05 -8.153948e-07 -1.015428e-05
6.78           2.131354e-04 -4.644127e-06 -5.588328e-06 2.354860e-04 -3.827466e-06 4.581664e-06 -2.235060e-05 -8.166604e-07 -1.016999e-05
6.79           2.033408e-04 9.832340e-07 -3.021377e-05 2.256245e-04 1.802394e-06 -2.003347e-05 -2.228373e-05 -8.191597e-07 -1.018029e-05
6.8            1.946522e-04 -2.718895e-06 -1.414997e-05 2.168675e-04 -1.898140e-06 -3.956898e-06 -2.221535e-05 -8.207545e-07 -1.019307e-05
6.81           1.896040e-04 -1.571325e-06 -1.314657e-05 2.117499e-04 -7.484735e-07 -2.940912e-06 -2.214595e-05 -8.228519e-07 -1.020566e-05
6.82           1.814944e-04 -2.685768e-06 -6.359633e-06 2.035697e-04 -1.861109e-06 3.858688e-06 -2.207537e-05 -8.246587e-07 -1.021832e-05
6.83           1.845074e-04 5.646755e-06 -2.531394e-05 2.065131e-04 6.475063e-06 -1.508739e-05 -2.200567e-05 -8.283085e-07 -1.022655e-05
6.84           2.099082e-04 -1.399595e-06 -1.068220e-05 2.318497e-04 -5.693198e-07 -4.445493e-07 -2.194160e-05 -8.302755e-07 -1.023765e-05
6.85           2.136421e-04 -4.243349e-06 -4.550545e-06 2.355199e-04 -3.411516e-06 5.698744e-06 -2.187789e-05 -8.318333e-07 -1.024929e-05
6.86           2.089561e-04 -2.350050e-08 -1.680926e-05 2.307692e-04 8.108069e-07 -6.552300e-06 -2.181308e-05 -8.343074e-07 -1.025696e-05
6.87           2.092157e-04 -5.556819e-07 -2.498725e-06 2.309641e-04 2.810554e-07 7.767547e-06 -2.174842e-05 -8.367373e-07 -1.026627e-05
6.88           2.028661e-04 -6.999454e-07 -3.765768e-06 2.245500e-04 1.392276e-07 6.509642e-06 -2.168383e-05 -8.391730e-07 -1.027541e-05
6.89           1.952371e-04 -1.740987e-07 -1.897627e-05 2.168557e-04 6.675134e-07 -8.695102e-06 -2.161866e-05 -8.416121e-07 -1.028117e-05
6.9            1.989688e-04 -2.040766e-06 -5.493403e-06 2.205228e-04 -1.197456e-06 4.796433e-06 -2.155408e-05 -8.433103e-07 -1.028984e-05
6.91           2.039729e-04 -2.528464e-06 -5.439113e-07 2.254625e-04 -1.683199e-06 9.755068e-06 -2.148955e-05 -8.452653e-07 -1.029898e-05
6.92           2.053136e-04 -1.454097e-06 -1.267561e-05 2.267386e-04 -6.065365e-07 -2.370800e-06 -2.142499e-05 -8.475602e-07 -1.030481e-05
6.93           2.051128e-04 -1.906778e-06 -3.930040e-07 2.264730e-04 -1.057249e-06 9.919415e-06 -2.136021e-05 -8.495290e-07 -1.031242e-05
6.94           2.032524e-04 7.121247e-07 2.378667e-06 2.245472e-04 1.564099e-06 1.269884e-05 -2.129480e-05 -8.519741e-07 -1.032017e-05
6.95           1.928913e-04 1.552799e-06 -1.157743e-05 2.141186e-04 2.406970e-06 -1.252706e-06 -2.122737e-05 -8.541714e-07 -1.032472e-05
6.96           1.974927e-04 4.174741e-06 2.594775e-06 2.186541e-04 5.031976e-06 1.292660e-05 -2.116134e-05 -8.572351e-07 -1.033182e-05
6.97           1.976707e-04 5.054753e-06 -4.285736e-06 2.187667e-04 5.914884e-06 6.050131e-06 -2.109598e-05 -8.601305e-07 -1.033587e-05
6.98           1.878133e-04 -9.557551e-07 -1.670915e-05 2.088440e-04 -9.369787e-08 -6.371946e-06 -2.103069e-05 -8.620572e-07 -1.033721e-05
6.99           1.910134e-04 -1.586487e-06 5.014347e-07 2.119793e-04 -7.228043e-07 1.084266e-05 -2.096589e-05 -8.636831e-07 -1.034122e-05
7              1.867433e-04 -4.280975e-07 4.706840e-07 2.076408e-04 4.379560e-07 1.081551e-05 -2.089756e-05 -8.660535e-07 -1.034483e-05
7.01           1.842419e-04 -5.611794e-09 -1.223664e-05 2.050714e-04 8.629084e-07 -1.891792e-06 -2.082951e-05 -8.685202e-07 -1.034485e-05
7.02           1.738222e-04 -3.914936e-06 1.521765e-05 1.945811e-04 -3.045271e-06 2.556496e-05 -2.075886e-05 -8.696654e-07 -1.034732e-05
7.03           1.733567e-04 1.672740e-06 2.012988e-05 1.940466e-04 2.545004e-06 3.047886e-05 -2.068994e-05 -8.722641e-07 -1.034898e-05
7.04           1.849347e-04 2.085327e-06 1.039726e-05 2.055594e-04 2.959057e-06 2.074601e-05 -2.062462e-05 -8.737297e-07 -1.034876e-05
7.05           1.826277e-04 1.191948e-06 2.097387e-05 2.031859e-04 2.066488e-06 3.132390e-05 -2.055822e-05 -8.745391e-07 -1.035002e-05
7.06           1.866808e-04 -6.425121e-06 2.535679e-05 2.071734e-04 -5.551606e-06 3.570830e-05 -2.049254e-05 -8.735153e-07 -1.035151e-05
7.07           1.877440e-04 3.114847e-07 2.878450e-05 2.081710e-04 1.186085e-06 3.913765e-05 -2.042702e-05 -8.746006e-07 -1.035315e-05
7.08           1.810479e-04 2.407980e-06 6.588800e-06 2.014074e-04 3.284276e-06 1.693937e-05 -2.035948e-05 -8.762963e-07 -1.035057e-05
7.09           1.799272e-04 -1.121669e-06 2.703272e-05 2.002184e-04 -2.441591e-07 3.738490e-05 -2.029128e-05 -8.775094e-07 -1.035218e-05
7.1            1.734859e-04 4.121557e-06 3.074994e-05 1.937069e-04 5.001144e-06 4.110436e-05 -2.022104e-05 -8.795877e-07 -1.035442e-05
7.11           1.733766e-04 -1.448433e-06 2.328361e-05 1.935272e-04 -5.678344e-07 3.363796e-05 -2.015056e-05 -8.805983e-07 -1.035435e-05
7.12           1.785227e-04 -6.284276e-08 3.514355e-06 1.986039e-04 8.193290e-07 1.386402e-05 -2.008118e-05 -8.821717e-07 -1.034966e-05
7.13           1.785003e-04 9.427641e-07 1.265001e-05 1.985133e-04 1.825874e-06 2.299569e-05 -2.001305e-05 -8.831097e-07 -1.034568e-05
7.14           1.679562e-04 -2.444702e-07 2.095224e-05 1.878992e-04 6.396590e-07 3.129458e-05 -1.994299e-05 -8.841293e-07 -1.034234e-05
7.15           1.799055e-04 7.306198e-07 2.396458e-05 1.997821e-04 1.614448e-06 3.430305e-05 -1.987659e-05 -8.838286e-07 -1.033847e-05
7.16           1.877341e-04 1.156447e-06 4.509663e-06 2.075457e-04 2.040887e-06 1.483852e-05 -1.981155e-05 -8.844403e-07 -1.032885e-05
7.17           1.850833e-04 1.626110e-06 1.891428e-05 2.048290e-04 2.512380e-06 2.923602e-05 -1.974566e-05 -8.862700e-07 -1.032174e-05
7.18           1.899740e-04 -2.720290e-06 6.491318e-06 2.096543e-04 -1.833923e-06 1.680380e-05 -1.968030e-05 -8.863667e-07 -1.031248e-05
7.19           1.789322e-04 -1.747648e-06 1.949891e-05 1.985442e-04 -8.596674e-07 2.980586e-05 -1.961194e-05 -8.879801e-07 -1.030694e-05
7.2            1.800153e-04 -1.151735e-06 2.871545e-05 1.995593e-04 -2.632493e-07 3.901898e-05 -1.954404e-05 -8.884853e-07 -1.030353e-05
7.21           1.648922e-04 -1.874420e-06 1.272516e-05 1.843653e-04 -9.849408e-07 2.302135e-05 -1.947305e-05 -8.894790e-07 -1.029618e-05
7.22           1.633865e-04 -1.367926e-06 2.564434e-05 1.827881e-04 -4.771671e-07 3.593522e-05 -1.940159e-05 -8.907588e-07 -1.029088e-05
7.23           1.669108e-04 -2.634999e-06 2.179751e-05 1.862407e-04 -1.743905e-06 3.208303e-05 -1.932987e-05 -8.910940e-07 -1.028552e-05
7.24           1.804617e-04 -5.861289e-06 1.330386e-05 1.997241e-04 -4.970361e-06 2.358121e-05 -1.926238e-05 -8.909277e-07 -1.027735e-05
7.25           1.783435e-04 -2.264016e-06 1.062080e-05 1.975366e-04 -1.372671e-06 2.088953e-05 -1.919308e-05 -8.913445e-07 -1.026872e-05
7.26           1.904430e-04 -1.079294e-06 -5.876482e-06 2.095699e-04 -1.872999e-07 4.379316e-06 -1.912689e-05 -8.919944e-07 -1.025580e-05
7.27           1.745905e-04 3.048584e-07 1.899216e-05 1.936476e-04 1.197902e-06 2.924138e-05 -1.905712e-05 -8.930436e-07 -1.024922e-05
7.28           1.709409e-04 -1.136281e-06 1.932444e-05 1.899274e-04 -2.432192e-07 2.956616e-05 -1.898655e-05 -8.930613e-07 -1.024172e-05
7.29           1.673519e-04 -2.654762e-07 1.869910e-05 1.862671e-04 6.282132e-07 2.893314e-05 -1.891522e-05 -8.936894e-07 -1.023403e-05
7.3            1.693779e-04 3.299154e-06 1.609945e-05 1.882209e-04 4.193792e-06 2.632482e-05 -1.884301e-05 -8.946384e-07 -1.022537e-05
7.31           1.716933e-04 1.816857e-06 9.613069e-06 1.904632e-04 2.712304e-06 1.982855e-05 -1.876984e-05 -8.954471e-07 -1.021548e-05
7.32           1.627953e-04 2.164186e-06 1.864995e-05 1.814919e-04 3.060564e-06 2.885823e-05 -1.869660e-05 -8.963785e-07 -1.020828e-05
7.33           1.602790e-04 -7.403953e-07 2.083222e-05 1.789018e-04 1.559830e-07 3.103116e-05 -1.862273e-05 -8.963784e-07 -1.019894e-05
7.34           1.559938e-04 -2.081310e-07 3.200451e-05 1.745424e-04 6.880950e-07 4.219672e-05 -1.854862e-05 -8.962259e-07 -1.019220e-05
7.35           1.522903e-04 1.283007e-06 3.649716e-05 1.707632e-04 2.179226e-06 4.668315e-05 -1.847289e-05 -8.962181e-07 -1.018599e-05
7.36           1.520039e-04 1.284495e-07 2.403426e-05 1.704010e-04 1.024938e-06 3.421181e-05 -1.839717e-05 -8.964890e-07 -1.017755e-05
7.37           1.619258e-04 -3.474608e-06 2.925209e-05 1.802492e-04 -2.578721e-06 3.942194e-05 -1.832335e-05 -8.958875e-07 -1.016985e-05
7.38           1.642723e-04 6.802035e-07 3.313854e-05 1.825214e-04 1.576408e-06 4.330128e-05 -1.824909e-05 -8.962041e-07 -1.016274e-05
7.39           1.654229e-04 2.335865e-06 3.227818e-05 1.835976e-04 3.232330e-06 4.243338e-05 -1.817465e-05 -8.964644e-07 -1.015520e-05
7.4            1.632884e-04 2.130061e-06 1.023873e-05 1.813872e-04 3.026874e-06 2.038214e-05 -1.809878e-05 -8.968131e-07 -1.014341e-05
7.41           1.618749e-04 1.861644e-07 2.569529e-05 1.798974e-04 1.082797e-06 3.583019e-05 -1.802247e-05 -8.966325e-07 -1.013489e-05
7.42           1.622389e-04 2.503515e-06 1.671052e-05 1.801844e-04 3.400431e-06 2.683501e-05 -1.794546e-05 -8.969160e-07 -1.012449e-05
7.43           1.616641e-04 7.486528e-07 1.153327e-05 1.795329e-04 1.645642e-06 2.164675e-05 -1.786886e-05 -8.969889e-07 -1.011348e-05
7.44           1.575256e-04 1.531613e-07 1.212121e-05 1.753168e-04 1.050120e-06 2.222394e-05 -1.779125e-05 -8.969586e-07 -1.010273e-05
7.45           1.590187e-04 4.138979e-06 2.140298e-05 1.767324e-04 5.036681e-06 3.149718e-05 -1.771370e-05 -8.977019e-07 -1.009420e-05
7.46           1.569336e-04 3.654638e-06 2.266278e-05 1.745698e-04 4.552470e-06 3.274887e-05 -1.763618e-05 -8.978313e-07 -1.008609e-05
7.47           1.552502e-04 4.089403e-06 2.239278e-05 1.728087e-04 4.987455e-06 3.247045e-05 -1.755858e-05 -8.980516e-07 -1.007767e-05
7.48           1.500808e-04 1.873307e-07 1.063911e-05 1.675609e-04 1.084887e-06 2.070562e-05 -1.748004e-05 -8.975561e-07 -1.006651e-05
7.49           1.462868e-04 -2.232877e-07 9.320259e-06 1.636878e-04 6.735151e-07 1.937544e-05 -1.740095e-05 -8.968028e-07 -1.005518e-05
7.5            1.456306e-04 -2.152501e-06 6.983673e-06 1.629521e-04 -1.256541e-06 1.702800e-05 -1.732149e-05 -8.959602e-07 -1.004432e-05
7.51           1.476975e-04 -5.430458e-07 1.625967e-05 1.649398e-04 3.523352e-07 2.629518e-05 -1.724228e-05 -8.953811e-07 -1.003550e-05
7.52           1.473858e-04 5.216888e-06 2.419565e-05 1.645484e-04 6.112844e-06 3.422304e-05 -1.716264e-05 -8.959560e-07 -1.002738e-05
7.53           1.457744e-04 2.042164e-06 2.040298e-05 1.628569e-04 2.937622e-06 3.042029e-05 -1.708257e-05 -8.954579e-07 -1.001731e-05
7.54           1.438882e-04 1.339270e-07 2.617131e-05 1.608905e-04 1.028114e-06 3.617940e-05 -1.700233e-05 -8.941871e-07 -1.000809e-05
7.55           1.468326e-04 1.421444e-06 3.697991e-05 1.637552e-04 2.315538e-06 4.698062e-05 -1.692260e-05 -8.940934e-07 -1.000071e-05
7.56           1.394555e-04 -1.392650e-06 4.172728e-05 1.562967e-04 -5.006322e-07 5.172134e-05 -1.684120e-05 -8.920176e-07 -9.994058e-06
7.57           1.269045e-04 -1.926440e-06 3.860125e-05 1.436629e-04 -1.036082e-06 4.858839e-05 -1.675838e-05 -8.903581e-07 -9.987138e-06
7.58           1.266020e-04 2.158722e-07 3.911790e-05 1.432780e-04 1.104566e-06 4.909925e-05 -1.667599e-05 -8.886938e-07 -9.981352e-06
7.59           1.328893e-04 -6.200415e-07 3.961940e-05 1.494839e-04 2.674340e-07 4.959626e-05 -1.659460e-05 -8.874755e-07 -9.976863e-06
7.6            1.376422e-04 -1.123667e-06 4.037616e-05 1.541556e-04 -2.373689e-07 5.034959e-05 -1.651342e-05 -8.862981e-07 -9.973427e-06
7.61           1.384664e-04 1.500032e-06 3.403854e-05 1.548985e-04 2.385923e-06 4.400733e-05 -1.643217e-05 -8.858906e-07 -9.968796e-06
7.62           1.381499e-04 -6.644428e-07 3.255802e-05 1.545011e-04 2.201932e-07 4.252191e-05 -1.635122e-05 -8.846359e-07 -9.963891e-06
7.63           1.415049e-04 -4.887944e-07 2.467783e-05 1.577756e-04 3.944309e-07 3.463571e-05 -1.627062e-05 -8.832253e-07 -9.957875e-06
7.64           1.366529e-04 3.350580e-06 4.059026e-05 1.528420e-04 4.233239e-06 5.054523e-05 -1.618906e-05 -8.826585e-07 -9.954971e-06
7.65           1.295880e-04 -1.255383e-06 3.017591e-05 1.456941e-04 -3.737422e-07 4.012589e-05 -1.610607e-05 -8.816409e-07 -9.949984e-06
7.66           1.270175e-04 1.952178e-07 3.096522e-05 1.430408e-04 1.075968e-06 4.091051e-05 -1.602327e-05 -8.807497e-07 -9.945287e-06
7.67           1.234688e-04 5.612717e-07 3.376110e-05 1.394090e-04 1.440574e-06 4.370298e-05 -1.594013e-05 -8.793021e-07 -9.941879e-06
7.68           1.218179e-04 -3.227402e-06 3.872758e-05 1.376740e-04 -2.349672e-06 4.866737e-05 -1.585602e-05 -8.777301e-07 -9.939788e-06
7.69           1.206383e-04 -3.278089e-06 4.215572e-05 1.364097e-04 -2.402577e-06 5.209436e-05 -1.577141e-05 -8.755123e-07 -9.938640e-06
7.7            1.204949e-04 -2.809501e-07 4.471028e-05 1.361820e-04 5.931105e-07 5.464873e-05 -1.568706e-05 -8.740606e-07 -9.938449e-06
7.71           1.162343e-04 -2.602088e-06 4.882300e-05 1.318364e-04 -1.730359e-06 5.876265e-05 -1.560205e-05 -8.717286e-07 -9.939646e-06
7.72           1.221804e-04 2.626759e-06 4.359775e-05 1.376983e-04 3.497131e-06 5.353817e-05 -1.551797e-05 -8.703716e-07 -9.940425e-06
7.73           1.325656e-04 -1.708391e-06 2.631236e-05 1.480014e-04 -8.398450e-07 3.625057e-05 -1.543578e-05 -8.685459e-07 -9.938208e-06
7.74           1.338086e-04 -4.042914e-06 2.691139e-05 1.491629e-04 -3.177077e-06 3.684794e-05 -1.535424e-05 -8.658370e-07 -9.936550e-06
7.75           1.358828e-04 -1.158190e-07 2.372637e-05 1.511562e-04 7.479523e-07 3.366104e-05 -1.527340e-05 -8.637713e-07 -9.934675e-06
7.76           1.434368e-04 -3.161081e-07 2.215463e-05 1.586318e-04 5.463735e-07 3.208838e-05 -1.519502e-05 -8.624817e-07 -9.933755e-06
7.77           1.493346e-04 -4.499996e-06 3.310284e-05 1.644534e-04 -3.640184e-06 4.303806e-05 -1.511882e-05 -8.598123e-07 -9.935225e-06
7.78           1.306384e-04 -1.765798e-06 2.703686e-05 1.456776e-04 -9.076625e-07 3.697297e-05 -1.503920e-05 -8.581355e-07 -9.936106e-06
7.79           1.297232e-04 -1.668118e-06 2.555222e-05 1.446834e-04 -8.111491e-07 3.548960e-05 -1.496025e-05 -8.569690e-07 -9.937383e-06
7.8            1.233767e-04 1.664759e-06 2.549947e-05 1.382574e-04 2.522117e-06 3.543881e-05 -1.488068e-05 -8.573580e-07 -9.939335e-06
7.81           1.291318e-04 1.383506e-06 1.102640e-05 1.439352e-04 2.240731e-06 2.096566e-05 -1.480345e-05 -8.572258e-07 -9.939261e-06
7.82           1.365391e-04 -3.453519e-06 6.960516e-06 1.512668e-04 -2.597157e-06 1.689902e-05 -1.472770e-05 -8.563623e-07 -9.938503e-06
7.83           1.274922e-04 -2.636350e-06 -1.003085e-06 1.421420e-04 -1.781641e-06 8.933841e-06 -1.464980e-05 -8.547093e-07 -9.936925e-06
7.84           1.158573e-04 -3.121259e-06 7.007893e-06 1.304269e-04 -2.268058e-06 1.694590e-05 -1.456955e-05 -8.532008e-07 -9.938007e-06
7.85           1.099077e-04 -2.686555e-06 1.897789e-05 1.243950e-04 -1.835194e-06 2.891992e-05 -1.448730e-05 -8.513602e-07 -9.942027e-06
7.86           1.054238e-04 -9.640291e-07 2.802301e-05 1.198285e-04 -1.141839e-07 3.797035e-05 -1.440470e-05 -8.498452e-07 -9.947339e-06
7.87           1.064856e-04 -1.755528e-06 3.065939e-05 1.208093e-04 -9.077574e-07 4.061288e-05 -1.432367e-05 -8.477708e-07 -9.953499e-06
7.88           1.045107e-04 -4.582312e-06 2.374064e-05 1.187541e-04 -3.737385e-06 3.370020e-05 -1.424342e-05 -8.449270e-07 -9.959565e-06
7.89           9.982422e-05 -2.371442e-06 1.554347e-05 1.139872e-04 -1.529234e-06 2.550880e-05 -1.416302e-05 -8.422079e-07 -9.965331e-06
7.9            9.937224e-05 2.754567e-06 1.811994e-05 1.134559e-04 3.596163e-06 2.809221e-05 -1.408365e-05 -8.415961e-07 -9.972267e-06
7.91           1.084585e-04 3.750148e-06 1.570460e-05 1.224657e-04 4.590288e-06 2.568546e-05 -1.400719e-05 -8.401401e-07 -9.980859e-06
7.92           1.181048e-04 -5.507691e-06 1.159856e-05 1.320379e-04 -4.670798e-06 2.158878e-05 -1.393310e-05 -8.368939e-07 -9.990216e-06
7.93           1.194174e-04 -4.687923e-06 8.769116e-06 1.332764e-04 -3.853351e-06 1.876955e-05 -1.385902e-05 -8.345722e-07 -1.000043e-05
7.94           1.237549e-04 -2.859966e-06 9.643721e-06 1.375404e-04 -2.027071e-06 1.965408e-05 -1.378544e-05 -8.328950e-07 -1.001036e-05
7.95           1.270799e-04 -3.846773e-06 7.990715e-06 1.407928e-04 -3.015622e-06 1.801111e-05 -1.371293e-05 -8.311511e-07 -1.002039e-05
7.96           1.269455e-04 -7.386709e-06 2.123958e-06 1.405862e-04 -6.557852e-06 1.215397e-05 -1.364072e-05 -8.288568e-07 -1.003001e-05
7.97           1.255091e-04 -2.503950e-06 -4.268147e-06 1.390780e-04 -1.676274e-06 5.769990e-06 -1.356885e-05 -8.276765e-07 -1.003814e-05
7.98           1.210752e-04 -2.908540e-07 -1.129333e-05 1.345723e-04 5.354831e-07 -1.247798e-06 -1.349709e-05 -8.263371e-07 -1.004553e-05
7.99           1.173824e-04 -9.814315e-07 -1.559561e-05 1.308081e-04 -1.566463e-07 -5.542387e-06 -1.342577e-05 -8.247852e-07 -1.005322e-05
8              1.070616e-04 -5.611249e-06 9.914328e-07 1.204151e-04 -4.789043e-06 1.105730e-05 -1.335353e-05 -8.222057e-07 -1.006587e-05
8.01           9.918140e-05 7.016000e-07 -1.524217e-06 1.124623e-04 1.522896e-06 8.554276e-06 -1.328087e-05 -8.212960e-07 -1.007849e-05
8.02           1.025509e-04 -2.917700e-06 1.440121e-05 1.157604e-04 -2.097972e-06 2.449594e-05 -1.320950e-05 -8.197279e-07 -1.009473e-05
8.03           1.080025e-04 -2.534915e-06 1.282443e-05 1.211422e-04 -1.716565e-06 2.293585e-05 -1.313971e-05 -8.183504e-07 -1.011142e-05
8.04           1.066545e-04 -3.094618e-06 -5.597711e-07 1.197249e-04 -2.278091e-06 9.566017e-06 -1.307043e-05 -8.165266e-07 -1.012579e-05
8.05           1.055019e-04 -2.561103e-09 1.934407e-05 1.185033e-04 8.130602e-07 2.948835e-05 -1.300135e-05 -8.156213e-07 -1.014428e-05
8.06           1.038534e-04 6.788768e-06 6.778679e-06 1.167862e-04 7.604854e-06 1.694000e-05 -1.293287e-05 -8.160857e-07 -1.016132e-05
8.07           1.005560e-04 5.135696e-06 2.683085e-05 1.134208e-04 5.951317e-06 3.701371e-05 -1.286479e-05 -8.156209e-07 -1.018286e-05
8.08           1.050201e-04 1.493330e-06 9.678929e-06 1.178179e-04 2.307748e-06 1.988129e-05 -1.279778e-05 -8.144183e-07 -1.020236e-05
8.09           1.045810e-04 -4.462309e-06 3.496710e-05 1.173125e-04 -3.650352e-06 4.519463e-05 -1.273151e-05 -8.119570e-07 -1.022754e-05
8.1            1.046180e-04 -2.497031e-06 2.645114e-05 1.172837e-04 -1.686602e-06 3.670281e-05 -1.266574e-05 -8.104295e-07 -1.025166e-05
8.11           1.047097e-04 -3.452262e-06 9.761735e-06 1.173099e-04 -2.642711e-06 2.003440e-05 -1.260025e-05 -8.095512e-07 -1.027267e-05
8.12           1.006043e-04 -6.799729e-06 3.050412e-05 1.131399e-04 -5.992759e-06 4.080197e-05 -1.253568e-05 -8.069707e-07 -1.029786e-05
8.13           1.023488e-04 -4.858626e-07 1.840930e-05 1.148213e-04 3.206771e-07 2.873256e-05 -1.247256e-05 -8.065397e-07 -1.032326e-05
8.14           9.919750e-05 -1.346519e-06 3.327097e-05 1.116081e-04 -5.410473e-07 4.362194e-05 -1.241057e-05 -8.054713e-07 -1.035097e-05
8.15           9.919872e-05 1.464972e-07 3.063652e-05 1.115483e-04 9.514782e-07 4.101498e-05 -1.234962e-05 -8.049811e-07 -1.037846e-05
8.16           1.016720e-04 2.192068e-06 1.331516e-05 1.139628e-04 2.995202e-06 2.371829e-05 -1.229083e-05 -8.031338e-07 -1.040313e-05
8.17           1.011523e-04 -2.850397e-07 2.919777e-05 1.133837e-04 5.167868e-07 3.963024e-05 -1.223136e-05 -8.018265e-07 -1.043247e-05
8.18           1.027488e-04 -2.192947e-06 1.925445e-05 1.149212e-04 -1.392386e-06 2.971317e-05 -1.217232e-05 -8.005613e-07 -1.045872e-05
8.19           1.015713e-04 -1.478030e-06 1.812820e-05 1.136847e-04 -6.792688e-07 2.861368e-05 -1.211345e-05 -7.987607e-07 -1.048548e-05
8.2            1.003216e-04 -3.077332e-06 1.479743e-05 1.123769e-04 -2.279696e-06 2.530903e-05 -1.205532e-05 -7.976357e-07 -1.051160e-05
8.21           9.801801e-05 -2.708512e-06 1.693559e-05 1.100158e-04 -1.912418e-06 2.747448e-05 -1.199779e-05 -7.960948e-07 -1.053888e-05
8.22           1.001196e-04 -6.003163e-08 6.874907e-06 1.120612e-04 7.349342e-07 1.744004e-05 -1.194156e-05 -7.949658e-07 -1.056513e-05
8.23           9.012111e-05 -2.412730e-06 2.408356e-05 1.020050e-04 -1.619292e-06 3.467902e-05 -1.188392e-05 -7.934378e-07 -1.059547e-05
8.24           9.918160e-05 -5.313052e-06 1.578269e-05 1.110120e-04 -4.521592e-06 2.640729e-05 -1.183041e-05 -7.914601e-07 -1.062460e-05
8.25           1.086316e-04 -9.878651e-06 1.231177e-05 1.204110e-04 -9.089879e-06 2.296542e-05 -1.177936e-05 -7.887717e-07 -1.065365e-05
8.26           1.130921e-04 -3.767883e-06 7.567592e-06 1.248222e-04 -2.980765e-06 1.825002e-05 -1.173019e-05 -7.871183e-07 -1.068243e-05
8.27           1.067234e-04 -1.572281e-06 -1.032741e-06 1.184031e-04 -7.857364e-07 9.677292e-06 -1.167963e-05 -7.865448e-07 -1.071003e-05
8.28           1.047503e-04 1.847787e-06 -3.008932e-06 1.163798e-04 2.632703e-06 7.728671e-06 -1.162950e-05 -7.849155e-07 -1.073760e-05
8.29           1.012941e-04 -2.963422e-06 5.021416e-06 1.128745e-04 -2.180636e-06 1.578895e-05 -1.158040e-05 -7.827856e-07 -1.076753e-05
8.3            1.037719e-04 -3.934922e-06 7.410283e-06 1.153040e-04 -3.154414e-06 1.820878e-05 -1.153213e-05 -7.805082e-07 -1.079850e-05
8.31           1.151904e-04 -3.806358e-06 4.064424e-06 1.266784e-04 -3.027617e-06 1.489615e-05 -1.148795e-05 -7.787418e-07 -1.083172e-05
8.32           1.133111e-04 1.651954e-07 2.967141e-06 1.247557e-04 9.432649e-07 1.383110e-05 -1.144465e-05 -7.780695e-07 -1.086396e-05
8.33           1.072580e-04 -1.843075e-06 -7.683896e-06 1.186587e-04 -1.065683e-06 3.209397e-06 -1.140062e-05 -7.773921e-07 -1.089329e-05
8.34           1.087064e-04 -1.387384e-06 -6.236716e-07 1.200643e-04 -6.110822e-07 1.029885e-05 -1.135789e-05 -7.763015e-07 -1.092252e-05
8.35           1.146822e-04 -4.389277e-07 -5.814127e-06 1.259980e-04 3.362586e-07 5.136303e-06 -1.131579e-05 -7.751862e-07 -1.095043e-05
8.36           1.102995e-04 -4.887116e-06 1.252700e-05 1.215731e-04 -4.114015e-06 2.350828e-05 -1.127353e-05 -7.731009e-07 -1.098128e-05
8.37           1.049230e-04 -2.286455e-06 -9.675033e-06 1.161544e-04 -1.513942e-06 1.333681e-06 -1.123143e-05 -7.725139e-07 -1.100871e-05
8.38           1.004053e-04 -2.577359e-06 1.364500e-05 1.115946e-04 -1.806251e-06 2.468575e-05 -1.118935e-05 -7.711081e-07 -1.104075e-05
8.39           9.367200e-05 -1.252744e-06 -2.365117e-06 1.048200e-04 -4.829289e-07 8.705760e-06 -1.114799e-05 -7.698154e-07 -1.107088e-05
8.4            9.035452e-05 -2.640662e-06 1.848485e-05 1.014596e-04 -1.871902e-06 2.958943e-05 -1.110513e-05 -7.687593e-07 -1.110458e-05
8.41           9.390752e-05 -2.188712e-07 -7.869375e-06 1.049715e-04 5.494587e-07 3.265264e-06 -1.106400e-05 -7.683300e-07 -1.113464e-05
8.42           9.946114e-05 -4.953366e-06 1.087871e-05 1.104861e-04 -4.186423e-06 2.204684e-05 -1.102493e-05 -7.669425e-07 -1.116813e-05
8.43           1.123996e-04 -7.364015e-06 -1.113134e-05 1.233905e-04 -6.599225e-06 6.650623e-08 -1.099096e-05 -7.647898e-07 -1.119785e-05
8.44           1.141151e-04 -6.398011e-06 1.488696e-05 1.250736e-04 -5.634809e-06 2.611908e-05 -1.095849e-05 -7.632014e-07 -1.123212e-05
8.45           1.168965e-04 -6.362790e-06 -4.822414e-06 1.278240e-04 -5.601144e-06 6.439971e-06 -1.092757e-05 -7.616463e-07 -1.126238e-05
8.46           1.072961e-04 -1.434334e-06 1.447136e-05 1.181921e-04 -6.732244e-07 2.576694e-05 -1.089599e-05 -7.611094e-07 -1.129557e-05
8.47           1.011718e-04 7.443512e-07 -1.046781e-05 1.120351e-04 1.505602e-06 8.573192e-07 -1.086330e-05 -7.612504e-07 -1.132513e-05
8.48           9.841279e-05 -2.130535e-06 -3.256184e-06 1.092434e-04 -1.370161e-06 8.100418e-06 -1.083062e-05 -7.603745e-07 -1.135660e-05
8.49           1.045249e-04 -2.701047e-06 9.178841e-06 1.153257e-04 -1.941536e-06 2.056982e-05 -1.080073e-05 -7.595101e-07 -1.139098e-05
8.5            1.060546e-04 -1.585352e-06 -1.212316e-05 1.168254e-04 -8.266448e-07 -7.027255e-07 -1.077086e-05 -7.587073e-07 -1.142043e-05
8.51           1.042154e-04 -5.095096e-06 1.618112e-05 1.149580e-04 -4.337954e-06 2.763634e-05 -1.074262e-05 -7.571423e-07 -1.145522e-05
8.52           1.055043e-04 -1.484895e-06 -4.921378e-06 1.162197e-04 -7.282689e-07 6.564377e-06 -1.071544e-05 -7.566263e-07 -1.148576e-05
8.53           1.050259e-04 -2.625807e-06 6.221879e-06 1.157146e-04 -1.870165e-06 1.773988e-05 -1.068872e-05 -7.556419e-07 -1.151800e-05
8.54           1.040783e-04 -2.616550e-06 7.712189e-06 1.147404e-04 -1.861756e-06 1.926262e-05 -1.066219e-05 -7.547945e-07 -1.155043e-05
8.55           1.080665e-04 -4.617833e-06 5.520818e-06 1.187032e-04 -3.864264e-06 1.710331e-05 -1.063674e-05 -7.535686e-07 -1.158249e-05
8.56           1.128828e-04 -1.485752e-06 2.175163e-06 1.234967e-04 -7.326641e-07 1.378846e-05 -1.061398e-05 -7.530882e-07 -1.161330e-05
8.57           1.128597e-04 -2.378613e-06 1.763370e-06 1.234523e-04 -1.626159e-06 1.340672e-05 -1.059265e-05 -7.524535e-07 -1.164335e-05
8.58           1.119086e-04 -1.975802e-06 6.463776e-07 1.224822e-04 -1.224448e-06 1.231799e-05 -1.057363e-05 -7.513537e-07 -1.167162e-05
8.59           1.103697e-04 2.357628e-07 -7.423491e-07 1.209225e-04 9.866562e-07 1.095677e-05 -1.055284e-05 -7.508934e-07 -1.169912e-05
8.6            1.093812e-04 1.336211e-06 -4.080374e-06 1.199137e-04 2.087242e-06 7.645580e-06 -1.053249e-05 -7.510301e-07 -1.172595e-05
8.61           1.094523e-04 -1.515462e-06 -5.107354e-06 1.199651e-04 -7.647393e-07 6.645255e-06 -1.051285e-05 -7.507224e-07 -1.175261e-05
8.62           1.130807e-04 4.510304e-07 -4.147968e-06 1.235763e-04 1.201947e-06 7.632254e-06 -1.049564e-05 -7.509165e-07 -1.178022e-05
8.63           1.142002e-04 -2.938343e-06 -4.513839e-06 1.246798e-04 -2.188199e-06 7.295128e-06 -1.047957e-05 -7.501431e-07 -1.180897e-05
8.64           1.154062e-04 -1.970273e-07 -5.611098e-06 1.258708e-04 5.527157e-07 6.227041e-06 -1.046460e-05 -7.497430e-07 -1.183814e-05
8.65           1.178104e-04 -1.846519e-06 -1.365045e-05 1.282615e-04 -1.097175e-06 -1.785460e-06 -1.045107e-05 -7.493440e-07 -1.186499e-05
8.66           1.170165e-04 -6.256030e-06 -9.234933e-06 1.274552e-04 -5.507547e-06 2.656509e-06 -1.043870e-05 -7.484828e-07 -1.189144e-05
8.67           1.163404e-04 -5.970623e-06 -4.406670e-06 1.267663e-04 -5.223822e-06 7.511867e-06 -1.042594e-05 -7.468012e-07 -1.191854e-05
8.68           1.147646e-04 -5.094034e-06 -3.111520e-06 1.251772e-04 -4.348229e-06 8.834048e-06 -1.041262e-05 -7.458050e-07 -1.194557e-05
8.69           1.150638e-04 -2.126008e-06 -1.210031e-06 1.254634e-04 -1.380081e-06 1.076251e-05 -1.039957e-05 -7.459271e-07 -1.197254e-05
8.7            1.146738e-04 -6.742133e-06 -3.938890e-07 1.250611e-04 -5.997226e-06 1.160457e-05 -1.038729e-05 -7.449073e-07 -1.199846e-05
8.71           1.091383e-04 -9.688814e-07 3.902451e-06 1.195133e-04 -2.236433e-07 1.592702e-05 -1.037504e-05 -7.452380e-07 -1.202457e-05
8.72           1.136431e-04 -2.709211e-07 5.133216e-06 1.240071e-04 4.746771e-07 1.718388e-05 -1.036398e-05 -7.455982e-07 -1.205067e-05
8.73           1.160587e-04 4.631822e-07 3.792223e-06 1.264124e-04 1.209663e-06 1.586842e-05 -1.035370e-05 -7.464808e-07 -1.207620e-05
8.74           1.154084e-04 1.017532e-06 3.632854e-06 1.257501e-04 1.764633e-06 1.573383e-05 -1.034161e-05 -7.471004e-07 -1.210098e-05
8.75           1.155901e-04 7.222045e-06 2.880252e-06 1.259175e-04 7.970612e-06 1.500457e-05 -1.032737e-05 -7.485674e-07 -1.212432e-05
8.76           1.116958e-04 1.027118e-05 7.715630e-07 1.220085e-04 1.102170e-05 1.291880e-05 -1.031272e-05 -7.505217e-07 -1.214724e-05
8.77           1.093531e-04 4.043169e-06 1.444791e-06 1.196511e-04 4.793993e-06 1.361381e-05 -1.029798e-05 -7.508240e-07 -1.216902e-05
8.78           1.089690e-04 2.743824e-06 4.153494e-07 1.192532e-04 3.494669e-06 1.260644e-05 -1.028414e-05 -7.508448e-07 -1.219109e-05
8.79           1.137579e-04 -6.923317e-07 3.513634e-06 1.240339e-04 5.734522e-08 1.572845e-05 -1.027598e-05 -7.496770e-07 -1.221482e-05
8.8            1.159856e-04 -1.501922e-06 1.895649e-06 1.262546e-04 -7.530606e-07 1.413562e-05 -1.026900e-05 -7.488612e-07 -1.223998e-05
8.81           1.194451e-04 -5.769047e-06 -2.501873e-06 1.297081e-04 -5.020852e-06 9.761909e-06 -1.026301e-05 -7.481954e-07 -1.226378e-05
8.82           1.161628e-04 -2.216407e-06 -6.669143e-06 1.264202e-04 -1.467649e-06 5.614307e-06 -1.025737e-05 -7.487581e-07 -1.228345e-05
8.83           1.114458e-04 -3.763922e-06 -1.212498e-05 1.216973e-04 -3.015365e-06 1.758023e-07 -1.025149e-05 -7.485576e-07 -1.230078e-05
8.84           1.076044e-04 -5.820920e-06 -4.735941e-06 1.178507e-04 -5.073183e-06 7.582739e-06 -1.024638e-05 -7.477370e-07 -1.231868e-05
8.85           1.061901e-04 -4.837393e-06 5.955679e-08 1.164315e-04 -4.089706e-06 1.239679e-05 -1.024142e-05 -7.476873e-07 -1.233723e-05
8.86           1.077246e-04 1.556724e-06 -6.614985e-07 1.179614e-04 2.305874e-06 1.169336e-05 -1.023681e-05 -7.491505e-07 -1.235485e-05
8.87           1.072812e-04 6.185662e-07 -1.117842e-06 1.175141e-04 1.368736e-06 1.125484e-05 -1.023284e-05 -7.501697e-07 -1.237269e-05
8.88           1.055490e-04 -1.130598e-06 -1.479253e-06 1.157779e-04 -3.798414e-07 1.091070e-05 -1.022888e-05 -7.507566e-07 -1.238995e-05
8.89           1.220467e-04 3.547481e-08 -1.663613e-07 1.322751e-04 7.861656e-07 1.224114e-05 -1.022836e-05 -7.506908e-07 -1.240750e-05
8.9            1.233997e-04 -1.969127e-06 3.074625e-06 1.336288e-04 -1.217980e-06 1.549909e-05 -1.022907e-05 -7.511471e-07 -1.242447e-05
8.91           1.175059e-04 -1.584140e-06 7.540165e-06 1.277343e-04 -8.326960e-07 1.998172e-05 -1.022844e-05 -7.514437e-07 -1.244155e-05
8.92           1.148903e-04 -2.215627e-07 6.357803e-06 1.251163e-04 5.301188e-07 1.881608e-05 -1.022600e-05 -7.516814e-07 -1.245828e-05
8.93           1.177523e-04 -2.968788e-06 4.299968e-06 1.279761e-04 -2.217031e-06 1.677365e-05 -1.022385e-05 -7.517571e-07 -1.247368e-05
8.94           1.108130e-04 -1.771012e-06 3.543446e-06 1.210334e-04 -1.018628e-06 1.603136e-05 -1.022043e-05 -7.523832e-07 -1.248792e-05
8.95           1.092932e-04 -1.903061e-06 2.007146e-06 1.195107e-04 -1.150094e-06 1.450845e-05 -1.021746e-05 -7.529672e-07 -1.250130e-05
8.96           1.086193e-04 2.293690e-06 -1.460098e-06 1.188344e-04 3.047611e-06 1.105245e-05 -1.021515e-05 -7.539209e-07 -1.251255e-05
8.97           1.073754e-04 -3.539508e-06 -1.026306e-06 1.175884e-04 -2.785528e-06 1.149642e-05 -1.021304e-05 -7.539807e-07 -1.252272e-05
8.98           1.077436e-04 -2.906995e-07 -5.622546e-06 1.179548e-04 4.640351e-07 6.908740e-06 -1.021120e-05 -7.547345e-07 -1.253129e-05
8.99           1.051092e-04 -3.736477e-06 -5.119815e-06 1.153179e-04 -2.981928e-06 7.419457e-06 -1.020869e-05 -7.545494e-07 -1.253927e-05
9              1.027789e-04 1.455876e-06 -1.682077e-06 1.129830e-04 2.211750e-06 1.086524e-05 -1.020406e-05 -7.558741e-07 -1.254731e-05
9.01           1.032493e-04 1.096964e-06 2.079480e-06 1.134498e-04 1.854326e-06 1.463517e-05 -1.020050e-05 -7.573622e-07 -1.255569e-05
9.02           1.068010e-04 3.808753e-06 3.339086e-06 1.169995e-04 4.568322e-06 1.590332e-05 -1.019848e-05 -7.595686e-07 -1.256424e-05
9.03           1.090628e-04 4.218695e-07 -5.381401e-06 1.192598e-04 1.183103e-06 7.189202e-06 -1.019703e-05 -7.612336e-07 -1.257060e-05
9.04           1.121650e-04 -5.657174e-06 -6.525029e-06 1.223612e-04 -4.895814e-06 6.050805e-06 -1.019623e-05 -7.613595e-07 -1.257583e-05
9.05           1.122685e-04 -4.955271e-06 -9.546296e-06 1.224633e-04 -4.193506e-06 3.034011e-06 -1.019483e-05 -7.617645e-07 -1.258031e-05
9.06           1.122088e-04 -7.303764e-06 -9.507702e-06 1.224027e-04 -6.541997e-06 3.076385e-06 -1.019391e-05 -7.617676e-07 -1.258409e-05
9.07           1.123562e-04 -2.858619e-06 -9.598398e-06 1.225503e-04 -2.096049e-06 2.988067e-06 -1.019415e-05 -7.625697e-07 -1.258647e-05
9.08           1.129630e-04 -1.066673e-06 -6.513759e-06 1.231591e-04 -3.030026e-07 6.074822e-06 -1.019606e-05 -7.636704e-07 -1.258858e-05
9.09           1.146989e-04 -3.286651e-06 -8.549748e-06 1.248971e-04 -2.522606e-06 4.040024e-06 -1.019827e-05 -7.640451e-07 -1.258977e-05
9.1            1.168721e-04 -4.991366e-06 -6.473771e-06 1.270727e-04 -4.226619e-06 6.115550e-06 -1.020052e-05 -7.647468e-07 -1.258932e-05
9.11           1.208977e-04 -1.029829e-06 -7.324528e-07 1.311008e-04 -2.638372e-07 1.185711e-05 -1.020311e-05 -7.659914e-07 -1.258956e-05
9.12           1.167868e-04 -2.520326e-06 1.947699e-06 1.269921e-04 -1.752565e-06 1.453782e-05 -1.020522e-05 -7.677612e-07 -1.259012e-05
9.13           1.152032e-04 -3.747584e-07 1.033590e-06 1.254102e-04 3.949781e-07 1.362368e-05 -1.020698e-05 -7.697365e-07 -1.259009e-05
9.14           1.086783e-04 -3.673184e-06 2.988100e-06 1.188851e-04 -2.902455e-06 1.557805e-05 -1.020683e-05 -7.707293e-07 -1.258995e-05
9.15           1.105341e-04 -3.430922e-06 4.704679e-06 1.207411e-04 -2.659050e-06 1.729392e-05 -1.020698e-05 -7.718722e-07 -1.258924e-05
9.16           1.161755e-04 -1.473762e-06 4.777486e-06 1.263832e-04 -7.002661e-07 1.736479e-05 -1.020777e-05 -7.734954e-07 -1.258730e-05
9.17           1.134717e-04 3.832803e-06 3.557434e-06 1.236794e-04 4.608716e-06 1.614144e-05 -1.020764e-05 -7.759131e-07 -1.258400e-05
9.18           1.128398e-04 -1.508354e-06 -6.395411e-07 1.230459e-04 -7.309426e-07 1.193949e-05 -1.020605e-05 -7.774119e-07 -1.257903e-05
9.19           9.942246e-05 8.319664e-07 -4.011618e-06 1.096241e-04 1.611172e-06 8.560466e-06 -1.020166e-05 -7.792052e-07 -1.257208e-05
9.2            1.007192e-04 1.029149e-06 -5.185107e-06 1.109162e-04 1.810289e-06 7.378955e-06 -1.019708e-05 -7.811402e-07 -1.256406e-05
9.21           1.004902e-04 2.050777e-06 -1.530983e-06 1.106818e-04 2.834091e-06 1.102453e-05 -1.019159e-05 -7.833144e-07 -1.255551e-05
9.22           1.075033e-04 3.003736e-07 1.348153e-06 1.176908e-04 1.085901e-06 1.389571e-05 -1.018743e-05 -7.855274e-07 -1.254756e-05
9.23           1.080913e-04 -9.873810e-07 9.327954e-06 1.182740e-04 -2.001502e-07 2.186904e-05 -1.018268e-05 -7.872308e-07 -1.254108e-05
9.24           1.076106e-04 -2.667981e-06 9.048846e-06 1.177875e-04 -1.879146e-06 2.158317e-05 -1.017690e-05 -7.888350e-07 -1.253432e-05
9.25           1.090734e-04 -8.313921e-06 1.046156e-05 1.192446e-04 -7.524664e-06 2.298762e-05 -1.017124e-05 -7.892564e-07 -1.252606e-05
9.26           1.074624e-04 -7.726024e-06 7.782522e-06 1.176282e-04 -6.936760e-06 2.029971e-05 -1.016585e-05 -7.892636e-07 -1.251719e-05
9.27           1.036616e-04 -1.801959e-06 5.668851e-06 1.138215e-04 -1.010829e-06 1.817726e-05 -1.015991e-05 -7.911308e-07 -1.250841e-05
9.28           9.999868e-05 3.200753e-06 4.308778e-06 1.101519e-04 3.994590e-06 1.680800e-05 -1.015323e-05 -7.938367e-07 -1.249922e-05
9.29           9.621125e-05 7.476297e-07 4.729114e-06 1.063563e-04 1.543791e-06 1.721867e-05 -1.014507e-05 -7.961617e-07 -1.248956e-05
9.3            9.578786e-05 -1.629011e-06 5.523353e-06 1.059252e-04 -8.310670e-07 1.800204e-05 -1.013731e-05 -7.979443e-07 -1.247869e-05
9.31           9.343807e-05 -2.861796e-06 4.192120e-06 1.035663e-04 -2.061846e-06 1.665930e-05 -1.012819e-05 -7.999496e-07 -1.246718e-05
9.32           9.656943e-05 -1.176046e-06 -1.635026e-06 1.066893e-04 -3.743254e-07 1.081960e-05 -1.011991e-05 -8.017210e-07 -1.245462e-05
9.33           9.656135e-05 9.399040e-06 -5.783231e-06 1.066726e-04 1.020498e-05 6.658189e-06 -1.011129e-05 -8.059430e-07 -1.244142e-05
9.34           9.513719e-05 8.939324e-06 -4.836791e-06 1.052396e-04 9.749277e-06 7.592158e-06 -1.010242e-05 -8.099537e-07 -1.242895e-05
9.35           9.149126e-05 4.554024e-06 -6.473763e-06 1.015829e-04 5.367155e-06 5.942914e-06 -1.009161e-05 -8.131311e-07 -1.241668e-05
9.36           8.980831e-05 9.957032e-08 -5.945649e-06 9.988852e-05 9.145017e-07 6.458155e-06 -1.008020e-05 -8.149313e-07 -1.240380e-05
9.37           9.591488e-05 -3.322110e-06 -6.621973e-06 1.059849e-04 -2.505842e-06 5.768884e-06 -1.007007e-05 -8.162677e-07 -1.239086e-05
9.38           1.000033e-04 -4.232590e-06 -1.843895e-06 1.100636e-04 -3.414749e-06 1.053465e-05 -1.006027e-05 -8.178409e-07 -1.237854e-05
9.39           1.020048e-04 -3.585362e-06 -3.953572e-07 1.120559e-04 -2.765732e-06 1.197017e-05 -1.005112e-05 -8.196301e-07 -1.236552e-05
9.4            1.043676e-04 5.993496e-06 2.431301e-06 1.144103e-04 6.816869e-06 1.478405e-05 -1.004269e-05 -8.233739e-07 -1.235274e-05
9.41           1.066013e-04 6.165126e-06 -4.796740e-06 1.166362e-04 6.991913e-06 7.541523e-06 -1.003490e-05 -8.267866e-07 -1.233826e-05
9.42           9.998323e-05 -1.135063e-06 -4.606465e-08 1.100083e-04 -3.064424e-07 1.227781e-05 -1.002509e-05 -8.286210e-07 -1.232387e-05
9.43           1.030131e-04 -1.593295e-06 6.728581e-06 1.130287e-04 -7.633254e-07 1.903900e-05 -1.001562e-05 -8.299701e-07 -1.231042e-05
9.44           1.136401e-04 -2.160718e-06 2.300494e-06 1.236478e-04 -1.328824e-06 1.459538e-05 -1.000767e-05 -8.318942e-07 -1.229488e-05
9.45           1.102454e-04 1.345995e-06 2.457824e-06 1.202437e-04 2.180026e-06 1.473615e-05 -9.998284e-06 -8.340315e-07 -1.227833e-05
9.46           1.089113e-04 -6.970584e-07 3.356616e-06 1.188985e-04 1.385179e-07 1.561812e-05 -9.987193e-06 -8.355763e-07 -1.226151e-05
9.47           1.093239e-04 -1.530298e-06 7.171251e-07 1.192978e-04 -6.928018e-07 1.296115e-05 -9.973962e-06 -8.374961e-07 -1.224403e-05
9.48           1.057963e-04 1.883851e-06 -1.328822e-06 1.157559e-04 2.723963e-06 1.089785e-05 -9.959669e-06 -8.401126e-07 -1.222668e-05
9.49           1.063912e-04 1.214310e-06 7.423251e-07 1.163363e-04 2.056765e-06 1.295168e-05 -9.945161e-06 -8.424544e-07 -1.220935e-05
9.5            1.078571e-04 -1.408918e-06 -2.121482e-06 1.177873e-04 -5.645224e-07 1.006993e-05 -9.930188e-06 -8.443956e-07 -1.219141e-05
9.51           1.055660e-04 -2.800091e-08 -3.716100e-06 1.154793e-04 8.185335e-07 8.456714e-06 -9.913317e-06 -8.465344e-07 -1.217281e-05
9.52           1.050912e-04 2.844816e-06 1.734516e-06 1.149865e-04 3.694551e-06 1.388953e-05 -9.895329e-06 -8.497347e-07 -1.215502e-05
9.53           1.043998e-04 2.397313e-06 7.483594e-06 1.142766e-04 3.250070e-06 1.962229e-05 -9.876818e-06 -8.527565e-07 -1.213869e-05
9.54           1.066015e-04 -4.741612e-07 7.881792e-06 1.164608e-04 3.808473e-07 2.000395e-05 -9.859325e-06 -8.550085e-07 -1.212215e-05
9.55           1.091461e-04 -1.215222e-06 4.107819e-06 1.189886e-04 -3.580208e-07 1.621298e-05 -9.842522e-06 -8.572007e-07 -1.210516e-05
9.56           1.082170e-04 1.668377e-06 3.633983e-06 1.180418e-04 2.528353e-06 1.572249e-05 -9.824755e-06 -8.599761e-07 -1.208851e-05
9.57           1.013392e-04 -8.350860e-07 2.750556e-06 1.111450e-04 2.658920e-08 1.482211e-05 -9.805796e-06 -8.616752e-07 -1.207155e-05
9.58           1.018412e-04 2.554958e-06 1.348132e-06 1.116279e-04 3.419553e-06 1.340186e-05 -9.786697e-06 -8.645947e-07 -1.205373e-05
9.59           1.037353e-04 1.422632e-06 4.557463e-06 1.135010e-04 2.290172e-06 1.659379e-05 -9.765638e-06 -8.675402e-07 -1.203632e-05
9.6            1.007618e-04 1.806156e-06 3.146399e-06 1.105029e-04 2.676225e-06 1.516547e-05 -9.741166e-06 -8.700694e-07 -1.201907e-05
9.61           1.055268e-04 1.775770e-06 8.895610e-08 1.152438e-04 2.648194e-06 1.209026e-05 -9.717007e-06 -8.724242e-07 -1.200131e-05
9.62           1.080640e-04 1.475258e-06 2.729145e-06 1.177582e-04 2.350604e-06 1.471199e-05 -9.694144e-06 -8.753455e-07 -1.198285e-05
9.63           9.186906e-05 -2.427980e-06 4.417671e-06 1.015378e-04 -1.550761e-06 1.638261e-05 -9.668753e-06 -8.772190e-07 -1.196494e-05
9.64           8.773359e-05 -9.170295e-08 1.831796e-06 9.737652e-05 7.878400e-07 1.377854e-05 -9.642928e-06 -8.795429e-07 -1.194674e-05
9.65           8.440655e-05 1.817109e-06 6.353586e-07 9.402146e-05 2.700038e-06 1.256339e-05 -9.614909e-06 -8.829290e-07 -1.192803e-05
9.66           8.471548e-05 8.491294e-07 2.166452e-06 9.430207e-05 1.734984e-06 1.407666e-05 -9.586585e-06 -8.858550e-07 -1.191021e-05
9.67           8.572401e-05 2.631691e-06 3.504469e-06 9.528207e-05 3.520717e-06 1.539574e-05 -9.558060e-06 -8.890264e-07 -1.189128e-05
9.68           8.155338e-05 -1.524069e-06 5.799548e-06 9.108230e-05 -6.326894e-07 1.767149e-05 -9.528911e-06 -8.913795e-07 -1.187194e-05
9.69           8.819532e-05 -9.360809e-07 -6.468503e-06 9.769604e-05 -4.237675e-08 5.381385e-06 -9.500719e-06 -8.937042e-07 -1.184989e-05
9.7            9.261500e-05 9.589955e-07 -1.190204e-05 1.020875e-04 1.856022e-06 -7.606265e-08 -9.472455e-06 -8.970262e-07 -1.182598e-05
9.71           8.839330e-05 -1.229095e-06 -1.356700e-05 9.783634e-05 -3.298011e-07 -1.765345e-06 -9.443041e-06 -8.992936e-07 -1.180166e-05
9.72           8.869713e-05 1.858909e-06 -1.232974e-05 9.811071e-05 2.760733e-06 -5.521429e-07 -9.413577e-06 -9.018235e-07 -1.177760e-05
9.73           9.170722e-05 1.444175e-07 -1.280482e-05 1.010900e-04 1.047825e-06 -1.051245e-06 -9.382813e-06 -9.034078e-07 -1.175357e-05
9.74           9.203336e-05 -1.319792e-07 -1.061112e-05 1.013850e-04 7.738012e-07 1.119735e-06 -9.351649e-06 -9.057805e-07 -1.173085e-05
9.75           9.188188e-05 -6.217384e-07 -1.126993e-05 1.012012e-04 2.859180e-07 4.375667e-07 -9.319284e-06 -9.076564e-07 -1.170750e-05
9.76           9.262663e-05 8.214202e-07 -8.881409e-06 1.019124e-04 1.731089e-06 2.803308e-06 -9.285750e-06 -9.096690e-07 -1.168472e-05
9.77           8.868053e-05 2.022247e-06 -4.991857e-06 9.793162e-05 2.933789e-06 6.670814e-06 -9.251084e-06 -9.115421e-07 -1.166267e-05
9.78           8.687888e-05 -1.193860e-06 -4.368202e-06 9.609466e-05 -2.804578e-07 7.272906e-06 -9.215776e-06 -9.134023e-07 -1.164111e-05
9.79           8.859724e-05 -3.059441e-07 -2.414730e-06 9.777737e-05 6.093107e-07 9.205999e-06 -9.180129e-06 -9.152547e-07 -1.162073e-05
9.8            8.796835e-05 -1.609617e-06 -4.154172e-06 9.711323e-05 -6.923561e-07 7.446248e-06 -9.144872e-06 -9.172608e-07 -1.160042e-05
9.81           8.958989e-05 -8.051569e-07 -1.218384e-06 9.869995e-05 1.143818e-07 1.036239e-05 -9.110057e-06 -9.195387e-07 -1.158078e-05
9.82           8.839206e-05 -4.638250e-06 -4.192653e-07 9.746618e-05 -3.717141e-06 1.114157e-05 -9.074117e-06 -9.211092e-07 -1.156084e-05
9.83           8.284249e-05 -5.315849e-06 -1.811260e-06 9.187876e-05 -4.393282e-06 9.728678e-06 -9.036267e-06 -9.225671e-07 -1.153994e-05
9.84           8.256313e-05 -5.911254e-06 3.218769e-07 9.156001e-05 -4.986798e-06 1.184255e-05 -8.996882e-06 -9.244558e-07 -1.152067e-05
9.85           7.874373e-05 -2.172602e-06 7.532604e-07 8.770029e-05 -1.247053e-06 1.225596e-05 -8.956559e-06 -9.255489e-07 -1.150270e-05
9.86           7.178284e-05 -3.830606e-07 3.185573e-06 8.069744e-05 5.438891e-07 1.466908e-05 -8.914602e-06 -9.269496e-07 -1.148351e-05
9.87           7.208341e-05 -8.296210e-07 3.857289e-06 8.095564e-05 9.878943e-08 1.532116e-05 -8.872235e-06 -9.284105e-07 -1.146387e-05
9.88           7.455370e-05 1.136837e-06 3.325946e-06 8.338308e-05 2.067862e-06 1.476923e-05 -8.829378e-06 -9.310248e-07 -1.144329e-05
9.89           7.726434e-05 -1.331882e-06 5.948520e-06 8.605142e-05 -3.993456e-07 1.737098e-05 -8.787076e-06 -9.325365e-07 -1.142246e-05
9.9            8.110000e-05 -2.752076e-06 3.236424e-06 8.984566e-05 -1.817642e-06 1.463729e-05 -8.745655e-06 -9.344341e-07 -1.140087e-05
9.91           8.358307e-05 -3.081522e-06 6.605241e-06 9.228752e-05 -2.145275e-06 1.798595e-05 -8.704459e-06 -9.362467e-07 -1.138071e-05
9.92           8.856813e-05 1.788428e-06 4.980751e-06 9.723194e-05 2.727378e-06 1.634057e-05 -8.663805e-06 -9.389497e-07 -1.135982e-05
9.93           9.193222e-05 1.214688e-06 4.482623e-06 1.005568e-04 2.155730e-06 1.582187e-05 -8.624544e-06 -9.410415e-07 -1.133925e-05
9.94           8.496963e-05 1.546573e-06 3.554251e-06 9.355224e-05 2.489651e-06 1.487251e-05 -8.582617e-06 -9.430781e-07 -1.131826e-05
9.95           8.492052e-05 -1.269727e-06 1.084448e-05 9.346052e-05 -3.246055e-07 2.214327e-05 -8.539999e-06 -9.451218e-07 -1.129879e-05
9.96           7.670082e-05 -5.730098e-07 2.121903e-05 8.519500e-05 3.740076e-07 3.250042e-05 -8.494178e-06 -9.470174e-07 -1.128140e-05
9.97           7.072753e-05 2.117654e-06 2.565610e-05 7.917411e-05 3.066200e-06 3.692025e-05 -8.446575e-06 -9.485464e-07 -1.126414e-05
9.98           7.011000e-05 -1.758571e-06 2.343246e-05 7.850798e-05 -8.081660e-07 3.467861e-05 -8.397980e-06 -9.504052e-07 -1.124615e-05
9.99           7.249276e-05 -3.513599e-06 1.898783e-05 8.084324e-05 -2.561914e-06 3.021379e-05 -8.350476e-06 -9.516846e-07 -1.122596e-05
10             7.272386e-05 -3.430860e-06 1.298754e-05 8.102693e-05 -2.477843e-06 2.419285e-05 -8.303064e-06 -9.530176e-07 -1.120532e-05
