/*--------------------------------*- C++ -*----------------------------------*\
| =========                 |                                                 |
| \\      /  F ield         | OpenFOAM: The Open Source CFD Toolbox           |
|  \\    /   O peration     | Version:  2412                                  |
|   \\  /    A nd           | Website:  www.openfoam.com                      |
|    \\/     M anipulation  |                                                 |
\*---------------------------------------------------------------------------*/
FoamFile
{
    version     2.0;
    format      ascii;
    arch        "LSB;label=32;scalar=64";
    class       volScalarField;
    location    "8";
    object      p;
}
// * * * * * * * * * * * * * * * * * * * * * * * * * * * * * * * * * * * * * //

dimensions      [0 2 -2 0 0 0 0];

internalField   nonuniform List<scalar> 
76471
(
5.00339e-05
-0.0426916
-0.0444774
-0.0436613
-0.0436342
-0.0436556
-0.040309
-0.0421435
-0.0435967
-0.0437131
-0.0431902
-0.0430378
-0.00955966
-0.0433634
-0.043708
-0.0443071
-0.0437904
-0.0387794
0.00646669
-0.0423098
-0.0435915
-0.0436603
-0.0441489
-0.0456181
-0.0397701
-0.0436606
-0.0436387
-0.0435985
-0.0378485
-0.0404609
-0.0422324
-0.0439703
-0.0437167
-0.0436927
-0.04373
-0.0442686
-0.0435187
-0.0438454
-0.0438709
-0.0437552
-0.0439084
-0.0439619
-0.0435874
-0.0447265
-0.0439504
-0.0438527
-0.0438243
-0.0438023
-0.0446662
-0.0435248
0.00454352
-0.0441941
-0.0448434
-0.0438525
-0.0438239
-0.0438621
-0.0453003
-0.0425466
-0.0446455
-0.0439882
-0.0438957
-0.0438683
-0.0439947
-0.0446007
-0.0438475
-0.0434824
-0.0437892
-0.0437994
-0.0437717
-0.043828
-0.0438871
-0.0434936
-0.0448753
-0.043724
-0.04368
-0.0437232
-0.0440979
-0.0437019
-0.0437539
-0.0437047
-0.043751
-0.0438994
-0.0438454
-0.0438672
-0.0438301
-0.0437798
-0.0437496
-0.0437181
-0.0444409
-0.043952
-0.043976
-0.0438718
-0.0436079
-0.0437993
-0.0437046
-0.0437863
-0.0435762
-0.0431795
-0.0440139
-0.044028
-0.0438563
-0.0437784
-0.0438122
-0.0438442
-0.0439273
-0.0436717
-0.0377499
-0.0421136
-0.0441857
-0.0438565
-0.0437796
-0.0438129
-0.0438491
-0.0440796
-0.0448241
-0.0374878
-0.0461405
-0.0440769
-0.0438722
-0.0436108
-0.0438024
-0.0437097
-0.0439874
-0.0439668
-0.0383203
-0.0404663
-0.0438556
-0.0438854
-0.0439167
-0.0439042
-0.0437416
-0.0437747
-0.0435428
-0.0357155
-0.0439229
-0.0438859
-0.0438508
-0.0437784
-0.0437765
-0.0437046
-0.0444225
-0.0421034
-0.0434918
-0.0437103
-0.0435765
-0.0419008
-0.0437338
-0.0437361
-0.0437314
-0.0436698
-0.0435857
-0.0437166
-0.043882
-0.0437685
-0.0436834
-0.043822
-0.0437236
-0.0436483
-0.0436491
-0.0438176
-0.0438965
-0.0436195
-0.0437716
-0.0436536
-0.0437512
-0.0436346
-0.0433428
-0.0426148
-0.0436595
-0.0437744
-0.0436942
-0.0436951
-0.0437434
-0.0436326
-0.04375
-0.0434022
-0.0435309
-0.0436594
-0.043775
-0.0436952
-0.0436978
-0.0437468
-0.0436457
-0.0438401
-0.0436284
-0.0435602
-0.0438497
-0.0438983
-0.0436205
-0.0437726
-0.0436529
-0.043726
-0.0436797
-0.0438835
-0.0436174
-0.0438989
-0.0437788
-0.0437718
-0.0436901
-0.0437357
-0.0437697
-0.0435776
-0.0431299
-0.0436478
-0.0438385
-0.0438391
-0.0437695
-0.0438327
-0.0436495
-0.0435796
-0.043579
-0.0437162
-0.0436702
-0.0436475
-0.0434527
-0.04349
-0.0425536
-0.0436379
-0.043786
-0.0436978
-0.0436909
-0.0436393
-0.0417814
-0.0427415
-0.0436752
-0.0438582
-0.0437596
-0.0436724
-0.0437296
-0.0436814
-0.0436181
-0.043741
-0.0437586
-0.0438676
-0.04361
-0.0437703
-0.0436477
-0.0437206
-0.043566
-0.0433149
-0.0436693
-0.0436684
-0.0437779
-0.0436776
-0.0437012
-0.0437491
-0.0436202
-0.0434388
-0.042711
-0.000152258
-0.0442707
-0.0436683
-0.0437779
-0.0436793
-0.0437031
-0.0437525
-0.0436229
-0.0437829
-0.0443404
-0.0437766
-0.0437141
-0.0438691
-0.0436123
-0.0437705
-0.0436443
-0.0436524
-0.0435594
-0.0433269
-0.0437046
-0.0438035
-0.0436932
-0.04376
-0.0436769
-0.043713
-0.0437225
-0.0434987
-0.0433039
-0.0410199
-0.0437044
-0.0438274
-0.0438259
-0.0436595
-0.0437699
-0.043621
-0.0436345
-0.0435872
-0.0436772
-0.043609
-0.0436352
-0.0436432
-0.0436603
-0.0437279
-0.0437205
-0.0437005
-0.0437829
-0.0437256
-0.0438463
-0.043868
-0.0437847
-0.0438147
-0.0437703
-0.0437231
-0.0436561
-0.0437442
-0.0438523
-0.0435817
-0.0438024
-0.0436984
-0.0437944
-0.0436365
-0.0431961
-0.0436365
-0.0439189
-0.0438419
-0.0437821
-0.0438256
-0.0438767
-0.0438715
-0.0431807
-0.0431345
-0.0448431
-0.0441546
-0.0438419
-0.0437842
-0.0438273
-0.0438775
-0.0438906
-0.0429209
-0.0427623
-0.0433421
-0.0438253
-0.0438534
-0.0435835
-0.0438082
-0.0437006
-0.0438992
-0.0437213
-0.0454463
-0.0437146
-0.0437628
-0.0437671
-0.0437621
-0.0437832
-0.0437128
-0.0438198
-0.043657
-0.0433855
-0.0436897
-0.0437531
-0.0438668
-0.043757
-0.0438496
-0.0437207
-0.0436558
-0.0437509
-0.0437096
-0.0436863
-0.0436716
-0.0435433
-0.0437546
-0.0436135
-0.0436861
-0.0436788
-0.042047
-0.0433315
-0.0438142
-0.0436287
-0.0436964
-0.0437095
-0.0438008
-0.0440227
-0.0394871
-0.0435991
-0.0438856
-0.043875
-0.0437851
-0.0438502
-0.0440337
-0.0438943
-0.0377425
-0.0398384
-0.0440112
-0.0439327
-0.0438052
-0.0438538
-0.0439306
-0.0445229
-0.0451981
-0.0387145
-0.041029
-0.0451448
-0.0440811
-0.0438128
-0.0438529
-0.0441182
-0.0452038
-0.0448777
-0.0348133
-0.0408378
-0.0441337
-0.0439164
-0.0438766
-0.0438664
-0.043975
-0.0442665
-0.0449796
-0.041176
-0.0431265
-0.0435931
-0.0438579
-0.0437463
-0.0437759
-0.0437611
-0.043828
-0.0437651
-0.0432401
-0.0438491
-0.0437417
-0.0436801
-0.04374
-0.0439165
-0.0450419
-0.0419022
-0.044468
-0.0436682
-0.0438072
-0.0418095
-0.0440627
-0.0437759
-0.0436747
-0.0436605
-0.0435922
-0.0437001
-0.0438205
-0.0437452
-0.0437045
-0.0437906
-0.0437358
-0.0438199
-0.0442251
-0.0438358
-0.0434277
-0.0437412
-0.0440543
-0.0440998
-0.041847
0.0102357
-0.0423081
-0.0441756
-0.0437396
-0.0440967
-0.0447525
-0.0453746
-0.0395174
-0.0445946
-0.0439967
-0.0437743
-0.0438515
-0.0437948
-0.0441515
-0.0435383
-0.043396
-0.0437912
-0.0438033
-0.0436803
-0.0437822
-0.043783
-0.0426498
-0.0439681
-0.0437199
-0.0437001
-0.0439273
-0.0430017
-0.0374536
-0.0437042
-0.0434899
-0.044004
-0.0351227
-0.0408477
-0.0435887
-0.0433457
-0.0430571
-0.0381872
-0.0360307
-0.0431478
-0.0446848
-0.0435602
-0.0347343
-0.0424987
-0.0454738
-0.0439658
-0.0434493
-0.0393819
-0.0378862
-0.0437878
-0.0435247
-0.0439636
-0.0357396
-0.0438447
-0.0431836
-0.0435212
-0.0434701
-0.0437934
-0.0437117
-0.0381182
-0.0347505
-0.0392283
-0.0431092
-0.043864
-0.0384743
-0.0429005
-0.0434024
-0.0435509
-0.0435828
-0.0437926
-0.0435118
-0.0436405
-0.0434557
-0.0451842
-0.0436195
-0.0377541
-0.0458456
-0.0425188
-0.0379125
-0.0411791
-0.0382952
-0.0378119
-0.0382397
-0.0426734
-0.0376343
-0.0434421
-0.000364231
-0.0431514
-0.043191
-0.0435466
-0.0447116
0.000103295
-0.0426559
-0.0434218
-0.0441902
-0.0435712
-0.0434207
-0.040707
-0.0431027
-0.0372326
-0.0386903
-0.0338018
-0.0378127
-0.0383291
-0.0376355
-0.0434504
-0.0382667
-0.0426747
-0.000373059
-0.0435538
-0.0447076
-0.0431507
-0.0431934
-0.0441811
-0.0435677
-0.0426591
-0.0433699
-0.0430948
-0.0372162
-0.0433712
-0.040632
-0.0337782
-0.0386127
-0.0392656
-0.0347089
-0.0385018
-0.0428973
-0.0430872
-0.0438471
-0.0435807
-0.0437913
-0.0433875
-0.0435309
-0.0434497
-0.045139
-0.0434902
-0.0436214
-0.0458159
-0.0424888
-0.0435922
-0.0377803
-0.0411477
-0.0379094
-0.0357102
-0.0438352
-0.0431773
-0.0435049
-0.0434509
-0.0437747
-0.0437064
-0.0381241
-0.0430323
-0.0446083
-0.0439724
-0.0409225
-0.0418227
-0.043707
-0.0436821
-0.040446
-0.0416467
-0.0436513
-0.0437654
-0.0436916
-0.0438923
-0.0451016
-0.0425706
-0.0431402
-0.043692
-0.0434677
-0.0437053
-0.0397823
-0.0436387
-0.0446799
-0.0437429
-0.0437288
-0.0437677
-0.0426761
-0.0436638
-0.0436577
-0.0437544
-0.0437103
-0.0437963
-0.0436645
-0.0436468
-0.0435597
-0.0436855
-0.0437421
-0.0436744
-0.0437377
-0.0436187
-0.0404813
-0.0437875
-0.0439767
-0.0438155
-0.0437817
-0.0378086
-0.0441269
-0.0437691
-0.0434492
-0.042511
-0.0436706
-0.0436705
-0.0394773
-0.0410612
-0.0435475
-0.0436904
-0.0441416
-0.0442066
-0.0455672
-0.0438731
-0.0437925
-0.0449391
-0.0447496
-0.0436866
-0.0433127
0.0104977
-0.0419155
0.00683344
-0.0387522
-0.0400506
-0.00956121
-0.0409736
-0.0438444
-0.0442845
-0.0422581
-0.044945
-0.0387898
0.00424137
-0.0452373
-0.0445014
-0.0455165
-0.0426028
0.00645071
-0.041613
-0.0390356
0.01016
0.0104979
0.00683757
-0.0387441
-0.0418684
-0.040974
-0.0400688
-0.0422519
-0.0449446
-0.0437982
-0.0442872
0.00426158
-0.0429796
-0.0455106
-0.0425654
-0.0452435
-0.044573
-0.038984
0.0101212
-0.0416923
-0.0436203
-0.0436776
-0.0410882
-0.0394454
-0.044081
-0.0442069
-0.043553
-0.0436911
-0.0403278
-0.0449622
-0.0448432
-0.0438845
-0.0438093
-0.0434094
-0.043705
-0.042574
-0.0431151
-0.0434677
-0.043706
-0.043691
-0.0436373
-0.0437321
-0.0437665
-0.0446986
-0.043738
-0.043655
-0.0426832
-0.0437944
-0.0436617
-0.0437492
-0.0437077
-0.0435355
-0.0427019
-0.0436712
-0.043736
-0.0436829
-0.0437419
-0.0404998
-0.043812
-0.0437859
-0.043784
-0.0439813
-0.0437711
-0.0434768
-0.0441174
-0.042522
-0.0430331
-0.0446095
-0.0439608
-0.0409318
-0.0436957
-0.0436762
-0.0418146
-0.0436464
-0.0437616
-0.0416332
-0.0436838
-0.0438992
-0.0451268
-0.0418369
-0.0440286
-0.0435182
-0.0437173
-0.0436372
-0.044335
-0.0435191
-0.0419381
-0.0451512
-0.0436661
-0.0420229
-0.0441266
-0.0439947
-0.0448812
-0.0437855
-0.0438218
-0.0437933
-0.0439271
-0.0438223
-0.0426304
-0.0437305
-0.0437047
-0.0437096
-0.0436953
-0.0437444
-0.0437023
-0.0436828
-0.0436344
-0.0436918
-0.0435488
-0.0437029
-0.043671
-0.043728
-0.0438633
-0.0438676
-0.0438242
-0.0437627
-0.0437167
-0.0441038
-0.0420831
-0.0438793
-0.043411
-0.0427685
-0.0435096
-0.0441031
-0.0378533
-0.0437976
-0.0434631
-0.0433336
-0.0436893
-0.0430737
-0.0379425
-0.0411945
-0.0438284
-0.0448329
-0.0403482
-0.0438873
-0.045481
-0.0448124
-0.0437518
-0.0436312
-0.0395086
-0.043904
-0.0409992
-0.0347657
-0.0391676
-0.0387251
-0.0338098
-0.0444991
0.00454097
-0.0423069
-0.043006
-0.0450795
-0.0388619
-0.0454286
-0.0425839
-0.00995063
-0.0438665
-0.0398401
-0.0449969
-0.0407571
-0.0379563
-0.0347389
-0.0338073
-0.0387081
-0.0422993
-0.0444745
-0.0388552
-0.0454197
-0.0428989
-0.045095
-0.00997147
-0.0436204
-0.0450029
-0.0407443
-0.0439365
-0.0398613
-0.0347421
-0.0379796
-0.0411691
-0.0379492
-0.0448057
-0.0438369
-0.0453481
-0.0448406
-0.0403576
-0.0438897
-0.0436067
-0.0439443
-0.0409584
-0.0436623
-0.0395252
-0.0391676
-0.034768
-0.0435149
-0.0378464
-0.0437972
-0.0440997
-0.043721
-0.04309
-0.0433148
-0.0451476
-0.0436523
-0.0441141
-0.0440245
-0.0420216
-0.0437767
-0.0439286
-0.043828
-0.0438412
-0.0438191
-0.0437014
-0.0426382
-0.043742
-0.0437038
-0.0437211
-0.0437014
-0.0436335
-0.0422379
-0.0437052
-0.0436824
-0.0436999
-0.0435548
-0.0438791
-0.0437697
-0.043745
-0.0438721
-0.0438458
-0.0439116
-0.0434004
-0.0420779
-0.0427768
-0.0418546
-0.0440559
-0.0435187
-0.0437282
-0.0436447
-0.044362
-0.0435159
-0.0419452
-0.0418397
-0.0436487
-0.0420837
-0.0439051
-0.0435731
-0.0436981
-0.0434773
-0.0437527
-0.0437344
-0.0437003
-0.0436733
-0.0437013
-0.0436923
-0.0436436
-0.0435735
-0.0422251
-0.0436587
-0.0438213
-0.0419064
-0.0438438
-0.0439751
-0.0437505
-0.0437181
-0.0439337
-0.0438826
-0.0439287
-0.0437522
-0.043781
-0.0437044
-0.0446588
-0.0436545
-0.0436934
-0.0436719
-0.0444113
-0.0438184
-0.0381942
-0.0436932
-0.0440344
-0.0404689
-0.0437811
-0.043849
-0.0436245
-0.0437584
-0.0435256
-0.0398158
-0.0436227
-0.0436342
-0.0435854
-0.0357219
-0.0437627
-0.0377409
-0.0425529
-0.0435571
-0.0460667
-0.0383096
-0.0438153
-0.0431843
-0.0407958
-0.0372589
-0.0435409
-0.0426767
-0.0375081
-0.0429031
-0.043474
-0.0372578
-0.0407747
-0.042675
-0.0435855
-0.0377789
-0.0434644
-0.0429512
-0.0425179
-0.0377401
-0.0459533
-0.04356
-0.0431812
-0.0432423
-0.0438151
-0.03818
-0.0436911
-0.0437825
-0.0440307
-0.0436246
-0.0437623
-0.0438516
-0.0398249
-0.0444672
-0.0436444
-0.0435971
-0.0436233
-0.0437652
-0.0439622
-0.0437484
-0.0438843
-0.0437341
-0.0437536
-0.0437819
-0.0439221
-0.0446803
-0.0438939
-0.0437017
-0.0436706
-0.0436762
-0.0438113
-0.0418601
-0.0436548
-0.0439362
-0.043585
-0.0437038
-0.0436845
-0.0437248
-0.0436918
-0.0436917
-0.0436842
-0.0436367
-0.0422163
-0.0436689
-0.0438589
-0.0438746
-0.0444372
-0.0436344
-0.0435679
-0.0436986
-0.0436108
-0.0436787
-0.043725
-0.0436654
-0.0435859
-0.0436949
-0.043627
-0.0436752
-0.0436622
-0.0434915
-0.0436129
-0.0436348
-0.0436554
-0.0434793
-0.0436521
-0.0436793
-0.0434465
-0.0436162
-0.0437524
-0.0417593
-0.0405818
-0.0437042
-0.0436128
-0.0436473
-0.0437562
-0.0423157
-0.0436992
-0.0436978
-0.0436999
-0.0436539
-0.0436878
-0.0436344
-0.0425899
-0.0436477
-0.043662
-0.0436076
-0.0417959
-0.0436424
-0.0409099
-0.0437705
-0.0434508
-0.0437661
-0.0436147
-0.0437241
-0.0428218
-0.0436994
-0.0437034
-0.043688
-0.0435735
-0.0435489
-0.0436391
-0.0426433
-0.0435093
-0.0435341
-0.0431321
-0.0433789
-0.0435996
-0.045463
-0.0434888
-0.0435571
-0.0438224
-0.043375
-0.0438316
-0.0434039
-0.0431052
-0.0427255
0.000201057
-0.0441558
-0.0435547
-0.0432783
-0.0445567
-0.00115085
-0.043104
-0.0434042
0.000192933
-0.0441539
-0.0427269
-0.0434461
-0.0447246
-0.000473919
-0.0432825
-0.0454125
-0.0435999
-0.0435601
-0.0434953
-0.0433451
-0.0438198
-0.0433526
-0.0437693
-0.0434576
-0.0437282
-0.0437683
-0.0437113
-0.0436921
-0.0428361
-0.0437016
-0.0435568
-0.0436452
-0.0435109
-0.0435355
-0.0436267
-0.0426538
-0.0433633
-0.0437507
-0.0405926
-0.0437024
-0.0417553
-0.0437506
-0.0435879
-0.0436978
-0.0437061
-0.042322
-0.0437122
-0.043688
-0.0436111
-0.0436198
-0.0436686
-0.043644
-0.0426226
-0.0436524
-0.0409051
-0.0418203
-0.0444497
-0.0436666
-0.0436888
-0.0436894
-0.0436662
-0.0436606
-0.0436803
-0.0436219
-0.0435745
-0.043658
-0.0436256
-0.0436344
-0.0434679
-0.0434947
-0.0436431
-0.0436388
-0.043657
-0.0436482
-0.0435373
-0.0435966
-0.0436835
-0.0433284
-0.043719
-0.0435908
-0.0436946
-0.0436269
-0.0437228
-0.043656
-0.0436113
-0.0436353
-0.0436676
-0.0436723
-0.0436465
-0.0436907
-0.0436445
-0.0436642
-0.0435967
-0.0443369
-0.0417739
-0.0410111
-0.043724
-0.0437011
-0.0436727
-0.0437054
-0.0436825
-0.0436619
-0.0437304
-0.0436971
-0.0423233
-0.0436482
-0.0436521
-0.0434907
-0.0436649
-0.0435706
-0.0436146
-0.0404504
-0.0436593
-0.0434949
-0.0432322
-0.0437071
-0.0436971
-0.0436873
-0.0437004
-0.0436789
-0.0436344
-0.042708
-0.043498
-0.0435036
-0.0436529
-0.0435748
-0.0433498
-0.0433223
-0.0434792
-0.0435348
-0.0439243
-0.0434761
-0.0437008
-0.0433483
-0.0432618
-0.0448058
-0.0432748
-0.000147196
-0.0447397
-0.04335
-0.0437731
-0.0443354
-0.000340648
-0.0430462
-0.0431165
-0.0447374
-0.0432724
-0.0437742
-0.0433573
-8.32123e-05
-0.0426925
-0.0430998
-0.0430295
-0.043922
-0.0435416
-0.043703
-0.0434872
-0.0432855
-0.0448135
-0.0432295
-0.0435021
-0.0432436
-0.0436905
-0.0427552
-0.043708
-0.0436947
-0.0436496
-0.0437056
-0.0434986
-0.0436157
-0.0427157
-0.0435722
-0.0433198
-0.0436648
-0.0434539
-0.0437205
-0.0417747
-0.0436971
-0.0436854
-0.0425667
-0.0436832
-0.043732
-0.0437
-0.0436664
-0.043663
-0.0436472
-0.0423325
-0.0436543
-0.0435676
-0.0434838
-0.0404433
-0.0418031
-0.0436707
-0.043674
-0.0435425
-0.0436682
-0.0433386
-0.0436977
-0.0436205
-0.0435819
-0.043708
-0.0436575
-0.0436364
-0.043474
-0.0436658
-0.0436711
-0.0437395
-0.0436398
-0.0436722
-0.0443776
-0.0438989
-0.0418293
-0.0437209
-0.0437053
-0.0421
-0.0436103
-0.043713
-0.0436827
-0.0437022
-0.0437663
-0.0436933
-0.0436783
-0.0436716
-0.043434
-0.0436604
-0.0435815
-0.0437396
-0.0421696
-0.0435697
-0.0418402
-0.0438813
-0.0445473
-0.0437426
-0.0436954
-0.0437131
-0.0438251
-0.0447
-0.0437789
-0.0437252
-0.0436822
-0.0437207
-0.04378
-0.0437961
-0.0436521
-0.0438546
-0.0438976
-0.0357537
-0.0436814
-0.0437138
-0.0436456
-0.0445708
-0.0398239
-0.04355
-0.0436524
-0.0433737
-0.0439158
-0.0437125
-0.0402896
-0.0434083
-0.0379252
-0.0439516
-0.0429121
-0.0431544
-0.0383481
-0.0454343
-0.0374724
-0.0425684
-0.0427615
-0.0435433
-0.0381084
-0.0377279
-0.0427799
-0.0407233
-0.0356868
-0.0435455
-0.0427724
-0.0377303
-0.0381122
-0.0431186
-0.0357066
-0.0406464
-0.0429145
-0.0439549
-0.038347
-0.0431598
-0.0431518
-0.0425
-0.037526
-0.0438945
-0.0357535
-0.0436433
-0.0436771
-0.0398264
-0.0435574
-0.0445623
-0.0433264
-0.0437479
-0.0437048
-0.0403041
-0.0439731
-0.0379466
-0.0438793
-0.0445358
-0.0437129
-0.0437477
-0.0446929
-0.0437772
-0.0438533
-0.0436931
-0.0437637
-0.0437931
-0.0438582
-0.0436713
-0.0439058
-0.0439232
-0.0418511
-0.0437085
-0.0421111
-0.043584
-0.043679
-0.0436854
-0.0437656
-0.043669
-0.0436272
-0.0434425
-0.0435722
-0.0437558
-0.0421488
-0.0418096
-0.0418854
-0.043693
-0.0444758
-0.0437485
-0.0436729
-0.0435432
-0.0437987
-0.0418527
-0.0427536
-0.0420443
-0.0432469
-0.0439344
-0.0441363
-0.0439346
-0.0438319
-0.0438207
-0.0439186
-0.0438173
-0.043741
-0.0437405
-0.043696
-0.0423855
-0.0436421
-0.0436959
-0.043639
-0.0436689
-0.0436595
-0.0425442
-0.0436951
-0.0437345
-0.0438764
-0.0437282
-0.0437707
-0.0436972
-0.0447578
-0.0438677
-0.0440119
-0.0435803
-0.044973
-0.043222
-0.0431198
-0.0436103
-0.043424
-0.0437805
-0.0377064
-0.0436332
-0.0347441
-0.0390512
-0.0435812
-0.040838
-0.0440311
-0.0434997
-0.0438485
-0.0402098
-0.0449899
-0.0454942
-0.043958
-0.0450885
-0.041242
-0.038152
-0.0379326
-0.0440253
-0.0410267
-0.0448257
-0.0435236
-0.0098462
-0.0422485
-0.0428383
-0.0448732
-0.0385356
-0.0448724
-0.0436427
0.00442256
-0.0348053
-0.0379341
-0.0381539
-0.0448269
-0.039843
-0.044026
-0.00985717
-0.0422506
-0.0435344
-0.0385502
-0.0451717
-0.0427722
-0.0436304
0.00441602
-0.04488
-0.0386362
-0.0390491
-0.0347396
-0.0440315
-0.0394872
-0.0435837
-0.0438539
-0.0435048
-0.0454566
-0.0438889
-0.0402262
-0.0451014
-0.0439577
-0.0377375
-0.043613
-0.0432091
-0.0434293
-0.0377649
-0.0440485
-0.0436223
-0.0427448
-0.0439721
-0.0420503
-0.0441367
-0.043822
-0.0437734
-0.0439165
-0.0439284
-0.0438424
-0.0436969
-0.0435722
-0.0437422
-0.0436559
-0.043699
-0.0424317
-0.0436622
-0.0436717
-0.0436409
-0.0436982
-0.0437593
-0.0425788
-0.043783
-0.043684
-0.043847
-0.0437358
-0.044837
-0.044067
-0.0420176
-0.0436155
-0.0436683
-0.0437403
-0.0435256
-0.0418351
-0.0451843
-0.0439615
-0.0438494
-0.041855
-0.0437027
-0.0436661
-0.040637
-0.0436918
-0.0436816
-0.0409411
-0.0438487
-0.0445001
-0.0429239
-0.0424548
-0.0441593
-0.0433964
-0.0437642
-0.0376065
-0.0438948
-0.0437869
-0.0438067
-0.0402636
-0.0436615
-0.0436891
-0.043802
-0.0436583
-0.0428988
-0.0436777
-0.0436821
-0.0436959
-0.0436716
-0.0437244
-0.0427306
-0.0436693
-0.0436831
-0.0445436
-0.0437687
-0.0436945
-0.0437017
-0.0400467
-0.0437763
-0.0435653
-0.0433502
-0.0426917
-0.0435952
-0.0433877
-0.0438194
-0.0445849
-0.0446255
-0.0400953
-0.0450893
-0.0436876
-0.0441431
-0.0439091
-0.0397324
-0.0413505
-0.0435197
-0.041622
0.010251
-0.0388391
0.00663151
-0.0448294
-0.0423059
-0.0451908
-0.0427572
0.00438254
-0.0388982
-0.0437898
-0.0453752
-0.0416089
-0.0401075
-0.0408862
-0.00986131
-0.039542
0.00664902
0.0102211
-0.0388407
-0.0416341
0.00662652
-0.0451939
-0.0442395
-0.0448098
0.00437979
-0.0388991
-0.0428475
-0.0415908
-0.0441053
-0.0438046
-0.0408758
-0.00987768
-0.0400745
0.00662821
-0.0418667
0.0101961
-0.043397
-0.0435964
-0.0445935
-0.0436953
-0.0438133
-0.0452084
-0.0401021
-0.0439208
-0.0437402
-0.0436816
-0.0413197
-0.0397537
-0.0438143
-0.0424561
-0.0437602
-0.0441459
-0.037629
-0.0438097
-0.0440662
-0.0439094
-0.0402767
-0.0436481
-0.0436648
-0.0437821
-0.0437183
-0.0436709
-0.043684
-0.0428898
-0.0437336
-0.0436906
-0.0437256
-0.0436724
-0.0436884
-0.0427263
-0.0436978
-0.0437066
-0.0446203
-0.0437189
-0.0400721
-0.0435657
-0.0435949
-0.0433551
-0.0451905
-0.0438795
-0.0436872
-0.0419418
-0.0406178
-0.0437308
-0.0419034
-0.040939
-0.0445723
-0.0378815
-0.0436844
-0.0437925
-0.0434748
-0.043524
-0.0433085
-0.0439454
-0.0360842
-0.0376534
-0.0410954
-0.0436534
-0.0424708
-0.0458329
-0.0434159
-0.0454807
-0.043552
-0.0435667
-0.0439434
-0.0440381
-0.0434167
-0.0433878
-0.0385513
-0.0394231
-0.0387384
-0.0352308
-0.043684
-0.0360375
-0.0428551
-0.0428785
-0.0431441
-0.0442169
0.000105673
-0.0437685
-0.0445445
-0.0440121
0.000152545
-0.0379938
-0.0435444
-0.0374336
-0.0347387
-0.0352301
-0.0387534
-0.0428541
-0.0408634
-0.0436816
-0.0442791
-0.043554
-0.0428913
0.000399112
-0.0440796
-0.0433976
-0.0438294
0.000179323
-0.0374326
-0.0431115
-0.0379671
-0.0381475
-0.0411186
-0.0376471
-0.0458452
-0.0374584
-0.0436431
-0.04353
-0.0436934
-0.0434048
-0.0441031
-0.0434867
-0.0435831
-0.0385276
-0.0440238
-0.0434185
-0.035138
-0.043681
-0.0434733
-0.0433149
-0.0361016
-0.04449
-0.0287825
-0.0404155
-0.0399478
-0.0353456
-0.0269301
-0.0440003
-0.0434639
-0.0142696
-0.0236716
0.00895303
-0.0362447
-0.0307621
-0.035078
-0.0344595
-0.0354391
-0.00288851
-0.035568
0.0121156
-0.0348211
-0.0373338
-0.023433
-0.0355237
-0.0241444
-0.0324551
-0.0120592
0.00657481
-0.022922
0.0111758
-0.0354008
0.0036841
-0.0341091
0.0174097
-0.0360023
-0.0341149
-0.0350804
0.00237724
-0.00160308
-0.0393914
0.00404624
-0.0357147
-0.0378284
-0.0213849
-0.0286895
-0.0229785
-0.0306345
-0.0192907
-0.0461002
-0.0314884
-0.036739
-0.0343404
-0.0435034
-0.037081
-0.0368602
-0.0441273
-0.0315845
-0.0367342
-0.0188751
-0.0375282
-0.0447619
-0.0427176
-0.0390271
-0.0420671
-0.0437536
-0.0396441
-0.0437576
-0.0439437
-0.0436832
-0.0436554
-0.0437801
-0.0437686
-0.0408407
-0.043659
-0.0436218
-0.0438591
-0.043688
-0.0436102
-0.0440097
-0.0441612
-0.0430506
-0.0409139
-0.0425028
-0.0437541
-0.040591
-0.0429463
-0.0377289
-0.0443688
-0.0385265
-0.0435732
-0.0422973
-0.0433106
-0.0437216
-0.0437401
-0.0441691
-0.0438085
-0.0436782
-0.0435982
-0.0436734
-0.0437758
-0.0437149
-0.043832
-0.0437737
-0.0436386
-0.0436698
-0.0435774
-0.043673
-0.0437776
-0.0437342
-0.0438121
-0.0439859
-0.0441915
-0.0462048
-0.0438081
-0.0438559
-0.0439454
-0.0444698
-0.0446603
-0.0445895
-0.0435291
-0.0350014
-0.0429382
-0.0445402
-0.0347918
-0.0392912
-0.0344474
-0.00130544
-0.0386088
-0.0287714
-0.0408703
-0.0333829
-0.0436041
-0.0433629
-0.0449197
-0.0443366
-0.0443055
-0.0455525
-0.0450542
-0.0439513
-0.0437955
-0.0420433
-0.0432897
-0.0443316
-0.0429863
-0.0444615
-0.00243998
-0.0343121
-0.0318004
-0.038553
-0.0306009
-0.00154724
-0.0313447
-0.0292635
-0.0377341
-0.0321434
-0.0449196
-0.0421519
-0.0435981
-0.0455549
-0.0450544
-0.0443439
-0.0443054
-0.0420492
-0.0431444
-0.0438906
-0.0429869
-0.0444606
-0.0432713
-0.0443168
0.00086308
-0.0275866
0.00451701
-0.0305444
-0.0433247
-0.0335954
-0.0372922
-0.0381233
-0.0420326
-0.0340111
-0.0433055
-0.0444591
-0.0435632
-0.0441716
-0.0438068
-0.0437268
-0.0437377
-0.0436673
-0.0436498
-0.0436662
-0.0438268
-0.043772
-0.0437711
-0.0437109
-0.0435479
-0.0436207
-0.043626
-0.0437309
-0.0438055
-0.043669
-0.0437735
-0.0462195
-0.0436477
-0.0439984
-0.0439368
-0.04448
-0.0438052
-0.043863
-0.0340155
-0.0324727
-0.0378633
-0.0439961
-0.0433838
-0.0435087
-0.0392245
-0.0435335
-0.0440822
-0.0389702
-0.0435064
-0.0422409
-0.0435265
-0.0428702
-0.0422012
-0.044364
-0.0438023
-0.0401065
-0.0434191
-0.0438655
-0.0407768
-0.0448684
-0.0436688
-0.0441316
-0.0444372
-0.0469081
-0.0440526
-0.0436471
-0.0415992
-0.044125
-0.044542
-0.0434985
-0.043674
-0.0437653
-0.0436453
-0.0401336
-0.043535
-0.0436192
-0.0435753
-0.0434855
-0.0436127
-0.0432812
-0.0440603
-0.0432972
-0.0443006
-0.0424815
-0.0437404
-0.0436409
-0.0437847
-0.0434829
-0.0437227
-0.0442402
-0.0438848
-0.0438888
-0.0438237
-0.0438814
-0.0434709
-0.0437473
-0.0434627
-0.0437321
-0.0436317
-0.0364571
-0.0387787
-0.0399112
-0.0435242
-0.0444486
-0.0360773
-0.0437418
-0.0400469
-0.0398592
-0.0377464
-0.00257735
-0.034453
-0.0369747
-0.043804
-0.0330693
-0.0224851
-0.0141731
-0.0383992
-0.0320585
-0.00191642
-0.0236036
-0.0342853
-0.0371031
-0.0301078
-0.0210449
-0.0183081
-0.0449389
-0.0391926
-0.0368243
-0.0426239
-0.044203
-0.0353257
-0.0244363
-0.043837
-0.0437233
-0.043787
-0.0438874
-0.0438171
-0.0442321
-0.0438953
-0.0435026
-0.0442576
-0.0437413
-0.0436523
-0.0437641
-0.0434566
-0.0421804
-0.0400059
-0.0413694
-0.0435234
-0.0427635
-0.0433901
-0.0398473
-0.0407096
-0.0399996
-0.0436819
-0.0410294
-0.0424016
-0.0394361
-0.0438867
-0.0436634
-0.044428
-0.0442533
-0.0439475
-0.0436804
-0.0433421
-0.0421935
-0.0444327
-0.0406917
-0.0442743
-0.0435427
-0.0427282
-0.0416572
-0.0437257
-0.0431951
-0.0432122
-0.0432944
-0.0355457
-0.0456934
-0.0437644
-0.0438819
-0.0438414
-0.0437202
-0.043737
-0.043796
-0.0438745
-0.0437086
-0.0438498
-0.0437907
-0.0437433
-0.0437295
-0.0438824
-0.0437406
-0.0437665
-0.0437778
-0.0437408
-0.043725
-0.0436778
-0.0437703
-0.0437128
-0.043833
-0.0437764
-0.0437348
-0.0436969
-0.0436801
-0.0438505
-0.0437086
-0.0438423
-0.0438461
-0.0436414
-0.0431371
-0.043531
-0.0437121
-0.0478415
-0.0440214
-0.044732
-0.0441071
-0.0318343
-0.0438411
-0.0462015
-0.0442819
-0.0436048
-0.0437656
-0.0442349
-0.0439737
-0.0445419
-0.0439421
-0.0424826
-0.0436273
-0.0435957
-0.0436498
-0.0434625
-0.0435288
-0.0422362
-0.0431949
-0.0435721
-0.017624
0.00262029
-0.016492
-0.0440338
-0.0421198
-0.0442593
-0.043076
-0.0435369
-0.0434646
-0.0434653
-0.0418753
-0.0448172
-0.0428264
-0.0440295
-0.0437318
-0.0447509
-0.0449261
-0.0292414
-0.0180324
-0.0372795
-0.0397559
-0.0143578
-0.0310074
-0.0411722
-0.0181568
0.00376024
0.00182981
-0.0173008
-0.0442539
-0.0439469
-0.0440435
-0.0434644
-0.0434646
-0.0430898
-0.0435443
-0.042826
-0.043709
-0.0419082
-0.0447477
-0.0448868
-0.0440435
-0.0437219
-0.0287849
-0.00937474
-0.0375606
-0.0420768
-0.0113021
-0.0319915
-0.041941
-0.0221716
-0.0443037
-0.043951
-0.0438444
-0.0442376
-0.0439768
-0.043611
-0.0437707
-0.0424522
-0.0435846
-0.044541
-0.0436576
-0.0434755
-0.0436359
-0.0435985
-0.042386
-0.0156801
-0.0433082
-0.0407529
-0.0306811
-0.0435163
-0.0438054
-0.0435842
-0.0433558
-0.0435368
-0.0436734
-0.0432549
-0.0444827
-0.0343017
-0.0357077
-0.0438455
-0.043726
-0.0437816
-0.0438035
-0.0438756
-0.0437368
-0.0437396
-0.0437918
-0.0437571
-0.0437015
-0.0438844
-0.0437438
-0.0437397
-0.043728
-0.0437441
-0.0437298
-0.0437866
-0.0437706
-0.0437162
-0.0437231
-0.0436753
-0.0437347
-0.0437664
-0.0438448
-0.0438529
-0.0437293
-0.0437102
-0.0437012
-0.0390632
-0.0368698
-0.0440323
-0.0464449
-0.0463795
-0.0421699
-0.0439088
-0.0437449
-0.0435606
-0.0439596
-0.043491
-0.0430412
-0.0437331
-0.0437051
-0.0437469
-0.0443563
-0.0433792
-0.0436174
-0.0434916
-0.0436449
-0.0445431
-0.0436401
-0.0435763
-0.0434679
-0.0438274
-0.0403243
-0.04367
-0.0438351
-0.0430549
-0.0437159
-0.038819
-0.0441802
-0.0433357
-0.0452972
-0.0435519
-0.0435973
-0.0435097
-0.0437141
-0.0436467
-0.0436199
-0.0435679
-0.0436583
-0.0434274
-0.0436286
-0.0441295
-0.043576
-0.043846
-0.0434977
-0.0437216
-0.0430637
-0.0429563
-0.0406736
-0.0437789
-0.0440246
-0.0436753
-0.0437109
-0.0438283
-0.0437701
-0.0436504
-0.0436552
-0.043824
-0.0437131
-0.0436803
-0.0438288
-0.0436675
-0.0436917
-0.0436518
-0.0437759
-0.0436489
-0.0445342
-0.0451135
-0.0434421
-0.0437857
-0.0438675
-0.0442951
-0.0409767
-0.0437658
-0.0440802
-0.0437004
-0.041471
-0.0437337
-0.0399841
-0.038482
-0.0368853
-0.0437717
-0.0435581
-0.0437282
-0.0436991
-0.0437602
-0.0437843
-0.0436929
-0.0436444
-0.0436723
-0.0437225
-0.0436204
-0.0435711
-0.0436637
-0.0436588
-0.0446534
-0.0381344
-0.0441791
-0.0433919
-0.046408
-0.0381584
-0.044202
-0.0347423
-0.0370387
-0.0328703
-0.0347564
-0.0338779
-0.030436
0.00978297
-0.0310778
-0.0339076
0.0128285
-0.0429264
-0.0385546
-0.0413071
-0.0381776
-0.04373
-0.043654
-0.0437765
-0.0437795
-0.0436955
-0.0437055
-0.0437646
-0.043739
-0.0436447
-0.0436453
-0.0436697
-0.0436606
-0.0436281
-0.0435628
-0.0286274
-0.0432719
-0.0440675
-0.041594
-0.0433219
-0.0358563
-0.0442115
-0.0433975
-0.0437727
-0.0437696
-0.0437068
-0.0438303
-0.04372
-0.0436831
-0.0436525
-0.0436617
-0.0436693
-0.043698
-0.0437704
-0.0436327
-0.0436828
-0.0436665
-0.0455494
-0.0443019
-0.0445529
-0.04365
-0.0451569
-0.0436974
-0.0434963
-0.0455166
-0.0437811
-0.0433211
-0.0435179
-0.0420607
-0.0438651
-0.0435224
-0.0436214
-0.0454861
-0.0435152
-0.0405544
-0.0439041
-0.0438107
-0.0448816
-0.0438449
-0.042544
-0.0437592
-0.0429423
-0.0436107
-0.0436374
-0.0435974
-0.0436174
-0.0434166
-0.0436579
-0.0436067
-0.0435132
-0.0435861
-0.043494
-0.0436112
-0.0433431
-0.0435899
-0.0439295
-0.0435189
-0.0436356
-0.0434722
-0.0436835
-0.0438099
-0.0436498
-0.0444
-0.0437054
-0.0432924
-0.0438195
-0.043654
-0.0438213
-0.0437049
-0.0436386
-0.0437076
-0.0437992
-0.0437483
-0.04366
-0.0437746
-0.0436455
-0.0436673
-0.0437283
-0.0438325
-0.0436727
-0.0396905
-0.0437622
-0.0411884
-0.0436217
-0.0437005
-0.0436922
-0.0438936
-0.0426899
-0.0436881
-0.0439489
-0.0432137
-0.0437705
-0.0443459
-0.0424599
-0.0347586
-0.0444429
-0.0391378
-0.0437676
-0.0437791
-0.0437318
-0.0437256
-0.0437141
-0.043676
-0.0436857
-0.0434964
-0.0435571
-0.0435753
-0.0435488
-0.0433923
-0.0435471
-0.0430554
-0.0435663
-0.0413492
-0.0437338
-0.0432601
-0.0437871
-0.0396488
-0.0435933
-0.0365689
-0.0360214
-0.00527471
-0.0385507
-0.0354245
0.0139916
-0.036254
-0.0402622
-0.00253697
0.00011788
-0.0389696
-0.0369679
0.0082741
-0.0449403
-0.0374841
-0.0447239
-0.037401
-0.043734
-0.0437473
-0.0437713
-0.0436796
-0.043689
-0.0437389
-0.0437206
-0.043558
-0.0435727
-0.0434838
-0.0435446
-0.0430544
-0.0435524
-0.0433768
-0.0418935
-0.0431758
-0.0433864
-0.0406876
-0.0432936
-0.0407855
-0.0436029
-0.0409151
-0.0437646
-0.043711
-0.043635
-0.0436489
-0.0438043
-0.0437525
-0.0436653
-0.0437055
-0.0436283
-0.0436817
-0.0437069
-0.0438365
-0.0436685
-0.0436643
-0.0437513
-0.043947
-0.0436352
-0.0437018
-0.0436306
-0.0433895
-0.0437147
-0.0435418
-0.0436293
-0.0440873
-0.0438506
-0.043257
-0.0433895
-0.0442303
-0.0426932
-0.0426119
-0.0436368
-0.0436861
-0.0435535
-0.0452332
-0.0436877
-0.0435875
-0.0437516
-0.0436692
-0.0425848
-0.0437804
-0.0438611
-0.0431331
-0.0434898
-0.0437267
-0.0431161
-0.0436081
-0.0397739
-0.0435294
-0.0437229
-0.0437522
-0.0438481
-0.0437064
-0.0437818
-0.0438226
-0.0438227
-0.0437187
-0.0438672
-0.0437341
-0.0437904
-0.0437092
-0.0438354
-0.0437787
-0.0436977
-0.0437577
-0.0437117
-0.0436873
-0.0436953
-0.0437503
-0.043718
-0.0437122
-0.0438473
-0.0437321
-0.0437013
-0.0437611
-0.0437565
-0.0437586
-0.0444052
-0.0422352
-0.0434532
-0.0433043
-0.0425551
-0.0436196
-0.0454794
-0.0419765
-0.0431879
-0.0374427
-0.0436302
-0.0433373
-0.0436134
-0.0445202
-0.0435642
-0.0421524
-0.0440346
-0.0433282
-0.0437236
-0.0434745
-0.0437891
-0.0437364
-0.0442495
-0.0460877
-0.0345286
-0.0296423
-0.0444891
-0.0429965
-0.0453359
-0.0446041
-0.0247544
-0.0287197
-0.0324894
-0.0215551
-0.0441362
-0.0448421
-0.0449016
-0.0419595
-0.0440256
-0.0432928
-0.0450412
-0.0424399
-0.0429077
-0.0431538
-0.0436479
-0.0435602
-0.0434574
-0.0413261
-0.0248658
-0.033685
-0.0333694
-0.0233588
-0.044901
-0.0436427
-0.0441371
-0.0432958
-0.0450412
-0.041966
-0.0440251
-0.043152
-0.0431783
-0.0424281
-0.0434695
-0.0413393
-0.0436356
-0.0435166
-0.0243961
-0.0320548
-0.0368333
-0.026683
-0.0436165
-0.0436591
-0.0436287
-0.0421553
-0.0440372
-0.0445249
-0.0435717
-0.0434746
-0.0436375
-0.0433136
-0.0442432
-0.0460814
-0.0437824
-0.0437169
-0.0370923
-0.0403844
-0.046262
-0.0450766
-0.044868
-0.0376448
-0.0463944
-0.0409519
-0.0428859
-0.032912
-0.0432677
-0.0427076
-0.0438474
-0.0436699
-0.043721
-0.0438347
-0.0438274
-0.0437367
-0.043789
-0.0437351
-0.0437234
-0.0437181
-0.0438327
-0.0437651
-0.0437946
-0.0437251
-0.0437144
-0.0437182
-0.0436945
-0.0437465
-0.043722
-0.0436812
-0.0436895
-0.0437467
-0.0437036
-0.0437166
-0.0437669
-0.0437593
-0.0437128
-0.0437254
-0.0438588
-0.0437726
-0.0435954
-0.0465738
-0.0440355
-0.0431336
-0.0410703
-0.0433749
-0.0436005
-0.0443504
-0.0434802
-0.0430935
-0.0435598
-0.0440938
-0.0437224
-0.0436469
-0.0436873
-0.0443459
-0.0436293
-0.0433494
-0.0445443
-0.0437316
-0.0371376
-0.0441087
-0.0443173
-0.0437676
-0.0438862
-0.0439894
-0.0457131
-0.0457048
-0.0417744
-0.0436913
-0.0444628
-0.0434226
-0.045475
-0.0437869
-0.0435918
-0.0437236
-0.0443144
-0.0434374
-0.0438688
-0.0441761
-0.0438242
-0.04391
-0.0436743
-0.0437273
-0.0436148
-0.0381398
-0.0478153
-0.0438586
-0.0423708
-0.0430931
-0.0438856
-0.0442542
-0.0430798
-0.0429018
-0.043606
-0.0440059
-0.0390511
-0.0443861
-0.032852
-0.0106538
-0.0385231
-0.0323006
-0.00177334
-0.0275835
0.00609
-0.0367461
-0.0261849
0.00217098
-0.027301
-0.0444232
-0.0327567
-0.0374624
-0.0397799
-0.0433292
-0.0426099
-0.0434575
-0.0437231
-0.043322
-0.0438014
-0.0434411
-0.0438672
-0.0443112
-0.0439045
-0.0438241
-0.0442118
-0.0437275
-0.0436039
-0.0436902
-0.0408801
-0.043741
-0.0395601
-0.0411493
-0.0440508
-0.0434899
-0.0407636
-0.0437245
-0.0456155
-0.0433161
-0.046195
-0.0434607
-0.0416186
-0.0442748
-0.0436324
-0.0428289
-0.0438614
-0.0431501
-0.0436831
-0.0439073
-0.0436275
-0.0464993
-0.0331218
-0.0357763
-0.0428496
-0.0438879
-0.040469
-0.0439046
-0.0435249
-0.0411323
-0.0429803
-0.0379507
-0.0396069
-0.0398785
-0.0390953
-0.0437169
-0.0424526
-0.0408862
-0.0437158
-0.0390334
-0.0435692
-0.0437805
-0.035736
-0.0437651
-0.0440098
-0.0439681
-0.043711
-0.0435866
-0.0459732
-0.0440911
-0.0437113
-0.0437768
-0.0437832
-0.0436448
-0.0436581
-0.0435709
-0.0437639
-0.043805
-0.0438442
-0.0438859
-0.0437025
-0.043796
-0.0438265
-0.0439839
-0.0437443
-0.0437866
-0.0441481
-0.0437635
-0.0447628
-0.0436802
-0.0428108
-0.0393767
-0.0438793
-0.0331984
-0.0392208
-0.0411827
-0.00100585
-0.0343574
-0.0299389
-0.0435955
-0.0441688
-0.0435125
-0.0438439
-0.0430906
-0.0418305
-0.0435375
-0.0440924
-0.0447403
-0.0450606
-0.043769
-0.042157
-0.0448171
-0.0428597
-0.0135077
-0.0391869
-0.0415223
-0.0376059
-0.0347215
-0.017051
-0.0375785
0.000430225
-0.028509
-0.0295313
0.00416668
-0.043516
-0.0438333
-0.0435905
-0.0418327
-0.0435478
-0.0438919
-0.0430815
-0.0450827
-0.0440737
-0.0441111
-0.0448177
-0.0428755
-0.0437851
-0.0421445
-0.0319061
-0.0351493
-0.0439667
-0.0438188
-0.0437669
-0.0460024
-0.0440725
-0.0437181
-0.0435778
-0.0437867
-0.0437444
-0.0437144
-0.0435507
-0.0437695
-0.0436369
-0.043656
-0.0438972
-0.0437085
-0.0438125
-0.0438522
-0.044004
-0.0437052
-0.0438052
-0.0441548
-0.0437997
-0.0437484
-0.0436936
-0.0427908
-0.0437824
-0.0447677
-0.0390528
-0.0440927
-0.0384798
-0.0408455
-0.0194291
-0.0394342
-0.038499
-0.043461
-0.0415894
-0.034141
-0.0435912
-0.0440718
-0.0383201
-0.0435903
-0.0446657
-0.0395073
-0.0415968
-0.040191
-0.0420705
-0.0436775
-0.0436986
-0.0439601
-0.0433972
-0.0435181
-0.035802
-0.0430498
-0.0435211
-0.0437553
-0.0421823
-0.0426419
-0.0363006
-0.0371156
-0.0441867
-0.0419955
-0.0438771
-0.0432978
-0.0433106
-0.0383474
-0.0428213
-0.0435643
-0.044811
-0.0440986
-0.043433
-0.0445587
-0.045936
-0.0440088
-0.0432275
-0.0439664
-0.0441947
-0.0437776
-0.0440739
-0.0414415
-0.0442595
-0.045078
-0.0439422
-0.040356
-0.0437149
-0.0441813
-0.0415971
-0.0439917
-0.0429806
-0.0425265
-0.0292982
-0.0202415
-0.0216389
-0.0317472
-0.0420405
-0.0380025
-0.0165031
-0.0399505
-0.034774
-0.0132522
-0.028142
-0.0345551
-0.00493674
-0.0288846
-0.0131951
-0.0162846
-0.0208898
-0.0306707
-0.0392687
-0.0370395
-0.0119255
-0.0396353
-0.0274942
-0.0139359
-0.0240586
-0.0346119
-0.0116009
-0.027305
-0.0140942
-0.0251465
-0.0273704
-0.0455603
-0.0440271
-0.0235275
-0.0453965
-0.0367682
-0.0345236
-0.0426572
-0.0445318
-0.0381567
-0.043752
-0.0329179
-0.0419265
-0.0274113
-0.0416359
-0.0331283
-0.043876
-0.039619
-0.0436893
-0.0445338
-0.0396925
-0.0437868
-0.0402241
-0.0437944
-0.0433118
-0.0421634
-0.0440992
-0.0420634
-0.0433599
-0.0472175
-0.0442874
-0.0433714
-0.044398
-0.0343502
-0.0472915
-0.0431461
-0.044125
-0.0414599
-0.0437841
-0.043939
-0.0433566
-0.0286496
-0.0433588
-0.0439327
-0.0417814
-0.0434635
-0.0421745
-0.0434526
-0.0436316
-0.0419948
-0.0442195
-0.0437657
-0.0445418
-0.0440514
-0.0420612
-0.0420782
-0.0432396
-0.0435545
-0.0409868
-0.0435432
-0.0396092
-0.0444536
-0.0436321
-0.0403356
-0.0439613
-0.0432232
-0.0410371
-0.0433503
-0.0331065
-0.044094
-0.0396542
-0.0421843
-0.028934
-0.0247223
-0.0413245
-0.0275438
-0.0328492
-0.037157
-0.0192571
-0.0240148
-0.0319141
-0.0366553
-0.0266504
-0.0433285
-0.043071
-0.0421424
-0.0433013
-0.0399515
-0.0413477
-0.0434239
-0.0439169
-0.0429661
-0.0433715
-0.042162
-0.0155667
-0.0432848
-0.0411273
-0.0304227
-0.0435528
-0.0342299
-0.0377817
-0.0439706
-0.0419622
-0.0416821
-0.0326463
-0.0432941
-0.0422075
-0.0348115
-0.0388744
-0.0443011
-0.0461026
-0.0314575
-0.0343082
-0.0367258
-0.0445146
-0.0370865
-0.0444248
-0.0369995
-0.0447563
-0.0380194
-0.0437966
-0.0442029
-0.0382343
-0.0464817
-0.0440832
-0.0441831
-0.0414408
-0.043663
-0.0440462
-0.0449767
-0.043949
-0.0441237
-0.0398508
-0.0367122
-0.0383522
-0.0435329
-0.037112
-0.0441462
-0.0369276
-0.0427917
-0.0382967
-0.0411269
-0.0378682
-0.0438935
-0.0414313
-0.0435146
-0.043894
-0.0398377
-0.0440608
-0.0437696
-0.0441567
-0.0460603
-0.0435213
-0.044366
-0.043235
-0.0439377
-0.0438616
-0.0316332
-0.0368427
-0.0375728
-0.0189954
-0.0218557
-0.0349032
-0.0299035
-0.0435531
-0.0450105
-0.0454024
-0.0449472
-0.0386318
-0.0431457
-0.0439317
-0.0453055
-0.0375379
-0.0409608
-0.0464075
-0.0462189
-0.0452026
-0.0378041
-0.0457543
-0.0277677
-0.0237099
-0.0444326
-0.0454232
-0.0363072
-0.046054
-0.0444927
-0.0326322
-0.0444053
-0.0326668
-0.0373747
-0.0253014
-0.0228196
-0.0143888
-0.00499852
-0.0283143
-0.0376599
-0.0134244
-0.0288591
-0.0206931
-0.0183282
-0.012015
-0.0375961
-0.0235456
-0.0142951
-0.027127
-0.0248887
-0.0286225
-0.0215301
-0.0324138
-0.0120611
0.00658184
0.0111814
-0.0229175
-0.0248112
-0.0335825
-0.0333284
-0.0233062
-0.029078
-0.0180713
-0.0394428
-0.0377512
-0.0308307
-0.0147452
-0.0408806
-0.0287665
-0.0100598
-0.037379
-0.0417127
-0.0117909
-0.0320063
-0.041583
-0.0364681
-0.0053969
-0.0357533
0.0139707
-0.0351609
-0.0384841
-0.0353965
0.00370389
-0.0341043
0.01745
-0.0341089
-0.036001
-0.0361391
-0.00261487
0.000177749
-0.0402327
0.00822666
-0.038913
-0.0368594
-0.0347961
-0.0368136
-0.0345922
-0.0328995
-0.0350329
-0.00156248
0.00237776
-0.0393935
0.00408556
-0.0378169
-0.0357199
-0.0339883
0.0095081
-0.0308761
0.0125609
-0.0312884
-0.0342775
-0.0176697
-0.016308
0.00237403
-0.0214102
-0.0286869
-0.0306254
-0.0229739
-0.0183056
0.00343294
0.00155669
-0.0175611
-0.031508
-0.0166188
-0.0420257
-0.0395021
-0.034629
-0.0128681
-0.0403351
-0.0305662
-0.0122195
-0.0378371
-0.039508
-0.0140733
-0.0276159
-0.0399008
-0.011063
-0.032236
-0.0373504
-0.00215914
-0.0277678
-0.0204413
-0.0217525
0.00561537
-0.0349803
-0.0263909
0.00169028
-0.027572
-0.0163243
-0.0209835
-0.0206929
-0.0183307
-0.0120205
-0.0235455
-0.0375905
-0.0142904
-0.0271266
-0.0228635
-0.0143993
-0.00503544
-0.0376546
-0.0283636
-0.0134283
-0.0288657
-0.0247949
-0.0335887
-0.0233108
-0.0333344
-0.014284
0.00895153
-0.0237009
-0.0249179
-0.0286507
-0.0324242
-0.0215544
-0.028761
-0.0100633
-0.0417175
-0.0373711
-0.03201
-0.0117882
-0.0415753
-0.0290819
-0.0181101
-0.0377436
-0.039451
-0.0147466
-0.0308655
-0.0408777
-0.0361485
0.000170035
-0.00265652
-0.0402304
0.00817936
-0.0368596
-0.0389155
-0.0362605
-0.0307923
-0.0344704
-0.0350976
-0.036486
-0.00542611
-0.0357493
0.0139372
-0.0385042
-0.0351764
-0.0340079
0.00950632
-0.0308761
0.0125246
-0.0342745
-0.0313013
-0.0354642
-0.00293511
-0.0355551
0.0120986
-0.0373503
-0.0347769
-0.0348178
-0.0367256
-0.0328991
-0.0345354
-0.0182896
0.00341327
-0.0175652
0.00159132
-0.0233773
-0.0354299
-0.0324459
-0.0240285
-0.0176133
0.00245262
-0.016183
-0.0305361
-0.012221
-0.0395046
-0.0378233
-0.0276173
-0.0140336
-0.039902
-0.0314503
-0.0164824
-0.0394651
-0.0419478
-0.0128007
-0.0345129
-0.0402966
0.00561617
-0.0263588
-0.0349376
0.00174258
-0.0274865
-0.0163073
-0.0209065
-0.0109265
-0.0373151
-0.0321738
-0.00208041
-0.0276913
-0.0203919
-0.0216625
-0.0247726
-0.0275982
-0.0413338
-0.0329415
-0.0421697
-0.0289811
-0.0240908
-0.0319444
-0.026685
-0.036666
-0.0371751
-0.0421666
-0.0156186
-0.0411355
-0.0432803
-0.0304673
-0.0435316
-0.0342426
-0.0377976
-0.0419587
-0.0439482
-0.0326848
-0.0416506
-0.0432723
-0.0433302
-0.0421265
-0.0430556
-0.0432817
-0.0399304
-0.04132
-0.0438927
-0.043415
-0.0429336
-0.0433508
-0.044507
-0.0370652
-0.037007
-0.0444086
-0.0444945
-0.040416
-0.028787
-0.0422032
-0.0348352
-0.0442804
-0.0388804
-0.044713
-0.0379958
-0.0441755
-0.0437786
-0.0464312
-0.0382069
-0.0440565
-0.0441401
-0.0414221
-0.0440254
-0.0436445
-0.0439214
-0.0449415
-0.0440986
-0.042766
-0.0381915
-0.0377881
-0.0410827
-0.0399369
-0.0353721
-0.0439838
-0.0269904
-0.0398438
-0.0383422
-0.0367569
-0.0438875
-0.0414153
-0.0438757
-0.043488
-0.0440403
-0.0398508
-0.0437527
-0.0441476
-0.0460859
-0.044362
-0.0434896
-0.043934
-0.0432301
-0.043846
-0.0217286
-0.0434449
-0.037498
-0.0408736
-0.0461879
-0.0464229
-0.0376997
-0.045192
-0.0457687
-0.0277135
-0.0235803
-0.045383
-0.044455
-0.0361895
-0.0460764
-0.0348862
-0.0299418
-0.0450162
-0.0435565
-0.0454021
-0.0449613
-0.0386004
-0.043959
-0.043133
-0.0453268
-0.0326208
-0.0444379
-0.0373835
-0.025269
-0.0445132
-0.0326239
-0.0443826
-0.0343451
-0.0431403
-0.0473033
-0.044123
-0.0433841
-0.028616
-0.0439209
-0.0433688
-0.0417514
-0.043473
-0.0421441
-0.04362
-0.0434594
-0.041964
-0.0442258
-0.041464
-0.043799
-0.0439596
-0.0433654
-0.0420485
-0.0435242
-0.0432484
-0.0409723
-0.0435399
-0.0396488
-0.0435886
-0.0444263
-0.0403226
-0.0439739
-0.0437878
-0.0445503
-0.0440161
-0.042076
-0.0433509
-0.0410074
-0.0330799
-0.0440854
-0.0396837
-0.0431763
-0.0371377
-0.042872
-0.0432377
-0.0428235
-0.0478929
-0.0429622
-0.038072
-0.0392148
-0.0370786
-0.044164
-0.0466557
-0.0465118
-0.0436647
-0.0435538
-0.0430978
-0.0363613
-0.0427162
-0.0422513
-0.0422097
-0.0443543
-0.0438101
-0.0406208
-0.043525
-0.0408252
-0.0439123
-0.0444901
-0.045056
-0.0431253
-0.0403809
-0.0436291
-0.0411518
-0.0436484
-0.045315
-0.0443851
-0.0444732
-0.0437135
-0.0450903
-0.0438149
-0.0433615
-0.0401062
-0.043422
-0.0407879
-0.0438685
-0.0357934
-0.0442424
-0.0433903
-0.0396406
-0.0435852
-0.0411639
-0.0435696
-0.035889
-0.0430945
-0.0443157
-0.04241
-0.0441682
-0.0437967
-0.0437929
-0.0360157
-0.0437973
-0.0438435
-0.0448485
-0.0436406
-0.0356528
-0.0445022
-0.0423589
-0.0330838
-0.0438943
-0.0437959
-0.0436386
-0.0466916
-0.04412
-0.0432932
-0.0394417
-0.0446943
-0.0435352
-0.0401054
-0.041574
-0.040701
-0.0383755
-0.0455638
-0.0378863
-0.039986
-0.0433808
-0.0427302
-0.0435803
-0.0366685
-0.0400812
-0.0388935
-0.0435754
-0.0424437
-0.0391923
-0.0409425
-0.0437136
-0.0438255
-0.0434111
-0.0424125
-0.0402328
-0.0415098
-0.0436374
-0.0430029
-0.0435125
-0.0435774
-0.0425441
-0.0432278
-0.0421083
-0.0455031
-0.0436256
-0.043981
-0.0433862
-0.043514
-0.0392202
-0.0440544
-0.0435309
-0.043726
-0.0426744
-0.0438022
-0.0437058
-0.0432801
-0.0439972
-0.0436575
-0.0438016
-0.0409186
-0.0441193
-0.0438013
-0.0437067
-0.0442223
-0.0436798
-0.044008
-0.0316534
-0.04409
-0.0447651
-0.0437094
-0.0434093
-0.0435999
-0.0431734
-0.0435835
-0.0437211
-0.0389561
-0.0434866
-0.0435387
-0.0422424
-0.043852
-0.0380397
-0.0477899
-0.0423078
-0.0439309
-0.0431671
-0.0437974
-0.0395634
-0.0397716
-0.039069
-0.0437034
-0.0385004
-0.0342605
-0.0415546
-0.0435376
-0.0442677
-0.0435845
-0.0382067
-0.0359861
-0.03218
-0.0353577
-0.0349631
-0.0329329
-0.0392181
-0.0437386
-0.0411529
-0.0391302
-0.0340931
-0.032658
-0.0387044
-0.0439942
-0.0390144
-0.039494
-0.0195334
-0.0407826
-0.0443852
-0.043006
-0.0431089
-0.0390928
-0.0440827
-0.0437453
-0.0435146
-0.0335661
-0.0373451
-0.038309
-0.034105
-0.0420817
-0.0445153
-0.0399009
-0.0437114
-0.0359389
-0.0450365
-0.0368715
-0.0390916
-0.0354292
-0.0424546
-0.0442638
-0.0339669
-0.0324601
-0.0391685
-0.0328368
-0.0437938
-0.038981
-0.0409258
-0.0357106
-0.0387691
-0.0440224
-0.0382194
-0.0406071
-0.0191761
-0.0392035
-0.0316884
-0.0350704
-0.00102887
-0.0345764
-0.0299946
0.000535845
-0.0283312
-0.0295249
0.00445235
-0.0023012
-0.0343683
-0.0317186
-0.0135065
-0.0378566
-0.039099
-0.0413161
-0.017279
-0.0376442
-0.0345394
0.00107436
-0.0273554
0.00489337
-0.0304412
-0.0385604
-0.00155012
-0.0305979
-0.0313477
-0.0292636
-0.0321556
-0.0377372
-0.040043
-0.0345451
-0.0028854
-0.0377936
-0.033193
-0.0439243
-0.0370612
-0.0385313
-0.00224608
-0.0237843
-0.032274
-0.0302544
-0.0344478
-0.0372472
0.00080647
-0.0276186
-0.0305916
0.00450525
-0.0135218
-0.0388938
-0.0373918
-0.041298
-0.0168321
-0.0346242
-0.0373506
-0.00115365
-0.0341123
-0.0297799
0.000263701
-0.0286161
0.00402491
-0.0294908
0.000546437
-0.0283271
0.00445464
-0.02951
-0.0010177
-0.0345393
-0.0299777
0.00108379
-0.0273512
0.00489641
-0.0304313
-0.00229098
-0.0343568
-0.0317085
-0.0134947
-0.0378004
-0.0412866
-0.0390643
-0.0376231
-0.017253
-0.0345283
-0.039285
-0.00130767
-0.0344848
-0.0385847
-0.0287767
-0.0333655
-0.0409152
-0.038481
-0.0237718
-0.00216616
-0.0322233
-0.0301885
-0.0371963
-0.0343851
-0.0400031
-0.00278663
-0.0345244
-0.0378
-0.0331258
-0.0370438
-0.0439589
-0.00238091
-0.0343654
-0.0317718
0.000319653
-0.0285936
0.00403243
-0.0294768
-0.013478
-0.038989
-0.0413271
-0.0374728
-0.0346114
-0.016893
-0.0373919
-0.00107944
-0.034181
-0.0297892
-0.0321245
-0.0353112
-0.0359676
-0.0340942
-0.0326766
-0.0386393
-0.0389804
-0.0440139
-0.0194966
-0.0394692
-0.0407809
-0.0349855
-0.032948
-0.0437654
-0.0392179
-0.0411444
-0.039134
-0.0430721
-0.0376994
-0.0384868
-0.0443456
-0.0446055
-0.0429851
-0.0430841
-0.0390991
-0.043719
-0.0440805
-0.0450708
-0.0368525
-0.0391337
-0.0354446
-0.0443346
-0.0424738
-0.0446943
-0.0446184
-0.0435536
-0.035005
-0.0445719
-0.042942
-0.044533
-0.039913
-0.0359363
-0.0437238
-0.0347918
-0.0388475
-0.0382932
-0.0440282
-0.0192658
-0.0406251
-0.0392101
-0.0317681
-0.0351106
-0.0391438
-0.0437811
-0.0328054
-0.0389885
-0.0409118
-0.0357015
-0.0383656
-0.0399713
-0.0433591
-0.0435451
-0.042751
-0.0455911
-0.0424154
-0.0402346
-0.0436444
-0.0415092
-0.0429623
-0.0435404
-0.0366623
-0.0388898
-0.0400971
-0.0436022
-0.0424616
-0.0392155
-0.0437262
-0.0409587
-0.0438529
-0.0434369
-0.044779
-0.0427178
-0.0420882
-0.0390277
-0.0435893
-0.0425547
-0.0432364
-0.042116
-0.0436342
-0.0455136
-0.0437593
-0.0437699
-0.0396517
-0.0439507
-0.043697
-0.0437871
-0.0436568
-0.04373
-0.0438228
-0.0426805
-0.0437052
-0.0432958
-0.0436617
-0.0439997
-0.0437734
-0.0436784
-0.0408486
-0.0436207
-0.0438736
-0.0436131
-0.0436878
-0.0438064
-0.0441052
-0.0409171
-0.0438057
-0.0436981
-0.0436831
-0.0442336
-0.0438181
-0.0434077
-0.0436007
-0.0432151
-0.0436959
-0.0435821
-0.0439519
-0.0441317
-0.0430679
-0.0409088
-0.0437336
-0.042515
-0.0440274
-0.031697
-0.0447547
-0.0440961
-0.0438506
-0.0406114
-0.0385525
-0.0342305
-0.0435566
-0.0415722
-0.044287
-0.0435995
-0.0381169
-0.0477673
-0.0439199
-0.0423365
-0.0431478
-0.0437992
-0.0396225
-0.0390899
-0.0398163
-0.0437149
-0.0382178
-0.0371487
-0.0432395
-0.042834
-0.0392343
-0.0441477
-0.0370678
-0.0466641
-0.0464718
-0.0436538
-0.0430731
-0.04353
-0.0427142
-0.0363668
-0.0422223
-0.047856
-0.0429504
-0.0380556
-0.0406138
-0.0435224
-0.0439088
-0.040815
-0.04529
-0.0443866
-0.0437044
-0.0444466
-0.0438101
-0.0450705
-0.043349
-0.0444685
-0.0450365
-0.0431101
-0.0403572
-0.0436116
-0.0411402
-0.0436339
-0.0357907
-0.0442489
-0.043397
-0.0423986
-0.0441709
-0.0437886
-0.0437817
-0.0437889
-0.0360312
-0.0438377
-0.0396292
-0.0435717
-0.0411474
-0.0435583
-0.035876
-0.0430878
-0.044305
-0.0356537
-0.0439041
-0.043651
-0.0437775
-0.0441762
-0.0466777
-0.0432657
-0.0393957
-0.0435455
-0.0446811
-0.0401173
-0.0415658
-0.0444877
-0.0423441
-0.033074
-0.040703
-0.0410773
-0.0437941
-0.0389599
-0.0438013
-0.0440008
-0.0465356
-0.0442513
-0.0439195
-0.0440679
-0.0437123
-0.0435785
-0.0405317
-0.0439655
-0.0439682
-0.0450127
-0.0439663
-0.0432186
-0.0436945
-0.0438554
-0.043189
-0.0436544
-0.0433137
-0.0456373
-0.043728
-0.0438452
-0.0431801
-0.0435165
-0.0444631
-0.0425043
-0.0437258
-0.046189
-0.0434681
-0.0444486
-0.0413264
-0.0421968
-0.0446187
-0.0438531
-0.0369063
-0.0437276
-0.0455071
-0.0407297
-0.0443377
-0.0398526
-0.0407006
-0.0399939
-0.0437122
-0.0410733
-0.0396898
-0.04125
-0.0438945
-0.0443157
-0.0436777
-0.0440194
-0.0418806
-0.0439069
-0.043585
-0.0445892
-0.0410721
-0.0424048
-0.0395031
-0.0440345
-0.0438471
-0.0446536
-0.0436596
-0.0432389
-0.0437677
-0.0436817
-0.0398652
-0.0437719
-0.0439534
-0.0437549
-0.0440759
-0.043678
-0.0432634
-0.0438862
-0.0437056
-0.0443934
-0.0435881
-0.0437226
-0.0437828
-0.0433522
-0.0436864
-0.0437576
-0.0406793
-0.0431043
-0.042979
-0.0437735
-0.0440547
-0.0437513
-0.0433157
-0.0457315
-0.0354077
-0.043062
-0.0444441
-0.0438244
-0.0437029
-0.0457447
-0.0455643
-0.0439916
-0.0410266
-0.0394399
-0.0423905
-0.043909
-0.0444109
-0.0437815
-0.0397736
-0.0399336
-0.0405306
-0.0435786
-0.0417699
-0.0436723
-0.0444383
-0.0433659
-0.0440567
-0.0409137
-0.0410742
-0.0395451
-0.043782
-0.0435704
-0.0440526
-0.0369457
-0.039588
-0.0391318
-0.0398733
-0.0437209
-0.0438772
-0.0385663
-0.0416468
-0.0343661
-0.0435921
-0.0436028
-0.0442457
-0.0406708
-0.038188
-0.042348
-0.0478157
-0.0439456
-0.0438171
-0.0430786
-0.03906
-0.0434985
-0.0422889
-0.0435268
-0.0421527
-0.041349
-0.0400196
-0.0434882
-0.0433508
-0.0426882
-0.0376847
-0.0422731
-0.0407975
-0.0389437
-0.0435227
-0.043481
-0.0436391
-0.0454539
-0.0397586
-0.0432953
-0.0433667
-0.0426031
-0.0254209
-0.0444717
-0.0328757
-0.0327747
-0.0443634
-0.0374974
-0.0449366
-0.039191
-0.036858
-0.0425929
-0.0356204
-0.0441902
-0.0445508
-0.0435621
-0.0445005
-0.0429653
-0.0351294
-0.0444338
-0.0429245
-0.0382524
-0.0441341
-0.037452
-0.0431468
-0.036752
-0.0331617
-0.0336265
-0.037874
-0.0415064
-0.0444376
-0.0431111
-0.0430055
-0.0439064
-0.0390248
-0.0436005
-0.0244476
-0.0422445
-0.0289142
-0.0272301
-0.0413699
-0.032705
-0.0203898
-0.0215273
-0.0161457
-0.0207856
-0.0321882
-0.0111982
-0.0374213
-0.0276907
-0.00207408
-0.0262871
-0.035015
0.00581197
-0.0274771
0.00179921
-0.0384052
-0.00192004
-0.032065
-0.023606
-0.0342942
-0.0301189
-0.0371077
-0.03907
-0.0380347
-0.00134448
-0.0340567
-0.0331807
-0.0403576
-0.0284184
-0.0386094
-0.00177509
-0.0315645
-0.0309104
-0.0320706
-0.0291223
-0.0380611
-0.0210444
-0.0183332
-0.028004
-0.00491519
-0.0343873
-0.028784
-0.0135211
-0.0239798
-0.0344711
-0.0116684
-0.0272447
-0.0144075
-0.0161434
-0.0207762
-0.0203716
-0.0215173
-0.0262843
0.00582624
-0.0349974
-0.0274635
0.00180667
-0.0321486
-0.037395
-0.0112203
-0.0276728
-0.00206558
-0.0398671
-0.00257778
-0.0377607
-0.034426
-0.0369675
-0.0330598
-0.0438623
-0.0386392
-0.0315484
-0.00171535
-0.0308872
-0.0320658
-0.0380315
-0.0291122
-0.0391212
-0.00128434
-0.0380972
-0.0340405
-0.0331895
-0.0284125
-0.0403326
-0.0224647
-0.0141357
-0.0239893
-0.011771
-0.0345338
-0.0272429
-0.0143426
-0.0279897
-0.0344616
-0.00494105
-0.0287698
-0.0133986
-0.0253846
-0.0327005
-0.0444515
-0.0374919
-0.0445374
-0.0328298
-0.044445
-0.0361005
-0.0399503
-0.0436695
-0.044718
-0.0446062
-0.0435553
-0.03505
-0.0429302
-0.0444568
-0.0433321
-0.0368156
-0.0331563
-0.0336954
-0.0415497
-0.038074
-0.0427832
-0.0382812
-0.0374798
-0.0441595
-0.0442062
-0.0429846
-0.0431498
-0.0390428
-0.0439316
-0.0436247
-0.0272175
-0.0413313
-0.0326343
-0.0422343
-0.0289144
-0.038551
-0.0343456
-0.0416467
-0.0435867
-0.0441837
-0.043618
-0.0395853
-0.0391274
-0.0398912
-0.0437396
-0.0390487
-0.0435074
-0.0422611
-0.0435263
-0.0406738
-0.038204
-0.042368
-0.0439504
-0.04782
-0.0438366
-0.0430818
-0.037707
-0.0364745
-0.0387985
-0.0399417
-0.0435522
-0.0397705
-0.0433367
-0.0434263
-0.042642
-0.0422959
-0.0408222
-0.0435334
-0.0389695
-0.0435025
-0.0436664
-0.0454913
-0.0407316
-0.0410778
-0.0412574
-0.0396935
-0.0438858
-0.0436228
-0.0443296
-0.0443437
-0.0410688
-0.0424062
-0.0439811
-0.0395091
-0.0437222
-0.0446787
-0.0440356
-0.041879
-0.0439062
-0.0435989
-0.0446287
-0.0441381
-0.0444087
-0.044057
-0.0468498
-0.0436103
-0.0432307
-0.0437855
-0.0436401
-0.0437728
-0.0397925
-0.0439933
-0.044086
-0.0437724
-0.0432629
-0.0436851
-0.0438959
-0.0436553
-0.0441139
-0.0416096
-0.0445671
-0.0434894
-0.0437644
-0.0436901
-0.0437105
-0.0435776
-0.044406
-0.0437444
-0.0437764
-0.0436913
-0.043382
-0.0436504
-0.0435243
-0.0401417
-0.0436433
-0.0435703
-0.0436175
-0.0435084
-0.0437665
-0.0431043
-0.0406829
-0.0430278
-0.0437684
-0.0437536
-0.0440815
-0.0433074
-0.0440498
-0.0433204
-0.0443038
-0.0437292
-0.0424706
-0.0432706
-0.0457249
-0.0430913
-0.0353557
-0.0443948
-0.0437145
-0.043861
-0.0455638
-0.0456012
-0.0440065
-0.0397675
-0.0399581
-0.0405656
-0.0435737
-0.0436858
-0.040905
-0.0411026
-0.0437888
-0.0395916
-0.0435342
-0.044067
-0.0417818
-0.0437083
-0.0444827
-0.0433959
-0.0440707
-0.036965
-0.0410686
-0.0437983
-0.0389434
-0.0438528
-0.0440048
-0.0465264
-0.0440919
-0.0437292
-0.0435955
-0.0439448
-0.0405294
-0.0439715
-0.0449836
-0.0439927
-0.0437175
-0.0432379
-0.0438678
-0.0432192
-0.0456629
-0.043744
-0.0438776
-0.0435353
-0.0431931
-0.0444786
-0.042439
-0.0437502
-0.0435326
-0.0462277
-0.0444594
-0.0412963
-0.0446106
-0.0439084
-0.0367947
-0.0437756
-0.0454885
-0.0437167
-0.0455645
-0.042234
-0.04393
-0.0446605
-0.0370364
-0.0427593
-0.0421711
-0.0439069
-0.043708
-0.0435591
-0.0433624
-0.0445812
-0.043713
-0.0436671
-0.0432383
-0.0436814
-0.0431979
-0.0425452
-0.0438363
-0.0433408
-0.0438051
-0.0433533
-0.0436767
-0.0401198
-0.0436479
-0.0437322
-0.043107
-0.0439459
-0.0437124
-0.0437634
-0.0437203
-0.0434973
-0.0436406
-0.0443511
-0.0438371
-0.0426568
-0.0432012
-0.0437892
-0.0439568
-0.0430113
-0.0438289
-0.0437633
-0.0437428
-0.0443887
-0.0437138
-0.0438098
-0.0435416
-0.0437212
-0.0437116
-0.0442176
-0.0436253
-0.0437118
-0.0442992
-0.0436697
-0.0439241
-0.043506
-0.0436712
-0.0436221
-0.0437406
-0.0437744
-0.0442559
-0.0453851
-0.0433445
-0.0434205
-0.0435007
-0.0437434
-0.0436727
-0.0446249
-0.0435978
-0.043699
-0.0434876
-0.0421338
-0.0438746
-0.0435971
-0.0456121
-0.0434683
-0.0438197
-0.0439248
-0.0436757
-0.0438034
-0.0436594
-0.0435321
-0.0435769
-0.0451253
-0.0436261
-0.0434972
-0.0403062
-0.0438234
-0.0436789
-0.0429989
-0.0438262
-0.0424046
-0.0438543
-0.0438723
-0.0437009
-0.0426104
-0.0437278
-0.0438008
-0.0431906
-0.0426896
-0.0441354
-0.0436936
-0.0436527
-0.0436842
-0.0442396
-0.0436921
-0.0434117
-0.0434979
-0.0436357
-0.0445472
-0.0436757
-0.0437632
-0.0431914
-0.0437025
-0.0388212
-0.0438588
-0.0437107
-0.0464548
-0.0409856
-0.0330154
-0.0356983
-0.0446995
-0.0393899
-0.0435997
-0.0415376
-0.0401926
-0.0443734
-0.0422108
-0.0449662
-0.043766
-0.0437023
-0.0437792
-0.0439901
-0.043135
-0.0443112
-0.0466411
-0.0445729
-0.0438169
-0.0437674
-0.0458013
-0.0456853
-0.0441021
-0.0432092
-0.0433431
-0.0439953
-0.042548
-0.0442608
-0.0437614
-0.0440845
-0.0438148
-0.0468012
-0.0443214
-0.0435826
-0.0437248
-0.0431607
-0.0397349
-0.0435809
-0.0436631
-0.0368657
-0.0390481
-0.044038
-0.046423
-0.0464479
-0.0426105
-0.0429439
-0.0379151
-0.0429287
-0.0434828
-0.0435811
-0.0420721
-0.0424726
-0.0363109
-0.0431512
-0.0426019
-0.044022
-0.03979
-0.0432628
-0.0433034
-0.0410999
-0.0330617
-0.0437968
-0.0435859
-0.0433561
-0.043528
-0.0432539
-0.0436721
-0.0439451
-0.0431796
-0.0443425
-0.0426246
-0.0409828
-0.0438695
-0.0444741
-0.0419256
-0.0387841
-0.0425361
-0.0439272
-0.0434405
-0.0434211
-0.0439006
-0.0391858
-0.0435095
-0.0433883
-0.0431371
-0.0424445
-0.0452979
-0.0418704
-0.0435413
-0.0444858
-0.0343121
-0.0432145
-0.0431559
-0.0471591
-0.0441065
-0.0387048
-0.0437818
-0.0430192
-0.045168
-0.0221335
-0.0278982
-0.0443241
-0.0241003
-0.0455564
-0.0458927
-0.0365708
-0.0435042
-0.0349408
-0.0434814
-0.0300317
-0.0449853
-0.0448266
-0.0453677
-0.031802
-0.0371279
-0.0193432
-0.0377413
-0.0376802
-0.0463597
-0.0463855
-0.0412148
-0.0456393
-0.0381056
-0.0451744
-0.0423534
-0.0433446
-0.0156259
-0.0407187
-0.0435245
-0.0305823
-0.0195047
-0.0402556
-0.0434745
-0.0413862
-0.0440477
-0.0437762
-0.0429891
-0.0372055
-0.0345215
-0.0423642
-0.0442961
-0.0381057
-0.0435148
-0.0329292
-0.0418295
-0.0243921
-0.0321772
-0.0269082
-0.0368328
-0.0316316
-0.0168192
-0.0396193
-0.0422096
-0.0127946
-0.0348818
-0.0404418
-0.0181522
0.00375244
0.00182989
-0.0172997
-0.030553
-0.0379145
-0.0120074
-0.0394325
-0.013928
-0.0398885
-0.0274259
-0.0234571
-0.0357618
-0.024406
-0.032413
-0.0213187
-0.0282793
-0.0226806
-0.0304231
-0.0144235
0.00901799
-0.0239514
-0.0288906
-0.0375365
-0.00932675
-0.0421381
-0.0113523
-0.0419337
-0.0319792
-0.012166
0.00699058
0.0113567
-0.0227925
-0.025061
-0.0288646
-0.0218308
-0.0328153
-0.0250629
-0.0338805
-0.0232885
-0.0335513
-0.0305525
-0.0119981
-0.0379025
-0.039426
-0.0139238
-0.0274238
-0.0398886
-0.0176313
0.00262453
-0.0165253
-0.0316315
-0.0396016
-0.0168432
-0.0421931
-0.0127892
-0.0404372
-0.0348964
-0.0213219
-0.0282777
-0.02268
-0.0304298
-0.023464
-0.0357796
-0.0244466
-0.0324231
-0.0121108
0.0069194
0.011443
-0.0228529
-0.0291636
-0.0373419
-0.018051
-0.0398108
-0.014288
-0.0412178
-0.0310772
-0.0143791
0.00913425
-0.0240096
-0.0249589
-0.0336564
-0.0233046
-0.033279
-0.024949
-0.0289765
-0.0218924
-0.0325625
-0.0279011
-0.0241534
-0.0443653
-0.0455018
-0.0365965
-0.0459476
-0.0387243
-0.0438484
-0.0430211
-0.0452248
-0.0318191
-0.0371282
-0.0193847
-0.0377234
-0.0376738
-0.0463021
-0.041179
-0.0463702
-0.0380929
-0.0456793
-0.0451805
-0.0435052
-0.0349493
-0.0434835
-0.0450014
-0.0300363
-0.0448698
-0.0453841
-0.0195999
-0.0435583
-0.0422109
-0.0431945
-0.0435606
-0.0345589
-0.0424152
-0.0381861
-0.0443148
-0.0330327
-0.0435296
-0.0418368
-0.024548
-0.0323155
-0.0270154
-0.0369063
-0.0402596
-0.0434761
-0.0440468
-0.0413886
-0.0437709
-0.0429755
-0.0372794
-0.0440223
-0.0397841
-0.043302
-0.0410998
-0.0330563
-0.0432613
-0.0440295
-0.0447462
-0.0318305
-0.0441197
-0.0439563
-0.0443543
-0.0431906
-0.0409842
-0.0426254
-0.0438793
-0.0439556
-0.0434696
-0.043434
-0.0439384
-0.0435292
-0.0391927
-0.0444885
-0.0419542
-0.0425443
-0.0388015
-0.0434164
-0.0424733
-0.0431471
-0.0419001
-0.0453192
-0.0435591
-0.0431658
-0.0471815
-0.0441066
-0.0432428
-0.0393929
-0.0447066
-0.0435936
-0.0401995
-0.0415117
-0.0330031
-0.044973
-0.0437649
-0.0436986
-0.0439885
-0.0437743
-0.044318
-0.043122
-0.0466356
-0.0443651
-0.0421897
-0.043322
-0.043296
-0.0457068
-0.0355923
-0.0446278
-0.0438091
-0.0437557
-0.04583
-0.0440817
-0.045856
-0.0431876
-0.0439927
-0.0433541
-0.0442387
-0.0425686
-0.0437849
-0.0439193
-0.0438566
-0.0436599
-0.0431531
-0.043739
-0.0435556
-0.0440982
-0.0438277
-0.044281
-0.0467662
-0.0435245
-0.0431353
-0.0437455
-0.0435372
-0.0396819
-0.0436645
-0.0426191
-0.047809
-0.0428916
-0.0435783
-0.0434829
-0.0424766
-0.042056
-0.0363497
-0.0431544
-0.0425991
-0.0430025
-0.0379044
-0.0437296
-0.0456039
-0.04225
-0.0439
-0.0446755
-0.0371663
-0.043345
-0.0437122
-0.0446153
-0.0438285
-0.0437016
-0.0432705
-0.042777
-0.0433357
-0.0436742
-0.0436255
-0.0401618
-0.0437215
-0.0431501
-0.0439269
-0.0437291
-0.0437233
-0.0437495
-0.0435405
-0.0434911
-0.0443639
-0.0432368
-0.0425262
-0.043823
-0.0433405
-0.0437996
-0.043805
-0.0438386
-0.0435441
-0.0436889
-0.0442593
-0.043698
-0.0436084
-0.0444298
-0.0406882
-0.0442456
-0.0438253
-0.0426622
-0.0432496
-0.0437752
-0.044292
-0.0436539
-0.0439139
-0.0434871
-0.0436594
-0.043611
-0.0437318
-0.0437623
-0.0434274
-0.0439864
-0.042151
-0.0435804
-0.0456154
-0.0436652
-0.0434622
-0.043514
-0.042721
-0.0416049
-0.0437042
-0.0442078
-0.0453538
-0.0433544
-0.0439158
-0.0436666
-0.0437966
-0.0436532
-0.0435241
-0.0435662
-0.0451235
-0.0436225
-0.0423949
-0.0438707
-0.0438897
-0.0437173
-0.0432207
-0.0440679
-0.0436904
-0.0437134
-0.0436393
-0.043679
-0.044248
-0.0433882
-0.0434731
-0.043642
-0.04377
-0.0445844
-0.0437585
-0.043166
-0.042581
-0.0437116
-0.0437902
-0.0431692
-0.0426731
-0.0438703
-0.0437315
-0.0464716
-0.0409841
-0.0455119
-0.0437863
-0.0460545
-0.0436893
-0.0432991
-0.0413097
-0.044504
-0.0436598
-0.0433088
-0.0434194
-0.0431557
-0.0438948
-0.0426002
-0.0443215
-0.043582
-0.0436617
-0.0452413
-0.0436397
-0.0433749
-0.0420392
-0.0435356
-0.0437537
-0.043547
-0.0453442
-0.0437727
-0.0435982
-0.0426978
-0.0416741
-0.0437223
-0.0440441
-0.0437185
-0.0436849
-0.0438225
-0.0433759
-0.0436888
-0.0434836
-0.0436503
-0.0445289
-0.0436739
-0.0435773
-0.043633
-0.0436018
-0.0436217
-0.0436725
-0.0434166
-0.0436366
-0.0435809
-0.0436224
-0.0436161
-0.0433691
-0.0436458
-0.043622
-0.0436568
-0.0435653
-0.0436635
-0.0436454
-0.0434117
-0.0436389
-0.0436627
-0.0436837
-0.0435819
-0.043734
-0.0435998
-0.0436153
-0.0435251
-0.0435014
-0.0435876
-0.0433733
-0.0436064
-0.0436072
-0.0436835
-0.0436025
-0.0435566
-0.0434772
-0.04363
-0.043665
-0.0444251
-0.0442939
-0.0406117
-0.0438419
-0.0430028
-0.0437336
-0.0437975
-0.0442844
-0.0436367
-0.043654
-0.0435691
-0.04347
-0.043602
-0.0435482
-0.0438198
-0.0426479
-0.0430556
-0.0436891
-0.0437217
-0.0436434
-0.0435461
-0.0436498
-0.0441695
-0.0436542
-0.0435428
-0.0405527
-0.0435168
-0.0438617
-0.0448222
-0.0438022
-0.0442675
-0.0438717
-0.0435837
-0.0431331
-0.0438174
-0.0430601
-0.0436512
-0.0439066
-0.0435158
-0.0359056
-0.0430558
-0.0442312
-0.0358423
-0.0442094
-0.0433941
-0.0424195
-0.04374
-0.044162
-0.0437429
-0.0360564
-0.0437851
-0.0436061
-0.0398021
-0.0437776
-0.0436354
-0.0412788
-0.0402104
-0.0435537
-0.0438215
-0.0409477
-0.0436297
-0.0402291
-0.0437748
-0.0436811
-0.0435245
-0.0435724
-0.0436542
-0.0436629
-0.0445533
-0.0443153
-0.0417405
-0.0437237
-0.0436961
-0.0437216
-0.0436638
-0.0443742
-0.0437523
-0.0436995
-0.0432775
-0.0438761
-0.0436885
-0.0455595
-0.0445492
-0.0443129
-0.0436493
-0.0451696
-0.0435151
-0.0437319
-0.0423015
-0.0443469
-0.0436312
-0.0404783
-0.0437875
-0.0436582
-0.0411187
-0.0406572
-0.0435152
-0.0436903
-0.0407992
-0.0441623
-0.0421107
-0.0445642
-0.0397036
-0.0436117
-0.0439255
-0.040331
-0.0439376
-0.0445535
-0.0435561
-0.0433858
-0.0421077
-0.0435602
-0.0409098
-0.0437639
-0.0409185
-0.0436781
-0.0438114
-0.0435565
-0.0438942
-0.0436456
-0.0436852
-0.0439236
-0.043677
-0.0395239
-0.0436643
-0.0435618
-0.04359
-0.0436097
-0.0426037
-0.0436371
-0.0437254
-0.043913
-0.0430909
-0.0435869
-0.043255
-0.0286337
-0.0440679
-0.0433016
-0.04161
-0.0438589
-0.0431934
-0.0436392
-0.0432588
-0.0419141
-0.0439699
-0.0419302
-0.0441253
-0.0460597
-0.044346
-0.0435044
-0.0438909
-0.0432329
-0.0438605
-0.0429326
-0.0385656
-0.0413274
-0.0382148
-0.0400949
-0.0356182
-0.026864
-0.0441756
-0.0438996
-0.0434994
-0.0414991
-0.0438961
-0.0397966
-0.043764
-0.044166
-0.0437019
-0.0375198
-0.0372756
-0.0444587
-0.0443887
-0.0403895
-0.0286036
-0.046084
-0.0317229
-0.0344703
-0.0369151
-0.0440543
-0.0436442
-0.0412798
-0.043939
-0.0449973
-0.0441147
-0.0436929
-0.0421442
-0.0345221
-0.0389508
-0.0440132
-0.0444912
-0.0370338
-0.0371116
-0.0441515
-0.0338732
-0.0304368
0.00978566
-0.0310717
0.0128384
-0.033906
-0.0354704
-0.0358421
-0.00281934
-0.0350275
0.0123687
-0.0374169
-0.0349935
0.00270356
-0.00153008
-0.0392959
0.00431466
-0.0354376
-0.0378401
-0.035817
-0.0310083
-0.0348474
-0.0352166
-0.0348973
-0.0346716
0.00474145
-0.0341965
0.0177667
-0.0330732
-0.0355114
-0.0357693
-0.00573719
-0.0352389
0.0143802
-0.0372589
-0.034525
0.00113613
-0.00314022
-0.0326697
0.00878171
-0.0312658
-0.0327539
-0.0347504
-0.0370505
-0.0328805
-0.0347781
-0.0349922
0.00270255
-0.0392944
-0.00154122
-0.035438
0.00430655
-0.0378471
-0.0354767
-0.00283596
-0.0358479
0.0123563
-0.0350391
-0.0374283
-0.0352934
-0.0342573
0.0044844
-0.0340743
-0.0355113
0.0174421
-0.0362866
-0.0311378
-0.0345964
-0.0354059
-0.0360324
0.000911996
-0.0398202
-0.0026574
-0.0363395
0.00819805
-0.0389263
-0.0364947
-0.00545274
-0.0358432
0.0138626
-0.0354417
-0.0385399
-0.0399883
-0.0384825
-0.0368919
-0.0441447
-0.0443659
-0.0460681
-0.0435082
-0.0439129
-0.0438783
-0.0432388
-0.043685
-0.0374989
-0.037233
-0.0444446
-0.0400984
-0.0356191
-0.0268704
-0.0441754
-0.0439191
-0.0435043
-0.0439085
-0.0415016
-0.0437793
-0.0398009
-0.0441741
-0.0461078
-0.0318656
-0.0345732
-0.0370452
-0.0446198
-0.0441823
-0.0381338
-0.043385
-0.0463771
-0.0442022
-0.0381384
-0.0444269
-0.0404462
-0.0286346
-0.0445194
-0.0370945
-0.0372449
-0.0441598
-0.0440169
-0.0436262
-0.0439206
-0.0412667
-0.0441055
-0.044969
-0.0436596
-0.0421665
-0.0345735
-0.0389781
-0.0440048
-0.0396978
-0.0445749
-0.0436157
-0.0403312
-0.0439456
-0.0441672
-0.0421232
-0.0435617
-0.0421112
-0.0433983
-0.0409109
-0.0435726
-0.0439539
-0.0445679
-0.0437961
-0.0443048
-0.0438734
-0.0409865
-0.0437741
-0.0437102
-0.0440898
-0.0437733
-0.0409302
-0.0438256
-0.0436843
-0.0439073
-0.0435644
-0.0436554
-0.043705
-0.0437078
-0.0439513
-0.0395177
-0.043674
-0.043621
-0.0435733
-0.0436177
-0.0425931
-0.0437502
-0.0436181
-0.0431257
-0.0438847
-0.0435968
-0.0414709
-0.0437625
-0.0436346
-0.0418906
-0.0432644
-0.0419117
-0.0439841
-0.0438777
-0.0432083
-0.0424203
-0.0441586
-0.0437315
-0.0437411
-0.0360678
-0.0436087
-0.043777
-0.0358994
-0.0430447
-0.044228
-0.0402161
-0.0435549
-0.0438247
-0.0409424
-0.0398018
-0.0437674
-0.0436288
-0.0412677
-0.0437245
-0.0429451
-0.0430535
-0.0406711
-0.0437864
-0.043671
-0.0440364
-0.0436311
-0.0402294
-0.0436734
-0.0437882
-0.0435694
-0.0435347
-0.0436562
-0.0437231
-0.0444368
-0.044604
-0.0417683
-0.0437502
-0.0437837
-0.0437248
-0.0437152
-0.0444103
-0.0437428
-0.0437418
-0.0440355
-0.043274
-0.0437233
-0.0423263
-0.0443528
-0.0435664
-0.0445225
-0.0450864
-0.0435179
-0.0406407
-0.043476
-0.0436459
-0.0407763
-0.0404766
-0.0438069
-0.0437273
-0.0411085
-0.0436874
-0.0461203
-0.043343
-0.0444966
-0.0413644
-0.0436821
-0.0433165
-0.043449
-0.0439324
-0.0431476
-0.0443314
-0.0426313
-0.044095
-0.043349
-0.0453081
-0.0435467
-0.0436469
-0.045252
-0.0436209
-0.0433466
-0.0435831
-0.0436151
-0.0434484
-0.0436035
-0.0445835
-0.04356
-0.0435319
-0.0426805
-0.0417051
-0.0436957
-0.0440007
-0.0436898
-0.0436602
-0.0437887
-0.043546
-0.0435827
-0.043497
-0.0436968
-0.0436273
-0.0435917
-0.0436115
-0.0436628
-0.0436363
-0.0434165
-0.0435725
-0.0435957
-0.0436182
-0.0436262
-0.0433815
-0.0436109
-0.0436468
-0.0435577
-0.0436343
-0.043684
-0.0436266
-0.04341
-0.0436279
-0.04364
-0.0436117
-0.043553
-0.043652
-0.0436301
-0.0434219
-0.0436818
-0.0435721
-0.0437305
-0.0435965
-0.0436084
-0.0435033
-0.0436059
-0.0434975
-0.0436187
-0.0433671
-0.0436032
-0.0436851
-0.0435558
-0.0436063
-0.0436273
-0.0434804
-0.0436692
-0.0438345
-0.0436785
-0.0430515
-0.0434753
-0.0442475
-0.0436897
-0.0436604
-0.0441198
-0.0435608
-0.0438202
-0.0434936
-0.044421
-0.0442376
-0.0406538
-0.043703
-0.0437814
-0.0436137
-0.0435597
-0.0436323
-0.0442314
-0.0435245
-0.0435582
-0.0434665
-0.0435985
-0.0435363
-0.0438002
-0.0426625
-0.0431236
-0.0436647
-0.0442696
-0.0439007
-0.0436255
-0.0438325
-0.0431358
-0.0436489
-0.0431131
-0.043917
-0.0435048
-0.0439172
-0.0436023
-0.0430389
-0.0438516
-0.043637
-0.0430192
-0.0437285
-0.0442601
-0.043855
-0.0438761
-0.0404872
-0.0435226
-0.0447238
-0.0438472
-0.0436241
-0.0436705
-0.0437275
-0.043788
-0.043736
-0.0434261
-0.0436447
-0.0435699
-0.0435631
-0.0440872
-0.0436349
-0.0444323
-0.0405456
-0.0443103
-0.0441583
-0.04372
-0.0436092
-0.0438389
-0.0438686
-0.0437019
-0.0427843
-0.043651
-0.043494
-0.0436002
-0.0442483
-0.0436615
-0.0436463
-0.0436467
-0.0436092
-0.0436579
-0.0434406
-0.0436455
-0.0435705
-0.0436305
-0.0436063
-0.043637
-0.0436218
-0.0436289
-0.0435981
-0.0434248
-0.04364
-0.0436375
-0.0436527
-0.0435824
-0.0435733
-0.0436755
-0.0433909
-0.0436004
-0.0436454
-0.0435418
-0.0435618
-0.0433711
-0.0436011
-0.043689
-0.0436617
-0.0436015
-0.0436958
-0.0436481
-0.0435148
-0.0427965
-0.0436712
-0.0417896
-0.0433931
-0.0435794
-0.0436505
-0.0437633
-0.0435552
-0.0447788
-0.0436886
-0.0435066
-0.0435647
-0.0434779
-0.0452688
-0.044207
-0.0454732
-0.0432832
-0.0434561
-0.0438223
-0.0421132
-0.043609
-0.0455649
-0.0438184
-0.0435449
-0.0432286
-0.0438401
-0.0433377
-0.0426802
-0.0442492
-0.0436032
-0.0431828
-0.0431778
-0.0461894
-0.0435665
-0.0413453
-0.0444055
-0.0453911
-0.0436242
-0.0405388
-0.0437979
-0.0412064
-0.0436652
-0.0407855
-0.0436033
-0.0409209
-0.0437664
-0.044644
-0.0451431
-0.0434244
-0.0424
-0.044454
-0.0437236
-0.0456234
-0.0437192
-0.0445962
-0.0443862
-0.0435914
-0.0438267
-0.0452955
-0.0436698
-0.0417476
-0.0445032
-0.044228
-0.0436617
-0.0436886
-0.0437195
-0.043602
-0.0437008
-0.0437473
-0.0402265
-0.0436253
-0.0434261
-0.0436362
-0.0436762
-0.0406668
-0.0429269
-0.0430378
-0.0438867
-0.0437333
-0.0437386
-0.0400456
-0.0434593
-0.0408167
-0.043715
-0.0358022
-0.0430419
-0.0442258
-0.0422854
-0.0436363
-0.0437413
-0.0439722
-0.0437002
-0.0434879
-0.0358664
-0.0356786
-0.0439538
-0.0432494
-0.044028
-0.0433901
-0.0434716
-0.0421025
-0.0436773
-0.0441786
-0.0420864
-0.0415971
-0.0438808
-0.0439999
-0.043413
-0.0287196
-0.0434895
-0.0417337
-0.0437449
-0.0396134
-0.0439789
-0.0437878
-0.0436144
-0.0437237
-0.0437354
-0.0436341
-0.0436172
-0.0436342
-0.0408537
-0.0435291
-0.0434591
-0.0437117
-0.0436263
-0.0408649
-0.0436587
-0.0440987
-0.0439554
-0.0435406
-0.0436104
-0.0431688
-0.0419198
-0.0434135
-0.0433072
-0.0406966
-0.0439764
-0.041947
-0.0434411
-0.0443567
-0.0392475
-0.0436388
-0.0400944
-0.0443286
-0.0414347
-0.0440905
-0.0437357
-0.0440651
-0.0450905
-0.044219
-0.0449729
-0.0375
-0.0447369
-0.0374104
-0.0446736
-0.0287825
-0.0406071
-0.0448869
-0.0438938
-0.0382436
-0.0443088
-0.0382434
-0.0442161
-0.0465837
-0.0464258
-0.0316964
-0.0371209
-0.0345577
-0.0397073
-0.0353698
-0.0437205
-0.0266212
-0.0431553
-0.0370002
-0.0438446
-0.0367185
-0.0438337
-0.0432101
-0.0456981
-0.0441852
-0.0431211
-0.0437199
-0.0437056
-0.0396133
-0.0366598
-0.038096
-0.0424424
-0.0378976
-0.0375469
-0.0408215
-0.0362403
-0.00252755
-0.040263
0.000116433
-0.0389575
0.00828911
-0.0369672
-0.0363503
-0.0309229
-0.0353397
-0.0345636
-0.0355004
0.00372867
-0.0342167
0.0174379
-0.0361161
-0.0341545
-0.0354028
-0.0355485
-0.00323442
-0.0374434
-0.0347114
0.0120487
-0.0350647
-0.00188959
-0.0408204
0.00245725
-0.0393005
0.00408854
-0.0357082
-0.0346784
-0.0364269
-0.0344231
-0.0326169
-0.0338865
0.00957879
-0.0306345
0.0125576
-0.0341851
-0.0310497
-0.0365873
-0.00529087
-0.0360304
-0.0385636
0.013973
-0.0354358
-0.0355152
0.00373392
-0.0342184
-0.0361168
0.0174227
-0.0341715
-0.0363691
-0.0309309
-0.0353494
-0.0345882
-0.0350265
-0.0395862
-0.00167887
0.00250337
-0.0378664
-0.0356803
0.00414226
-0.0353765
-0.00305909
-0.0355956
-0.0373888
0.0120858
-0.0347065
-0.0338452
0.00960469
-0.030621
-0.0341599
0.0125676
-0.0310454
-0.0346631
-0.0363865
-0.0344152
-0.0326112
-0.0424494
-0.034758
-0.0444405
-0.0391352
-0.0443383
-0.0441003
-0.0414368
-0.0437454
-0.0440725
-0.0442286
-0.045091
-0.0464054
-0.0316935
-0.0371125
-0.0345457
-0.0446653
-0.0287796
-0.0406001
-0.0448956
-0.0439026
-0.0443206
-0.0382462
-0.0442268
-0.0382358
-0.0465844
-0.0431634
-0.0370488
-0.043859
-0.0367132
-0.0435731
-0.0437107
-0.0413377
-0.0432261
-0.0437588
-0.0435729
-0.0396769
-0.0397418
-0.0354293
-0.0437224
-0.0267406
-0.0424635
-0.0378518
-0.0375336
-0.0408292
-0.0438379
-0.0431777
-0.0441822
-0.045729
-0.0437071
-0.0431352
-0.0437121
-0.0396585
-0.0367853
-0.0381588
-0.0421065
-0.043482
-0.0436878
-0.0420918
-0.0441927
-0.0440444
-0.0434019
-0.0440089
-0.0287122
-0.0434343
-0.0417342
-0.043502
-0.0416103
-0.0438933
-0.0437124
-0.0439074
-0.0436973
-0.0426996
-0.0436962
-0.0432305
-0.0439564
-0.0437507
-0.0396176
-0.0438232
-0.0440085
-0.0437364
-0.043614
-0.0437874
-0.0436488
-0.0436526
-0.0436002
-0.040853
-0.0435435
-0.0437208
-0.0434606
-0.0436406
-0.0408484
-0.0440676
-0.0436799
-0.0435292
-0.0439713
-0.0436161
-0.0437865
-0.0443396
-0.0434069
-0.0393473
-0.0443294
-0.0400922
-0.043628
-0.0439339
-0.0419336
-0.0405219
-0.0437869
-0.0411984
-0.043667
-0.0423989
-0.0444651
-0.0437098
-0.0455931
-0.043715
-0.0443846
-0.044589
-0.0438187
-0.0435871
-0.0452859
-0.044627
-0.0451361
-0.0434268
-0.0436939
-0.0436429
-0.04383
-0.0444079
-0.0437109
-0.0438201
-0.0433219
-0.0436752
-0.0417532
-0.044235
-0.044526
-0.0436873
-0.0436876
-0.0437351
-0.0436443
-0.0438228
-0.0436804
-0.0402575
-0.0436641
-0.0437195
-0.0434176
-0.0437091
-0.040707
-0.0429977
-0.0429052
-0.0438171
-0.0438556
-0.0437247
-0.0400679
-0.0434306
-0.0408088
-0.0437225
-0.039719
-0.0437827
-0.0411829
-0.0436774
-0.042303
-0.0436486
-0.0439983
-0.0437345
-0.0434931
-0.0437085
-0.035925
-0.0357199
-0.0439747
-0.0432658
-0.0358395
-0.0430548
-0.0443119
-0.0438881
-0.0430182
-0.0436739
-0.0437537
-0.0430678
-0.0442952
-0.0438804
-0.0439066
-0.0435461
-0.0404845
-0.0438719
-0.0447786
-0.0437879
-0.0425115
-0.0437264
-0.0429642
-0.0436118
-0.0436416
-0.0436964
-0.043768
-0.043842
-0.0434042
-0.0436134
-0.0428305
-0.0436287
-0.0434831
-0.0442208
-0.0443921
-0.0405384
-0.0442159
-0.0441566
-0.0436955
-0.0435844
-0.0437978
-0.0436084
-0.0435785
-0.043637
-0.0436097
-0.0436421
-0.0434188
-0.0436627
-0.0436539
-0.0436616
-0.0436081
-0.0436519
-0.0436415
-0.0434448
-0.0435679
-0.0436129
-0.0435878
-0.0436294
-0.0436206
-0.0436303
-0.0435956
-0.0436366
-0.0434193
-0.0436329
-0.0436032
-0.0435931
-0.0435105
-0.0434926
-0.0436077
-0.043588
-0.0433388
-0.0436505
-0.0435737
-0.0435846
-0.0436743
-0.043599
-0.0433885
-0.0436426
-0.0435439
-0.0435586
-0.0436008
-0.0433673
-0.0436861
-0.0436595
-0.0435952
-0.0436941
-0.043646
-0.043379
-0.0435919
-0.0436136
-0.043651
-0.0435342
-0.043573
-0.0448186
-0.0439367
-0.0435146
-0.0436279
-0.0434684
-0.0434944
-0.0428284
-0.0436471
-0.0418291
-0.0434065
-0.0439759
-0.0436174
-0.0421567
-0.0436287
-0.0457199
-0.0435214
-0.043517
-0.0435591
-0.0434742
-0.0452663
-0.0441617
-0.0455327
-0.0432666
-0.0435901
-0.0431471
-0.0432516
-0.0435407
-0.0462705
-0.0443744
-0.0414028
-0.0453977
-0.043555
-0.0410885
-0.0437162
-0.0439535
-0.0465022
-0.0436884
-0.0389628
-0.0426291
-0.0439122
-0.0432526
-0.0437322
-0.043375
-0.0443054
-0.0435352
-0.0434711
-0.0431407
-0.0435597
-0.0441246
-0.0437748
-0.0436285
-0.0437595
-0.0434279
-0.0444673
-0.0436255
-0.0431982
-0.0423402
-0.043753
-0.0437368
-0.0435416
-0.0435508
-0.0436811
-0.0402329
-0.0438107
-0.0432246
-0.0437736
-0.0440922
-0.0436475
-0.043639
-0.0437526
-0.0442811
-0.0433242
-0.0456639
-0.0436575
-0.042778
-0.0437276
-0.0419381
-0.0436025
-0.043646
-0.0421202
-0.0438684
-0.0436438
-0.0438632
-0.0458154
-0.0436024
-0.0437117
-0.0435431
-0.0438314
-0.0436975
-0.043752
-0.0449686
-0.0442598
-0.0436392
-0.0435942
-0.0438371
-0.043845
-0.0424866
-0.0436907
-0.0430154
-0.0444354
-0.0442535
-0.0406416
-0.0437441
-0.043683
-0.0434392
-0.0436331
-0.0435846
-0.0436778
-0.0441729
-0.0438686
-0.0437061
-0.042899
-0.0438496
-0.0442825
-0.0436728
-0.0436586
-0.0431747
-0.0441225
-0.0436506
-0.0437402
-0.0436387
-0.0443447
-0.043342
-0.0436613
-0.043574
-0.0401642
-0.0437346
-0.0437658
-0.0431503
-0.0438361
-0.0425938
-0.0433984
-0.0436198
-0.0443686
-0.0436013
-0.0431451
-0.0437018
-0.0423744
-0.0437337
-0.0438956
-0.0436592
-0.044575
-0.0438157
-0.0369875
-0.0421499
-0.0436337
-0.0454768
-0.0430014
-0.0379607
-0.0432647
-0.0427116
-0.0434892
-0.043706
-0.0428932
-0.0364717
-0.0421559
-0.0425721
-0.0478174
-0.0426432
-0.0440673
-0.0368486
-0.0391074
-0.0463396
-0.0464959
-0.0440879
-0.0468039
-0.0442873
-0.0438407
-0.0439016
-0.0437471
-0.044089
-0.0436349
-0.0438769
-0.0431369
-0.0431454
-0.0432115
-0.0440513
-0.0437368
-0.0424997
-0.0442222
-0.044517
-0.0436339
-0.0436736
-0.0455661
-0.0439718
-0.0457155
-0.0431656
-0.0355149
-0.0456001
-0.043283
-0.0437663
-0.0438089
-0.0435765
-0.0465508
-0.0431582
-0.043973
-0.0447786
-0.0435743
-0.0329723
-0.0434765
-0.0446229
-0.0394579
-0.0415364
-0.0400111
-0.0355731
-0.0433588
-0.0473068
-0.0432153
-0.0442476
-0.0445272
-0.0344151
-0.0445069
-0.0388126
-0.0426691
-0.0419682
-0.0440006
-0.0434939
-0.043504
-0.0392935
-0.0435437
-0.0440642
-0.0437959
-0.0430061
-0.0441992
-0.0437333
-0.0425062
-0.0409675
-0.0439312
-0.0439452
-0.0318039
-0.0446616
-0.043682
-0.043016
-0.0435054
-0.0431152
-0.0435667
-0.0434328
-0.0409711
-0.0429241
-0.032929
-0.0437123
-0.0395525
-0.0400764
-0.0414356
-0.0439776
-0.0434772
-0.0430881
-0.0434341
-0.0244075
-0.0320534
-0.0368471
-0.0266806
-0.0344112
-0.0440023
-0.0379395
-0.0419214
-0.0418597
-0.0433381
-0.0327219
-0.0434395
-0.0431594
-0.0420875
-0.0433312
-0.0194694
-0.042314
-0.0410699
-0.0431938
-0.0156445
-0.0435921
-0.0304882
-0.0432362
-0.0371448
-0.0462283
-0.0404233
-0.0450741
-0.044855
-0.0463329
-0.037742
-0.0313407
-0.0364672
-0.037317
-0.0188023
-0.0382976
-0.0425471
-0.0435516
-0.0448103
-0.027285
-0.04546
-0.0442201
-0.0232989
-0.0455548
-0.0364647
-0.021713
-0.0248423
-0.0336833
-0.0333534
-0.0233562
-0.0142193
-0.0237491
0.00902277
-0.0290624
-0.039372
-0.0179983
-0.0377226
-0.0308313
-0.0408912
-0.0146972
-0.0120044
0.00648277
-0.0229443
0.0112822
-0.0287291
-0.0417383
-0.0373564
-0.010137
-0.0415883
-0.0320597
-0.0117644
-0.0231013
-0.0351226
-0.0321791
-0.023776
-0.021107
-0.0284761
-0.030402
-0.0226655
-0.0312948
-0.0416236
-0.0162579
-0.0375047
-0.0343938
-0.0394257
-0.0129223
-0.0174707
-0.0158682
0.00302489
-0.0303463
-0.0389497
-0.0365503
-0.011655
-0.0393256
-0.0272668
-0.013654
-0.0180992
0.00423698
-0.0172663
0.00215087
-0.0247769
-0.028727
-0.0325167
-0.0215658
-0.0120213
0.00645149
-0.0229462
0.0112664
-0.0287474
-0.0417423
-0.0101483
-0.0373677
-0.0320622
-0.0415979
-0.0117793
-0.0142411
-0.0237488
0.00900649
-0.0290849
-0.0393819
-0.0377329
-0.01799
-0.0409022
-0.0308332
-0.0147132
-0.02112
-0.0284716
-0.0304082
-0.0226736
-0.0230955
-0.0350713
-0.0321792
-0.0237062
-0.0303528
-0.0389581
-0.0116719
-0.0365438
-0.0272778
-0.039314
-0.0136543
-0.0181184
0.00418845
-0.0172785
0.00213709
-0.0312794
-0.0415601
-0.0374782
-0.0161726
-0.0394047
-0.0343145
-0.0128974
-0.0174666
-0.0157959
0.00303904
-0.0343906
-0.0379361
-0.0440084
-0.0419231
-0.0418474
-0.0327224
-0.0433493
-0.0374319
-0.0400663
-0.0439877
-0.0414303
-0.0434929
-0.0430789
-0.0434476
-0.0194461
-0.0422954
-0.041071
-0.0156131
-0.0431958
-0.030485
-0.0436002
-0.0434275
-0.0431676
-0.0420901
-0.0433424
-0.031234
-0.0364027
-0.0373206
-0.0187037
-0.0345248
-0.0445114
-0.0297382
-0.0430022
-0.0453612
-0.0446438
-0.0432794
-0.0272213
-0.045421
-0.0231993
-0.0442429
-0.0363605
-0.0456025
-0.021605
-0.0382807
-0.0424964
-0.0435965
-0.0448632
-0.047312
-0.0432358
-0.0442628
-0.0433719
-0.0445334
-0.0344102
-0.0435261
-0.0425585
-0.043306
-0.0436434
-0.0420343
-0.0454806
-0.0440138
-0.0434933
-0.0435102
-0.0435349
-0.0392829
-0.0440622
-0.04453
-0.0427281
-0.0388207
-0.0419796
-0.0438313
-0.0441859
-0.0430422
-0.0437576
-0.0408902
-0.0425587
-0.0435672
-0.0429908
-0.0434757
-0.0435475
-0.0430645
-0.0433695
-0.0438727
-0.0317236
-0.0439602
-0.0446235
-0.0431449
-0.0436668
-0.0396017
-0.0436986
-0.0434839
-0.0428927
-0.0364794
-0.0425623
-0.0421368
-0.0429947
-0.0379498
-0.0426453
-0.0440527
-0.0391111
-0.0368452
-0.0464797
-0.0463338
-0.0478107
-0.0435401
-0.0431157
-0.0437333
-0.0436099
-0.0435393
-0.0398102
-0.0440903
-0.0442785
-0.0468827
-0.0438291
-0.0438327
-0.0437582
-0.0441015
-0.0438822
-0.0436633
-0.0431233
-0.043068
-0.04401
-0.0431982
-0.0437151
-0.0441954
-0.0424944
-0.0445669
-0.0435803
-0.0436448
-0.0439416
-0.0457404
-0.0457448
-0.0432474
-0.0456357
-0.0355813
-0.0432567
-0.0448573
-0.0436298
-0.0443825
-0.0422038
-0.0435083
-0.0394163
-0.0446888
-0.0400507
-0.0415299
-0.0355912
-0.0330135
-0.0437048
-0.0439589
-0.0465435
-0.0437015
-0.0389925
-0.0440767
-0.0436572
-0.0437595
-0.0437432
-0.043404
-0.0435998
-0.0444457
-0.0425938
-0.0426178
-0.0438928
-0.0432327
-0.0437382
-0.0423402
-0.0437699
-0.0437539
-0.0435596
-0.0435249
-0.0436689
-0.043828
-0.0402851
-0.0437881
-0.0432078
-0.0431987
-0.0436363
-0.0436707
-0.0435436
-0.0452301
-0.0440957
-0.0436461
-0.0436327
-0.0437577
-0.0435495
-0.0436583
-0.0439737
-0.0421649
-0.0436932
-0.0435968
-0.0458478
-0.0435778
-0.0436752
-0.043715
-0.0435406
-0.0436825
-0.0436951
-0.0449387
-0.0442416
-0.0433047
-0.0456371
-0.0436456
-0.0427877
-0.0437199
-0.041927
-0.0436868
-0.0435852
-0.04375
-0.0436691
-0.0442522
-0.0436334
-0.0435898
-0.0438221
-0.0437321
-0.0436672
-0.0437449
-0.0433874
-0.0436799
-0.0435771
-0.044171
-0.0438583
-0.0436663
-0.0435463
-0.0429046
-0.043709
-0.0442451
-0.0436146
-0.0438357
-0.0424517
-0.0436812
-0.0430101
-0.0444257
-0.044218
-0.0406278
-0.0435314
-0.0437604
-0.0402064
-0.0437239
-0.0431711
-0.0438188
-0.0425693
-0.0437749
-0.0438516
-0.0431391
-0.0431802
-0.0433999
-0.0436653
-0.0435864
-0.0443592
-0.0436997
-0.0431296
-0.042361
-0.0437261
-0.0438766
-0.0436494
-0.0425737
-0.0421549
-0.0436024
-0.0454992
-0.0437394
-0.0455488
-0.0439328
-0.0445992
-0.0369298
-0.0421174
-0.0461564
-0.0432987
-0.0435484
-0.0416439
-0.044296
-0.0430976
-0.0435034
-0.044081
-0.0430224
-0.0441479
-0.0453125
-0.0435616
-0.0436807
-0.0432142
-0.0428905
-0.0436137
-0.0438692
-0.0431335
-0.0437103
-0.0406179
-0.0439512
-0.0435696
-0.0449831
-0.0438897
-0.0438827
-0.0435236
-0.0444057
-0.0440077
-0.0439251
-0.0436267
-0.0465462
-0.04375
-0.0388624
-0.0410005
-0.0370331
-0.0418199
-0.0439839
-0.0433929
-0.0446623
-0.0409066
-0.0395644
-0.0437446
-0.0411603
-0.0440389
-0.0435255
-0.043865
-0.0397915
-0.0406248
-0.0400095
-0.0435533
-0.0411051
-0.0439174
-0.0395377
-0.0424233
-0.0446141
-0.0437371
-0.0432133
-0.0354907
-0.0431484
-0.045705
-0.0433154
-0.0432833
-0.0440787
-0.0425701
-0.0438918
-0.0443459
-0.0435737
-0.0429407
-0.0406416
-0.0428339
-0.0439133
-0.0437849
-0.0433881
-0.0435344
-0.0439254
-0.0401928
-0.043828
-0.0434907
-0.0436686
-0.043393
-0.0436777
-0.0438806
-0.0444407
-0.0438086
-0.0432585
-0.0437413
-0.0438052
-0.0437013
-0.0446203
-0.0418146
-0.0443365
-0.0437234
-0.0437583
-0.0437434
-0.0439295
-0.0437292
-0.0438901
-0.043753
-0.0436113
-0.0432074
-0.0436064
-0.0437853
-0.0432316
-0.0397927
-0.0436336
-0.0436023
-0.0441351
-0.0468902
-0.0439606
-0.0443892
-0.043861
-0.0409588
-0.0394279
-0.043934
-0.0424058
-0.0445153
-0.0437826
-0.0441801
-0.0409863
-0.0438401
-0.0395361
-0.0412148
-0.0441901
-0.0436488
-0.0398045
-0.0400195
-0.0406661
-0.0436757
-0.0407719
-0.0422769
-0.039057
-0.0435973
-0.0408436
-0.0436373
-0.043387
-0.0397862
-0.0433235
-0.0426109
-0.0434551
-0.0364991
-0.0399668
-0.0388163
-0.0435262
-0.0376974
-0.0422891
-0.0435459
-0.0413863
-0.0400413
-0.0434114
-0.0428061
-0.0406121
-0.0391321
-0.0434403
-0.0434617
-0.0422717
-0.0394512
-0.0398868
-0.0391239
-0.043796
-0.0384473
-0.0436333
-0.0416892
-0.0344598
-0.0436598
-0.0441687
-0.0438376
-0.0421516
-0.0288825
-0.0412156
-0.027379
-0.0326641
-0.0246568
-0.0428378
-0.0442253
-0.0375427
-0.0383144
-0.0433559
-0.0333583
-0.037053
-0.0381694
-0.0417469
-0.0338039
-0.044927
-0.0434916
-0.0445071
-0.0444743
-0.0429166
-0.0350552
-0.0446707
-0.0436858
-0.0400218
-0.0362494
-0.0452096
-0.037048
-0.0393625
-0.0353867
-0.0445981
-0.0428046
-0.0443798
-0.0328268
-0.0375191
-0.0254863
-0.00497758
-0.0376448
-0.0281851
-0.0132307
-0.0287994
-0.0375933
-0.012141
-0.0237188
-0.0142262
-0.0271674
-0.0227051
-0.0143128
-0.0208982
-0.0183495
-0.0391723
-0.0342525
-0.0383456
-0.00126782
-0.0405104
-0.0287004
-0.0333118
-0.0385853
-0.0308302
-0.00159627
-0.0314975
-0.0292763
-0.0378885
-0.0321291
-0.0399965
-0.0346693
-0.0380364
-0.00270164
-0.0442252
-0.0330808
-0.0372
-0.0383562
-0.0235054
-0.0020463
-0.0323995
-0.0300812
-0.0371153
-0.0345441
-0.036759
0.00609802
-0.0261687
0.00216531
-0.0273342
-0.0205396
-0.0215607
-0.016092
-0.0207671
-0.0121507
-0.0376036
-0.0237149
-0.0142413
-0.0271737
-0.0376541
-0.00497384
-0.0281747
-0.0132401
-0.0288017
-0.0208999
-0.0183532
-0.0226929
-0.0143123
-0.0385902
-0.0308323
-0.0314984
-0.001597
-0.0378903
-0.0292802
-0.0321307
-0.0391757
-0.0342466
-0.0012669
-0.0383418
-0.028702
-0.0405153
-0.0333112
-0.0383438
-0.0235136
-0.032387
-0.00203359
-0.0371073
-0.0300508
-0.034515
-0.0399688
-0.0346151
-0.00267181
-0.0380253
-0.0330356
-0.0442102
-0.0371729
-0.0384973
-0.0105702
-0.0322299
-0.00174747
-0.027542
-0.0161053
-0.020739
-0.0204765
-0.0215182
-0.0412085
-0.0273644
-0.0326422
-0.0421448
-0.0288583
-0.0246349
-0.044257
-0.0429053
-0.0430859
-0.043615
-0.0390339
-0.0440061
-0.0433593
-0.0333465
-0.037051
-0.0417497
-0.0381524
-0.0337972
-0.0428404
-0.0375342
-0.0442239
-0.0383076
-0.0449626
-0.0445516
-0.0435009
-0.0445038
-0.0350063
-0.0429085
-0.0452523
-0.0369981
-0.0393617
-0.0446033
-0.0353316
-0.0427878
-0.0447003
-0.0399965
-0.0436894
-0.0362047
-0.0444125
-0.0327858
-0.0254256
-0.0454817
-0.042278
-0.0435926
-0.0390728
-0.0408454
-0.0436576
-0.043389
-0.0376916
-0.0422889
-0.0435494
-0.0400437
-0.0413936
-0.0428095
-0.0434206
-0.0365087
-0.0399758
-0.0388257
-0.0435311
-0.0391398
-0.0434305
-0.0434144
-0.0422545
-0.0382196
-0.0438469
-0.0478113
-0.0423906
-0.0430661
-0.0438587
-0.0406108
-0.0385406
-0.0436269
-0.0343502
-0.0416686
-0.0441478
-0.0436328
-0.0438204
-0.0395439
-0.0399082
-0.0391335
-0.0437712
-0.0370283
-0.0441066
-0.0418121
-0.0440005
-0.0434016
-0.0446767
-0.039757
-0.040621
-0.0400016
-0.0435466
-0.0410711
-0.0438936
-0.0424162
-0.0395507
-0.0436431
-0.0446572
-0.043882
-0.0444081
-0.0439106
-0.0437635
-0.0440033
-0.0457604
-0.0459086
-0.0433228
-0.0432121
-0.0355126
-0.0457506
-0.0433091
-0.0432368
-0.0441263
-0.0439137
-0.0425726
-0.0443666
-0.0435637
-0.0429071
-0.0428347
-0.0406412
-0.0437955
-0.0438463
-0.0433462
-0.0435635
-0.0438966
-0.0438912
-0.0401835
-0.0436734
-0.043457
-0.0434054
-0.0436881
-0.0438526
-0.0438903
-0.0444901
-0.0437351
-0.0432283
-0.0439448
-0.0437069
-0.0446124
-0.0443088
-0.0418132
-0.0437536
-0.0437065
-0.0438055
-0.0439319
-0.0438795
-0.0437066
-0.0437396
-0.043195
-0.0435784
-0.0435331
-0.0437953
-0.0431771
-0.0436405
-0.039734
-0.0435825
-0.04413
-0.0439708
-0.0468202
-0.0444069
-0.0410075
-0.043928
-0.039464
-0.042412
-0.0445573
-0.0437357
-0.0418272
-0.0436737
-0.0445623
-0.0434563
-0.0439235
-0.0410341
-0.043867
-0.0412677
-0.0396436
-0.0436533
-0.0442499
-0.0398361
-0.0400192
-0.0407208
-0.0437025
-0.0442106
-0.0438863
-0.0445778
-0.0370323
-0.0420756
-0.0434891
-0.0430807
-0.0440642
-0.0429519
-0.0441617
-0.045268
-0.0435079
-0.0436638
-0.0431876
-0.0439655
-0.0406249
-0.0435547
-0.0449811
-0.0438725
-0.0438643
-0.0434935
-0.0444044
-0.0439745
-0.0437273
-0.038825
-0.0410397
-0.040771
-0.0442707
-0.0423961
-0.0446561
-0.0435761
-0.0395286
-0.0415807
-0.0401894
-0.0438413
-0.0437071
-0.0438705
-0.0433115
-0.0465531
-0.0442551
-0.0357187
-0.0446784
-0.043718
-0.0397238
-0.0438425
-0.0434483
-0.0412508
-0.0421854
-0.0436933
-0.0436429
-0.0439496
-0.043451
-0.0358726
-0.0434588
-0.035638
-0.0439046
-0.0433804
-0.0401506
-0.0435964
-0.0408676
-0.0439025
-0.0445371
-0.0451472
-0.0434079
-0.0456527
-0.0445819
-0.0437134
-0.044425
-0.0435477
-0.0452443
-0.0438335
-0.0405999
-0.0435405
-0.0407843
-0.0436869
-0.0423512
-0.0444555
-0.043712
-0.0478464
-0.0435716
-0.0430259
-0.0436892
-0.0421541
-0.0363228
-0.0426
-0.0369371
-0.0441176
-0.0391153
-0.0464694
-0.0465787
-0.0432077
-0.0427134
-0.0427837
-0.0370722
-0.0382622
-0.0381411
-0.0423685
-0.0440012
-0.0478448
-0.043884
-0.0431886
-0.0384828
-0.0415854
-0.0434692
-0.0341412
-0.0435911
-0.0440319
-0.0406572
-0.04369
-0.0390546
-0.0433794
-0.043542
-0.04216
-0.0439171
-0.0441117
-0.0447516
-0.0316478
-0.0440873
-0.043034
-0.0443944
-0.0425246
-0.0440925
-0.0409436
-0.0435094
-0.0434751
-0.0432075
-0.0435018
-0.043554
-0.0430866
-0.0437202
-0.0437295
-0.0408727
-0.0441663
-0.0440092
-0.0438603
-0.0436713
-0.0437188
-0.0437821
-0.0409598
-0.0437224
-0.0435968
-0.0436529
-0.0438694
-0.0436362
-0.0436913
-0.0425845
-0.0437433
-0.0439005
-0.0436541
-0.043109
-0.0437688
-0.0440345
-0.0396831
-0.0437978
-0.0436772
-0.0438153
-0.0437027
-0.0435068
-0.0432446
-0.0425184
-0.0454495
-0.0436248
-0.0420655
-0.044708
-0.038951
-0.0420952
-0.0428135
-0.0440744
-0.0436346
-0.0436431
-0.0441571
-0.0436754
-0.0394202
-0.0366162
-0.040015
-0.0388571
-0.0435969
-0.0423291
-0.0415228
-0.0436301
-0.040335
-0.0434037
-0.0430048
-0.0455663
-0.0399761
-0.043422
-0.0427385
-0.0435781
-0.038009
-0.038363
-0.032819
-0.0436264
-0.0390511
-0.0409025
-0.0388561
-0.0319137
-0.0351588
-0.0438748
-0.0384009
-0.0387582
-0.0392312
-0.0404962
-0.0193353
-0.0346652
-0.033888
-0.0323564
-0.0442121
-0.0435131
-0.035816
-0.0395807
-0.0444733
-0.0434386
-0.0443981
-0.0428131
-0.0442934
-0.0347369
-0.0446914
-0.0389567
-0.0365953
-0.0423259
-0.0439796
-0.0349539
-0.0447894
-0.0432105
-0.0432686
-0.0442181
-0.0439179
-0.0393969
-0.043154
-0.0445163
-0.0386022
-0.0379597
-0.0433536
-0.0370561
-0.0333996
-0.0340604
-0.041803
-0.0382565
-0.0351423
-0.0440886
-0.0390404
-0.0384771
-0.0408418
-0.0394363
-0.0194322
-0.0342657
-0.0327988
-0.0359949
-0.0319514
-0.0353146
-0.013474
-0.0375916
-0.0411768
-0.0388808
-0.0375704
-0.0170168
-0.0345369
0.000425648
-0.0285079
-0.0295299
0.00417468
-0.0023244
-0.0342235
-0.0317394
0.00098817
-0.0274985
-0.0305024
0.00467703
-0.039823
-0.0375852
-0.034298
-0.00267912
-0.0436688
-0.0369904
-0.0331436
-0.0384191
-0.0321578
-0.00203074
-0.0237234
-0.0343635
-0.0371575
-0.03021
-0.0392963
-0.0382953
-0.0342663
-0.00124737
-0.0406796
-0.0333369
-0.0285755
-0.0389145
-0.0315984
-0.00164777
-0.0309708
-0.0321815
-0.0383509
-0.0292213
-0.00234462
-0.034549
-0.0318349
0.000905643
-0.0276666
-0.0306115
0.00456857
-0.00102803
-0.0342823
-0.0299081
0.000387989
-0.0286326
-0.0295623
0.00406813
-0.00100177
-0.0343541
-0.0299392
-0.0134714
-0.0411849
-0.0375994
-0.0388832
-0.0375724
-0.0345355
-0.0170072
0.000991566
-0.0274987
0.00467001
-0.0304988
-0.00231919
-0.0342201
-0.0317355
-0.038415
-0.0321591
-0.0237234
-0.002022
-0.037156
-0.0343612
-0.0302072
-0.0398085
-0.0375859
-0.00266795
-0.0343227
-0.0369852
-0.0436187
-0.0331434
-0.0389222
-0.0315839
-0.0309516
-0.00162565
-0.0383221
-0.0321856
-0.029226
-0.0392874
-0.0382921
-0.00121128
-0.0342118
-0.0333366
-0.0406521
-0.0285626
0.000908885
-0.0276632
-0.0306002
0.00456064
-0.0135069
-0.0415123
-0.0392035
-0.0376128
-0.0347171
-0.0375639
-0.0170538
-0.00233873
-0.0345474
-0.031824
0.000388126
-0.0286198
0.0040618
-0.029559
-0.00101578
-0.0342817
-0.0299091
-0.0384031
-0.0438811
-0.038764
-0.0392265
-0.0193192
-0.0405017
-0.0357328
-0.0436278
-0.032822
-0.0390547
-0.0409003
-0.03886
-0.033885
-0.0323542
-0.0346626
-0.044688
-0.0389606
-0.0366368
-0.0439603
-0.0423122
-0.0352312
-0.0442225
-0.035806
-0.0435521
-0.0396731
-0.044301
-0.0434676
-0.0442788
-0.0442412
-0.0428342
-0.0348126
-0.0433331
-0.0370473
-0.0333444
-0.0417806
-0.0340739
-0.0382339
-0.0447741
-0.043211
-0.0432657
-0.0439122
-0.0442035
-0.039381
-0.0431358
-0.038619
-0.0445089
-0.0379467
-0.0342642
-0.03279
-0.0438781
-0.039298
-0.0332078
-0.0392188
-0.0411867
-0.0351214
-0.0319425
-0.0353077
-0.0359922
-0.038267
-0.039623
-0.0391021
-0.0398881
-0.0437157
-0.0381644
-0.0439803
-0.0423764
-0.0478329
-0.0438734
-0.0431754
-0.0437111
-0.0390705
-0.0434019
-0.0421772
-0.0435365
-0.0406573
-0.0435067
-0.0434928
-0.0432061
-0.0435554
-0.0434949
-0.0430847
-0.0439064
-0.0447444
-0.0441045
-0.0316385
-0.0440723
-0.0430716
-0.0443775
-0.0440943
-0.0425177
-0.040934
-0.0437442
-0.0437221
-0.0441519
-0.0409007
-0.0438613
-0.0440762
-0.0436815
-0.0437471
-0.0437551
-0.0437276
-0.0410388
-0.0436669
-0.043678
-0.0438823
-0.0436395
-0.043689
-0.0437469
-0.0425696
-0.0436627
-0.0439031
-0.0430942
-0.043766
-0.0440062
-0.0437849
-0.0396795
-0.0437917
-0.043683
-0.0436975
-0.0440761
-0.0436368
-0.0436514
-0.0436928
-0.0441989
-0.0394573
-0.0434555
-0.0433314
-0.0425509
-0.0436481
-0.0455296
-0.0420132
-0.0446489
-0.0420442
-0.0388988
-0.0427724
-0.0423031
-0.0436369
-0.0414915
-0.0402773
-0.0434027
-0.042971
-0.0424026
-0.0437068
-0.0409362
-0.0390573
-0.043569
-0.0437779
-0.0365489
-0.0388543
-0.0400755
-0.043593
-0.039877
-0.0434254
-0.043574
-0.0427361
-0.0379708
-0.0455803
-0.040758
-0.0437087
-0.0438737
-0.0438924
-0.043369
-0.0442688
-0.0465746
-0.0331172
-0.0443144
-0.0424282
-0.035708
-0.0447369
-0.0437113
-0.0356685
-0.0428411
-0.0438039
-0.0396698
-0.0439125
-0.043406
-0.0412879
-0.0355446
-0.0438834
-0.0434354
-0.0401074
-0.0435948
-0.0439575
-0.0408843
-0.0457547
-0.0437621
-0.0446334
-0.0444151
-0.0436501
-0.0438594
-0.0453217
-0.0406148
-0.0440454
-0.0437526
-0.0412127
-0.0446844
-0.045167
-0.0435358
-0.0407096
-0.0435573
-0.0437328
-0.0408409
-0.0423633
-0.044462
-0.04378
-0.0441594
-0.03698
-0.0391087
-0.0465032
-0.0466057
-0.0430046
-0.0379816
-0.0479069
-0.0432505
-0.0427604
-0.0427457
-0.0433436
-0.0438822
-0.0396049
-0.0411254
-0.043192
-0.0331087
-0.0438338
-0.044466
-0.0445422
-0.043704
-0.0396881
-0.0437816
-0.040235
-0.0433493
-0.0436511
-0.0420654
-0.0435245
-0.0409019
-0.041588
-0.0438577
-0.0433004
-0.0437879
-0.0421747
-0.0440976
-0.0420667
-0.0433916
-0.0442263
-0.0288471
-0.0434287
-0.0418515
-0.0472139
-0.0433579
-0.0443008
-0.0447563
-0.0345781
-0.0443056
-0.0323662
-0.0251013
-0.044231
-0.0323898
-0.0371666
-0.0346394
-0.0433479
-0.0446931
-0.029839
-0.0446614
-0.0455409
-0.0273735
-0.0440774
-0.0455427
-0.0235489
-0.0454673
-0.036784
-0.037264
-0.0463757
-0.0453356
-0.0408874
-0.046271
-0.0450318
-0.0380648
-0.0435476
-0.022167
-0.031415
-0.0369485
-0.0376088
-0.0191294
-0.0437891
-0.0434197
-0.0438889
-0.0414295
-0.0438147
-0.0397649
-0.0440169
-0.0397437
-0.0367394
-0.0383687
-0.0398388
-0.0352794
-0.0268201
-0.043932
-0.0428131
-0.0384205
-0.0411582
-0.0380988
-0.0435531
-0.0373186
-0.0441476
-0.0371792
-0.0447896
-0.0435858
-0.0443408
-0.0381764
-0.0443609
-0.0382659
-0.0464917
-0.0422162
-0.0347583
-0.0389284
-0.044274
-0.0445023
-0.0288438
-0.0404518
-0.0446403
-0.0372953
-0.0444368
-0.0372541
-0.0461632
-0.0316385
-0.034329
-0.0370245
-0.043686
-0.0434343
-0.0424849
-0.0437809
-0.0344959
-0.0444879
-0.0426114
-0.0380987
-0.0437161
-0.0418877
-0.0328876
-0.0424634
-0.0435889
-0.0410117
-0.0158105
-0.0436997
-0.0305504
-0.0372107
-0.024285
-0.0321119
-0.0367836
-0.0268858
-0.019541
-0.0416516
-0.0274656
-0.0331628
-0.0246093
-0.0319989
-0.0389285
-0.0109421
-0.0277238
-0.00209422
-0.0162852
-0.0208933
-0.0372021
-0.0263907
0.00580081
-0.0275467
0.00186133
-0.0306793
-0.0370254
-0.0392687
-0.0119281
-0.0396316
-0.0139412
-0.0274964
-0.0177755
-0.0163193
0.00273048
-0.0234632
-0.0356079
-0.0240861
-0.0324617
-0.0183273
0.0039478
0.00192481
-0.0174501
-0.0213637
-0.02851
-0.0305502
-0.022808
-0.034918
-0.036926
-0.0348666
-0.0329186
-0.0355547
-0.0357625
-0.00298039
-0.0350996
-0.0360383
0.0121166
-0.0341457
-0.0306562
0.00980331
-0.03117
-0.0363872
0.0127576
-0.0351641
-0.0320928
-0.0016717
0.00244501
-0.033551
-0.0336986
0.0040803
-0.03683
-0.0359202
-0.00533078
-0.0354142
-0.0370286
0.0142474
-0.0366675
-0.0310569
-0.0353983
-0.0349491
-0.0369819
-0.0369507
-0.0025543
0.000329988
-0.0346531
-0.0382319
0.00846266
-0.0360206
-0.0345496
0.003556
-0.0344872
-0.0369135
0.0173858
-0.0291119
-0.0399072
-0.0373956
-0.0180752
-0.04122
-0.0309615
-0.0141669
-0.0287077
-0.0375333
-0.0420068
-0.00922441
-0.0418676
-0.0111642
-0.0318704
-0.0248216
-0.0288631
-0.0216912
-0.0328564
-0.0142202
-0.0238406
0.00930619
-0.0248589
-0.0338341
-0.0336159
-0.0231619
-0.0119704
0.00715381
0.0115795
-0.0227426
-0.0226334
-0.0142047
-0.0345731
-0.0240608
-0.0115574
-0.0273008
-0.0141462
-0.0210811
-0.0183112
-0.0263909
-0.0372155
0.00580245
-0.027547
0.00186364
-0.0202661
-0.021638
-0.0389482
-0.0320408
-0.0109451
-0.0277228
-0.0020958
-0.0317408
-0.0380149
-0.0420505
-0.0164999
-0.0399579
-0.0132501
-0.0347683
-0.0183136
0.00394724
-0.0174473
0.00193444
-0.0213513
-0.028497
-0.0228051
-0.0305352
-0.0177629
0.00273541
-0.0163
-0.0234508
-0.0355947
-0.032447
-0.024059
-0.0339125
-0.0306448
0.00970869
-0.0344491
-0.0311556
0.0127317
-0.0350622
-0.038751
0.00246895
-0.00150273
-0.0356852
-0.0377826
0.0042005
-0.0348469
-0.0369114
-0.0329028
-0.0348418
-0.0355131
-0.0358289
-0.00280695
-0.0374474
-0.0350823
0.0122103
-0.0363669
-0.0398739
0.000181806
-0.00254131
-0.0374931
-0.0388641
0.00822476
-0.035658
-0.0343206
0.00356981
-0.0364945
-0.0342564
0.0174041
-0.0367893
-0.0360196
-0.00535429
-0.03859
-0.035511
0.0139696
-0.0366202
-0.0311171
-0.0347825
-0.0354793
-0.028654
-0.0420059
-0.0375757
-0.00922834
-0.0419047
-0.0318588
-0.0111271
-0.0290634
-0.0374153
-0.0399278
-0.0180422
-0.0412467
-0.0141072
-0.0309686
-0.0247854
-0.0336648
-0.0231218
-0.0333866
-0.0118936
0.00711212
-0.0227325
0.0116373
-0.0247363
-0.0289066
-0.0326799
-0.0216996
-0.0141679
0.00939063
-0.0238439
-0.0210818
-0.0183098
-0.0345832
-0.0280821
-0.00491055
-0.0288608
-0.013094
-0.022578
-0.0141803
-0.0324681
-0.044124
-0.0371699
-0.0442302
-0.0324354
-0.037269
-0.0453318
-0.0463401
-0.0409035
-0.0462239
-0.0380678
-0.0450095
-0.0383283
-0.0434953
-0.0428082
-0.0447523
-0.0346264
-0.0446557
-0.0433351
-0.0298336
-0.0446122
-0.0455158
-0.0221382
-0.0314174
-0.0369481
-0.0190949
-0.0376096
-0.0435354
-0.0440533
-0.0445217
-0.0434217
-0.0459272
-0.0439777
-0.0439338
-0.0432165
-0.0437413
-0.0438658
-0.0434042
-0.0414256
-0.0437826
-0.0439781
-0.0397601
-0.0427842
-0.0384177
-0.0381025
-0.0411611
-0.0435181
-0.0373508
-0.0371764
-0.0441237
-0.0397261
-0.0383569
-0.0367375
-0.0398156
-0.0352785
-0.0439052
-0.0268218
-0.0441739
-0.0440646
-0.043781
-0.0414363
-0.0442645
-0.0439072
-0.0450738
-0.0447764
-0.044364
-0.0435974
-0.0381805
-0.0443764
-0.0465041
-0.0382594
-0.044659
-0.0373461
-0.037335
-0.0444166
-0.0461825
-0.031705
-0.0370929
-0.0343724
-0.0422222
-0.0347571
-0.0442527
-0.0389258
-0.0445112
-0.0404779
-0.028843
-0.0424936
-0.0410349
-0.0435814
-0.0158094
-0.043718
-0.0305655
-0.0403818
-0.0442085
-0.043724
-0.0416069
-0.0440105
-0.0430074
-0.0437111
-0.0424799
-0.0434405
-0.0437962
-0.0243187
-0.0321648
-0.0269089
-0.0368313
-0.0195679
-0.0372395
-0.0245546
-0.0425189
-0.029272
-0.043184
-0.0411135
-0.0331114
-0.0433306
-0.0436384
-0.0433611
-0.0420519
-0.0435275
-0.0408912
-0.0441726
-0.0420118
-0.0438392
-0.0444689
-0.0442357
-0.0433928
-0.0288499
-0.0434295
-0.0418444
-0.0438879
-0.0432994
-0.0415834
-0.0438619
-0.044767
-0.0345777
-0.0433313
-0.00437413
0.00888713
-0.00304288
0.00306949
-0.0112359
-0.0147541
-0.0128108
-0.0117565
-0.000600979
-0.0191723
-0.0110915
-0.0189999
-0.010915
-0.0279502
-0.000747115
-0.000238449
-0.0289957
-0.000755123
-0.0281917
-0.029017
0.00599682
0.0017211
0.00830195
0.00120994
0.00119422
-0.0194437
-0.0172097
-0.0160299
-0.0216934
-0.0430926
-0.0333118
-0.0443752
-0.0443925
-0.0439703
-0.0417223
-0.0441541
-0.0435772
-0.0409983
-0.0427609
-0.0439132
-0.042773
-0.0432633
-0.0436843
-0.0441112
-0.0352867
-0.0381576
-0.0437258
-0.0342229
-0.0423491
-0.0433887
-0.0429611
-0.0434862
-0.0433095
-0.043523
-0.0434522
-0.0435893
-0.0433924
-0.038
-0.0440987
-0.04308
-0.0439638
-0.0405961
-0.0439252
-0.0277123
-0.0174431
-0.00421052
-0.021521
-0.0167926
-0.024884
-0.0209225
-0.0437058
-0.0437105
-0.0443192
-0.0439902
-0.0436878
-0.0440852
-0.0440471
-0.0429843
-0.0443169
-0.0443506
-0.0434766
-0.0436917
-0.0438497
-0.0439975
-0.0427398
-0.0388728
-0.041291
-0.0453459
-0.0353577
-0.0443522
-0.0439937
-0.0117109
-0.00979455
-0.0234752
-0.00887385
-0.0092685
-0.0195791
-0.00921165
-0.0230574
-0.0195081
-0.0443124
-0.0435895
-0.0436992
-0.0440853
-0.0440464
-0.0439869
-0.0436845
-0.044343
-0.0437082
-0.0429603
-0.0438482
-0.0439982
-0.0434748
-0.0436841
0.00452208
0.00552956
-0.00541081
0.00486228
-0.00587425
-0.031996
-0.0216717
-0.0243355
-0.0203658
-0.0304459
-0.0255959
-0.0451236
-0.0400025
-0.0457273
-0.0466825
-0.0425033
-0.0457987
-0.046053
-0.043156
-0.0445083
-0.0435308
-0.0429302
-0.0434127
-0.0399657
-0.0446166
-0.0436685
-0.0436318
-0.0436679
-0.0436378
-0.0436103
-0.0436343
-0.0436659
-0.0438158
-0.0436236
-0.0431416
-0.0436637
-0.0414989
-0.0437033
-0.0436209
-0.0381358
-0.0383657
-0.0381219
-0.0438635
-0.0406683
-0.0401187
-0.0342307
-0.0404274
-0.0399937
-0.0333228
-0.0436968
-0.0423263
-0.0416862
-0.0437167
-0.0376241
-0.0408509
-0.0446002
-0.0439232
-0.0412205
-0.0437167
-0.0439901
-0.0405267
-0.0434309
-0.0436789
-0.0426853
-0.0437665
-0.0438446
-0.0456216
-0.0369965
-0.0381111
-0.0373987
-0.0480246
-0.0447151
-0.0423009
-0.0418628
-0.0422105
-0.0436585
-0.0436391
-0.043898
-0.0437042
-0.0437803
-0.0437893
-0.0437979
-0.043883
-0.0437521
-0.0438447
-0.0437732
-0.0437725
-0.0438263
-0.043844
-0.0437485
-0.0437342
-0.0437771
-0.0437347
-0.043596
-0.0440906
-0.0438764
-0.0438819
-0.043793
-0.0437322
-0.043811
-0.0437291
-0.0446638
-0.0442112
-0.0439522
-0.0438542
-0.0445044
-0.0440116
-0.0435136
-0.0445714
-0.0445749
-0.0439243
-0.0436513
-0.0441194
-0.0441608
-0.0432782
-0.041707
-0.0435486
-0.0435903
-0.0415616
-0.0427503
-0.0438303
-0.0317844
-0.020787
-0.00630721
-0.0201338
-0.0178685
-0.0316797
-0.0157305
-0.026856
-0.0175424
0.00270716
-0.0147342
-0.0184173
-0.0267329
-0.0150158
0.00404439
0.00366361
-0.0279714
-0.0256241
-0.021278
-0.0269881
-0.0281014
-0.0224961
-0.0442063
-0.0435264
-0.0437292
-0.0444813
-0.0440104
-0.0439509
-0.0438553
-0.0446564
-0.0439723
-0.0435435
-0.0441386
-0.0442088
-0.0439349
-0.0436728
-0.0437676
-0.0399387
-0.0439635
-0.0439926
-0.0405825
-0.0431412
-0.0441268
-0.0436342
-0.0433964
-0.0436908
-0.0435848
-0.0437608
-0.0437056
-0.0437254
-0.0437973
-0.0439671
-0.0437757
-0.043846
-0.0437729
-0.0438849
-0.0437505
-0.0438505
-0.0437271
-0.0437754
-0.0437801
-0.0437425
-0.0437486
-0.0437457
-0.0440761
-0.0440033
-0.0407794
-0.0437581
-0.0446359
-0.0438871
-0.0439095
-0.0437595
-0.0436656
-0.0436243
-0.0437516
-0.0444218
-0.0437515
-0.0436994
-0.042033
-0.0420005
-0.0437942
-0.0438396
-0.0436938
-0.0438412
-0.0437799
-0.0437495
-0.0438554
-0.0438241
-0.0422513
-0.0438642
-0.043746
-0.0436857
-0.0437011
-0.0437132
-0.0437982
-0.0438538
-0.0437725
-0.0437654
-0.0437664
-0.0438331
-0.0437088
-0.0437203
-0.0437606
-0.043626
-0.0437274
-0.0436647
-0.0437923
-0.0436533
-0.0439054
-0.0450038
-0.0434091
-0.0438556
-0.0428957
-0.0435382
-0.0437571
-0.0437033
-0.0449123
-0.0437672
-0.0444294
-0.0438135
-0.0444734
-0.0442025
-0.0437604
-0.0393923
-0.039797
-0.0446568
-0.0352157
-0.0354796
-0.0429488
-0.0432132
-0.037867
-0.0439388
-0.0435374
-0.0438692
-0.040276
-0.0437753
-0.0438416
-0.0437996
-0.0438348
-0.0437105
-0.0437681
-0.0437712
-0.0436442
-0.0437234
-0.0437225
-0.0438012
-0.0436604
-0.0437368
-0.0436656
-0.0438374
-0.0371262
-0.0432701
-0.0440052
-0.0406411
-0.0437654
-0.0431406
-0.0438593
-0.0442373
-0.0422778
-0.0437247
-0.0437441
-0.0437247
-0.0420895
-0.0420884
-0.0424917
-0.0417717
-0.0434223
-0.0430724
-0.0430302
-0.0429582
-0.0435479
-0.0435268
-0.0435546
-0.043556
-0.042358
-0.0435339
-0.0381569
-0.0434089
-0.0484897
-0.0444165
-0.0432673
-0.0452436
-0.043754
-0.0438384
-0.0437537
-0.0437872
-0.0437018
-0.0438279
-0.043686
-0.0436702
-0.0437692
-0.0437113
-0.0437039
-0.0437629
-0.0436611
-0.0436398
-0.0436855
-0.0435402
-0.0436703
-0.043623
-0.0436831
-0.0437033
-0.0436619
-0.0366556
-0.0437355
-0.0442955
-0.0442593
-0.0390634
-0.043088
-0.0419786
-0.0436862
-0.0446936
-0.00725507
-0.00664623
-0.00681959
-0.00970134
-0.0432967
-0.043532
-0.0435845
-0.0436684
-0.0435006
-0.0442799
-0.0438463
-0.0437597
-0.0438606
-0.0438554
-0.0436291
-0.0436339
-0.0439421
-0.0440412
-0.041839
-0.0371623
-0.0435737
-0.0435448
-0.0402218
-0.0407773
-0.0435586
-0.00459781
-0.0037744
-0.00343238
-0.00442306
-0.0435851
-0.0426157
-0.0432983
-0.0442788
-0.0438461
-0.0436585
-0.0435025
-0.0438945
-0.0437588
-0.0437492
-0.0439498
-0.0442271
-0.0436338
-0.0436466
-0.0107873
-0.044517
-0.0387271
-0.0446588
-0.0442439
-0.042862
-0.0421335
-0.0447442
-0.0437679
-0.0437309
-0.043894
-0.0436239
-0.043785
-0.0437155
-0.0438975
-0.0434259
-0.0349029
-0.0437539
-0.0437333
-0.0437538
-0.0438304
-0.0436909
-0.0437852
-0.0437061
-0.0437098
-0.0437269
-0.043669
-0.0436631
-0.0436316
-0.0437008
-0.0437598
-0.043634
-0.0436959
-0.0437132
-0.0437073
-0.0436761
-0.0436664
-0.043709
-0.0437186
-0.0436765
-0.0436257
-0.0436574
-0.0437112
-0.0436361
-0.0435798
-0.0434598
-0.0434203
-0.0434452
-0.0434444
-0.0434834
-0.0434363
-0.0435231
-0.0434907
-0.043484
-0.0434359
-0.0435188
-0.0429319
-0.0434772
-0.0432552
-0.0435902
-0.0437867
-0.0437512
-0.0433935
-0.0440776
-0.0438099
-0.0439874
-0.0450554
-0.0436993
-0.0438246
-0.0436829
-0.0437279
-0.0437457
-0.0438263
-0.0437469
-0.0437602
-0.0436566
-0.0436391
-0.0437275
-0.0436783
-0.0437573
-0.0437125
-0.0410118
-0.0445753
-0.038729
-0.0426319
-0.0445639
-0.0438006
-0.0437563
-0.0428147
-0.0431697
-0.0434638
-0.0449817
-0.0427507
-0.0393416
-0.0396932
-0.0131277
-0.0155477
-0.0134021
-0.0150409
-0.0436992
-0.0442717
-0.0440432
-0.0436722
-0.043786
-0.0438802
-0.0438891
-0.0435834
-0.0437815
-0.0441398
-0.0431741
-0.0422793
-0.0434124
-0.0434661
-0.0271045
-0.0288352
-0.000611286
-0.0010327
-0.0288433
-0.0272472
-0.0014739
-0.0440429
-0.0436672
-0.0437006
-0.0438807
-0.0438895
-0.0436768
-0.0437871
-0.0441678
-0.0434372
-0.043529
-0.043414
-0.0434532
-0.0431751
-0.0422687
-0.0251041
-0.0183736
-0.0245268
-0.0179089
-0.0441122
-0.0432851
-0.0441738
-0.0430886
-0.0440114
-0.043272
-0.0440829
-0.0400401
-0.0439336
-0.0428973
-0.0411279
-0.0456101
-0.0436863
-0.043782
-0.0437015
-0.0438263
-0.0437484
-0.0437218
-0.0437447
-0.0436314
-0.0436933
-0.0437609
-0.0437529
-0.043714
-0.0437243
-0.0436768
-0.0428601
-0.0435561
-0.0437039
-0.0435735
-0.0433713
-0.0435109
-0.0436048
-0.0421796
-0.0421219
-0.0436497
-0.0436544
-0.043606
-0.0436482
-0.0436414
-0.0436548
-0.0436385
-0.0436224
-0.0439571
-0.0435065
-0.0435958
-0.043432
-0.0437129
-0.0448152
-0.0445525
-0.043973
-0.0377404
-0.0455913
-0.0442812
-0.0442509
-0.0437706
-0.043932
-0.0437753
-0.044708
-0.0437693
-0.0413415
-0.044283
-0.0411973
-0.0455707
-0.0410597
-0.0328933
-0.0436927
-0.0437639
-0.0436506
-0.0437045
-0.0437128
-0.0436362
-0.0436801
-0.0436715
-0.0438136
-0.0436758
-0.0437723
-0.0437435
-0.0438397
-0.0438306
-0.043792
-0.0441781
-0.0437034
-0.0437577
-0.0436721
-0.0431152
-0.0437302
0.0117903
-0.0330327
-0.0382875
-0.0428131
-0.0423385
-0.0351447
-0.0367772
-0.0413634
0.00295486
-0.00147385
-0.00160375
0.00249236
-0.0312344
-0.0377018
-0.0428154
-0.0415956
-0.0379291
-0.0293902
-0.041684
-0.0435803
-0.0436035
-0.0436375
-0.0434232
-0.0436171
-0.0435656
-0.0465292
-0.0436551
-0.043724
-0.0436948
-0.0436376
-0.0436824
-0.0436985
-0.0437112
-0.0436759
-0.0437818
-0.0436806
-0.043848
-0.043831
-0.0437857
-0.0437765
-0.0437273
-0.0437373
-0.0434901
-0.0435317
-0.0437197
-0.0436984
-0.0433694
-0.0437458
-0.0437073
-0.0437067
-0.0437555
-0.0437067
-0.0437334
-0.0437881
-0.043592
-0.0436867
-0.0437003
-0.0436873
-0.0437241
-0.0437028
-0.0436491
-0.0438199
-0.0437997
-0.043915
-0.041851
-0.0436525
-0.0440224
-0.0438036
-0.0437106
-0.0438235
-0.0438057
-0.0434721
-0.0437984
-0.0437806
-0.043776
-0.0436793
-0.0438319
-0.0437321
-0.0433238
-0.0437393
-0.0438973
-0.0437652
-0.0418824
-0.041746
-0.0436947
-0.0415368
-0.0439301
-0.0437898
-0.0435949
-0.0435617
-0.0432382
-0.0435529
-0.0435606
-0.0436319
-0.0436526
-0.0437544
-0.043853
-0.0437478
-0.043837
-0.0437777
-0.0439074
-0.0438084
-0.0437783
-0.0437564
-0.0437236
-0.0437107
-0.0438497
-0.0437639
-0.0437259
-0.0428273
-0.0426465
-0.0442535
-0.0428254
-0.0431695
-0.0442621
-0.0391735
-0.0437797
-0.0441315
-0.0439226
-0.0434406
-0.0438907
-0.044372
-0.0442623
-0.044004
-0.0442659
-0.0446821
-0.0437811
-0.0436893
-0.0444291
-0.0448986
-0.0374338
-0.0378124
-0.0426272
-0.0426972
-0.0409564
-0.0358221
-0.0435959
-0.0418033
-0.0351035
-0.044078
-0.0429393
-0.0427085
-0.0369366
-0.0436704
-0.0427643
-0.0344709
-0.0439222
-0.0436009
-0.0437787
-0.0443799
-0.0442672
-0.0434464
-0.0438896
-0.0446798
-0.0440342
-0.0440011
-0.0444348
-0.0449053
-0.0437819
-0.0436955
-0.0432383
-0.0443734
-0.0355954
-0.0353816
-0.0397554
-0.0396948
-0.0437511
-0.0438234
-0.0437643
-0.0439106
-0.0438122
-0.0438423
-0.0437895
-0.0437316
-0.0437185
-0.0437885
-0.0437742
-0.0437293
-0.0437461
-0.0438728
-0.0416883
-0.0435641
-0.0436301
-0.0434766
-0.0436972
-0.043616
-0.0431886
-0.044205
-0.043869
-0.0438754
-0.0438167
-0.0444572
-0.0436272
-0.0436565
-0.0462336
-0.0459819
-0.0409472
-0.0452925
-0.0322836
-0.0331941
-0.0418809
-0.0420546
-0.0491715
-0.0370807
-0.0412152
-0.0421546
-0.0437941
-0.0443218
-0.0421836
-0.0437692
-0.0440377
-0.0437658
-0.0402095
-0.0440364
-0.0435373
-0.0439476
-0.043727
-0.0435369
-0.0437199
-0.0435768
-0.0437015
-0.0436273
-0.0436866
-0.0443563
-0.043642
-0.043652
-0.0364493
-0.0439951
-0.04383
-0.0423124
-0.0086968
-0.00976846
-0.0436477
-0.0437335
-0.0439643
-0.0427276
-0.04385
-0.0436379
-0.0443789
-0.0440752
-0.0441155
-0.0442779
-0.0438249
-0.0441046
-0.0445197
-0.0444387
0.00530992
-0.00606299
0.00912593
-0.00712229
0.00606748
-0.0439643
-0.0434179
-0.0436512
-0.0436852
-0.044497
-0.0427132
-0.0438474
-0.0442928
-0.0437512
-0.0440956
-0.0445007
-0.0443862
-0.0438758
-0.0441179
-0.0115296
-0.0312361
-0.0404558
-0.0337216
-0.0336169
-0.00887657
-0.0355226
-0.044982
-0.0448806
-0.0443779
-0.0409075
-0.04453
-0.0452384
-0.0432269
-0.0383132
-0.0434008
-0.0440349
-0.0435561
-0.0433761
-0.0443812
-0.0432659
-0.0404011
-0.0419035
-0.0404464
-0.0398761
-0.0366304
-0.0392094
-0.0433408
-0.0437335
-0.0438704
-0.0436427
-0.0434369
-0.0436537
-0.0436557
-0.045875
-0.0411192
-0.0406196
-0.047332
-0.0473407
-0.0389689
-0.0391695
-0.0387606
-0.0374326
-0.0400993
-0.0400263
-0.0436943
-0.0375886
-0.0375493
-0.0426968
-0.0344602
-0.0407312
-0.0429886
-0.0436387
-0.0392639
-0.0428743
-0.0410703
-0.039366
-0.0338057
-0.041875
-0.0438255
-0.036647
-0.0431279
-0.0322054
-0.0397422
0.000745766
0.000288598
-0.0335282
-0.0433262
-0.0436696
-0.0386362
-0.0433658
-0.0321623
-0.0384001
-0.0447266
-0.0441745
-0.0458211
-0.0410851
-0.0449284
-0.0409622
-0.0450668
-0.0442707
-0.0443726
-0.0446211
-0.043566
-0.0448193
-0.043169
-0.0442372
-0.0375928
-0.0379403
-0.0438201
-0.0371238
-0.0391201
-0.0387567
-0.0392979
-0.0396257
-0.0378299
-0.038097
-0.042407
-0.0340909
-0.0436894
-0.0396529
-0.0392181
-0.0445694
-0.0353442
-0.0349545
0.00119032
-0.0246742
-0.018137
-0.0241811
-0.0175435
-0.0446204
-0.0383407
-0.0444948
-0.0439248
-0.0428033
-0.0418648
-0.0446073
-0.0442815
-0.0433779
-0.0445756
-0.0440096
-0.0442367
-0.0429082
-0.0446292
-0.0195133
-0.0172488
-0.0160908
-0.0217446
-0.0103819
-0.0444709
-0.0435839
-0.0444451
-0.0433807
-0.0443616
-0.0437447
-0.0444285
-0.0447549
-0.0410702
-0.0457112
-0.044105
-0.0451945
-0.040791
-0.0448569
-0.0377996
-0.040429
-0.0403679
-0.0441436
-0.0379165
-0.0378911
-0.0376269
-0.0379605
0.0042544
0.00392519
0.0118355
0.00306237
-0.00140788
-0.0015011
0.00261123
-0.0337397
-0.0363183
-0.0415496
-0.0436268
-0.0320125
-0.0391628
-0.0430252
-0.0335862
-0.0385786
-0.0435242
-0.0433556
-0.0382905
-0.0323673
-0.043369
-0.0131028
-0.0154947
-0.013349
-0.0149619
-0.0191746
-0.0110868
-0.0190019
-0.0109091
-0.0270122
-0.000809209
-0.0011606
-0.0288346
-0.00159001
-0.0288195
-0.0271919
-0.0413951
-0.036812
-0.0432633
-0.0435517
-0.0404343
-0.0398898
-0.0435039
-0.00719951
-0.00656883
-0.00685126
-0.00951388
-0.0279224
-0.000208918
-0.000732041
-0.0289716
-0.0281774
-0.000733696
-0.0289901
-0.00503618
-0.00429707
-0.00387185
-0.00490959
-0.0407534
-0.0391796
-0.0429433
-0.0436116
-0.0409257
-0.0393695
-0.0429532
0.00600457
0.00172738
0.00830831
0.00122519
-0.0333849
-0.038762
-0.0429625
-0.0429902
-0.0371137
-0.0354955
-0.0416561
-0.0315221
-0.0378329
-0.0430156
-0.0419799
-0.0380496
-0.029655
-0.0418883
0.000597215
0.000105867
0.00425214
0.00392733
0.00305534
-0.00141475
-0.0015093
0.00260234
0.0118467
-0.0335753
-0.0385837
-0.0433649
-0.0435177
-0.0323722
-0.0382874
-0.043363
-0.0337429
-0.0363396
-0.0436192
-0.0415529
-0.0391598
-0.0320434
-0.0430191
-0.0270008
-0.00116571
-0.000849334
-0.0288297
-0.0288181
-0.00162712
-0.0271819
-0.00438179
0.00889366
-0.00303727
0.00306872
-0.013109
-0.0154656
-0.013334
-0.0149581
-0.0414027
-0.0368338
-0.0435444
-0.0432621
-0.0398935
-0.0404437
-0.0434968
-0.00505884
-0.00430959
-0.00389336
-0.00492168
-0.0112216
-0.014724
-0.0127681
-0.01173
-0.00714995
-0.00644369
-0.00676319
-0.00941141
-0.0407666
-0.0391036
-0.0436011
-0.0429034
-0.0393713
-0.0408825
-0.0429473
-0.000505244
-0.031493
-0.0378325
-0.0419789
-0.0430208
-0.0296562
-0.0380614
-0.0419
-0.0333304
-0.0386831
-0.0429883
-0.0429024
-0.0354997
-0.0370092
-0.0416467
0.000601579
0.000122283
-0.0423723
-0.0340497
-0.0436716
-0.0391958
-0.0396357
-0.0445452
-0.0349304
-0.0353138
-0.0246325
-0.0180854
-0.0241301
-0.0174957
-0.0445836
-0.0383549
-0.0439224
-0.0444745
-0.0418703
-0.0427743
-0.0445914
-0.0442473
-0.0433717
-0.0440066
-0.0445702
-0.0429036
-0.044216
-0.0446162
-0.0102688
-0.0444661
-0.0435735
-0.0433586
-0.0444389
-0.0437218
-0.044345
-0.044417
-0.0447501
-0.0409799
-0.0440623
-0.0456977
-0.0407203
-0.0451793
-0.0448371
-0.037814
-0.0403764
-0.0404384
-0.0441515
-0.0378775
-0.0379138
-0.0376378
-0.0379494
-0.0438082
-0.0371082
-0.0391207
-0.0387584
-0.0392981
-0.039626
-0.0378642
-0.0381115
-0.040687
-0.0411184
-0.0459292
-0.039029
-0.047395
-0.0473558
-0.0342176
-0.0404208
-0.0400055
-0.0427452
-0.0438637
-0.0410617
-0.0455659
-0.0365556
-0.043576
-0.0412772
-0.0422751
-0.0437173
-0.0421183
-0.0443825
-0.0430211
-0.0436562
-0.0436075
-0.0437129
-0.0435437
-0.0437457
-0.0433212
-0.0399809
-0.0333009
-0.0436926
-0.0423189
-0.0416799
-0.0433812
-0.0349561
-0.0408544
-0.0385854
-0.0444426
-0.0443989
-0.0425099
-0.0493776
-0.0373208
-0.0428697
-0.0435742
-0.0435873
-0.04368
-0.0432859
-0.0437402
-0.0435853
-0.0462635
-0.0459868
-0.0409415
-0.0453282
-0.0323036
-0.0331584
-0.0404117
-0.0418361
-0.0403537
-0.0391345
-0.0365781
-0.0398057
-0.0432949
-0.035581
-0.0354191
-0.0443791
-0.0398011
-0.0397494
-0.0385402
-0.0435329
-0.0437547
-0.0434196
-0.0432094
-0.044348
-0.0433613
-0.0414148
-0.0411529
-0.0442333
-0.0455845
-0.0328919
-0.0411824
-0.04315
-0.0435415
-0.0445139
-0.0429387
-0.0434127
-0.0399664
-0.0446214
-0.0436615
-0.0436638
-0.043375
-0.0436325
-0.0464613
-0.0436705
-0.0435745
-0.0440224
-0.0451776
-0.0440555
-0.0436419
-0.0437896
-0.0431177
-0.0438737
-0.0437433
-0.0436889
-0.0436046
-0.0437832
-0.0437603
-0.0437305
-0.0437678
-0.0437818
-0.0430949
-0.0426979
-0.0437214
-0.0434442
-0.0426563
-0.0449831
-0.0436657
-0.0436578
-0.0436359
-0.0436389
-0.0436007
-0.0436617
-0.0436364
-0.0442291
-0.0431984
-0.0389143
-0.0440784
-0.0418117
-0.0445745
-0.0437046
-0.0437379
-0.0437901
-0.043593
-0.0436703
-0.0438475
-0.0436772
-0.0436914
-0.0437487
-0.0431741
-0.043614
-0.0436778
-0.0415172
-0.0436757
-0.0436805
-0.0430493
-0.0378035
-0.0440421
-0.0432721
-0.0435548
-0.040297
-0.0438693
-0.0439426
-0.0441874
-0.0438538
-0.0437994
-0.0432175
-0.0437705
-0.0438381
-0.0437953
-0.0401554
-0.0439891
-0.0437042
-0.0434583
-0.043901
-0.0439917
-0.0380854
-0.0381098
-0.0383656
-0.0438626
-0.0406523
-0.0400991
-0.0413916
-0.0436537
-0.0436187
-0.0434906
-0.0438597
-0.0436754
-0.0437342
-0.0402676
-0.0417526
-0.040325
-0.0397596
-0.0365187
-0.0390346
-0.0429062
-0.0428682
-0.0442732
-0.042656
-0.0431698
-0.0392075
-0.0443127
-0.0319971
-0.0216495
-0.0243276
-0.030436
-0.0203417
-0.0256041
-0.0442293
-0.0428661
-0.0371526
-0.0432077
-0.0346217
-0.0438789
-0.0430783
-0.0432483
-0.0418371
-0.0436804
-0.0435064
-0.043058
-0.0417769
-0.0438353
-0.0439401
-0.0404489
-0.043974
-0.0441807
-0.0409503
-0.0435632
-0.0441496
-0.045077
-0.0456869
-0.0400028
-0.0464906
-0.0424845
-0.0459828
-0.0457158
-0.0277729
-0.0211516
-0.0253391
-0.022193
-0.0266412
-0.0280449
-0.0446778
-0.0365812
-0.0437657
-0.0438745
-0.0440944
-0.042519
-0.0442318
-0.0454024
-0.0409938
-0.0445941
-0.0453296
-0.0434026
-0.0456111
-0.0449006
-0.00883117
-0.00999369
0.00553082
0.00939124
-0.00584755
-0.00694133
0.00630395
-0.0117536
-0.00978154
0.0049312
0.00585606
-0.00509142
0.00526119
-0.00558753
-0.0114005
-0.0333745
-0.0400613
-0.0308778
-0.0354547
-0.00853342
-0.0334518
-0.0428223
-0.0360161
-0.0410488
-0.042988
-0.0351791
-0.0421138
-0.043813
-0.023479
-0.00927442
-0.00887532
-0.0195823
-0.0230588
-0.00921536
-0.0195144
-0.0319334
-0.0201141
-0.0064337
-0.02068
-0.0179552
-0.0158425
-0.0317475
-0.0271078
0.00237667
-0.0150362
-0.0178267
-0.0153611
-0.0187098
-0.026967
0.00450164
0.00551097
-0.00544428
0.00484471
-0.00591149
-0.00839157
-0.00954984
-0.0115438
-0.031126
-0.0401914
-0.0336731
-0.033559
-0.00888293
-0.0354139
0.00519971
0.00904062
-0.00616159
0.00596795
-0.0072298
0.00553646
0.00939722
-0.00584504
-0.00693388
0.0063051
-0.00883698
-0.00999107
0.00493579
-0.00508175
0.00586267
-0.00558711
0.00526628
-0.0113886
-0.0333696
-0.0308742
-0.0400433
-0.00852915
-0.0354359
-0.0334414
-0.0117775
-0.00979037
-0.0277267
-0.00422389
-0.017475
-0.0215348
-0.0249064
-0.0168145
-0.0209273
-0.0428295
-0.0410507
-0.0360468
-0.0429952
-0.0351826
-0.0438121
-0.0421589
-0.0270573
-0.0150148
0.00241987
-0.0178039
-0.0186615
-0.015316
-0.0269437
-0.0426852
-0.041226
-0.0388469
-0.045146
-0.0352912
-0.0439122
-0.044335
-0.0319276
-0.00638646
-0.0200885
-0.0206909
-0.0158028
-0.0179426
-0.0317564
-0.0117074
-0.00977479
-0.0115058
-0.0311029
-0.0336308
-0.0401787
-0.00885105
-0.0335254
-0.0354136
0.00518799
-0.00614705
0.00899479
0.00596542
-0.00722449
-0.00841046
-0.00953818
-0.0438769
-0.0371701
-0.0428764
-0.0432075
-0.0346518
-0.0429536
-0.043955
-0.0428565
-0.0442321
-0.0428261
-0.0426261
-0.0431266
-0.0391651
-0.0442651
-0.0439771
-0.0403796
-0.044143
-0.0439976
-0.0435017
-0.0408626
-0.044135
-0.043354
-0.0418487
-0.0435512
-0.043699
-0.0417574
-0.0430141
-0.0438674
-0.0277781
-0.0211577
-0.0253647
-0.0266748
-0.0222044
-0.0280638
-0.0434079
-0.0441209
-0.0380184
-0.0430772
-0.0439816
-0.0439399
-0.040603
-0.045444
-0.0410631
-0.0453853
-0.0446363
-0.0456937
-0.0434234
-0.0449408
-0.0447006
-0.036564
-0.0438715
-0.0437803
-0.0425258
-0.0441011
-0.044243
-0.0404201
-0.0403573
-0.0418341
-0.0365821
-0.0391289
-0.0398034
-0.0432711
-0.0353807
-0.035558
-0.0443564
-0.0397935
-0.0397216
-0.0385442
-0.0435246
-0.0434148
-0.043769
-0.0443073
-0.0432329
-0.0433845
-0.0436701
-0.0433722
-0.0436737
-0.0436315
-0.0464723
-0.0435748
-0.043676
-0.0414147
-0.0411599
-0.0442422
-0.0328975
-0.0456001
-0.041184
-0.0440322
-0.0452085
-0.0436556
-0.0440523
-0.0431476
-0.0438034
-0.0438786
-0.0437495
-0.0436907
-0.0437813
-0.0435986
-0.0437347
-0.0437595
-0.043767
-0.0431013
-0.044386
-0.0333243
-0.0444067
-0.041728
-0.043983
-0.04417
-0.0437899
-0.0427084
-0.0431031
-0.0437276
-0.0426675
-0.0434538
-0.0449866
-0.0437286
-0.0435762
-0.0437777
-0.0436638
-0.043831
-0.0436782
-0.0436838
-0.0435925
-0.0427748
-0.0410174
-0.0439215
-0.0432759
-0.0427941
-0.0436975
-0.044257
-0.0389092
-0.0431789
-0.0441076
-0.0446011
-0.0418508
-0.0437151
-0.0430158
-0.0440315
-0.0378533
-0.0432552
-0.0435652
-0.0438629
-0.0403058
-0.0440617
-0.0352266
-0.0381483
-0.0341653
-0.0436471
-0.0423327
-0.0439545
-0.0442083
-0.043789
-0.0438545
-0.0437667
-0.0432743
-0.0438377
-0.0437951
-0.0401079
-0.0437209
-0.0440001
-0.0438958
-0.0434873
-0.0439916
-0.0414458
-0.0436508
-0.0435033
-0.0436132
-0.0436664
-0.0438161
-0.0437383
-0.0402552
-0.0403117
-0.0417687
-0.0390378
-0.0364939
-0.039766
-0.040713
-0.0459277
-0.0411329
-0.0474049
-0.0390533
-0.0473565
-0.0400117
-0.0427581
-0.0438673
-0.0410674
-0.0455702
-0.0429927
-0.0436531
-0.0437058
-0.0435948
-0.0437435
-0.0435252
-0.0433098
-0.0365423
-0.0435603
-0.041262
-0.0437089
-0.0422628
-0.0421031
-0.0443711
-0.0433735
-0.0349661
-0.0428566
-0.0435713
-0.0436742
-0.043576
-0.0437327
-0.0432678
-0.0435774
-0.0408398
-0.0444292
-0.0385715
-0.0424936
-0.0443842
-0.0493618
-0.0373141
-0.0462802
-0.04094
-0.046004
-0.0331453
-0.0322972
-0.0453407
-0.0424351
-0.0417338
-0.0422074
-0.042211
-0.0420187
-0.0419831
-0.0419172
-0.0420063
-0.0409628
-0.0460657
-0.0463042
-0.0331849
-0.0322611
-0.0453599
-0.041981
-0.0415775
-0.0418246
-0.0438127
-0.0438639
-0.0440403
-0.0442891
-0.0437384
-0.0440631
-0.0438642
-0.0437682
-0.0437059
-0.0445409
-0.0437938
-0.0445965
-0.0448163
-0.0439966
-0.0456005
-0.0377512
-0.0440627
-0.0407874
-0.0440204
-0.0437678
-0.0446603
-0.0439119
-0.0438894
-0.0437973
-0.0437129
-0.0436556
-0.043788
-0.0435416
-0.0438133
-0.0437676
-0.0439768
-0.0422886
-0.0437585
-0.0439955
-0.0437819
-0.0437714
-0.0438119
-0.0437166
-0.0434507
-0.0439133
-0.0438069
-0.0439489
-0.0438362
-0.0438267
-0.043791
-0.0441905
-0.0434886
-0.0437601
-0.0438279
-0.0451024
-0.0440186
-0.0437408
-0.043579
-0.043705
-0.043782
-0.0437672
-0.0437613
-0.0437714
-0.0434924
-0.048366
-0.0434004
-0.0381308
-0.0443533
-0.0452437
-0.0432008
-0.0438121
-0.0436384
-0.0438912
-0.0436949
-0.044037
-0.0437707
-0.0438158
-0.0437553
-0.0436372
-0.0436659
-0.0437482
-0.044439
-0.0436894
-0.0437455
-0.0433477
-0.0406415
-0.0437409
-0.0438805
-0.044352
-0.0431535
-0.0437815
-0.044049
-0.044314
-0.0440701
-0.0438566
-0.0448553
-0.0437946
-0.0436394
-0.0438622
-0.0418288
-0.0438411
-0.043844
-0.0437059
-0.0440083
-0.0438164
-0.0419179
-0.0417722
-0.041524
-0.0437312
-0.0437955
-0.0439649
-0.044152
-0.0436824
-0.0437981
-0.0436034
-0.0443442
-0.0436374
-0.0434973
-0.0457474
-0.0408527
-0.0403938
-0.0470649
-0.0471707
-0.0387188
-0.0381929
-0.038322
-0.038063
-0.0438601
-0.0406359
-0.0401331
-0.041493
-0.0435346
-0.0436606
-0.0436628
-0.0437477
-0.0437326
-0.04376
-0.0382847
-0.0432098
-0.0437802
-0.0434336
-0.0433352
-0.0441529
-0.0430518
-0.0431634
-0.0352991
-0.0354923
-0.0443225
-0.0396403
-0.0397001
-0.0376057
-0.037896
-0.0445916
-0.0366359
-0.043804
-0.0437832
-0.0425353
-0.044109
-0.0441659
-0.0279144
-0.0255797
-0.0212437
-0.0280582
-0.0269267
-0.0224713
-0.0452998
-0.0445646
-0.0411437
-0.0451752
-0.0434784
-0.0447792
-0.0455401
-0.0433184
-0.0380236
-0.0430778
-0.0441021
-0.0439976
-0.0438927
-0.040638
-0.0449179
-0.0399752
-0.0455644
-0.0463622
-0.0426076
-0.0455847
-0.0458152
-0.0438464
-0.0439334
-0.0398604
-0.0439059
-0.0405355
-0.0440856
-0.043079
-0.0317032
-0.0238078
-0.0210754
-0.0251988
-0.0199991
-0.0300074
-0.0427876
-0.0427896
-0.0426356
-0.044303
-0.0431829
-0.0442115
-0.0391748
-0.0435983
-0.0368213
-0.0428822
-0.0428964
-0.0344543
-0.0424646
-0.0437791
-0.0424509
-0.0340643
0.000934334
0.000520107
-0.026861
0.00270054
-0.0175472
-0.0147385
-0.0267373
-0.0184219
-0.0150236
-0.0425842
-0.0387934
-0.0452105
-0.0412939
-0.0441922
-0.035294
-0.0438993
-0.0273294
-0.0210145
-0.00403528
-0.0169674
-0.0165977
-0.0205855
-0.024429
-0.0237673
-0.00964245
-0.0199081
-0.00910612
-0.0198216
-0.00949164
-0.0233434
-0.042578
-0.0357085
-0.0425838
-0.0406802
-0.0416701
-0.0350534
-0.0436449
0.00406958
0.00369138
0.000938663
0.000527439
-0.0317959
-0.00631821
-0.0208106
-0.0201561
-0.0317058
-0.0178813
-0.015739
-0.0426004
-0.0387217
-0.0412439
-0.0451988
-0.0352732
-0.044254
-0.0438887
-0.0237163
-0.0198784
-0.00965014
-0.00909627
-0.0094407
-0.0197806
-0.0233305
-0.0273225
-0.00400502
-0.0210202
-0.0169349
-0.02058
-0.0165537
-0.0244316
-0.042637
-0.0357029
-0.0407625
-0.0426211
-0.035082
-0.0416684
-0.0437291
-0.0376205
-0.0379253
-0.0453408
-0.0411176
-0.0445695
-0.0451668
-0.0434753
-0.0455306
-0.0447608
-0.0445821
-0.043816
-0.0366222
-0.0437805
-0.0425349
-0.0441759
-0.044016
-0.0451939
-0.0398633
-0.0465637
-0.0457144
-0.0454102
-0.0424039
-0.0460469
-0.0433256
-0.0380237
-0.0441194
-0.0430818
-0.0440427
-0.0406477
-0.0438893
-0.0317485
-0.0238283
-0.021078
-0.02004
-0.025245
-0.0300304
-0.0431696
-0.0435187
-0.041702
-0.0436102
-0.0415521
-0.0438064
-0.042834
-0.0439955
-0.0368153
-0.0428852
-0.042828
-0.0425777
-0.0344177
-0.043659
-0.0428116
-0.0428164
-0.0443096
-0.0426558
-0.0431992
-0.0392005
-0.0442433
-0.0424585
-0.0340767
-0.0381803
-0.0383082
-0.0438549
-0.0380373
-0.0401219
-0.0406271
-0.0414999
-0.0435306
-0.0436546
-0.0436676
-0.0436731
-0.0437681
-0.0437611
-0.0383055
-0.043241
-0.043472
-0.0438039
-0.0441866
-0.0433633
-0.0430916
-0.0431942
-0.0353095
-0.0443406
-0.035489
-0.0396728
-0.0397188
-0.0409637
-0.046302
-0.0460532
-0.032273
-0.033195
-0.0453533
-0.0442633
-0.0438644
-0.0439393
-0.0440789
-0.0436429
-0.0437903
-0.0445936
-0.0419635
-0.0415724
-0.0438055
-0.0418137
-0.0438624
-0.0440291
-0.0437891
-0.0436366
-0.0436983
-0.0437892
-0.0435063
-0.0437558
-0.0438204
-0.0437923
-0.0446053
-0.0448326
-0.0455954
-0.0440166
-0.0377493
-0.0439893
-0.0422898
-0.0440034
-0.0437775
-0.0437972
-0.0438208
-0.0437837
-0.0435837
-0.0435018
-0.0438249
-0.0439291
-0.0439496
-0.0439277
-0.043868
-0.0437219
-0.040849
-0.0376095
-0.0446215
-0.0412162
-0.043913
-0.0437339
-0.0437979
-0.0434902
-0.0441903
-0.0437774
-0.0450972
-0.0438342
-0.0440294
-0.0437525
-0.0436054
-0.0437897
-0.0437165
-0.0437535
-0.0437793
-0.0437736
-0.0439969
-0.043424
-0.0405321
-0.0436953
-0.0437787
-0.0426885
-0.0438521
-0.043517
-0.0434109
-0.0483646
-0.038133
-0.0452569
-0.0443451
-0.0432134
-0.0438235
-0.0436474
-0.0437234
-0.0439018
-0.0437562
-0.0440496
-0.0438323
-0.0433454
-0.0437381
-0.0406296
-0.043883
-0.0443312
-0.0437827
-0.0431703
-0.0456262
-0.0369858
-0.0381154
-0.0480282
-0.0373749
-0.0446841
-0.0443289
-0.0442999
-0.0438514
-0.0440957
-0.0438103
-0.0446189
-0.0438543
-0.0439057
-0.0418365
-0.0438793
-0.0438818
-0.0437572
-0.0438488
-0.0440501
-0.0441497
-0.043751
-0.0437239
-0.0438314
-0.0436251
-0.0443937
-0.0435264
-0.0419269
-0.0417855
-0.0437623
-0.0415308
-0.0439874
-0.0438207
-0.0457283
-0.0404218
-0.0408971
-0.0387602
-0.0471765
-0.0470697
-0.0424487
-0.0417433
-0.0422186
-0.0422301
-0.0419231
-0.0420383
-0.0418403
-0.0421013
-0.0422711
-0.0437043
-0.043704
-0.043694
-0.0420904
-0.0420636
-0.0423503
-0.0441558
-0.0436102
-0.043535
-0.0436957
-0.0438509
-0.0437466
-0.0437425
-0.0437271
-0.0438439
-0.0437268
-0.0436971
-0.0437034
-0.0437104
-0.0437471
-0.0437389
-0.0437021
-0.0437508
-0.0437689
-0.0430649
-0.0436692
-0.0437453
-0.0434466
-0.0438099
-0.0437174
-0.043691
-0.0437027
-0.0436839
-0.0437507
-0.0436934
-0.0437508
-0.0436876
-0.0436848
-0.0436114
-0.0436861
-0.0436099
-0.0436489
-0.0437032
-0.0423729
-0.0439029
-0.0438211
-0.0438052
-0.0421756
-0.042146
-0.0425013
-0.0417671
-0.0438414
-0.0418152
-0.0439188
-0.0437867
-0.043648
-0.043836
-0.0440407
-0.0432317
-0.0406376
-0.0440015
-0.0437668
-0.0431306
-0.0442347
-0.0438549
-0.0455843
-0.0381201
-0.0370485
-0.0447274
-0.048077
-0.0373314
-0.0443706
-0.0441009
-0.0443708
-0.0438643
-0.0447582
-0.0438886
-0.0438314
-0.0437505
-0.0436929
-0.0435426
-0.0437967
-0.0443163
-0.0438059
-0.0437098
-0.0439642
-0.0405913
-0.0435833
-0.0438539
-0.0435506
-0.0445411
-0.0437457
-0.0436039
-0.0437613
-0.043364
-0.0436853
-0.0438697
-0.0436713
-0.0437311
-0.0437273
-0.0447961
-0.0445208
-0.0377026
-0.0455826
-0.0439095
-0.0437373
-0.0435396
-0.0435622
-0.043686
-0.0434445
-0.0436792
-0.0436949
-0.0378871
-0.0380587
-0.0437858
-0.0401603
-0.0437793
-0.0440138
-0.0439575
-0.0435598
-0.0440038
-0.0429567
-0.0378781
-0.0432233
-0.0439475
-0.0435434
-0.0438768
-0.0402857
-0.0442429
-0.038288
-0.03539
-0.0424935
-0.0344037
-0.0437922
-0.0439554
-0.0438731
-0.0443935
-0.0438083
-0.0433569
-0.0438052
-0.0438561
-0.0438298
-0.043647
-0.04331
-0.0436928
-0.041542
-0.0436759
-0.0437145
-0.0431022
-0.0434606
-0.04292
-0.0445272
-0.0434273
-0.0445381
-0.0400127
-0.0436119
-0.043461
-0.0435039
-0.0436728
-0.0434717
-0.0435998
-0.0436155
-0.041313
-0.0442042
-0.0410885
-0.0409954
-0.032812
-0.0454974
-0.0433886
-0.0433013
-0.0435165
-0.043573
-0.0464108
-0.0434811
-0.0436427
-0.0438315
-0.037134
-0.0377758
-0.0402904
-0.040361
-0.0440254
-0.0377298
-0.0377412
-0.000559012
-0.0335208
-0.0431556
-0.0389874
-0.042875
-0.0373816
-0.0416764
-0.0354263
0.00639115
0.0021339
0.00872716
0.00164019
-0.031514
-0.0417705
-0.0426869
-0.0374407
-0.0417542
-0.0294275
-0.0377983
-0.0339035
-0.0417885
-0.036633
-0.0436221
-0.0322386
-0.0431315
-0.0395503
0.0114582
-0.0337678
-0.0434664
-0.0434783
-0.0387927
-0.0434159
-0.0324435
-0.0384556
0.00330608
-0.00118511
0.00295066
-0.00132969
0.00639163
0.00212654
0.00163813
0.00872369
-0.0315152
-0.0417682
-0.037439
-0.0426898
-0.029426
-0.0417562
-0.0378034
-0.00059659
-0.033521
-0.0431495
-0.0428754
-0.0389848
-0.0416722
-0.037386
-0.0354299
-0.0336264
-0.0434007
-0.038729
-0.043589
-0.0324168
-0.0434573
-0.038353
0.0029461
-0.00133329
0.00262695
-0.0015248
-0.0338294
-0.0418399
-0.0437122
-0.0366951
-0.0431854
-0.0323233
-0.0393431
0.0115288
-0.0378001
-0.0403104
-0.0403654
-0.0440405
-0.0377691
-0.0377509
-0.0437591
-0.0393926
-0.0397973
-0.0446477
-0.0354745
-0.035215
-0.0378776
-0.0380352
-0.0437901
-0.0437855
-0.0401651
-0.0440132
-0.0439787
-0.0440059
-0.0435707
-0.0438369
-0.043648
-0.043696
-0.0433204
-0.043678
-0.0415475
-0.0437219
-0.0442532
-0.0353966
-0.0382997
-0.0437956
-0.0344132
-0.0425036
-0.0439616
-0.0438748
-0.0438124
-0.0444019
-0.0438097
-0.0433702
-0.0438623
-0.0431239
-0.0429378
-0.0434725
-0.0445312
-0.0434439
-0.0400215
-0.0445524
-0.0439189
-0.0434296
-0.0450252
-0.0438515
-0.0429206
-0.0437626
-0.0435415
-0.0434117
-0.0433088
-0.043584
-0.0435447
-0.0434927
-0.0464342
-0.0436607
-0.0436241
-0.0434573
-0.043678
-0.043513
-0.0436028
-0.0434977
-0.0436286
-0.0413406
-0.0410849
-0.0442195
-0.0328169
-0.0410107
-0.0455241
-0.0438204
-0.0439098
-0.0418069
-0.043802
-0.043631
-0.0438223
-0.0440342
-0.0437303
-0.0436911
-0.0437972
-0.0435421
-0.0437975
-0.0443172
-0.0437035
-0.0456039
-0.0370574
-0.0381211
-0.0373425
-0.0480891
-0.044752
-0.0440713
-0.0441008
-0.0438666
-0.0443781
-0.0437174
-0.0450031
-0.0438386
-0.0439614
-0.0435853
-0.0405982
-0.0438521
-0.0435788
-0.0437473
-0.0445197
-0.0438379
-0.0438838
-0.0422412
-0.0437534
-0.0437009
-0.0437233
-0.0437167
-0.0437263
-0.0435253
-0.0436929
-0.0434938
-0.0436647
-0.0433928
-0.0436963
-0.0435264
-0.043771
-0.0436976
-0.0433961
-0.0437075
-0.0438854
-0.0438328
-0.0437111
-0.0445174
-0.0447925
-0.0455539
-0.0376885
-0.043893
-0.0418556
-0.0420993
-0.0438443
-0.0437462
-0.0437162
-0.043732
-0.0437059
-0.0438186
-0.0436823
-0.0437006
-0.0437028
-0.043735
-0.0437386
-0.0437698
-0.0436915
-0.0437603
-0.0423344
-0.0441535
-0.0436018
-0.0435266
-0.0436855
-0.0437071
-0.0437011
-0.0436713
-0.0436962
-0.0437006
-0.0437425
-0.0437417
-0.0436744
-0.0436916
-0.0436676
-0.0436026
-0.0436994
-0.0436018
-0.0436959
-0.043066
-0.0436678
-0.0434447
-0.0437463
-0.0438016
-0.0423709
-0.0439103
-0.0438262
-0.0438138
-0.0421437
-0.0421746
-0.0421008
-0.0421361
-0.043732
-0.043723
-0.0437017
-0.0437345
-0.0437064
-0.0437363
-0.0437349
-0.0436611
-0.0430424
-0.0436039
-0.0436882
-0.0434133
-0.0438053
-0.0436801
-0.043704
-0.0436872
-0.0437144
-0.0436794
-0.0437601
-0.0435954
-0.0435414
-0.0435681
-0.0435814
-0.0436457
-0.0437257
-0.0437042
-0.0437157
-0.0436885
-0.0437198
-0.0436761
-0.0434561
-0.0434311
-0.0434683
-0.0434507
-0.0436255
-0.0435834
-0.0436422
-0.0435951
-0.043633
-0.0436
-0.0436202
-0.0435752
-0.04317
-0.0431047
-0.0430651
-0.0436765
-0.0436712
-0.0436808
-0.0436582
-0.0437034
-0.0436692
-0.0436708
-0.043497
-0.0434948
-0.0434405
-0.0435297
-0.0434874
-0.0434449
-0.0435394
-0.0436002
-0.0434439
-0.0434958
-0.0435512
-0.0437228
-0.0436382
-0.0436923
-0.0436569
-0.0437398
-0.0435857
-0.0436563
-0.0438639
-0.0433905
-0.0433094
-0.0434385
-0.043564
-0.0436649
-0.0436252
-0.0436382
-0.0436477
-0.0436525
-0.0435698
-0.0421392
-0.0420859
-0.0493554
-0.0373888
-0.0434183
-0.034891
-0.0410205
-0.03871
-0.0445554
-0.0445503
-0.042637
-0.040177
-0.0334772
-0.0438602
-0.0424715
-0.0418347
-0.0429652
-0.0436491
-0.0437607
-0.0436837
-0.0436691
-0.0436229
-0.0434904
-0.0437717
-0.0436678
-0.0437582
-0.043854
-0.0437677
-0.043933
-0.0437918
-0.0440611
-0.0406148
-0.0437575
-0.0434884
-0.0439132
-0.0438808
-0.0427673
-0.0437766
-0.0446138
-0.040912
-0.0377072
-0.0440075
-0.0437507
-0.0411974
-0.0438228
-0.044139
-0.0437336
-0.0434235
-0.0439679
-0.045078
-0.0438127
-0.0341568
-0.0403939
-0.041203
-0.0422091
-0.0436703
-0.0421015
-0.0442941
-0.0432204
-0.043637
-0.043695
-0.0435884
-0.0433074
-0.0435704
-0.0435334
-0.0399264
-0.0427704
-0.0438538
-0.045528
-0.0410125
-0.0394369
-0.0397676
-0.0437607
-0.0438865
-0.043727
-0.0436186
-0.0437783
-0.0438884
-0.0437105
-0.0438042
-0.0411542
-0.0441182
-0.0429554
-0.0438965
-0.0434632
-0.0429596
-0.0430381
-0.0443164
-0.0442362
-0.0333494
-0.0439291
-0.0440708
-0.0417129
-0.0435873
-0.0435456
-0.0435681
-0.0435593
-0.0435471
-0.0434715
-0.0435904
-0.0437126
-0.0430677
-0.0436906
-0.0427073
-0.044921
-0.0426523
-0.0433824
-0.0391068
-0.038769
-0.0107272
-0.044839
-0.0458462
-0.0413825
-0.0443234
-0.0451973
-0.0449898
-0.0412148
-0.0198373
-0.0175895
-0.0162948
-0.0222338
-0.0445649
-0.0434935
-0.0445068
-0.0439333
-0.0445065
-0.0440766
-0.0445495
-0.0445535
-0.0446385
-0.0386559
-0.0441942
-0.0428658
-0.044729
-0.0421102
0.000968688
-0.0441674
-0.0441891
-0.0444557
-0.0432657
-0.0446726
-0.0429806
-0.0439496
-0.0249065
-0.0182626
-0.0178528
-0.0242728
-0.0405916
-0.039424
-0.0434953
-0.042952
-0.0392478
-0.0410327
-0.0427605
-0.00459888
-0.00376432
-0.00441364
-0.00343183
-0.0112413
-0.0148272
-0.0122093
-0.0129249
-0.0276793
-0.000547698
-0.00014987
-0.0287776
-0.000547367
-0.0278945
-0.0288322
-0.00458921
0.00862249
0.00273645
-0.00323594
-0.0184329
-0.0109706
-0.010663
-0.0184289
-0.0132937
-0.0155982
-0.0151434
-0.0134531
-0.0286917
-0.00176399
-0.00176976
-0.032406
-0.00224951
-0.0291904
-0.0326867
-0.00729913
-0.00670775
-0.00975126
-0.00685929
-0.0405869
-0.0435114
-0.0394076
-0.0429661
-0.0392583
-0.0427659
-0.0410288
-0.0276817
-0.000554755
-0.0287751
-0.000151907
-0.0288351
-0.0278924
-0.000553131
-0.0112705
-0.0148588
-0.0129606
-0.0122485
-0.018833
-0.0110835
-0.0108221
-0.0187139
-0.0415674
-0.0436681
-0.0372082
-0.0435748
-0.0400654
-0.0436594
-0.0407315
-0.00462465
0.0085823
0.00277321
-0.00331174
-0.0272318
-0.00108039
-0.0295268
-0.000785271
-0.0274198
-0.00154401
-0.0291544
-0.0133427
-0.0156274
-0.0151921
-0.0134222
-0.044851
-0.0413283
-0.0458313
-0.0443104
-0.0452075
-0.0411598
-0.0449895
-0.0198188
-0.0176057
-0.0222143
-0.0163158
-0.0445839
-0.0435012
-0.0439119
-0.044517
-0.0440511
-0.0445126
-0.0445498
0.000849878
-0.0441295
-0.0442071
-0.0432551
-0.0444378
-0.0429781
-0.0446688
-0.0439178
-0.0249866
-0.0183034
-0.0179266
-0.0243243
-0.039442
-0.0397726
-0.0443166
-0.0390732
-0.0442703
-0.043094
-0.0436979
-0.0419954
-0.0447066
-0.0438157
-0.0411667
-0.0429682
-0.0441273
-0.042973
-0.0434754
-0.0439079
-0.043598
-0.0435727
-0.0435735
-0.0435696
-0.0435548
-0.0435942
-0.0434908
-0.0430732
-0.0442523
-0.04435
-0.0333652
-0.0440955
-0.0439708
-0.0417488
-0.0437368
-0.043079
-0.0427209
-0.0436989
-0.0426666
-0.044927
-0.0434093
-0.0391026
-0.0387635
-0.0493559
-0.0373814
-0.0401878
-0.0334877
-0.0438656
-0.0418405
-0.0424801
-0.042959
-0.0436484
-0.0436815
-0.0437522
-0.043624
-0.0436629
-0.0434747
-0.0410078
-0.0387039
-0.0445478
-0.0445405
-0.0426258
-0.0435452
-0.043414
-0.0381611
-0.048498
-0.0432751
-0.0444378
-0.0452468
-0.0437822
-0.0437471
-0.0436635
-0.0438524
-0.0437959
-0.0437985
-0.0439326
-0.0440608
-0.0406164
-0.0434858
-0.0437615
-0.0427673
-0.0438829
-0.0439163
-0.043728
-0.0436849
-0.0435573
-0.0436479
-0.0436861
-0.0436773
-0.0437103
-0.0438656
-0.0409821
-0.0446169
-0.0377787
-0.0437816
-0.044103
-0.0412418
-0.0438615
-0.0442006
-0.0434682
-0.0437481
-0.0451596
-0.0439761
-0.0438453
-0.0341682
-0.0403981
-0.0367262
-0.0437862
-0.0432032
-0.0436545
-0.0435484
-0.0436972
-0.0435304
-0.043275
-0.0434951
-0.0399132
-0.0427697
-0.0438448
-0.0455222
-0.0409972
-0.0412173
-0.04225
-0.0436861
-0.0443134
-0.0421168
-0.0421067
-0.042141
-0.043701
-0.0437452
-0.0436977
-0.0436925
-0.0437356
-0.0437021
-0.043719
-0.043707
-0.0437675
-0.0436668
-0.0436917
-0.0436879
-0.0436889
-0.0436973
-0.0437416
-0.0430099
-0.0435732
-0.0436578
-0.043381
-0.043418
-0.0430544
-0.0430191
-0.0429484
-0.0435847
-0.0435328
-0.0435706
-0.0435608
-0.0434446
-0.0434093
-0.0434297
-0.0434606
-0.0436193
-0.0435702
-0.0436067
-0.0436394
-0.0436189
-0.0436283
-0.0436127
-0.0436722
-0.0436798
-0.0436634
-0.0436546
-0.0437002
-0.0436623
-0.0436678
-0.0435468
-0.0435231
-0.043554
-0.0435522
-0.0435682
-0.0431603
-0.0430564
-0.0430973
-0.043477
-0.0434662
-0.0435171
-0.0434155
-0.0435262
-0.043414
-0.04347
-0.0436023
-0.0434391
-0.043491
-0.0435531
-0.0423505
-0.043559
-0.0436599
-0.0436369
-0.0436217
-0.0436637
-0.0436439
-0.0435644
-0.0438529
-0.0433795
-0.0434279
-0.0432977
-0.0421439
-0.0421053
-0.0421712
-0.0420985
-0.0440194
-0.043531
-0.0435809
-0.0434776
-0.0435919
-0.0437234
-0.0436836
-0.0436857
-0.0436639
-0.043726
-0.0436856
-0.0423786
-0.043744
-0.0436979
-0.0437512
-0.0436967
-0.0437211
-0.0436719
-0.0437466
-0.0436149
-0.0436494
-0.0435904
-0.0435925
-0.0435892
-0.0436133
-0.0436493
-0.0433677
-0.0430335
-0.0428727
-0.0430309
-0.0435555
-0.0435099
-0.043554
-0.0435389
-0.0436463
-0.043708
-0.0437297
-0.0437005
-0.0437094
-0.0436734
-0.0436949
-0.0435577
-0.0434501
-0.0434849
-0.0435627
-0.0435379
-0.0434626
-0.0435208
-0.0434755
-0.0435672
-0.0432035
-0.0430586
-0.0432
-0.0436692
-0.0436702
-0.0436803
-0.0436717
-0.0436835
-0.0436603
-0.0436887
-0.0436451
-0.0436114
-0.0436322
-0.0436622
-0.0436425
-0.0436444
-0.0436302
-0.043733
-0.0436378
-0.0436788
-0.043589
-0.0437129
-0.0435985
-0.043634
-0.0437309
-0.0420634
-0.0420905
-0.0412269
-0.0436677
-0.0421765
-0.0443151
-0.0421128
-0.0400326
-0.0439287
-0.0428821
-0.0456009
-0.0411212
-0.0433006
-0.0437736
-0.0436751
-0.0437131
-0.0436293
-0.0434012
-0.0436407
-0.0365866
-0.0436799
-0.0342461
-0.0405094
-0.0437619
-0.0376795
-0.0446381
-0.0409031
-0.0437986
-0.0412368
-0.0439317
-0.0436915
-0.043662
-0.0435299
-0.0437177
-0.0437384
-0.0437063
-0.0436632
-0.0440108
-0.0437289
-0.0435135
-0.0406097
-0.0427905
-0.043897
-0.0438432
-0.0437163
-0.0437513
-0.0435352
-0.0436871
-0.0438694
-0.0437223
-0.0437209
-0.0434504
-0.0484346
-0.0380568
-0.0433372
-0.0431406
-0.0452355
-0.0442829
-0.0428517
-0.0436887
-0.0435896
-0.0435508
-0.0433913
-0.0435751
-0.043526
-0.0400352
-0.0437608
-0.0333239
-0.0417198
-0.0423475
-0.0493268
-0.0373811
-0.0433099
-0.0347121
-0.0392098
-0.0388715
-0.0431092
-0.033453
-0.0443615
-0.044318
-0.0441255
-0.0417898
-0.0440172
-0.043678
-0.0436798
-0.0436863
-0.0436366
-0.04364
-0.0436716
-0.043622
-0.0436581
-0.044009
-0.0428472
-0.0410194
-0.0428662
-0.0437669
-0.0433392
-0.0440851
-0.0430079
-0.0440919
-0.0390206
-0.043471
-0.0445364
-0.0418633
-0.0436032
-0.0433749
-0.0437069
-0.0435439
-0.0436673
-0.043542
-0.0436241
-0.0251219
-0.0183603
-0.017906
-0.0245433
-0.0445255
-0.0446745
-0.0437264
-0.0442255
-0.044451
-0.0447875
-0.0432689
0.00116337
-0.0448552
-0.0441779
-0.044596
-0.0385325
-0.0447795
-0.0421386
-0.0429838
-0.0440958
-0.0441952
-0.0432861
-0.0430985
-0.0440391
-0.0440925
-0.0432542
-0.0195296
-0.0174588
-0.0219084
-0.016167
-0.0443698
-0.0436688
-0.0453801
-0.0405569
-0.0445135
-0.0402793
-0.0448079
-0.0104396
-0.0270949
-0.000610753
-0.0288355
-0.00103044
-0.0272458
-0.028836
-0.00147239
-0.00429107
0.00892272
0.00308311
-0.00295266
-0.0415168
-0.0435305
-0.0368297
-0.0437469
-0.0406162
-0.0437128
-0.0399968
-0.0191897
-0.0112522
-0.0190951
-0.0110005
-0.0113356
-0.0148233
-0.0120738
-0.0128611
-0.0285672
-0.000779712
-0.0305141
-0.000965002
-0.0307907
-0.00102097
-0.0287008
-0.0404939
-0.042634
-0.0387403
-0.0432672
-0.040509
-0.0427763
-0.0390224
-0.00704182
-0.00623632
-0.00935852
-0.00658062
-0.00480872
-0.00399994
-0.00464761
-0.00363318
-0.0131592
-0.0155836
-0.0150826
-0.0134349
-0.0192046
-0.0112601
-0.011011
-0.0190937
-0.00431034
0.00889369
-0.00297676
0.00306807
-0.041526
-0.0435344
-0.0437492
-0.0368516
-0.0437105
-0.0406322
-0.0400098
-0.0279418
-0.0294235
-0.000323411
-0.000805824
-0.000732036
-0.0291438
-0.0283506
-0.0113067
-0.014876
-0.0119877
-0.0128603
-0.00480138
-0.0039903
-0.0046478
-0.00363249
-0.0404701
-0.0426148
-0.043246
-0.038706
-0.0427276
-0.0405098
-0.0390096
-0.00702692
-0.00619796
-0.00932602
-0.00656385
-0.0445301
-0.0437099
-0.0446789
-0.0442226
-0.0444498
-0.0432558
-0.0447895
0.00114423
-0.0448602
-0.0441767
-0.0385291
-0.0446027
-0.0421432
-0.044785
-0.0429734
-0.0195334
-0.0174822
-0.0219228
-0.0161654
-0.0443976
-0.0436737
-0.0405209
-0.0453894
-0.0402849
-0.0445191
-0.0448175
-0.0103996
-0.0392151
-0.0388764
-0.0438118
-0.0428257
-0.0437644
-0.0431871
-0.0449934
-0.043475
-0.0427619
-0.0436766
-0.0436873
-0.0436599
-0.0437168
-0.0436734
-0.0436523
-0.0436782
-0.0431259
-0.0334697
-0.0443418
-0.0443895
-0.0440433
-0.0418066
-0.0441563
-0.0436751
-0.0428625
-0.0440083
-0.0410286
-0.0437867
-0.0428862
-0.0433419
-0.0436031
-0.0433579
-0.0435265
-0.0436574
-0.0435296
-0.0436545
-0.0436076
-0.0441222
-0.0429851
-0.0390047
-0.0441346
-0.0445658
-0.0434883
-0.0419066
-0.0393336
-0.0396831
-0.0432792
-0.0436713
-0.0437649
-0.0437109
-0.0436119
-0.0436353
-0.0433957
-0.041215
-0.043663
-0.0421804
-0.0421021
-0.0443091
-0.0342726
-0.0405253
-0.0365881
-0.0436814
-0.0438025
-0.0433996
-0.0437574
-0.0440959
-0.0440024
-0.0438181
-0.0450538
-0.043774
-0.0376777
-0.0408975
-0.0446496
-0.0439351
-0.0412327
-0.0438119
-0.043687
-0.0436676
-0.0437213
-0.0435524
-0.0437079
-0.0437527
-0.0436958
-0.0440458
-0.0435601
-0.0437392
-0.0406177
-0.0439282
-0.0428158
-0.0438569
-0.0437528
-0.0437311
-0.0436701
-0.0435062
-0.0437219
-0.0438598
-0.043755
-0.043445
-0.0484345
-0.0433284
-0.0380432
-0.0452563
-0.0431206
-0.0442627
-0.0400248
-0.0437495
-0.0333191
-0.0417027
-0.0423404
-0.0410289
-0.044601
-0.038755
-0.0426455
-0.0445935
-0.0432982
-0.0347169
-0.0493311
-0.03742
-0.0435638
-0.0436676
-0.0437042
-0.0436745
-0.0436355
-0.0436774
-0.043713
-0.0439877
-0.0435007
-0.0434446
-0.0435522
-0.0437267
-0.043681
-0.0436713
-0.0437303
-0.0436487
-0.0437017
-0.0437222
-0.0423506
-0.0434512
-0.0433992
-0.0434386
-0.0434246
-0.0436169
-0.0435905
-0.0436484
-0.0435885
-0.0436171
-0.0435881
-0.0436492
-0.0436388
-0.0436922
-0.0436923
-0.0437149
-0.0436636
-0.0436942
-0.0436868
-0.0433563
-0.0430199
-0.0430099
-0.0428609
-0.0435543
-0.0435068
-0.0435523
-0.0435358
-0.0434759
-0.0435127
-0.0434198
-0.0434824
-0.0434265
-0.0434721
-0.0435124
-0.0435594
-0.0434464
-0.0435649
-0.0434825
-0.0436644
-0.0436704
-0.0436679
-0.0436801
-0.0436539
-0.043684
-0.0436866
-0.0435354
-0.0434596
-0.0434739
-0.043518
-0.0435653
-0.0432028
-0.0430563
-0.0431965
-0.0429221
-0.0434663
-0.0432426
-0.0435809
-0.043645
-0.0436523
-0.043724
-0.0435871
-0.0436862
-0.0435973
-0.043732
-0.0437291
-0.0420693
-0.0420981
-0.0424118
-0.0417387
-0.0422381
-0.0436413
-0.0437628
-0.0436681
-0.0420027
-0.0420943
-0.043086
-0.0436247
-0.0434449
-0.0437279
-0.0437514
-0.0437197
-0.0437152
-0.0437487
-0.0437139
-0.0437982
-0.0436996
-0.0438323
-0.0437312
-0.0437232
-0.0437081
-0.0437559
-0.0437643
-0.0437298
-0.0424279
-0.0435998
-0.0437032
-0.0436904
-0.0436895
-0.0437268
-0.0436516
-0.0436925
-0.0437489
-0.0436701
-0.0436774
-0.043694
-0.0436696
-0.0437743
-0.0436774
-0.0423378
-0.0438036
-0.0437665
-0.0437365
-0.0420943
-0.0421725
-0.0418533
-0.0420326
-0.0435013
-0.0433819
-0.0437506
-0.0439355
-0.0438131
-0.0438675
-0.0438079
-0.0437148
-0.0434975
-0.0437396
-0.0435285
-0.0437241
-0.0433745
-0.0436899
-0.0439824
-0.0437571
-0.0422917
-0.044047
-0.0438137
-0.0437658
-0.0438652
-0.0439704
-0.043847
-0.0405658
-0.0435336
-0.0445321
-0.0437462
-0.0435391
-0.0455682
-0.0380661
-0.0369869
-0.0373026
-0.0446719
-0.0479801
-0.0436901
-0.0435976
-0.0437184
-0.0435981
-0.0436531
-0.0443208
-0.0437045
-0.0438593
-0.0437359
-0.041782
-0.0438278
-0.0436206
-0.0438047
-0.0439754
-0.0431477
-0.0436766
-0.0405976
-0.0438804
-0.0441473
-0.0437452
-0.0430334
-0.0438573
-0.0372114
-0.043688
-0.0436254
-0.0437095
-0.0434826
-0.0436785
-0.0436264
-0.0435982
-0.0434544
-0.0436414
-0.0436201
-0.0434128
-0.0437042
-0.0465018
-0.043515
-0.0439463
-0.0438799
-0.0451092
-0.0434596
-0.0436192
-0.0437741
-0.0429625
-0.0431741
-0.0445611
-0.0435389
-0.04298
-0.0434671
-0.0400523
-0.0446269
-0.0440764
-0.0382367
-0.0353658
-0.0437263
-0.0423961
-0.0343584
-0.0437148
-0.0431701
-0.0435467
-0.043364
-0.0435721
-0.0414771
-0.0435299
-0.0436527
-0.0438682
-0.0401925
-0.0436805
-0.0433193
-0.0439017
-0.0439137
-0.0429243
-0.0437587
-0.0376898
-0.0431414
-0.0433996
-0.0401015
-0.0438009
-0.0375794
-0.0377706
-0.0436917
-0.0397476
-0.039329
-0.0445714
-0.0354201
-0.0350926
-0.0374278
-0.0400237
-0.0400066
-0.0436232
-0.0374359
-0.0373517
-0.0337158
-0.036348
-0.0437696
-0.041539
-0.0392953
-0.0320461
-0.0430933
0.00296181
-0.00146035
0.00251184
-0.00159417
-0.0335968
-0.0436375
-0.0386845
-0.0433896
-0.0384103
-0.0433951
-0.0324169
-0.00036366
-0.0312196
-0.0428306
-0.0377172
-0.0416047
-0.0379283
-0.0416955
-0.0293865
0.00628912
0.00192935
0.00146552
0.00857693
-0.0336162
-0.0386885
-0.0436435
-0.0433928
-0.0384228
-0.0324199
-0.0434033
0.0117742
-0.0337377
-0.0437768
-0.0363611
-0.0415512
-0.0393201
-0.0431036
-0.0320503
0.0062936
0.00194074
0.00147004
0.00858464
-0.0330312
-0.0428051
-0.0382491
-0.0423103
-0.0351456
-0.0413555
-0.0367022
-0.000330239
-0.0436985
-0.0397479
-0.0393247
-0.0445782
-0.03542
-0.0350865
-0.0374676
-0.0400359
-0.040022
-0.043606
-0.0373735
-0.0374256
-0.0438668
-0.0372185
-0.0413438
-0.0412083
-0.0443005
-0.041062
-0.0455978
-0.0328896
-0.0436763
-0.0437023
-0.0436229
-0.0434812
-0.0436739
-0.0436101
-0.0436123
-0.0431916
-0.044566
-0.0429919
-0.0435478
-0.0434799
-0.0446386
-0.0400574
-0.0439495
-0.0438687
-0.043467
-0.0451071
-0.0437699
-0.0436025
-0.0429687
-0.0436007
-0.0435421
-0.0431393
-0.0433266
-0.0436077
-0.0434888
-0.0414465
-0.0437966
-0.0437215
-0.0442175
-0.0437891
-0.043692
-0.0437423
-0.0431579
-0.0440826
-0.0353112
-0.0382404
-0.042389
-0.0437032
-0.0343336
-0.042856
-0.0437096
-0.0430755
-0.037757
-0.0434076
-0.0401181
-0.043765
-0.0436497
-0.0439128
-0.0436896
-0.0401604
-0.0439127
-0.0433515
-0.0438978
-0.0376342
-0.0378223
-0.0437167
-0.0445529
-0.0448285
-0.0377237
-0.0439814
-0.0455907
-0.0436154
-0.0437445
-0.0433707
-0.0439412
-0.0437331
-0.0437906
-0.0439195
-0.0439695
-0.0438427
-0.0435344
-0.0405559
-0.0437478
-0.0445229
-0.0435531
-0.0439954
-0.0437811
-0.0440627
-0.0422958
-0.0438403
-0.0437807
-0.043874
-0.0436529
-0.0437143
-0.0435659
-0.0436182
-0.0436231
-0.0437014
-0.0443114
-0.0439899
-0.0437617
-0.0442356
-0.0439109
-0.0437593
-0.0435941
-0.0449588
-0.0455139
-0.0369895
-0.0380509
-0.0446594
-0.0372956
-0.0479334
-0.0431526
-0.0437056
-0.0439229
-0.0406228
-0.0437608
-0.044201
-0.0430433
-0.0437811
-0.0436877
-0.0437648
-0.04174
-0.0435369
-0.0439053
-0.0437209
-0.0424203
-0.041752
-0.0422416
-0.0436623
-0.0437838
-0.0436884
-0.0421074
-0.0420149
-0.0438293
-0.0437152
-0.0437318
-0.0437246
-0.0437537
-0.0437515
-0.0437672
-0.0436096
-0.0430821
-0.0436211
-0.0437228
-0.0434416
-0.0437334
-0.0436743
-0.0436655
-0.0436647
-0.0436596
-0.0436561
-0.0437509
-0.0439524
-0.0435032
-0.0435931
-0.0434276
-0.0424239
-0.0423281
-0.0437895
-0.0437429
-0.0437257
-0.0420854
-0.0421545
-0.0418208
-0.0419733
-0.0418802
-0.0420596
-0.0421742
-0.0422375
-0.0421774
-0.042099
-0.0424987
-0.0417586
-0.0409939
-0.0405201
-0.0456618
-0.0388871
-0.0470677
-0.0471569
-0.0420222
-0.0415851
-0.0438499
-0.0418082
-0.0440009
-0.0439221
-0.0441815
-0.0439623
-0.0435818
-0.0437167
-0.0434676
-0.0445778
-0.0435787
-0.044278
-0.0441071
-0.0438865
-0.0443726
-0.0438509
-0.0447161
-0.0438944
-0.0456083
-0.0378956
-0.0369367
-0.047991
-0.0445418
-0.0373789
-0.043348
-0.0439559
-0.0406487
-0.0437603
-0.0432414
-0.0438129
-0.0443084
-0.0436925
-0.0437982
-0.0436649
-0.0436346
-0.0437867
-0.0437455
-0.0444243
-0.0433358
-0.0378953
-0.0482828
-0.0431823
-0.0449979
-0.0429673
-0.0441194
-0.0440769
-0.04388
-0.0406322
-0.043637
-0.0439461
-0.044098
-0.0428795
-0.0437214
-0.0436684
-0.0437063
-0.0436257
-0.0437116
-0.0437917
-0.0437061
-0.0438502
-0.0437845
-0.0440344
-0.043435
-0.0450976
-0.0439269
-0.043906
-0.0438081
-0.0446705
-0.0377243
-0.0409336
-0.0412398
-0.0438521
-0.0440587
-0.0438858
-0.0437565
-0.0438893
-0.0422986
-0.0437091
-0.0437381
-0.043773
-0.0438337
-0.0448889
-0.0445958
-0.0455697
-0.0377483
-0.0440235
-0.0437524
-0.043709
-0.0435887
-0.0436183
-0.0437174
-0.0437141
-0.0434965
-0.044002
-0.0436524
-0.0406218
-0.0439417
-0.0436688
-0.0437889
-0.0446143
-0.0441615
-0.043844
-0.0437448
-0.0436558
-0.0443632
-0.0435871
-0.04366
-0.0459062
-0.0461669
-0.0409143
-0.0322868
-0.0452364
-0.0331652
-0.0432337
-0.0355906
-0.0443653
-0.0353761
-0.0396894
-0.0397506
-0.0383338
-0.043557
-0.0434409
-0.0432651
-0.0430889
-0.0432888
-0.0441026
-0.0416391
-0.0436528
-0.0435925
-0.043481
-0.0437486
-0.0432274
-0.0436397
-0.0380938
-0.0378757
-0.0437786
-0.0382025
-0.040018
-0.0405588
-0.0424097
-0.0340175
-0.0440748
-0.0427062
-0.042935
-0.0369405
-0.0436662
-0.0344882
-0.0427607
-0.0431288
-0.0435848
-0.0417079
-0.0433712
-0.0429215
-0.0437285
-0.0415635
-0.0318916
-0.0213564
-0.0240837
-0.0202308
-0.0302418
-0.0254283
-0.0437995
-0.0439457
-0.0438611
-0.0401617
-0.0440265
-0.0432793
-0.0406618
-0.0432439
-0.0429772
-0.043949
-0.0379447
-0.0439068
-0.0405568
-0.0438303
-0.0455021
-0.0457779
-0.0466871
-0.0400707
-0.0461899
-0.0424577
-0.0457906
-0.0448635
-0.043903
-0.0367437
-0.0440918
-0.0440231
-0.0444256
-0.0426776
-0.0458088
-0.0457714
-0.0448595
-0.0412433
-0.0452163
-0.0460606
-0.0435899
-0.0281826
-0.021469
-0.0257096
-0.022529
-0.0284002
-0.0271304
0.0040571
0.0037097
-0.0275561
-0.0172028
-0.0212739
-0.0041134
-0.0207946
-0.0246976
-0.0166669
-0.0236648
-0.00908304
-0.00951319
-0.0197964
-0.00941559
-0.0232754
-0.0196963
-0.0425104
-0.0452548
-0.041005
-0.0389116
-0.0435585
-0.0445644
-0.0352233
-0.0320716
-0.0203017
-0.0209689
-0.00647037
-0.0320125
-0.0159108
-0.018055
-0.0269081
-0.0148006
0.00258152
-0.0176568
-0.0150853
-0.026794
-0.0185188
0.000875315
0.000458305
0.00404764
0.00370422
-0.0426319
-0.0409631
-0.042702
-0.0358211
-0.0436003
-0.0351057
-0.0418082
-0.0236688
-0.00908331
-0.0197963
-0.00951359
-0.0196986
-0.0232742
-0.00941837
-0.0275502
-0.017187
-0.00410592
-0.0212587
-0.0166583
-0.0246895
-0.020788
-0.0424827
-0.0409662
-0.0452147
-0.0388511
-0.0435341
-0.0351753
-0.044531
-0.0269039
-0.0148152
-0.0176607
0.00258404
-0.0268011
-0.0150884
-0.0185132
-0.0320349
-0.020261
-0.00643362
-0.0209435
-0.0158672
-0.0319777
-0.018024
0.000844128
0.000429067
-0.042409
-0.0340077
-0.042835
-0.0442555
-0.0426561
-0.0428308
-0.0431748
-0.044269
-0.0391701
-0.0318722
-0.0213336
-0.024064
-0.0254073
-0.0302289
-0.0202035
-0.0438022
-0.0439481
-0.0401641
-0.0438645
-0.0432818
-0.0440289
-0.0406619
-0.0431317
-0.0435877
-0.0433746
-0.0417124
-0.0437309
-0.0429271
-0.041563
-0.0455264
-0.0466768
-0.0458147
-0.0400163
-0.0461901
-0.0457929
-0.0424231
-0.0432445
-0.0439529
-0.0429262
-0.0379781
-0.0439248
-0.0405606
-0.0438144
-0.0458476
-0.0457655
-0.0412504
-0.0448682
-0.0460807
-0.0452248
-0.0435938
-0.0281627
-0.021435
-0.0256926
-0.0283759
-0.0225008
-0.027116
-0.0448961
-0.043909
-0.0440977
-0.0366594
-0.044434
-0.0440298
-0.0426872
-0.0374581
-0.0377838
-0.0383364
-0.0434443
-0.0435597
-0.0432699
-0.0431002
-0.0440975
-0.0432949
-0.038157
-0.0437364
-0.0378991
-0.0381963
-0.0400258
-0.0405681
-0.0405216
-0.0409891
-0.045646
-0.0470593
-0.0388911
-0.0471511
-0.0441614
-0.0436854
-0.0439723
-0.0437645
-0.0434873
-0.0435278
-0.0446025
-0.0420148
-0.0438576
-0.0415948
-0.0418146
-0.0439317
-0.0440083
-0.0438322
-0.0439234
-0.0438103
-0.0418486
-0.0436587
-0.0440223
-0.0438202
-0.0440649
-0.0439117
-0.0440719
-0.0443431
-0.0436871
-0.0438923
-0.044949
-0.043397
-0.0439684
-0.0437821
-0.0406816
-0.0438333
-0.0432768
-0.0443579
-0.0437065
-0.0438072
-0.0436555
-0.043714
-0.0437546
-0.0438027
-0.0444847
-0.0456581
-0.0379049
-0.0369275
-0.0445885
-0.0480238
-0.0374061
-0.0437043
-0.0437928
-0.0437927
-0.0434159
-0.0437866
-0.0438128
-0.0437584
-0.0432876
-0.0378638
-0.0431499
-0.0482799
-0.0441004
-0.0429083
-0.0449824
-0.0441081
-0.0438879
-0.0437091
-0.04066
-0.0441145
-0.0439533
-0.0429201
-0.0437212
-0.0437011
-0.0436682
-0.0436099
-0.0437055
-0.0436912
-0.0437814
-0.0438717
-0.0437893
-0.0435055
-0.0440844
-0.0439258
-0.0439348
-0.0451967
-0.0438575
-0.0446283
-0.0409705
-0.0377986
-0.0438146
-0.0412985
-0.0441063
-0.0435238
-0.0437337
-0.0438113
-0.0433258
-0.0437571
-0.0438581
-0.043832
-0.0438552
-0.0438508
-0.0437266
-0.0422852
-0.0436729
-0.0437021
-0.0437416
-0.043757
-0.0437415
-0.0436278
-0.0435496
-0.0437217
-0.0437418
-0.0434584
-0.0439908
-0.0436807
-0.0439647
-0.0406778
-0.0438033
-0.0437166
-0.0446546
-0.0438108
-0.0448603
-0.044579
-0.0439727
-0.037769
-0.0455769
-0.0418739
-0.043641
-0.0417058
-0.0415151
-0.0438782
-0.0437543
-0.0421789
-0.0422371
-0.0421894
-0.0421119
-0.0424753
-0.0417385
-0.0460597
-0.0409636
-0.0463305
-0.0331774
-0.0454057
-0.0323646
-0.0410454
-0.0387087
-0.0448145
-0.0427915
-0.0446066
-0.0428771
-0.0437807
-0.0435985
-0.0437278
-0.0434545
-0.0434621
-0.0436675
-0.0432013
-0.0347361
-0.0402065
-0.0438744
-0.0335336
-0.0418171
-0.0425457
-0.0367586
-0.0438291
-0.0431569
-0.043784
-0.0436889
-0.0436317
-0.0433488
-0.0435459
-0.0436216
-0.0399302
-0.0438072
-0.0426973
-0.0410374
-0.0454388
-0.0342732
-0.0405412
-0.0410057
-0.045877
-0.0405164
-0.0472908
-0.0472857
-0.0388795
-0.0417402
-0.0402541
-0.0402074
-0.03901
-0.0397553
-0.0364599
-0.0415685
-0.0436658
-0.0433519
-0.0436057
-0.0433165
-0.0439023
-0.0435376
-0.0379894
-0.0437064
-0.0379654
-0.0381894
-0.0399771
-0.0405283
-0.0439713
-0.0438563
-0.0438472
-0.0443057
-0.0438334
-0.0433236
-0.0439189
-0.0444606
-0.038203
-0.0355099
-0.0344243
-0.0425734
-0.0440439
-0.0428631
-0.0430504
-0.0376496
-0.0438108
-0.0433592
-0.0437144
-0.0401335
-0.0436753
-0.0437025
-0.0433496
-0.0434717
-0.0438615
-0.0435113
-0.0415503
-0.0439858
-0.0440142
-0.0430062
-0.0389955
-0.0445367
-0.0433685
-0.0418262
-0.0438071
-0.0441702
-0.0411574
-0.0429724
-0.0435694
-0.0438879
-0.0429388
-0.0437209
-0.0437292
-0.0437883
-0.0435671
-0.0438008
-0.0436735
-0.0437723
-0.0436046
-0.0435947
-0.0430608
-0.0427393
-0.042612
-0.0447662
-0.0432657
-0.0430962
-0.0443365
-0.0334332
-0.0443483
-0.0418138
-0.0441646
-0.0439295
-0.043694
-0.0436949
-0.0436913
-0.0437136
-0.0436718
-0.0437039
-0.0436294
-0.0440724
-0.0439888
-0.0435033
-0.0450915
-0.0438427
-0.0436831
-0.0430948
-0.0413127
-0.0441749
-0.0411921
-0.03286
-0.041118
-0.0455421
-0.0436182
-0.0436885
-0.0435829
-0.0435438
-0.0436403
-0.0436756
-0.0465535
-0.0433271
-0.0431588
-0.0437387
-0.0447624
-0.0436315
-0.044811
-0.0402133
-0.0384117
-0.0440342
-0.0434166
-0.0435614
-0.0433484
-0.0432181
-0.0444366
-0.0433991
-0.0445578
-0.0358516
-0.0356825
-0.0399618
-0.0398891
-0.041948
-0.04049
-0.0405397
-0.0367384
-0.0399317
-0.0392812
-0.045026
-0.0443624
-0.0448817
-0.0408977
-0.0445307
-0.043216
-0.045246
-0.0432773
-0.0429367
-0.037843
-0.043872
-0.043813
-0.0438138
-0.0404322
-0.0276337
-0.0252999
-0.021034
-0.0265925
-0.0278916
-0.0221152
-0.0448557
-0.0462632
-0.0454949
-0.0396359
-0.0457284
-0.0451222
-0.042062
-0.043457
-0.0437758
-0.0436626
-0.0419916
-0.0439445
-0.0430421
-0.0417958
-0.0439232
-0.0439759
-0.0440321
-0.0401509
-0.0441371
-0.0408411
-0.0432545
-0.0430609
-0.0428322
-0.0430712
-0.0445281
-0.0433711
-0.0394487
-0.0444659
-0.0439919
-0.0432479
-0.0431623
-0.0371004
-0.0441459
-0.042852
-0.0348866
-0.0319096
-0.0240222
-0.0213792
-0.0254417
-0.0301951
-0.0202436
0.00531448
0.00912603
-0.00605847
0.00607369
-0.00711904
-0.0114655
-0.0400518
-0.0335327
-0.0309859
-0.0354825
-0.0334643
-0.00872522
-0.0116592
-0.00973042
0.00471035
-0.00527841
0.0057122
-0.00573397
0.00502649
-0.0317784
-0.0206031
-0.0199801
-0.00630676
-0.0157162
-0.0315775
-0.0178446
-0.0425039
-0.0449952
-0.0385792
-0.0413098
-0.0440592
-0.0437612
-0.0353501
-0.0270064
-0.0176883
0.00252589
-0.014906
-0.0185675
-0.0268737
-0.0152226
-0.0428408
-0.0428713
-0.0359437
-0.0408622
-0.0419747
-0.0439053
-0.0352736
-0.027412
-0.0211856
-0.0170906
-0.00400707
-0.0245512
-0.0206312
-0.0165608
-0.0238105
-0.0199028
-0.00953636
-0.00911887
-0.0198131
-0.0233976
-0.00946512
-0.0118687
-0.00988524
-0.0115322
-0.0404682
-0.0312446
-0.0337464
-0.0336299
-0.0355414
-0.00888256
0.00468953
0.00568684
-0.00525521
-0.00574268
0.00501174
-0.00849864
-0.00961027
0.00526444
-0.00612823
0.009164
-0.00719048
0.00599903
-0.011462
-0.0335347
-0.0400572
-0.0309864
-0.0354863
-0.00872739
-0.033463
-0.00867903
-0.00976195
0.00471186
-0.00527696
0.00571564
0.00502142
-0.00573173
-0.0116346
-0.0097117
-0.0270019
-0.0176911
-0.0149072
0.00253161
-0.0152179
-0.0268749
-0.0185622
-0.0317566
-0.0205762
-0.00628904
-0.0199669
-0.0178235
-0.0315491
-0.0157037
-0.0424847
-0.044992
-0.041354
-0.0386434
-0.0437685
-0.0439932
-0.035359
-0.0237749
-0.0198875
-0.00910761
-0.00955019
-0.0233802
-0.0197895
-0.00942938
-0.0428373
-0.042858
-0.0408774
-0.0358893
-0.0439179
-0.041947
-0.0352735
-0.0273886
-0.0211532
-0.0039727
-0.017034
-0.0206136
-0.0245199
-0.016515
0.00467281
-0.0052629
0.00566861
-0.00574231
0.00499674
-0.0118443
-0.00986098
0.00525631
-0.00612226
0.00911907
0.00599405
-0.00719289
-0.00847378
-0.00958569
-0.0443592
-0.0436419
-0.043636
-0.0364545
-0.043991
-0.0423225
-0.0438834
-0.0276004
-0.025268
-0.0210201
-0.0221147
-0.0278608
-0.0265529
-0.0446465
-0.0460544
-0.0397416
-0.0453201
-0.0452663
-0.0454847
-0.0422503
-0.0432708
-0.042938
-0.0438641
-0.0378568
-0.0437803
-0.0438362
-0.0404245
-0.0439138
-0.0440374
-0.0439779
-0.0401543
-0.0441395
-0.0432524
-0.0408451
-0.043447
-0.0436635
-0.0437846
-0.0420183
-0.0439441
-0.0417959
-0.0430547
-0.0439754
-0.0432371
-0.0370488
-0.0431573
-0.0428323
-0.0441371
-0.0348676
-0.0318836
-0.0239836
-0.0213342
-0.0301627
-0.0254086
-0.0202111
-0.0430616
-0.0428344
-0.0445343
-0.0430735
-0.0433679
-0.0444733
-0.0394598
-0.040255
-0.0417427
-0.0402039
-0.0397535
-0.0390104
-0.0364564
-0.0415886
-0.0433611
-0.0436488
-0.0436136
-0.0433048
-0.0435634
-0.0438849
-0.0380218
-0.0437189
-0.0382038
-0.0379801
-0.0405499
-0.0399961
-0.0437643
-0.0437619
-0.0440419
-0.0401955
-0.0440357
-0.0439355
-0.0435387
-0.0439749
-0.0438537
-0.0438641
-0.0443487
-0.0438371
-0.0439249
-0.0433289
-0.0428652
-0.0430604
-0.0438173
-0.037676
-0.0433752
-0.040144
-0.0437248
-0.0436673
-0.0436989
-0.0434731
-0.0433096
-0.0435134
-0.0438486
-0.0415507
-0.0444532
-0.038208
-0.0355036
-0.0425794
-0.0344223
-0.0440322
-0.0437275
-0.0437262
-0.0435618
-0.0437889
-0.0436731
-0.0437986
-0.0437691
-0.0440099
-0.0440126
-0.0390108
-0.0430051
-0.0418631
-0.0433499
-0.0445534
-0.0438263
-0.0441553
-0.0429752
-0.0411538
-0.0439075
-0.0435576
-0.0429679
-0.0437037
-0.0436948
-0.0437224
-0.0436879
-0.0437121
-0.0436456
-0.0436318
-0.0436134
-0.0435984
-0.0427309
-0.0430571
-0.0432795
-0.0447785
-0.0425946
-0.043087
-0.0443097
-0.0443291
-0.0334179
-0.0441492
-0.0418066
-0.0439192
-0.043759
-0.0437522
-0.0435539
-0.0436293
-0.0437115
-0.0437187
-0.0437083
-0.0440761
-0.0435073
-0.0440223
-0.0451495
-0.0438616
-0.0431024
-0.0437075
-0.0435232
-0.0437166
-0.0435394
-0.0435975
-0.0436522
-0.0437363
-0.0465321
-0.0433105
-0.0431524
-0.0447668
-0.0437413
-0.0436194
-0.044808
-0.0402394
-0.0413123
-0.0441866
-0.0412056
-0.0455433
-0.0411328
-0.0328725
-0.0434109
-0.044563
-0.0357119
-0.0358763
-0.0399223
-0.0399913
-0.0409518
-0.0460752
-0.0463363
-0.0454102
-0.033174
-0.0323477
-0.042846
-0.0436667
-0.0438226
-0.0437038
-0.0434511
-0.0437068
-0.043511
-0.0491846
-0.0370372
-0.0410723
-0.044908
-0.0387641
-0.0446331
-0.0428916
-0.0431898
-0.0347122
-0.0401987
-0.0438513
-0.0335043
-0.0425048
-0.0418169
-0.0413792
-0.0439111
-0.0422722
-0.0444764
-0.0423179
-0.0367574
-0.0438176
-0.0399662
-0.0438167
-0.0427039
-0.0454739
-0.0410518
-0.0342371
-0.0405412
-0.0375797
-0.0379311
-0.0394352
-0.0397595
-0.0441023
-0.0374499
-0.0373631
-0.0377377
-0.0447777
-0.0458535
-0.0442093
-0.0410639
-0.0449668
-0.0450955
-0.0409601
-0.0445211
-0.0444505
-0.0434372
-0.043833
-0.0444418
-0.0444137
-0.0439717
-0.0109113
-0.0199389
-0.0176561
-0.0221578
-0.0165328
-0.0443003
-0.0446286
-0.0443223
-0.0435925
-0.0448019
-0.0442843
-0.0431784
-0.0446551
-0.0448
-0.0443948
-0.0386595
-0.0448715
-0.0428711
-0.0422202
-0.0250079
-0.0184904
-0.0245363
-0.0178565
0.000863552
-0.0440717
-0.040009
-0.0395675
-0.0449201
-0.0354628
-0.0358371
0.000750967
0.000285488
-0.033491
-0.0428928
-0.0431538
-0.0387789
-0.041809
-0.0371643
-0.0354838
-0.0315637
-0.0429036
-0.0418154
-0.0377417
-0.0418777
-0.0380498
-0.0295586
-0.000685849
0.00622991
0.00199594
0.00146481
0.00854701
-0.00728744
-0.00675496
-0.00974095
-0.00691367
-0.0114143
-0.0150405
-0.0131311
-0.012018
-0.00471463
-0.00398681
-0.00360399
-0.00455071
-0.029566
-0.0289834
-0.000219168
-0.00109846
-0.0288643
-0.0296659
-0.00116638
-0.0420748
-0.043909
-0.0441313
-0.037183
-0.0441442
-0.0409222
-0.040443
-0.0131472
-0.0156971
-0.0151432
-0.0134864
-0.00463025
0.008619
-0.00329655
0.0027991
-0.0254031
-0.0272165
-0.000211523
-0.000402382
-0.0268122
-0.025892
-0.000690229
-0.0190975
-0.0110048
-0.010839
-0.0190195
-0.0335824
-0.0436237
-0.0433249
-0.0387072
-0.0433276
-0.0384578
-0.0322029
0.0115436
0.00320438
-0.00128416
-0.00142705
0.00280203
0.00406457
0.0037596
-0.0315544
-0.0418169
-0.0429093
-0.0377294
-0.04188
-0.0295555
-0.0380471
-0.0334832
-0.0431621
-0.0428954
-0.0387793
-0.0418126
-0.0354771
-0.0371624
0.00624204
0.00199728
0.00855168
0.00147319
-0.000659127
-0.0407245
-0.043665
-0.0429565
-0.0392674
-0.0428772
-0.0393611
-0.0410583
-0.00474457
-0.00398316
-0.00458364
-0.0035944
-0.027792
-0.0284761
-0.000632989
-5.29733e-05
-0.0280753
-0.0287103
-0.000638739
-0.00725453
-0.00671591
-0.00688438
-0.00970347
-0.0113888
-0.0150577
-0.0120394
-0.0131116
-0.0419418
-0.044183
-0.0439657
-0.0372171
-0.044223
-0.0403685
-0.0408969
-0.0266668
-0.0281702
-0.000638525
-0.000540413
-0.00131183
-0.0267645
-0.0284657
-0.0192434
-0.0110909
-0.019079
-0.0109783
-0.0132722
-0.0157239
-0.013547
-0.0152008
-0.00458142
0.00865585
0.00284619
-0.00327792
-0.0337546
-0.0438731
-0.0419175
-0.0366905
-0.0431625
-0.0395709
-0.0322298
0.00306351
-0.00137445
0.00268089
-0.00155043
0.0116076
0.00404901
0.00373942
-0.0373532
-0.037715
-0.0374114
-0.0400128
-0.0400967
-0.0436858
-0.0375724
-0.0375127
-0.0444569
-0.0433863
-0.0444182
-0.0437954
-0.0443985
-0.0439403
-0.0443612
-0.0108647
-0.0199482
-0.0176657
-0.0165172
-0.0221706
-0.0446337
-0.0444571
-0.0448397
-0.0387164
-0.0449028
-0.0422144
-0.0428959
-0.0250511
-0.0185125
-0.0179076
-0.0245674
0.000852682
-0.0440747
-0.0395663
-0.040013
-0.044923
-0.0354542
-0.0358329
-0.0426989
-0.0344654
-0.0394214
-0.0397674
-0.0391476
-0.0387295
-0.0441038
-0.0374622
-0.0365239
-0.0436408
-0.0353681
-0.0236039
-0.0393975
-0.0288403
-0.0384751
-0.039155
-0.0371351
-0.0404527
-0.0414543
-0.0407078
-0.0341073
-0.0328232
-0.0371338
-0.0447426
-0.0424301
-0.0422606
-0.037541
-0.0417492
-0.0420439
-0.0375558
-0.035876
-0.0412259
-0.0251709
-0.0426321
-0.0371149
-0.0412687
-0.0347481
-0.0340922
-0.0397776
-0.0370975
-0.0277482
-0.0372727
0.00928662
-0.0169824
-0.0178031
0.0091783
-0.0183166
-0.000883369
0.00341235
-0.0219856
-0.0121567
-0.016814
-0.0024611
0.00264939
-0.00597792
-0.0106231
-0.0103826
-0.00764577
-0.00510736
-0.00322164
-0.00332467
-0.00676692
-0.034386
-0.0276366
-0.0337496
-0.0319476
-0.0345606
-0.0316663
-0.0337328
-0.00911932
-0.0168376
-0.0144425
-0.0123727
-0.011617
-0.0136119
-0.012222
-0.0120128
-0.016169
0.00132676
0.000777851
-0.0271744
0.00911927
-0.0197524
-0.0229192
-0.0146681
-0.0130291
0.00334469
0.0114467
-0.0106939
-0.0189482
-0.00656058
-0.000623137
-0.0251115
-0.0273029
-0.00680075
-0.00544164
-0.0269252
-0.0015436
-0.00203109
0.00542362
-0.0104971
-0.0182876
-0.0328841
-0.0347677
-0.0152665
-0.0207696
-0.031493
-0.00462142
-0.0264314
-0.00966637
-0.029873
-0.0148536
-0.00859513
-0.0280935
-0.0109157
-0.0313708
-0.0216649
-0.0340372
-0.0217339
-0.01503
-0.0307758
0.00921605
0.0105168
-0.017182
-0.0156156
0.000674297
-0.0131113
-0.0139625
0.00642576
-0.0141491
0.0120627
-0.0222501
-0.00832906
-0.00950154
0.0134845
-0.00734808
-0.0106935
-0.00835603
0.0082146
-0.011953
-0.0157461
0.0232988
0.00452987
-0.0262228
0.0215652
-0.01455
-0.0261241
-0.0170695
-0.00468967
-0.00906656
-0.0115952
-0.0175392
-0.0170181
0.00994513
0.0178341
-0.0230331
-0.0166404
-0.0256022
-0.00109201
0.00167811
-0.022031
-0.000848844
-0.026113
-0.0219166
-0.0272985
-0.000807619
-0.000976509
-0.028445
-0.000996761
-0.02897
-0.025894
-0.0242451
-0.0178386
0.000962189
0.000944346
-0.000525558
-0.0206143
-0.0221857
-0.00932521
0.00351929
-0.0219326
-0.0265365
0.000452488
-0.00429025
-0.0269983
0.00459213
0.00504124
0.000544783
0.0055228
0.00228602
0.00294866
-0.0177693
-0.0198925
-0.0293218
-0.0289567
-0.0168256
-0.0202481
-0.0297577
0.00717272
-0.0137451
-0.0231358
-0.00125065
-0.0282582
-0.0142764
-0.00152889
-0.0281431
-0.0182937
-0.0312941
-0.0199816
-0.0298573
-0.0195974
-0.0174601
-0.0307614
-0.0175672
-0.0165565
-0.00698472
-0.0315424
-0.0369573
-0.0411151
-0.0409493
-0.0321799
-0.0311496
-0.041233
-0.00776666
-0.00832132
-0.00749536
-0.02869
-0.0295253
-0.0334568
-0.0366821
-0.0275465
-0.0272084
-0.0357621
-0.0321487
-0.0374148
-0.0328797
-0.0359746
-0.0352288
-0.0282197
-0.0363024
-0.0314041
-0.0439896
-0.022173
-0.0413187
-0.0296555
-0.0337336
-0.042617
-0.0354789
-0.0353839
-0.0430694
-0.0439832
-0.0296417
-0.0384353
-0.0433213
-0.0259416
-0.0157426
-0.0169603
-0.00877558
-0.0139869
-0.0234865
-0.036527
-0.03502
-0.0373369
-0.0405523
-0.0355017
-0.037601
-0.040695
-0.0257177
-0.0364273
-0.0404077
-0.034794
-0.037252
-0.0358306
-0.0293279
-0.0408484
-0.0328807
-0.0434717
-0.0349639
-0.0425759
-0.034767
-0.0345967
-0.0427139
-0.0308935
-0.0352831
-0.029921
-0.0223103
-0.0193244
-0.0348737
-0.0388841
-0.0194845
-0.0251034
-0.0341857
-0.0194912
-0.0278807
-0.0151453
-0.0252185
-0.0341097
-0.0375912
-0.0281048
-0.0313613
-0.0376987
-0.0385089
-0.0444346
-0.0397715
-0.0361345
-0.0433547
-0.0401527
-0.0357309
-0.0470064
-0.0365835
-0.0462027
-0.0401589
-0.0444232
-0.0419564
-0.0353926
-0.0453619
-0.0396355
-0.0466595
-0.0460791
-0.0444506
-0.0395898
-0.0391772
-0.0348307
-0.0460347
-0.0445449
-0.0439775
-0.0405515
-0.0458974
-0.0435866
-0.0414376
-0.0454442
-0.0432645
-0.0430856
-0.045929
-0.0439325
-0.0423513
-0.0439968
-0.0440224
-0.0430656
-0.0439835
-0.0450197
-0.0341881
-0.0445658
-0.0442545
-0.0406646
-0.0437661
-0.0435043
-0.0441572
-0.0434074
-0.0420788
-0.0435009
-0.0406441
-0.0429011
-0.0335851
-0.0437137
-0.0435708
-0.0452918
-0.0434518
-0.0317858
-0.0456181
-0.0488355
-0.0394702
-0.0441743
-0.0423028
-0.0385753
-0.0449627
-0.0286991
-0.0384363
-0.0379411
-0.0464396
-0.033818
-0.0390317
-0.0310654
-0.03322
-0.0389952
-0.0363409
-0.0415661
-0.0359141
-0.0373037
-0.0324233
-0.0408327
-0.0394131
-0.0422016
-0.0426502
-0.0417511
-0.0425983
-0.0370802
-0.0375911
-0.0435422
-0.0378686
-0.0433626
-0.0323612
-0.040116
-0.0398673
-0.0366927
-0.0437733
-0.0449862
-0.043714
-0.0445771
-0.0438689
-0.0445057
-0.0443077
-0.0439347
-0.0387771
-0.0348029
-0.0374738
-0.0378509
-0.0403814
-0.0368933
-0.0436682
-0.0428096
-0.0364304
-0.0434442
-0.0398696
-0.0429528
-0.0441489
-0.0355841
-0.0293983
-0.00484699
-0.013912
-0.0158606
-0.0166727
-0.0184793
-0.0283669
-0.00331321
-0.00965959
0.000748478
-0.00985361
-0.00586762
-0.00695617
-0.0116213
-0.0212711
-0.0258889
-0.0332836
-0.0158739
-0.0216272
-0.0224364
-0.0162291
-0.0101934
-0.0104859
-0.0246685
-0.0208756
-0.0320373
-0.0184903
-0.00786166
-0.0240227
-0.0249314
-0.00425014
-0.0123275
-0.0127381
-0.0103747
-0.0165094
-0.0261558
0.00346687
0.00294266
-0.0103622
0.00200432
-0.00982741
0.00425205
0.00756118
-0.00435831
-0.00413402
0.00451768
0.00427979
0.00396929
-0.00841809
0.00477222
-0.00889067
-0.0354152
-0.0292757
-0.0301138
-0.0392098
-0.0305808
-0.0373782
-0.0380367
-0.0331637
-0.0245001
-0.0331866
-0.0325158
-0.04039
-0.0365075
-0.0266673
-0.0322406
-0.0406484
-0.0365847
-0.038085
-0.0438331
-0.0359154
-0.0407123
-0.0345339
-0.0403512
-0.042833
-0.0429504
-0.0433695
-0.0434806
-0.0432951
-0.0434855
-0.043515
-0.0435818
-0.0450093
-0.0437901
-0.0437225
-0.0445905
-0.0445236
-0.0438643
-0.0443145
-0.0230143
-0.0258128
-0.0328867
-0.0200234
-0.0252144
-0.0269473
-0.0187916
-0.032162
-0.0316129
-0.0243782
-0.0302574
-0.0385385
-0.0341379
-0.0419173
-0.0394959
-0.042801
-0.0343318
-0.0407436
-0.0446894
-0.0359185
-0.0364591
-0.0438784
-0.0437897
-0.0397981
-0.0400138
-0.0429315
-0.0434007
-0.0439788
-0.0433242
-0.0396587
-0.0435197
-0.0449253
-0.037544
-0.0415922
-0.0413317
-0.039084
-0.0383149
-0.0433266
-0.0392437
-0.0359187
-0.038412
-0.0388097
-0.0412773
-0.0377527
-0.0403899
-0.0433058
-0.0374325
-0.0434595
-0.0438625
-0.0382195
-0.043219
-0.0403996
-0.0434968
-0.0403991
-0.0437491
-0.0437825
-0.0373908
-0.0432677
-0.0382414
-0.0426638
-0.0377261
-0.0355763
-0.0444067
-0.0448846
-0.0398746
-0.0399057
-0.0423346
-0.0429997
-0.0457532
-0.0452482
-0.0408251
-0.0426033
-0.0445584
-0.0434357
-0.0440919
-0.043549
-0.0433699
-0.0441002
-0.0437548
-0.0429798
-0.0431048
-0.040278
-0.0427351
-0.0419222
-0.0352907
-0.0433061
-0.0346754
-0.0414998
-0.0442544
-0.0438418
-0.0430159
-0.0416704
-0.0412207
-0.0432952
-0.0409065
-0.043349
-0.0453678
-0.0411227
-0.0487605
-0.0355993
-0.046905
-0.0363663
-0.0452464
-0.0449052
-0.0462832
-0.0357465
-0.0470644
-0.0367867
-0.0366212
-0.0424108
-0.0463243
-0.0392507
-0.0370254
-0.0468158
-0.0473366
-0.0432612
-0.0400962
-0.0403807
-0.0400247
-0.0444834
-0.0434366
-0.0454882
-0.0372836
-0.0410865
-0.0406842
-0.0408099
-0.0440639
-0.0456661
-0.0396244
-0.0428527
-0.0421949
-0.0447373
-0.0444561
-0.043789
-0.0432708
-0.043584
-0.0436428
-0.0438554
-0.0434225
-0.0440816
-0.0423795
-0.0436488
-0.0437669
-0.0440365
-0.0439108
-0.0439159
-0.0426784
-0.04806
-0.0342622
-0.0433819
-0.0451177
-0.0443991
-0.0435959
-0.0422783
-0.0428683
-0.0446128
-0.0435427
-0.0431147
-0.0356971
-0.0442736
-0.0476483
-0.0414515
-0.0438835
-0.0443671
-0.0422722
-0.0482858
-0.0454513
-0.0351976
-0.0460834
-0.0433359
-0.0429348
-0.0450856
-0.0468374
-0.0410891
-0.0363546
-0.0399523
-0.0456125
-0.0433501
-0.0437624
-0.0437396
-0.0436536
-0.0436703
-0.0436823
-0.0437448
-0.0433793
-0.0436319
-0.0436908
-0.0435694
-0.0437421
-0.0436946
-0.0437233
-0.0436162
-0.0438999
-0.0440924
-0.0438235
-0.0438608
-0.0437751
-0.0438808
-0.0421441
-0.0417941
-0.0421771
-0.0438608
-0.0435005
-0.0436634
-0.0436771
-0.0432989
-0.043678
-0.0436162
-0.0437052
-0.0435311
-0.0436133
-0.0436329
-0.0432153
-0.0436228
-0.0436029
-0.043578
-0.0435749
-0.0436342
-0.0436693
-0.0426966
-0.0387568
-0.0371306
-0.0416596
-0.0395005
-0.038928
-0.041937
-0.0397887
-0.0386845
-0.0390726
-0.0432543
-0.0433122
-0.0431812
-0.0419228
-0.0414902
-0.0407197
-0.0393889
-0.0318726
-0.0431693
-0.0410291
-0.0355074
-0.0393488
-0.0433052
-0.0427839
-0.0436006
-0.0350207
-0.0316178
-0.043973
-0.0397685
-0.036343
-0.0448059
-0.0379993
-0.0412033
-0.0330274
-0.0441838
-0.0445878
-0.0312929
-0.0439408
-0.0378149
-0.0346742
-0.0404697
-0.0296611
-0.00527692
-0.0147941
-0.0130748
-0.0173391
-0.0132963
-0.0276276
0.00185311
0.00237422
-0.0130994
-0.00500082
-0.0203979
-0.0100227
-0.00334872
-0.00144889
-0.0145029
-0.0146876
-0.0102871
-0.000517577
-0.0264803
-0.00151582
-0.0169154
-0.0104075
-0.0187692
-0.0138366
-0.0258011
0.00171479
0.00315568
0.0100187
-0.00761557
-0.00944535
-0.0211187
0.0104524
-0.0079495
-0.00969841
0.00892204
-0.00507929
-0.0115956
-0.0212199
-0.00924085
0.00709778
-0.00920008
-0.0310525
-0.0309786
-0.0331842
-0.0397377
-0.0243126
-0.0408222
-0.0375819
-0.0368109
-0.0293419
-0.0423089
-0.0396547
-0.0435298
-0.0411058
-0.0380634
-0.0344008
-0.0430077
-0.0376861
-0.0395076
-0.043674
-0.0310563
-0.0307541
-0.0338561
-0.0329486
-0.0418028
-0.0137424
-0.0257872
-0.0237899
-0.0354913
-0.0399991
-0.0403112
-0.0375413
-0.0430783
-0.0360739
-0.0403047
-0.0418696
-0.0423124
-0.0422208
-0.0436802
-0.0439216
-0.0436603
-0.0437156
-0.0437699
-0.0433546
-0.0437496
-0.0436612
-0.0436655
-0.0436805
-0.0437527
-0.0436303
-0.0440876
-0.0438904
-0.0438639
-0.0438042
-0.0437683
-0.0438786
-0.0436993
-0.0433291
-0.0436477
-0.0437223
-0.043562
-0.0436303
-0.0436526
-0.0440768
-0.0436133
-0.0438723
-0.043857
-0.0437723
-0.0437176
-0.0438114
-0.0418205
-0.04218
-0.0422045
-0.0438654
-0.0436876
-0.0435324
-0.043683
-0.0432265
-0.0436121
-0.0436279
-0.0435827
-0.0435696
-0.0436339
-0.0436816
-0.0372689
-0.0346078
-0.0419718
-0.0435782
-0.0396678
-0.0415361
-0.0427034
-0.0409876
-0.042707
-0.0420992
-0.0371739
-0.0440713
-0.0370357
-0.0443236
-0.0437928
-0.0391103
-0.0433706
-0.0439179
-0.0417581
-0.0433908
-0.0426
-0.0342095
-0.0399223
-0.041813
-0.0385972
-0.042121
-0.0425557
-0.0401501
-0.041425
-0.0421034
-0.0399417
-0.040009
-0.040792
-0.0436186
-0.0435201
-0.0434877
-0.0423491
-0.0424888
-0.0427342
-0.0435864
-0.0445567
-0.0430557
-0.0431129
-0.0462336
-0.0334697
-0.0441263
-0.0427616
-0.0437705
-0.0407177
-0.0432458
-0.0435751
-0.0451162
-0.0415696
-0.0442329
-0.0436006
-0.0454053
-0.0330639
-0.0450279
-0.0448444
-0.0421657
-0.0449909
-0.0392816
-0.0427936
-0.0373789
-0.0445913
-0.0438163
-0.0392516
-0.0440153
-0.0427564
-0.0459268
-0.0439797
-0.0431174
-0.0419633
-0.0425881
-0.0409013
-0.0418711
-0.0421646
-0.0437798
-0.0432752
-0.0428992
-0.0442945
-0.042447
-0.0423718
-0.0401901
-0.0417958
-0.0458776
-0.042592
-0.045156
-0.0471011
-0.0409992
-0.0475843
-0.0362681
-0.0477214
-0.0430702
-0.0435068
-0.0440546
-0.0435735
-0.0418677
-0.0404225
-0.0433445
-0.043051
-0.0440263
-0.0433522
-0.0429269
-0.0436573
-0.0448618
-0.0434025
-0.042339
-0.0435036
-0.0448145
-0.043195
-0.0429245
-0.0434162
-0.0429687
-0.0419276
-0.0428002
-0.0422658
-0.0421859
-0.0432599
-0.0439737
-0.0432095
-0.0431993
-0.0442255
-0.0425626
-0.0444111
-0.0408144
-0.04378
-0.0455854
-0.0363009
-0.0456902
-0.0353713
-0.0430817
-0.0465511
-0.045291
-0.0414534
-0.0431367
-0.0472
-0.0434291
-0.0434381
-0.0433689
-0.0442096
-0.0438942
-0.0428609
-0.0450926
-0.0465165
-0.0421556
-0.0351812
-0.0432163
-0.0415886
-0.0465351
-0.0432639
-0.0462595
-0.0437996
-0.0437747
-0.0437345
-0.0437016
-0.043791
-0.0437184
-0.043793
-0.0436116
-0.0415601
-0.0416895
-0.0418444
-0.0439498
-0.0426159
-0.0441414
-0.0437009
-0.0442404
-0.0421009
-0.0435975
-0.0437218
-0.0425406
-0.0437426
-0.0353352
-0.0435434
-0.0303793
-0.045896
-0.0460708
-0.04279
-0.028315
-0.0444265
-0.0410148
-0.0432269
-0.0413639
-0.0461037
-0.0447572
-0.0448104
-0.0398942
-0.0296456
-0.0445812
-0.0423958
-0.0426161
-0.0404142
-0.0461508
-0.0436754
-0.0390022
-0.0436434
-0.045448
-0.0417991
-0.0434223
-0.0429815
-0.0434549
-0.0434047
-0.0434949
-0.043458
-0.0435803
-0.0414687
-0.029422
-0.0283079
-0.0445905
-0.0364834
-0.0379762
-0.0388128
-0.0439005
-0.0373609
-0.0433336
-0.042836
-0.041857
-0.0434767
-0.0394582
-0.0446864
-0.0396115
-0.0436625
-0.0433542
-0.0437767
-0.0451988
-0.0348005
-0.0308863
-0.0418388
-0.0320424
-0.0340632
-0.0426321
-0.00380872
-0.0150588
-0.00148153
-0.00125265
0.00163882
-0.0103872
-0.00968145
-0.00530036
-0.00679022
-0.0146706
-0.0173512
-0.00818681
-0.0318259
-0.027565
-0.0230782
-0.0216075
-0.0307924
-0.0328079
-0.0180397
-0.0309567
-0.0207119
-0.0178687
-0.0276125
-0.0274286
-0.0154808
-0.0333869
0.00877851
-0.0048314
-0.018583
0.000822946
-0.00766628
-0.000580965
0.00347372
0.00598253
0.00545695
0.000353867
0.00312349
0.00437243
0.00519357
-0.0182536
-0.0104978
0.00536184
0.00563224
-0.0105223
0.00337574
-0.0337679
-0.0239659
-0.00990397
-0.0264652
-0.0260497
-0.0241546
-0.0338587
-0.0270786
-0.031197
-0.0161906
-0.0449888
-0.0436982
-0.0437732
-0.044449
-0.0445216
-0.043821
-0.0442291
-0.0429558
-0.0434416
-0.0434607
-0.0433667
-0.0434483
-0.0435089
-0.0435798
-0.038374
-0.0348702
-0.0309156
-0.0432046
-0.0358104
-0.0342272
-0.0395528
-0.0362711
-0.0247528
-0.0148294
-0.0293483
-0.0270629
-0.0346706
-0.0300804
-0.0296556
-0.038778
-0.0360811
-0.0243149
-0.037364
-0.0376092
-0.0288809
-0.0242738
-0.0375861
-0.0335449
-0.0327903
-0.0390685
-0.043777
-0.037873
-0.0408252
-0.0405732
-0.0404971
-0.0375916
-0.0410956
-0.0434097
-0.0436029
-0.0414887
-0.0442684
-0.0405951
-0.045602
-0.0437791
-0.0402784
-0.0435289
-0.0405657
-0.0371088
-0.0447267
-0.0346691
-0.0439723
-0.0378384
-0.0457508
-0.0438423
-0.0438003
-0.0437149
-0.0438359
-0.0437727
-0.0437825
-0.043856
-0.043772
-0.0438244
-0.0437505
-0.0437122
-0.0437319
-0.0438163
-0.0438171
-0.0377509
-0.0470092
-0.0450074
-0.0421791
-0.043144
-0.0371575
-0.0454435
-0.044919
-0.0399758
-0.0475003
-0.0368995
-0.0447011
-0.0393789
-0.0472971
-0.0402746
-0.0447959
-0.0419817
-0.0376308
-0.0455487
-0.0398292
-0.0467739
-0.0391353
-0.0446202
-0.0421283
-0.03844
-0.0455138
-0.0425915
-0.0405479
-0.0436541
-0.04445
-0.0436239
-0.0450646
-0.0437793
-0.0436803
-0.0435959
-0.0436536
-0.0439115
-0.0425286
-0.0437623
-0.0437708
-0.0436525
-0.0435954
-0.0440347
-0.043777
-0.0419231
-0.0434284
-0.0420136
-0.041863
-0.042804
-0.0428235
-0.0423225
-0.0411493
-0.0442044
-0.0433073
-0.0434659
-0.0434986
-0.0445351
-0.0436371
-0.0443615
-0.0438093
-0.0435093
-0.0440104
-0.0424752
-0.0431975
-0.0438814
-0.0435587
-0.0435855
-0.0427907
-0.0435384
-0.0440011
-0.0436001
-0.0432878
-0.0434984
-0.0427174
-0.0407048
-0.0442054
-0.0459452
-0.0436693
-0.0420523
-0.0445793
-0.0435413
-0.0444126
-0.0452082
-0.0423054
-0.0465
-0.043918
-0.0417123
-0.0442957
-0.0416802
-0.042365
-0.0430616
-0.0435542
-0.0435632
-0.0439265
-0.0439406
-0.0436751
-0.0437221
-0.0430435
-0.0435527
-0.0438323
-0.0437655
-0.042894
-0.0425993
-0.0423746
-0.0419629
-0.0428957
-0.0419794
-0.0446174
-0.0423711
-0.0439161
-0.0445483
-0.0431098
-0.0446831
-0.0418353
-0.0435146
-0.0425117
-0.0424242
-0.0429321
-0.0419685
-0.0434122
-0.043171
-0.043336
-0.0433307
-0.0437378
-0.0437222
-0.0435705
-0.0435573
-0.0436241
-0.0436738
-0.0436479
-0.0434472
-0.0437148
-0.0432821
-0.0434415
-0.0433734
-0.0434707
-0.0433753
-0.0434172
-0.0435524
-0.043735
-0.0436553
-0.043591
-0.0437101
-0.0435054
-0.0433571
-0.0436794
-0.0433028
-0.0436051
-0.0436132
-0.0440352
-0.0437344
-0.0433382
-0.0437394
-0.0435874
-0.0436834
-0.0431151
-0.0432196
-0.0437885
-0.0437133
-0.0427976
-0.0436018
-0.0437539
-0.0436322
-0.0435961
-0.0439024
-0.0435703
-0.0434462
-0.043683
-0.0436482
-0.0430271
-0.0437695
-0.0424342
-0.0434416
-0.0441799
-0.0416287
-0.0438954
-0.0429449
-0.0440668
-0.0440034
-0.0432793
-0.0436301
-0.0435822
-0.0433483
-0.0439748
-0.0436021
-0.0437556
-0.0427917
-0.0379812
-0.044493
-0.0437182
-0.045458
-0.0440493
-0.043692
-0.0353229
-0.0440067
-0.0402179
-0.0360494
-0.041866
-0.0437158
-0.0453935
-0.0430393
-0.0442054
-0.0437499
-0.0433782
-0.0450444
-0.0420113
-0.0446274
-0.0447651
-0.0450779
-0.0435701
-0.043582
-0.0437426
-0.0435587
-0.0440005
-0.0404333
-0.0441309
-0.0341712
-0.0437733
-0.0427195
-0.0427048
-0.043766
-0.0443528
-0.0408481
-0.0312205
-0.0456724
-0.0420766
-0.0415389
-0.0419641
-0.0328437
-0.0401765
-0.0435055
-0.0461116
-0.0433082
-0.0390439
-0.0418002
-0.0427716
-0.0247494
-0.0423619
-0.0347576
-0.0374227
-0.0290571
-0.0348849
-0.0374042
-0.0367665
-0.0451429
-0.0361217
-0.0443825
-0.0427517
-0.0378149
-0.045887
-0.0429652
-0.0453396
-0.045748
-0.0433257
-0.0433691
-0.0433915
-0.0438722
-0.043459
-0.0431049
-0.0437203
-0.0277519
-0.0242668
-0.0350177
-0.0367239
-0.0257936
-0.0282011
-0.0342008
-0.004386
-0.000749517
0.0022623
-0.00526581
-0.00967645
-0.0147545
-0.00938601
-0.012083
-0.0090326
-0.00859923
-0.00855112
-0.0105625
-0.00432998
-0.000831841
-0.00184387
-0.00605926
-0.0133542
0.00898404
-0.0169952
0.00747534
-0.0134231
0.00849651
-0.0176904
-0.00998997
-0.0112891
0.00304194
0.0124799
-0.00751697
-0.0165449
-0.0331919
-0.043705
-0.0432556
-0.0334396
-0.0431351
-0.0395081
-0.0336151
-0.0272562
-0.0215331
-0.0400346
-0.03906
-0.0239821
-0.0274915
-0.0411005
-0.0219722
-0.00542094
-0.0192303
-0.0278154
-0.0377492
-0.0418567
-0.0318568
-0.0296739
-0.0417429
-0.0224266
-0.0271095
-0.0416977
-0.0379644
-0.0343626
-0.0267644
-0.0414402
-0.032408
-0.038865
-0.0314505
-0.0397733
-0.046531
-0.0387293
-0.0434325
-0.0412237
-0.0465309
-0.045625
-0.042812
-0.0389328
-0.0446142
-0.0384965
-0.0439483
-0.0456321
-0.0420328
-0.0299874
-0.0396449
-0.0399574
-0.0392818
-0.0460253
-0.0428406
-0.0305479
-0.0455479
-0.0435081
-0.0403129
-0.0430487
-0.0435587
-0.0431446
-0.0446525
-0.0432488
-0.0462231
-0.0442661
-0.04506
-0.0432008
-0.0405886
-0.0448866
-0.0420146
-0.0443932
-0.0354557
-0.0432112
-0.0430674
-0.0406904
-0.0413021
-0.036044
-0.0402571
-0.0403999
-0.0439072
-0.0432558
-0.042265
-0.0438537
-0.041882
-0.0438932
-0.0431778
-0.0445684
-0.0454635
-0.0461884
-0.0450779
-0.0432468
-0.0441455
-0.03884
-0.0466418
-0.0447644
-0.0390759
-0.0401069
-0.040684
-0.0476461
-0.0395834
-0.0448986
-0.0415709
-0.0426158
-0.0428234
-0.0434681
-0.0427925
-0.0456469
-0.0422506
-0.044691
-0.0431956
-0.044939
-0.0433606
-0.0429557
-0.0436311
-0.0440408
-0.044281
-0.0436441
-0.0429419
-0.0451902
-0.0385064
-0.0428674
-0.0443401
-0.0432636
-0.0429
-0.0443784
-0.0430274
-0.0441275
-0.0437301
-0.0434485
-0.0431328
-0.0454309
-0.0429939
-0.0445315
-0.0436027
-0.0394627
-0.0435551
-0.0435192
-0.043349
-0.0435421
-0.0435396
-0.0426901
-0.0436801
-0.0432794
-0.0429934
-0.0429239
-0.0447012
-0.0428875
-0.0396573
-0.0442983
-0.0411505
-0.0435146
-0.0439139
-0.0432435
-0.0432364
-0.0432953
-0.0432988
-0.0426044
-0.0433997
-0.0433729
-0.0443319
-0.0433656
-0.0437029
-0.04317
-0.0439527
-0.0443363
-0.044175
-0.0424858
-0.043683
-0.0437262
-0.0434777
-0.043655
-0.0437776
-0.043579
-0.0434664
-0.0437617
-0.0435232
-0.0435197
-0.0434323
-0.0434673
-0.0435042
-0.0436167
-0.0435512
-0.0429488
-0.0436473
-0.0434772
-0.0434987
-0.0434349
-0.0435678
-0.0435311
-0.0434979
-0.043436
-0.0435792
-0.0435027
-0.043491
-0.0434533
-0.0435234
-0.0434487
-0.0435229
-0.0435112
-0.0435225
-0.0435293
-0.0434799
-0.0435126
-0.043475
-0.0436234
-0.0435752
-0.0443268
-0.0440356
-0.0431172
-0.043441
-0.0432715
-0.0435273
-0.043294
-0.0425869
-0.0432556
-0.0434118
-0.0435587
-0.0435402
-0.0435139
-0.0436411
-0.0436195
-0.043428
-0.0431871
-0.0431599
-0.0435856
-0.0421614
-0.043859
-0.0437115
-0.0435162
-0.0434733
-0.0437392
-0.0434929
-0.0433803
-0.044164
-0.0435518
-0.0434198
-0.043583
-0.043613
-0.0438022
-0.0434633
-0.0435658
-0.0436237
-0.0420955
-0.0431044
-0.0437285
-0.0434964
-0.0439659
-0.0435581
-0.0405527
-0.0420116
-0.044087
-0.0439676
-0.0367912
-0.037385
-0.0468751
-0.0424435
-0.0450314
-0.0480554
-0.0423925
-0.0415711
-0.0435622
-0.0419149
-0.0437163
-0.0439831
-0.0403381
-0.0442096
-0.043564
-0.0434796
-0.0430811
-0.0436106
-0.0396602
-0.0436335
-0.0431982
-0.0437666
-0.0407775
-0.043149
-0.0426176
-0.0411243
-0.0412842
-0.0317436
-0.0452691
-0.0432512
-0.0441074
-0.0422131
-0.0401513
-0.040771
-0.0265968
-0.0423201
-0.043112
-0.0351974
-0.0369733
-0.0355693
-0.0421698
-0.0352533
-0.0425786
-0.0389649
-0.0463014
-0.0419457
-0.0389975
-0.0363133
-0.0450983
-0.0400706
-0.0428377
-0.0344417
-0.0398634
-0.0432096
-0.0424961
-0.0411313
-0.043048
-0.0429093
-0.0434241
-0.0433928
-0.0205549
-0.00253893
-0.0272924
-0.00524006
-0.0200613
-0.00129704
-0.0261745
-0.0108018
-0.0119527
-0.0132082
-0.00917067
-0.0149
-0.0166699
0.00322279
0.0102013
-0.0220994
-0.0168581
-0.0267779
-0.0014512
-0.0281078
-0.00293746
-0.0287816
-0.00247999
-0.0257342
-0.0259005
-0.00183076
-0.0248508
0.000611689
-0.0259827
-0.00191036
-0.0249724
-0.0258032
-0.0221077
-0.000138349
0.00165981
-0.0015588
-0.0250769
-0.0259871
-0.029783
-0.0454787
-0.0413036
-0.0359428
-0.0417415
-0.0335428
-0.0350937
-0.0396687
-0.0356372
-0.0410299
-0.0375384
-0.0382577
-0.0364361
-0.0412053
-0.0283167
-0.0264784
-0.0167713
-0.0165323
-0.0162959
-0.018822
-0.0385351
-0.045281
-0.0431211
-0.0362934
-0.0362215
-0.0433816
-0.0357654
-0.0334162
-0.0398664
-0.0373186
-0.0384653
-0.0364065
-0.0402314
-0.0366055
-0.0167887
-0.0418907
-0.0302201
-0.0380498
-0.0395526
-0.0419246
-0.0433953
-0.035848
-0.0420613
-0.0416606
-0.04332
-0.036772
-0.0428935
-0.0379082
-0.0423379
-0.0396476
-0.0420594
-0.037112
-0.0420595
-0.0431074
-0.0433354
-0.0383977
-0.0417663
-0.0403444
-0.0410644
-0.0459282
-0.0437669
-0.0426293
-0.0423687
-0.0339735
-0.0439098
-0.0419788
-0.0349613
-0.0407348
-0.0408605
-0.0435317
-0.0406232
-0.0437064
-0.0415743
-0.0438097
-0.0429711
-0.0435919
-0.0421938
-0.0432987
-0.0426228
-0.0434452
-0.0422187
-0.0426691
-0.0426506
-0.0451557
-0.0436693
-0.0446807
-0.0440247
-0.0376589
-0.0435593
-0.0440403
-0.0434324
-0.0435822
-0.043481
-0.043579
-0.0436882
-0.042737
-0.0409696
-0.0424309
-0.0415278
-0.0435835
-0.0438536
-0.0423775
-0.0434658
-0.0435389
-0.0438107
-0.0424787
-0.0431593
-0.0421519
-0.0430716
-0.0426614
-0.0437852
-0.0426102
-0.043534
-0.0434103
-0.0437827
-0.0427848
-0.0444331
-0.0408951
-0.0443493
-0.042671
-0.0435823
-0.0438024
-0.0430837
-0.0433984
-0.0435215
-0.0441917
-0.0430675
-0.0431402
-0.0421191
-0.0439675
-0.0434355
-0.0435257
-0.0436608
-0.0438912
-0.0441772
-0.0433225
-0.0437326
-0.0434275
-0.0436449
-0.0434518
-0.0435223
-0.0434458
-0.0442977
-0.0435188
-0.043223
-0.0439539
-0.0438892
-0.0440682
-0.0427527
-0.0440047
-0.0417464
-0.0435702
-0.0436936
-0.0434386
-0.0437
-0.0434335
-0.0436637
-0.043647
-0.0433182
-0.0438572
-0.0433308
-0.0441563
-0.0442815
-0.0436734
-0.0437048
-0.0435735
-0.0438117
-0.043802
-0.0437795
-0.0435239
-0.0433617
-0.0435241
-0.0437755
-0.0440754
-0.0436192
-0.04365
-0.0443061
-0.0435914
-0.0421473
-0.0442827
-0.0437571
-0.0435823
-0.0434332
-0.0438251
-0.0437541
-0.0435134
-0.0424465
-0.0425015
-0.0432395
-0.0427931
-0.0434976
-0.0437024
-0.0436971
-0.0428682
-0.0428205
-0.0437917
-0.0429347
-0.0439396
-0.0429636
-0.0433877
-0.0433239
-0.0436473
-0.0426705
-0.0434957
-0.0437867
-0.0440154
-0.043681
-0.0438053
-0.0444538
-0.0405062
-0.0432513
-0.0394254
-0.0365866
-0.0480968
-0.0442423
-0.0431815
-0.044199
-0.0388498
-0.0473726
-0.0443317
-0.0442773
-0.0423421
-0.0442262
-0.0436249
-0.0456683
-0.0405688
-0.0431224
-0.0460022
-0.0437384
-0.0437292
-0.0438513
-0.043738
-0.0437915
-0.0437377
-0.0438213
-0.0436631
-0.0437944
-0.0437546
-0.0437651
-0.0436556
-0.043751
-0.0437855
-0.0438644
-0.0478353
-0.0423431
-0.0482015
-0.0341517
-0.0362846
-0.0472583
-0.0482777
-0.0451163
-0.0466487
-0.0364897
-0.0428844
-0.0412618
-0.0435837
-0.0463521
-0.0438691
-0.043354
-0.0436728
-0.0436112
-0.0359542
-0.0438587
-0.0427814
-0.0448723
-0.0424892
-0.0492002
-0.0402197
-0.0429963
-0.0468033
-0.0463588
-0.0419088
-0.0410441
-0.0341404
-0.0459362
-0.044056
-0.0400622
-0.04303
-0.032536
-0.0429672
-0.0261941
-0.0377206
-0.0287343
-0.0434772
-0.043442
-0.0428732
-0.0434909
-0.0433328
-0.0433124
-0.0435307
-0.0433295
-0.0435839
-0.0447896
-0.0436503
-0.0441965
-0.0443582
-0.0440392
-0.045048
-0.0441499
-0.0290139
-0.0439381
-0.0446203
-0.0446659
-0.0402148
-0.0440409
-0.0396506
-0.0354165
-0.0381567
-0.0426731
-0.0447165
-0.0386964
-0.0427107
-0.0402358
-0.0409225
-0.045154
-0.0437051
-0.036236
-0.0443047
-0.0414414
-0.0395997
-0.0358459
-0.0376947
-0.0358803
-0.0151079
-0.0252149
-0.0214865
-0.00832887
-0.0264271
-0.0175857
0.000880655
-0.0248552
-0.0284816
-0.028805
-0.0291628
-0.0254381
-0.0232661
-0.026767
0.00473549
0.0113654
0.0109251
-0.0224444
-0.0284065
-0.02996
-0.0219831
-0.0187708
-0.0271561
-0.0187439
-0.0168707
-0.0184712
-0.0267674
-0.000758019
-0.0107083
-0.0282853
0.00243386
-0.0154743
-0.0255103
-0.023834
-0.0118809
-0.0270278
-0.0180821
-0.0148638
-0.0222914
-0.0228374
-0.0337013
-0.0314348
-0.0229037
-0.0228779
-0.0312405
0.00739581
-0.000363845
-0.00209773
0.0138199
0.0154152
0.0170634
-0.0180805
-0.0282151
-0.0340442
-0.0243256
-0.0237768
-0.0306024
-0.0142533
-0.013161
-0.0234482
-0.0267422
-0.0170333
-0.0120424
-0.0269605
-0.0169969
0.011981
-0.0366042
-0.0312471
-0.0353303
-0.0124761
-0.0276812
-0.0355541
-0.0300507
-0.0228264
-0.0178658
-0.0284828
-0.0391552
-0.0321887
-0.0186233
-0.0345609
-0.0334155
-0.0238892
-0.00714007
-0.0306316
-0.0434833
-0.0428814
-0.0434515
-0.0433403
-0.0434945
-0.043321
-0.0435323
-0.0433346
-0.0448425
-0.0435747
-0.0442236
-0.0436519
-0.0443781
-0.0440496
-0.0445447
-0.0441511
-0.0403132
-0.0436749
-0.0422657
-0.0450689
-0.0434032
-0.0400996
-0.0362205
-0.0294651
-0.0460342
-0.0464402
-0.0426756
-0.0320559
-0.0433261
-0.0371257
-0.0447333
-0.0412603
-0.0357364
-0.0426353
-0.0422837
-0.0434787
-0.039613
-0.0425564
-0.0399891
-0.0362509
-0.0299442
-0.0323454
-0.0435224
-0.0419752
-0.0413565
-0.0374053
-0.0445485
-0.0413065
-0.0456172
-0.0369499
-0.0468618
-0.0445391
-0.0352085
-0.0372797
-0.0406871
-0.0331634
-0.0429049
-0.043752
-0.0438736
-0.0437339
-0.0438125
-0.0437511
-0.0437448
-0.0438269
-0.0436553
-0.0437286
-0.0437752
-0.0436588
-0.0437501
-0.04373
-0.0437716
-0.0424052
-0.04624
-0.0469157
-0.0360244
-0.0371236
-0.0470641
-0.0421477
-0.0482992
-0.0479784
-0.0450872
-0.0374782
-0.0382447
-0.0385206
-0.0473218
-0.0395517
-0.0433111
-0.043256
-0.0437766
-0.0438994
-0.0432848
-0.0426516
-0.0439263
-0.0435135
-0.0442564
-0.0438813
-0.0397293
-0.0438183
-0.0428988
-0.0429538
-0.044139
-0.044283
-0.0433388
-0.0437715
-0.0434855
-0.0438601
-0.0430566
-0.0438605
-0.0424054
-0.0434872
-0.0428712
-0.0426409
-0.043895
-0.0437606
-0.0436354
-0.0436962
-0.04348
-0.0439921
-0.0437117
-0.0412693
-0.0430649
-0.0387954
-0.045655
-0.0418566
-0.0431368
-0.04644
-0.0466646
-0.0424374
-0.039482
-0.0413933
-0.0422528
-0.0435651
-0.0433848
-0.0455554
-0.0435765
-0.0440037
-0.0403946
-0.038904
-0.0426314
-0.0455864
-0.0448985
-0.0445865
-0.0445121
-0.0392155
-0.0405521
-0.0363826
-0.0402649
-0.045653
-0.0404394
-0.0372214
-0.0398562
-0.0433842
-0.0418488
-0.0424449
-0.0416927
-0.0413602
-0.0438396
-0.043363
-0.0434611
-0.0448017
-0.0435288
-0.0419038
-0.0440198
-0.0435054
-0.0449796
-0.0417177
-0.0427968
-0.0422327
-0.0410835
-0.0433364
-0.0403185
-0.0415254
-0.0419281
-0.0414128
-0.0414085
-0.0413625
-0.0422544
-0.0440305
-0.0436076
-0.0433756
-0.0433773
-0.0433345
-0.0415392
-0.0438777
-0.0438901
-0.042597
-0.0436358
-0.0441009
-0.0435311
-0.0436762
-0.0415002
-0.0367447
-0.0380921
-0.0425553
-0.0447035
-0.042733
-0.0381273
-0.0371371
-0.0422233
-0.0421935
-0.0418164
-0.043485
-0.0436521
-0.0438717
-0.043675
-0.0438944
-0.0436076
-0.0440851
-0.0437592
-0.0438318
-0.043719
-0.0438137
-0.0435938
-0.0433315
-0.0436481
-0.0435306
-0.0437431
-0.0436226
-0.0436167
-0.0438285
-0.0440271
-0.0436041
-0.0437822
-0.0438489
-0.0437551
-0.0438011
-0.0437018
-0.0433407
-0.0437732
-0.0436774
-0.0437149
-0.0437279
-0.0437528
-0.0422261
-0.0422682
-0.0418856
-0.0435878
-0.0440057
-0.043697
-0.0437569
-0.0437824
-0.0434922
-0.0436882
-0.0438836
-0.0436219
-0.0437128
-0.0437608
-0.0407224
-0.041742
-0.0380466
-0.0434743
-0.0293705
-0.0439876
-0.0428402
-0.0424767
-0.045825
-0.0448952
-0.0450449
-0.032013
-0.043299
-0.0439197
-0.0438347
-0.0402675
-0.0434322
-0.0437692
-0.0434227
-0.0416198
-0.0390611
-0.0389031
-0.0421368
-0.0438721
-0.0347649
-0.0418602
-0.0337257
-0.0396088
-0.042293
-0.0433975
-0.0421849
-0.0426372
-0.041975
-0.0398364
-0.0386269
-0.0426433
-0.0425688
-0.0398416
-0.0364352
-0.039393
-0.0368049
-0.0373151
-0.0368728
-0.0368253
-0.0381333
-0.00750947
0.00578771
-0.00516613
-0.011314
-0.0224606
-0.0111548
-0.0251012
-0.0183457
-0.026227
-0.0365008
-0.0187369
-0.0307808
-0.0236932
-0.0365047
-0.0108211
-0.00953809
-0.00256799
-0.00821455
-0.0231308
-0.0228707
0.00290792
-0.0150304
-0.0135052
-0.0131888
-0.0240147
-0.0069828
-0.0327373
-0.0288556
-0.0349242
-0.0227383
-0.00648836
0.00357935
-0.000707934
8.60654e-06
0.000651177
-0.0120622
-0.0194128
0.00541799
0.00388458
-0.0199246
-0.0114823
0.00325736
-0.013212
-0.000156305
0.00405961
-0.0219819
-0.0208825
0.0022529
-0.014911
0.00520047
0.00227449
0.00574456
0.0018706
-0.0244465
-0.0185471
-0.0274287
-0.0259039
-0.0261961
-0.0442614
-0.0384509
-0.0426293
-0.0410606
-0.0417832
-0.0339555
-0.0272161
-0.0371917
-0.0261263
-0.0273709
-0.0194661
-0.0377504
-0.0217095
-0.0341166
-0.036423
-0.0361801
-0.0334914
-0.0324902
-0.0393026
-0.0292287
-0.0420954
-0.0444288
-0.0450831
-0.0447016
-0.0371646
-0.0371841
-0.0360194
-0.0360627
-0.0434606
-0.0353799
-0.0348097
-0.0430426
-0.0394538
-0.0444341
-0.0436496
-0.0397906
-0.0445948
-0.0424715
-0.0425034
-0.0393216
-0.0438493
-0.0427229
-0.0432719
-0.0439205
-0.0423387
-0.0421175
-0.0435576
-0.0435938
-0.0432254
-0.0435517
-0.0435365
-0.0436157
-0.043653
-0.0435969
-0.0436507
-0.0433371
-0.0435335
-0.0437445
-0.0436226
-0.0436168
-0.0422228
-0.0418226
-0.0422003
-0.0436556
-0.0435175
-0.0438742
-0.0436723
-0.0438926
-0.0440721
-0.0436088
-0.0437558
-0.0438128
-0.0437028
-0.0438079
-0.0440227
-0.0438522
-0.0436344
-0.0438294
-0.0438034
-0.043745
-0.0438117
-0.0437826
-0.0436904
-0.0434798
-0.0438691
-0.0436085
-0.0437048
-0.0437597
-0.043726
-0.043766
-0.043373
-0.0436887
-0.043702
-0.0437231
-0.0437603
-0.0422428
-0.0419014
-0.042312
-0.0439821
-0.0436445
-0.0436892
-0.0437457
-0.0440308
-0.0448884
-0.0420934
-0.0365892
-0.0433044
-0.0475814
-0.0397675
-0.0457596
-0.0412624
-0.0401544
-0.0427988
-0.0488441
-0.0419485
-0.0427125
-0.0424584
-0.0434402
-0.0375881
-0.0434599
-0.0397245
-0.0424853
-0.0395971
-0.0365875
-0.0396969
-0.0453572
-0.0449356
-0.0439383
-0.0411114
-0.0420696
-0.0439052
-0.0422096
-0.0440862
-0.0423958
-0.0416723
-0.0429075
-0.0415112
-0.0423607
-0.0400789
-0.0471196
-0.0422776
-0.0420579
-0.0461502
-0.0401519
-0.0445107
-0.0411594
-0.0451847
-0.044644
-0.0424853
-0.0409254
-0.0436936
-0.0457877
-0.0408506
-0.0456971
-0.0416124
-0.0426716
-0.0429612
-0.0433088
-0.0457325
-0.0463142
-0.0438342
-0.0462925
-0.0432831
-0.043912
-0.0437727
-0.0428583
-0.0430332
-0.0414815
-0.0467606
-0.0428202
-0.0427221
-0.0440355
-0.0420023
-0.0433874
-0.0437475
-0.0429273
-0.0421885
-0.0436765
-0.0434208
-0.0422117
-0.0435085
-0.0423494
-0.043581
-0.0430948
-0.0437611
-0.0437568
-0.0423556
-0.0428451
-0.0419397
-0.0427577
-0.0419906
-0.0425621
-0.0437519
-0.0437978
-0.0438774
-0.0442021
-0.0437917
-0.043553
-0.0396313
-0.0430962
-0.0427749
-0.0447521
-0.0428574
-0.0441495
-0.0441848
-0.0443851
-0.0435194
-0.0433586
-0.0394651
-0.0398269
-0.0445028
-0.0444529
-0.0439305
-0.040334
-0.0437828
-0.0389856
-0.0452104
-0.0453961
-0.0482538
-0.0483211
-0.0434355
-0.0390937
-0.0402193
-0.0397339
-0.045906
-0.0438288
-0.0422036
-0.0438938
-0.0363798
-0.0427488
-0.0385584
-0.0434443
-0.0435057
-0.0437908
-0.0434737
-0.0424217
-0.0432623
-0.0363442
-0.037328
-0.0405898
-0.0441145
-0.0412564
-0.0439965
-0.0433699
-0.0448156
-0.0358713
-0.0409634
-0.0442206
-0.0371105
-0.0415796
-0.0410933
-0.0436173
-0.04157
-0.0438281
-0.040029
-0.0453454
-0.0403161
-0.0471742
-0.035597
-0.0446405
-0.0350238
-0.0448926
-0.039923
-0.0466276
-0.0360618
-0.0410397
-0.0397389
-0.0386973
-0.0420977
-0.0396158
-0.0396222
-0.0418535
-0.039325
-0.0388508
-0.0392782
-0.0433622
-0.0435714
-0.0433634
-0.0420938
-0.0419666
-0.0416885
-0.0464802
-0.0440145
-0.0382422
-0.0378691
-0.0423918
-0.0424263
-0.0442833
-0.0440446
-0.0429216
-0.0434234
-0.0374573
-0.0439245
-0.0425178
-0.0413138
-0.0385177
-0.040136
-0.0425649
-0.0434981
-0.0434699
-0.0356769
-0.0453467
-0.0393511
-0.0373856
-0.031229
-0.0435857
-0.0435339
-0.0447345
-0.043713
-0.0443085
-0.0442342
-0.0440839
-0.0436309
-0.0436845
-0.0432452
-0.0436903
-0.0436171
-0.0436928
-0.043812
-0.0345246
-0.0365597
-0.0388052
-0.0407463
-0.0396208
-0.0407928
-0.0372901
-0.0385127
-0.0415956
-0.037023
-0.0370874
-0.0411471
-0.0391116
-0.0366971
-0.0385744
-0.0432035
-0.0417721
-0.0343378
-0.0404534
-0.0390579
-0.0367473
-0.0431782
-0.0392091
-0.0425545
-0.0402529
-0.0341728
-0.0125842
0.00116643
-0.0112969
0.00434493
-0.0117871
-0.023923
-0.0332796
-0.0262936
-0.0224865
-0.0146427
-0.0235114
-0.00359738
-0.00663395
-0.00829498
-0.0215905
-0.0316237
-0.0156172
-0.0194629
-0.0188878
-0.00826621
-0.0172729
-0.0127033
-0.0342917
-0.0118924
-0.0266239
-0.027257
-0.0357768
-0.0229559
-0.0245786
0.00222612
-0.0115165
0.002832
-0.00985293
0.00191159
0.00418945
0.00926531
-0.00521362
-0.00805912
0.00667712
0.00327576
0.00371541
-0.00871734
0.00360823
-0.00902252
-0.0248128
-0.0345507
-0.0247597
-0.0280093
-0.0136545
-0.0270453
-0.0262268
-0.0351742
-0.0276797
-0.0292523
-0.0184179
-0.043602
-0.0446374
-0.0435373
-0.0442697
-0.0437112
-0.0441797
-0.0440577
-0.043629
-0.0432443
-0.0436858
-0.0436155
-0.0436984
-0.0436974
-0.0438178
-0.0360965
-0.0306014
-0.0300527
-0.0307146
-0.035785
-0.0303912
-0.0335846
-0.0263395
-0.0266974
-0.0336541
-0.0271864
-0.0272934
-0.0436622
-0.0431915
-0.0389148
-0.0409801
-0.0424178
-0.0405744
-0.0433868
-0.0438759
-0.0435194
-0.0433148
-0.0384216
-0.0434457
-0.0411862
-0.0410638
-0.0394587
-0.0402524
-0.0392439
-0.0429749
-0.0409354
-0.0359727
-0.0374351
-0.0402197
-0.0365247
-0.0367715
-0.0418663
-0.038077
-0.037688
-0.0378772
-0.0466232
-0.0332148
-0.0339146
-0.0450632
-0.0340635
-0.0417722
-0.0427038
-0.0329937
-0.0440372
-0.0323718
-0.0407864
-0.0416107
-0.0481132
-0.034295
-0.0436571
-0.0468429
-0.0449877
-0.041164
-0.0466585
-0.0487602
-0.032373
-0.0435297
-0.0484642
-0.0462777
-0.0409274
-0.0467056
-0.0434487
-0.0376175
-0.041847
-0.0421847
-0.0437977
-0.0417315
-0.0419898
-0.0458893
-0.0355897
-0.0356813
-0.0394376
-0.0449243
-0.044965
-0.0436637
-0.0403536
-0.0401619
-0.042949
-0.0443311
-0.0443248
-0.0406363
-0.0376272
-0.0380607
-0.0392571
-0.0383589
-0.0336584
-0.0418932
-0.0346288
-0.0421668
-0.0418376
-0.0390316
-0.0325156
-0.0402664
-0.0386217
-0.0442522
-0.0470318
-0.0407077
-0.0378457
-0.0390763
-0.0383678
-0.043888
-0.0434856
-0.0428821
-0.0436715
-0.0396612
-0.0420183
-0.0424499
-0.0399171
-0.0407436
-0.0454402
-0.0466408
-0.0332371
-0.0432748
-0.0327103
-0.0465729
-0.0342479
-0.0379061
-0.0441172
-0.0363299
-0.0351827
-0.0425147
-0.039217
-0.0405008
-0.0436565
-0.0434352
-0.0406183
-0.0428148
-0.0376093
-0.0438845
-0.0396138
-0.0439339
-0.0445157
-0.0389361
-0.0430995
-0.0368994
-0.0436614
-0.0383104
-0.037268
-0.040372
-0.0370084
-0.034923
-0.034735
-0.0432253
-0.0449565
-0.0396881
-0.0445411
-0.0426596
-0.0438509
-0.0409546
-0.0428734
-0.0450903
-0.0432713
-0.03948
-0.0424152
-0.0436096
-0.0407506
-0.0436981
-0.0464109
-0.0440102
-0.0418552
-0.0438136
-0.0438982
-0.044157
-0.0428458
-0.0433331
-0.0401632
-0.0374811
-0.0460677
-0.0428772
-0.0402502
-0.0464327
-0.046898
-0.0304467
-0.0429966
-0.0392719
-0.0448114
-0.0469939
-0.0386476
-0.0458975
-0.0423734
-0.0440026
-0.0319165
-0.0453142
-0.0464597
-0.0435487
-0.0380309
-0.043128
-0.0444116
-0.0457368
-0.0387133
-0.0372274
-0.039173
-0.0419447
-0.0335502
-0.0309794
-0.039402
-0.0336872
-0.0155578
-0.0191302
-0.0100423
-0.0144988
-0.0102921
-0.00141534
-0.00112764
-0.00481501
-0.021477
-0.00555886
-0.0113118
-0.0097948
-0.0352727
-0.0319114
-0.0214548
-0.00861474
-0.0355204
-0.0319691
-0.023975
-0.0323719
-0.0233416
-0.030758
-0.00950984
-0.0285046
-0.0332287
-0.0229037
-0.00425562
0.00432293
-0.0074451
-0.019304
-0.0327795
-0.0308536
-0.017356
-0.0322654
-0.0208096
-0.0222475
-0.0216054
-0.0205708
-0.00377137
-0.0167829
-0.0190878
-0.0163387
-0.014907
-0.0283053
-0.0317777
-0.0302199
-0.0188174
-0.0206327
-0.00489006
-0.00408315
-0.0157607
0.00484872
-0.0250457
-0.00486503
-0.021352
-0.0126953
0.00651699
0.0078209
-0.00437541
-0.0170483
0.00526328
-0.00510156
0.00846186
0.0045523
0.00209375
6.77176e-05
0.00564127
-0.00364697
-0.0194636
-0.00503282
-0.00650751
0.00121018
0.00764283
-0.0299343
-0.0218329
-0.0283159
-0.0133749
-0.0285196
-0.0299978
-0.020908
-0.0103987
0.00683896
0.00939651
-0.0113059
-0.00935598
-0.0243332
0.00931179
-0.0121918
-0.00907158
-0.0245658
0.00860479
-0.0107641
0.0102404
-0.0105159
0.00961195
-0.00955896
0.00620244
-0.0248794
-0.0124925
-0.0244773
-0.0104279
0.00793748
-0.016917
-0.0303902
-0.0271881
-0.0431713
-0.0432296
-0.0338307
-0.0400641
-0.0431221
-0.0438041
-0.0305902
-0.0386274
-0.0330935
-0.0163631
-0.0226885
-0.0369854
-0.0309278
-0.0283368
-0.0402616
-0.038692
-0.0405057
-0.0272245
-0.0382244
-0.0423402
-0.0270011
-0.0354022
-0.0363821
-0.0255576
-0.0325516
-0.028301
-0.0434426
-0.040834
-0.0408067
-0.0443456
-0.0422855
-0.0443085
-0.0409896
-0.0288779
-0.0351209
-0.0314796
-0.0177652
-0.034876
-0.0307112
-0.016764
-0.0388053
-0.0393192
-0.0418714
-0.0353
-0.0406901
-0.0317919
-0.0400648
-0.0161304
-0.0307168
-0.0179031
-0.0294254
-0.0298946
-0.0340602
-0.0380281
-0.0334293
-0.0282301
-0.0237932
-0.0274481
-0.0402765
-0.0406147
-0.0382279
-0.037734
-0.0378616
-0.0383637
-0.038368
-0.037784
-0.0377857
-0.0402086
-0.046276
-0.0415592
-0.0435305
-0.0431266
-0.0462081
-0.0434368
-0.0444892
-0.0406996
-0.0375465
-0.044644
-0.0282767
-0.0397752
-0.0459763
-0.0411435
-0.0447359
-0.0437365
-0.0438156
-0.0433867
-0.0447125
-0.0399967
-0.0439243
-0.0303337
-0.0428076
-0.0445263
-0.0438478
-0.0426631
-0.0403678
-0.0311479
-0.0404007
-0.0421334
-0.0409444
-0.043357
-0.0365276
-0.0418869
-0.0438038
-0.0422452
-0.0358016
-0.0439696
-0.0417794
-0.0357067
-0.0420125
-0.0355877
-0.0440128
-0.0425754
-0.044334
-0.0420362
-0.0359319
-0.0425438
-0.0370931
-0.0422778
-0.0368696
-0.0441663
-0.0436023
-0.0453677
-0.0393569
-0.0437131
-0.0463548
-0.0438186
-0.0411507
-0.0443019
-0.0419027
-0.0440387
-0.0429243
-0.045497
-0.0316545
-0.0299298
-0.0457533
-0.0410141
-0.0443806
-0.0435508
-0.0403355
-0.0423245
-0.0475006
-0.0321511
-0.0308806
-0.0424979
-0.0326388
-0.046585
-0.0341686
-0.0401702
-0.0434602
-0.0404525
-0.0346634
-0.0370581
-0.044774
-0.0440313
-0.0379506
-0.0297177
-0.0455975
-0.044199
-0.0407774
-0.0410339
-0.0443439
-0.0440081
-0.0418447
-0.0315916
-0.045456
-0.0428399
-0.04403
-0.0434091
-0.0390417
-0.0451478
-0.0435862
-0.0461503
-0.0435957
-0.0305478
-0.0421675
-0.0434046
-0.0423056
-0.0401172
-0.0319457
-0.0473903
-0.0420223
-0.0327862
-0.0408661
-0.0313074
-0.0457674
-0.0421229
-0.0415054
-0.0402335
-0.0461962
-0.0436265
-0.0433614
-0.0392413
-0.0378105
-0.0391134
-0.0384119
-0.0438956
-0.0429056
-0.0436066
-0.042057
-0.0396482
-0.0437774
-0.0425247
-0.0399374
-0.040718
-0.0456409
-0.0332419
-0.0433266
-0.0467934
-0.0389361
-0.0315409
-0.0400256
-0.0466223
-0.038747
-0.0435766
-0.0413838
-0.0466321
-0.0456968
-0.0429302
-0.0390904
-0.0447317
-0.0385693
-0.0457182
-0.0440747
-0.0420887
-0.0301144
-0.0397145
-0.0401105
-0.0393624
-0.0459576
-0.0306439
-0.0456425
-0.0428556
-0.043557
-0.040356
-0.0431467
-0.0437183
-0.0447666
-0.0434268
-0.0432823
-0.0421506
-0.0409573
-0.0365693
-0.0433439
-0.0418953
-0.0436804
-0.0358382
-0.0422269
-0.0357268
-0.0417958
-0.0438153
-0.0425716
-0.0371273
-0.0369204
-0.0422989
-0.0419934
-0.0355316
-0.0425306
-0.0438649
-0.0359104
-0.0420092
-0.0441745
-0.0412559
-0.0412503
-0.0397214
-0.0435986
-0.0432103
-0.0437943
-0.0431376
-0.0407155
-0.0427713
-0.0316282
-0.0454491
-0.044342
-0.0433623
-0.0422557
-0.0410232
-0.0402775
-0.0336889
-0.0420451
-0.0345563
-0.0417218
-0.0421728
-0.0325334
-0.0390048
-0.0403184
-0.0386952
-0.0442348
-0.0406989
-0.0470422
-0.0421298
-0.0304518
-0.0382268
-0.039772
-0.0421362
-0.0435594
-0.036
-0.0424002
-0.0418505
-0.0370409
-0.0435644
-0.0431678
-0.0378369
-0.0425258
-0.0399036
-0.0422631
-0.0373096
-0.0423041
-0.0433804
-0.038542
-0.0419937
-0.0436114
-0.0378267
-0.0402977
-0.0463299
-0.0375437
-0.044622
-0.0284199
-0.0459824
-0.0398527
-0.0414972
-0.0435046
-0.0461653
-0.0431395
-0.0406455
-0.0443882
-0.0435208
-0.0311251
-0.040243
-0.0439838
-0.0303815
-0.0448096
-0.0428833
-0.0404109
-0.0426922
-0.0440699
-0.0411493
-0.0448247
-0.0439513
-0.0437911
-0.0399894
-0.0447643
-0.0435138
-0.0429327
-0.0325866
-0.0429854
-0.0403984
-0.0365153
-0.0297617
-0.0462896
-0.0466352
-0.0428307
-0.0322337
-0.0434134
-0.0373221
-0.0412955
-0.0448967
-0.0359519
-0.0431023
-0.0426026
-0.0438156
-0.0402167
-0.0398782
-0.0428664
-0.0365782
-0.0301809
-0.032367
-0.0436102
-0.0422697
-0.0377235
-0.0414853
-0.0405182
-0.0384463
-0.0407549
-0.0384942
-0.0381094
-0.0378873
-0.0384668
-0.0378517
-0.0383778
-0.0388348
-0.0369093
-0.0306233
-0.0330596
-0.0416551
-0.039077
-0.0332765
-0.0140864
-0.026064
-0.0238487
-0.016123
-0.0305707
-0.029484
-0.0176966
-0.0384951
-0.0389834
-0.0350242
-0.041536
-0.0397424
-0.0314535
-0.0404009
-0.0288085
-0.0351637
-0.0177695
-0.0314303
-0.0167328
-0.0306929
-0.0347818
-0.0236108
-0.0272601
-0.0296903
-0.0377128
-0.0338988
-0.0279661
-0.0331896
-0.0259378
-0.0374976
-0.0284077
-0.0174993
-0.0165118
-0.00694998
-0.0362758
-0.030866
-0.0351637
-0.0120567
-0.0275171
-0.0353664
-0.0299566
-0.0283144
-0.022528
-0.0176051
-0.038923
-0.0320433
-0.0344082
-0.0181396
-0.0331842
-0.0238329
-0.0305122
-0.00700486
-0.0413019
-0.0280869
-0.029101
-0.0444275
-0.0378174
-0.0362128
-0.039198
-0.0445675
-0.0393541
-0.0434544
-0.0431746
-0.0436313
-0.0450031
-0.0386591
-0.0437638
-0.0373131
-0.0431554
-0.0426518
-0.0416819
-0.0433785
-0.0318571
-0.0338433
-0.0424715
-0.0346823
-0.030897
-0.0417714
-0.042404
-0.0398384
-0.0371205
-0.0428673
-0.0398281
-0.045777
-0.0422966
-0.0460704
-0.046724
-0.0301549
-0.042837
-0.0389797
-0.0466942
-0.0446214
-0.0383153
-0.045534
-0.0420646
-0.0316007
-0.0436586
-0.0446608
-0.0461812
-0.0379724
-0.043617
-0.0453079
-0.044146
-0.0429773
-0.038026
-0.0345304
-0.0304189
-0.0431402
-0.0354814
-0.0338818
-0.039024
-0.0362074
-0.0246172
-0.0143928
-0.0290686
-0.0271725
-0.0297731
-0.0344665
-0.0295475
-0.038556
-0.0359377
-0.0240323
-0.0370593
-0.0364872
-0.0283071
-0.0241072
-0.0376422
-0.0323791
-0.0378952
-0.0338025
-0.0431248
-0.0439065
-0.0403833
-0.0403835
-0.0405948
-0.0435548
-0.0418753
-0.0265123
-0.0347381
-0.0428385
-0.0420401
-0.0350768
-0.0367993
-0.035034
-0.0421562
-0.0423357
-0.0425496
-0.0344533
-0.0398302
-0.0383466
-0.0460361
-0.038708
-0.0418179
-0.0361842
-0.0395288
-0.0447731
-0.0315365
-0.0369532
-0.0409362
-0.0411168
-0.0311465
-0.0321737
-0.0412293
-0.00778574
-0.008342
-0.00751281
-0.0286763
-0.0295047
-0.0366546
-0.0334306
-0.0275274
-0.0271983
-0.0357423
-0.0313947
-0.0439664
-0.0221435
-0.0412875
-0.0337157
-0.0296498
-0.0426031
-0.0321345
-0.0374066
-0.0328694
-0.0359555
-0.0352181
-0.0282146
-0.0362891
-0.0293148
-0.0354252
-0.0450728
-0.0407744
-0.0330366
-0.0346597
-0.041175
-0.0278833
-0.0259886
-0.0164131
-0.0161868
-0.0183638
-0.0160243
-0.0392546
-0.0353399
-0.0405393
-0.0371272
-0.0406919
-0.0378999
-0.0360702
-0.0161527
-0.0381288
-0.0449269
-0.0359004
-0.042646
-0.0353243
-0.0428706
-0.035768
-0.0330196
-0.0393841
-0.0381105
-0.0369004
-0.0362596
-0.0397004
-0.0360577
-0.0444879
-0.0427876
-0.0459917
-0.0377818
-0.0457787
-0.0455762
-0.0430066
-0.0434183
-0.0434852
-0.0434156
-0.0436493
-0.0431429
-0.0434214
-0.0437653
-0.0437133
-0.0462997
-0.0418089
-0.0438112
-0.0436847
-0.0440672
-0.043877
-0.024498
-0.0426955
-0.0417118
-0.0347913
-0.0423632
-0.0375491
-0.028842
-0.0450708
-0.0362007
-0.0347228
-0.0373072
-0.0365448
-0.03553
-0.0354266
-0.0440116
-0.0431204
-0.0384642
-0.0296997
-0.0433565
-0.0140566
-0.0235469
-0.026025
-0.0158117
-0.0170245
-0.0088522
-0.0365725
-0.0350475
-0.0405788
-0.0373813
-0.035541
-0.0376357
-0.040736
-0.0257948
-0.0329184
-0.0434944
-0.0349825
-0.0425979
-0.0346113
-0.0347939
-0.0427449
-0.0364942
-0.0404782
-0.0348596
-0.0373081
-0.0358827
-0.0294076
-0.0409027
-0.0329044
-0.0330628
-0.0435911
-0.0430771
-0.0392517
-0.0332769
-0.0429889
-0.0216804
-0.0187612
-0.00528803
-0.0270053
-0.0212725
-0.0397679
-0.0388226
-0.0408146
-0.0237806
-0.0272172
-0.0275758
-0.0375585
-0.031663
-0.0416345
-0.0221154
-0.0415326
-0.0294461
-0.0268622
-0.0414292
-0.0341261
-0.0376855
-0.0321605
-0.0411904
-0.0265156
-0.0434084
-0.0426518
-0.0412998
-0.0434107
-0.0436096
-0.043271
-0.043555
-0.0431002
-0.0448975
-0.0398842
-0.0445094
-0.0426812
-0.0410863
-0.0436655
-0.0430141
-0.0450027
-0.0397756
-0.0435257
-0.0429797
-0.0408871
-0.0436357
-0.035347
-0.0309845
-0.0300192
-0.0224006
-0.0194397
-0.0389907
-0.034998
-0.0196069
-0.025216
-0.0343
-0.0341732
-0.0376684
-0.0281817
-0.0314495
-0.019609
-0.0280001
-0.015273
-0.0253319
-0.0267671
-0.030838
-0.0157192
-0.0454218
-0.0293361
-0.0444893
-0.044331
-0.0451141
-0.0404936
-0.0447927
-0.0444355
-0.0399906
-0.0386512
-0.0357999
-0.0390603
-0.0450833
-0.0429808
-0.0418009
-0.0398655
-0.0381179
-0.0362836
-0.0361582
-0.043705
-0.040454
-0.0410202
-0.0452377
-0.0365945
-0.0441163
-0.0445295
-0.0382666
-0.0365628
-0.0355855
-0.0445235
-0.0427915
-0.0396857
-0.0408839
-0.0440107
-0.0408938
-0.0438052
-0.0433213
-0.0379239
-0.0442497
-0.0399959
-0.0443268
-0.03922
-0.044871
-0.0436189
-0.0440609
-0.0372248
-0.0386548
-0.0375141
-0.0406613
-0.0373671
-0.035248
-0.0351032
-0.0452197
-0.0443987
-0.0407407
-0.0444441
-0.0425639
-0.0453345
-0.0444155
-0.0439535
-0.0405034
-0.0340346
-0.0437778
-0.0309424
-0.0442884
-0.043825
-0.0392292
-0.0333212
-0.0230276
-0.0167162
-0.0289201
-0.0312106
-0.0376896
-0.0358336
-0.0366254
-0.0286329
-0.0329204
-0.0258351
-0.0424302
-0.0387175
-0.0271574
-0.0410672
-0.0274468
-0.0437648
-0.039509
-0.0400218
-0.0364983
-0.0393338
-0.0373509
-0.036831
-0.0367366
-0.0367015
-0.038192
-0.0245567
-0.0188261
-0.0275753
-0.0261423
-0.026154
-0.0442486
-0.0385663
-0.0425213
-0.0410925
-0.0339438
-0.0417511
-0.0271451
-0.0371786
-0.0260729
-0.0272408
-0.0215176
-0.0194527
-0.0377012
-0.0341468
-0.036463
-0.0360526
-0.0333725
-0.0323528
-0.0293101
-0.0392052
-0.017035
-0.0305406
-0.0273201
-0.0135777
-0.00515013
-0.0207187
-0.0104292
-0.00342558
0.0018316
0.00238656
-0.00123989
-0.0148775
-0.0146241
-0.010489
-0.000238378
-0.004784
0.00403382
-0.00816519
-0.0216581
-0.0206027
-0.00390209
-0.016817
-0.0190491
-0.0193028
-0.0328517
-0.0174555
-0.0309129
-0.0208312
-0.0222864
-0.0321563
-0.00491318
-0.00409975
-0.0159721
0.00492297
-0.00508702
-0.0245266
0.00639985
-0.0129605
-0.0213289
-0.0167444
-0.0150807
-0.0282342
-0.0320012
-0.0188525
-0.0214199
-0.0301652
0.00174278
0.00329088
0.0103987
-0.00748651
-0.00893894
-0.0208236
-0.00928077
0.0108658
-0.00781005
0.00917882
-0.00478975
-0.0115333
-0.0211543
0.00739237
-0.00892535
-0.00920397
-0.0109875
0.00662515
-0.0119891
0.00917759
-0.00983193
-0.0245005
-0.0125401
0.00910277
0.00844453
-0.0246307
-0.00957101
-0.0101316
0.00612437
-0.0129002
-0.0246131
0.00772949
-0.0108278
-0.0245618
-0.0112642
0.0101362
0.00954981
-0.01103
-0.0153427
-0.00850714
-0.0215968
-0.0252714
0.00071302
-0.0177498
-0.0265036
0.00461833
0.0113182
0.0109216
-0.0250173
-0.0284363
-0.0291468
-0.0287167
-0.0254433
-0.0233744
-0.0267426
-0.0170905
-0.0185341
-0.000852047
-0.0267722
0.00222066
-0.0107815
-0.0283275
-0.0225061
-0.0283449
-0.0220481
-0.0298974
-0.0188464
-0.0187028
-0.027126
0.00921606
0.0105273
-0.0156186
-0.017186
0.000679995
-0.0131167
0.00643025
-0.0139573
-0.0141476
-0.0083522
0.00821507
-0.0119549
0.0120697
-0.0222476
-0.00832018
-0.00949732
0.0134933
-0.0073422
-0.0106923
-0.0153816
-0.0118876
-0.0254849
-0.0238255
-0.0180691
-0.0148786
-0.0269072
0.00746106
-0.00041031
0.0137471
-0.00205765
0.0155278
0.0171669
-0.0222432
-0.0227744
-0.033633
-0.0313611
-0.0311871
-0.0228253
-0.0227898
0.0121192
-0.0180595
-0.0282415
-0.0243212
-0.0339024
-0.0143238
-0.0304889
-0.0237102
-0.0131114
-0.0234095
-0.0169043
-0.0267109
-0.0169802
-0.026928
-0.0120184
-0.0318346
-0.0276266
-0.0213195
-0.0232021
-0.0180012
-0.0326076
-0.0308042
-0.0310665
-0.0208467
-0.0182458
-0.0279789
-0.0156794
-0.02817
-0.0332199
-0.0332321
-0.0240903
-0.0104506
-0.0269527
-0.026486
-0.0242768
-0.033654
-0.0108028
-0.0117828
-0.00904438
-0.0131795
-0.0204843
-0.00260717
-0.00532543
-0.0273289
-0.020069
-0.00136953
-0.0261048
-0.0148918
-0.0165648
0.00301631
-0.0167523
0.00995282
-0.0220862
-0.0170587
-0.0046709
-0.0115742
-0.00905254
-0.0157574
0.0233296
0.00454361
-0.02623
-0.0145505
0.021587
-0.0261326
-0.0175306
-0.0170014
0.00998402
-0.0166203
0.0178671
-0.0230181
-0.026747
-0.0016019
-0.00295356
-0.0280552
-0.00256346
-0.0256198
-0.028752
-0.0258515
-0.00189317
0.00063228
-0.024841
-0.00191663
-0.0248961
-0.0259727
-0.0258242
-0.0220487
-0.000256766
0.00159807
-0.00162412
-0.0250462
-0.026011
-0.00973041
-0.0147076
-0.0119409
-0.00941256
-0.00448485
-0.00100228
0.00216573
-0.00546421
-0.0276177
-0.0240843
-0.0365179
-0.0348971
-0.0257031
-0.027995
-0.0341053
-0.00922739
-0.00874416
-0.0106609
-0.00876854
-0.0272611
-0.000771952
-0.00093307
-0.0284132
-0.0258585
-0.000964964
-0.0289379
-0.0255811
-0.00108527
0.00168373
-0.0220261
-0.0261042
-0.000835227
-0.0219037
-0.0242128
-0.0178026
0.000988072
0.000994229
-0.0221502
-0.00049758
-0.0205847
-0.00471373
-0.00113346
-0.006364
-0.00220388
-0.0137673
0.00848498
0.00714793
-0.0173834
0.00804945
-0.0180444
-0.0138864
-0.0103279
-0.0114968
0.00267986
0.0120268
-0.00778119
-0.0168365
-0.00167021
-0.0150065
-0.00378316
0.00155868
-0.00114635
-0.0101976
-0.00957212
-0.0144771
-0.0170367
-0.00799177
-0.00546671
-0.00686776
-0.00931782
0.00351233
-0.0265537
-0.0219393
-0.00429369
0.000458237
-0.0270004
0.000587635
0.00552783
0.00296876
0.0023131
0.0046383
0.00506961
-0.0177602
-0.0198854
-0.0289497
-0.0293193
-0.0168188
-0.0202367
-0.0297532
0.00721561
-0.018276
-0.0312868
-0.0199781
-0.0298512
-0.0174491
-0.0195842
-0.0307579
-0.013729
-0.0231327
-0.00124479
-0.0282549
-0.014267
-0.00152184
-0.0281394
0.00842037
0.000505248
-0.00492081
-0.018781
-0.000904013
-0.00787705
0.00315719
0.00572762
0.00523431
0.00020353
0.00279966
0.00418411
0.0048361
-0.0184885
0.00508734
-0.0107826
0.00308361
-0.0107795
0.00525659
-0.0354091
-0.0320604
-0.0215967
-0.00828516
-0.0357532
-0.0235754
-0.0318903
-0.0340768
-0.0228877
-0.00932014
-0.0295687
-0.022462
-0.0329245
-0.0300915
-0.0303
-0.0219638
-0.0134791
-0.0285008
-0.0210163
-0.031328
-0.027645
-0.00795638
0.00539551
-0.00571531
-0.0115932
-0.0227475
-0.0114814
-0.0185524
-0.0254406
-0.0263958
-0.0364917
-0.0187281
-0.0307887
-0.0365425
-0.0237031
-0.0109409
-0.0138286
-0.013217
-0.0100471
-0.00303136
-0.00880229
-0.0238264
0.00240849
-0.0238648
-0.0155733
-0.0243126
-0.00730907
-0.0289457
-0.0328767
-0.0349448
-0.0067086
-0.0232174
-0.0156855
-0.0101614
-0.019271
-0.0103975
-0.0146493
-0.00160822
-0.00135953
-0.00503461
-0.0215888
-0.00568035
-0.00993938
-0.011468
0.00310686
-0.00115271
-0.000456689
0.000234276
-0.0123783
-0.0197034
0.0049654
0.00352474
-0.0202178
0.00288442
-0.0117759
-0.0135891
-0.000619524
0.00362593
-0.0225474
-0.0213086
0.00186637
-0.0153643
0.00478037
0.00182602
0.00145994
0.00533084
0.00188348
-0.000135279
0.00766491
-0.00447953
0.0051776
-0.0171028
0.00445277
0.0083351
-0.0052172
0.00545762
-0.0038116
-0.00516863
-0.0195306
0.00742887
0.00109415
-0.00662777
0.0103983
-0.00748766
-0.00894202
-0.0208208
-0.00780744
0.0108606
-0.00927866
0.00174177
0.00329346
0.00918003
-0.00479121
-0.0211531
-0.0115326
-0.00920196
-0.00892507
0.0073946
-0.0109807
0.00662394
0.00917731
-0.0119945
-0.00983127
-0.0245022
0.00909614
-0.0125405
-0.00957308
0.00844185
-0.0246295
-0.0112641
0.010131
-0.0110341
0.00954836
-0.0101272
0.00612621
-0.012896
-0.02461
0.00773226
-0.010827
-0.0245566
0.00182352
0.00237365
-0.013617
-0.00519619
-0.0207504
-0.00345597
-0.0104584
-0.00125424
-0.0146341
-0.0148967
-0.000259726
-0.0105074
-0.00481137
0.00402814
-0.00817521
-0.0216928
-0.020642
-0.00393558
-0.0190823
-0.0168655
-0.0193323
-0.0328926
-0.0175037
-0.0309452
-0.0223186
-0.0208752
-0.0321823
-0.0159972
0.00491785
-0.0051163
-0.0245317
0.00637737
-0.0129642
-0.0213534
-0.00494356
-0.0041451
-0.0167637
-0.0150888
-0.0320053
-0.0282524
-0.0214293
-0.0188739
-0.0301789
-0.01538
-0.0118961
-0.0238146
-0.025485
-0.0148798
-0.0180794
-0.0268977
0.0155183
0.0171586
0.00745106
-0.000435483
-0.00206953
0.0137227
-0.0222432
-0.0227778
-0.0313669
-0.033639
-0.0228282
-0.0227944
-0.0311904
0.012116
-0.0131152
-0.0234135
-0.0169058
-0.0267177
-0.0169876
-0.0120202
-0.0269333
-0.0180623
-0.0282506
-0.0243375
-0.0338998
-0.0237133
-0.0143434
-0.0304833
0.00926368
-0.0178133
-0.016995
0.00916692
-0.0183434
-0.000906879
0.00338906
-0.00246986
0.00262566
-0.0220124
-0.0121842
-0.0168411
-0.0153718
-0.00854114
-0.0252852
-0.0216196
-0.0177716
0.000694323
-0.0265217
0.00459885
0.0109101
0.011309
-0.0250507
-0.0284638
-0.0287395
-0.0291788
-0.0267677
-0.0254709
-0.0234011
-0.0225333
-0.0283506
-0.0220719
-0.0299168
-0.0187108
-0.0271419
-0.0188806
-0.0171215
-0.018562
-0.000874283
-0.0268011
0.00219313
-0.0283547
-0.0108027
-0.0332265
-0.0240875
-0.0104469
-0.0269485
-0.0242716
-0.0264817
-0.0336491
-0.0318551
-0.0276706
-0.0232323
-0.0213474
-0.0308334
-0.0180249
-0.0326417
-0.0310761
-0.0208543
-0.0182628
-0.0279796
-0.0281837
-0.0156978
-0.0332209
-0.0258694
-0.00189851
0.00062684
-0.0248355
-0.0249046
-0.00192548
-0.0259685
-0.026759
-0.00165342
-0.00299145
-0.0280741
-0.0287534
-0.00261071
-0.0256437
-0.0258345
-0.0220841
0.00156497
-0.000297902
-0.0260316
-0.00165282
-0.0250825
-0.00511806
-0.00323897
-0.00678835
-0.00333808
-0.00597521
-0.0106162
-0.0103776
-0.00763943
-0.0344281
-0.0276686
-0.0319712
-0.0337779
-0.0345961
-0.0317069
-0.0337538
-0.00914163
-0.0168715
-0.0124003
-0.0144728
-0.0205003
-0.00261423
-0.0053638
-0.0273807
-0.00138713
-0.0261457
-0.0200909
-0.0108104
-0.011775
-0.00904671
-0.0131735
-0.0149103
-0.0165901
0.00298732
0.0099242
-0.0220973
-0.016779
-0.0137897
0.00845634
0.00713999
-0.017387
-0.0180551
0.00799388
-0.0138956
-0.00474375
-0.00115855
-0.00222789
-0.00639941
-0.010359
-0.0115222
0.00263261
-0.0168683
0.0119649
-0.00781285
-0.0161816
0.0013174
0.000729553
-0.0272015
-0.0229427
0.00911009
-0.0197851
-0.0115957
-0.0135601
-0.0121798
-0.0119815
-0.0146751
-0.0130435
0.00331268
-0.0189726
0.0114506
-0.0106924
-0.00446477
-0.00100611
-0.00546465
0.00219414
-0.00969197
-0.0146406
-0.0119063
-0.00934489
-0.0275592
-0.0239924
-0.0348471
-0.0364378
-0.0340658
-0.0256275
-0.0279055
-0.00920928
-0.00875318
-0.00877605
-0.0106514
0.00839908
0.000503033
-0.0187804
-0.00488862
-0.000924699
-0.00786347
0.00572503
0.00313228
0.00523876
0.00480322
-0.0184903
0.00508118
-0.0107864
0.00307666
0.00523438
-0.0107815
0.000236951
0.00279032
0.00419837
-0.00650905
-0.000584179
-0.0272545
-0.0250409
-0.0054117
-0.00672354
-0.0268686
-0.00153174
0.00545717
-0.00196519
-0.0104267
-0.0181899
-0.034707
-0.0327854
-0.0151595
-0.0206936
-0.0314511
-0.010856
-0.0313406
-0.0216487
-0.0340062
-0.0150006
-0.0216861
-0.0306982
-0.00452511
-0.0263144
-0.00952525
-0.0297552
-0.0147259
-0.00845304
-0.0280075
-0.00160475
-0.00372058
-0.0149333
0.00163659
-0.00107553
-0.0100548
-0.00941834
-0.00539099
-0.00674428
-0.0143692
-0.0168956
-0.00786886
-0.030275
-0.0219229
-0.01346
-0.028449
-0.0209927
-0.0312928
-0.0276074
-0.0353064
-0.0319413
-0.00816673
-0.0214715
-0.0234423
-0.0317854
-0.0356456
-0.0339969
-0.0228271
-0.00921862
-0.0294862
-0.0223741
-0.0328704
-0.0299861
0.00315604
-0.00106575
0.000265142
-0.000379631
-0.0123518
-0.0196985
0.00351058
0.00498058
0.0028725
-0.011771
-0.0201924
0.00481444
0.00181761
0.00533503
0.00146383
-0.0135476
-0.000558103
0.00365692
-0.022481
0.00187766
-0.0212622
-0.0152981
0.00768107
-0.00446094
0.00519151
-0.0170556
0.008339
0.00448954
-0.00516916
0.00196554
-8.57404e-05
0.00550358
-0.00372827
-0.0194599
-0.0050887
0.0011522
0.00751143
-0.00655891
-0.00780929
0.00550529
-0.00560226
-0.0114821
-0.0226343
-0.0113255
-0.0253206
-0.0184474
-0.0262838
-0.0364345
-0.0186465
-0.0307237
-0.0108518
-0.0236233
-0.0364723
-0.00994787
-0.00290881
-0.00868467
-0.0237367
-0.0237617
0.00252035
-0.015468
-0.0136623
-0.0131478
-0.0242074
-0.00723198
-0.0328096
-0.0288675
-0.0231335
-0.00661782
-0.034869
-0.00150259
-0.00125377
-0.0156388
-0.0100804
-0.0192087
-0.0102951
-0.0145707
-0.0049176
-0.00558588
-0.021506
-0.00983166
-0.0113819
-0.0141317
-0.0261074
-0.0238618
-0.0161972
-0.0306222
-0.0177572
-0.0295442
-0.0288744
-0.0352069
-0.0178265
-0.0314899
-0.0307462
-0.0168045
-0.0348317
-0.0385435
-0.0389985
-0.0350598
-0.0415787
-0.0397807
-0.0314945
-0.0404427
-0.0236839
-0.0273261
-0.0297803
-0.0339539
-0.0378307
-0.0280709
-0.03326
-0.0383515
-0.0388417
-0.0369102
-0.0306402
-0.0330482
-0.0416341
-0.0391216
-0.0332801
-0.0309191
-0.0363173
-0.0352051
-0.0120709
-0.027535
-0.0299913
-0.0354044
-0.0225335
-0.0176188
-0.0283563
-0.0332258
-0.0238656
-0.00702811
-0.0305541
-0.0389412
-0.0320838
-0.0181504
-0.0344414
-0.0259782
-0.0375436
-0.0284635
-0.038049
-0.0304543
-0.0345677
-0.0431312
-0.035513
-0.0390289
-0.0338925
-0.0362551
-0.0246727
-0.0291094
-0.0144568
-0.029823
-0.0345103
-0.0272287
-0.0365124
-0.0283517
-0.024146
-0.037668
-0.032412
-0.0338369
-0.0379123
-0.0295882
-0.0385923
-0.0240937
-0.0359742
-0.0370594
-0.0431081
-0.0404057
-0.0438966
-0.0403623
-0.0405957
-0.041867
-0.0435271
-0.0412819
-0.0291451
-0.028093
-0.0444073
-0.0362132
-0.0377989
-0.0386441
-0.0437426
-0.0373177
-0.0431405
-0.0426318
-0.0416728
-0.043365
-0.0391736
-0.0445475
-0.0393319
-0.0434418
-0.0431533
-0.0449766
-0.0436129
-0.0346692
-0.0309138
-0.0417567
-0.0318269
-0.0338039
-0.0424436
-0.0423709
-0.0371178
-0.0398339
-0.0428352
-0.039809
-0.042266
-0.0457451
-0.0460275
-0.0466857
-0.0428009
-0.0301301
-0.0466643
-0.0445773
-0.0389411
-0.0446178
-0.0461595
-0.037962
-0.0435715
-0.0452723
-0.0441041
-0.0429354
-0.0382871
-0.0454977
-0.0316007
-0.0436298
-0.042037
-0.0293145
-0.0354283
-0.0407684
-0.0450684
-0.0346643
-0.0330353
-0.0411726
-0.0163865
-0.0161691
-0.0183356
-0.016003
-0.0278398
-0.02594
-0.0392389
-0.0353191
-0.0371173
-0.0405233
-0.0378747
-0.036057
-0.0406884
-0.0161272
-0.0330146
-0.0393905
-0.0381163
-0.0368974
-0.0362577
-0.0360563
-0.0397016
-0.038123
-0.0449175
-0.0358864
-0.0426318
-0.0357497
-0.0353235
-0.0428652
-0.0365559
-0.0353921
-0.0436171
-0.0236394
-0.0393913
-0.0288459
-0.0384794
-0.0404422
-0.041467
-0.0406971
-0.0391475
-0.0371441
-0.026554
-0.0347525
-0.0420422
-0.0428122
-0.035077
-0.0368227
-0.0421395
-0.0350519
-0.0423201
-0.0383842
-0.0460215
-0.0387037
-0.041817
-0.0395285
-0.0447789
-0.0362103
-0.0425295
-0.0344652
-0.0398221
-0.0444441
-0.0427542
-0.0377606
-0.0459563
-0.0429705
-0.0457425
-0.0455367
-0.0433784
-0.0434482
-0.0433775
-0.0436111
-0.0431104
-0.0437243
-0.0433894
-0.0436727
-0.0462483
-0.041782
-0.0437745
-0.0440263
-0.0438336
-0.0436493
-0.0328178
-0.0330132
-0.0430281
-0.0435604
-0.0332007
-0.0391921
-0.0429382
-0.0215893
-0.0186731
-0.00520432
-0.0268905
-0.0211633
-0.0387243
-0.0396721
-0.0236613
-0.0271106
-0.0407288
-0.0267639
-0.0413555
-0.03404
-0.037596
-0.0320639
-0.0264234
-0.0411113
-0.027474
-0.037518
-0.0315873
-0.0415632
-0.0293419
-0.0220385
-0.0414716
-0.0341256
-0.032798
-0.044727
-0.0371346
-0.0424293
-0.0422601
-0.0417332
-0.0375683
-0.0420301
-0.025211
-0.0426209
-0.0371094
-0.0412729
-0.0341024
-0.0347785
-0.0397881
-0.0375804
-0.0359199
-0.0412283
-0.0244691
-0.0416914
-0.0426918
-0.0347402
-0.0423582
-0.0375592
-0.0288836
-0.034708
-0.0373219
-0.0365576
-0.045086
-0.036222
-0.0433852
-0.0426429
-0.0412964
-0.0433883
-0.043588
-0.0435421
-0.043243
-0.043091
-0.0448795
-0.0445106
-0.0399015
-0.0411098
-0.0436446
-0.0426581
-0.0430066
-0.0449779
-0.0397728
-0.0434929
-0.0408896
-0.043626
-0.0429488
-0.0267028
-0.0307383
-0.0155872
-0.0370551
-0.0277047
-0.0372498
-0.0451985
-0.0406745
-0.0443767
-0.0444498
-0.0425169
-0.044403
-0.0453401
-0.0439209
-0.0339518
-0.0404643
-0.0437772
-0.0308753
-0.0438083
-0.0442755
-0.0391536
-0.0332117
-0.0165954
-0.0229665
-0.0375954
-0.0288304
-0.0311284
-0.0423709
-0.0386129
-0.0270243
-0.0409834
-0.0394179
-0.0273486
-0.043714
-0.0357861
-0.0365866
-0.0286044
-0.032887
-0.0257828
-0.0454346
-0.0444832
-0.0293183
-0.0443402
-0.0451279
-0.0448072
-0.0404987
-0.04444
-0.0400024
-0.0358179
-0.0386717
-0.0429735
-0.039096
-0.0450866
-0.0437073
-0.0404448
-0.0410206
-0.0452548
-0.0441183
-0.0366056
-0.0445386
-0.0418058
-0.0399194
-0.0381016
-0.0361837
-0.0363042
-0.0382667
-0.035548
-0.0365318
-0.044523
-0.0396784
-0.0427913
-0.039999
-0.0443493
-0.0392194
-0.0448872
-0.0436324
-0.0440714
-0.0372285
-0.0408973
-0.0440071
-0.0409131
-0.0438153
-0.0433229
-0.0442523
-0.0379546
-0.0373436
-0.0352246
-0.0350849
-0.038645
-0.0375304
-0.0406853
-0.0245147
-0.0187376
-0.0260494
-0.0275128
-0.0271115
-0.0371453
-0.0260153
-0.0272187
-0.0376856
-0.0193923
-0.0215031
-0.0261276
-0.0442753
-0.0385564
-0.0425354
-0.0417623
-0.041071
-0.0339333
-0.0341316
-0.0364357
-0.0360439
-0.0323598
-0.0333708
-0.0391995
-0.0293109
-0.017003
-0.0305407
-0.0273455
-0.0400288
-0.0364885
-0.0393407
-0.0368155
-0.0367267
-0.0373488
-0.036695
-0.0381783
-0.0401589
-0.0434362
-0.0404471
-0.0447701
-0.0370241
-0.0346163
-0.044029
-0.0379423
-0.0296676
-0.0455786
-0.040746
-0.0441567
-0.0440276
-0.0434009
-0.039015
-0.0451431
-0.0461369
-0.0435576
-0.0435975
-0.0410227
-0.0443537
-0.0439816
-0.0418446
-0.0315627
-0.0454592
-0.0428479
-0.0305049
-0.0421235
-0.0433774
-0.0401167
-0.0423151
-0.0319138
-0.0473997
-0.0326378
-0.0465871
-0.0341653
-0.0388951
-0.0314865
-0.0399912
-0.0466135
-0.0387073
-0.0435456
-0.0466017
-0.0413576
-0.0456857
-0.0429397
-0.0390666
-0.0447452
-0.0440818
-0.0385376
-0.045723
-0.0396759
-0.0400657
-0.039331
-0.0459256
-0.0306013
-0.0428254
-0.0456083
-0.0420493
-0.0300613
-0.0435577
-0.0403358
-0.0437263
-0.0431598
-0.0432941
-0.0434176
-0.0447851
-0.0421331
-0.0409096
-0.0433248
-0.0365253
-0.0418663
-0.0436541
-0.042196
-0.0358134
-0.0437902
-0.0356957
-0.0417675
-0.0419633
-0.0354921
-0.0424987
-0.0438417
-0.0441495
-0.0358731
-0.0419799
-0.0425518
-0.0370766
-0.0368713
-0.0422763
-0.0408654
-0.0312824
-0.0457788
-0.0414929
-0.042125
-0.0420315
-0.03279
-0.0402123
-0.0436399
-0.0462159
-0.0392368
-0.0433705
-0.0384003
-0.0439124
-0.042908
-0.0436278
-0.0420586
-0.0396348
-0.043793
-0.0378116
-0.0391158
-0.0425146
-0.0399223
-0.0456681
-0.040721
-0.0433312
-0.0332187
-0.0468124
-0.042095
-0.0303942
-0.0397228
-0.0381744
-0.0421101
-0.0435307
-0.0423715
-0.0359834
-0.0370324
-0.0435327
-0.0418235
-0.0422359
-0.0373131
-0.0422811
-0.0433496
-0.0385413
-0.0435792
-0.0419635
-0.0431443
-0.0377897
-0.0425029
-0.0398603
-0.0378089
-0.0402814
-0.0462845
-0.0375245
-0.0446144
-0.0284643
-0.0398557
-0.0459622
-0.0414554
-0.0434682
-0.0461153
-0.0431213
-0.0405898
-0.0443514
-0.0434958
-0.0439567
-0.0303873
-0.0448162
-0.0428491
-0.044037
-0.0404337
-0.04266
-0.0311155
-0.0402541
-0.0411206
-0.0448204
-0.0437423
-0.0439518
-0.0447384
-0.0399602
-0.0434978
-0.0396948
-0.0436176
-0.0432139
-0.0438041
-0.0407022
-0.0427611
-0.0431531
-0.0412479
-0.0412515
-0.0315839
-0.0454248
-0.0433555
-0.0443493
-0.0402447
-0.0409801
-0.0422603
-0.0344955
-0.0416915
-0.0421646
-0.032491
-0.0389873
-0.0336541
-0.0420122
-0.0403027
-0.0442378
-0.0386888
-0.0406664
-0.0470431
-0.0404273
-0.0365249
-0.0463113
-0.029791
-0.035981
-0.0430896
-0.0426497
-0.0438324
-0.0428685
-0.0399011
-0.0402773
-0.0466056
-0.0427959
-0.0322212
-0.0433564
-0.0448458
-0.0372948
-0.0413067
-0.036629
-0.030225
-0.0323998
-0.0422773
-0.0435928
-0.0414818
-0.0377762
-0.0405271
-0.038494
-0.040771
-0.0381297
-0.0385417
-0.0379212
-0.038481
-0.0378742
-0.0428759
-0.0325379
-0.0429797
-0.0384996
-0.0392753
-0.0407037
-0.0381531
-0.0377058
-0.0382158
-0.0445154
-0.0413032
-0.045608
-0.0446898
-0.0369455
-0.046954
-0.0351296
-0.0373776
-0.040803
-0.0429671
-0.0332187
-0.0354708
-0.0400662
-0.0403586
-0.0453608
-0.0446999
-0.0355543
-0.047316
-0.0360448
-0.0351428
-0.0448842
-0.0466226
-0.0400025
-0.0379242
-0.0471834
-0.0452245
-0.0423145
-0.0433818
-0.0373414
-0.0456198
-0.0451209
-0.0402033
-0.0476174
-0.0371235
-0.0448934
-0.0395481
-0.0475483
-0.0404493
-0.044958
-0.0377992
-0.045711
-0.0421835
-0.0400057
-0.0469063
-0.0392865
-0.0447124
-0.0385976
-0.0456622
-0.0423038
-0.0458638
-0.0358302
-0.0357046
-0.044974
-0.0449299
-0.0395314
-0.0436151
-0.0402436
-0.0403601
-0.0443108
-0.0442995
-0.0428902
-0.0377275
-0.0426705
-0.0355703
-0.0444152
-0.0448827
-0.0398727
-0.0399113
-0.042331
-0.0457443
-0.0429979
-0.045242
-0.0408196
-0.042616
-0.042978
-0.0431214
-0.0445627
-0.0434476
-0.044095
-0.0435552
-0.0433688
-0.0440992
-0.04377
-0.0403393
-0.0410207
-0.0459268
-0.0425389
-0.0437937
-0.0422939
-0.0338915
-0.0439164
-0.0349403
-0.0419094
-0.0407521
-0.0408432
-0.043471
-0.0436998
-0.0405344
-0.0353093
-0.0440889
-0.0360218
-0.040192
-0.0448176
-0.0417381
-0.0416237
-0.043518
-0.0452005
-0.0428698
-0.0435007
-0.0439581
-0.0431599
-0.0443807
-0.0445851
-0.0448228
-0.0434835
-0.0435175
-0.0432738
-0.0432709
-0.0403642
-0.0437386
-0.040638
-0.0413218
-0.0440231
-0.0441146
-0.0433591
-0.0448995
-0.0361069
-0.0410262
-0.037319
-0.0443753
-0.0416253
-0.0411765
-0.0435496
-0.043848
-0.0415384
-0.0430712
-0.0445577
-0.0454515
-0.0460567
-0.0450695
-0.0432579
-0.0439952
-0.0402717
-0.0419277
-0.0427368
-0.0352798
-0.0433126
-0.0346581
-0.0414869
-0.0442474
-0.0438342
-0.0430061
-0.0416703
-0.0412306
-0.0433078
-0.0409086
-0.0433606
-0.0462497
-0.0443771
-0.0431332
-0.0451098
-0.0406212
-0.0413331
-0.0405673
-0.0448775
-0.0420081
-0.0444792
-0.0430786
-0.0354033
-0.0433323
-0.0359784
-0.0402091
-0.0403212
-0.0439971
-0.0422055
-0.0433289
-0.0438564
-0.0418402
-0.0439333
-0.0403598
-0.0418859
-0.0440419
-0.0366624
-0.0438449
-0.0372635
-0.0468373
-0.0423688
-0.0449088
-0.0479755
-0.0422083
-0.0415043
-0.0434176
-0.0418425
-0.0435332
-0.048639
-0.0457475
-0.0485612
-0.0439342
-0.0392855
-0.0404748
-0.0399802
-0.0463539
-0.0422743
-0.0439326
-0.0430225
-0.0366248
-0.0442373
-0.0364345
-0.0375411
-0.0388264
-0.0437306
-0.0438748
-0.0441476
-0.0427533
-0.0437067
-0.0438934
-0.0438106
-0.0379232
-0.0424625
-0.0421194
-0.0422318
-0.0421309
-0.0443132
-0.0453395
-0.0487526
-0.0411373
-0.0356148
-0.0468957
-0.0363777
-0.047067
-0.045236
-0.0449151
-0.0463123
-0.035743
-0.0457432
-0.0438986
-0.0479424
-0.0423642
-0.0342079
-0.0482368
-0.0363417
-0.0472897
-0.0484103
-0.0451337
-0.0466114
-0.0363515
-0.0452408
-0.0424953
-0.0463119
-0.0470397
-0.0361486
-0.0371086
-0.0471967
-0.0421159
-0.0484747
-0.0481495
-0.0452625
-0.0374465
-0.0382495
-0.0466168
-0.0331913
-0.0330159
-0.0439543
-0.0323625
-0.0415458
-0.0407842
-0.0339351
-0.045014
-0.0341293
-0.0426524
-0.0417832
-0.0487506
-0.0323161
-0.0484385
-0.0434668
-0.0466637
-0.0408743
-0.0463095
-0.048109
-0.0342692
-0.0468399
-0.0436513
-0.0466202
-0.0411328
-0.045021
-0.045353
-0.0449213
-0.0439176
-0.0410395
-0.0421237
-0.0378155
-0.0418879
-0.037711
-0.0381029
-0.0367316
-0.0369906
-0.0382392
-0.0427028
-0.0428793
-0.0448317
-0.0372274
-0.0383942
-0.0385547
-0.0341454
-0.041948
-0.0395307
-0.0428192
-0.0343701
-0.0407675
-0.0422581
-0.0445934
-0.0452291
-0.0373206
-0.0373201
-0.0448347
-0.0361039
-0.0361056
-0.0435014
-0.0355248
-0.0349325
-0.0431208
-0.039609
-0.0445882
-0.0399288
-0.0437176
-0.0426369
-0.0426061
-0.0446594
-0.0395077
-0.0439666
-0.0434479
-0.0427786
-0.0422517
-0.0424774
-0.0440024
-0.0429077
-0.0373173
-0.0390021
-0.0420508
-0.0399236
-0.0388867
-0.0417692
-0.0395565
-0.0389981
-0.0392524
-0.0434333
-0.0432629
-0.0434332
-0.0420362
-0.0408871
-0.0416564
-0.0464759
-0.0382636
-0.0378905
-0.0440022
-0.0443657
-0.0423962
-0.042436
-0.0386565
-0.0403257
-0.0426351
-0.0436884
-0.0358307
-0.0435198
-0.0440488
-0.042944
-0.0375243
-0.0434029
-0.0438747
-0.042546
-0.041361
-0.045312
-0.0394037
-0.0374098
-0.0374571
-0.0347886
-0.0421713
-0.0438698
-0.039848
-0.0416724
-0.0429896
-0.041067
-0.0428193
-0.0422914
-0.0372514
-0.0372589
-0.0441807
-0.0443004
-0.0438818
-0.0391587
-0.0434124
-0.0438752
-0.0418172
-0.0433217
-0.0426708
-0.0343262
-0.0399561
-0.0436879
-0.0439264
-0.0360393
-0.0429555
-0.0412271
-0.0463493
-0.0435699
-0.0438776
-0.0434087
-0.0436298
-0.0463317
-0.0420363
-0.0341125
-0.0411155
-0.0400751
-0.0459593
-0.0440512
-0.0428221
-0.0449413
-0.0493138
-0.042592
-0.0469121
-0.0403489
-0.0430164
-0.0446856
-0.03593
-0.0364625
-0.0438688
-0.0400063
-0.0437913
-0.0397946
-0.0429182
-0.0433869
-0.0433198
-0.0439776
-0.0449154
-0.0396553
-0.0435078
-0.0440337
-0.0403713
-0.0435816
-0.044284
-0.0436892
-0.0431056
-0.0434866
-0.0442797
-0.0342939
-0.0428023
-0.0438121
-0.044468
-0.0438583
-0.0428453
-0.0444076
-0.0426742
-0.0282088
-0.0435372
-0.0457984
-0.0304008
-0.0461398
-0.0436872
-0.0388735
-0.0435337
-0.0417804
-0.045405
-0.0297139
-0.0446471
-0.0426933
-0.0423399
-0.046229
-0.0404315
-0.0410581
-0.0432431
-0.0460706
-0.0413466
-0.0446836
-0.039847
-0.0448686
-0.043821
-0.0378064
-0.0404693
-0.0407363
-0.0375254
-0.0410784
-0.0404542
-0.0435013
-0.0435583
-0.0414045
-0.0443084
-0.0406016
-0.0456029
-0.0438301
-0.0374865
-0.0413128
-0.0415887
-0.0382667
-0.0390684
-0.0433324
-0.0387796
-0.041255
-0.0377081
-0.0392232
-0.0359439
-0.0383923
-0.0403646
-0.0434946
-0.0403858
-0.0437561
-0.0373264
-0.0437954
-0.0432793
-0.04036
-0.0433183
-0.0374343
-0.0434334
-0.0438497
-0.0382014
-0.0432194
-0.0354455
-0.040041
-0.0403436
-0.0430617
-0.0375294
-0.0402807
-0.0360955
-0.0406131
-0.0379956
-0.0416126
-0.0436831
-0.0292592
-0.0428055
-0.043986
-0.0425376
-0.0458801
-0.0449087
-0.0433222
-0.0320614
-0.0450734
-0.0439023
-0.0438018
-0.0402352
-0.0433965
-0.0437522
-0.0433813
-0.0415977
-0.0389362
-0.0387785
-0.0420533
-0.0410733
-0.039684
-0.0387156
-0.0420165
-0.0395042
-0.0395141
-0.0418094
-0.0392482
-0.0388159
-0.0392152
-0.0433683
-0.0435386
-0.043337
-0.042025
-0.0419185
-0.041667
-0.0437443
-0.0410323
-0.0389522
-0.0433571
-0.0434533
-0.0406536
-0.0425063
-0.0395061
-0.0403384
-0.0393667
-0.0360802
-0.040975
-0.0430785
-0.043862
-0.0435038
-0.038412
-0.0432786
-0.043432
-0.0410468
-0.0411814
-0.0374595
-0.0365611
-0.0402374
-0.0366047
-0.0417207
-0.0379654
-0.0375896
-0.037736
-0.0315097
-0.0250417
-0.0348488
-0.0249778
-0.0273429
-0.0282849
-0.0138771
-0.0265451
-0.0354028
-0.0296
-0.0278901
-0.0186531
-0.0356971
-0.0343468
-0.0364666
-0.0383082
-0.0413897
-0.0368368
-0.0368855
-0.0409558
-0.0386328
-0.0406247
-0.0394412
-0.0371316
-0.0406514
-0.0389027
-0.0366311
-0.0390218
-0.0431327
-0.0339296
-0.0401752
-0.0424114
-0.0389938
-0.036599
-0.0384434
-0.0431103
-0.0341684
-0.0403734
-0.0416535
-0.0231074
-0.0258748
-0.033117
-0.0272624
-0.0201945
-0.0254426
-0.0189004
-0.0324912
-0.0318749
-0.0305905
-0.024573
-0.0361213
-0.0299677
-0.030514
-0.030489
-0.0356877
-0.0307719
-0.0336702
-0.0267942
-0.0263033
-0.0274809
-0.0272932
-0.0337096
-0.0439398
-0.034838
-0.0338097
-0.0419937
-0.0435001
-0.0423493
-0.0396753
-0.0423014
-0.0428408
-0.0399624
-0.0420726
-0.0427393
-0.0386105
-0.042799
-0.0330986
-0.0330856
-0.0244644
-0.0354238
-0.0292465
-0.0300921
-0.0391957
-0.0373766
-0.0305572
-0.0380233
-0.0325448
-0.0407715
-0.0267408
-0.0365414
-0.0367481
-0.0322375
-0.0407814
-0.0380143
-0.0437981
-0.0359776
-0.0408222
-0.0402181
-0.0345864
-0.0428361
-0.0393365
-0.0432041
-0.0352987
-0.0392774
-0.0431558
-0.0317672
-0.040954
-0.0312884
-0.0438976
-0.03777
-0.0404175
-0.0345244
-0.0362241
-0.0447715
-0.0411807
-0.037913
-0.0445553
-0.0329257
-0.0441276
-0.0427011
-0.0435516
-0.0314701
-0.034977
-0.0396186
-0.0439587
-0.0307644
-0.0329066
-0.0305916
-0.0396166
-0.0242772
-0.0375681
-0.0408438
-0.0291756
-0.0423526
-0.0367916
-0.039393
-0.0438396
-0.0309696
-0.0308063
-0.0337689
-0.032823
-0.0420143
-0.0394157
-0.0434688
-0.0378046
-0.0409036
-0.0373877
-0.0429532
-0.0341292
-0.0229684
-0.032846
-0.0257503
-0.0199765
-0.0251677
-0.0268854
-0.0321438
-0.0315953
-0.0243481
-0.0302155
-0.0187118
-0.03424
-0.0362091
-0.0385526
-0.0405744
-0.0393632
-0.0370627
-0.0406222
-0.0382527
-0.0413089
-0.0368227
-0.0409399
-0.036825
-0.0388835
-0.0363972
-0.0383681
-0.0430541
-0.0340503
-0.0416165
-0.0402025
-0.0387429
-0.0364456
-0.0388618
-0.043043
-0.0423534
-0.0337807
-0.0399853
-0.0312797
-0.0357579
-0.0302115
-0.0296424
-0.0303535
-0.0353704
-0.0300359
-0.0332569
-0.0260774
-0.0264407
-0.0268241
-0.0269672
-0.0333703
-0.0245947
-0.0245605
-0.0343
-0.026837
-0.0134243
-0.0277461
-0.0181875
-0.0261651
-0.0349723
-0.029122
-0.0274116
0.00113456
-0.0126076
0.00428222
-0.0113485
-0.00366076
-0.00683107
-0.0119595
-0.024085
-0.0265107
-0.0334228
-0.0226489
-0.0148904
-0.0236284
-0.0175647
-0.0128704
-0.00842795
-0.021619
-0.0156794
-0.0317208
-0.01957
-0.0083303
-0.0189678
0.00231805
-0.011476
0.00291489
0.00191357
-0.00976082
0.00434385
0.00937442
-0.00514545
0.00675138
-0.00796145
0.00347554
0.00393107
-0.00852562
-0.00883683
0.00381218
-0.00327707
-0.00955321
-0.0098566
0.000974887
-0.0116673
-0.0213013
-0.02601
-0.0332938
-0.0216185
-0.0160377
-0.022489
-0.00557271
-0.00683351
-0.0165687
-0.0103126
-0.0103996
-0.0245696
-0.0320265
-0.0207056
-0.0184121
-0.0239881
-0.00767264
-0.0344299
-0.0120848
-0.0274933
-0.0267243
-0.0359226
-0.0248019
-0.0230732
0.00377698
0.00325847
-0.0102093
0.00223495
-0.00961997
0.00461597
0.00786273
-0.00409506
0.00485621
-0.00386246
0.00465028
0.00432383
-0.00811428
-0.00862075
0.00510148
-0.024937
-0.0042567
-0.0123275
-0.0127429
-0.0261589
-0.0103784
-0.0165148
-0.0298072
-0.00555388
-0.0132967
-0.0149846
-0.0174855
-0.0135106
-0.027774
-0.0267031
-0.00183558
-0.0106467
-0.017174
-0.0141454
-0.0259728
-0.0190464
0.00343038
-0.0104116
0.00290629
0.00193328
-0.00987659
0.00420994
0.00751726
-0.00443089
0.00444291
-0.00419726
0.00426348
0.00395703
-0.00844706
0.00475943
-0.00893808
-0.0341445
-0.0118058
-0.0264472
-0.027073
-0.0228419
-0.0355816
-0.0244639
0.00108862
-0.0126177
-0.0113211
0.00420341
-0.0115744
-0.0236172
-0.0260368
-0.0330231
-0.0143488
-0.02327
-0.0222218
-0.00368286
-0.0066174
-0.0170068
-0.0125285
-0.00829671
-0.0215124
-0.0314227
-0.0154921
-0.0187321
-0.00835043
-0.0193161
0.00206685
0.00264814
-0.0115998
0.00175631
-0.00998152
0.00408131
0.00907622
-0.00533445
0.006526
-0.00816333
0.00313007
0.00355034
-0.00884648
-0.0091685
0.00348765
0.00232595
0.00292454
-0.0114646
0.0019241
-0.0097513
0.00434933
0.0093853
-0.00513748
-0.00795341
0.00676184
0.00348342
0.00393846
-0.00852175
0.00381414
-0.00882744
-0.0125946
0.00114736
0.00429219
-0.0113364
-0.00365884
-0.0068302
-0.0119478
-0.0240703
-0.033397
-0.0264772
-0.0236108
-0.0226387
-0.0148737
-0.00842042
-0.0216053
-0.0156715
-0.0317018
-0.00832151
-0.0189527
-0.0195622
-0.0175395
-0.0128573
0.00378269
0.00326515
-0.0101999
-0.00961257
0.00224183
0.00461941
0.00786815
-0.00409221
-0.00385849
0.00486067
0.00465775
0.00433304
-0.00811003
0.00510428
-0.00861113
-0.00326582
-0.00954322
0.000980988
-0.00984589
-0.00557358
-0.00683803
-0.0116648
-0.0213104
-0.0259905
-0.0332818
-0.0224763
-0.0160405
-0.0216157
-0.0165546
-0.0103032
-0.0103974
-0.0245596
-0.0207032
-0.0320179
-0.00766745
-0.0239789
-0.0184121
-0.0343991
-0.0120685
-0.0274515
-0.0266917
-0.0247793
-0.0230526
-0.0358757
-0.0294037
-0.00485521
-0.0139195
-0.0158591
-0.0283677
-0.0166821
-0.0184807
-0.0266358
-0.00178206
-0.0105774
-0.0171086
-0.0189886
-0.0140822
-0.0259038
-0.0297788
-0.0054726
-0.0132187
-0.014938
-0.0134532
-0.0277171
-0.0174591
-0.00962081
-0.00327515
0.0008287
-0.00983989
-0.00578732
-0.0069003
-0.0116368
-0.0213021
-0.0333271
-0.0259583
-0.0159097
-0.0216708
-0.0224752
-0.0104294
-0.0246362
-0.0208206
-0.0320381
-0.00778791
-0.0184517
-0.0240153
-0.0162694
-0.0102009
0.00209421
0.00267983
-0.011557
-0.00994073
0.00181317
0.00409395
0.00907005
-0.00530857
0.00655611
-0.00815724
0.00313249
0.00355724
-0.00882064
0.00349065
-0.00912461
-0.0342
-0.0118212
-0.0265179
-0.0271565
-0.0228746
-0.0245035
-0.0356678
0.00112657
-0.012579
0.00426988
-0.0112925
-0.0036092
-0.0065726
-0.0115836
-0.023663
-0.0261057
-0.033073
-0.023308
-0.0143855
-0.022241
-0.0170607
-0.0125375
-0.00825807
-0.021502
-0.0154765
-0.0314522
-0.00830022
-0.0187447
-0.0193126
-0.0250253
-0.0249414
-0.0347684
-0.0282404
-0.0138778
-0.0272952
-0.0186228
-0.0264997
-0.0353265
-0.0278272
-0.0295533
-0.0315319
-0.0231274
-0.0258626
-0.0331295
-0.0254811
-0.0202042
-0.0272605
-0.0188786
-0.0325104
-0.0318941
-0.0246235
-0.0306008
-0.0360922
-0.0299528
-0.0305152
-0.0304452
-0.0307537
-0.0356762
-0.0336161
-0.0267433
-0.0262636
-0.0336479
-0.0274257
-0.0272605
-0.0357181
-0.0343766
-0.0364741
-0.0383435
-0.0414094
-0.03685
-0.0409864
-0.0369131
-0.0386541
-0.0406333
-0.0394505
-0.0371461
-0.0406639
-0.0389207
-0.0366493
-0.0390344
-0.0431435
-0.0339669
-0.0401775
-0.0424397
-0.039012
-0.0366124
-0.0431218
-0.0384542
-0.0403806
-0.0341945
-0.0416704
-0.0311557
-0.0337873
-0.0390093
-0.0332204
-0.0363794
-0.0390177
-0.0415966
-0.0359223
-0.037286
-0.0324551
-0.0394904
-0.0408518
-0.0378507
-0.04337
-0.0323036
-0.0401193
-0.0399051
-0.036689
-0.0421808
-0.0426653
-0.0417253
-0.0425983
-0.0370535
-0.0375449
-0.0435736
-0.0439274
-0.0347963
-0.0338128
-0.0419682
-0.0423302
-0.0435098
-0.0396391
-0.0423473
-0.0430002
-0.0421189
-0.0400007
-0.0386187
-0.0429542
-0.0428119
-0.0396301
-0.0242606
-0.0375685
-0.0408692
-0.0423924
-0.0291831
-0.0368098
-0.0307895
-0.030622
-0.0329326
-0.0394184
-0.043871
-0.0308194
-0.0309945
-0.0420547
-0.0337967
-0.0328425
-0.0394431
-0.0434947
-0.0378289
-0.0409256
-0.0341411
-0.037417
-0.0429947
-0.0439502
-0.0387676
-0.0347674
-0.037459
-0.040386
-0.0378446
-0.0368815
-0.0436907
-0.0428376
-0.0434613
-0.0364095
-0.0441749
-0.0398705
-0.0429577
-0.0352955
-0.0393194
-0.0432048
-0.0392474
-0.0317314
-0.0431506
-0.0409424
-0.0312635
-0.0439201
-0.0377504
-0.0345175
-0.0404172
-0.0427044
-0.0435644
-0.0314708
-0.0349552
-0.0396284
-0.0439706
-0.0362001
-0.0447896
-0.04118
-0.0378915
-0.044566
-0.0441261
-0.0328914
-0.0355561
-0.0358097
-0.0302363
-0.0296755
-0.0304159
-0.0301116
-0.035393
-0.0333492
-0.0261674
-0.026543
-0.026912
-0.0334707
-0.0270701
-0.0246428
-0.0246478
-0.034396
-0.0134702
-0.0269175
-0.027817
-0.0182747
-0.0262257
-0.035067
-0.029185
-0.027527
-0.0342053
-0.0362053
-0.0385339
-0.040564
-0.0393353
-0.0406121
-0.037042
-0.0382114
-0.0412699
-0.0368116
-0.0367779
-0.0408996
-0.0388648
-0.0363979
-0.0383502
-0.0430565
-0.0416034
-0.0340238
-0.0402058
-0.0387143
-0.0364229
-0.0430137
-0.0388343
-0.0399788
-0.0337326
-0.0423109
-0.0312415
-0.0378259
-0.036725
-0.0418782
-0.0376897
-0.0380891
-0.0422446
-0.0452051
-0.0445857
-0.0372878
-0.0373061
-0.0448221
-0.0354882
-0.0348917
-0.0430778
-0.036085
-0.0360989
-0.0434969
-0.0394828
-0.0439306
-0.0434118
-0.0427307
-0.0422174
-0.043949
-0.0424544
-0.0396057
-0.0445961
-0.0399347
-0.0437313
-0.0446593
-0.0426428
-0.0426157
-0.036984
-0.038262
-0.0427154
-0.0428887
-0.0448636
-0.0372325
-0.0383932
-0.0374537
-0.0421689
-0.0347697
-0.0438748
-0.0398354
-0.0429867
-0.0416639
-0.041085
-0.0428317
-0.042295
-0.0372654
-0.0441932
-0.0372523
-0.0443046
-0.0438831
-0.0391536
-0.0434289
-0.0438897
-0.0418014
-0.0433292
-0.0426735
-0.0343074
-0.0399519
-0.0429105
-0.0389949
-0.037325
-0.0417781
-0.0395649
-0.0390019
-0.0420698
-0.0399407
-0.0388988
-0.0392585
-0.0434548
-0.0434571
-0.0432862
-0.0420518
-0.0416649
-0.040899
-0.0465075
-0.037896
-0.0382785
-0.044028
-0.0443683
-0.0424656
-0.0424194
-0.0386655
-0.0403451
-0.0426578
-0.0358258
-0.0435371
-0.0436925
-0.0440791
-0.0429595
-0.0375404
-0.0434239
-0.0438937
-0.0413788
-0.0425675
-0.0453436
-0.0374254
-0.0394308
-0.0385155
-0.0444392
-0.0377091
-0.0397938
-0.0433629
-0.0361361
-0.0401669
-0.0357247
-0.0470193
-0.0365866
-0.0401618
-0.0462211
-0.046111
-0.0444733
-0.0396012
-0.0391829
-0.0460563
-0.0348242
-0.0445679
-0.0444243
-0.0419667
-0.0353879
-0.0453915
-0.0396426
-0.0466857
-0.0429661
-0.0412344
-0.0463625
-0.0435827
-0.0434201
-0.0436453
-0.0438906
-0.0437044
-0.0439323
-0.0360506
-0.0463507
-0.0420473
-0.0411192
-0.0341158
-0.0459661
-0.0440634
-0.0400798
-0.0428345
-0.0449551
-0.049324
-0.0426003
-0.0469312
-0.0430315
-0.0403547
-0.0439884
-0.0405618
-0.0459124
-0.0435958
-0.0454553
-0.0414465
-0.0432781
-0.0440409
-0.040381
-0.0435948
-0.0442893
-0.0431168
-0.0436985
-0.0434885
-0.0431039
-0.0459566
-0.0439452
-0.0423621
-0.0440401
-0.0440237
-0.0430859
-0.0442732
-0.0342844
-0.0427944
-0.0438194
-0.0438583
-0.044482
-0.0428414
-0.0437905
-0.0378309
-0.0405085
-0.0407566
-0.0404571
-0.0375619
-0.0410945
-0.0434635
-0.0436022
-0.0442891
-0.0414274
-0.0438114
-0.0406078
-0.0456243
-0.0445201
-0.0442161
-0.0406315
-0.0437313
-0.0433513
-0.0434462
-0.0441331
-0.0439542
-0.0449706
-0.0341659
-0.0420492
-0.043633
-0.0428095
-0.0406432
-0.04342
-0.0334951
-0.043721
-0.0452748
-0.0434516
-0.0317525
-0.045591
-0.048815
-0.0394648
-0.0441014
-0.0427193
-0.0282583
-0.0444072
-0.0435212
-0.0303929
-0.0458075
-0.0461363
-0.0437229
-0.0389373
-0.0435921
-0.0454471
-0.0417723
-0.0410272
-0.0432265
-0.0460807
-0.041349
-0.0398547
-0.0448578
-0.0446977
-0.0296827
-0.0446541
-0.0426648
-0.0423152
-0.0462228
-0.0404105
-0.035441
-0.040023
-0.0403297
-0.043068
-0.0375109
-0.0402742
-0.0360696
-0.0423027
-0.0385833
-0.0449682
-0.0287537
-0.0384349
-0.0379946
-0.0464352
-0.0437457
-0.0389823
-0.0410571
-0.0433482
-0.0434715
-0.0425096
-0.040653
-0.0395097
-0.0403265
-0.0393611
-0.0431001
-0.0360677
-0.0409761
-0.0438764
-0.0435263
-0.0384205
-0.0433041
-0.0434594
-0.0410598
-0.0411874
-0.0374574
-0.0365541
-0.0402335
-0.0406511
-0.0416426
-0.0380796
-0.043684
-0.0293388
-0.0439769
-0.0428427
-0.0425291
-0.0458906
-0.0448946
-0.0450615
-0.0433265
-0.0320664
-0.0439112
-0.0437841
-0.0402601
-0.0434244
-0.0437355
-0.041638
-0.0433728
-0.0389453
-0.0420876
-0.0387966
-0.041096
-0.0387376
-0.0397288
-0.0418381
-0.0392847
-0.0388385
-0.0420605
-0.0395523
-0.0395714
-0.0392533
-0.0433867
-0.0433607
-0.0435599
-0.0420595
-0.0416929
-0.0419588
-0.03658
-0.0377147
-0.0417307
-0.0375848
-0.0379646
-0.0385218
-0.0407133
-0.0381701
-0.0377195
-0.0392892
-0.0445281
-0.0456087
-0.0413123
-0.0369608
-0.0469596
-0.0446795
-0.037388
-0.0408131
-0.0332175
-0.0429654
-0.0351394
-0.0379199
-0.0471746
-0.0452214
-0.0423282
-0.0433801
-0.0456238
-0.0373492
-0.0451005
-0.0401974
-0.0475804
-0.0448607
-0.0371221
-0.0395499
-0.0475421
-0.0404605
-0.0449637
-0.0378058
-0.0421785
-0.0456971
-0.0399945
-0.0468804
-0.0446798
-0.0392642
-0.0422728
-0.0456302
-0.0385872
-0.0458403
-0.0358339
-0.0357037
-0.0449581
-0.0395322
-0.0449096
-0.0435819
-0.0402504
-0.040356
-0.0442903
-0.0442755
-0.0428692
-0.0354555
-0.0400664
-0.0403493
-0.045334
-0.0446705
-0.035548
-0.0473052
-0.0360427
-0.0351358
-0.0448508
-0.0465877
-0.0399748
-0.0403375
-0.0459223
-0.0410138
-0.0425409
-0.0437801
-0.0423033
-0.0339048
-0.0439215
-0.0349517
-0.0419127
-0.0407503
-0.0408328
-0.043458
-0.0405321
-0.0436865
-0.0430419
-0.04453
-0.0454332
-0.0460304
-0.043231
-0.0450507
-0.0439595
-0.0353071
-0.0440745
-0.0401897
-0.0360115
-0.0416038
-0.0434984
-0.045167
-0.0428463
-0.0439295
-0.0431311
-0.0434855
-0.0448205
-0.0417362
-0.0443537
-0.0445616
-0.0448055
-0.043471
-0.0432551
-0.0435091
-0.0437144
-0.0403646
-0.0432592
-0.0406184
-0.0413126
-0.043998
-0.0433364
-0.0440893
-0.0448717
-0.036094
-0.0410322
-0.0373078
-0.044364
-0.0416058
-0.0411609
-0.0435326
-0.0438267
-0.0415193
-0.0443736
-0.0462346
-0.0431435
-0.0450829
-0.0406238
-0.0413399
-0.0405803
-0.0448863
-0.0444899
-0.0420265
-0.035429
-0.0433302
-0.0430828
-0.040316
-0.0439932
-0.0421993
-0.0433275
-0.0438497
-0.0439324
-0.0418197
-0.0360048
-0.0402163
-0.0438021
-0.0379214
-0.0424845
-0.0421162
-0.0422229
-0.0421183
-0.0443132
-0.0403433
-0.041871
-0.044025
-0.0438273
-0.03665
-0.0372543
-0.0468266
-0.0423668
-0.0479498
-0.0449051
-0.0421892
-0.0414972
-0.0434004
-0.041823
-0.0435172
-0.0486232
-0.0457295
-0.0439229
-0.0485346
-0.0399677
-0.0463504
-0.0422615
-0.0439208
-0.0430046
-0.0366137
-0.0442282
-0.0392802
-0.0404667
-0.0364332
-0.0375309
-0.0388165
-0.0437156
-0.0441347
-0.0438683
-0.0436921
-0.042741
-0.0438849
-0.0457386
-0.0425053
-0.0463282
-0.0470419
-0.0361692
-0.047203
-0.0371285
-0.0420957
-0.0484584
-0.0481191
-0.0374375
-0.0452445
-0.0382305
-0.0466259
-0.0331856
-0.0330065
-0.0439139
-0.0323534
-0.0407914
-0.0415163
-0.0339204
-0.045016
-0.03411
-0.0426469
-0.0417703
-0.0487689
-0.0323083
-0.0484525
-0.0434693
-0.0463544
-0.046679
-0.0408666
-0.0481148
-0.0342636
-0.0436408
-0.0468316
-0.0411255
-0.0466229
-0.0450145
-0.0438985
-0.0479137
-0.0423658
-0.0482253
-0.0363405
-0.0342169
-0.0472732
-0.0484012
-0.045121
-0.0363645
-0.046616
-0.0452344
-0.0453579
-0.0438759
-0.0420855
-0.0410096
-0.0449201
-0.0384896
-0.0474993
-0.0396873
-0.0438178
-0.0438312
-0.0429199
-0.0419321
-0.0426541
-0.0422938
-0.0430794
-0.0421132
-0.0431293
-0.0443487
-0.0445487
-0.0443356
-0.0396451
-0.0435303
-0.0437324
-0.0398778
-0.0432557
-0.0450045
-0.0430512
-0.0426824
-0.0437001
-0.043882
-0.0438133
-0.0435509
-0.0438091
-0.0442727
-0.0446985
-0.040327
-0.0440468
-0.0390993
-0.0439476
-0.0397943
-0.0446576
-0.0427824
-0.0373797
-0.0445642
-0.0392465
-0.0437822
-0.0439867
-0.0427269
-0.0459026
-0.0439592
-0.0430847
-0.0419488
-0.042565
-0.0434085
-0.042251
-0.0417534
-0.0438136
-0.0431474
-0.04363
-0.0428802
-0.0422366
-0.0434217
-0.0427225
-0.0426356
-0.0436946
-0.045219
-0.0377198
-0.0441386
-0.0447411
-0.0452046
-0.038735
-0.0428976
-0.0443777
-0.0433473
-0.042942
-0.0443609
-0.0432242
-0.0437341
-0.0442002
-0.0434972
-0.0431508
-0.0454513
-0.0429943
-0.0445669
-0.0436975
-0.0395614
-0.0435728
-0.0437694
-0.0433903
-0.0437168
-0.0427909
-0.0438126
-0.0436119
-0.043425
-0.0430809
-0.0430281
-0.0447549
-0.039795
-0.0442913
-0.0430852
-0.0430959
-0.042834
-0.0421781
-0.0441431
-0.0436405
-0.0438155
-0.0424501
-0.043315
-0.0425195
-0.0435815
-0.0438559
-0.0432774
-0.0422179
-0.0422969
-0.0432049
-0.0437065
-0.0424535
-0.043345
-0.0437421
-0.0425967
-0.0438167
-0.0439875
-0.0408926
-0.0418571
-0.0421344
-0.0437508
-0.0428749
-0.0432363
-0.0442582
-0.0424226
-0.042333
-0.04017
-0.0417788
-0.0458617
-0.0425533
-0.0451268
-0.0470793
-0.0409746
-0.0405503
-0.0474864
-0.0389272
-0.046692
-0.0449083
-0.0401623
-0.0391411
-0.0395595
-0.0414251
-0.0449862
-0.0429479
-0.0426814
-0.0425188
-0.041041
-0.0423386
-0.0414999
-0.0434487
-0.0437269
-0.0423268
-0.0432341
-0.0434648
-0.0423307
-0.0436753
-0.0428729
-0.042186
-0.0430306
-0.0424818
-0.0437313
-0.0426028
-0.0432684
-0.0434065
-0.0426677
-0.0445081
-0.0436998
-0.0400482
-0.047189
-0.0422724
-0.0455053
-0.0446481
-0.0412552
-0.0426742
-0.0410819
-0.0463966
-0.0438548
-0.042157
-0.0463437
-0.0401273
-0.0412864
-0.0444405
-0.041667
-0.0469909
-0.0439421
-0.0463346
-0.043927
-0.0433626
-0.0431832
-0.0429375
-0.0439346
-0.0458047
-0.0415354
-0.0428566
-0.042608
-0.0462405
-0.045722
-0.0432609
-0.0475658
-0.0362903
-0.0477148
-0.0411441
-0.0431771
-0.0389516
-0.0456134
-0.0419996
-0.0465374
-0.0430945
-0.0466425
-0.042462
-0.0395768
-0.0412785
-0.0421232
-0.043644
-0.0434759
-0.0457489
-0.040395
-0.0436654
-0.0440035
-0.0387694
-0.0425926
-0.0456102
-0.0445571
-0.0448047
-0.0445991
-0.039143
-0.0439197
-0.0440251
-0.0421144
-0.0427938
-0.0416147
-0.0423504
-0.0413345
-0.0422737
-0.0439562
-0.0420807
-0.0410841
-0.0449803
-0.0453854
-0.0406586
-0.0366002
-0.0402823
-0.0406293
-0.0458496
-0.0399192
-0.0372756
-0.0418489
-0.0386243
-0.0421343
-0.0425547
-0.0401486
-0.0414155
-0.0420939
-0.0399281
-0.0399863
-0.0407729
-0.0435962
-0.0435392
-0.0434969
-0.0423554
-0.0424905
-0.0427239
-0.0443035
-0.0368215
-0.0451558
-0.0422812
-0.0478369
-0.0399502
-0.0436784
-0.046048
-0.0414118
-0.0403372
-0.0491329
-0.0421149
-0.0429338
-0.042938
-0.0426414
-0.0377404
-0.0436205
-0.0436998
-0.0399666
-0.0426254
-0.0397948
-0.0368255
-0.0398438
-0.0430987
-0.0452031
-0.0471628
-0.0364629
-0.0412778
-0.0457473
-0.0402324
-0.0418407
-0.0423341
-0.0429143
-0.0404481
-0.0411818
-0.0434626
-0.0415567
-0.0414509
-0.0423455
-0.0416323
-0.0419266
-0.0414273
-0.0440645
-0.0427202
-0.0442248
-0.0438164
-0.041657
-0.0438634
-0.043681
-0.0441237
-0.0437276
-0.0433068
-0.0434513
-0.0415735
-0.0440083
-0.0433257
-0.0436904
-0.0446519
-0.0432611
-0.0431659
-0.0464254
-0.0334555
-0.0440833
-0.0428
-0.0438364
-0.0406963
-0.0432306
-0.0436592
-0.0451734
-0.0415851
-0.0442754
-0.0436341
-0.0454628
-0.0330762
-0.0449249
-0.0450605
-0.0422112
-0.0449483
-0.0393976
-0.039464
-0.0482151
-0.036634
-0.0438164
-0.0440509
-0.043895
-0.0437588
-0.0445228
-0.0405101
-0.0433649
-0.0423749
-0.0443604
-0.0457864
-0.0437593
-0.0461841
-0.0406729
-0.0432589
-0.0442703
-0.0434546
-0.0389543
-0.0442837
-0.0444122
-0.0473816
-0.0444414
-0.0437268
-0.0416495
-0.0419094
-0.0418554
-0.0443021
-0.042693
-0.0440941
-0.0437886
-0.0443542
-0.0422112
-0.0436818
-0.0425953
-0.0438126
-0.0439266
-0.0436401
-0.042136
-0.0436791
-0.0431225
-0.0435212
-0.0439965
-0.0435546
-0.0427678
-0.0379321
-0.0437387
-0.0445358
-0.0436963
-0.0440668
-0.0454429
-0.0452364
-0.0456317
-0.0430918
-0.0352857
-0.0464435
-0.0454354
-0.0360873
-0.0350867
-0.043232
-0.0465442
-0.0416403
-0.046214
-0.0431507
-0.0439809
-0.0428012
-0.0450231
-0.0421699
-0.0465076
-0.0414835
-0.0430728
-0.0434285
-0.0469805
-0.04334
-0.0442815
-0.0431854
-0.0434332
-0.0418171
-0.0424347
-0.0417595
-0.0413081
-0.0434171
-0.0438711
-0.0435369
-0.0448516
-0.0418891
-0.043513
-0.0439793
-0.0450399
-0.0434326
-0.0435279
-0.0445949
-0.0430653
-0.0431622
-0.0334555
-0.0462694
-0.0440526
-0.0441889
-0.0436036
-0.0453764
-0.0448278
-0.0330816
-0.0450035
-0.04276
-0.0438184
-0.0406998
-0.0432107
-0.0436282
-0.0451485
-0.0415322
-0.0421194
-0.0449889
-0.0392618
-0.0417835
-0.0420484
-0.0385724
-0.0420539
-0.0398473
-0.0398604
-0.0424181
-0.0400249
-0.0412562
-0.040707
-0.04347
-0.0434194
-0.0433808
-0.0422281
-0.0426275
-0.0423446
-0.0417004
-0.0427939
-0.0421764
-0.0410967
-0.0402516
-0.0433121
-0.0415316
-0.0419449
-0.0414711
-0.0414469
-0.0412959
-0.0422476
-0.0440003
-0.0436122
-0.0434029
-0.0434267
-0.0415929
-0.0433263
-0.0438453
-0.0438494
-0.0425487
-0.0440132
-0.0436428
-0.0435041
-0.0414427
-0.0436856
-0.0405038
-0.036392
-0.0401675
-0.0455937
-0.0404305
-0.0371043
-0.0398441
-0.044082
-0.0366252
-0.0421551
-0.0448991
-0.0398127
-0.0475894
-0.0433718
-0.0427526
-0.042464
-0.0375334
-0.0434645
-0.0435366
-0.0424577
-0.039749
-0.0458233
-0.0412345
-0.0401744
-0.0419853
-0.0489178
-0.0428438
-0.0396074
-0.0396755
-0.0366019
-0.0404868
-0.0374674
-0.037908
-0.0390431
-0.0382379
-0.0410442
-0.0387383
-0.0397422
-0.0418519
-0.0393415
-0.0388589
-0.0420742
-0.0395888
-0.0395703
-0.0393048
-0.0433352
-0.0433659
-0.0435613
-0.04206
-0.0416817
-0.0419666
-0.0355361
-0.0400468
-0.040354
-0.0375938
-0.0431082
-0.036122
-0.0403581
-0.0437752
-0.0411029
-0.0432692
-0.0390433
-0.0406158
-0.0435697
-0.0424721
-0.0438747
-0.0435731
-0.0384957
-0.0433254
-0.0434483
-0.0412444
-0.0410934
-0.0394897
-0.0403837
-0.0394102
-0.0410384
-0.0361139
-0.0430799
-0.0374888
-0.040284
-0.0365859
-0.0424399
-0.0385622
-0.045066
-0.0385412
-0.0287968
-0.0464972
-0.0381262
-0.0406924
-0.0381418
-0.043661
-0.0417378
-0.04288
-0.0293684
-0.0439751
-0.0438992
-0.0438338
-0.0402494
-0.0434107
-0.0437656
-0.0433842
-0.0416357
-0.0424869
-0.0459116
-0.0449362
-0.0319785
-0.0433542
-0.0450943
-0.0389833
-0.038842
-0.0421374
-0.0375899
-0.0416324
-0.0413821
-0.0390962
-0.0383703
-0.0433513
-0.0393431
-0.0359478
-0.0384232
-0.0389268
-0.0413065
-0.0378223
-0.04044
-0.0433247
-0.0374883
-0.0434452
-0.0382622
-0.0432427
-0.0438747
-0.0404481
-0.0435488
-0.0404375
-0.0437672
-0.0375012
-0.0432773
-0.0437763
-0.0372548
-0.0346085
-0.0435473
-0.0419485
-0.0415285
-0.0396463
-0.0426678
-0.0442788
-0.0437634
-0.0390986
-0.0433353
-0.0438734
-0.0433607
-0.0417474
-0.04098
-0.0427109
-0.0421196
-0.0440588
-0.0371606
-0.0370476
-0.0425682
-0.0398998
-0.034215
-0.0383301
-0.0338922
-0.0417332
-0.0426138
-0.0392728
-0.0405341
-0.0341157
-0.0463318
-0.0381037
-0.043874
-0.0377521
-0.042263
-0.0441575
-0.0422456
-0.043869
-0.0427607
-0.0373662
-0.0433055
-0.043766
-0.0411781
-0.0423361
-0.0383506
-0.0400002
-0.0424086
-0.0432496
-0.0434064
-0.0354879
-0.0451801
-0.0372328
-0.0391681
-0.0368259
-0.0380124
-0.0425624
-0.0446114
-0.0427448
-0.0381504
-0.0370947
-0.042113
-0.0450463
-0.0444234
-0.0371312
-0.0371528
-0.044726
-0.0352907
-0.0347064
-0.0429446
-0.0359631
-0.0359789
-0.0433805
-0.0393069
-0.0437967
-0.0431919
-0.0425811
-0.0420552
-0.0423145
-0.043799
-0.0394871
-0.0444728
-0.0397661
-0.0436276
-0.0424859
-0.0425432
-0.044529
-0.0171728
-0.0307214
-0.0274823
-0.0399992
-0.039464
-0.0365642
-0.0369143
-0.0374002
-0.0369478
-0.0368586
-0.0381548
-0.0274425
-0.0372328
-0.0274575
-0.0262922
-0.0218937
-0.0378638
-0.0196139
-0.0263794
-0.0442397
-0.0426635
-0.0386173
-0.0341018
-0.0418213
-0.0412418
-0.0247688
-0.0190891
-0.0263722
-0.0278701
-0.0364179
-0.0325856
-0.0335352
-0.029387
-0.0393874
-0.0343443
-0.0367961
-0.0309805
-0.0330989
-0.0308962
-0.039708
-0.0243032
-0.0376608
-0.0408147
-0.0367729
-0.0293665
-0.0423532
-0.0395351
-0.0435104
-0.0379705
-0.0410887
-0.0375367
-0.0343173
-0.0430321
-0.0395246
-0.0438723
-0.0311954
-0.0309445
-0.0329804
-0.0339668
-0.0420161
-0.043919
-0.0388506
-0.0374932
-0.0348941
-0.0369682
-0.0403738
-0.0379474
-0.04359
-0.0427684
-0.0364535
-0.0434508
-0.0429606
-0.0398709
-0.0440321
-0.0330486
-0.0361813
-0.0388679
-0.0413691
-0.0309465
-0.0335896
-0.0387705
-0.0376209
-0.0431169
-0.0398956
-0.0320443
-0.036427
-0.0396445
-0.0419967
-0.042521
-0.0424614
-0.0414107
-0.043429
-0.0368193
-0.0372696
-0.0356567
-0.037001
-0.0323251
-0.0392737
-0.0406251
-0.0328514
-0.0241468
-0.0328449
-0.034986
-0.0288099
-0.0297659
-0.0387411
-0.0376563
-0.030158
-0.0368994
-0.0377475
-0.0435637
-0.0354793
-0.0402205
-0.034114
-0.0400179
-0.0424987
-0.0321864
-0.0401017
-0.026396
-0.036292
-0.036352
-0.0403402
-0.03182
-0.0438384
-0.0346935
-0.0417947
-0.0337075
-0.0395349
-0.0433715
-0.0422629
-0.0422497
-0.0427864
-0.0398546
-0.042049
-0.0426395
-0.0428185
-0.038649
-0.0137329
-0.0257852
-0.0237144
-0.0385223
-0.0368769
-0.0389367
-0.0333242
-0.0415901
-0.0305987
-0.0390985
-0.0333698
-0.0286847
-0.0349697
-0.0312306
-0.0175338
-0.0346337
-0.016556
-0.0305843
-0.0385822
-0.0390619
-0.0414895
-0.0351417
-0.0403448
-0.0396895
-0.0315905
-0.0160377
-0.0305822
-0.0176749
-0.0292653
-0.0296412
-0.0337054
-0.0377037
-0.0330959
-0.0280324
-0.0237021
-0.0272501
-0.00132827
-0.00104194
-0.0157302
-0.010165
-0.0191481
-0.0145863
-0.0103117
-0.00466839
-0.00548429
-0.0214145
-0.0113199
-0.00968398
0.00221257
0.000265051
0.00799684
-0.00422331
-0.016918
0.0054102
0.00468392
-0.0049556
0.00863344
0.00580225
-0.00351264
-0.00492394
-0.0193564
0.00779951
0.00132173
-0.0063777
-0.00781017
0.00558058
-0.00553599
-0.0263368
-0.0364778
-0.0187513
-0.0307075
-0.0237596
-0.010859
-0.0364811
-0.0116638
-0.022912
-0.0114916
-0.0186534
-0.0254994
-0.0137882
-0.0134119
-0.0242045
-0.00715331
-0.0288685
-0.0328534
-0.00661053
-0.0230852
-0.0349061
-0.010048
-0.00278507
-0.00873511
-0.023828
0.00248868
-0.0154408
-0.0238643
0.00330386
-0.00086736
0.000529584
-0.000297792
-0.0121773
-0.0195525
0.00378989
0.00514883
0.0031775
-0.0115758
-0.0200876
0.00499591
0.00218333
0.00177515
0.00554692
-0.0133878
-0.000330035
-0.0225016
0.00377701
-0.0151868
0.00218783
-0.0212087
-0.0264861
-0.00152355
-0.0169184
-0.0104137
-0.0258072
-0.0187744
-0.0138426
-0.0291786
-0.00473145
-0.0157758
-0.0138674
-0.0165851
-0.0182735
-0.0282536
-0.0251285
-0.00454524
-0.0127938
-0.0124602
-0.0166807
-0.0262587
-0.0105807
0.00165106
0.00314047
0.0100741
-0.00760566
-0.0211484
-0.00938838
0.0105119
-0.00794809
-0.00965414
0.00891868
-0.0051149
-0.0116171
-0.0212432
0.00706453
-0.00925437
-0.0092014
-0.00438319
0.00417445
-0.0076357
-0.0191667
-0.0326443
-0.0172449
-0.0307186
-0.0222435
-0.0207563
-0.0320954
-0.0215857
-0.0205792
-0.00380997
-0.0190437
-0.0167601
-0.00478393
-0.00402697
-0.0162727
-0.0149503
-0.028206
-0.031644
-0.0189142
-0.0300689
-0.0206723
-0.0158375
0.00467968
-0.00500581
-0.0251161
-0.0214105
0.00638387
-0.0127488
-0.0105969
0.00659529
0.00928004
-0.0115946
-0.00947391
-0.0244422
0.00924927
-0.0122973
0.00852695
-0.00915526
-0.0247101
-0.0108617
0.0101823
0.00961285
-0.010525
-0.00968964
0.00593462
-0.0250352
-0.0127065
-0.0105733
0.00776172
-0.0245816
0.00221746
0.000269489
0.00800298
-0.00422033
0.0054127
-0.0169109
-0.00494898
0.00863547
0.00468824
0.00580523
-0.00350546
-0.00491653
-0.0193483
-0.00637311
0.00780624
0.001328
-0.00132579
-0.00104012
-0.0157295
-0.0191378
-0.0101626
-0.0103054
-0.0145845
-0.0046605
-0.00547772
-0.0214001
-0.00967218
-0.0113124
0.00331135
-0.000861455
0.000534886
-0.00028726
-0.0121695
-0.019547
0.00379975
0.00515434
-0.0115682
0.00318605
-0.0200791
0.00500236
0.0021721
0.00554961
0.00178288
-0.0133803
-0.000324161
0.00378255
-0.0224915
0.00219219
-0.0151774
-0.0211994
-0.00779541
0.00559276
-0.00552453
-0.0263151
-0.0364355
-0.0306781
-0.0187317
-0.0108399
-0.036437
-0.0237387
-0.0116456
-0.0229001
-0.0114924
-0.018631
-0.0254886
-0.0241861
-0.00714129
-0.0288409
-0.0328293
-0.00659391
-0.0230696
-0.0348704
-0.0137717
-0.0134081
-0.0100352
-0.00277696
-0.0238157
-0.00872736
-0.0154306
0.00250338
-0.0238529
-0.0296659
-0.00528205
-0.0147935
-0.0130737
-0.0276264
-0.0173436
-0.0132976
-0.0251126
-0.00453489
-0.0127725
-0.0124301
-0.0105496
-0.0166635
-0.0262496
-0.0291754
-0.00467307
-0.0157492
-0.0138153
-0.0182485
-0.0282437
-0.0165513
0.00194823
0.00243547
-0.0130699
-0.0203506
-0.00498678
-0.00996691
-0.00328828
-0.00137123
-0.0144198
-0.0146517
-0.0102146
-0.000454681
-0.0106124
0.00666023
0.00926848
-0.0115067
-0.00946748
-0.0244673
0.00920417
-0.0124021
-0.0247319
-0.00917486
0.00844366
-0.0109212
0.0101469
0.00954076
-0.0106044
-0.00967879
0.00598447
-0.0127568
-0.0250079
-0.0246184
0.00772169
-0.0105478
-0.00428824
0.00427565
-0.00753714
-0.0191436
-0.0326537
-0.0306853
-0.0172211
-0.0320952
-0.0221897
-0.0207614
-0.0214359
-0.0206161
-0.00376364
-0.0168331
-0.0189945
-0.0162443
-0.014901
-0.0281863
-0.0316595
-0.0300857
-0.0188528
-0.0206244
-0.00471796
-0.00403885
-0.0157239
0.00472344
-0.0250846
-0.0049699
-0.0127644
0.00646731
-0.0213668
-0.0171841
-0.0306701
-0.0274681
-0.0273936
-0.0371649
-0.0262691
-0.0273769
-0.0195711
-0.0218872
-0.0377979
-0.0248033
-0.0190541
-0.0263451
-0.0278636
-0.026376
-0.0442445
-0.0427368
-0.0386862
-0.0341729
-0.0418242
-0.0412648
-0.0363478
-0.0325461
-0.033613
-0.0293752
-0.0393795
-0.0344122
-0.0368242
-0.0400359
-0.0395096
-0.0366192
-0.0370032
-0.0374204
-0.0370198
-0.0368836
-0.0381773
-0.0355551
-0.0393808
-0.0318669
-0.0431393
-0.0410008
-0.0393108
-0.0432786
-0.0428053
-0.0436002
-0.0316739
-0.0350285
-0.0398174
-0.0439556
-0.031332
-0.0438471
-0.0378099
-0.0346575
-0.0404786
-0.0363319
-0.0447433
-0.0379551
-0.0411709
-0.0329981
-0.0441457
-0.0445635
-0.0439098
-0.038848
-0.0348694
-0.037463
-0.0379495
-0.0369271
-0.0403606
-0.0436013
-0.0425214
-0.0364116
-0.0434769
-0.0398627
-0.0429321
-0.0441362
-0.0328049
-0.0241783
-0.0327402
-0.0349972
-0.0288162
-0.0387286
-0.0297611
-0.0301561
-0.0369118
-0.0376141
-0.0376707
-0.0434935
-0.0403246
-0.0355442
-0.0424615
-0.0342115
-0.0398728
-0.0322119
-0.0404629
-0.0265173
-0.0363609
-0.0318337
-0.0365501
-0.0404325
-0.030876
-0.0330378
-0.0361187
-0.0388416
-0.041318
-0.0335998
-0.0387805
-0.0376293
-0.0430806
-0.0321007
-0.0398701
-0.0395981
-0.0363993
-0.0356423
-0.0370119
-0.0323015
-0.0392082
-0.0406005
-0.0420186
-0.0425106
-0.0424717
-0.041415
-0.0433988
-0.0373118
-0.0368306
-0.0438417
-0.0347105
-0.0336988
-0.041822
-0.0433694
-0.0422732
-0.0395746
-0.042187
-0.0426291
-0.0398246
-0.0419969
-0.0425651
-0.0426578
-0.0386397
-0.0286926
-0.0349595
-0.0175276
-0.0312289
-0.0165768
-0.0305812
-0.0346262
-0.016093
-0.0306136
-0.0293029
-0.0177123
-0.0385627
-0.0390301
-0.041435
-0.0351492
-0.0315953
-0.0403045
-0.0396601
-0.0296446
-0.0336931
-0.0376276
-0.033064
-0.0280022
-0.0237687
-0.0273078
-0.0385288
-0.0368735
-0.0389422
-0.0415935
-0.0306044
-0.0333334
-0.0390734
-0.0333654
-0.0437776
-0.041081
-0.0390175
-0.043265
-0.0435591
-0.0406088
-0.0424753
-0.0394714
-0.0403747
-0.0393813
-0.03608
-0.0410222
-0.0430705
-0.043878
-0.0435791
-0.0384839
-0.0433394
-0.0434622
-0.0412386
-0.0410889
-0.0374681
-0.0402597
-0.0365643
-0.0410429
-0.0387292
-0.0397508
-0.0418575
-0.0393485
-0.0388527
-0.0420931
-0.039606
-0.0395943
-0.039312
-0.0433468
-0.0433805
-0.0435776
-0.0420729
-0.0416848
-0.0419801
-0.0375784
-0.0416164
-0.0413797
-0.0390645
-0.0433432
-0.0383537
-0.0393173
-0.0359063
-0.0383988
-0.0389022
-0.0412866
-0.0378129
-0.040425
-0.0432959
-0.0374603
-0.0434288
-0.0382285
-0.0438537
-0.0432277
-0.0404402
-0.0435435
-0.0437687
-0.0404313
-0.0437699
-0.0432727
-0.0374979
-0.0424282
-0.0385769
-0.0450621
-0.0288028
-0.0385435
-0.038117
-0.0464962
-0.0407168
-0.043666
-0.0381611
-0.0417501
-0.0428961
-0.043983
-0.0293997
-0.0439205
-0.0438313
-0.0434373
-0.0402724
-0.0437697
-0.0416631
-0.0433973
-0.042497
-0.0459203
-0.0449462
-0.043361
-0.0320026
-0.0451058
-0.039004
-0.0421631
-0.038866
-0.0383356
-0.0338804
-0.04174
-0.0426459
-0.0392933
-0.0405456
-0.0341263
-0.0427149
-0.0387634
-0.0371423
-0.0416849
-0.0395246
-0.0389481
-0.0419618
-0.0398168
-0.0387008
-0.0390887
-0.0432791
-0.0433421
-0.0432033
-0.041947
-0.0415114
-0.0407376
-0.0421542
-0.0450727
-0.0444558
-0.037152
-0.0447702
-0.0371757
-0.0353063
-0.0347311
-0.042987
-0.0359648
-0.0359776
-0.0434016
-0.0393463
-0.0438559
-0.0432334
-0.042675
-0.0438583
-0.0421033
-0.0423807
-0.0395118
-0.044514
-0.0436608
-0.0397849
-0.0425881
-0.0425194
-0.0445547
-0.0463553
-0.0439026
-0.0381262
-0.0377677
-0.0422834
-0.0422719
-0.0441578
-0.0438805
-0.0427681
-0.0433191
-0.0373727
-0.0437697
-0.0411897
-0.0423348
-0.0383561
-0.0400122
-0.0424328
-0.0354894
-0.0434021
-0.0432679
-0.0451989
-0.0372447
-0.0391757
-0.0368363
-0.0380389
-0.0425963
-0.0427639
-0.0446461
-0.0371192
-0.0381667
-0.0439353
-0.0410843
-0.0420691
-0.0453856
-0.0449732
-0.0442903
-0.0368235
-0.0422438
-0.0451565
-0.039931
-0.0478359
-0.0436641
-0.0429269
-0.0426416
-0.0377526
-0.0436043
-0.0436686
-0.0426308
-0.0399737
-0.0460263
-0.0414082
-0.0403362
-0.0429108
-0.0491166
-0.042105
-0.0397943
-0.039845
-0.0368294
-0.040668
-0.0366043
-0.0402821
-0.0406285
-0.045853
-0.0399098
-0.0372732
-0.0437536
-0.043163
-0.044627
-0.0431957
-0.0464214
-0.0441662
-0.0334817
-0.0427792
-0.0437963
-0.043248
-0.0407072
-0.0435999
-0.0415995
-0.0451539
-0.0442862
-0.0436207
-0.0454725
-0.0450492
-0.033088
-0.0449436
-0.0422417
-0.0394074
-0.0449632
-0.0431445
-0.0452133
-0.0471746
-0.0412933
-0.0364526
-0.0402427
-0.0457454
-0.0418427
-0.0423405
-0.0429527
-0.0404429
-0.0435091
-0.0411959
-0.0415385
-0.0414425
-0.0423319
-0.0416151
-0.041924
-0.0414196
-0.0440548
-0.0427148
-0.0442249
-0.0438324
-0.0416451
-0.0438784
-0.0436754
-0.0441229
-0.0437504
-0.0434873
-0.0433203
-0.0440421
-0.0415813
-0.0433282
-0.0366079
-0.0423781
-0.0463035
-0.0392198
-0.0367528
-0.0370106
-0.0467988
-0.047315
-0.0432409
-0.0403697
-0.0400715
-0.0444629
-0.0399962
-0.0407878
-0.044059
-0.0456516
-0.0396138
-0.042169
-0.0428274
-0.0447171
-0.0434189
-0.0454361
-0.0372721
-0.0410343
-0.0406774
-0.0394481
-0.0366238
-0.0481652
-0.0438381
-0.0440715
-0.04378
-0.0439369
-0.0433971
-0.0445426
-0.0405178
-0.0423849
-0.0442795
-0.0437391
-0.0457522
-0.040655
-0.0432473
-0.0461509
-0.0442973
-0.0433268
-0.0389167
-0.0443212
-0.0443625
-0.044423
-0.0474108
-0.0437308
-0.0416364
-0.0418438
-0.0419072
-0.0440946
-0.0443214
-0.0426847
-0.0437695
-0.044323
-0.0422234
-0.0437005
-0.0426152
-0.0439172
-0.0438187
-0.044466
-0.0437817
-0.0432784
-0.0435997
-0.0438472
-0.0436464
-0.0434378
-0.0436517
-0.0421319
-0.0436882
-0.043147
-0.0439991
-0.0435315
-0.0435699
-0.0440865
-0.0423882
-0.0436523
-0.0437766
-0.0439179
-0.0440469
-0.043918
-0.0427826
-0.0379371
-0.0437363
-0.0445484
-0.0440657
-0.0436938
-0.0454622
-0.0426412
-0.0480159
-0.034246
-0.0434187
-0.0451558
-0.0435847
-0.0444124
-0.0423033
-0.0428871
-0.0445505
-0.0435247
-0.0431447
-0.0442556
-0.0357379
-0.043886
-0.0476255
-0.0415154
-0.0443266
-0.0423935
-0.0483021
-0.045509
-0.0352282
-0.0461004
-0.0432974
-0.0456165
-0.0430826
-0.0352761
-0.0464347
-0.0452076
-0.045427
-0.0360907
-0.0350707
-0.043239
-0.0416357
-0.046543
-0.0431508
-0.0462107
-0.0414876
-0.0430843
-0.0434149
-0.0469913
-0.0442677
-0.0432199
-0.0433491
-0.0440063
-0.0429006
-0.0449907
-0.0421617
-0.046526
-0.0434749
-0.0418381
-0.0417487
-0.0424428
-0.0434074
-0.0438917
-0.0413377
-0.0435525
-0.0448082
-0.0418591
-0.0436139
-0.0449909
-0.0435706
-0.0440725
-0.0417498
-0.0420295
-0.0385756
-0.0420878
-0.0398921
-0.0399064
-0.0424386
-0.0400536
-0.0412897
-0.0407494
-0.0435044
-0.043431
-0.0433843
-0.0422462
-0.0426596
-0.0423693
-0.0429782
-0.0450971
-0.0468813
-0.0411024
-0.0363678
-0.0399672
-0.045637
-0.0440862
-0.0421096
-0.0366404
-0.0449004
-0.0398273
-0.043343
-0.0475884
-0.0427462
-0.0424644
-0.0434558
-0.0375681
-0.0435049
-0.0424796
-0.0397593
-0.0457977
-0.0412716
-0.0402101
-0.0419888
-0.0489015
-0.0428575
-0.0396315
-0.039713
-0.0366152
-0.0417208
-0.0428271
-0.0422023
-0.0411188
-0.0433632
-0.0402766
-0.041545
-0.041954
-0.041472
-0.0414706
-0.0413184
-0.0422592
-0.0440172
-0.0436479
-0.0434065
-0.0434577
-0.0433429
-0.0416033
-0.0438801
-0.0438848
-0.0425719
-0.043688
-0.0440461
-0.0437365
-0.0414707
-0.043539
-0.0405117
-0.0364247
-0.0401788
-0.04045
-0.0456154
-0.0398502
-0.0371299
-0.0404846
-0.0379066
-0.0374759
-0.0382556
-0.0390954
-0.0384955
-0.0475342
-0.0397202
-0.043824
-0.0438454
-0.0429286
-0.042288
-0.0426649
-0.0419501
-0.0430716
-0.0421077
-0.0431537
-0.0444036
-0.0443911
-0.0445891
-0.0437634
-0.0396944
-0.0435368
-0.0427024
-0.0437157
-0.0439012
-0.0438283
-0.043847
-0.0435711
-0.0442794
-0.0399072
-0.0432782
-0.0450512
-0.0430797
-0.0447136
-0.0403549
-0.0440469
-0.0439787
-0.039095
-0.0398222
-0.0446831
-0.0434205
-0.0422681
-0.0417774
-0.0438364
-0.0436564
-0.0431565
-0.0422526
-0.0434619
-0.0428968
-0.0427398
-0.0426412
-0.0436937
-0.0452397
-0.0377152
-0.0447606
-0.0441582
-0.0452008
-0.0387359
-0.042883
-0.0443942
-0.0433539
-0.0443917
-0.0429496
-0.0437553
-0.0442127
-0.0432029
-0.0434781
-0.0431758
-0.0453984
-0.0445568
-0.0430312
-0.0435902
-0.0437765
-0.0434154
-0.0437131
-0.0428012
-0.0436298
-0.0438042
-0.0437079
-0.0395674
-0.043366
-0.0430739
-0.0447284
-0.0429068
-0.0429115
-0.0442588
-0.0397258
-0.0431225
-0.0428598
-0.0422035
-0.0441723
-0.0436337
-0.0438209
-0.0424612
-0.0433314
-0.0425296
-0.0435762
-0.0438459
-0.043294
-0.0422409
-0.0423189
-0.0432204
-0.0437092
-0.0424847
-0.043752
-0.0433822
-0.0438206
-0.0426234
-0.0439731
-0.0405634
-0.0475
-0.0389507
-0.0449255
-0.0467215
-0.0391565
-0.0401868
-0.0395633
-0.0414482
-0.0449985
-0.0426992
-0.0429613
-0.0425288
-0.0410654
-0.0423713
-0.0415002
-0.0434607
-0.0437273
-0.0423361
-0.0432514
-0.0436912
-0.0434673
-0.0423493
-0.0428976
-0.0422173
-0.0425203
-0.0430514
-0.0437245
-0.0425842
-0.0434345
-0.0432941
-0.0437182
-0.0444892
-0.0426841
-0.0400827
-0.0472133
-0.0423114
-0.0455199
-0.0446567
-0.0426994
-0.0412827
-0.0438674
-0.0411195
-0.0464122
-0.0422178
-0.0463656
-0.0401784
-0.0413212
-0.0444994
-0.0439559
-0.0463568
-0.0439431
-0.0434053
-0.0439668
-0.043214
-0.0429581
-0.0416974
-0.0470056
-0.0458632
-0.0415609
-0.0426805
-0.0429095
-0.0457475
-0.0463009
-0.0433131
-0.041149
-0.0431974
-0.0455818
-0.0389648
-0.0465263
-0.0430784
-0.0420192
-0.0421595
-0.0436621
-0.0435974
-0.045764
-0.0440037
-0.0437346
-0.0404495
-0.0466533
-0.042485
-0.0413029
-0.039605
-0.0388108
-0.0425396
-0.045724
-0.0448056
-0.0446229
-0.0446288
-0.0391943
-0.0439452
-0.0441242
-0.0421359
-0.0416617
-0.0428516
-0.0423656
-0.0414569
-0.0423556
-0.0438203
-0.042042
-0.0441421
-0.0428706
-0.0422489
-0.041663
-0.0414873
-0.0423327
-0.0476098
-0.0363303
-0.0476532
-0.042293
-0.0437086
-0.0457426
-0.043652
-0.0405637
-0.0439973
-0.0437439
-0.0467195
-0.0422891
-0.0413136
-0.0395004
-0.0412949
-0.0431887
-0.0457356
-0.0388568
-0.0465386
-0.0431719
-0.0418604
-0.0445591
-0.0391842
-0.0389729
-0.0458826
-0.042636
-0.0447526
-0.0449313
-0.0409811
-0.0444878
-0.0427866
-0.0426127
-0.0405458
-0.0444526
-0.0436644
-0.0436275
-0.0450927
-0.0437844
-0.0436769
-0.0435958
-0.0436354
-0.0439026
-0.0425364
-0.0437813
-0.0437572
-0.0436062
-0.0439986
-0.0435648
-0.0437443
-0.0419005
-0.043407
-0.0420301
-0.0418394
-0.0427942
-0.0428336
-0.0423104
-0.0411812
-0.0434426
-0.0439232
-0.0433752
-0.0438113
-0.0427846
-0.0438199
-0.043365
-0.0437966
-0.0445048
-0.0399345
-0.0441575
-0.0431745
-0.0431877
-0.0441168
-0.0441439
-0.0425733
-0.0437499
-0.0431208
-0.0426301
-0.0442351
-0.0443818
-0.0439937
-0.0435505
-0.0431382
-0.0440314
-0.0437211
-0.0444158
-0.0408393
-0.0438531
-0.0426349
-0.0424452
-0.0433439
-0.0429169
-0.0436149
-0.0437968
-0.0437255
-0.0438645
-0.0429916
-0.0430188
-0.0435631
-0.0438006
-0.0436621
-0.0427897
-0.0429059
-0.0438752
-0.0433659
-0.0429884
-0.0427152
-0.0406595
-0.044073
-0.0459878
-0.0436688
-0.0421142
-0.0445012
-0.0435547
-0.0443471
-0.0451573
-0.042057
-0.0465632
-0.0416731
-0.0437842
-0.0442251
-0.0415727
-0.0423555
-0.0430233
-0.0435113
-0.0434375
-0.0440396
-0.0438901
-0.0436354
-0.0430846
-0.0435535
-0.0435868
-0.043838
-0.0436797
-0.0434632
-0.0436795
-0.0436265
-0.0439684
-0.0433602
-0.0411894
-0.0433187
-0.0439457
-0.0435585
-0.0434558
-0.0432708
-0.0427932
-0.0433812
-0.0435404
-0.0445429
-0.0426798
-0.0439691
-0.0435197
-0.044436
-0.0437731
-0.0433758
-0.0431974
-0.0444533
-0.0440841
-0.0442213
-0.0432805
-0.0435159
-0.0434891
-0.0443882
-0.0446235
-0.0436464
-0.0437543
-0.0435035
-0.0425572
-0.0439199
-0.0435929
-0.0433278
-0.0437962
-0.0437299
-0.044314
-0.0435986
-0.043766
-0.0437364
-0.0438128
-0.0437321
-0.0432453
-0.0438937
-0.0433144
-0.0438585
-0.0428994
-0.043874
-0.0436696
-0.043024
-0.0436787
-0.0425401
-0.043708
-0.0436726
-0.043994
-0.0436169
-0.0437429
-0.0436031
-0.043752
-0.0435252
-0.0441758
-0.0416828
-0.0439862
-0.0441184
-0.0430462
-0.0441125
-0.0432019
-0.0437164
-0.0432038
-0.043662
-0.0439054
-0.0438517
-0.0436831
-0.0436587
-0.0435137
-0.0437309
-0.0436529
-0.0438306
-0.0433802
-0.0436627
-0.0436396
-0.0434113
-0.0433519
-0.0437651
-0.044036
-0.0432995
-0.0443361
-0.0436586
-0.0436132
-0.0437176
-0.0438154
-0.0437803
-0.0438745
-0.0422454
-0.0443498
-0.0438318
-0.0435359
-0.0436043
-0.0436969
-0.0438052
-0.0438399
-0.0434332
-0.0437683
-0.0440275
-0.0435506
-0.0441818
-0.0435342
-0.0434676
-0.0439402
-0.0423381
-0.0447608
-0.0432256
-0.0445702
-0.0447613
-0.0419973
-0.0429781
-0.0419666
-0.0436094
-0.0425407
-0.0426132
-0.0435777
-0.0428291
-0.0440226
-0.0435837
-0.0435299
-0.0435661
-0.043395
-0.0436075
-0.0428696
-0.0423943
-0.0459549
-0.0432165
-0.0450676
-0.0447854
-0.0435923
-0.0430322
-0.0437413
-0.0440132
-0.0441484
-0.0436817
-0.0432818
-0.0446182
-0.0431982
-0.0441128
-0.0436142
-0.0433353
-0.0434901
-0.0436945
-0.0428092
-0.0434559
-0.0433963
-0.043246
-0.0437413
-0.0423086
-0.0436208
-0.0437991
-0.0436669
-0.0436837
-0.0438077
-0.0439161
-0.0435681
-0.0444794
-0.0441081
-0.0438633
-0.043639
-0.043639
-0.0435265
-0.0439721
-0.0435541
-0.0438147
-0.0436253
-0.0437918
-0.0437647
-0.0440736
-0.0438123
-0.0436089
-0.0436577
-0.0429935
-0.0433958
-0.0437816
-0.0430785
-0.043498
-0.0440256
-0.0433564
-0.0443231
-0.0422406
-0.0435926
-0.043686
-0.0437274
-0.0436088
-0.043614
-0.0434309
-0.0442791
-0.0432899
-0.0438371
-0.0438798
-0.0437088
-0.0416584
-0.0437953
-0.0427225
-0.043662
-0.0436806
-0.0436749
-0.0436147
-0.0445365
-0.0435541
-0.0436832
-0.0426939
-0.0406375
-0.0459463
-0.0442201
-0.0419829
-0.0436311
-0.0446003
-0.0436508
-0.0443929
-0.0452222
-0.0422861
-0.0416923
-0.046447
-0.0439093
-0.0443324
-0.041697
-0.0435454
-0.0423422
-0.0430736
-0.0435476
-0.0438845
-0.0438823
-0.0436459
-0.0429539
-0.043712
-0.043534
-0.0427969
-0.0445974
-0.040738
-0.0438551
-0.0452892
-0.0438597
-0.0439009
-0.0437879
-0.0442058
-0.0437429
-0.0438752
-0.042036
-0.0435977
-0.0439426
-0.0437339
-0.0437378
-0.0437425
-0.0439648
-0.0439105
-0.0426684
-0.0429674
-0.0423999
-0.0412485
-0.0422393
-0.041902
-0.0430019
-0.0424118
-0.0425904
-0.0432208
-0.0427285
-0.0435359
-0.0435663
-0.0436757
-0.0428168
-0.0428865
-0.0437082
-0.0428012
-0.0437315
-0.0428514
-0.0432169
-0.0434557
-0.0436914
-0.0426619
-0.0435157
-0.0409615
-0.0444419
-0.0428082
-0.0438712
-0.0438153
-0.0436375
-0.0437516
-0.0435137
-0.0440196
-0.04369
-0.0435181
-0.0440642
-0.043969
-0.0433731
-0.044126
-0.0427937
-0.0434681
-0.0437301
-0.0444591
-0.039905
-0.0440632
-0.0430907
-0.0430868
-0.0440351
-0.0440662
-0.042537
-0.0427664
-0.0430519
-0.0436844
-0.044146
-0.0444068
-0.0438797
-0.0435862
-0.0430795
-0.0440043
-0.0437003
-0.0438251
-0.0429043
-0.0437524
-0.0426
-0.0423817
-0.0419604
-0.0429053
-0.0419862
-0.0426008
-0.0436779
-0.0437378
-0.0438227
-0.0442759
-0.0435078
-0.0437461
-0.0396699
-0.0431589
-0.0428916
-0.0448513
-0.0429054
-0.04427
-0.0441507
-0.0444042
-0.0394531
-0.04356
-0.0433335
-0.0397779
-0.044618
-0.0444778
-0.0438703
-0.0402605
-0.0389021
-0.0437613
-0.0384914
-0.0472832
-0.0395208
-0.0452684
-0.0457472
-0.0465618
-0.0331582
-0.0338918
-0.0450742
-0.0340307
-0.042695
-0.0417512
-0.0329181
-0.0439486
-0.0323243
-0.0415024
-0.0407736
-0.0480899
-0.0342252
-0.0468138
-0.043591
-0.0466696
-0.0411332
-0.0449462
-0.0486835
-0.0323447
-0.048423
-0.0435162
-0.0466342
-0.0409018
-0.0462366
-0.0438745
-0.0423351
-0.0477733
-0.0363185
-0.0342029
-0.0482068
-0.0483337
-0.04508
-0.0365537
-0.0466557
-0.0472573
-0.0454942
-0.0412051
-0.0487998
-0.0365067
-0.0357866
-0.0469296
-0.045346
-0.044878
-0.0356038
-0.0462277
-0.0470181
-0.0424877
-0.0469905
-0.0463582
-0.0471548
-0.037221
-0.0361379
-0.0421516
-0.0479994
-0.0483998
-0.0382376
-0.0375164
-0.045179
-0.0433544
-0.0418071
-0.0416538
-0.042406
-0.0433532
-0.0437817
-0.041296
-0.0434806
-0.0449087
-0.0418333
-0.0435065
-0.0450268
-0.0439749
-0.0434844
-0.0426946
-0.0343221
-0.0480717
-0.0434155
-0.0451458
-0.0444872
-0.0436971
-0.0429392
-0.0424166
-0.0446326
-0.0443783
-0.0423093
-0.0483123
-0.0455826
-0.046095
-0.0353467
-0.0432785
-0.0435343
-0.043119
-0.0357386
-0.0441801
-0.0415325
-0.0475703
-0.043899
-0.0368723
-0.04661
-0.0365412
-0.0461043
-0.0423418
-0.0391786
-0.036713
-0.0406923
-0.0439222
-0.0394818
-0.0454663
-0.0445056
-0.0427128
-0.0421653
-0.0433278
-0.0453644
-0.037125
-0.0405374
-0.0410331
-0.0472038
-0.0430788
-0.0402279
-0.0400041
-0.0443126
-0.0399509
-0.0393786
-0.0481579
-0.0365358
-0.0437552
-0.0440221
-0.0438349
-0.0436964
-0.0404294
-0.0432606
-0.0444561
-0.0442056
-0.0433035
-0.0388359
-0.0441288
-0.0473195
-0.0443036
-0.0443813
-0.0422832
-0.0443634
-0.0457225
-0.0436552
-0.0460843
-0.0431523
-0.0405618
-0.03774
-0.0470168
-0.0449244
-0.0399702
-0.0475202
-0.036887
-0.0447273
-0.0450207
-0.0421687
-0.0431468
-0.0454541
-0.0371476
-0.0398266
-0.0467908
-0.0391353
-0.0446285
-0.0384371
-0.0421315
-0.0455304
-0.0393805
-0.0473011
-0.0402653
-0.0448111
-0.0420002
-0.0376126
-0.0455553
-0.0380174
-0.0399399
-0.0453426
-0.0402715
-0.035561
-0.0472339
-0.0447283
-0.0350496
-0.0448098
-0.0398963
-0.0465946
-0.036006
-0.045788
-0.0355399
-0.0356436
-0.0393417
-0.044838
-0.0448801
-0.0435105
-0.0402647
-0.0401477
-0.0442226
-0.0441262
-0.0427944
-0.0444638
-0.045472
-0.0411782
-0.0444671
-0.0467469
-0.0367971
-0.0371435
-0.0406333
-0.0428624
-0.0330892
-0.0350167
-0.0405205
-0.0407464
-0.0385232
-0.0387029
-0.0379241
-0.0381556
-0.0384927
-0.0378456
-0.0431105
-0.0325753
-0.0430885
-0.036074
-0.0430568
-0.0438096
-0.0426544
-0.0403239
-0.0429134
-0.0399511
-0.0467027
-0.0429259
-0.0435213
-0.0322554
-0.0415216
-0.0449695
-0.0373906
-0.0404402
-0.0365769
-0.0463668
-0.029765
-0.032585
-0.0422501
-0.0436868
-0.0377094
-0.0415625
-0.0366183
-0.0302515
-0.0437786
-0.0378953
-0.0408262
-0.0405837
-0.0410948
-0.0405048
-0.0375967
-0.043405
-0.0435901
-0.041491
-0.0442657
-0.045594
-0.0405949
-0.0437695
-0.0440785
-0.0342392
-0.0450602
-0.0447784
-0.0444218
-0.0407299
-0.0439718
-0.044409
-0.0435254
-0.0435913
-0.0454325
-0.0435473
-0.0318588
-0.0456542
-0.039543
-0.0489108
-0.0442371
-0.0421886
-0.0436604
-0.0407186
-0.0428949
-0.0437408
-0.0336205
-0.0435509
-0.0395761
-0.0430803
-0.035827
-0.0399399
-0.0383546
-0.0442546
-0.0375086
-0.0459695
-0.0443632
-0.0390028
-0.0394327
-0.044385
-0.0346354
-0.0459482
-0.0442943
-0.0417343
-0.0451682
-0.0351518
-0.0465067
-0.0394169
-0.0356128
-0.0469291
-0.0365436
-0.0400184
-0.0460232
-0.0445861
-0.0358183
-0.0436861
-0.0364186
-0.0396368
-0.0398424
-0.0437562
-0.0429309
-0.0433544
-0.0432947
-0.043937
-0.0448608
-0.0435249
-0.0396575
-0.0435611
-0.0359029
-0.0437767
-0.0428551
-0.0411568
-0.0462688
-0.0435041
-0.0435974
-0.0432769
-0.0438007
-0.0427225
-0.0448086
-0.0491312
-0.0424308
-0.0402118
-0.0467774
-0.0428392
-0.0462931
-0.0418489
-0.0340261
-0.0409255
-0.0399797
-0.0439909
-0.0458182
-0.0402769
-0.0405624
-0.0435307
-0.0371175
-0.044716
-0.0346936
-0.0439641
-0.0378458
-0.03252
-0.0464833
-0.0340701
-0.043923
-0.0433648
-0.0451747
-0.0391357
-0.0435223
-0.04361
-0.0462222
-0.0409912
-0.044206
-0.0417834
-0.0438737
-0.0428046
-0.0314967
-0.0453429
-0.0297415
-0.0455534
-0.0406904
-0.0441018
-0.0431611
-0.040119
-0.0421299
-0.0473189
-0.0319382
-0.0305635
-0.0422714
-0.0382476
-0.0355831
-0.0364348
-0.0444698
-0.0396364
-0.0427568
-0.039974
-0.0442175
-0.0392311
-0.0447258
-0.0434389
-0.0372582
-0.0440125
-0.0408348
-0.0439378
-0.0407742
-0.043712
-0.043157
-0.0377796
-0.0441426
-0.0373802
-0.0350801
-0.0350803
-0.0387878
-0.0373559
-0.0406558
-0.0270629
-0.0311777
-0.0161214
-0.0440261
-0.0406636
-0.0437198
-0.0342706
-0.0442928
-0.0311798
-0.0438168
-0.0394514
-0.0335761
-0.023333
-0.0169887
-0.0314547
-0.0292481
-0.0378883
-0.0360073
-0.0367991
-0.0260265
-0.033015
-0.0288347
-0.0425844
-0.0389518
-0.0274516
-0.0412513
-0.0276759
-0.0438774
-0.0397078
-0.037115
-0.027916
-0.0373644
-0.0453136
-0.0293133
-0.0442177
-0.044512
-0.0404559
-0.0451341
-0.0446351
-0.0444288
-0.0399938
-0.0386053
-0.03569
-0.0450531
-0.0391202
-0.0429084
-0.0417555
-0.0399783
-0.036199
-0.03623
-0.038013
-0.0436164
-0.0405144
-0.0410491
-0.0451592
-0.0367488
-0.0444128
-0.0440221
-0.0312518
-0.0355517
-0.0303069
-0.0226495
-0.0197536
-0.0352724
-0.0393044
-0.0345346
-0.0199022
-0.0255711
-0.0199191
-0.0282792
-0.0255638
-0.0155895
-0.0344035
-0.0379197
-0.0316753
-0.0285794
-0.0452825
-0.0443668
-0.0409683
-0.0444687
-0.0444248
-0.0452594
-0.0426977
-0.0383312
-0.0348201
-0.0431753
-0.0308466
-0.034204
-0.0357627
-0.0395135
-0.0362127
-0.0247041
-0.0147385
-0.0292883
-0.0346143
-0.027009
-0.0300042
-0.0296143
-0.0387377
-0.0373594
-0.0360484
-0.0242415
-0.0375575
-0.0287805
-0.0242001
-0.0375041
-0.0334738
-0.0327276
-0.0390091
-0.017953
-0.0169394
-0.00704441
-0.0426835
-0.0400148
-0.043179
-0.0375185
-0.045945
-0.0400538
-0.0427549
-0.0462052
-0.046767
-0.0301355
-0.0429677
-0.0446495
-0.0389842
-0.0467505
-0.0386074
-0.0455125
-0.0437397
-0.0422451
-0.0318966
-0.0450872
-0.0464687
-0.0381677
-0.0434369
-0.0430239
-0.045546
-0.044266
-0.0263154
-0.0376426
-0.0285364
-0.0432705
-0.0406944
-0.040704
-0.0442534
-0.042147
-0.0441473
-0.0408725
-0.0312288
-0.0366382
-0.0354674
-0.0124517
-0.0278312
-0.0302707
-0.0356159
-0.0286659
-0.0180738
-0.0227463
-0.0335515
-0.0241873
-0.030889
-0.00739039
-0.0392515
-0.0322628
-0.0347345
-0.0183808
-0.035548
-0.0322441
-0.00840397
-0.0218112
-0.0236958
-0.032016
-0.0359407
-0.0342112
-0.0228702
-0.00933028
-0.0296331
-0.0224959
-0.0301889
-0.033017
0.00878
-0.00482853
0.000829832
-0.0185831
-0.00766746
-0.000577387
0.00346918
0.00597926
0.00545356
0.00035276
0.00312134
0.0043691
0.00519151
-0.018256
-0.010498
0.0053646
0.00562875
-0.0105247
0.00337404
-0.0302665
-0.021893
-0.0285053
-0.013281
-0.0275905
-0.0313385
-0.0208899
-0.0065741
-0.0251666
-0.000512413
-0.0273386
-0.00676145
-0.0270339
-0.00535253
-0.0106011
-0.0184549
-0.0331333
-0.0349192
-0.0208488
-0.015457
-0.0316824
-0.00133279
-0.00186346
0.00575376
-0.00467795
-0.0265728
-0.00993644
-0.0301212
-0.00866246
-0.0150901
-0.0282747
-0.0108651
-0.0313604
-0.0340858
-0.02156
-0.0216812
-0.0308572
-0.0148637
-0.00897913
0.00369378
-0.0217618
-0.0264321
0.000704705
-0.00405016
-0.0267764
0.00509801
0.00555386
0.00097666
0.00580741
0.00336721
0.00271225
-0.0173913
-0.0194685
-0.0289214
-0.0285781
-0.0293954
-0.0164103
-0.0198537
0.0075767
-0.0133285
-0.0228866
-0.000875535
-0.0279105
-0.00121923
-0.0278357
-0.0138347
-0.0179624
-0.0311102
-0.0197484
-0.0295856
-0.0171588
-0.0305182
-0.0192638
-0.017898
-0.017227
0.00894682
-0.0184132
0.0088265
-0.00112695
0.00333874
-0.00254866
0.00266989
-0.0222026
-0.0122833
-0.0169398
-0.0338565
-0.0240392
-0.0265248
-0.00992447
-0.0339359
-0.0260764
-0.0242211
0.00901292
-0.0156691
0.0101214
-0.0171681
-0.0130744
0.000384734
0.00680948
-0.0137303
-0.0139516
-0.00839049
0.00851751
-0.0118345
0.011895
-0.0221786
-0.00936342
-0.0082703
-0.0106061
-0.00750389
0.0134805
-0.0156323
-0.0217702
-0.00889681
-0.0255239
0.000385212
-0.0266955
-0.0180621
-0.0252505
-0.0287402
-0.0293704
-0.0290019
-0.0235707
-0.0270046
-0.0257699
0.00435666
0.0105237
0.0109993
-0.0173678
-0.0187323
-0.00111576
-0.0270323
-0.0110749
0.00198909
-0.0285796
-0.0227825
-0.0287163
-0.0301088
-0.0222689
-0.027347
-0.0189942
-0.0190183
-0.0156054
-0.0123197
-0.0238906
-0.025817
-0.0151722
-0.018382
-0.027153
0.0158871
0.0176571
0.00767784
-0.000363272
0.0138558
-0.00192652
-0.0224019
-0.0226515
-0.0315563
-0.0340669
-0.0315263
-0.0228346
-0.0227825
0.012407
-0.0133618
-0.0234771
-0.0170298
-0.0268837
-0.0171382
-0.0272397
-0.0122169
-0.0183431
-0.0285949
-0.0245085
-0.0342831
-0.0145636
-0.0308243
-0.0238697
-0.0302584
-0.0218888
-0.0132761
-0.0284977
-0.0208841
-0.0275816
-0.0313339
-0.00381296
-0.00148868
-0.0150749
-0.00126122
0.00163
-0.0104384
-0.00970313
-0.00530145
-0.00679911
-0.0146948
-0.0173918
-0.00820984
-0.0355398
-0.0322384
-0.00840542
-0.0218458
-0.0320032
-0.0237113
-0.0359362
-0.0342034
-0.0228651
-0.0296222
-0.00932939
-0.0301799
-0.0330067
-0.0224978
-0.0089841
-0.0217623
0.00368847
-0.0264364
0.000701039
-0.026778
-0.00405962
0.00509901
0.005555
-0.0173908
-0.0194668
-0.0289194
-0.02858
-0.0198541
-0.016409
-0.0293967
0.000968205
0.00579818
0.0027047
0.0033559
-0.0133275
-0.0228846
-0.000880082
-0.0279086
-0.00121812
-0.0138353
-0.0278347
0.00757006
-0.0179673
-0.0311169
-0.0295908
-0.0197574
-0.0192686
-0.0305226
-0.0171693
-0.00660181
-0.000522581
-0.0251852
-0.0273452
-0.00678097
-0.00536661
-0.0270558
-0.00134967
0.00574108
-0.0018886
-0.010638
-0.0185031
-0.0331575
-0.0349432
-0.0317059
-0.0155068
-0.0208906
-0.00471367
-0.0266027
-0.0100018
-0.0301571
-0.00869623
-0.0283008
-0.0151428
-0.0108938
-0.0313706
-0.0215756
-0.0341032
-0.0148789
-0.0308778
-0.0217097
0.00919894
-0.0156206
-0.0171706
0.0104297
-0.0130929
0.000630525
0.0067227
-0.0138549
-0.0140868
-0.00830951
0.00848402
-0.0118808
0.0120237
-0.0222829
-0.00943049
-0.00830769
-0.010628
0.013513
-0.00744769
-0.0318499
-0.027599
-0.023041
-0.0216447
-0.032864
-0.0307796
-0.018032
-0.0309741
-0.0206172
-0.0275429
-0.0178375
-0.0333083
-0.0274218
-0.015449
-0.0178055
0.00914965
-0.0172141
-0.0183583
0.00893287
-0.00116244
0.00334621
-0.00243212
0.00272338
-0.0222004
-0.0123217
-0.01692
-0.0154542
-0.0238602
-0.0120476
-0.0255378
-0.0149243
-0.0270217
-0.0181906
0.0153726
0.0171454
-0.0223362
-0.0227369
-0.0314276
-0.0335958
-0.0228396
-0.0312382
-0.0228305
0.0073788
-0.00046419
0.0136947
-0.00209003
-0.0131202
-0.0234449
-0.0170485
-0.0267665
-0.0121138
-0.0170114
-0.0269961
0.0119716
-0.0180617
-0.0282088
-0.0340183
-0.0243718
-0.0305769
-0.0143404
-0.0237272
-0.0155315
-0.00864823
-0.0217342
-0.025368
0.000496137
-0.0178634
-0.0266559
0.00449341
0.0107005
0.0110943
-0.0252665
-0.0288218
-0.0294667
-0.0290241
-0.027014
-0.023647
-0.0257849
-0.0173448
-0.0187325
-0.00116636
-0.0271065
0.00202156
-0.0285741
-0.0111301
-0.0227631
-0.0285278
-0.0221553
-0.0301005
-0.0189147
-0.0273288
-0.0190143
-0.0440566
-0.0407036
-0.034282
-0.0437639
-0.0311986
-0.0443341
-0.0438423
-0.0394567
-0.0335745
-0.0233642
-0.0170202
-0.0292632
-0.0314698
-0.0378739
-0.036043
-0.0368255
-0.0288839
-0.0260431
-0.0330487
-0.0425786
-0.0389766
-0.0274946
-0.0412327
-0.0277059
-0.0396935
-0.0438585
-0.0382832
-0.0356448
-0.0445065
-0.0364778
-0.0396698
-0.0427878
-0.0400107
-0.0442525
-0.0392768
-0.0447922
-0.0434788
-0.037294
-0.0440652
-0.040866
-0.0439422
-0.0437303
-0.0407885
-0.0431758
-0.0441584
-0.0377917
-0.037436
-0.035149
-0.0351165
-0.0388265
-0.0373661
-0.0406779
-0.0312454
-0.0355383
-0.0302932
-0.0226746
-0.0197891
-0.0353005
-0.039281
-0.025561
-0.0199424
-0.0345498
-0.0199385
-0.0283265
-0.0156606
-0.0255842
-0.0343795
-0.0379007
-0.0285653
-0.0316545
-0.045259
-0.040956
-0.0443984
-0.0444678
-0.0444281
-0.0426864
-0.0452771
-0.037143
-0.027929
-0.0373961
-0.0453337
-0.0442548
-0.0293378
-0.0445184
-0.0404845
-0.0446635
-0.0451485
-0.0444402
-0.0399978
-0.0386117
-0.0357075
-0.0391386
-0.0450604
-0.0429189
-0.0417703
-0.0399912
-0.0362519
-0.0380305
-0.0362074
-0.0436386
-0.0405314
-0.0451875
-0.0410674
-0.0444436
-0.0367666
-0.0440469
-0.0181091
-0.0170699
-0.00712252
-0.0414762
-0.0294788
-0.0445994
-0.028334
-0.0364951
-0.0379734
-0.038812
-0.0438881
-0.0373682
-0.0433103
-0.0428188
-0.0434731
-0.0418555
-0.0394578
-0.044681
-0.043659
-0.0396091
-0.043345
-0.0437775
-0.0451938
-0.03481
-0.030916
-0.041841
-0.0320493
-0.034058
-0.0426351
-0.0433055
-0.0407714
-0.0407109
-0.0442754
-0.0421875
-0.040921
-0.0441604
-0.0313741
-0.0367553
-0.0355901
-0.0125801
-0.0279397
-0.0304071
-0.0357708
-0.0181786
-0.0288181
-0.0228721
-0.0336861
-0.0243001
-0.00749076
-0.0310209
-0.0393291
-0.0323992
-0.0348419
-0.0185312
-0.0426844
-0.0431849
-0.0400363
-0.0375356
-0.0459373
-0.0427645
-0.0400658
-0.0461969
-0.0467528
-0.0301423
-0.0429533
-0.046754
-0.0389716
-0.0446423
-0.0385986
-0.0455035
-0.0437343
-0.0319228
-0.0422384
-0.0450905
-0.0464673
-0.0434418
-0.0381695
-0.0442721
-0.0455411
-0.0430206
-0.0264042
-0.0377446
-0.0286518
-0.0405205
-0.0385261
-0.0407457
-0.037919
-0.0381509
-0.0386914
-0.0384877
-0.0378344
-0.0360681
-0.0430526
-0.0426572
-0.0438077
-0.0399471
-0.0403198
-0.0429096
-0.0404272
-0.0365773
-0.046366
-0.0297544
-0.0466929
-0.0429293
-0.0435222
-0.0322414
-0.0415146
-0.0449699
-0.037384
-0.0366127
-0.0302434
-0.032573
-0.0422459
-0.0436831
-0.0376979
-0.0415583
-0.0431072
-0.0325662
-0.0430857
-0.0427936
-0.0283214
-0.0435497
-0.0303947
-0.0459076
-0.0460865
-0.0444315
-0.041019
-0.0432372
-0.0461141
-0.0413771
-0.0398989
-0.0447693
-0.0448284
-0.0436843
-0.0390059
-0.0436418
-0.0454572
-0.0418003
-0.029647
-0.0445987
-0.0423995
-0.042627
-0.0404168
-0.0461616
-0.044087
-0.0342458
-0.0450661
-0.0447923
-0.0444311
-0.0407362
-0.0439826
-0.0435289
-0.0436005
-0.0444227
-0.0422024
-0.0436741
-0.0407203
-0.0429025
-0.0336198
-0.0437522
-0.0435684
-0.0454487
-0.0435639
-0.0318625
-0.0456638
-0.0395546
-0.0442516
-0.0489188
-0.0446048
-0.0358118
-0.04371
-0.0364131
-0.043772
-0.0396511
-0.0398588
-0.0429617
-0.0433916
-0.0433104
-0.0439448
-0.0396665
-0.0448885
-0.0435543
-0.0383729
-0.0442771
-0.0396017
-0.0430936
-0.0358446
-0.0399626
-0.037523
-0.0460025
-0.0444023
-0.0394604
-0.03902
-0.034642
-0.0459876
-0.0444173
-0.0356132
-0.0469608
-0.036549
-0.040038
-0.0460536
-0.0443188
-0.0417567
-0.0451782
-0.0351705
-0.0465327
-0.0394458
-0.0435932
-0.0437937
-0.0359171
-0.0428881
-0.0411706
-0.0463009
-0.0435429
-0.0436316
-0.0433122
-0.0438417
-0.0463244
-0.0418844
-0.0340269
-0.0409337
-0.0400023
-0.0440264
-0.04583
-0.0427528
-0.0448393
-0.0491559
-0.0424461
-0.0468048
-0.042857
-0.040243
-0.0439336
-0.0433694
-0.0391277
-0.045178
-0.0436006
-0.0462213
-0.0435345
-0.0297178
-0.045549
-0.0440821
-0.0406826
-0.0409899
-0.0442224
-0.0417833
-0.0438518
-0.0453549
-0.0428209
-0.0314707
-0.0305501
-0.0422581
-0.0431446
-0.0401196
-0.0421524
-0.0319151
-0.0473349
-0.0325114
-0.0464892
-0.0340592
-0.0465598
-0.0331507
-0.0329237
-0.0439433
-0.0323335
-0.0415008
-0.040774
-0.0338916
-0.0450725
-0.0340418
-0.0417504
-0.042698
-0.048684
-0.0323488
-0.0484255
-0.0435146
-0.0466362
-0.0462431
-0.0408931
-0.0480902
-0.034206
-0.0468133
-0.0435941
-0.0449555
-0.0466626
-0.0411234
-0.0452704
-0.0455009
-0.0412098
-0.0487947
-0.0469307
-0.0358024
-0.0365094
-0.0453448
-0.0448862
-0.0462439
-0.0356102
-0.0470155
-0.0424813
-0.0463518
-0.046996
-0.0471438
-0.0361344
-0.0372246
-0.042139
-0.0483872
-0.0479872
-0.0375107
-0.0382264
-0.0451664
-0.0438661
-0.0423173
-0.0477639
-0.0362976
-0.0341807
-0.0481872
-0.0483259
-0.0450593
-0.0365289
-0.0466227
-0.047249
-0.0457037
-0.0353681
-0.0430889
-0.0465484
-0.0455726
-0.0362864
-0.0453015
-0.0414798
-0.043177
-0.0434287
-0.047185
-0.044223
-0.0434431
-0.0433627
-0.0351957
-0.0432116
-0.0416013
-0.0465365
-0.0432547
-0.0462646
-0.0439122
-0.0427834
-0.0451314
-0.046528
-0.0421673
-0.0433346
-0.0417837
-0.0416578
-0.0424066
-0.0437695
-0.0433805
-0.0412649
-0.0434856
-0.0449665
-0.0418891
-0.0434548
-0.0450946
-0.0433527
-0.0439137
-0.0427349
-0.0480978
-0.0343229
-0.0434252
-0.0451466
-0.0444752
-0.0437343
-0.0447158
-0.0424099
-0.0429565
-0.0435494
-0.043088
-0.0356761
-0.0441793
-0.0475736
-0.0414538
-0.043898
-0.0444272
-0.0422041
-0.048287
-0.0455371
-0.0460736
-0.0433232
-0.035316
-0.0436203
-0.0415556
-0.0417016
-0.0418636
-0.0426101
-0.0439606
-0.0441857
-0.0437011
-0.0442065
-0.0421319
-0.0436227
-0.0437366
-0.0425924
-0.0437545
-0.0365555
-0.0460971
-0.0423373
-0.0391743
-0.0368822
-0.0466163
-0.0366934
-0.0406984
-0.0439268
-0.0454664
-0.039487
-0.042713
-0.0421569
-0.0445068
-0.0472007
-0.043067
-0.0402328
-0.03997
-0.0443012
-0.0399238
-0.0433435
-0.0453305
-0.0371334
-0.040543
-0.041011
-0.0393814
-0.0481447
-0.0365198
-0.0438151
-0.0440407
-0.0438689
-0.0437339
-0.0432985
-0.0404516
-0.0444957
-0.0423198
-0.0442974
-0.0456954
-0.0436336
-0.0460304
-0.0431361
-0.0405459
-0.0442543
-0.0432127
-0.0388179
-0.0441899
-0.0442835
-0.044378
-0.0473789
-0.0380293
-0.0353339
-0.0457734
-0.0356681
-0.0355529
-0.0393401
-0.0448794
-0.0448215
-0.0434818
-0.0401686
-0.0402807
-0.0427883
-0.0441043
-0.0441976
-0.044468
-0.045491
-0.041194
-0.0467551
-0.0444715
-0.0368015
-0.0371544
-0.0406571
-0.0331118
-0.0428823
-0.0350419
-0.0399644
-0.0453124
-0.0403004
-0.0471823
-0.0447004
-0.035605
-0.03506
-0.0447712
-0.0398806
-0.0465684
-0.0360453
-0.0438482
-0.044089
-0.0420584
-0.0422769
-0.0416353
-0.0428574
-0.0414008
-0.0422789
-0.047617
-0.0363535
-0.0476581
-0.0422901
-0.0436938
-0.0435657
-0.0457472
-0.0436992
-0.0405314
-0.0440122
-0.0412935
-0.0431886
-0.0457806
-0.0388641
-0.0431934
-0.0465534
-0.0418684
-0.046722
-0.0423479
-0.0413472
-0.0395365
-0.0389693
-0.0458118
-0.0427046
-0.0449425
-0.04473
-0.0445784
-0.039244
-0.0434332
-0.0439421
-0.0438278
-0.0433553
-0.0438373
-0.042828
-0.0433846
-0.0438258
-0.0445376
-0.0399803
-0.0441828
-0.044155
-0.043209
-0.0432769
-0.044187
-0.042628
-0.0426718
-0.0438007
-0.0431985
-0.044443
-0.0444646
-0.0440328
-0.0435878
-0.0438022
-0.0432853
-0.0441125
-0.0409822
-0.0445567
-0.0427998
-0.0426982
-0.0440498
-0.040653
-0.0459957
-0.0436515
-0.044502
-0.0421382
-0.0434591
-0.044413
-0.0451499
-0.0420922
-0.0438415
-0.0466096
-0.0416715
-0.0441968
-0.0415696
-0.0429993
-0.0423913
-0.0435368
-0.0433991
-0.0440832
-0.0437298
-0.0439064
-0.0436321
-0.0435684
-0.0431209
-0.0438161
-0.0435272
-0.043634
-0.0436446
-0.0436208
-0.0433558
-0.0439469
-0.0444037
-0.0408661
-0.0438844
-0.0426285
-0.0424234
-0.0433294
-0.0429094
-0.0436031
-0.0437848
-0.0437136
-0.0438618
-0.0429821
-0.0430119
-0.0435989
-0.0438006
-0.043672
-0.0427834
-0.0428929
-0.0438609
-0.0433528
-0.0429736
-0.0437415
-0.0443718
-0.0438231
-0.0436362
-0.0437872
-0.0437923
-0.0438311
-0.0430677
-0.0440558
-0.043498
-0.0435761
-0.0418586
-0.0404018
-0.043328
-0.0430592
-0.0440249
-0.043326
-0.0428946
-0.0436393
-0.0411805
-0.0433227
-0.0435509
-0.0439347
-0.0434584
-0.0432603
-0.0427986
-0.0433681
-0.0435186
-0.0445936
-0.042707
-0.0439874
-0.0435027
-0.0444247
-0.0437555
-0.0433617
-0.0444371
-0.0440698
-0.0431825
-0.0432259
-0.0432997
-0.0438768
-0.043844
-0.0428844
-0.0436539
-0.0438535
-0.0436908
-0.0436584
-0.0439755
-0.0436003
-0.0435892
-0.0437311
-0.0437265
-0.0430096
-0.0425266
-0.0436548
-0.0435105
-0.0441623
-0.0416669
-0.0439755
-0.0430355
-0.0441011
-0.044099
-0.0431799
-0.0437021
-0.0436381
-0.0431777
-0.0436574
-0.0438307
-0.0438821
-0.0436482
-0.0437217
-0.0435008
-0.0436367
-0.0438225
-0.0436507
-0.0433622
-0.0436294
-0.0434025
-0.0443283
-0.0436376
-0.0436029
-0.04371
-0.043806
-0.0437595
-0.0438735
-0.0433426
-0.0437482
-0.0440095
-0.0432831
-0.0443373
-0.0438217
-0.043525
-0.0435929
-0.0436861
-0.0437953
-0.0438259
-0.0422333
-0.043415
-0.0437522
-0.0435368
-0.0440163
-0.0435218
-0.044161
-0.0434395
-0.0435823
-0.0428905
-0.0424468
-0.045913
-0.0447928
-0.0432783
-0.0450714
-0.043501
-0.0430467
-0.0440881
-0.0438113
-0.0432078
-0.0443581
-0.0436821
-0.0448248
-0.0433686
-0.0434802
-0.0423207
-0.0447734
-0.0431771
-0.0429233
-0.0434054
-0.0429731
-0.0419
-0.0427941
-0.0422659
-0.0421666
-0.0432392
-0.0439535
-0.0431985
-0.0441984
-0.0431853
-0.0425517
-0.0438833
-0.0447081
-0.0423061
-0.0431433
-0.0445343
-0.0447485
-0.0419701
-0.0429474
-0.0419389
-0.0435871
-0.0425353
-0.0425445
-0.0446136
-0.0441073
-0.0431908
-0.0436084
-0.0433301
-0.0436877
-0.0434819
-0.042806
-0.0434532
-0.0436138
-0.0437942
-0.0436566
-0.0436773
-0.043909
-0.0435615
-0.0437992
-0.0433926
-0.0432451
-0.0423061
-0.0437412
-0.044103
-0.0438581
-0.0436333
-0.0436316
-0.0439658
-0.0435224
-0.0435493
-0.0444714
-0.0438096
-0.0436172
-0.0437575
-0.0437891
-0.0436007
-0.0438074
-0.0440677
-0.0436507
-0.043395
-0.0429871
-0.0437817
-0.0430738
-0.0440235
-0.0434916
-0.043583
-0.043674
-0.0437205
-0.0436001
-0.0436072
-0.043422
-0.0442697
-0.0433545
-0.0443235
-0.0422321
-0.0432811
-0.0438411
-0.0438693
-0.0437021
-0.0416568
-0.0437916
-0.0427145
-0.043654
-0.0436746
-0.0436086
-0.0436757
-0.0435473
-0.0445345
-0.0436767
-0.0428191
-0.0446379
-0.0438625
-0.0407474
-0.0453031
-0.0438733
-0.0439037
-0.0438058
-0.0442026
-0.0437509
-0.0438877
-0.0435856
-0.0420365
-0.0439602
-0.0437477
-0.0437607
-0.0437467
-0.0439803
-0.0426719
-0.0439232
-0.0429733
-0.0423984
-0.0412344
-0.0422548
-0.0419193
-0.0430246
-0.044384
-0.040844
-0.0438211
-0.0439174
-0.043633
-0.0437442
-0.0437242
-0.0434584
-0.0437012
-0.0440186
-0.0435048
-0.043974
-0.0440707
-0.0433858
-0.0440999
-0.0434923
-0.0428472
-0.0437586
-0.0444864
-0.0399423
-0.0440777
-0.0431591
-0.0431328
-0.044063
-0.0440921
-0.0425557
-0.0427775
-0.0431095
-0.0437231
-0.0444175
-0.044453
-0.0435435
-0.0438955
-0.0440974
-0.0432128
-0.0437369
-0.0423985
-0.042604
-0.0432476
-0.0427217
-0.0435214
-0.0435558
-0.0436596
-0.0428765
-0.0437088
-0.042801
-0.0428037
-0.0437225
-0.0428417
-0.0432257
-0.0434688
-0.0436723
-0.043528
-0.0426422
-0.0409805
-0.0444777
-0.0428085
-0.0426154
-0.0436848
-0.0438496
-0.0437214
-0.0435151
-0.0437889
-0.0442672
-0.0429269
-0.0442861
-0.0442087
-0.0444228
-0.0433373
-0.0435981
-0.0394783
-0.0396952
-0.0431855
-0.0448891
-0.0429203
-0.0445088
-0.0438882
-0.0403118
-0.0389003
-0.0438134
-0.039775
-0.0446355
-0.0384792
-0.0473219
-0.0395617
-0.038839
-0.0466547
-0.0447444
-0.0390728
-0.0400959
-0.0406811
-0.0476404
-0.0395927
-0.0448875
-0.0415736
-0.0426082
-0.0428226
-0.0400091
-0.0470997
-0.0421032
-0.0419396
-0.0461331
-0.0399688
-0.0411182
-0.0443626
-0.045325
-0.0446379
-0.0410811
-0.0426332
-0.0461022
-0.0409099
-0.043775
-0.0415085
-0.0467866
-0.0454752
-0.0414354
-0.0426943
-0.042521
-0.0461305
-0.0455681
-0.0430779
-0.0438972
-0.0461368
-0.0440374
-0.0432644
-0.0429713
-0.0428695
-0.0438059
-0.0410355
-0.0419973
-0.0423747
-0.0438647
-0.0433161
-0.0429244
-0.0425645
-0.044482
-0.0425071
-0.0402632
-0.0417964
-0.0459668
-0.0426127
-0.0471629
-0.0411048
-0.0453327
-0.0427505
-0.041108
-0.0416104
-0.0425103
-0.0435549
-0.043722
-0.0433596
-0.0423327
-0.0424588
-0.043685
-0.043478
-0.0438321
-0.0426898
-0.0433723
-0.0434063
-0.0445616
-0.0428095
-0.0436595
-0.0431106
-0.0421497
-0.0426719
-0.0430222
-0.0436682
-0.0433709
-0.0431007
-0.0438368
-0.0431164
-0.0441401
-0.0435498
-0.0436631
-0.0436455
-0.0438467
-0.043726
-0.04435
-0.0434781
-0.0437136
-0.0432677
-0.0423155
-0.0441322
-0.0433774
-0.0439371
-0.044048
-0.0438179
-0.041794
-0.0428244
-0.0439332
-0.0435979
-0.04372
-0.0436479
-0.0435499
-0.0436678
-0.0435551
-0.0444235
-0.0434821
-0.0427044
-0.0456763
-0.0422157
-0.0450082
-0.0446351
-0.0431372
-0.0434435
-0.0429781
-0.0435044
-0.0439266
-0.0437327
-0.0440026
-0.0431057
-0.0448208
-0.0424447
-0.0435386
-0.04354
-0.0432424
-0.0448466
-0.0430594
-0.0434122
-0.0430979
-0.0421148
-0.0429113
-0.0424652
-0.0422579
-0.0432913
-0.0432688
-0.0439284
-0.0431757
-0.0427132
-0.0442065
-0.0445181
-0.0432778
-0.0435883
-0.0442105
-0.0434689
-0.0434499
-0.0436642
-0.0433175
-0.0431692
-0.0422967
-0.0436258
-0.0427736
-0.0434345
-0.0436075
-0.0437587
-0.043727
-0.0436787
-0.0435881
-0.04379
-0.0438791
-0.0443266
-0.0437068
-0.0436153
-0.0437066
-0.0437693
-0.0437626
-0.043593
-0.0439665
-0.0440855
-0.0439315
-0.0436973
-0.0436424
-0.0436747
-0.0435342
-0.0439476
-0.0435737
-0.042819
-0.0435001
-0.0440656
-0.0435172
-0.0433355
-0.0435778
-0.0435984
-0.0435568
-0.0434977
-0.0434853
-0.0438424
-0.0434773
-0.0438043
-0.0436809
-0.0436277
-0.0435197
-0.0438401
-0.0435939
-0.0436379
-0.0435705
-0.0435128
-0.0430132
-0.0437086
-0.0434244
-0.0435726
-0.0434312
-0.0434785
-0.0436512
-0.0435123
-0.0434587
-0.0436915
-0.0436017
-0.0432797
-0.0436298
-0.0438539
-0.0435905
-0.0433304
-0.0434714
-0.0436485
-0.0435995
-0.0436459
-0.0435796
-0.0436027
-0.0436099
-0.0436344
-0.0436477
-0.0436114
-0.0436314
-0.0436496
-0.0436809
-0.0436286
-0.0436437
-0.0436613
-0.0436241
-0.0436603
-0.0436025
-0.0436538
-0.0436007
-0.0436621
-0.0437448
-0.0436974
-0.0436346
-0.0438261
-0.0436594
-0.0433576
-0.0439245
-0.0437749
-0.0435603
-0.0435709
-0.0437398
-0.0437968
-0.0436552
-0.0436538
-0.0433429
-0.0435112
-0.0435633
-0.0436172
-0.04365
-0.0436276
-0.0436116
-0.0435167
-0.0434936
-0.0435168
-0.0435745
-0.0435535
-0.0434494
-0.0435559
-0.0435212
-0.0434464
-0.0435078
-0.0435591
-0.0435008
-0.0434645
-0.0435782
-0.0435535
-0.0435598
-0.043486
-0.0435584
-0.0436385
-0.0435046
-0.043657
-0.0437007
-0.0436018
-0.0436172
-0.0435241
-0.0438477
-0.0435175
-0.0437571
-0.0436875
-0.0435444
-0.0437978
-0.043658
-0.0436479
-0.0437341
-0.0435704
-0.0430549
-0.0436503
-0.0437006
-0.0438991
-0.0434293
-0.0430618
-0.0418284
-0.0434913
-0.0404531
-0.0433649
-0.0433722
-0.0429729
-0.0436609
-0.0430034
-0.043983
-0.0441628
-0.0432096
-0.0434139
-0.0436713
-0.0435623
-0.0445095
-0.04456
-0.0437351
-0.0433887
-0.0425765
-0.0438026
-0.0436195
-0.0437174
-0.0433212
-0.0434815
-0.0433295
-0.0435601
-0.0435994
-0.0433351
-0.0435539
-0.0435193
-0.0431984
-0.0436696
-0.0439274
-0.0432097
-0.043386
-0.043197
-0.0440357
-0.0434827
-0.0435219
-0.0435038
-0.0435724
-0.0436157
-0.0436989
-0.0420324
-0.0433386
-0.0436518
-0.0438813
-0.0434799
-0.0441511
-0.0435151
-0.0434533
-0.0441082
-0.0436293
-0.0433522
-0.043436
-0.0436205
-0.0434717
-0.0436343
-0.0411332
-0.0438024
-0.0431824
-0.0434563
-0.0431857
-0.0433123
-0.0426914
-0.0432997
-0.0433707
-0.0443321
-0.0425875
-0.0437998
-0.0433442
-0.0442443
-0.0432888
-0.0436781
-0.0439375
-0.0442844
-0.0431491
-0.043678
-0.0441906
-0.043704
-0.0435395
-0.0437149
-0.0437143
-0.0436683
-0.045156
-0.0385153
-0.0428532
-0.0434522
-0.0430907
-0.0454408
-0.0429683
-0.0445529
-0.0443524
-0.0432691
-0.0429092
-0.0443773
-0.0441287
-0.0430472
-0.0437433
-0.0435893
-0.039478
-0.043264
-0.0429476
-0.0429608
-0.0446464
-0.0396572
-0.0429788
-0.0442826
-0.0435498
-0.0435181
-0.0433559
-0.0435372
-0.043551
-0.0426948
-0.0436465
-0.0445998
-0.0392513
-0.0438598
-0.042678
-0.044021
-0.0428493
-0.0373589
-0.0457851
-0.0430573
-0.0439258
-0.0424922
-0.0419425
-0.0428649
-0.0426142
-0.0439387
-0.0420135
-0.0435358
-0.0438207
-0.0431638
-0.0423654
-0.0438315
-0.0423715
-0.0435213
-0.04359
-0.042345
-0.04365
-0.0432021
-0.0439195
-0.0437352
-0.0424541
-0.043042
-0.0420693
-0.042092
-0.0430032
-0.0433723
-0.0421109
-0.0415247
-0.0437611
-0.0435146
-0.0429081
-0.0425965
-0.0432681
-0.0421243
-0.0425846
-0.0424482
-0.0435459
-0.0450781
-0.0374978
-0.0439794
-0.0445546
-0.0486183
-0.0457425
-0.0438855
-0.0485627
-0.0399826
-0.0462502
-0.0422306
-0.04391
-0.0441791
-0.0366037
-0.042967
-0.0392865
-0.0404872
-0.0364598
-0.0375717
-0.0388172
-0.043757
-0.0440549
-0.043809
-0.0437988
-0.0436277
-0.0427088
-0.0462341
-0.0442568
-0.045077
-0.0431921
-0.0405824
-0.0448798
-0.0420143
-0.0443905
-0.0432061
-0.0354509
-0.0430678
-0.0406821
-0.0412908
-0.0360365
-0.0402545
-0.0404011
-0.043904
-0.0432533
-0.0422625
-0.0438514
-0.0418954
-0.0438918
-0.0437937
-0.0379853
-0.0420309
-0.0424373
-0.0441495
-0.0421468
-0.0422669
-0.0406006
-0.0441785
-0.0421067
-0.0368426
-0.0440361
-0.0373902
-0.0468682
-0.0424265
-0.0480339
-0.0450165
-0.0424233
-0.0416629
-0.0436027
-0.0437617
-0.0419495
-0.0403383
-0.0427764
-0.0420479
-0.0353063
-0.0434615
-0.0347418
-0.0416214
-0.0442752
-0.0429926
-0.0438494
-0.0418438
-0.0414069
-0.043486
-0.043557
-0.0411257
-0.0440837
-0.0424238
-0.0438154
-0.0436463
-0.0439173
-0.0439879
-0.0440724
-0.0445932
-0.0439791
-0.0436951
-0.0434867
-0.0438578
-0.0439397
-0.0436267
-0.0436322
-0.0420495
-0.043085
-0.0437612
-0.0434144
-0.0435738
-0.0440034
-0.0432162
-0.0446071
-0.0462105
-0.0454732
-0.0441583
-0.0451074
-0.0432961
-0.0376849
-0.0426828
-0.0444247
-0.0355338
-0.0398193
-0.0422854
-0.0457106
-0.0430727
-0.0407024
-0.0426964
-0.0452231
-0.0447442
-0.0397365
-0.0428855
-0.0431308
-0.0444734
-0.0433452
-0.0435384
-0.0439883
-0.0438282
-0.0440005
-0.0433274
-0.0407105
-0.0441595
-0.0413738
-0.0441226
-0.0434706
-0.044902
-0.0360369
-0.041046
-0.0373161
-0.0443734
-0.0416875
-0.0411849
-0.0435824
-0.0415695
-0.0438595
-0.0402338
-0.0458051
-0.0409488
-0.0424902
-0.0436745
-0.0422284
-0.0338379
-0.043824
-0.0348258
-0.0418617
-0.040621
-0.0407463
-0.0434408
-0.0436179
-0.0405031
-0.0346726
-0.041913
-0.0422269
-0.0391271
-0.0324012
-0.0336479
-0.0419336
-0.0403221
-0.0443341
-0.0387189
-0.0471663
-0.0407277
-0.0378032
-0.0403949
-0.0463828
-0.0415541
-0.0435697
-0.046191
-0.0432334
-0.0444543
-0.0406602
-0.0435684
-0.0375685
-0.0446378
-0.0285714
-0.0459663
-0.0398654
-0.0312191
-0.0404143
-0.0411662
-0.0448639
-0.0439869
-0.0437499
-0.0400636
-0.0447789
-0.0434634
-0.0440052
-0.0303715
-0.0447669
-0.0428387
-0.0405354
-0.0426772
-0.0440002
-0.0412174
-0.0413629
-0.039744
-0.0437797
-0.0439448
-0.0433845
-0.0427978
-0.0432873
-0.0408829
-0.0318079
-0.0454378
-0.044298
-0.0434281
-0.0408866
-0.0403001
-0.0423504
-0.0421433
-0.0303944
-0.0397965
-0.0382239
-0.0421168
-0.0435494
-0.0423001
-0.0360313
-0.0369775
-0.0435134
-0.0418325
-0.0422759
-0.0373175
-0.0433274
-0.0423059
-0.0419838
-0.038615
-0.0435516
-0.0431301
-0.0380512
-0.0398133
-0.0425603
-0.0432113
-0.0460949
-0.0424624
-0.043935
-0.0431212
-0.044097
-0.0441278
-0.0439478
-0.0404903
-0.0434909
-0.0458255
-0.0414714
-0.0453696
-0.0432445
-0.0439081
-0.0402303
-0.044161
-0.04348
-0.0434048
-0.0435573
-0.0429923
-0.0388919
-0.0315024
-0.0398038
-0.0456316
-0.0427936
-0.0389513
-0.0445912
-0.0456183
-0.0385203
-0.0439389
-0.0465321
-0.0387473
-0.0434363
-0.0465428
-0.0412345
-0.042063
-0.0300265
-0.0434983
-0.0403306
-0.0430232
-0.0435452
-0.0446254
-0.0431267
-0.0432493
-0.0396681
-0.0399898
-0.0392942
-0.046046
-0.042855
-0.0305763
-0.0455731
-0.03775
-0.039024
-0.038472
-0.0438369
-0.0435227
-0.0427635
-0.0395249
-0.0437424
-0.0419754
-0.0423442
-0.0397931
-0.0406073
-0.045512
-0.0330739
-0.0466617
-0.0432317
-0.0419577
-0.0408225
-0.0431935
-0.0364191
-0.041776
-0.0435488
-0.0420889
-0.0356132
-0.0356502
-0.0437265
-0.0416255
-0.0418852
-0.03539
-0.0438645
-0.042375
-0.0419177
-0.0357868
-0.0441123
-0.0423799
-0.0369253
-0.0367768
-0.0420909
-0.043044
-0.0448429
-0.044405
-0.0399671
-0.041104
-0.0435728
-0.0426489
-0.0429092
-0.0449291
-0.0397359
-0.0434192
-0.0408305
-0.0428843
-0.043541
-0.0332277
-0.0437176
-0.0334708
-0.0432879
-0.0395334
-0.0431593
-0.0336557
-0.0272689
-0.0214962
-0.0400747
-0.0390677
-0.0274571
-0.0239885
-0.0411509
-0.0219427
-0.00537738
-0.0192468
-0.0278526
-0.0377649
-0.0318607
-0.0418898
-0.0224434
-0.0297114
-0.0417746
-0.0271211
-0.0417508
-0.0379874
-0.0343551
-0.0267486
-0.041483
-0.0324222
-0.034528
-0.03721
-0.0329833
-0.0448883
-0.0423919
-0.0427163
-0.0374968
-0.0419287
-0.0419453
-0.0374453
-0.0361355
-0.0413172
-0.025131
-0.0427356
-0.0415152
-0.0375572
-0.0354421
-0.0398119
-0.0342182
-0.0433237
-0.042561
-0.0433122
-0.0413151
-0.043173
-0.0434683
-0.0435333
-0.0359354
-0.0357776
-0.0434806
-0.0442212
-0.0300972
-0.0388429
-0.0437797
-0.0264438
-0.0159222
-0.00910103
-0.0173307
-0.0146168
-0.024198
-0.0369253
-0.0353485
-0.0377637
-0.0411124
-0.0412422
-0.0357903
-0.038032
-0.0262518
-0.0368433
-0.040914
-0.0350615
-0.037684
-0.0297118
-0.0413901
-0.036147
-0.0333914
-0.0437564
-0.0354327
-0.0430959
-0.0349922
-0.0432062
-0.03532
-0.0354474
-0.0435744
-0.0363215
-0.039512
-0.0237177
-0.0287994
-0.0383014
-0.0404957
-0.0414936
-0.0406616
-0.0390279
-0.037213
-0.0317247
-0.0410356
-0.0369858
-0.0412025
-0.0313085
-0.0413417
-0.0324008
-0.0289273
-0.0298822
-0.0369175
-0.0336697
-0.0275819
-0.0359437
-0.0278307
-0.00807951
-0.0078256
-0.00878158
-0.0315738
-0.0440976
-0.0223112
-0.0415271
-0.029949
-0.0338295
-0.0427489
-0.0323833
-0.0375725
-0.0361879
-0.0330909
-0.0364851
-0.0284652
-0.0355396
-0.0435783
-0.0462394
-0.0438648
-0.0417042
-0.0437854
-0.0436423
-0.0439297
-0.0261829
-0.0428112
-0.0347626
-0.0419079
-0.0366318
-0.0350782
-0.0350349
-0.0419135
-0.0423125
-0.0425826
-0.0342467
-0.0395953
-0.0385353
-0.0458525
-0.0416128
-0.0385125
-0.0447432
-0.0395921
-0.0359227
-0.0294551
-0.0355416
-0.040816
-0.0449431
-0.0347992
-0.0331012
-0.0411505
-0.0166305
-0.0165269
-0.0186798
-0.016247
-0.0278655
-0.0260386
-0.0392711
-0.0353424
-0.0371285
-0.0404095
-0.0406447
-0.0361644
-0.0378286
-0.016411
-0.0331435
-0.0394909
-0.0382947
-0.0369573
-0.0364391
-0.0397463
-0.0361653
-0.0381097
-0.0447115
-0.0357776
-0.0424523
-0.0352927
-0.0427432
-0.0357432
-0.00432326
-0.000819321
-0.00604641
-0.00183714
-0.0133536
0.00898764
0.00748093
-0.0169966
-0.0134207
0.0084971
-0.0176845
-0.00998259
-0.0112787
0.00305196
-0.00750523
0.0124861
-0.0165355
-0.0116687
-0.0135442
-0.0120287
-0.0123725
-0.0162259
0.00122678
0.00100986
-0.0271535
-0.0197093
0.00924047
-0.0228701
-0.0146991
-0.0129416
0.00344146
-0.0106046
0.0115744
-0.0189393
-0.0253086
-0.00084261
0.00195661
-0.0216587
-0.000644585
-0.0215921
-0.0257785
-0.027105
-0.000744251
-0.000763125
-0.0283801
-0.000808885
-0.0257693
-0.0288449
-0.0240354
-0.0176656
0.0012267
0.0010893
-0.000370505
-0.0203587
-0.0220547
-0.0346817
-0.027998
-0.0322402
-0.0339847
-0.0340138
-0.0319942
-0.0348781
-0.00527067
-0.00351327
-0.003586
-0.00687361
-0.00620323
-0.0106982
-0.0106591
-0.00761892
-0.00916509
-0.0163051
-0.012302
-0.0142871
-0.0168074
-0.00462029
-0.00890571
-0.0114402
-0.0143018
0.0236514
0.00563266
-0.0238251
-0.0236629
0.0219845
-0.0131434
-0.0169784
-0.0161264
0.0107078
-0.016234
-0.0216195
0.0180768
-0.0108596
-0.0119911
-0.01328
-0.00911354
-0.0206619
-0.00286131
-0.00554509
-0.0279346
-0.0262585
-0.00162268
-0.0203222
-0.0147156
-0.0157809
0.00333679
-0.0165838
-0.0214209
0.0100733
-0.0257785
-0.0016968
0.00195106
-0.0229159
-0.0224993
-0.00143704
-0.0265358
-0.0279327
-0.00248551
-0.00316916
-0.0302621
-0.0258265
-0.00305351
-0.0324435
-0.0241828
-0.0206784
0.00278224
0.000145595
-0.0235904
-0.0242158
-0.000996311
-0.00441545
-0.000769268
-0.0052852
0.00223415
-0.0277854
-0.0243117
-0.0350394
-0.0367384
-0.0282397
-0.0258314
-0.0342262
-0.00971951
-0.0148001
-0.00943327
-0.0121288
-0.00906007
-0.00861759
-0.00856937
-0.0105888
-0.0253108
-0.000845781
-0.0216551
0.00195257
-0.0215912
-0.0257764
-0.000650344
-0.0271071
-0.00075014
-0.000776791
-0.0283896
-0.0288473
-0.000817959
-0.0257776
-0.0240405
-0.0176699
0.00122018
0.00107323
-0.0203561
-0.000381075
-0.0220692
-0.0117019
-0.0135894
-0.0120701
-0.0124151
-0.0162582
0.00120312
0.000991832
-0.0271678
0.00921653
-0.0228851
-0.0197355
-0.0147296
-0.012959
0.00342024
0.011556
-0.0106316
-0.0189621
-0.0168743
-0.0047172
-0.00898625
-0.0115882
-0.0151979
0.02381
-0.0251256
0.00485809
0.021941
-0.01384
-0.0255645
-0.0172054
-0.0169254
0.010253
0.0182048
-0.0165266
-0.0226802
-0.00529043
-0.00338304
-0.00355576
-0.00682968
-0.0346945
-0.0280638
-0.0322739
-0.034126
-0.031997
-0.0340672
-0.0349376
-0.00632339
-0.0108732
-0.00783174
-0.0107841
-0.0093207
-0.0168588
-0.0124537
-0.0146226
-0.0257669
-0.00140034
-0.0237106
0.00090692
-0.0254484
-0.0245467
-0.00177151
-0.0267422
-0.00156867
-0.00302028
-0.0280738
-0.0256685
-0.00252537
-0.028832
-0.0255604
-0.0220022
0.00186324
-0.000216253
-0.0256083
-0.0250085
-0.00146848
-0.0110362
-0.012161
-0.00936731
-0.0134013
-0.0206721
-0.00277534
-0.00543409
-0.0273771
-0.0261948
-0.00161549
-0.0202075
-0.0150112
-0.0166322
0.0030151
-0.01701
-0.0220801
0.00988216
-0.0417989
-0.0247538
-0.0427812
-0.0347766
-0.0423748
-0.0374471
-0.0290734
-0.034885
-0.0374222
-0.0367815
-0.0451524
-0.0361345
-0.0430558
-0.0448429
-0.044421
-0.039977
-0.0435803
-0.0411215
-0.0426502
-0.0429202
-0.0449361
-0.0397435
-0.0434247
-0.0408415
-0.0435528
-0.0428877
-0.0358965
-0.0433907
-0.035738
-0.0442076
-0.0300519
-0.0437294
-0.0388115
-0.0264105
-0.0159557
-0.00909259
-0.0173545
-0.0369026
-0.0353444
-0.0377369
-0.0410626
-0.0380103
-0.0357849
-0.0411857
-0.0145816
-0.0241624
-0.0368128
-0.0408343
-0.0350724
-0.0376503
-0.0296937
-0.0361395
-0.0413224
-0.0262012
-0.0333595
-0.0437433
-0.043048
-0.0354086
-0.0352967
-0.0431607
-0.0349644
-0.0345524
-0.0329851
-0.0372221
-0.0448885
-0.0427093
-0.0424016
-0.0375001
-0.0419381
-0.0419563
-0.0374601
-0.0361415
-0.0413311
-0.0251423
-0.0427387
-0.0375468
-0.0415208
-0.0342076
-0.0398209
-0.0354526
-0.0433324
-0.0425722
-0.0433193
-0.0413191
-0.0434791
-0.0435447
-0.0431795
-0.0318525
-0.0410927
-0.0412568
-0.0370873
-0.0414081
-0.031418
-0.0325239
-0.0290656
-0.0299904
-0.0370502
-0.0338106
-0.0360667
-0.027713
-0.0279294
-0.00821057
-0.00889979
-0.00792645
-0.031701
-0.0441762
-0.04164
-0.0224525
-0.0428302
-0.0300847
-0.0339674
-0.0325215
-0.0376712
-0.0363244
-0.0331948
-0.0365977
-0.0356392
-0.0285914
-0.044371
-0.042739
-0.0378135
-0.0458751
-0.0453297
-0.0429588
-0.0457321
-0.0433105
-0.0433412
-0.0433708
-0.0438472
-0.0434483
-0.0430856
-0.0436949
-0.0355158
-0.0364391
-0.0435783
-0.0238413
-0.0395404
-0.0288448
-0.0383369
-0.0405232
-0.041562
-0.0406874
-0.0390524
-0.0372545
-0.0295843
-0.0408647
-0.0356352
-0.0449479
-0.0349181
-0.0412051
-0.0331906
-0.016729
-0.0166347
-0.016329
-0.0187856
-0.0393734
-0.0354018
-0.0372194
-0.0404684
-0.0362371
-0.0407168
-0.0379094
-0.0279317
-0.0260884
-0.0332704
-0.039581
-0.0383886
-0.0370685
-0.0362454
-0.0365763
-0.0398269
-0.0164814
-0.0382362
-0.0447168
-0.0424948
-0.0358542
-0.0427874
-0.0353785
-0.0358381
-0.0435446
-0.0461956
-0.0438353
-0.0416835
-0.043754
-0.043897
-0.0436112
-0.0263051
-0.0348619
-0.0427969
-0.0419252
-0.0351544
-0.0366809
-0.0350755
-0.0419098
-0.0423099
-0.0425788
-0.0342777
-0.0396041
-0.0386499
-0.0458409
-0.0385692
-0.0416353
-0.039654
-0.0447666
-0.0360236
-0.0377935
-0.0403903
-0.0463803
-0.0375632
-0.0446361
-0.0285677
-0.0459594
-0.0398623
-0.0415469
-0.0435796
-0.0461841
-0.0432396
-0.0435744
-0.0444535
-0.0406537
-0.0312032
-0.0404069
-0.0440063
-0.0303597
-0.0447683
-0.0428395
-0.0405312
-0.0440018
-0.0426736
-0.0411649
-0.0448777
-0.0440021
-0.0437501
-0.043475
-0.040065
-0.044789
-0.03467
-0.041906
-0.042234
-0.03239
-0.0391293
-0.0336472
-0.0419357
-0.0403252
-0.0443437
-0.0387245
-0.0407203
-0.0471751
-0.0421409
-0.030375
-0.0397886
-0.0382059
-0.0421164
-0.0435577
-0.0423037
-0.0360186
-0.0435212
-0.0369665
-0.0418315
-0.0422734
-0.0373043
-0.0433313
-0.0423091
-0.0435582
-0.0419781
-0.0386045
-0.0431343
-0.0380402
-0.0398021
-0.0425652
-0.0412256
-0.0413694
-0.0397435
-0.0437953
-0.0439578
-0.0433934
-0.042803
-0.0432997
-0.0408865
-0.0318037
-0.0454431
-0.0443106
-0.0434365
-0.0408859
-0.0402997
-0.0423589
-0.0441432
-0.03418
-0.0427265
-0.0437819
-0.0427128
-0.0437771
-0.0443651
-0.0432258
-0.046108
-0.0439477
-0.0424737
-0.0441417
-0.0431381
-0.044114
-0.0439931
-0.0404905
-0.0458536
-0.0435024
-0.0432856
-0.0414925
-0.0453946
-0.0439131
-0.0402369
-0.0434919
-0.0441526
-0.0435631
-0.0430031
-0.043398
-0.040837
-0.0311915
-0.0456901
-0.0415269
-0.0420838
-0.041974
-0.0328498
-0.040153
-0.0435304
-0.0461553
-0.0390403
-0.0433353
-0.041936
-0.0407715
-0.0431705
-0.0363698
-0.0417453
-0.0435238
-0.0420678
-0.0355817
-0.0415934
-0.0437031
-0.0356172
-0.0418562
-0.0353571
-0.0438447
-0.0423553
-0.04189
-0.0440908
-0.0357527
-0.0423559
-0.0368703
-0.0420648
-0.0367241
-0.0377318
-0.039013
-0.038455
-0.0438576
-0.0435451
-0.042754
-0.0437622
-0.0419673
-0.0395079
-0.0423229
-0.0397714
-0.0406009
-0.0455345
-0.046681
-0.0330383
-0.0432235
-0.0437824
-0.0379799
-0.0424374
-0.0420387
-0.0422532
-0.0441441
-0.0421365
-0.0486092
-0.0457286
-0.0438783
-0.048556
-0.0399697
-0.0462447
-0.0422331
-0.0439039
-0.0365966
-0.0429607
-0.0441646
-0.0392818
-0.0404772
-0.0364626
-0.037559
-0.0388086
-0.0437455
-0.0440506
-0.0438094
-0.0436223
-0.0427046
-0.0437895
-0.0403475
-0.0427796
-0.0420459
-0.0353225
-0.0434575
-0.0347571
-0.0416286
-0.0442826
-0.0429973
-0.0438604
-0.0418455
-0.0414016
-0.0434744
-0.0411269
-0.0435466
-0.0405882
-0.0441712
-0.0420956
-0.0368354
-0.044022
-0.0373801
-0.04687
-0.0424283
-0.0480275
-0.0450159
-0.0424098
-0.0416602
-0.0435904
-0.0437501
-0.0419363
-0.0427952
-0.0379773
-0.0437143
-0.0445049
-0.0454697
-0.0440425
-0.0436978
-0.0440863
-0.0424246
-0.0436519
-0.0438203
-0.0440788
-0.0439218
-0.0439893
-0.0446812
-0.0440471
-0.043515
-0.0437328
-0.0436599
-0.0439144
-0.04403
-0.0436712
-0.0420847
-0.0438253
-0.0431114
-0.0436162
-0.0440747
-0.043408
-0.037683
-0.0426986
-0.0443936
-0.0355472
-0.039795
-0.0423094
-0.04571
-0.0430672
-0.0426784
-0.0407147
-0.045222
-0.0447224
-0.0397223
-0.0428906
-0.0430921
-0.0444389
-0.0432988
-0.0435073
-0.0439608
-0.0438087
-0.0433177
-0.0439793
-0.0353629
-0.0439911
-0.0402671
-0.0360915
-0.0418836
-0.0437816
-0.0453542
-0.042999
-0.0433862
-0.0442375
-0.0437461
-0.0450821
-0.0420474
-0.0446278
-0.044783
-0.0451289
-0.0436204
-0.0436598
-0.0438205
-0.0440764
-0.0436025
-0.0405024
-0.040207
-0.0457342
-0.0409151
-0.0424791
-0.0436093
-0.0422246
-0.0338353
-0.0438222
-0.0418579
-0.0348264
-0.0405945
-0.0407214
-0.0433931
-0.0435663
-0.0404754
-0.0407275
-0.0441436
-0.0413833
-0.0441493
-0.0434899
-0.0449493
-0.0360936
-0.0411275
-0.0444565
-0.0373961
-0.0417046
-0.0411726
-0.0435754
-0.0438571
-0.0415845
-0.0400266
-0.047118
-0.0421454
-0.0453434
-0.0446506
-0.0410962
-0.0426322
-0.0409283
-0.046136
-0.043814
-0.0419968
-0.0461961
-0.0400212
-0.04443
-0.0411652
-0.0415282
-0.0468077
-0.0438926
-0.0461648
-0.0440241
-0.0433169
-0.0429789
-0.0438275
-0.0428827
-0.0455369
-0.0414848
-0.0427789
-0.042566
-0.043126
-0.0461777
-0.0455907
-0.0410307
-0.0419974
-0.0423916
-0.043888
-0.0433453
-0.0429403
-0.0425243
-0.0445055
-0.0425827
-0.0402738
-0.0418067
-0.0459698
-0.0426309
-0.0471762
-0.0453468
-0.0411078
-0.0427668
-0.0411201
-0.0415983
-0.04253
-0.0435922
-0.0437591
-0.0433582
-0.042351
-0.0424688
-0.0437279
-0.0435211
-0.0438277
-0.042695
-0.0434009
-0.043429
-0.0445343
-0.0428066
-0.0437029
-0.0431695
-0.0421922
-0.0427136
-0.0430774
-0.0445211
-0.043822
-0.0423228
-0.0429782
-0.0444831
-0.0446586
-0.0417607
-0.0434738
-0.0424845
-0.0423187
-0.0428717
-0.041894
-0.0436618
-0.0433499
-0.0438274
-0.0430882
-0.044135
-0.0431017
-0.0435456
-0.0436534
-0.0436323
-0.0438371
-0.0437129
-0.04347
-0.0437027
-0.0443271
-0.0432532
-0.0441107
-0.0423017
-0.0433705
-0.0439374
-0.0438088
-0.0440423
-0.0428118
-0.043931
-0.0417967
-0.0435788
-0.0437062
-0.04363
-0.0435264
-0.0435424
-0.044405
-0.043646
-0.0435692
-0.0428579
-0.0435081
-0.0440624
-0.0432998
-0.0435808
-0.0435292
-0.0447923
-0.0435146
-0.0424083
-0.0434906
-0.0448269
-0.0432104
-0.0430518
-0.0434133
-0.0431308
-0.04211
-0.0429209
-0.0424684
-0.0422671
-0.0432524
-0.0439253
-0.0432289
-0.0442318
-0.0426708
-0.043168
-0.0445065
-0.0435772
-0.0432624
-0.044171
-0.0434566
-0.0436594
-0.0434233
-0.0432938
-0.0431478
-0.0422745
-0.0435996
-0.0435762
-0.043723
-0.0436948
-0.0436616
-0.0435658
-0.0437549
-0.0438471
-0.0427558
-0.0434081
-0.0436827
-0.0435952
-0.0436772
-0.0437418
-0.0437381
-0.043577
-0.0439331
-0.0443148
-0.0440684
-0.0438918
-0.0436272
-0.04366
-0.0435244
-0.0436353
-0.0439205
-0.0437224
-0.0437031
-0.0435561
-0.0435429
-0.0436344
-0.0436037
-0.0436549
-0.0434079
-0.0431615
-0.0433236
-0.0433242
-0.0434434
-0.0437043
-0.0432749
-0.0434366
-0.0433746
-0.0434758
-0.0433766
-0.0434195
-0.0435856
-0.0435463
-0.0434712
-0.0434897
-0.0438344
-0.0434725
-0.0436757
-0.0437967
-0.0438287
-0.0436243
-0.0435163
-0.0435849
-0.0436389
-0.0435609
-0.04351
-0.0437
-0.0430084
-0.043409
-0.0435581
-0.0434609
-0.0434219
-0.0436581
-0.0435149
-0.0434541
-0.0436924
-0.0436214
-0.0432866
-0.0436124
-0.0438652
-0.0436011
-0.0433377
-0.0434735
-0.0436066
-0.0436705
-0.0436355
-0.043567
-0.0436299
-0.0436002
-0.0436504
-0.0436268
-0.0436284
-0.0436439
-0.0436631
-0.0436966
-0.0436592
-0.0436838
-0.0436544
-0.043638
-0.0436563
-0.0436079
-0.0436427
-0.0435962
-0.0437215
-0.0436974
-0.0436592
-0.0435541
-0.0437334
-0.0436559
-0.043591
-0.0437032
-0.0434973
-0.043672
-0.0433409
-0.0432928
-0.0435997
-0.0436049
-0.0440275
-0.0437292
-0.0433255
-0.0437266
-0.0435808
-0.0436734
-0.0439159
-0.043763
-0.0435548
-0.0435626
-0.0437868
-0.0436476
-0.043732
-0.0436298
-0.0438199
-0.0433501
-0.0436576
-0.0436502
-0.0433413
-0.0435634
-0.0435082
-0.043615
-0.0436445
-0.0436243
-0.0436123
-0.0434965
-0.0434636
-0.0435653
-0.0434927
-0.0435412
-0.0435394
-0.0434167
-0.04351
-0.0434316
-0.0435013
-0.0435592
-0.0435766
-0.043446
-0.0434914
-0.0435409
-0.0435526
-0.0434698
-0.0435498
-0.0436313
-0.0436532
-0.0434844
-0.0437035
-0.0436
-0.0436193
-0.0435211
-0.0438532
-0.0435248
-0.04376
-0.0436951
-0.0438033
-0.0435521
-0.0436654
-0.043652
-0.0437335
-0.0435736
-0.0436538
-0.0437044
-0.0430601
-0.0441436
-0.0432718
-0.04343
-0.0436151
-0.0444757
-0.0435571
-0.0444919
-0.043753
-0.0434046
-0.0425181
-0.0439698
-0.0431948
-0.0435884
-0.0438215
-0.0431071
-0.043204
-0.0437031
-0.0437795
-0.0435896
-0.0427892
-0.0437454
-0.043621
-0.0435818
-0.0438835
-0.0435596
-0.0436344
-0.0434309
-0.0436723
-0.0430234
-0.0437661
-0.042431
-0.0434244
-0.0441482
-0.0438678
-0.0416022
-0.0439834
-0.042921
-0.0440449
-0.0432749
-0.0436256
-0.0435753
-0.0433429
-0.0435949
-0.0439674
-0.0437541
-0.0439064
-0.0430543
-0.0434168
-0.0435003
-0.0418268
-0.0404353
-0.0433459
-0.0433397
-0.0429483
-0.0436659
-0.0430318
-0.0439813
-0.0437055
-0.0442587
-0.0438116
-0.0435796
-0.0437877
-0.0437317
-0.0437591
-0.0434744
-0.043552
-0.0433226
-0.0435919
-0.0433269
-0.0435142
-0.043548
-0.0431916
-0.0436658
-0.0432042
-0.0439218
-0.044025
-0.0434727
-0.0435168
-0.0434956
-0.0436065
-0.0436917
-0.0435611
-0.0433743
-0.0431852
-0.0433305
-0.0436459
-0.0438756
-0.0434772
-0.0435112
-0.0441472
-0.0434479
-0.0420239
-0.0440974
-0.04362
-0.0434271
-0.0433436
-0.0436271
-0.0434626
-0.0436091
-0.0411189
-0.0431725
-0.0437887
-0.0434376
-0.0433039
-0.0431721
-0.0427045
-0.0432661
-0.0433501
-0.0444002
-0.042625
-0.0438273
-0.0433181
-0.0442234
-0.0436473
-0.0432679
-0.0442659
-0.0439189
-0.0431191
-0.0445881
-0.039224
-0.0438577
-0.0426603
-0.0440127
-0.0428785
-0.0373997
-0.0457964
-0.0430673
-0.0439511
-0.0424969
-0.0419478
-0.0429138
-0.0426365
-0.0439965
-0.0420464
-0.0435727
-0.0438647
-0.0431818
-0.0423883
-0.0435559
-0.0438736
-0.0424026
-0.0436421
-0.0424033
-0.0436961
-0.0432541
-0.0437865
-0.0439652
-0.0425117
-0.0430629
-0.0420902
-0.0430267
-0.0421095
-0.0433791
-0.0421047
-0.0415375
-0.0437705
-0.0435221
-0.0428991
-0.0433107
-0.0426111
-0.0421156
-0.0425963
-0.0424064
-0.0435312
-0.0450879
-0.0445596
-0.0374657
-0.0440122
-0.0415417
-0.0437797
-0.0429623
-0.0435696
-0.0432487
-0.0421757
-0.0425954
-0.0434216
-0.0422071
-0.0426476
-0.0426572
-0.0451316
-0.043656
-0.0446629
-0.0440034
-0.0376644
-0.0428361
-0.0426695
-0.0420153
-0.0439048
-0.0434965
-0.0437302
-0.0423341
-0.0430598
-0.0434846
-0.0423292
-0.0437286
-0.0430404
-0.0420823
-0.0429955
-0.0420985
-0.0435509
-0.0422936
-0.0431124
-0.0435389
-0.0423902
-0.0436969
-0.0438269
-0.042855
-0.0373938
-0.0445945
-0.0437804
-0.0393041
-0.0426808
-0.0440391
-0.0458437
-0.0439489
-0.0430465
-0.0425219
-0.0420045
-0.0451133
-0.0386586
-0.0429332
-0.0434431
-0.0430526
-0.0453099
-0.0445265
-0.0429085
-0.0443896
-0.0432658
-0.0443266
-0.0429555
-0.0437523
-0.044102
-0.0431837
-0.0432588
-0.0429143
-0.0445706
-0.0429347
-0.0443075
-0.0396924
-0.0428715
-0.0435633
-0.043646
-0.0435745
-0.0433641
-0.043678
-0.0427688
-0.0435676
-0.0435956
-0.0395775
-0.0436137
-0.0437013
-0.0434972
-0.0436818
-0.0437285
-0.0436413
-0.0434764
-0.043562
-0.0433693
-0.0442586
-0.0436791
-0.0436348
-0.0437173
-0.0437986
-0.043811
-0.0438003
-0.0433411
-0.0437697
-0.0432882
-0.0441372
-0.0442832
-0.0437664
-0.043502
-0.0436129
-0.0435856
-0.043811
-0.0437716
-0.0421991
-0.0435114
-0.0438025
-0.0436432
-0.0440363
-0.0436205
-0.0435733
-0.0442909
-0.0435775
-0.0440244
-0.0434505
-0.0435213
-0.0435981
-0.0434648
-0.0436524
-0.0435097
-0.0431985
-0.0438642
-0.0418207
-0.0435256
-0.040398
-0.0433252
-0.0429531
-0.0439263
-0.0433808
-0.0428396
-0.0435499
-0.0432958
-0.043906
-0.0437987
-0.0432675
-0.043927
-0.0428622
-0.0436323
-0.0431146
-0.0425632
-0.0438517
-0.0437833
-0.0436154
-0.0436754
-0.0439769
-0.0438125
-0.0437622
-0.0435722
-0.0433337
-0.043709
-0.0433883
-0.0437455
-0.0438851
-0.0437292
-0.0440919
-0.0436231
-0.0441812
-0.0416995
-0.0438954
-0.044167
-0.0440458
-0.0430583
-0.0439715
-0.0429751
-0.0435291
-0.0432679
-0.0443377
-0.0443695
-0.0433804
-0.0435798
-0.043266
-0.0436374
-0.0425072
-0.0431523
-0.0436196
-0.0435092
-0.0436291
-0.0436611
-0.0436074
-0.0436383
-0.0436093
-0.0436186
-0.0436685
-0.0436228
-0.0435859
-0.0436869
-0.0436071
-0.0435976
-0.0436431
-0.0436564
-0.0436432
-0.0436055
-0.0436824
-0.0436451
-0.0437001
-0.0436866
-0.0436965
-0.0434497
-0.0432253
-0.0433907
-0.043424
-0.0433479
-0.0436286
-0.0431395
-0.0433848
-0.0437403
-0.0436927
-0.0435893
-0.043536
-0.0436417
-0.0436493
-0.0436428
-0.0433606
-0.0435104
-0.0434095
-0.0434304
-0.0437736
-0.0435701
-0.0435065
-0.0437226
-0.0433925
-0.0436666
-0.0436415
-0.0434992
-0.0435631
-0.0434519
-0.0435437
-0.0439958
-0.0436639
-0.0434251
-0.0437675
-0.0436802
-0.0435455
-0.0437758
-0.0435628
-0.0437325
-0.0434159
-0.0436737
-0.0436784
-0.0433711
-0.0435336
-0.0436497
-0.0435563
-0.0435342
-0.0440186
-0.0437285
-0.043361
-0.0437053
-0.0437312
-0.0435873
-0.0436992
-0.0434093
-0.0436742
-0.0435698
-0.0436708
-0.0433996
-0.0434949
-0.0436803
-0.0436869
-0.0435613
-0.0436446
-0.0435656
-0.0436666
-0.0434722
-0.0435806
-0.0429512
-0.0435995
-0.0435811
-0.0437655
-0.043559
-0.0433659
-0.0436685
-0.0434093
-0.0435917
-0.0436142
-0.0439068
-0.0437881
-0.0435323
-0.0435886
-0.0436687
-0.0437566
-0.0437829
-0.0435909
-0.0436235
-0.0435898
-0.043585
-0.0447784
-0.0434288
-0.0423796
-0.0434508
-0.0431309
-0.0449151
-0.043475
-0.0431355
-0.0431458
-0.0422864
-0.043243
-0.043176
-0.0439767
-0.0426179
-0.0431948
-0.0443092
-0.0420373
-0.0429688
-0.0423821
-0.0436639
-0.0428713
-0.0442228
-0.0436711
-0.0435966
-0.0434233
-0.0436973
-0.0435476
-0.0429758
-0.0437206
-0.043329
-0.0434169
-0.0430249
-0.0440784
-0.0432399
-0.0440694
-0.0422708
-0.0435084
-0.0435847
-0.0435861
-0.0437772
-0.0433352
-0.0442088
-0.0436269
-0.0434871
-0.0435694
-0.0435295
-0.0435088
-0.0442463
-0.0436228
-0.0434269
-0.0432287
-0.0439216
-0.0440544
-0.0438496
-0.042719
-0.0416733
-0.043903
-0.0423479
-0.0437865
-0.0447081
-0.0445704
-0.0430168
-0.0448165
-0.0418829
-0.0428953
-0.0418821
-0.0435242
-0.0425604
-0.0424214
-0.0436324
-0.0429505
-0.0422928
-0.0458269
-0.0451345
-0.043275
-0.0448121
-0.0435677
-0.0430118
-0.0440987
-0.0436214
-0.0432026
-0.0437519
-0.0442019
-0.0427344
-0.0409854
-0.0424283
-0.041542
-0.0435562
-0.0438009
-0.0423477
-0.0434181
-0.0424518
-0.043503
-0.0437462
-0.0431269
-0.0421269
-0.0430328
-0.0426421
-0.043791
-0.0426155
-0.0434851
-0.0433509
-0.0427745
-0.0437076
-0.0444592
-0.0423206
-0.0438346
-0.0428528
-0.0432695
-0.0424496
-0.0424895
-0.0444573
-0.0409665
-0.041931
-0.0401727
-0.0416705
-0.0425259
-0.0458368
-0.0409883
-0.0470467
-0.0452579
-0.0398605
-0.047062
-0.0420533
-0.0419267
-0.0461836
-0.0399783
-0.0444165
-0.0411579
-0.0452669
-0.0445432
-0.0424905
-0.0410117
-0.0408367
-0.0437166
-0.0460428
-0.045404
-0.0413654
-0.0425395
-0.0427608
-0.0431961
-0.0454244
-0.046162
-0.0438297
-0.0460231
-0.0431447
-0.0438842
-0.0427879
-0.0428753
-0.0437179
-0.0413911
-0.0467982
-0.0406021
-0.0475082
-0.0387591
-0.0446465
-0.0464876
-0.0399852
-0.0389681
-0.0394748
-0.0414321
-0.044745
-0.0427058
-0.0424776
-0.040727
-0.0414679
-0.0441795
-0.0434983
-0.0441502
-0.0448884
-0.0360284
-0.0410487
-0.0443405
-0.0373319
-0.0417264
-0.0412834
-0.0436299
-0.0416097
-0.0439176
-0.0403438
-0.041069
-0.0459369
-0.0437873
-0.0426178
-0.0423543
-0.0339575
-0.0438944
-0.041966
-0.0349421
-0.0407343
-0.0408677
-0.0435457
-0.0406227
-0.0437232
-0.0441044
-0.035431
-0.0361142
-0.0402822
-0.045053
-0.0420035
-0.0418316
-0.0436167
-0.0430079
-0.0453668
-0.0433548
-0.0437052
-0.0441328
-0.0450674
-0.0436121
-0.0437199
-0.0435621
-0.0404611
-0.0440019
-0.043539
-0.0446422
-0.0447829
-0.0427752
-0.0378326
-0.0356498
-0.0445423
-0.0448021
-0.039823
-0.0399263
-0.0423256
-0.0431993
-0.0458341
-0.0427995
-0.0453143
-0.0408039
-0.0445526
-0.0434423
-0.0440518
-0.0436279
-0.0440766
-0.0439081
-0.0433986
-0.0430307
-0.0432392
-0.0433017
-0.0446972
-0.0462999
-0.045625
-0.0442184
-0.043405
-0.0452421
-0.0445034
-0.0439485
-0.0436975
-0.0434693
-0.0436012
-0.043935
-0.0438086
-0.0440418
-0.0424067
-0.0438037
-0.043658
-0.0440748
-0.0439548
-0.0438986
-0.0427761
-0.0379604
-0.0444691
-0.0437409
-0.0453543
-0.0436935
-0.044078
-0.0401844
-0.0419188
-0.0426104
-0.0433439
-0.0351254
-0.0345804
-0.0415267
-0.044176
-0.0428799
-0.0437313
-0.0417233
-0.041291
-0.0433796
-0.041006
-0.0434576
-0.045696
-0.0485152
-0.0485281
-0.043837
-0.0392894
-0.0404863
-0.0399522
-0.0462598
-0.0438819
-0.0422077
-0.0365739
-0.0441738
-0.042965
-0.0387976
-0.0437754
-0.0438316
-0.0440434
-0.0427144
-0.0437991
-0.043643
-0.0363672
-0.0375051
-0.0437008
-0.0378607
-0.0419382
-0.0422586
-0.0420775
-0.0421949
-0.0440449
-0.0441096
-0.0461616
-0.0430479
-0.0450438
-0.0406146
-0.0411335
-0.0403912
-0.0446455
-0.0442073
-0.0417877
-0.0429252
-0.0430202
-0.0352197
-0.0403168
-0.0437891
-0.0422393
-0.0431453
-0.0438014
-0.0418796
-0.0437207
-0.0358096
-0.0401213
-0.038587
-0.0439825
-0.0429477
-0.0436758
-0.0438725
-0.0396418
-0.0421426
-0.0378606
-0.0391298
-0.0424683
-0.0399689
-0.0456751
-0.0407503
-0.0468027
-0.043392
-0.0331919
-0.0421489
-0.0409365
-0.0365118
-0.0433621
-0.0419075
-0.04367
-0.0357529
-0.0422724
-0.0417571
-0.0357776
-0.043842
-0.0425837
-0.0370029
-0.0422832
-0.0368637
-0.0419981
-0.0354767
-0.0425528
-0.0439164
-0.0358988
-0.0419999
-0.0442149
-0.0420779
-0.0329532
-0.0409664
-0.0458029
-0.0313332
-0.0416624
-0.0422044
-0.0403276
-0.0462527
-0.0436288
-0.0391755
-0.043456
-0.0389885
-0.0316027
-0.0399522
-0.0457654
-0.0429489
-0.0447479
-0.0390922
-0.0457791
-0.0441012
-0.0386345
-0.0467108
-0.038814
-0.0436329
-0.0467101
-0.041382
-0.0436304
-0.0404654
-0.0437048
-0.0431719
-0.0434193
-0.044815
-0.0432682
-0.0397108
-0.0400819
-0.0460018
-0.0394653
-0.0456413
-0.0306706
-0.0429179
-0.0421792
-0.0301373
-0.0440109
-0.0406052
-0.0435419
-0.0459118
-0.0432971
-0.0454359
-0.0415798
-0.04309
-0.0459539
-0.0424134
-0.0438279
-0.0440227
-0.044016
-0.0430594
-0.0439648
-0.0340596
-0.0436489
-0.042594
-0.0425516
-0.0442048
-0.0435887
-0.0419265
-0.0303068
-0.0381254
-0.0396068
-0.0419535
-0.0434223
-0.0358749
-0.0420881
-0.0433475
-0.0416922
-0.0367892
-0.0429169
-0.0379611
-0.0397019
-0.0423627
-0.0420875
-0.0371082
-0.0420805
-0.043132
-0.0433624
-0.0384021
-0.0417976
-0.0336147
-0.0418767
-0.0346361
-0.0420778
-0.0417433
-0.0390783
-0.0323333
-0.0401698
-0.038589
-0.0441999
-0.047031
-0.0406471
-0.0375424
-0.0401464
-0.0462
-0.0413371
-0.0432807
-0.0430197
-0.0460512
-0.0432682
-0.0404879
-0.0442151
-0.0372475
-0.0443011
-0.0281576
-0.0395227
-0.0456934
-0.040963
-0.0445955
-0.043521
-0.0437657
-0.0432347
-0.0445579
-0.0398632
-0.0436539
-0.0301188
-0.0426058
-0.044394
-0.0424684
-0.0400552
-0.0436033
-0.0309532
-0.0400509
-0.0437645
-0.0464194
-0.0418344
-0.043875
-0.044132
-0.0437317
-0.0439408
-0.0297949
-0.0454995
-0.0359553
-0.0413449
-0.0335551
-0.0417844
-0.0351065
-0.0283577
-0.0265129
-0.0396938
-0.0356452
-0.0410732
-0.0375521
-0.0364499
-0.0382814
-0.0412478
-0.0167853
-0.0165143
-0.0162822
-0.0188493
-0.0385565
-0.0452969
-0.0363173
-0.043158
-0.0357842
-0.03625
-0.0434186
-0.016826
-0.0334258
-0.0399015
-0.0373296
-0.0384784
-0.0364208
-0.0402722
-0.036609
-0.0438677
-0.0367192
-0.0356982
-0.0397662
-0.0240628
-0.0289692
-0.038454
-0.0393139
-0.0374298
-0.040686
-0.0417372
-0.040869
-0.0445826
-0.0428879
-0.0460902
-0.037871
-0.0456773
-0.0458307
-0.0430926
-0.043523
-0.0435713
-0.0437215
-0.0435658
-0.0435304
-0.0438451
-0.0432568
-0.0319933
-0.0374063
-0.0416369
-0.0412811
-0.0326509
-0.0317391
-0.0416633
-0.00799116
-0.00795494
-0.00862737
-0.0289204
-0.0297603
-0.0337214
-0.0369887
-0.0360834
-0.027672
-0.0276434
-0.0324356
-0.0378967
-0.0331394
-0.0363077
-0.0285198
-0.0367123
-0.035452
-0.0318171
-0.0442501
-0.0225381
-0.0416112
-0.0342708
-0.0429441
-0.0302511
-0.0341581
-0.0444761
-0.0369262
-0.0325547
-0.0420674
-0.0422204
-0.0416853
-0.0372286
-0.0417035
-0.0246977
-0.042288
-0.0411787
-0.0370271
-0.0394736
-0.0350186
-0.0336819
-0.037225
-0.03586
-0.0410694
-0.035383
-0.0436579
-0.0351903
-0.0426893
-0.038249
-0.0429714
-0.0295628
-0.0141406
-0.0237013
-0.0364439
-0.0350283
-0.0403716
-0.0372125
-0.0375477
-0.0404465
-0.0354339
-0.0260761
-0.0158148
-0.00883733
-0.0172192
-0.0328546
-0.043155
-0.0348488
-0.0423445
-0.0347705
-0.0344024
-0.0424193
-0.0256427
-0.0363746
-0.0401025
-0.0371107
-0.0346851
-0.0405574
-0.0293187
-0.0357453
-0.0428586
-0.0445109
-0.0395142
-0.0441845
-0.0433482
-0.0422473
-0.0408109
-0.0428103
-0.0449854
-0.0431422
-0.0393351
-0.0435868
-0.0421611
-0.0406702
-0.0425303
-0.0243467
-0.0414397
-0.0420891
-0.0344758
-0.0371543
-0.0287203
-0.0449843
-0.0358873
-0.0344901
-0.0371142
-0.036438
-0.0327319
-0.0329347
-0.0426464
-0.0432581
-0.0331148
-0.0390594
-0.0425639
-0.021748
-0.0188277
-0.00518441
-0.0268277
-0.0210782
-0.0384437
-0.0393904
-0.0404008
-0.0270731
-0.0235209
-0.0267039
-0.0410086
-0.0339711
-0.0373356
-0.0319914
-0.0407732
-0.0263725
-0.0273285
-0.0372917
-0.0314228
-0.0412482
-0.0220389
-0.0411162
-0.0291342
-0.0267684
-0.00144646
-0.0280907
-0.00292242
-0.0257184
-0.0287777
-0.00247168
-0.0258945
-0.00183037
0.000618174
-0.0248495
-0.025982
-0.0019046
-0.0249677
-0.0257959
-0.0220913
-0.000122147
0.00167245
-0.0250623
-0.00154728
-0.0259779
-0.00608312
-0.0106402
-0.00769079
-0.0105029
-0.0344049
-0.0277478
-0.0339577
-0.0320628
-0.0316293
-0.0346886
-0.0339094
-0.00502832
-0.0031919
-0.00317393
-0.00669824
-0.00906812
-0.0168309
-0.0143701
-0.0123979
-0.0157547
0.0233346
0.00455166
-0.0262198
0.0216257
-0.0261681
-0.0145896
-0.0170513
-0.00468234
-0.0116041
-0.00903846
-0.0175702
-0.0170896
0.00999922
0.0179157
-0.023067
-0.0165918
-0.016268
0.000915437
-0.027593
0.000657458
0.00905036
-0.0199849
-0.023076
-0.0117079
-0.0135409
-0.0123413
-0.012006
-0.0147767
-0.0130062
0.00318584
0.0112356
-0.0190058
-0.0107241
-0.0278079
-0.00129142
-0.0294036
-0.00113909
-0.0305455
-0.0261807
-0.00123059
-0.0257247
-0.00114701
0.00169768
-0.0219558
-0.0218607
-0.000977893
-0.0261964
-0.024323
-0.0177712
0.000803569
0.000983658
-0.0222208
-0.0205408
-0.000665638
-0.00955791
-0.014699
-0.00918703
-0.0119646
-0.027389
-0.0238305
-0.0361496
-0.0346045
-0.0277546
-0.0338188
-0.0254573
-0.00439028
-0.000748885
-0.00528398
0.00240664
-0.0091415
-0.00865855
-0.0106765
-0.00861923
-0.013566
0.00876594
0.00727868
-0.0172469
-0.0179052
0.00826851
-0.0136408
-0.00447441
-0.000931498
-0.00620364
-0.00198106
-0.010142
-0.01141
0.00284035
-0.0166742
-0.00766858
0.012239
-0.0205853
-0.00256362
-0.0273145
-0.00526003
-0.0261973
-0.0200883
-0.00132231
-0.0108315
-0.0119749
-0.0132338
-0.00919942
-0.0149288
-0.0166936
0.00320403
-0.0221214
0.0101795
-0.0168859
-0.015766
0.0233311
-0.026219
0.00454675
-0.0261718
-0.0145913
0.0216184
-0.0170676
-0.00470292
-0.0090529
-0.0116241
-0.017586
-0.0171073
0.00998725
-0.0230793
0.0179023
-0.0166098
-0.00611109
-0.0106577
-0.00772211
-0.0105248
-0.00505154
-0.00321499
-0.0067211
-0.00319247
-0.034426
-0.0277631
-0.0339664
-0.0320819
-0.0339257
-0.0346923
-0.0316504
-0.0090915
-0.0168542
-0.0143934
-0.0124218
-0.0272327
-0.000867342
-0.0284207
-0.000938327
-0.000944077
-0.02897
-0.0258405
-0.025525
-0.00107281
-0.0219165
0.00179279
-0.000826481
-0.0260963
-0.0217816
-0.0241628
-0.017737
0.000908541
0.00106948
-0.000514186
-0.022142
-0.0204835
-0.0161959
0.000999197
-0.0271933
0.00078694
-0.0198772
-0.0228965
0.00912835
-0.0116944
-0.0135315
-0.011992
-0.0123292
-0.0147447
-0.012975
0.00324744
-0.018949
-0.0107068
0.0112714
-0.0135386
0.00877143
-0.0172264
0.00733108
-0.0136262
-0.017864
0.00826934
-0.00448248
-0.000949143
-0.00622253
-0.00199129
-0.0101411
-0.0113974
0.00286214
-0.0166557
-0.00767428
0.0122228
-0.00954225
-0.0146894
-0.0119437
-0.00916693
-0.00439231
-0.000762774
-0.00528794
0.00241857
-0.0273719
-0.0237866
-0.0361238
-0.0345828
-0.0338082
-0.0277125
-0.0254342
-0.00914525
-0.00865039
-0.0106759
-0.00862196
-0.0266093
-0.0423121
-0.035193
-0.0431109
-0.0355662
-0.0369717
-0.0421786
-0.0352517
-0.0425864
-0.0389752
-0.0462954
-0.038987
-0.0419493
-0.0400629
-0.0363211
-0.0450995
-0.0428434
-0.034439
-0.0398694
-0.0437739
-0.0464301
-0.0418364
-0.043885
-0.0441431
-0.0439505
-0.0437413
-0.0319766
-0.0416005
-0.0373819
-0.0412625
-0.032638
-0.0416326
-0.0317139
-0.00801508
-0.00793503
-0.00865626
-0.0289245
-0.0297634
-0.0337144
-0.0369682
-0.0276255
-0.0276804
-0.0360618
-0.0324405
-0.0378682
-0.033137
-0.0363016
-0.028525
-0.03546
-0.0366888
-0.0317918
-0.0442308
-0.0415866
-0.0225333
-0.0302102
-0.0429152
-0.0342488
-0.0367148
-0.043871
-0.0356888
-0.0240667
-0.0397662
-0.0289721
-0.0384523
-0.0393233
-0.0374333
-0.0406742
-0.0417439
-0.0408683
-0.0445969
-0.0428961
-0.0461024
-0.0378672
-0.0458327
-0.0456937
-0.0431064
-0.0435356
-0.0435777
-0.043731
-0.0435778
-0.0438542
-0.0432617
-0.0435444
-0.0354256
-0.0436615
-0.0427047
-0.0352319
-0.043012
-0.0383069
-0.0295888
-0.0365071
-0.0350818
-0.0404301
-0.0372389
-0.0404913
-0.0376288
-0.035475
-0.0141516
-0.0237276
-0.026056
-0.0157961
-0.0172068
-0.00880581
-0.0329288
-0.0431684
-0.0423937
-0.0349294
-0.0424607
-0.034859
-0.0344782
-0.0364029
-0.0401122
-0.0371225
-0.0346808
-0.040593
-0.0357693
-0.0293173
-0.0255976
-0.0431783
-0.0424902
-0.0411349
-0.0430343
-0.0428832
-0.0434033
-0.043373
-0.0342738
-0.044486
-0.032624
-0.0369632
-0.0422973
-0.0421027
-0.0416813
-0.0372962
-0.0417049
-0.0248387
-0.0423021
-0.0371048
-0.0412088
-0.0351407
-0.0337766
-0.0395191
-0.0372878
-0.0359543
-0.0410962
-0.0327171
-0.0426559
-0.0329766
-0.0432786
-0.0331246
-0.0425739
-0.0390753
-0.0217142
-0.00514854
-0.0187827
-0.0267634
-0.021016
-0.0384236
-0.0393529
-0.0270098
-0.0403783
-0.0234412
-0.0266699
-0.0410131
-0.0339342
-0.037315
-0.0263148
-0.0319727
-0.0407704
-0.0272841
-0.0373076
-0.041235
-0.0313555
-0.0411208
-0.0220029
-0.0290673
-0.0428591
-0.044474
-0.0395559
-0.0441966
-0.040871
-0.0422249
-0.0433162
-0.0428216
-0.0449541
-0.043125
-0.0393538
-0.0435706
-0.0406967
-0.04216
-0.0244251
-0.0425488
-0.0414584
-0.0344829
-0.042118
-0.0372431
-0.0288541
-0.0450264
-0.0359798
-0.0345305
-0.0372046
-0.0365168
-0.0421542
-0.0409295
-0.0365024
-0.0433672
-0.0419063
-0.0436786
-0.0357392
-0.0422775
-0.0357642
-0.0417555
-0.0438515
-0.0425887
-0.0369908
-0.0422875
-0.0368527
-0.0419977
-0.0354657
-0.0425587
-0.0439278
-0.0358864
-0.0442258
-0.0420003
-0.0385894
-0.0439989
-0.0429565
-0.043692
-0.0396452
-0.0421498
-0.0438879
-0.037861
-0.0391342
-0.0424704
-0.0399734
-0.0456923
-0.0407527
-0.0433995
-0.0331913
-0.0468159
-0.0389842
-0.0315932
-0.0399527
-0.0467294
-0.0388119
-0.0436352
-0.0467207
-0.0413898
-0.045776
-0.0429662
-0.0447719
-0.0390998
-0.0457981
-0.0441224
-0.0386332
-0.0397086
-0.0400716
-0.0460132
-0.0394704
-0.0429271
-0.0456442
-0.0306614
-0.0436416
-0.040466
-0.0437164
-0.0431858
-0.0434288
-0.0448348
-0.0432802
-0.0421794
-0.0301314
-0.0420867
-0.0329595
-0.0409747
-0.0458195
-0.031338
-0.0416689
-0.0422147
-0.0403253
-0.0462729
-0.0436412
-0.039179
-0.0434721
-0.0439943
-0.0403572
-0.0435768
-0.044217
-0.0434886
-0.0430932
-0.0436231
-0.0440234
-0.0406136
-0.0459246
-0.0435461
-0.0415892
-0.0433065
-0.0454472
-0.0431155
-0.0459776
-0.0438374
-0.0424282
-0.0430871
-0.0440464
-0.0440381
-0.0439781
-0.0340405
-0.0425798
-0.0436595
-0.0442273
-0.0435877
-0.0425566
-0.0396183
-0.0436516
-0.043188
-0.0437686
-0.0425899
-0.0407581
-0.0431553
-0.0410992
-0.0412722
-0.0316838
-0.0452382
-0.0432349
-0.0441015
-0.0401038
-0.0422031
-0.0407193
-0.0375077
-0.0401114
-0.0461415
-0.0372374
-0.0442922
-0.0282431
-0.0456598
-0.0395325
-0.0413099
-0.0432544
-0.0429809
-0.045976
-0.0441932
-0.0432298
-0.0404272
-0.0436469
-0.030135
-0.0425781
-0.0444179
-0.0424379
-0.0435827
-0.0401344
-0.040935
-0.0445824
-0.0434758
-0.0437387
-0.0445238
-0.0431883
-0.0398312
-0.0309432
-0.0400974
-0.0335617
-0.0418358
-0.0345483
-0.0420352
-0.0416947
-0.0390306
-0.0322401
-0.0401263
-0.0385637
-0.0441776
-0.0470237
-0.0405779
-0.040716
-0.0414644
-0.0441639
-0.0434842
-0.0441391
-0.0448798
-0.0360277
-0.0410502
-0.0373269
-0.0443437
-0.0417117
-0.0412721
-0.043618
-0.0415964
-0.0439021
-0.042777
-0.0378341
-0.0356637
-0.0445335
-0.0448043
-0.039827
-0.0399285
-0.0423485
-0.0431913
-0.0458371
-0.040825
-0.0453222
-0.0427826
-0.0445454
-0.043434
-0.0440442
-0.0436152
-0.0440756
-0.043394
-0.0438908
-0.0430396
-0.043223
-0.0432878
-0.044685
-0.0456109
-0.0462833
-0.0433888
-0.0442079
-0.0452274
-0.0440963
-0.0354324
-0.0361101
-0.0402785
-0.0450533
-0.0420017
-0.0418296
-0.0436239
-0.0430108
-0.0453541
-0.0433508
-0.0437097
-0.0441299
-0.045064
-0.0436118
-0.0437212
-0.0435624
-0.0404615
-0.0439965
-0.0435385
-0.0446277
-0.0447786
-0.0436435
-0.0420947
-0.0437398
-0.0431265
-0.0435149
-0.0439754
-0.0435715
-0.0445129
-0.0439556
-0.0434757
-0.0437099
-0.0438144
-0.043612
-0.0439412
-0.0440898
-0.0424394
-0.0436884
-0.0438409
-0.0439298
-0.0440996
-0.0439895
-0.0427997
-0.0379803
-0.0437868
-0.0445085
-0.0437236
-0.0441224
-0.0453527
-0.0401882
-0.0419265
-0.0426391
-0.0433492
-0.0351485
-0.0345812
-0.041523
-0.0441864
-0.0437376
-0.0428689
-0.0417082
-0.0412824
-0.0433486
-0.0434394
-0.0409848
-0.0405825
-0.0420202
-0.0441355
-0.0439841
-0.0368313
-0.0374014
-0.046889
-0.042493
-0.0450502
-0.0480985
-0.0424047
-0.0415849
-0.0435576
-0.0437225
-0.0419248
-0.0437241
-0.0379251
-0.0422729
-0.0419644
-0.0440598
-0.0422261
-0.0421321
-0.0441542
-0.0461765
-0.0430641
-0.0450499
-0.0406099
-0.0411356
-0.0403998
-0.0446611
-0.044224
-0.0418026
-0.0430263
-0.042936
-0.0352424
-0.0403125
-0.0438055
-0.0422439
-0.0431691
-0.0437364
-0.0438067
-0.0418751
-0.0358492
-0.0401585
-0.045752
-0.0485745
-0.0485903
-0.0439162
-0.0393496
-0.0405406
-0.0399924
-0.0462483
-0.0438841
-0.0422174
-0.044208
-0.0429921
-0.0366
-0.0388695
-0.0438325
-0.0439084
-0.0440695
-0.0438591
-0.042803
-0.0437103
-0.0364093
-0.0375601
-0.0428665
-0.0427027
-0.042057
-0.0439393
-0.0435225
-0.0437537
-0.0423458
-0.0430544
-0.0437439
-0.0435136
-0.0423488
-0.0430611
-0.0421174
-0.0421367
-0.0430254
-0.0435947
-0.0423457
-0.0431364
-0.0435816
-0.0438457
-0.0424357
-0.0437387
-0.0428758
-0.0373911
-0.0446168
-0.0438077
-0.0393048
-0.0440456
-0.0427016
-0.0458822
-0.0439625
-0.043063
-0.0419972
-0.0425479
-0.0451465
-0.0386722
-0.0429486
-0.044391
-0.0432728
-0.0443622
-0.0429556
-0.0441275
-0.0437503
-0.0431975
-0.0434201
-0.0430709
-0.045324
-0.0444838
-0.0429293
-0.0435576
-0.043679
-0.043594
-0.0433772
-0.0435744
-0.0437081
-0.0427743
-0.0432631
-0.042958
-0.0446199
-0.0428885
-0.0443284
-0.0396904
-0.0427454
-0.0436158
-0.0395768
-0.0411492
-0.0434833
-0.0432499
-0.0438879
-0.0433163
-0.0432185
-0.0432429
-0.0425697
-0.0433369
-0.0433525
-0.0443156
-0.0436724
-0.0433285
-0.0443214
-0.0431436
-0.0439251
-0.0442516
-0.0424727
-0.0436926
-0.0436
-0.0436832
-0.0436605
-0.0434852
-0.0436299
-0.0437234
-0.0434396
-0.0442293
-0.0436442
-0.0436133
-0.0436925
-0.0437768
-0.0437807
-0.0437653
-0.0435354
-0.0433377
-0.043311
-0.0437412
-0.0441079
-0.0432578
-0.0442571
-0.0437442
-0.0435893
-0.0434631
-0.0437767
-0.0437577
-0.0435566
-0.0434799
-0.0437825
-0.0436188
-0.0440076
-0.0435576
-0.0442595
-0.0435867
-0.0421791
-0.0439355
-0.0430148
-0.0435006
-0.0432724
-0.0433737
-0.0442638
-0.0443569
-0.0435712
-0.0432422
-0.043759
-0.0424419
-0.0436777
-0.043015
-0.043468
-0.0431576
-0.043477
-0.0438714
-0.0434974
-0.0418004
-0.0403474
-0.0432926
-0.0429545
-0.0439122
-0.0433038
-0.0428037
-0.0435246
-0.0432681
-0.043781
-0.0438787
-0.0432435
-0.0438948
-0.0436028
-0.0428426
-0.0430834
-0.0425339
-0.0438205
-0.0437384
-0.0436005
-0.0436493
-0.0439522
-0.0437786
-0.0437365
-0.0435434
-0.0432933
-0.0436897
-0.0433554
-0.0437191
-0.0438633
-0.043704
-0.0440606
-0.0435731
-0.0441099
-0.0438727
-0.0416517
-0.0440132
-0.0441204
-0.0430169
-0.0437356
-0.0434835
-0.0436636
-0.0437776
-0.0434723
-0.043595
-0.0437668
-0.0435117
-0.0434995
-0.0434131
-0.0434535
-0.0435024
-0.0436195
-0.0435548
-0.0429484
-0.0436493
-0.0434718
-0.0436371
-0.0436703
-0.0436263
-0.0436509
-0.0436307
-0.0436213
-0.043675
-0.0436223
-0.0435847
-0.0436042
-0.0436886
-0.0436554
-0.0435969
-0.0436434
-0.0436474
-0.0436114
-0.0436905
-0.0436509
-0.0437087
-0.0437001
-0.0436911
-0.0434376
-0.0432034
-0.0434012
-0.0433774
-0.0437298
-0.0436814
-0.0435691
-0.0435236
-0.0436326
-0.043629
-0.0436324
-0.0433426
-0.0436191
-0.0433794
-0.0431304
-0.0433553
-0.0435101
-0.0434044
-0.0434262
-0.0437687
-0.0435679
-0.0437142
-0.0435094
-0.0436697
-0.0436396
-0.0433881
-0.0434969
-0.0435558
-0.0434465
-0.0435383
-0.043994
-0.043667
-0.0434219
-0.0436824
-0.0435445
-0.0437572
-0.0434928
-0.0434244
-0.0435672
-0.0435287
-0.0434287
-0.0434905
-0.0435782
-0.0435
-0.0434886
-0.0435228
-0.0434496
-0.0434441
-0.0435215
-0.0435086
-0.0435182
-0.0435272
-0.0434772
-0.0435074
-0.0434696
-0.0436219
-0.0435717
-0.0437774
-0.0435673
-0.0437358
-0.043418
-0.0436839
-0.0436767
-0.0433726
-0.0435356
-0.0436489
-0.0435352
-0.0435552
-0.0440194
-0.0437285
-0.0433605
-0.0437063
-0.0435901
-0.0437322
-0.0436966
-0.0434085
-0.0435728
-0.0436744
-0.0434955
-0.0436724
-0.0433959
-0.0436757
-0.0436832
-0.0436405
-0.0435577
-0.0435626
-0.0436644
-0.0434693
-0.0435798
-0.0435959
-0.042947
-0.0435804
-0.0437664
-0.0435592
-0.0433675
-0.0439079
-0.0437898
-0.0435312
-0.0435862
-0.0436645
-0.043758
-0.0437823
-0.0436647
-0.0434072
-0.0435883
-0.04361
-0.0435885
-0.0436234
-0.0435897
-0.0435826
-0.0436794
-0.0429445
-0.0442596
-0.0436925
-0.0438018
-0.0436253
-0.0434321
-0.0443246
-0.0440451
-0.0434437
-0.0431277
-0.0435295
-0.0432761
-0.043294
-0.043404
-0.0435491
-0.0435328
-0.0435096
-0.0434223
-0.0436312
-0.0436121
-0.0425798
-0.0432447
-0.0431812
-0.0431566
-0.0435799
-0.0421565
-0.0438548
-0.0437158
-0.0434674
-0.0435086
-0.0433755
-0.0437313
-0.0434857
-0.043547
-0.0434184
-0.0435799
-0.0436082
-0.0434597
-0.0437945
-0.0435612
-0.0441608
-0.0447514
-0.0434155
-0.0434428
-0.0423703
-0.0448792
-0.0431242
-0.0434712
-0.043177
-0.0431705
-0.0422663
-0.0432167
-0.0439487
-0.0431564
-0.0431694
-0.0442769
-0.0426035
-0.0420603
-0.0430046
-0.0423952
-0.0436405
-0.0430788
-0.042377
-0.0458319
-0.0451169
-0.0433486
-0.0448819
-0.0435951
-0.0430923
-0.0442533
-0.0438403
-0.0430808
-0.0437884
-0.0445621
-0.0435489
-0.0437286
-0.0429867
-0.0433346
-0.0434188
-0.0440808
-0.0430305
-0.0432381
-0.0422682
-0.0440648
-0.0435039
-0.0435884
-0.0435806
-0.043767
-0.0442033
-0.043621
-0.0433322
-0.0434824
-0.0435659
-0.0435286
-0.0435032
-0.0436174
-0.0442426
-0.0434222
-0.0432235
-0.0439196
-0.0438468
-0.0440506
-0.0438983
-0.04167
-0.042713
-0.043715
-0.0423239
-0.0446686
-0.0429139
-0.0445455
-0.0448151
-0.0418472
-0.042893
-0.0418659
-0.0435062
-0.0425383
-0.0423545
-0.0423119
-0.0438472
-0.0428423
-0.0432738
-0.0424783
-0.0424409
-0.0444669
-0.0409708
-0.0419417
-0.0401509
-0.0416403
-0.0425056
-0.0458103
-0.0409567
-0.0452468
-0.0470089
-0.0398849
-0.0470348
-0.0421022
-0.0452247
-0.0445529
-0.0424748
-0.041013
-0.0460506
-0.0437187
-0.0408306
-0.0420061
-0.0462104
-0.0400277
-0.0411956
-0.0444669
-0.0437686
-0.0460225
-0.0431702
-0.0438621
-0.042794
-0.0437238
-0.042864
-0.0455213
-0.0414157
-0.0426284
-0.0428889
-0.045465
-0.0433009
-0.0462537
-0.0413925
-0.0468036
-0.0405968
-0.04747
-0.0387547
-0.0446605
-0.0464581
-0.0389491
-0.0399809
-0.0394214
-0.0413743
-0.0447234
-0.0424425
-0.0426816
-0.0385231
-0.0473375
-0.0395989
-0.0396302
-0.0430725
-0.0447725
-0.0427943
-0.0429513
-0.0442144
-0.044452
-0.044223
-0.043442
-0.0395479
-0.043594
-0.0425872
-0.0437868
-0.0436929
-0.0439131
-0.0434969
-0.044165
-0.0438336
-0.0396779
-0.0444744
-0.044535
-0.0403505
-0.0440074
-0.0389784
-0.0438877
-0.0437457
-0.0428756
-0.043782
-0.041918
-0.0423105
-0.0426061
-0.0430364
-0.0420336
-0.0426208
-0.0425267
-0.0433981
-0.0428946
-0.04353
-0.0438105
-0.0438118
-0.0429876
-0.0429116
-0.0439165
-0.0435407
-0.0437617
-0.0427445
-0.0437027
-0.0428536
-0.0439334
-0.0430393
-0.0434136
-0.0433389
-0.0432243
-0.0438919
-0.0437728
-0.0425799
-0.0432831
-0.043954
-0.0434871
-0.0442578
-0.043887
-0.0397193
-0.0429262
-0.0438009
-0.0428819
-0.0439133
-0.0442172
-0.0438049
-0.0434044
-0.0429751
-0.0434806
-0.0437727
-0.0438388
-0.0423912
-0.0428224
-0.0434652
-0.0426412
-0.043844
-0.0436571
-0.0437942
-0.0435753
-0.0439707
-0.0436413
-0.0435937
-0.0444484
-0.0407447
-0.044011
-0.0426114
-0.0406194
-0.0437367
-0.0444041
-0.0436665
-0.0450751
-0.0437442
-0.0435661
-0.0435483
-0.0435587
-0.0438179
-0.0425123
-0.04373
-0.043749
-0.0436932
-0.0435589
-0.0441747
-0.0437708
-0.0434907
-0.0419556
-0.0420847
-0.0417423
-0.042858
-0.0428063
-0.0423888
-0.0410928
-0.0427477
-0.0460748
-0.0442488
-0.0404931
-0.044571
-0.0420244
-0.0435449
-0.0438799
-0.0445045
-0.0421419
-0.0453856
-0.0418789
-0.0440718
-0.046833
-0.0435836
-0.0440985
-0.0437635
-0.0440571
-0.0435794
-0.0431699
-0.0437902
-0.0445712
-0.0419589
-0.0437142
-0.0431483
-0.0427026
-0.0446542
-0.0436716
-0.0433616
-0.0441536
-0.043485
-0.0437286
-0.0435403
-0.0432991
-0.0431372
-0.0421875
-0.0436826
-0.0436302
-0.0437433
-0.0436828
-0.0436374
-0.0438335
-0.0437982
-0.0436261
-0.042838
-0.0434729
-0.0437559
-0.0435872
-0.0436312
-0.0436716
-0.0436267
-0.0438579
-0.043602
-0.0443519
-0.0441118
-0.0438324
-0.043645
-0.0436815
-0.0439662
-0.043606
-0.0436774
-0.0424771
-0.0447735
-0.0439844
-0.0446488
-0.0431454
-0.0447424
-0.0418391
-0.0435498
-0.0425062
-0.0424453
-0.0430713
-0.042019
-0.0449553
-0.0425595
-0.0435839
-0.0437372
-0.0432766
-0.0451379
-0.0435279
-0.0431556
-0.0433254
-0.0424049
-0.0433599
-0.043294
-0.0440234
-0.042687
-0.0444582
-0.0433135
-0.042181
-0.04311
-0.0425985
-0.0436224
-0.042865
-0.0457593
-0.0423997
-0.044893
-0.0450765
-0.043283
-0.0436627
-0.0431444
-0.043817
-0.044124
-0.0438335
-0.0433047
-0.0442389
-0.0437533
-0.042943
-0.0442871
-0.0437873
-0.0436102
-0.0435521
-0.0437973
-0.0432651
-0.0438387
-0.0438607
-0.0433272
-0.0439121
-0.0436575
-0.042834
-0.0431869
-0.042553
-0.0438909
-0.0437591
-0.0436678
-0.0436348
-0.0439373
-0.0435418
-0.0438105
-0.0437356
-0.0433476
-0.0437172
-0.0434761
-0.0436899
-0.0438768
-0.0441385
-0.0437068
-0.043552
-0.0441941
-0.0438932
-0.0416058
-0.0429834
-0.0440678
-0.0441082
-0.0410618
-0.0438689
-0.0434636
-0.0432308
-0.0430908
-0.043299
-0.0431353
-0.042564
-0.0432304
-0.0433129
-0.0442889
-0.0433101
-0.0435935
-0.0438964
-0.0430785
-0.0442366
-0.0442846
-0.0424917
-0.0436792
-0.0434816
-0.0438695
-0.043159
-0.0417538
-0.0435838
-0.040463
-0.0433776
-0.0433487
-0.0428794
-0.0436381
-0.0430473
-0.044034
-0.0436
-0.0440949
-0.0434654
-0.0436157
-0.0436156
-0.04369
-0.0435144
-0.0440895
-0.0431235
-0.0433418
-0.0436146
-0.044431
-0.0434833
-0.0444802
-0.0436666
-0.0433644
-0.0426128
-0.0438073
-0.0436026
-0.0437106
-0.0432558
-0.0444898
-0.0407871
-0.043916
-0.0438504
-0.0438087
-0.0437128
-0.0436341
-0.0439949
-0.0435347
-0.0436634
-0.0428284
-0.046122
-0.0407036
-0.0442381
-0.0421261
-0.0446199
-0.0436988
-0.0436605
-0.0445099
-0.0421516
-0.0452632
-0.0439295
-0.0418085
-0.0466461
-0.0435846
-0.0440557
-0.0440744
-0.0437399
-0.0437354
-0.0431853
-0.0436967
-0.0443858
-0.0417014
-0.0436472
-0.0431178
-0.0424941
-0.040903
-0.0443263
-0.0426763
-0.0434717
-0.0432765
-0.0439499
-0.0439986
-0.0434342
-0.0426624
-0.044073
-0.0435655
-0.0442356
-0.0439682
-0.0397509
-0.0438763
-0.0429541
-0.042921
-0.044017
-0.0442212
-0.043489
-0.0438227
-0.0435843
-0.0439151
-0.0428866
-0.0440045
-0.0425817
-0.0429124
-0.0427194
-0.0436179
-0.0427562
-0.0445341
-0.043836
-0.0407315
-0.0451995
-0.0438375
-0.0438211
-0.0436513
-0.0440908
-0.0436157
-0.0437796
-0.0434973
-0.041954
-0.043918
-0.0437093
-0.0437326
-0.0437292
-0.0439368
-0.0438993
-0.0426745
-0.0429167
-0.0423962
-0.0412453
-0.0422359
-0.041931
-0.0430286
-0.0466885
-0.0423677
-0.0394466
-0.0413816
-0.0412831
-0.0430755
-0.0387937
-0.0456637
-0.0431078
-0.041833
-0.0464573
-0.0422637
-0.0436016
-0.0456001
-0.0435262
-0.0436211
-0.0440014
-0.040467
-0.0445319
-0.0391752
-0.0389039
-0.0425625
-0.0456838
-0.0448618
-0.0446428
-0.0474877
-0.0363214
-0.0475687
-0.0437565
-0.0419969
-0.0440473
-0.0422133
-0.0427671
-0.0415749
-0.0413829
-0.0422455
-0.0399836
-0.0403621
-0.0453167
-0.0472701
-0.0355888
-0.0447369
-0.036108
-0.0350929
-0.0447215
-0.0398564
-0.0465103
-0.0445391
-0.041288
-0.0456322
-0.0468632
-0.0369266
-0.0445521
-0.0351846
-0.037269
-0.0406749
-0.0331506
-0.0429038
-0.04581
-0.0356277
-0.0357597
-0.0448279
-0.0449373
-0.0394909
-0.0435514
-0.0404248
-0.0403001
-0.0429403
-0.0442809
-0.0442097
-0.0353371
-0.0381554
-0.0377905
-0.0471319
-0.0449308
-0.0399773
-0.047484
-0.0446732
-0.0369164
-0.0450908
-0.042204
-0.0431011
-0.0454845
-0.0371863
-0.0398966
-0.0468069
-0.0445973
-0.0391534
-0.045477
-0.0384758
-0.0421785
-0.0394734
-0.0473471
-0.0448501
-0.0403327
-0.045576
-0.0376848
-0.042053
-0.036711
-0.0369792
-0.0466402
-0.036555
-0.0423003
-0.0460878
-0.039154
-0.0433884
-0.0453307
-0.0372375
-0.0410698
-0.040618
-0.0472047
-0.0430884
-0.0399849
-0.0402504
-0.0399397
-0.0443052
-0.0407359
-0.0438935
-0.0395685
-0.0454302
-0.042725
-0.0445507
-0.042124
-0.0437081
-0.0416498
-0.0419451
-0.0418017
-0.0427128
-0.0442467
-0.0440667
-0.0437525
-0.0442545
-0.0436735
-0.0422188
-0.0437984
-0.0438577
-0.042569
-0.0433338
-0.0450606
-0.0436049
-0.0444044
-0.0445274
-0.0428632
-0.0423503
-0.0426458
-0.0480152
-0.0342699
-0.0442952
-0.0422717
-0.0455081
-0.0482588
-0.0431873
-0.0353069
-0.0460183
-0.0434944
-0.043042
-0.0442101
-0.0356882
-0.0475756
-0.0438466
-0.0414892
-0.0433864
-0.0417721
-0.0423733
-0.0417135
-0.0438095
-0.0412635
-0.0433794
-0.0434566
-0.0448538
-0.0434973
-0.0417411
-0.0434061
-0.0439106
-0.0450015
-0.0452001
-0.0455579
-0.036296
-0.0456115
-0.0430671
-0.0353058
-0.0465057
-0.0439234
-0.0428656
-0.0450676
-0.0420784
-0.046575
-0.0351084
-0.0432057
-0.0464807
-0.0415416
-0.0462191
-0.0432371
-0.0414248
-0.0431351
-0.0471606
-0.0434073
-0.0433638
-0.0441627
-0.0433984
-0.0423973
-0.0468893
-0.0462118
-0.0370854
-0.0359917
-0.0470517
-0.0420903
-0.0479924
-0.0482862
-0.0381882
-0.04507
-0.037414
-0.0453142
-0.0486277
-0.0410858
-0.0468038
-0.0363953
-0.0356441
-0.0468672
-0.0452053
-0.0446445
-0.0354484
-0.0460177
-0.0451547
-0.0464779
-0.033115
-0.0338703
-0.0449901
-0.0339837
-0.0417023
-0.0426485
-0.032924
-0.0439575
-0.0323014
-0.0407083
-0.0415291
-0.0479971
-0.0342077
-0.0435566
-0.046714
-0.0448424
-0.0411178
-0.0465847
-0.0485618
-0.032248
-0.0433705
-0.0482992
-0.0408099
-0.0465268
-0.0460574
-0.0456759
-0.0326284
-0.0466123
-0.0341818
-0.0411279
-0.0443534
-0.0440392
-0.0419209
-0.0455008
-0.0316161
-0.0429376
-0.0298264
-0.0456702
-0.0442245
-0.0407908
-0.0440464
-0.0434632
-0.0452644
-0.0391432
-0.0436902
-0.0436312
-0.0462767
-0.0433144
-0.0422667
-0.0402324
-0.0320279
-0.0474398
-0.0305416
-0.0422932
-0.0402802
-0.0406323
-0.0435786
-0.0347403
-0.0448043
-0.0371316
-0.0440811
-0.0379508
-0.0375853
-0.0396939
-0.0358758
-0.0430474
-0.0399917
-0.0384453
-0.0443168
-0.0442607
-0.0417718
-0.0351994
-0.045336
-0.0394309
-0.0465964
-0.0356957
-0.0469747
-0.0366489
-0.0461199
-0.0400967
-0.0460995
-0.0444151
-0.0389568
-0.0394632
-0.0346634
-0.0444914
-0.0460007
-0.0446675
-0.0359421
-0.0365515
-0.043799
-0.0438421
-0.0399216
-0.0397164
-0.0429859
-0.0434312
-0.0440475
-0.043407
-0.0397275
-0.043581
-0.044958
-0.0445997
-0.0442741
-0.04383
-0.0406743
-0.043463
-0.0442358
-0.0434615
-0.0439992
-0.0449731
-0.034242
-0.0452373
-0.0433469
-0.0453606
-0.0318418
-0.0440291
-0.0486991
-0.03945
-0.0421012
-0.043581
-0.0428075
-0.0406527
-0.0336291
-0.043423
-0.0436454
-0.0443854
-0.0435207
-0.0457808
-0.03039
-0.045973
-0.0426966
-0.0282518
-0.0296579
-0.0443689
-0.0425478
-0.0423367
-0.0460444
-0.0403656
-0.043544
-0.0389623
-0.0435589
-0.0417728
-0.0453702
-0.0410015
-0.0431865
-0.041289
-0.0460476
-0.0447142
-0.0398635
-0.0446689
-0.0437276
-0.0377061
-0.0404249
-0.0407632
-0.041021
-0.0374327
-0.0404052
-0.0433643
-0.0434839
-0.0441205
-0.0414113
-0.043634
-0.0455376
-0.0404442
-0.046496
-0.0426911
-0.032099
-0.0433346
-0.0412642
-0.0371488
-0.0447703
-0.0400332
-0.0362063
-0.0460234
-0.0294204
-0.0357411
-0.0426696
-0.043514
-0.0422247
-0.0395856
-0.0426172
-0.0399444
-0.0323332
-0.0435969
-0.0419944
-0.0414009
-0.0373388
-0.0361457
-0.0298614
-0.0401922
-0.0404559
-0.0381167
-0.0376309
-0.0383027
-0.0377344
-0.038273
-0.0375882
-0.0424637
-0.0372589
-0.0398974
-0.0429342
-0.0398872
-0.0423342
-0.0458321
-0.0460962
-0.0467916
-0.043034
-0.0301195
-0.046767
-0.0447156
-0.0389207
-0.0447011
-0.0462888
-0.0381346
-0.0436451
-0.0453621
-0.0430394
-0.0441625
-0.0384445
-0.0454791
-0.0317734
-0.0422101
-0.0436405
-0.0366212
-0.0312789
-0.0353429
-0.0125177
-0.0276852
-0.0355711
-0.030047
-0.0178732
-0.0228694
-0.0284891
-0.03917
-0.0322013
-0.0186591
-0.0345708
-0.0334434
-0.0238784
-0.00714282
-0.0306298
-0.0431854
-0.0440915
-0.0404265
-0.0405881
-0.0435757
-0.0407673
-0.041914
-0.0413909
-0.0281915
-0.0444914
-0.0292364
-0.0378939
-0.0363562
-0.0393648
-0.0446437
-0.0395553
-0.0435147
-0.0432325
-0.0437564
-0.0451313
-0.0386806
-0.0437891
-0.0431334
-0.0373057
-0.0426482
-0.0433756
-0.0417431
-0.0319185
-0.033967
-0.0425579
-0.0347124
-0.0308868
-0.0417462
-0.0179602
-0.0169405
-0.00703758
-0.0381114
-0.0431963
-0.0306549
-0.0346378
-0.0390672
-0.0340008
-0.0355726
-0.03628
-0.0245973
-0.0291298
-0.0148075
-0.0299893
-0.0344228
-0.0273766
-0.0364691
-0.0284571
-0.037625
-0.0240877
-0.037932
-0.0323799
-0.0337792
-0.0296645
-0.0386515
-0.0371323
-0.0241849
-0.0360756
-0.0368938
-0.0276753
-0.0371976
-0.04454
-0.0441537
-0.0436772
-0.0403928
-0.0450413
-0.0422901
-0.0434267
-0.0351431
-0.0307139
-0.0298691
-0.0221841
-0.0192678
-0.0387176
-0.0346267
-0.0250506
-0.0340468
-0.0193476
-0.0339453
-0.0373753
-0.0280439
-0.0311471
-0.0193605
-0.0276672
-0.0251232
-0.0150667
-0.0378921
-0.036156
-0.0440867
-0.0352081
-0.0424403
-0.0391781
-0.0404189
-0.043549
-0.0403556
-0.0432149
-0.0426492
-0.0437018
-0.0373686
-0.039649
-0.0439132
-0.0445506
-0.0389892
-0.0430366
-0.0370031
-0.0437122
-0.0383897
-0.036909
-0.0402588
-0.0370803
-0.0348547
-0.0347294
-0.0431298
-0.0432761
-0.0336598
-0.0401181
-0.0430764
-0.0438078
-0.0304707
-0.0385438
-0.03301
-0.0161533
-0.022582
-0.0281741
-0.0368317
-0.0309086
-0.0401324
-0.0383886
-0.0402573
-0.0269865
-0.042141
-0.0267832
-0.0380373
-0.0354094
-0.0365064
-0.0326205
-0.02823
-0.0255982
-0.0263936
-0.0304222
-0.0155432
-0.0154556
-0.0254754
-0.0118608
-0.0238212
-0.0180594
-0.0270217
-0.0148476
0.00741367
-0.000344939
0.0138365
-0.00208166
-0.0222886
-0.0228335
-0.0336967
-0.0314327
-0.0228675
-0.0228967
-0.0312332
0.0154218
0.0170771
-0.0180616
-0.0281989
-0.0243085
-0.0340231
-0.014239
-0.0237596
-0.0305838
0.0119993
-0.0131521
-0.0234419
-0.0267423
-0.0170262
-0.012041
-0.026957
-0.0169885
-0.0169676
0.00937934
-0.0176326
0.0092607
-0.0180884
-0.00087286
0.00356861
-0.021922
-0.0120655
-0.0166219
-0.00235027
0.0028484
-0.0317767
-0.0275647
-0.0213635
-0.0229828
-0.0325977
-0.0179235
-0.030672
-0.0310105
-0.0207693
-0.0181434
-0.0279291
-0.0155711
-0.033172
-0.0281004
0.00920955
0.0105624
-0.0171289
-0.0155275
0.000693484
-0.0131069
-0.0140832
0.00635398
-0.0142166
0.0120025
-0.0223145
-0.0083465
-0.00955302
-0.00741899
-0.0107174
0.013441
-0.00823741
0.00823657
-0.0118981
-0.0332491
-0.0240689
-0.0269462
-0.0104604
-0.0336503
-0.0242641
-0.0265068
-0.00632506
-0.0269806
-0.0248853
-0.000336345
-0.0266185
-0.00516524
-0.00659054
-0.0102579
-0.0179476
-0.0344649
-0.0324575
-0.0312067
-0.0205274
-0.0149229
-0.00136565
-0.0019797
0.00556923
-0.0107022
-0.0310752
-0.0337682
-0.0214193
-0.0304322
-0.0215488
-0.0147822
-0.00428351
-0.0261094
-0.0294156
-0.00935739
-0.0277471
-0.0144684
-0.00828604
-0.00902987
-0.0262904
0.00380267
-0.0216563
-0.00404752
-0.026745
0.000755124
0.000838428
0.00577068
0.00257624
0.00314393
-0.0174958
-0.0196407
-0.0287388
-0.0291385
-0.0199799
-0.029565
-0.0165648
0.00499208
0.00542987
-0.0180135
-0.031108
-0.0197149
-0.029619
-0.0193166
-0.0172207
-0.0305634
0.00740095
-0.013391
-0.0228134
-0.0279974
-0.000883846
-0.0278486
-0.0011946
-0.0139292
-0.0349724
-0.0317794
-0.0211936
-0.00835589
-0.0317756
-0.0352694
-0.0236537
-0.0319937
-0.0230282
-0.00915993
-0.0302773
-0.0280771
-0.0226044
-0.032775
-0.0148573
-0.00149576
-0.00383072
0.00172548
-0.00124033
-0.00978198
-0.00953654
-0.0142452
-0.0167231
-0.00795689
-0.00530553
-0.00681609
-0.0295539
-0.021539
-0.0279519
-0.0130734
-0.029696
-0.0205913
-0.0281062
0.00875716
0.000805631
-0.0185219
-0.004949
-0.000535812
-0.00775369
0.00603092
0.00390214
0.00548932
0.00517191
-0.0181775
0.0054076
-0.0105636
0.00344359
-0.0105823
0.00560618
0.000310161
0.00353457
0.00440978
-0.0151272
-0.0252428
-0.00834594
-0.0215052
-0.0176117
-0.0264488
0.000863951
0.00471294
0.0108932
0.0113452
-0.024879
-0.0284926
-0.028826
-0.0291687
-0.0232795
-0.0254647
-0.0267848
-0.0224714
-0.0284396
-0.0220071
-0.0299858
-0.0187781
-0.0187919
-0.0271814
-0.0168899
-0.0184836
-0.0267722
-0.000779969
-0.0107258
-0.0282996
0.00241614
0.00919243
-0.0171416
0.0105468
-0.0155479
0.000679853
-0.0131252
-0.0140836
0.00634308
-0.0142292
0.0119973
-0.0223174
-0.00834914
-0.00954951
-0.007424
0.0134399
-0.0107251
-0.00825499
0.00822449
-0.0119131
-0.0332614
-0.0240845
-0.0104718
-0.026961
-0.0242758
-0.0336639
-0.0265204
0.00936176
-0.0169898
-0.0176535
0.00924066
-0.0181011
-0.000878783
0.00356154
-0.0219321
-0.0120627
-0.0166295
-0.0023659
0.0028415
-0.0317787
-0.0275588
-0.0213691
-0.0229838
-0.0179273
-0.0326004
-0.03067
-0.0310196
-0.0207837
-0.0279421
-0.018154
-0.0331848
-0.0155801
-0.0281079
-0.00904752
-0.0263036
-0.0216711
0.0037866
-0.0267538
-0.00406524
0.000735263
-0.0174974
-0.0196391
-0.028727
-0.0291338
-0.0295537
-0.0199792
-0.0165643
0.000803724
0.0057614
0.00256018
0.00310804
0.00495353
0.00540477
-0.0180336
-0.0311212
-0.0296203
-0.0197299
-0.0305673
-0.0193302
-0.017247
-0.0133983
-0.0228256
-0.0279969
-0.000883535
-0.0278503
-0.0139287
-0.00120281
0.00735921
-0.00631134
-0.0269821
-0.000340298
-0.02486
-0.0051713
-0.0265958
-0.00657074
-0.00138271
-0.00197362
0.00555491
-0.0102212
-0.0179013
-0.0344341
-0.0323931
-0.0205001
-0.031143
-0.0148673
-0.0106948
-0.0310772
-0.0214252
-0.0337611
-0.021545
-0.0147895
-0.03044
-0.00425089
-0.0260618
-0.0293468
-0.00929206
-0.0276988
-0.00823979
-0.0144041
-0.0295398
-0.0215336
-0.0130784
-0.0279516
-0.028094
-0.0205919
-0.0296942
0.00872221
-0.0185434
0.00077096
-0.00495659
-0.000570018
-0.00776623
0.00601126
0.00384793
0.00547496
0.00512824
-0.0181956
0.00540138
-0.0105792
0.00557612
0.00343124
-0.0105972
0.000304321
0.00349967
0.00439796
-0.0349082
-0.03169
-0.0211153
-0.00829064
-0.0235895
-0.035183
-0.0317093
-0.0319527
-0.0230043
-0.0302527
-0.00911041
-0.0327543
-0.0225613
-0.0280278
-0.00150184
-0.0148299
-0.00381869
0.00174727
-0.00120862
-0.00970744
-0.00947214
-0.0141932
-0.0166462
-0.00790244
-0.00529118
-0.0067757
-0.0431766
-0.0440708
-0.0405599
-0.0404228
-0.0407421
-0.0435789
-0.0419061
-0.0261854
-0.0377084
-0.0287368
-0.0424719
-0.0372443
-0.0429381
-0.0398861
-0.0423422
-0.0398844
-0.0458317
-0.0461051
-0.0467925
-0.0430363
-0.0301118
-0.0447287
-0.0467734
-0.0389155
-0.0447156
-0.0462747
-0.0436597
-0.0381212
-0.0430512
-0.0441741
-0.0453634
-0.0384404
-0.0454955
-0.0317616
-0.0436526
-0.0422215
-0.0179345
-0.0168884
-0.00701454
-0.038087
-0.030635
-0.0431856
-0.0346089
-0.039052
-0.0355479
-0.0339789
-0.0362586
-0.0245877
-0.0291197
-0.0147702
-0.0344196
-0.0299551
-0.0273618
-0.0364566
-0.0284411
-0.0376243
-0.024089
-0.0337807
-0.0379204
-0.0323722
-0.0296436
-0.0386304
-0.0241566
-0.0371193
-0.0360576
-0.0413866
-0.0444891
-0.0281804
-0.0292145
-0.0378888
-0.0363401
-0.039357
-0.0446506
-0.043524
-0.0395547
-0.0432406
-0.0451404
-0.0437652
-0.038671
-0.0437909
-0.0431411
-0.0372908
-0.0426559
-0.0433693
-0.0417417
-0.031903
-0.0339611
-0.042565
-0.0346992
-0.0308716
-0.0417395
-0.0350867
-0.0305868
-0.0297768
-0.0221144
-0.0191918
-0.0386556
-0.034546
-0.0339698
-0.0249554
-0.0192678
-0.0339178
-0.0373396
-0.0310868
-0.027953
-0.0192359
-0.0275786
-0.0250265
-0.0150003
-0.045049
-0.0441562
-0.0439496
-0.0290244
-0.0446781
-0.0446759
-0.0402395
-0.044048
-0.0396791
-0.0354739
-0.0382351
-0.044723
-0.0426751
-0.0387901
-0.0427286
-0.040259
-0.0452198
-0.0409516
-0.0443462
-0.0437415
-0.0362902
-0.0414453
-0.0397109
-0.0358842
-0.037705
-0.0359501
-0.0368474
-0.0276674
-0.0372261
-0.0430808
-0.0335477
-0.0432868
-0.0400513
-0.0430573
-0.0303621
-0.043788
-0.038433
-0.0329066
-0.0160514
-0.0224911
-0.0307872
-0.0367347
-0.0280509
-0.040087
-0.0382842
-0.0401892
-0.0268886
-0.0420926
-0.0379674
-0.0266803
-0.0353193
-0.0363944
-0.0254771
-0.028155
-0.0325508
-0.0262651
-0.0303055
-0.0154595
-0.0379206
-0.0440989
-0.0361483
-0.0351476
-0.0424724
-0.0391647
-0.0404324
-0.0435056
-0.0432427
-0.0403844
-0.0426053
-0.0436958
-0.0374302
-0.0396532
-0.0439441
-0.0445858
-0.0389662
-0.043041
-0.0437303
-0.0370125
-0.0384073
-0.0369748
-0.0403536
-0.0370478
-0.0347862
-0.0346895
-0.0298123
-0.0456768
-0.0442173
-0.0407949
-0.041118
-0.044348
-0.0440348
-0.0419072
-0.0429218
-0.0455036
-0.0315941
-0.0440649
-0.0434845
-0.0391479
-0.0452812
-0.0436565
-0.0462849
-0.0437034
-0.0305385
-0.0422953
-0.043322
-0.0422984
-0.040234
-0.0474473
-0.0320252
-0.0326273
-0.0465967
-0.0341706
-0.0402799
-0.0435873
-0.0406354
-0.0371288
-0.0347344
-0.0448146
-0.0440757
-0.0379478
-0.0428866
-0.0412658
-0.0436016
-0.046326
-0.0436429
-0.0438988
-0.0433502
-0.0436026
-0.035956
-0.0438867
-0.0463356
-0.0420026
-0.0410461
-0.0341644
-0.04404
-0.0459317
-0.0401054
-0.0427472
-0.0448915
-0.0424958
-0.0492161
-0.0402277
-0.0429665
-0.0468314
-0.044682
-0.0359452
-0.0365327
-0.0438041
-0.0397224
-0.0438462
-0.0399329
-0.0430035
-0.0434526
-0.0440197
-0.0434045
-0.0436052
-0.0397164
-0.0449936
-0.0376284
-0.0384619
-0.0443423
-0.0397047
-0.0358853
-0.0430592
-0.0400114
-0.0356784
-0.0469869
-0.0366563
-0.0461517
-0.0401037
-0.0442862
-0.0417799
-0.0352304
-0.0453303
-0.0394915
-0.0465873
-0.0461061
-0.0444523
-0.0394799
-0.0389669
-0.0459795
-0.0445046
-0.0346799
-0.0446305
-0.0442494
-0.0438279
-0.0406774
-0.0442293
-0.0434683
-0.0434594
-0.0440324
-0.0341841
-0.0449954
-0.0421379
-0.0434573
-0.0428241
-0.0406117
-0.0435266
-0.0436216
-0.0336022
-0.0453248
-0.043397
-0.0454318
-0.0318386
-0.044114
-0.0394511
-0.0487582
-0.0436969
-0.0377578
-0.0404395
-0.0407443
-0.0409862
-0.0374719
-0.0404042
-0.0433236
-0.0434364
-0.0440974
-0.041358
-0.0436142
-0.0454644
-0.0404526
-0.0443405
-0.0427063
-0.0282425
-0.0434811
-0.0457863
-0.0303594
-0.0459803
-0.043513
-0.0388889
-0.0435221
-0.0417101
-0.0453224
-0.029596
-0.0443811
-0.0425112
-0.0423412
-0.0460369
-0.0403481
-0.0409467
-0.0431386
-0.0460264
-0.041278
-0.0398331
-0.0447148
-0.0446639
-0.0429768
-0.0324792
-0.0429505
-0.0401948
-0.0381762
-0.0404554
-0.0383688
-0.037779
-0.0376785
-0.0382816
-0.0376622
-0.0457907
-0.0357655
-0.0356264
-0.0449246
-0.0448182
-0.0394846
-0.0435335
-0.0403055
-0.0404185
-0.0441923
-0.0429288
-0.0442672
-0.0399723
-0.0403508
-0.0453034
-0.0355809
-0.0447225
-0.0472553
-0.0361027
-0.0350902
-0.0447195
-0.0465071
-0.0398437
-0.0381643
-0.0377864
-0.0471206
-0.0450774
-0.0422014
-0.0431061
-0.0454721
-0.0371886
-0.0449221
-0.0399696
-0.0474695
-0.0446612
-0.0369155
-0.0394654
-0.0473365
-0.0448352
-0.0403343
-0.0420403
-0.0455588
-0.0376923
-0.0398851
-0.046792
-0.0445825
-0.0391442
-0.0454603
-0.038466
-0.042169
-0.0353314
-0.0437798
-0.0440223
-0.0437017
-0.0438001
-0.0404725
-0.0444604
-0.0432462
-0.039398
-0.0365558
-0.048137
-0.0423207
-0.0442742
-0.0436296
-0.0456912
-0.0431372
-0.0405478
-0.0460553
-0.0442389
-0.043315
-0.0441512
-0.0388696
-0.0473511
-0.0443744
-0.0443185
-0.0367223
-0.0365393
-0.0422847
-0.0460833
-0.0391404
-0.0369593
-0.0466407
-0.0472057
-0.0430887
-0.0399911
-0.0402301
-0.0399486
-0.0443057
-0.0433778
-0.0453922
-0.0372247
-0.0410843
-0.0405921
-0.0407228
-0.0438881
-0.0454299
-0.0395443
-0.0421244
-0.0445669
-0.0427153
-0.0437213
-0.0416639
-0.0419441
-0.041786
-0.0442362
-0.0427166
-0.0440732
-0.043781
-0.0443064
-0.0436884
-0.0421937
-0.0438881
-0.0425366
-0.0438063
-0.0432847
-0.0450372
-0.0436042
-0.0443473
-0.0428611
-0.0445539
-0.0423082
-0.0426497
-0.0342659
-0.0480029
-0.0434621
-0.0429816
-0.0441574
-0.035624
-0.0438289
-0.041369
-0.0475177
-0.0443098
-0.0421165
-0.0453927
-0.0481825
-0.0431868
-0.0459575
-0.0352445
-0.0432857
-0.0417059
-0.0423495
-0.0416847
-0.0433753
-0.0411878
-0.0437195
-0.0434074
-0.0448844
-0.0434244
-0.0417784
-0.0432109
-0.0450574
-0.0437863
-0.0452179
-0.0456787
-0.0430569
-0.0353946
-0.0465282
-0.0455753
-0.0363395
-0.0351779
-0.0431461
-0.046454
-0.0415506
-0.0461924
-0.0432087
-0.043868
-0.0427408
-0.0450866
-0.0420808
-0.0465235
-0.0414351
-0.0431405
-0.0433996
-0.0471376
-0.044176
-0.0433339
-0.0433532
-0.0453839
-0.0486823
-0.0411157
-0.0364499
-0.0468476
-0.0356635
-0.0469101
-0.045231
-0.0446764
-0.0354836
-0.0460369
-0.0438309
-0.0477951
-0.0423186
-0.0363078
-0.0481844
-0.0341373
-0.0472444
-0.0482906
-0.045062
-0.0365039
-0.0465836
-0.0465146
-0.0331395
-0.0329283
-0.0439484
-0.0323015
-0.0415161
-0.0407286
-0.0338968
-0.0450458
-0.0340516
-0.0426839
-0.0417446
-0.0486106
-0.0322718
-0.0434105
-0.048349
-0.040839
-0.04613
-0.0465667
-0.0480383
-0.0342101
-0.0435697
-0.0467632
-0.0411345
-0.0448875
-0.0466102
-0.0456908
-0.045215
-0.0429557
-0.0442093
-0.0444665
-0.0441839
-0.0395339
-0.0434338
-0.0435953
-0.0396613
-0.0430752
-0.0428031
-0.0448147
-0.0425998
-0.0437919
-0.043915
-0.0436795
-0.0441589
-0.0438292
-0.0435008
-0.0445529
-0.0402922
-0.044028
-0.043884
-0.0389909
-0.0396771
-0.0444921
-0.0437586
-0.0437923
-0.0428698
-0.0426093
-0.0419243
-0.0423198
-0.0430551
-0.0420457
-0.0438402
-0.0436435
-0.0435733
-0.0437169
-0.043664
-0.043947
-0.0435279
-0.0409165
-0.044382
-0.0426395
-0.0426321
-0.0425117
-0.043416
-0.0428903
-0.0435264
-0.0437962
-0.0438049
-0.0428978
-0.0439146
-0.0429834
-0.0435454
-0.0437401
-0.0427235
-0.043701
-0.0428621
-0.0439382
-0.0434283
-0.0430359
-0.0426326
-0.0437405
-0.0406173
-0.0444532
-0.0436774
-0.0451002
-0.0437554
-0.0435825
-0.0435765
-0.0435477
-0.0438344
-0.0437397
-0.0425082
-0.0437618
-0.043712
-0.0435701
-0.0441927
-0.0437911
-0.0419678
-0.0434906
-0.0421018
-0.0417559
-0.042875
-0.0428203
-0.0423924
-0.0411002
-0.0427071
-0.0442175
-0.0460606
-0.0405587
-0.0444636
-0.0435547
-0.0420326
-0.0437179
-0.0445675
-0.0421498
-0.0453384
-0.0418108
-0.0441118
-0.0467988
-0.0434684
-0.0440962
-0.0438129
-0.0439892
-0.0435722
-0.0431252
-0.0438023
-0.0444648
-0.0419151
-0.043122
-0.0436625
-0.0426274
-0.0444133
-0.0407684
-0.0439815
-0.043574
-0.0438
-0.04339
-0.0430792
-0.0441895
-0.0435128
-0.0430606
-0.0434227
-0.0435215
-0.0436486
-0.0438796
-0.0437213
-0.0441639
-0.0433154
-0.0431302
-0.0421028
-0.043961
-0.0434155
-0.0436368
-0.0435089
-0.0434454
-0.0435104
-0.0434344
-0.0442882
-0.0432133
-0.0439454
-0.0438882
-0.0440677
-0.0439985
-0.0427507
-0.0417424
-0.0446573
-0.0436721
-0.044157
-0.0433643
-0.0437298
-0.0434832
-0.043545
-0.0436328
-0.0437437
-0.0436821
-0.0436371
-0.0437992
-0.0436266
-0.0438349
-0.0432932
-0.0431273
-0.0436738
-0.0421765
-0.0428371
-0.0434738
-0.0437581
-0.0435825
-0.043668
-0.043627
-0.0438569
-0.0435996
-0.0436224
-0.044115
-0.0438379
-0.0436494
-0.0436864
-0.0436098
-0.0436816
-0.0439719
-0.0443574
-0.0436203
-0.042925
-0.0457677
-0.0424613
-0.0432926
-0.0449468
-0.0450458
-0.0436439
-0.0431423
-0.0442258
-0.043947
-0.0445172
-0.0431134
-0.0438101
-0.043703
-0.0429698
-0.0437916
-0.0442939
-0.0435133
-0.0436102
-0.0438101
-0.0447166
-0.0424538
-0.0439171
-0.0446124
-0.0430362
-0.0447411
-0.0417929
-0.0435134
-0.0424773
-0.0423569
-0.0430331
-0.0419758
-0.0449205
-0.0435757
-0.0425539
-0.043731
-0.04327
-0.0450985
-0.0435359
-0.0431714
-0.0433367
-0.0423921
-0.0433541
-0.0432938
-0.0440234
-0.0426857
-0.0444367
-0.0433132
-0.0421878
-0.0431181
-0.0426001
-0.0435706
-0.0436959
-0.0437
-0.0434347
-0.0436667
-0.0434352
-0.0436442
-0.0442855
-0.0436731
-0.0437035
-0.0435714
-0.0437788
-0.0438116
-0.0438038
-0.0433163
-0.0438535
-0.0433279
-0.0441562
-0.0435253
-0.0433634
-0.0435286
-0.0437763
-0.0436171
-0.0440764
-0.0435905
-0.0436515
-0.0443092
-0.0442869
-0.0437567
-0.0435841
-0.0434353
-0.0437565
-0.0438313
-0.0435131
-0.0421461
-0.0432622
-0.0438358
-0.0433228
-0.0438504
-0.043655
-0.04391
-0.0428203
-0.0437566
-0.043665
-0.0436326
-0.0439355
-0.0438082
-0.0437282
-0.043533
-0.0431832
-0.0438869
-0.0425484
-0.0433516
-0.0437174
-0.043688
-0.0434768
-0.0441393
-0.0437066
-0.0438753
-0.0435446
-0.0441853
-0.0438888
-0.0415928
-0.0440618
-0.0440971
-0.0429721
-0.0435754
-0.0440896
-0.0436264
-0.0434372
-0.0435088
-0.0437066
-0.0435813
-0.0440363
-0.0431456
-0.0433068
-0.0436053
-0.0444173
-0.0434542
-0.0443864
-0.0436667
-0.0433458
-0.0439172
-0.042578
-0.043791
-0.0435968
-0.0431305
-0.041039
-0.0434519
-0.0438611
-0.0432223
-0.0430734
-0.04327
-0.0431059
-0.0425265
-0.0432031
-0.0433001
-0.0442812
-0.0433051
-0.0435817
-0.0430702
-0.0438837
-0.0442215
-0.0442764
-0.0424633
-0.0436452
-0.0438436
-0.0434745
-0.0431691
-0.0417329
-0.0435819
-0.0404271
-0.0433592
-0.0433164
-0.0428292
-0.0436017
-0.043043
-0.0440316
-0.0428042
-0.0460803
-0.0441985
-0.0406787
-0.0445819
-0.0421268
-0.0436776
-0.0435725
-0.0445619
-0.0422219
-0.0452317
-0.0466394
-0.0440051
-0.0418015
-0.0435404
-0.0440537
-0.043821
-0.044109
-0.0437075
-0.0438089
-0.0431941
-0.0443276
-0.0416658
-0.0424976
-0.043655
-0.0430639
-0.0424185
-0.042526
-0.0432561
-0.0427945
-0.0434963
-0.0437018
-0.0437021
-0.043803
-0.0428644
-0.0428138
-0.0429109
-0.0439388
-0.0433863
-0.042958
-0.0433722
-0.0436638
-0.0435377
-0.0426743
-0.0444405
-0.0407695
-0.0439452
-0.0434722
-0.0439478
-0.0433041
-0.0440146
-0.0434657
-0.0440623
-0.0427251
-0.0435868
-0.0442477
-0.0439169
-0.0397677
-0.042943
-0.043872
-0.0429827
-0.0442374
-0.0442828
-0.043444
-0.0437984
-0.0439924
-0.0435843
-0.0430137
-0.0440251
-0.0425805
-0.043629
-0.042735
-0.0429466
-0.042749
-0.0438174
-0.044522
-0.0407296
-0.0451782
-0.0438342
-0.0438141
-0.0436478
-0.0436142
-0.0440998
-0.0437792
-0.0434901
-0.0419494
-0.0439036
-0.0436848
-0.0437242
-0.0437077
-0.0439191
-0.0438823
-0.0426525
-0.0428971
-0.0423823
-0.0412093
-0.0422167
-0.0419222
-0.0430241
-0.040937
-0.0443673
-0.0426387
-0.0474674
-0.0363306
-0.047522
-0.0437301
-0.0439243
-0.0419862
-0.0427089
-0.0414955
-0.0422013
-0.041261
-0.0421397
-0.043898
-0.0422065
-0.0441529
-0.0417081
-0.0423911
-0.0429437
-0.0415936
-0.0424013
-0.0467911
-0.0422713
-0.0413721
-0.0394363
-0.0423426
-0.0438059
-0.045953
-0.0437755
-0.0440249
-0.0406701
-0.0437568
-0.0412759
-0.0432133
-0.0386985
-0.0457706
-0.0465215
-0.0417331
-0.0432311
-0.0447567
-0.0392113
-0.0388936
-0.0459657
-0.0426816
-0.0447268
-0.0448966
-0.0474912
-0.0362175
-0.0476962
-0.040065
-0.0471547
-0.0422693
-0.042016
-0.0460862
-0.0400969
-0.0444624
-0.0411223
-0.0452
-0.044642
-0.040954
-0.0425323
-0.0437104
-0.0457962
-0.0408553
-0.045659
-0.0416074
-0.0429015
-0.042657
-0.0463011
-0.0433042
-0.0457495
-0.0414729
-0.0467842
-0.0438923
-0.0462755
-0.0432935
-0.0439455
-0.0437884
-0.0428878
-0.0430394
-0.0428475
-0.0411914
-0.0417134
-0.0426256
-0.0436526
-0.0438757
-0.0433989
-0.0423266
-0.043852
-0.0424931
-0.0435614
-0.0438893
-0.0428927
-0.0436592
-0.0434142
-0.0437917
-0.0429303
-0.0446461
-0.0431744
-0.0422294
-0.0427452
-0.0429873
-0.0386155
-0.0465742
-0.0445352
-0.0399366
-0.0388447
-0.0406434
-0.0474946
-0.0395828
-0.0446204
-0.0415144
-0.0427571
-0.0423921
-0.0424358
-0.0439818
-0.0428754
-0.0433721
-0.0425937
-0.0425439
-0.0446992
-0.0409927
-0.0420383
-0.0403972
-0.0418494
-0.0426626
-0.0459393
-0.0412041
-0.0471073
-0.0454894
-0.0428403
-0.0427306
-0.0440533
-0.0420109
-0.043398
-0.0437813
-0.0429677
-0.0422182
-0.0422331
-0.0437082
-0.0434267
-0.043522
-0.0423529
-0.043108
-0.0435883
-0.0423713
-0.0437866
-0.043762
-0.0428397
-0.0419273
-0.0427421
-0.0419828
-0.0452217
-0.0386923
-0.043039
-0.0434986
-0.0431881
-0.0454831
-0.0445743
-0.0429322
-0.0444725
-0.0432805
-0.0429926
-0.0444393
-0.0438453
-0.0432893
-0.0441859
-0.0433688
-0.0430558
-0.0430825
-0.0446674
-0.0429469
-0.0398013
-0.044419
-0.043714
-0.0396665
-0.0436458
-0.0436108
-0.0436543
-0.0434322
-0.0436945
-0.0427822
-0.0435901
-0.0415022
-0.0437758
-0.0427055
-0.0435703
-0.0420577
-0.042411
-0.0432713
-0.0433468
-0.0421427
-0.0425349
-0.0426305
-0.0450814
-0.0434688
-0.0439319
-0.0375519
-0.0445829
-0.0446839
-0.0393652
-0.0439324
-0.042807
-0.0441245
-0.0428847
-0.0374717
-0.0459538
-0.0431486
-0.0439743
-0.0425619
-0.0420474
-0.0396143
-0.0430832
-0.0427735
-0.0447373
-0.0425633
-0.0437661
-0.0438235
-0.0439005
-0.0437915
-0.0442232
-0.0435715
-0.0428429
-0.0441439
-0.044393
-0.0441454
-0.0435099
-0.043354
-0.0394365
-0.0398296
-0.044505
-0.0444513
-0.0439738
-0.0402827
-0.0437839
-0.0390097
-0.0438673
-0.0429961
-0.0438373
-0.0424379
-0.0419841
-0.0426737
-0.0430368
-0.0421483
-0.0385192
-0.0472803
-0.0395561
-0.0391726
-0.0383316
-0.0404908
-0.0374763
-0.0379118
-0.0418482
-0.0422776
-0.0429153
-0.0404002
-0.043432
-0.0412205
-0.0416184
-0.0414271
-0.0423935
-0.0416492
-0.0419737
-0.0414909
-0.0440386
-0.0426448
-0.0441193
-0.0437388
-0.0415968
-0.0436776
-0.0438247
-0.0441297
-0.0438129
-0.0436547
-0.0434258
-0.0434392
-0.0440527
-0.0417014
-0.0440332
-0.0448893
-0.0365978
-0.0421437
-0.0475804
-0.043341
-0.0397908
-0.0457677
-0.0412671
-0.040156
-0.0419562
-0.0427974
-0.0488523
-0.0427387
-0.0424826
-0.0375947
-0.0434665
-0.0435079
-0.039733
-0.0424967
-0.0396101
-0.0365952
-0.0397112
-0.0430997
-0.0451405
-0.0471048
-0.0364662
-0.0411671
-0.0457868
-0.040138
-0.0417899
-0.0385826
-0.0420533
-0.0424624
-0.0400988
-0.0413125
-0.0420807
-0.0399306
-0.0398972
-0.0407398
-0.0434446
-0.04337
-0.0434123
-0.0422652
-0.0423453
-0.0426217
-0.0434858
-0.0432228
-0.0431574
-0.0446309
-0.0439764
-0.0335271
-0.0462516
-0.0442664
-0.0436623
-0.0454937
-0.0448655
-0.0451162
-0.0331078
-0.0427762
-0.0438287
-0.0432224
-0.0407346
-0.0435763
-0.0415605
-0.0451702
-0.0421388
-0.0392589
-0.0449973
-0.0455447
-0.0362802
-0.0453126
-0.0456312
-0.035295
-0.0430721
-0.0464798
-0.0437928
-0.0427524
-0.0450037
-0.0463791
-0.0422054
-0.0413918
-0.0430523
-0.0471073
-0.0433512
-0.0432169
-0.0433487
-0.0442157
-0.0351633
-0.0431227
-0.0464405
-0.041547
-0.046225
-0.043103
-0.0434071
-0.0449324
-0.0444949
-0.0436616
-0.0423524
-0.0446703
-0.0428137
-0.0427434
-0.0343593
-0.0480573
-0.0443861
-0.0423309
-0.0456588
-0.0483213
-0.0353126
-0.0432775
-0.0462112
-0.0435903
-0.0430909
-0.0357743
-0.0443065
-0.0414705
-0.0438897
-0.0477
-0.042705
-0.0378053
-0.0445684
-0.0435626
-0.0438638
-0.0452597
-0.0435551
-0.0439536
-0.0423864
-0.0438738
-0.0434965
-0.0439665
-0.0437991
-0.0439047
-0.043606
-0.0419673
-0.0431127
-0.0437487
-0.0439397
-0.043379
-0.0435613
-0.0445937
-0.0440015
-0.0437767
-0.0435963
-0.0439314
-0.0437122
-0.0439811
-0.0436737
-0.0415984
-0.0418843
-0.0417708
-0.0440222
-0.0426613
-0.0442265
-0.0437573
-0.0443391
-0.0436565
-0.0421883
-0.0438476
-0.0438059
-0.0426236
-0.0438464
-0.0441525
-0.0438054
-0.0437756
-0.0432799
-0.0404721
-0.0445014
-0.0394317
-0.0365558
-0.0482187
-0.0442593
-0.0434058
-0.0441603
-0.0388785
-0.0444661
-0.0473447
-0.0443738
-0.0423919
-0.0443347
-0.0457784
-0.0437527
-0.04064
-0.0461695
-0.0432472
-0.0369141
-0.0466977
-0.0367367
-0.036533
-0.0462281
-0.0423403
-0.0391809
-0.0434062
-0.0453796
-0.0372159
-0.0406228
-0.0410082
-0.0406989
-0.0439792
-0.0395302
-0.0455468
-0.0445521
-0.0421845
-0.042764
-0.047313
-0.0432088
-0.0400348
-0.0402567
-0.0400076
-0.0443781
-0.0428988
-0.045067
-0.0468904
-0.0364428
-0.0411904
-0.0456075
-0.0400659
-0.0435597
-0.0429921
-0.0445747
-0.0431287
-0.0334138
-0.0438581
-0.0463119
-0.0440938
-0.0435486
-0.0452853
-0.0448803
-0.0447684
-0.0330488
-0.0426577
-0.0437833
-0.0406722
-0.0431859
-0.0435921
-0.0415102
-0.0450877
-0.0420678
-0.039301
-0.0448801
-0.0406109
-0.0364534
-0.0402381
-0.0457231
-0.0404777
-0.0371529
-0.0398789
-0.0441596
-0.0450622
-0.0422415
-0.0367019
-0.0435842
-0.0477717
-0.039869
-0.0460204
-0.0413328
-0.0401893
-0.0428968
-0.0420919
-0.0491237
-0.0428719
-0.0425873
-0.0436184
-0.0376827
-0.043673
-0.0426089
-0.0398586
-0.0396811
-0.0397736
-0.036737
-0.0418205
-0.0421141
-0.0386142
-0.0420998
-0.0399273
-0.0399752
-0.0425347
-0.0401289
-0.0414269
-0.0407741
-0.0435608
-0.0434847
-0.0435095
-0.0423465
-0.0426974
-0.0424899
-0.0448811
-0.04532
-0.0439607
-0.0411503
-0.0420866
-0.0462951
-0.0376625
-0.038093
-0.0438479
-0.0440426
-0.0422176
-0.0422398
-0.0382881
-0.0400577
-0.0424622
-0.035413
-0.0433222
-0.0433367
-0.0438942
-0.0427738
-0.0373852
-0.043304
-0.0437785
-0.0423112
-0.0412153
-0.0452119
-0.0391764
-0.0372583
-0.0420916
-0.044433
-0.0450895
-0.0371827
-0.0447022
-0.037197
-0.036022
-0.0360828
-0.043456
-0.035377
-0.0348021
-0.0430367
-0.0394499
-0.0444327
-0.039807
-0.0436435
-0.0425111
-0.0445875
-0.0424683
-0.0393213
-0.0438439
-0.042716
-0.0432689
-0.0439162
-0.0423392
-0.0421138
-0.0427125
-0.0371264
-0.0387501
-0.0419471
-0.039825
-0.0387189
-0.0416866
-0.0395188
-0.0389115
-0.0390669
-0.0433203
-0.0431671
-0.0433602
-0.0419251
-0.0407131
-0.041496
-0.0383389
-0.0339957
-0.0417505
-0.0393576
-0.0426985
-0.0342087
-0.0406048
-0.0372688
-0.043725
-0.041964
-0.034596
-0.0428086
-0.0414667
-0.0396832
-0.0442875
-0.0437949
-0.0433547
-0.0389838
-0.0438877
-0.0432248
-0.0417005
-0.0409585
-0.0426809
-0.0421253
-0.0370431
-0.0440575
-0.0371702
-0.0426324
-0.0398319
-0.0342219
-0.0423539
-0.0385553
-0.0450212
-0.0385254
-0.0286987
-0.0464581
-0.0379874
-0.0374592
-0.0413432
-0.0416618
-0.0381874
-0.0433072
-0.0389948
-0.0387545
-0.0411561
-0.0376786
-0.0392471
-0.0358629
-0.0383531
-0.0403164
-0.0434608
-0.0403436
-0.0437075
-0.0436978
-0.037365
-0.0431926
-0.0403686
-0.0432964
-0.0434094
-0.0374493
-0.0431796
-0.0381889
-0.0438154
-0.040927
-0.039657
-0.0386234
-0.0420908
-0.0395743
-0.0395463
-0.0418464
-0.0393134
-0.0388087
-0.0392413
-0.0433205
-0.043576
-0.0433918
-0.0420537
-0.0419174
-0.0416376
-0.0438053
-0.0431268
-0.038976
-0.0409931
-0.0424617
-0.040541
-0.0435779
-0.0439522
-0.0436618
-0.043374
-0.0385124
-0.0435085
-0.0410936
-0.0413169
-0.0395069
-0.0404966
-0.0394516
-0.0361051
-0.0431556
-0.0411235
-0.0374766
-0.0365184
-0.0403135
-0.0355132
-0.0400611
-0.0402651
-0.0430996
-0.0375661
-0.040269
-0.0360559
-0.0384631
-0.038853
-0.0368479
-0.0415501
-0.0331727
-0.0305269
-0.0390531
-0.0332963
-0.0384626
-0.0388576
-0.0350366
-0.0414011
-0.0313923
-0.0395984
-0.0402236
-0.0162546
-0.0304807
-0.0294635
-0.0176472
-0.0287218
-0.0349614
-0.0313284
-0.0176347
-0.0167105
-0.0346085
-0.0305885
-0.0236834
-0.0272707
-0.0296323
-0.0376461
-0.0337688
-0.0279793
-0.0330601
-0.0140278
-0.0259422
-0.02389
-0.0336682
-0.0388358
-0.0330655
-0.0389
-0.0360939
-0.0412892
-0.0309164
-0.0420562
-0.0425741
-0.0414772
-0.0424601
-0.0373635
-0.0368756
-0.0434013
-0.0357171
-0.0371055
-0.0323174
-0.0406651
-0.0392729
-0.0376639
-0.0431478
-0.039896
-0.0321413
-0.0364072
-0.0396495
-0.0351663
-0.0290839
-0.0299082
-0.0389088
-0.0303351
-0.0377538
-0.0371165
-0.0329229
-0.0328327
-0.0243296
-0.0323457
-0.0405612
-0.0364743
-0.0265912
-0.0319667
-0.0405444
-0.0366228
-0.0377715
-0.0435828
-0.0356939
-0.0405283
-0.039972
-0.0425577
-0.0343893
-0.0438713
-0.038806
-0.0374416
-0.0348777
-0.0379027
-0.0403239
-0.0369333
-0.0435762
-0.0425926
-0.0434518
-0.0364022
-0.0398152
-0.0441915
-0.0429453
-0.0393258
-0.0433252
-0.0395166
-0.0432441
-0.0320908
-0.0411131
-0.0357082
-0.0364231
-0.0448183
-0.041178
-0.0380214
-0.0330537
-0.0446222
-0.0442425
-0.0314808
-0.043934
-0.0378636
-0.0405126
-0.0347962
-0.0429632
-0.0437694
-0.0352079
-0.0318683
-0.044107
-0.0399425
-0.0399593
-0.0245543
-0.0377784
-0.0410733
-0.0425394
-0.029471
-0.0371175
-0.0312294
-0.033343
-0.0310827
-0.039713
-0.0437865
-0.0308715
-0.0311648
-0.0419982
-0.0330813
-0.0340059
-0.0398534
-0.0437535
-0.0382436
-0.0412385
-0.0378651
-0.0432033
-0.0345683
-0.0262989
-0.0442558
-0.0385063
-0.0426621
-0.0340398
-0.0411355
-0.0418236
-0.0245277
-0.0186501
-0.0260053
-0.0275458
-0.0273007
-0.0372603
-0.027444
-0.0262009
-0.0195463
-0.037823
-0.0217761
-0.0342015
-0.0365263
-0.0362765
-0.0335675
-0.0325671
-0.0293065
-0.0393784
-0.0172583
-0.030751
-0.0274968
-0.0045844
0.00412451
-0.00805807
-0.021416
-0.0206186
-0.00369075
-0.0189195
-0.0168057
-0.0191865
-0.0327564
-0.0173147
-0.0307489
-0.0320473
-0.020801
-0.0221311
-0.0158139
0.00504865
-0.00492815
-0.0244213
0.00659209
-0.0212095
-0.0129017
-0.00466111
-0.00403522
-0.016673
-0.015024
-0.0319649
-0.0281462
-0.0301117
-0.0213685
-0.018776
-0.0111175
0.00659923
-0.0119158
0.00912731
-0.009924
-0.0246127
-0.0126465
0.00900578
-0.0247175
0.0083437
-0.00968688
-0.0101898
0.00616665
-0.0245868
-0.0128961
-0.024591
-0.010818
0.00767205
-0.0114339
0.00992882
0.00940908
-0.0111963
-0.0133356
-0.00507956
-0.0205401
-0.00318901
-0.0101618
0.00197691
0.00250673
-0.00117572
-0.0148207
-0.0144622
-0.000188082
-0.0102568
0.0101939
-0.00768532
-0.0210033
-0.00921425
-0.00946292
-0.0079952
0.0106409
0.00176494
0.00320211
0.00908245
-0.00483864
-0.0212308
-0.0115923
-0.00899185
0.00731347
-0.00929189
-0.029275
-0.00468286
-0.0138816
-0.0158334
-0.0183672
-0.0165599
-0.0283386
-0.0250343
-0.00434957
-0.0123819
-0.0127951
-0.0104887
-0.0262193
-0.016602
-0.0298291
-0.00542965
-0.0131728
-0.0149195
-0.0277228
-0.0134524
-0.0175295
-0.0264923
-0.00163164
-0.0104848
-0.0170142
-0.025844
-0.0138961
-0.0188639
0.00357698
-0.000717219
-9.86067e-06
0.000668934
-0.0120437
-0.0193955
0.00543327
0.00392169
-0.0114684
-0.0199083
0.00330874
-0.0132114
-0.000154403
-0.0219969
0.00406314
-0.0149241
-0.0208847
0.00227899
0.00521454
0.00231438
0.00575244
0.0019185
-0.015819
-0.0101579
-0.0192954
-0.0103148
-0.0146828
-0.00143899
-0.00119494
-0.00465812
-0.0214961
-0.0055334
-0.00969873
-0.0114389
0.00799849
-0.00419767
-0.0168513
0.00547587
-0.00492725
0.00475374
0.00863691
0.00212731
0.000197865
0.00578024
-0.00347765
-0.0192967
-0.0049457
-0.00638051
0.00139153
0.00775996
-0.0111324
0.00658891
-0.0119249
0.0091168
-0.00992841
-0.0246154
-0.0126562
0.00899209
0.00833817
-0.0247246
-0.00969497
-0.0102029
0.00615297
-0.0129059
-0.0245995
0.00765764
-0.024604
-0.0108291
-0.0114398
0.00991082
-0.0112094
0.00940267
-0.00458366
0.00411802
-0.00806493
-0.0214082
-0.0206184
-0.00369135
-0.0189165
-0.0167948
-0.0191815
-0.0327528
-0.030743
-0.0172982
-0.0221243
-0.0320449
-0.020796
-0.015814
0.00503845
-0.0244311
-0.00493525
-0.0212125
-0.0129117
0.00658771
-0.0166737
-0.0150289
-0.0319688
-0.0281451
-0.0213729
-0.018776
-0.0301138
-0.00465722
-0.00402641
0.0101869
-0.00769372
-0.009223
-0.0210077
0.0106206
-0.00946933
-0.00800105
0.00176082
0.00319497
0.00907411
-0.00484514
-0.0212372
-0.0115981
-0.0090002
0.00730621
-0.00929932
-0.0133194
-0.0205326
-0.00506484
-0.00318357
-0.0101542
0.00197607
0.00250949
-0.00117676
-0.0148173
-0.0144632
-0.000186264
-0.0102523
-0.0250392
-0.00435561
-0.0123833
-0.0127941
-0.0166045
-0.0104944
-0.0262202
-0.0292733
-0.00468072
-0.0138795
-0.0158311
-0.0165579
-0.0283373
-0.0183638
-0.0264715
-0.001627
-0.0104607
-0.0169935
-0.0258181
-0.013882
-0.0188503
-0.0297938
-0.00539475
-0.0131382
-0.0148973
-0.0276939
-0.0134153
-0.0175034
-0.00745521
0.00581916
-0.00513248
-0.0112397
-0.022375
-0.0110834
-0.018257
-0.0250289
-0.0261529
-0.0364283
-0.0307092
-0.0186635
-0.0236153
-0.0364341
-0.010752
-0.00948503
-0.00254026
-0.0230966
-0.0081678
-0.014995
-0.022819
0.00295181
-0.0239579
-0.0069459
-0.0326957
-0.0287862
-0.0226996
-0.0348659
-0.00642898
-0.0134283
-0.0131066
0.00797059
-0.00421277
0.00546398
-0.0168522
0.00474666
0.00860363
-0.00493102
0.00214476
0.000192747
0.00577606
-0.00345843
-0.0192765
-0.00491942
0.00140001
-0.00636496
0.00777723
-0.0157617
-0.0192281
-0.0100916
-0.0146219
-0.0102433
-0.00140309
-0.0011545
-0.00462178
-0.0214372
-0.00549162
-0.0113887
-0.00963852
-0.0162249
-0.0304689
-0.02944
-0.0176152
-0.0384439
-0.0388489
-0.0350131
-0.0413863
-0.0402098
-0.0313715
-0.0395783
-0.0286977
-0.0349562
-0.0176038
-0.0313066
-0.0345912
-0.0305743
-0.0166806
-0.023657
-0.0272436
-0.0296033
-0.0376233
-0.0337421
-0.0330373
-0.027954
-0.0384523
-0.0388407
-0.0368308
-0.033158
-0.0305064
-0.0415443
-0.0390383
-0.0332807
-0.0139999
-0.0259155
-0.023859
-0.0438758
-0.0347684
-0.0337226
-0.041864
-0.0396117
-0.0422947
-0.0433964
-0.0421888
-0.0426355
-0.0419668
-0.039831
-0.0426433
-0.0386187
-0.0425685
-0.0351542
-0.0290658
-0.0389069
-0.0298937
-0.0377492
-0.0371123
-0.0303149
-0.0329052
-0.0243033
-0.0328221
-0.0323321
-0.0405538
-0.0364502
-0.02657
-0.0405377
-0.0319455
-0.0366071
-0.0377604
-0.0435821
-0.0405185
-0.0356803
-0.0343663
-0.042556
-0.0399633
-0.0336715
-0.038839
-0.0309027
-0.0330655
-0.0389007
-0.0360945
-0.0412897
-0.0357188
-0.0371022
-0.0323079
-0.0406637
-0.0392654
-0.042057
-0.0425742
-0.0414785
-0.0424614
-0.0373648
-0.0434034
-0.0368764
-0.0376602
-0.0431461
-0.0321324
-0.0398934
-0.0396405
-0.0364048
-0.043887
-0.038788
-0.0348063
-0.0374445
-0.0369116
-0.0379001
-0.0403326
-0.0436131
-0.0426141
-0.0434545
-0.0363454
-0.0442283
-0.0429454
-0.0398011
-0.0399359
-0.0245139
-0.0410487
-0.0377283
-0.0370929
-0.0425232
-0.0294328
-0.0312062
-0.033319
-0.0310647
-0.0396905
-0.0437805
-0.0308208
-0.0311221
-0.0419916
-0.0330446
-0.0339663
-0.0398431
-0.0437549
-0.0412259
-0.0382309
-0.0432033
-0.0378511
-0.0345544
-0.0393016
-0.0433178
-0.035655
-0.0394575
-0.0432342
-0.0320038
-0.0410734
-0.0314056
-0.0439272
-0.0378088
-0.0404808
-0.0347262
-0.0363464
-0.0448381
-0.0411581
-0.0379784
-0.0446059
-0.0442294
-0.0329601
-0.0429565
-0.0437565
-0.0318367
-0.0351391
-0.0399066
-0.0441085
-0.0398417
-0.0363944
-0.0393657
-0.0368111
-0.0367642
-0.0373012
-0.0367656
-0.038088
-0.0172064
-0.0306875
-0.0274393
-0.0367527
-0.0380989
-0.0425634
-0.0427411
-0.0447144
-0.0371407
-0.03814
-0.0463023
-0.0376703
-0.0438597
-0.0381061
-0.0422303
-0.0440581
-0.042249
-0.0383043
-0.0400695
-0.0424719
-0.0433232
-0.0354351
-0.0433498
-0.0438895
-0.0427651
-0.0433004
-0.0373876
-0.0437682
-0.0412216
-0.0423069
-0.0452097
-0.0372658
-0.0391827
-0.0383271
-0.0339942
-0.0417439
-0.0393548
-0.0427048
-0.0342019
-0.0405998
-0.0372781
-0.0419664
-0.0437314
-0.0345951
-0.042815
-0.0396863
-0.0414754
-0.0409628
-0.0426854
-0.0421262
-0.0440619
-0.0370431
-0.0371722
-0.0442908
-0.0438013
-0.043362
-0.0389891
-0.0438952
-0.0432333
-0.0417031
-0.0426336
-0.0398402
-0.0342161
-0.0427268
-0.0371395
-0.0387646
-0.0419544
-0.0398362
-0.0387333
-0.0416955
-0.0395276
-0.0389214
-0.0390794
-0.0433299
-0.0431699
-0.0433677
-0.0419323
-0.040725
-0.0415082
-0.0375439
-0.0413526
-0.0416596
-0.0432776
-0.0382578
-0.0390294
-0.0387966
-0.0411748
-0.037723
-0.0392737
-0.035832
-0.0383965
-0.040348
-0.0434461
-0.0436689
-0.0403256
-0.0431644
-0.0436516
-0.0374204
-0.0404026
-0.0432624
-0.0434145
-0.0374584
-0.0431473
-0.0438003
-0.0382439
-0.0407391
-0.0417536
-0.043464
-0.0381273
-0.0439728
-0.0294301
-0.0428549
-0.0424795
-0.0458778
-0.0449021
-0.0320126
-0.0450882
-0.04332
-0.0439214
-0.0438269
-0.0434515
-0.0402782
-0.0437605
-0.0434033
-0.0416484
-0.0390349
-0.0388908
-0.0421425
-0.0423594
-0.038546
-0.0450009
-0.0287344
-0.0384938
-0.0380368
-0.0464333
-0.043777
-0.0390403
-0.0431015
-0.0410363
-0.0424355
-0.0435843
-0.0405415
-0.0395008
-0.0404282
-0.0394001
-0.0410948
-0.0431453
-0.0360553
-0.0439199
-0.0436336
-0.0433649
-0.0384794
-0.0434966
-0.0412639
-0.041088
-0.0374711
-0.0402784
-0.0365008
-0.0355179
-0.040014
-0.0402523
-0.043102
-0.0375301
-0.0402723
-0.0360002
-0.0409569
-0.0396993
-0.038661
-0.0421164
-0.0396233
-0.0395895
-0.0418762
-0.0393593
-0.0388361
-0.0392859
-0.0433197
-0.0435764
-0.0433918
-0.0420861
-0.0419486
-0.0416623
-0.0383424
-0.0391685
-0.040481
-0.0374724
-0.037912
-0.0405466
-0.0363752
-0.0402488
-0.0404311
-0.0456413
-0.0398443
-0.0372052
-0.0418469
-0.0422874
-0.042927
-0.0434642
-0.0403968
-0.0412273
-0.041616
-0.0414191
-0.0423869
-0.0416525
-0.0420071
-0.0415023
-0.044045
-0.0426467
-0.0437413
-0.0441203
-0.0436825
-0.0438381
-0.041587
-0.0441413
-0.0438225
-0.0436977
-0.0434757
-0.044074
-0.0417134
-0.0434797
-0.0417335
-0.0385496
-0.042024
-0.0424571
-0.0400965
-0.0413146
-0.0420894
-0.0399387
-0.03992
-0.0407547
-0.0434706
-0.0433562
-0.0434167
-0.0422604
-0.042345
-0.0426368
-0.0435416
-0.0430394
-0.0432275
-0.0445853
-0.0439926
-0.0462327
-0.0335172
-0.0427658
-0.0437886
-0.0432398
-0.0407352
-0.0435465
-0.0415803
-0.0451427
-0.0442907
-0.0436706
-0.0455088
-0.0448691
-0.0451266
-0.0330904
-0.0421624
-0.0392686
-0.0449918
-0.043094
-0.0451523
-0.047113
-0.0364493
-0.0412086
-0.045782
-0.040145
-0.0434007
-0.0418567
-0.0417323
-0.0424823
-0.0413487
-0.0438629
-0.0434252
-0.0435019
-0.0448736
-0.04351
-0.0419707
-0.0439887
-0.0434276
-0.0450543
-0.0455686
-0.0362485
-0.0456651
-0.0352731
-0.0431132
-0.0465014
-0.0453581
-0.0414479
-0.0431321
-0.0471317
-0.0433982
-0.0434026
-0.0432289
-0.0442543
-0.0438364
-0.0426815
-0.0450573
-0.0463953
-0.0422437
-0.0351646
-0.0431726
-0.0415902
-0.0465022
-0.0431325
-0.0462649
-0.0434062
-0.04492
-0.0436673
-0.0444523
-0.0447303
-0.0428444
-0.0423121
-0.042775
-0.0343449
-0.0481227
-0.044424
-0.0422173
-0.0455997
-0.048312
-0.0433171
-0.0462036
-0.0352572
-0.0436327
-0.043099
-0.0443594
-0.0357299
-0.0439281
-0.0414345
-0.0477522
-0.0426691
-0.0377882
-0.0445964
-0.0435543
-0.0435688
-0.0452221
-0.0438398
-0.043995
-0.0423681
-0.0438988
-0.0435079
-0.0438483
-0.0439741
-0.0438748
-0.0436368
-0.0420971
-0.0431103
-0.0437912
-0.0435836
-0.0433996
-0.0440307
-0.0446271
-0.0440244
-0.0437737
-0.0435659
-0.0437083
-0.0440069
-0.0439305
-0.0436313
-0.0415729
-0.0417806
-0.0418775
-0.0442155
-0.0439948
-0.0426359
-0.0437066
-0.0442851
-0.04363
-0.0422094
-0.0438081
-0.0426348
-0.0437745
-0.0438663
-0.0441593
-0.0437751
-0.0437917
-0.0445191
-0.0432661
-0.04052
-0.0394517
-0.0482031
-0.0365897
-0.0442638
-0.0432353
-0.044179
-0.0388616
-0.0444038
-0.0443272
-0.0473661
-0.0423823
-0.0443257
-0.0436955
-0.0457538
-0.0431848
-0.046117
-0.0406623
-0.0369218
-0.0466863
-0.0365711
-0.0462636
-0.0423914
-0.0392088
-0.0367382
-0.0407131
-0.0439892
-0.0395497
-0.0455924
-0.0445198
-0.0421893
-0.0428025
-0.0434451
-0.0453143
-0.0372186
-0.0406293
-0.0410114
-0.0473346
-0.0431999
-0.0403213
-0.0400413
-0.0444034
-0.0400092
-0.0437074
-0.0431009
-0.0430824
-0.0446154
-0.044027
-0.0335025
-0.0463652
-0.0441942
-0.0435923
-0.0453722
-0.0330938
-0.0449406
-0.044861
-0.0427149
-0.0437788
-0.0432247
-0.0406953
-0.0435856
-0.0451042
-0.041567
-0.0421729
-0.0449354
-0.0393568
-0.0417615
-0.0428822
-0.0422835
-0.0434087
-0.0411374
-0.0403736
-0.0415089
-0.0419128
-0.0413832
-0.0414081
-0.0413751
-0.0422531
-0.0440198
-0.0436678
-0.0433782
-0.0433819
-0.0439123
-0.0432838
-0.0415695
-0.0438913
-0.0426317
-0.0436632
-0.0441097
-0.0437112
-0.0435156
-0.0415457
-0.0430181
-0.0451687
-0.0469791
-0.0412301
-0.0365209
-0.0401157
-0.0456997
-0.0442174
-0.042242
-0.0451187
-0.0367587
-0.0436311
-0.0398944
-0.0478162
-0.0429088
-0.0426127
-0.0436377
-0.0377391
-0.043675
-0.0398937
-0.0426588
-0.0460598
-0.0414289
-0.0402788
-0.0491559
-0.0429626
-0.0421373
-0.03973
-0.0367779
-0.0398296
-0.0418146
-0.0421301
-0.0386147
-0.0421167
-0.0399541
-0.0400162
-0.042572
-0.0401529
-0.0414743
-0.0408127
-0.043638
-0.0435049
-0.0435324
-0.0423619
-0.0427446
-0.0425247
-0.0406539
-0.0365327
-0.0402646
-0.0457545
-0.0405334
-0.0371864
-0.0399168
-0.042304
-0.0437491
-0.0459495
-0.0436695
-0.0406107
-0.0440328
-0.0437157
-0.0467931
-0.0423398
-0.0394947
-0.0413692
-0.0412469
-0.043191
-0.0457771
-0.0386975
-0.0417101
-0.0431983
-0.046528
-0.0447638
-0.0392383
-0.038896
-0.0459309
-0.0427012
-0.0447231
-0.0449207
-0.0474885
-0.0362106
-0.0476948
-0.0428274
-0.0411838
-0.0416851
-0.0426197
-0.0436365
-0.0438396
-0.0434218
-0.0423122
-0.0435522
-0.0438233
-0.0424923
-0.043849
-0.0428478
-0.0434156
-0.0436673
-0.0445903
-0.0437861
-0.0429151
-0.0431767
-0.0422365
-0.0429971
-0.0427511
-0.0386228
-0.0445381
-0.046524
-0.0399498
-0.0388173
-0.0406546
-0.0474537
-0.0395515
-0.0445954
-0.0414641
-0.0427558
-0.0423366
-0.0424349
-0.0439537
-0.0433546
-0.0428824
-0.0446736
-0.0425902
-0.0425415
-0.0410129
-0.0420406
-0.0403977
-0.0418145
-0.042638
-0.04594
-0.0454836
-0.0411787
-0.0470849
-0.045212
-0.0387121
-0.0430615
-0.0434793
-0.043211
-0.0454433
-0.042935
-0.0445396
-0.0444544
-0.0432714
-0.0444026
-0.0429847
-0.0432714
-0.0441667
-0.0438206
-0.0433409
-0.0430615
-0.0446702
-0.0430021
-0.044424
-0.0428093
-0.0397746
-0.0436322
-0.0436027
-0.0436433
-0.0434047
-0.043685
-0.0435684
-0.0427704
-0.0437051
-0.0396775
-0.0415012
-0.0437583
-0.0435703
-0.0427233
-0.0424108
-0.0432493
-0.0420651
-0.0433591
-0.0421701
-0.0425469
-0.0426375
-0.045076
-0.0434854
-0.0439323
-0.0445944
-0.0375842
-0.0446373
-0.0438903
-0.0393771
-0.0440783
-0.0427866
-0.0428994
-0.0375322
-0.0459213
-0.0431232
-0.0439713
-0.0420578
-0.0425404
-0.0438333
-0.0429762
-0.0438081
-0.0419671
-0.0424147
-0.0426522
-0.043004
-0.0421203
-0.0385369
-0.0472869
-0.0395972
-0.044966
-0.0439633
-0.0421501
-0.0411114
-0.0454333
-0.0438039
-0.0423861
-0.0477466
-0.048122
-0.0342882
-0.0363126
-0.0484723
-0.0452428
-0.0467003
-0.0364793
-0.0471709
-0.0466156
-0.0332177
-0.033908
-0.0450494
-0.0340613
-0.0417498
-0.0427051
-0.0330064
-0.0440505
-0.0323879
-0.0408045
-0.0416282
-0.0480898
-0.0342887
-0.0468165
-0.0436196
-0.0466354
-0.0449516
-0.0411468
-0.0487482
-0.0323784
-0.0435271
-0.0484602
-0.0462689
-0.0409226
-0.0467041
-0.0425882
-0.0470998
-0.0463874
-0.0372087
-0.0472723
-0.0362403
-0.0420086
-0.0479401
-0.0482771
-0.0381455
-0.0373345
-0.0450057
-0.0458069
-0.0452744
-0.0485926
-0.0411737
-0.0363137
-0.0467807
-0.0357407
-0.0469344
-0.0453328
-0.0451652
-0.0358934
-0.0465907
-0.0405103
-0.0440426
-0.0420509
-0.0367258
-0.044022
-0.0373005
-0.0467561
-0.0422923
-0.0479131
-0.0449368
-0.0424796
-0.0416457
-0.0436324
-0.0420274
-0.0437996
-0.0434819
-0.0377184
-0.0418931
-0.0422292
-0.0418251
-0.0438241
-0.0420326
-0.0460509
-0.0440422
-0.0450289
-0.0431129
-0.0403801
-0.0446207
-0.0417824
-0.0441254
-0.0352316
-0.0428699
-0.0429625
-0.0407531
-0.0411982
-0.0358385
-0.0400579
-0.0404461
-0.043912
-0.0431724
-0.0423641
-0.0419847
-0.0439083
-0.043725
-0.040431
-0.0420396
-0.0426704
-0.0434254
-0.0353416
-0.0348396
-0.0416603
-0.044315
-0.0431009
-0.0439391
-0.0418524
-0.0413572
-0.0434487
-0.04355
-0.0410246
-0.0439378
-0.0352898
-0.0358891
-0.0401954
-0.045121
-0.0420641
-0.0419285
-0.0438059
-0.043209
-0.0454297
-0.0442131
-0.0438719
-0.0434632
-0.045101
-0.0434673
-0.0437246
-0.0436042
-0.0403218
-0.0436143
-0.0439631
-0.0446112
-0.0448311
-0.0433243
-0.0446683
-0.0462781
-0.0456437
-0.0442053
-0.0434031
-0.045232
-0.0402404
-0.0409047
-0.045769
-0.043619
-0.0424904
-0.0422758
-0.0338691
-0.0437638
-0.0349328
-0.0418848
-0.0406511
-0.0407278
-0.0434347
-0.0405093
-0.0435658
-0.0377271
-0.0426896
-0.0444155
-0.035615
-0.0399615
-0.0423383
-0.0458506
-0.0432036
-0.0428435
-0.0408662
-0.0453161
-0.0447928
-0.0399165
-0.0430858
-0.0432415
-0.044549
-0.0433472
-0.0436552
-0.0440406
-0.0439221
-0.0440454
-0.0434361
-0.0353374
-0.0458273
-0.0356075
-0.0357143
-0.0448899
-0.0394171
-0.0449259
-0.0436108
-0.0403215
-0.0401823
-0.0442411
-0.0429059
-0.0442627
-0.0378356
-0.0471199
-0.0450331
-0.0400611
-0.0476001
-0.0448283
-0.0370067
-0.0451511
-0.0422171
-0.0432449
-0.0372461
-0.0455485
-0.0399017
-0.0468333
-0.0391805
-0.0446765
-0.0422258
-0.0384877
-0.0456099
-0.0394722
-0.0474615
-0.0448948
-0.0403613
-0.0456844
-0.0377086
-0.0421276
-0.0444036
-0.0411985
-0.0455392
-0.0368797
-0.0446252
-0.0468779
-0.0350536
-0.0372483
-0.0406377
-0.0428555
-0.0331244
-0.0381209
-0.0391545
-0.0406431
-0.0380796
-0.0376113
-0.0383272
-0.0417498
-0.0375413
-0.0379851
-0.037671
-0.0365306
-0.0407382
-0.0435772
-0.0381272
-0.0416985
-0.0428707
-0.0440554
-0.0294306
-0.0439596
-0.0438446
-0.0434626
-0.0403293
-0.0437881
-0.0416651
-0.0434505
-0.0426202
-0.0459407
-0.0449714
-0.0451367
-0.0321637
-0.0434267
-0.0390334
-0.0421493
-0.0389059
-0.0436651
-0.043205
-0.0409741
-0.0388919
-0.0405821
-0.0424204
-0.0433761
-0.0438737
-0.0435169
-0.0433117
-0.0384195
-0.0434427
-0.0410616
-0.0411866
-0.0394633
-0.0402567
-0.0392341
-0.0429717
-0.0409414
-0.035971
-0.0374392
-0.0365272
-0.0402244
-0.0423196
-0.0386697
-0.0450129
-0.038516
-0.0287747
-0.046516
-0.0380368
-0.0354294
-0.0398919
-0.0402226
-0.0373979
-0.0429137
-0.0359669
-0.0401663
-0.0374879
-0.0413424
-0.0416152
-0.0433325
-0.0382826
-0.0390616
-0.0386968
-0.0412335
-0.0376394
-0.0391462
-0.0358138
-0.0382994
-0.0403057
-0.0434893
-0.0437571
-0.0403788
-0.0432608
-0.0373544
-0.0437365
-0.040321
-0.0432617
-0.0433334
-0.0373222
-0.0431845
-0.0381538
-0.0437668
-0.0435872
-0.0458952
-0.0304407
-0.0461518
-0.04443
-0.0426929
-0.028221
-0.0297432
-0.044658
-0.0424271
-0.0427094
-0.0404879
-0.0462203
-0.0410613
-0.0432776
-0.0413826
-0.0460762
-0.0448665
-0.0447322
-0.0398673
-0.0436758
-0.0388638
-0.0435182
-0.0417709
-0.0453498
-0.0440649
-0.0451866
-0.0342696
-0.0449278
-0.0445462
-0.0440387
-0.0407203
-0.0437308
-0.0443923
-0.043681
-0.0454357
-0.0436016
-0.0459291
-0.0318495
-0.0490391
-0.0444387
-0.0395638
-0.0421913
-0.0435983
-0.040752
-0.042986
-0.0437895
-0.04377
-0.033677
-0.0437092
-0.0377347
-0.0406946
-0.0404196
-0.0403776
-0.0410111
-0.0374327
-0.0433571
-0.0435149
-0.0413268
-0.044189
-0.0455024
-0.0436654
-0.0404976
-0.0439694
-0.0341313
-0.0436821
-0.0426203
-0.0435801
-0.0425174
-0.0442658
-0.043271
-0.0459722
-0.0424942
-0.0439151
-0.0442016
-0.0432539
-0.0440088
-0.0438528
-0.0402746
-0.0441104
-0.0434726
-0.0429635
-0.0433646
-0.0435143
-0.0440358
-0.0407086
-0.0435701
-0.0459081
-0.0454914
-0.0433582
-0.0415753
-0.0435036
-0.035916
-0.0438751
-0.042801
-0.0412673
-0.0434711
-0.0462428
-0.0432447
-0.0437901
-0.0434822
-0.0426846
-0.0449077
-0.042462
-0.0492156
-0.0429078
-0.0401934
-0.0468589
-0.0462649
-0.0420224
-0.0341842
-0.041133
-0.0459362
-0.0400958
-0.0440006
-0.0397149
-0.0360157
-0.0432474
-0.0400769
-0.0376839
-0.0385504
-0.0444781
-0.044395
-0.0418361
-0.0453192
-0.0353566
-0.0465958
-0.0395907
-0.0460711
-0.0444658
-0.0391481
-0.0396075
-0.0445643
-0.0460347
-0.0348465
-0.0358117
-0.0470412
-0.0367297
-0.0461798
-0.0402112
-0.0448191
-0.0361712
-0.0439393
-0.036684
-0.0401272
-0.0399462
-0.0439527
-0.0431295
-0.0434774
-0.0434814
-0.0441588
-0.0450355
-0.0437213
-0.0399072
-0.0428229
-0.0372413
-0.0388996
-0.0420081
-0.0398683
-0.0387833
-0.0417496
-0.0395246
-0.0389992
-0.0392087
-0.0433972
-0.0432903
-0.0434018
-0.0420101
-0.0408479
-0.0416244
-0.037414
-0.0436726
-0.0347678
-0.0422321
-0.0416149
-0.0428488
-0.0398765
-0.0443984
-0.0439309
-0.0434304
-0.0392679
-0.0439226
-0.0434515
-0.0418982
-0.0411417
-0.042868
-0.0424733
-0.0373557
-0.0373577
-0.0442281
-0.0427544
-0.0400076
-0.0344161
-0.0369991
-0.0381707
-0.0427203
-0.0447993
-0.0428982
-0.0383278
-0.0372476
-0.0423388
-0.0446153
-0.0452908
-0.0449059
-0.0373823
-0.0374298
-0.0362746
-0.0362449
-0.0436074
-0.0357038
-0.0351234
-0.043232
-0.0397117
-0.0446041
-0.043784
-0.0399976
-0.0447385
-0.0426664
-0.0426763
-0.0396075
-0.043997
-0.0427483
-0.0435496
-0.0424923
-0.0423322
-0.0440465
-0.0386518
-0.0343908
-0.0420808
-0.0429357
-0.0397023
-0.0408515
-0.0345634
-0.0419299
-0.038151
-0.0377976
-0.036867
-0.037956
-0.0341368
-0.0361576
-0.0381712
-0.0412476
-0.0367684
-0.0408553
-0.0367607
-0.0384505
-0.0404592
-0.0392323
-0.0404936
-0.03698
-0.0386455
-0.0363975
-0.038766
-0.042962
-0.0336676
-0.0422504
-0.0399259
-0.0387722
-0.036298
-0.0429174
-0.0382256
-0.0414827
-0.0401215
-0.0339197
-0.0248285
-0.0345603
-0.0247784
-0.0136762
-0.0280246
-0.027061
-0.0262412
-0.035186
-0.0277003
-0.0292643
-0.0184384
-0.0358133
-0.0296629
-0.0301855
-0.0353506
-0.030172
-0.0304274
-0.033381
-0.0266044
-0.0261472
-0.027173
-0.0269526
-0.03349
-0.0354283
-0.0229191
-0.0327918
-0.0257231
-0.0269331
-0.0251534
-0.0199929
-0.0320804
-0.0315264
-0.0302286
-0.0243323
-0.0187894
-0.0390953
-0.0429796
-0.031604
-0.0407795
-0.0391416
-0.0429741
-0.0351453
-0.0360555
-0.0444919
-0.0377508
-0.0410234
-0.0438909
-0.0327626
-0.0443546
-0.042528
-0.0433873
-0.0348066
-0.0313527
-0.0437581
-0.0395188
-0.0311169
-0.043576
-0.037539
-0.0402574
-0.0342846
-0.0437775
-0.0386387
-0.0373035
-0.0346076
-0.0402535
-0.0366806
-0.0377113
-0.0434279
-0.0423058
-0.0361932
-0.0432504
-0.0426957
-0.0438714
-0.0396707
-0.0306742
-0.0305644
-0.0328095
-0.039425
-0.0240564
-0.0405975
-0.0372587
-0.042051
-0.0365857
-0.0289876
-0.0393628
-0.0432861
-0.0407904
-0.0377334
-0.0340688
-0.0427564
-0.0373705
-0.0391561
-0.043392
-0.0306476
-0.0304133
-0.0325884
-0.0415334
-0.0334746
-0.0441258
-0.0351169
-0.0421654
-0.0341552
-0.0425865
-0.0398269
-0.0437495
-0.042528
-0.0432252
-0.0402593
-0.0423979
-0.0389053
-0.0430304
-0.0431617
-0.0335106
-0.0392327
-0.0365972
-0.0418308
-0.0341144
-0.0393036
-0.0314116
-0.0423266
-0.0427884
-0.0427481
-0.0419559
-0.0372483
-0.0436932
-0.0377214
-0.0380555
-0.0434851
-0.0402218
-0.0325296
-0.0368476
-0.0401199
-0.0361474
-0.03748
-0.0328363
-0.0411472
-0.0396273
-0.0331607
-0.0332615
-0.0244665
-0.0353164
-0.0290223
-0.0390526
-0.0300693
-0.0380103
-0.0371468
-0.0304776
-0.0380662
-0.0438274
-0.040643
-0.0359584
-0.0427232
-0.0404094
-0.0345148
-0.0325511
-0.040503
-0.0267973
-0.0365827
-0.0367014
-0.0406978
-0.032232
-0.0358966
-0.0360863
-0.0305926
-0.030042
-0.0357704
-0.0307099
-0.0303895
-0.0335751
-0.0263409
-0.0266998
-0.0336457
-0.0271825
-0.0272939
-0.023294
-0.0332226
-0.0260199
-0.0255838
-0.0272339
-0.0202654
-0.0325819
-0.0319721
-0.0246885
-0.0305809
-0.0189574
-0.0317546
-0.0248045
-0.034613
-0.0247976
-0.0280077
-0.0271113
-0.0136528
-0.0265773
-0.035331
-0.0277842
-0.0294869
-0.0184488
-0.0342566
-0.0119098
-0.0272753
-0.0265371
-0.0246296
-0.0357022
-0.0229182
0.00222718
-0.0115194
0.00282936
0.00191199
-0.00985348
0.00419047
0.00927391
-0.00521405
0.0066758
-0.00805413
0.00327927
0.0037221
-0.0087146
0.00361563
-0.00902145
-0.00321679
-0.00957941
-0.00982184
0.000972313
-0.0116327
-0.0211847
-0.0258872
-0.0332337
-0.0158959
-0.0224575
-0.0216041
-0.00565961
-0.00681846
-0.0163259
-0.0102198
-0.0103457
-0.0245981
-0.0319974
-0.0207656
-0.0239931
-0.00769157
-0.0183987
0.00363748
-0.0102958
0.00311815
-0.0097288
0.00215797
0.00443588
0.00774754
-0.00424191
0.0046968
-0.00400648
0.00445799
0.00415351
-0.00828516
-0.00876797
0.00493109
-0.0296916
-0.00536544
-0.0148975
-0.0131774
-0.0133753
-0.0173896
-0.0276924
-0.0266058
-0.00166004
-0.0170406
-0.0105419
-0.0189044
-0.0258937
-0.0140187
-0.029269
-0.00462536
-0.0157604
-0.0138722
-0.0283364
-0.0182848
-0.016518
-0.0251926
-0.00444591
-0.0127887
-0.0124292
-0.0263086
-0.0166805
-0.0105598
-0.0096189
-0.00325872
-0.00984312
0.000844199
-0.0117303
-0.0214958
-0.0334675
-0.0260886
-0.0225374
-0.0218512
-0.0160537
-0.00571163
-0.00694033
-0.010432
-0.024655
-0.0321274
-0.0208075
-0.0240283
-0.0184743
-0.00777646
-0.0163906
-0.0102323
0.00353233
-0.0103508
0.00302023
0.00204059
-0.00983608
0.0044128
0.00770078
-0.00424628
-0.00400946
0.00464665
0.00434197
0.00402702
-0.00843467
-0.00891224
0.00477074
0.0011694
-0.0125862
-0.0112364
0.00427474
-0.0116143
-0.0237336
-0.0261697
-0.0331464
-0.0233192
-0.0144985
-0.0223032
-0.00354766
-0.00661779
-0.017194
-0.0125492
-0.00821482
-0.0215457
-0.0315422
-0.0155282
-0.0187689
-0.0193649
-0.0082693
0.00209744
-0.0115839
0.00267567
-0.0100079
0.00181286
0.00422054
0.0091641
-0.00519909
-0.00810364
0.00663843
0.00313183
0.00357675
-0.00892791
-0.0092066
0.00344424
-0.0125795
0.00117253
0.00434762
-0.0112909
-0.00359388
-0.00662926
-0.0117805
-0.0239122
-0.0332787
-0.026285
-0.0146304
-0.0224804
-0.0235055
-0.00829108
-0.0215883
-0.0156151
-0.0316231
-0.00826372
-0.0194582
-0.0188851
-0.0172618
-0.0126968
-0.0342582
-0.0119042
-0.0272688
-0.0265316
-0.0246247
-0.0229142
-0.0357039
0.00364029
0.00311996
-0.0102907
-0.00972578
0.00216434
0.00443986
0.00775264
-0.0042329
0.004706
-0.00400094
0.00445829
0.00415274
-0.00828674
0.00492486
-0.00876617
-0.00957434
-0.00321149
-0.00981573
0.000979396
-0.0116171
-0.021167
-0.0332276
-0.0258779
-0.0224477
-0.0215847
-0.0158798
-0.00564905
-0.00680399
-0.0103372
-0.0245927
-0.0319929
-0.0207568
-0.0239854
-0.00768431
-0.0183904
-0.0163167
-0.0102115
-0.0266002
-0.00165553
-0.0170302
-0.0105325
-0.0140129
-0.0188971
-0.0258858
-0.0296758
-0.00535184
-0.0148852
-0.0131679
-0.0173715
-0.0276833
-0.0133646
-0.0251863
-0.00445867
-0.0127865
-0.0124163
-0.0263041
-0.016682
-0.0105484
-0.0292517
-0.0045852
-0.0157469
-0.0138432
-0.0283216
-0.0182692
-0.0164826
0.00352678
-0.0103466
0.00301081
-0.00983068
0.00204371
0.0044072
0.00769845
-0.00422759
-0.00400191
0.00466165
0.00432878
0.00401624
-0.00843328
-0.00890509
0.00475935
-0.0343052
-0.0118918
-0.0266281
-0.0272659
-0.0357902
-0.0229606
-0.0245892
-0.00961647
-0.00325411
0.000856138
-0.00984137
-0.00569002
-0.00691641
-0.0117201
-0.0214795
-0.0334643
-0.0260865
-0.0218408
-0.0225349
-0.0160438
-0.0104131
-0.0246505
-0.0207894
-0.0321171
-0.0184539
-0.00776059
-0.0240245
-0.0163878
-0.0102277
0.00208652
0.00266269
-0.011583
-0.0100058
0.00181943
0.0041993
0.00914091
-0.00519947
-0.00812047
0.00664381
0.00312882
0.00356884
-0.00892016
-0.00919067
0.00343935
-0.0125802
0.00117773
-0.0112318
0.00429448
-0.0116076
-0.0237253
-0.0331537
-0.0261719
-0.0222996
-0.0233274
-0.014485
-0.00352867
-0.00659489
-0.00820521
-0.0215519
-0.031547
-0.015533
-0.0193634
-0.0187803
-0.00825537
-0.0171937
-0.0125498
-0.0358083
-0.0296521
-0.0301801
-0.0301607
-0.0353443
-0.0304199
-0.0333748
-0.0265906
-0.0261369
-0.0271596
-0.0334856
-0.0269425
-0.0312264
-0.0341361
-0.0361543
-0.0381705
-0.0412504
-0.0367702
-0.040856
-0.0367623
-0.0384509
-0.0404608
-0.0392359
-0.0404948
-0.0369795
-0.0386432
-0.036393
-0.0429629
-0.0387658
-0.0422502
-0.039923
-0.0336671
-0.0387711
-0.0363001
-0.042919
-0.0382294
-0.0401196
-0.0339231
-0.0414823
-0.0229006
-0.0257143
-0.0327913
-0.0199769
-0.0269256
-0.0251298
-0.0187739
-0.0320793
-0.0315267
-0.0302246
-0.0243048
-0.0354322
-0.0394042
-0.024067
-0.0405891
-0.0373346
-0.0290201
-0.036556
-0.0420828
-0.0306116
-0.0305047
-0.0327258
-0.0392566
-0.0432758
-0.0407955
-0.0376592
-0.0427931
-0.0340107
-0.0372221
-0.0391707
-0.0435686
-0.0305904
-0.0307871
-0.0335836
-0.0417278
-0.0326078
-0.0390875
-0.0316062
-0.0429892
-0.0407823
-0.0350994
-0.0391587
-0.0429957
-0.0424901
-0.0433735
-0.0348045
-0.0313184
-0.0437478
-0.0394572
-0.0360439
-0.0445098
-0.0377593
-0.0410406
-0.0439037
-0.04436
-0.0327708
-0.0310857
-0.0436459
-0.0375582
-0.0342902
-0.0402418
-0.0438017
-0.0386482
-0.0373219
-0.0346405
-0.0367264
-0.0402763
-0.0377126
-0.043432
-0.042538
-0.0432223
-0.0362361
-0.0437998
-0.0427249
-0.0396822
-0.03528
-0.0289839
-0.0390043
-0.0300247
-0.0371073
-0.0379706
-0.030437
-0.0331335
-0.0332337
-0.0244401
-0.0380421
-0.0438173
-0.0406434
-0.0359518
-0.0427031
-0.0403941
-0.0344954
-0.0325233
-0.0404807
-0.0365502
-0.0267684
-0.0406627
-0.0366778
-0.0321876
-0.044127
-0.0351431
-0.0421714
-0.0341659
-0.0437612
-0.0398552
-0.0425852
-0.0425244
-0.0432203
-0.0423852
-0.0402507
-0.0431508
-0.0430301
-0.0389045
-0.0335279
-0.036608
-0.0392262
-0.04184
-0.0313986
-0.0341477
-0.0393246
-0.0380563
-0.0434931
-0.0402177
-0.032545
-0.036855
-0.0401236
-0.0423182
-0.0427764
-0.0427642
-0.0419789
-0.0436846
-0.0377402
-0.0372592
-0.036168
-0.0374839
-0.032841
-0.0396078
-0.0411698
-0.0232857
-0.033225
-0.0260144
-0.0272345
-0.0255799
-0.0202568
-0.0325816
-0.0319699
-0.0305807
-0.0246807
-0.018954
-0.0345028
-0.0365661
-0.0387899
-0.0406814
-0.0395768
-0.0372215
-0.0407646
-0.0384967
-0.0415616
-0.0370475
-0.0370204
-0.0411392
-0.0390779
-0.0367019
-0.043202
-0.0385328
-0.0404515
-0.0417434
-0.0342995
-0.0390473
-0.0367535
-0.0431793
-0.0392237
-0.0402601
-0.0425492
-0.0341755
-0.0358338
-0.0247837
-0.0247898
-0.0346038
-0.0271011
-0.0136357
-0.0279808
-0.0184435
-0.0265743
-0.0353318
-0.0294792
-0.0277693
-0.0317724
-0.0376726
-0.0417529
-0.0379834
-0.0375411
-0.0365252
-0.0410386
-0.0386975
-0.0397489
-0.0418584
-0.0393346
-0.0388561
-0.0421068
-0.0396285
-0.0396399
-0.0392872
-0.0433614
-0.0433647
-0.0435696
-0.0421
-0.0416908
-0.0419725
-0.0407477
-0.0435683
-0.0417043
-0.0381536
-0.0440487
-0.0428744
-0.0294592
-0.0439582
-0.0438296
-0.0434684
-0.04033
-0.0437705
-0.0416756
-0.043441
-0.0426117
-0.0459433
-0.0449657
-0.0434243
-0.0451347
-0.0321542
-0.0390272
-0.0421517
-0.0389023
-0.035449
-0.0399002
-0.0402397
-0.0374061
-0.0429335
-0.0359771
-0.0401843
-0.0375165
-0.0416277
-0.041353
-0.0433384
-0.0390793
-0.0383044
-0.039176
-0.0358341
-0.0383307
-0.0387226
-0.0412465
-0.0376655
-0.040349
-0.0432742
-0.0433677
-0.0373406
-0.0437971
-0.0431989
-0.0381739
-0.0403282
-0.0434896
-0.0437593
-0.0403855
-0.0432597
-0.0373785
-0.0437425
-0.0423206
-0.0386659
-0.0450057
-0.0385036
-0.0287917
-0.0465024
-0.0380501
-0.0437082
-0.0377509
-0.0407007
-0.0404308
-0.0374498
-0.0403873
-0.0410118
-0.0433507
-0.0435073
-0.0441823
-0.0413234
-0.0405007
-0.043655
-0.0454927
-0.0435806
-0.0304301
-0.0458926
-0.0461554
-0.0427021
-0.0282256
-0.0444265
-0.0410473
-0.0432681
-0.0413817
-0.0460765
-0.0447359
-0.0448668
-0.0398602
-0.0297214
-0.0446554
-0.0424203
-0.0426948
-0.0404762
-0.0462191
-0.0436781
-0.0388577
-0.0435199
-0.045348
-0.0417619
-0.0449168
-0.0445311
-0.0440298
-0.040716
-0.0437144
-0.0443865
-0.0436696
-0.0440661
-0.034263
-0.0451816
-0.0454423
-0.0436061
-0.0459267
-0.0318363
-0.0444416
-0.0395672
-0.049038
-0.0421939
-0.0435943
-0.0429765
-0.0407455
-0.0437589
-0.0437887
-0.0336637
-0.0439756
-0.0341249
-0.0437329
-0.0426246
-0.0442868
-0.0425065
-0.0435769
-0.0433038
-0.0460283
-0.0426081
-0.0439478
-0.0433083
-0.0442629
-0.0440629
-0.0438478
-0.0402635
-0.0441133
-0.0434575
-0.0435023
-0.0433627
-0.0429461
-0.0440434
-0.0407099
-0.0435804
-0.0459028
-0.0433555
-0.0454995
-0.0415842
-0.044814
-0.0361895
-0.0439593
-0.0367281
-0.040137
-0.039969
-0.0439681
-0.0431159
-0.0434528
-0.0442199
-0.0435184
-0.0436994
-0.0450268
-0.0399652
-0.0428175
-0.0412966
-0.043483
-0.0462815
-0.0437841
-0.0435443
-0.0432728
-0.0435321
-0.0438614
-0.035919
-0.0427585
-0.044866
-0.0424526
-0.0492153
-0.043026
-0.0468446
-0.0401526
-0.0463276
-0.0419283
-0.0411492
-0.0341668
-0.0440484
-0.0400584
-0.0459676
-0.0397267
-0.0431647
-0.0359696
-0.0400426
-0.0385346
-0.0444437
-0.0376564
-0.0461105
-0.0444735
-0.0390323
-0.0395516
-0.0445631
-0.0460721
-0.0347516
-0.0443079
-0.0417858
-0.0454005
-0.0352949
-0.0466131
-0.0395007
-0.0358124
-0.0470324
-0.0367333
-0.0401879
-0.0461723
-0.0372888
-0.0436508
-0.04216
-0.0346471
-0.0428291
-0.0414939
-0.0397994
-0.0444023
-0.0439042
-0.0434243
-0.0392081
-0.0439309
-0.0418172
-0.0434192
-0.0410841
-0.0428059
-0.0424305
-0.0373315
-0.0441848
-0.0372621
-0.0427374
-0.0343191
-0.0399419
-0.0464503
-0.043993
-0.0377557
-0.038192
-0.0423856
-0.0423613
-0.0441537
-0.0440395
-0.042921
-0.0434504
-0.0374644
-0.0439131
-0.0424877
-0.0413245
-0.0384758
-0.0401745
-0.0425777
-0.043479
-0.0434905
-0.0355901
-0.0453426
-0.0393319
-0.0373611
-0.0427626
-0.0388015
-0.037206
-0.0417521
-0.0395376
-0.0389745
-0.0420528
-0.0399061
-0.0388128
-0.0391951
-0.0433796
-0.0434075
-0.0432904
-0.0420169
-0.0415912
-0.0408451
-0.0423443
-0.0452441
-0.0445697
-0.0448871
-0.0374088
-0.0373788
-0.0357195
-0.0351539
-0.0432457
-0.0362751
-0.0362617
-0.0436188
-0.0396133
-0.0440133
-0.0427646
-0.0435769
-0.0424824
-0.0440541
-0.0423497
-0.0396935
-0.0445955
-0.0437774
-0.0399885
-0.0426339
-0.0447262
-0.0427066
-0.038579
-0.0343899
-0.0420383
-0.0429566
-0.0397029
-0.0407819
-0.0345666
-0.0368809
-0.0381839
-0.0427218
-0.0448454
-0.0428388
-0.0382762
-0.0372605
-0.0439324
-0.0421285
-0.0410856
-0.0449769
-0.0454316
-0.0425944
-0.0471312
-0.04639
-0.0472991
-0.0372013
-0.0362168
-0.0420491
-0.0479955
-0.0483137
-0.0450497
-0.0381725
-0.037347
-0.0452273
-0.0438262
-0.0424031
-0.0478129
-0.0342816
-0.0363015
-0.0481525
-0.0484991
-0.0452779
-0.0467251
-0.0364471
-0.0472138
-0.0457977
-0.0452958
-0.041213
-0.0486121
-0.035753
-0.0363284
-0.0467805
-0.045325
-0.0451702
-0.0465939
-0.0358827
-0.0469439
-0.0452284
-0.0481379
-0.0432553
-0.0482396
-0.0396634
-0.0459234
-0.0438331
-0.0421997
-0.042693
-0.043847
-0.0363543
-0.0390215
-0.0401393
-0.0384185
-0.043314
-0.0437304
-0.0433941
-0.0431167
-0.0433564
-0.0422964
-0.036306
-0.0372164
-0.040507
-0.0439549
-0.0420802
-0.0440537
-0.0366802
-0.0373149
-0.0467832
-0.0422777
-0.0449491
-0.0479374
-0.0425196
-0.0416838
-0.0437091
-0.0438532
-0.0421134
-0.0439157
-0.046001
-0.0450417
-0.0430722
-0.0403465
-0.0445973
-0.0441192
-0.0417322
-0.0428578
-0.042932
-0.0351745
-0.0408716
-0.0412089
-0.0404893
-0.0438985
-0.0431958
-0.0425092
-0.0420408
-0.0437442
-0.0439682
-0.0357682
-0.0400303
-0.0404322
-0.042572
-0.0420636
-0.043428
-0.0353065
-0.0348197
-0.041647
-0.0444119
-0.0439155
-0.0431037
-0.0418628
-0.0413817
-0.0434809
-0.0435761
-0.0410307
-0.0434044
-0.0447912
-0.0463703
-0.0457
-0.0452847
-0.0443497
-0.043507
-0.0407745
-0.0443273
-0.0414166
-0.0435792
-0.04423
-0.0450245
-0.0360385
-0.0410832
-0.0443905
-0.0372995
-0.0417321
-0.0412221
-0.0437461
-0.0440072
-0.0416908
-0.0441389
-0.0353327
-0.0402745
-0.0360391
-0.0419248
-0.0437823
-0.0431397
-0.0454164
-0.0437934
-0.0434828
-0.0442111
-0.0451404
-0.0420417
-0.0451917
-0.0436877
-0.0436615
-0.0438177
-0.043626
-0.0441158
-0.0404629
-0.0446224
-0.0448933
-0.0403184
-0.0459194
-0.0410297
-0.0437909
-0.0425264
-0.0422999
-0.0338604
-0.0437575
-0.0418913
-0.0349309
-0.0407195
-0.0408295
-0.043518
-0.0437022
-0.0405432
-0.0427151
-0.0377669
-0.0445052
-0.0356163
-0.0399791
-0.0422887
-0.043233
-0.0458473
-0.0453197
-0.0428815
-0.0408241
-0.0448087
-0.0399406
-0.0445905
-0.0434204
-0.0437224
-0.0440832
-0.043479
-0.0439935
-0.0440612
-0.043106
-0.043318
-0.0378471
-0.0472046
-0.0450767
-0.0401059
-0.0476299
-0.0370195
-0.0448589
-0.0451962
-0.042206
-0.0431961
-0.0372225
-0.0455668
-0.039978
-0.0469043
-0.0447645
-0.039261
-0.0456527
-0.042306
-0.0385573
-0.039512
-0.0474743
-0.0449337
-0.0403664
-0.0457281
-0.042164
-0.0376907
-0.0400678
-0.0453489
-0.0403717
-0.0447179
-0.0472194
-0.0356013
-0.0350296
-0.0448844
-0.0466579
-0.0399731
-0.0360462
-0.0354019
-0.0444298
-0.0456326
-0.0411689
-0.0446664
-0.0469443
-0.0368662
-0.0372453
-0.0405997
-0.0428334
-0.0330962
-0.0350185
-0.0381491
-0.0431682
-0.0326712
-0.0431101
-0.0402777
-0.0406161
-0.0382277
-0.0378663
-0.0377239
-0.0383557
-0.0383628
-0.0377713
-0.0467231
-0.0429971
-0.0436543
-0.0322804
-0.0451228
-0.0415532
-0.0374267
-0.0359195
-0.0431164
-0.0437091
-0.0423988
-0.0429122
-0.0400784
-0.0398662
-0.0404716
-0.036513
-0.0297203
-0.0462717
-0.0323851
-0.0436384
-0.0421894
-0.041512
-0.0376707
-0.0364401
-0.0301921
-0.0412777
-0.0413054
-0.0398437
-0.0437046
-0.0438946
-0.043248
-0.0408105
-0.0432575
-0.0428149
-0.0316756
-0.0454266
-0.0442194
-0.0433525
-0.040929
-0.0422577
-0.0402641
-0.037785
-0.0402263
-0.0462836
-0.0415615
-0.0435455
-0.0431329
-0.0462181
-0.0407058
-0.0434541
-0.0444966
-0.0375543
-0.044653
-0.0282659
-0.039775
-0.0459835
-0.0411395
-0.0447371
-0.0438084
-0.0437431
-0.0399921
-0.043393
-0.0447164
-0.0311439
-0.0403965
-0.0439343
-0.0303308
-0.0428136
-0.044529
-0.0438524
-0.0426651
-0.0403686
-0.0421189
-0.0304797
-0.0382804
-0.0397454
-0.042113
-0.0436606
-0.0359776
-0.0423305
-0.0369859
-0.0418538
-0.0435776
-0.0431784
-0.0378689
-0.0399605
-0.0425483
-0.0422294
-0.0372602
-0.0433349
-0.0421985
-0.0419799
-0.0384802
-0.0435476
-0.0420951
-0.0329088
-0.0409739
-0.0457651
-0.0314068
-0.0421243
-0.0415457
-0.0403653
-0.0462318
-0.0436477
-0.0433859
-0.0393262
-0.0421434
-0.0409584
-0.0365501
-0.0433695
-0.0418935
-0.0438006
-0.0358121
-0.0422441
-0.0439619
-0.0417843
-0.0357099
-0.042552
-0.0371077
-0.0368862
-0.0422822
-0.0420205
-0.0355975
-0.0440038
-0.042578
-0.0443238
-0.042047
-0.0359411
-0.0391026
-0.0316285
-0.0401455
-0.0457649
-0.0429589
-0.0447099
-0.0392009
-0.0441305
-0.0457261
-0.0387418
-0.0467198
-0.0389039
-0.043725
-0.0415353
-0.0467004
-0.0435892
-0.040441
-0.0431258
-0.043691
-0.04325
-0.0447737
-0.0434243
-0.042214
-0.0302551
-0.0398576
-0.040229
-0.0462057
-0.0394815
-0.0457515
-0.0307897
-0.0430018
-0.0411246
-0.0442755
-0.0418771
-0.0440309
-0.0316408
-0.0428809
-0.0454758
-0.044166
-0.043602
-0.0453757
-0.0393672
-0.04636
-0.0437227
-0.0438303
-0.0299248
-0.0457378
-0.0410018
-0.044373
-0.0435582
-0.042329
-0.0403432
-0.0475084
-0.0321687
-0.0308868
-0.0424962
-0.0405513
-0.0407808
-0.0438269
-0.0450581
-0.0350301
-0.0375175
-0.0442295
-0.038235
-0.0397619
-0.0391943
-0.0363232
-0.0365544
-0.0371713
-0.0365587
-0.036549
-0.0379814
-0.0169011
-0.0303443
-0.0271817
-0.0260371
-0.0440445
-0.0424127
-0.0384879
-0.041548
-0.0338868
-0.0410371
-0.0270486
-0.0369299
-0.026998
-0.0259716
-0.0374933
-0.0214714
-0.0192991
-0.0245893
-0.0185855
-0.0274908
-0.0260448
-0.0358688
-0.0332853
-0.0321738
-0.0390251
-0.0291263
-0.0339643
-0.0363606
-0.0453333
-0.0439693
-0.0291996
-0.0443169
-0.0403448
-0.0447981
-0.0448379
-0.0443716
-0.0400129
-0.0385817
-0.0357978
-0.0430745
-0.0450989
-0.0388762
-0.0417434
-0.0397046
-0.0359635
-0.0362269
-0.0380681
-0.0431556
-0.0403547
-0.0453432
-0.0411396
-0.0441242
-0.0445194
-0.03633
-0.043188
-0.0432659
-0.0400954
-0.0338366
-0.0438355
-0.0431263
-0.0305982
-0.0386311
-0.0330893
-0.0227273
-0.0163861
-0.0369848
-0.0309462
-0.0283533
-0.0354302
-0.0364043
-0.0325709
-0.0255804
-0.0283254
-0.0402627
-0.038712
-0.0405022
-0.027253
-0.0382354
-0.0423179
-0.0270257
-0.0446173
-0.043658
-0.0443085
-0.0405665
-0.0450821
-0.0434896
-0.0424592
-0.0370134
-0.0277596
-0.0373585
-0.0265841
-0.0307863
-0.0158902
-0.0353229
-0.0309557
-0.0301399
-0.022771
-0.0196767
-0.0391312
-0.0350895
-0.0344758
-0.0254782
-0.0198591
-0.034185
-0.0377078
-0.0314914
-0.0282866
-0.0196961
-0.028054
-0.0255425
-0.0155984
-0.0432392
-0.0426123
-0.0431608
-0.0411965
-0.0434158
-0.0430334
-0.0435289
-0.0425743
-0.0416807
-0.0245096
-0.0422661
-0.0348968
-0.0375551
-0.0286689
-0.0449474
-0.0360278
-0.0346948
-0.0372625
-0.0364642
-0.0341061
-0.0370043
-0.0446614
-0.0327961
-0.0421456
-0.0423449
-0.037431
-0.0417189
-0.041947
-0.0374141
-0.0357247
-0.0410796
-0.0250885
-0.0425384
-0.0412063
-0.0370968
-0.0396539
-0.0340379
-0.0346883
-0.0332579
-0.043601
-0.0431742
-0.033258
-0.0430519
-0.0394121
-0.0335979
-0.027411
-0.0215516
-0.0398233
-0.0389926
-0.0240962
-0.0408731
-0.0275389
-0.0221705
-0.0193014
-0.00569327
-0.0278949
-0.0375647
-0.041632
-0.0316625
-0.0296164
-0.0415355
-0.0222462
-0.0272486
-0.0415719
-0.0378945
-0.0344745
-0.041324
-0.0325569
-0.0268195
-0.0357789
-0.0440373
-0.0432321
-0.0355613
-0.0435197
-0.0385266
-0.0299734
-0.036815
-0.0353091
-0.0407539
-0.0375873
-0.0408897
-0.0378552
-0.0358051
-0.014364
-0.0238764
-0.02646
-0.0162433
-0.00928557
-0.0174611
-0.0331078
-0.0435055
-0.0427093
-0.0350597
-0.0428829
-0.0346783
-0.0349802
-0.0367949
-0.0406161
-0.037524
-0.0351661
-0.0410464
-0.0297485
-0.0361642
-0.0261204
-0.04456
-0.042849
-0.0460935
-0.0378998
-0.0431092
-0.0455533
-0.0459077
-0.0434584
-0.0435088
-0.0440085
-0.0435123
-0.0438106
-0.0436338
-0.0431765
-0.0264187
-0.0428293
-0.0419974
-0.0347611
-0.0367135
-0.0350987
-0.0350005
-0.0421408
-0.0423231
-0.0425571
-0.0344552
-0.0398121
-0.0382721
-0.0460109
-0.0417883
-0.038736
-0.0447231
-0.0361532
-0.0395565
-0.043673
-0.0353463
-0.0365411
-0.0394214
-0.0235936
-0.0289436
-0.0385465
-0.0391414
-0.0371302
-0.0404835
-0.0414839
-0.040745
-0.0293981
-0.0451194
-0.0409566
-0.0355121
-0.0413587
-0.033096
-0.0347641
-0.0394171
-0.0355918
-0.0407411
-0.0373297
-0.0380873
-0.0409102
-0.0362996
-0.0281424
-0.0262617
-0.0167551
-0.016557
-0.0187874
-0.0163675
-0.0382406
-0.0449447
-0.0427936
-0.0359849
-0.0359072
-0.0430279
-0.0353984
-0.0331728
-0.0396314
-0.0371261
-0.0383269
-0.039941
-0.0363997
-0.0362844
-0.0163414
-0.0316887
-0.0409674
-0.0412695
-0.0370959
-0.0413667
-0.0313173
-0.0322901
-0.0287822
-0.0296535
-0.0368612
-0.0336543
-0.035924
-0.0273926
-0.0276721
-0.00815976
-0.0078727
-0.00879881
-0.03158
-0.0440032
-0.0414315
-0.0222428
-0.0427389
-0.0338961
-0.0299342
-0.0322331
-0.0376478
-0.036228
-0.0330255
-0.0365016
-0.0282917
-0.0353829
-0.0416843
-0.0447836
-0.0283696
-0.0293858
-0.0381095
-0.0365285
-0.0396149
-0.044968
-0.0438566
-0.03979
-0.0435554
-0.0454339
-0.0440435
-0.0390608
-0.0441373
-0.0435228
-0.0375983
-0.0430301
-0.0420811
-0.0437264
-0.0323235
-0.0342826
-0.0428842
-0.0350599
-0.0311421
-0.0421504
-0.0433868
-0.0407965
-0.0443081
-0.0407627
-0.0442668
-0.0422366
-0.0409396
-0.0384387
-0.0433382
-0.0348985
-0.0307758
-0.034264
-0.0395697
-0.0358702
-0.0363515
-0.0248029
-0.0147202
-0.0293403
-0.0301176
-0.0269766
-0.03473
-0.0296896
-0.0389188
-0.037533
-0.0242984
-0.036144
-0.0376878
-0.0287754
-0.0375783
-0.0242012
-0.0390706
-0.0327842
-0.0335415
-0.0261941
-0.0376337
-0.0283745
-0.0366424
-0.0312624
-0.035447
-0.0123817
-0.0277324
-0.0356018
-0.0301575
-0.0228577
-0.0285138
-0.017868
-0.0391865
-0.0321713
-0.0184651
-0.0346088
-0.0336187
-0.0240121
-0.0307684
-0.0072573
-0.0178526
-0.0170494
-0.00717329
-0.0388219
-0.0393373
-0.0418919
-0.0353169
-0.0400842
-0.0407165
-0.0318101
-0.0289135
-0.035178
-0.0315149
-0.0178159
-0.0307606
-0.0349201
-0.0167961
-0.0161387
-0.0307439
-0.0179105
-0.0294441
-0.029924
-0.0380533
-0.0340947
-0.0282578
-0.0334626
-0.0238062
-0.0274568
-0.0139411
-0.0260771
-0.0239124
-0.00764886
0.00571753
-0.00535208
-0.0262441
-0.0363049
-0.0306465
-0.0185835
-0.0108032
-0.0364476
-0.0235601
-0.0114127
-0.0225189
-0.0114357
-0.0252265
-0.0184069
-0.024137
-0.0071516
-0.0288911
-0.0329731
-0.00658409
-0.0350418
-0.0229594
-0.0136721
-0.0131303
-0.00972091
-0.00284452
-0.0234941
-0.00847105
-0.0231066
-0.0153049
0.00271515
0.00208466
6.13176e-05
0.00781749
-0.00437672
-0.0170491
0.00526275
0.00846568
-0.00510606
0.0045499
0.00563554
-0.00365078
-0.00503921
-0.0194661
0.00763604
-0.00651319
0.00120724
0.00328532
-0.000884419
-0.000262065
0.000474504
-0.0123471
-0.0197022
0.00513588
0.00365085
0.00302654
-0.020239
-0.011754
-0.0135099
-0.000418896
-0.0223391
0.00377042
-0.0152261
0.00201263
-0.021224
0.00491003
0.00201481
0.00167013
0.00546155
-0.0299389
-0.0218383
-0.0283137
-0.0133818
-0.0299976
-0.0285221
-0.0209142
-0.0152129
-0.00411591
-0.00168402
-0.0015391
0.00148188
-0.0101784
-0.0099079
-0.0145995
-0.0170374
-0.00826221
-0.0056383
-0.00713452
-0.00663038
-0.0252478
-0.0273279
-0.000620126
-0.0270113
-0.00688521
-0.00539516
-0.0105719
-0.0184004
-0.0329095
-0.03486
-0.015355
-0.0315521
-0.0208752
-0.00142911
0.00551288
-0.00215503
-0.00468378
-0.0265779
-0.0298321
-0.0097519
-0.0149259
-0.0281751
-0.00871526
-0.0110448
-0.0314078
-0.0340995
-0.0216036
-0.0308577
-0.0150081
-0.0218115
0.00854648
-0.00519826
-0.0187353
0.000662715
-0.00799224
-0.0007265
0.00361722
0.0057513
0.00521373
1.34573e-05
0.00328218
0.00412712
0.00495906
-0.0183727
-0.0107932
0.00528026
-0.0108109
0.00327464
0.00538261
-0.00917475
-0.0265281
-0.021852
0.00359456
-0.0269195
-0.00424459
0.000608458
-0.0175529
-0.0196387
-0.0287877
-0.0291621
-0.0296111
-0.0200111
-0.0165969
0.000814108
0.00564186
0.00312177
0.00251974
0.0049154
0.00536265
-0.018111
-0.0312808
-0.0297429
-0.0198642
-0.0307023
-0.0173589
-0.0194084
-0.0134914
-0.0229636
-0.0280873
-0.00100677
-0.0279697
-0.0013026
-0.0140096
0.00741584
-0.0277701
-0.0242453
-0.0366725
-0.0349914
-0.0342026
-0.0281948
-0.0258006
-0.00985543
-0.0149803
-0.0096583
-0.0120911
-0.00452038
-0.000902618
0.0021103
-0.00538222
-0.00929184
-0.00866832
-0.0107231
-0.00870041
-0.0117784
-0.0138909
-0.0125205
-0.0121836
-0.0162785
0.00125881
-0.0272493
0.000714977
-0.0232325
-0.0197465
0.00901984
-0.0147768
-0.0130922
0.0033685
-0.0108335
-0.019057
0.0113796
-0.00446991
-0.000999417
-0.00199079
-0.00620572
-0.0135369
0.00877561
-0.017116
0.00742108
-0.0178106
-0.0136181
0.00829495
-0.0101351
-0.0113515
0.00287175
-0.00767298
-0.0166668
0.0122226
-0.0291022
-0.000981313
-0.0284459
-0.000939545
-0.0261063
-0.0295679
-0.00127795
-0.0264168
-0.00139429
-0.022175
0.00172181
-0.0220389
-0.0268922
-0.00117739
-0.0248138
-0.0178171
0.00106659
0.000936389
-0.0222098
-0.0207517
-0.000649151
-0.0108932
-0.0120389
-0.013385
-0.0092287
-0.0203904
-0.00259366
-0.0269757
-0.0049532
-0.00121656
-0.0200084
-0.025554
-0.0148777
-0.0167114
0.00342418
0.0101801
-0.0168959
-0.0218536
-0.0346871
-0.0279004
-0.0340916
-0.0323153
-0.0348741
-0.0341615
-0.0319284
-0.00631116
-0.0109131
-0.010695
-0.00797642
-0.0053823
-0.00346675
-0.00703085
-0.0034955
-0.00941369
-0.0171256
-0.0146883
-0.0127404
-0.025184
-0.00136358
-0.0274422
-0.00247945
-0.0272987
-0.0246027
-0.00191311
-0.0254932
-0.00129936
-0.0250837
0.00074686
-0.0252756
-0.0256673
-0.00128402
-0.0252918
-0.0222482
0.000311514
0.00173598
-0.0244483
-0.0263589
-0.00104209
-0.0170952
-0.00482219
-0.0117413
-0.00902573
-0.0159166
0.0229793
-0.0264913
0.00435117
-0.0265227
-0.0147262
0.0212782
-0.0177675
-0.017443
0.00975789
-0.016854
-0.0234514
0.0175334
-0.0318999
-0.027613
-0.0214935
-0.0230684
-0.0308619
-0.0328297
-0.0180183
-0.0309875
-0.020509
-0.0275324
-0.0177403
-0.0274248
-0.0333098
-0.0153926
-0.0337396
-0.0238228
-0.0263818
-0.00973287
-0.0337941
-0.0240018
-0.0259762
-0.0153148
-0.0216162
-0.0253483
-0.00842038
-0.0265636
0.000688957
-0.017795
-0.0251538
-0.0286824
-0.0293521
-0.029015
-0.0269711
-0.0236211
-0.0256737
0.0044059
0.0110372
0.0106684
-0.0171371
-0.018658
-0.0269306
-0.00103241
-0.0284785
-0.0109797
0.00217386
-0.0225993
-0.0286331
-0.030193
-0.0222423
-0.0273101
-0.018998
-0.0189171
-0.0170408
-0.0176672
0.00933242
-0.0181641
0.00912685
-0.0010491
0.00342123
-0.0220808
-0.0122956
-0.0168111
-0.00221768
0.00289583
-0.0153573
-0.0255864
-0.0236757
-0.0118716
-0.0269171
-0.0181039
-0.0147679
-0.0222714
-0.0228395
-0.0339308
-0.0314182
-0.0229388
-0.0312986
-0.0227494
0.00764956
-0.000450211
-0.00197217
0.0138063
0.0157561
0.0174508
-0.0180885
-0.0284119
-0.0342172
-0.0244525
-0.0237902
-0.0306603
-0.0143832
-0.0130559
-0.0232922
-0.0266186
-0.0166925
-0.0268984
-0.0167939
-0.0119348
0.0124153
0.00937274
-0.0154722
-0.0169798
0.0105801
-0.0129164
0.000826582
0.00699172
-0.0136042
-0.0137825
-0.00811477
0.00870737
-0.0116305
0.0122466
-0.0220776
-0.00929406
-0.00807255
-0.0104782
-0.0071159
0.0137313
-0.013345
-0.0205081
-0.00510587
-0.00338143
-0.0101458
0.00191491
0.00245599
-0.00127489
-0.0147163
-0.0144499
-0.000344348
-0.0103107
-0.0103837
0.00678628
-0.0113543
0.00942775
-0.00936399
-0.02433
-0.0121033
0.00935391
-0.00907343
-0.0245457
0.00868649
-0.00957305
0.00616534
-0.0248925
-0.0124402
-0.0104446
-0.0244528
0.00797648
-0.0107115
0.010274
-0.0104843
0.00968045
0.00171765
0.0032106
0.0101571
-0.00760633
-0.0211475
-0.00929434
-0.00791566
-0.00957512
0.0105568
0.00903154
-0.0049552
-0.0115558
-0.0212444
-0.00921745
0.00719531
-0.0090723
0.00328757
-0.000879878
0.000479154
-0.00026165
-0.0123423
-0.0197011
0.00364862
0.00514009
-0.0202362
-0.0117519
0.00302979
0.00491209
0.00201203
0.00167196
0.00546331
-0.0135059
-0.000414214
-0.0223398
0.00377446
-0.021222
-0.0152242
0.00201843
-0.00140529
-0.00112254
-0.0155694
-0.0191402
-0.0100592
-0.0145021
-0.0103011
-0.00481473
-0.00555608
-0.0214842
-0.0113114
-0.00979959
-0.00766027
0.00571748
-0.00535609
-0.0262678
-0.0363481
-0.0306724
-0.0186097
-0.036488
-0.0108221
-0.0235921
-0.0114322
-0.0225374
-0.0114445
-0.0252402
-0.0184362
-0.0241503
-0.00715389
-0.0329853
-0.0289173
-0.0350698
-0.0229644
-0.00659662
-0.00973044
-0.00284548
-0.0234979
-0.00847674
-0.0153083
0.00270785
-0.0231149
-0.0136919
-0.0131552
-0.0352841
-0.0319231
-0.00862232
-0.0214415
-0.0355257
-0.0319826
-0.0239733
-0.0323811
-0.0233377
-0.0307589
-0.00951172
-0.0332252
-0.028512
-0.0228989
0.00855699
-0.0187245
-0.00518714
0.000679354
-0.00798239
-0.000713384
0.00575412
0.00362328
0.00522095
0.00496772
-0.0183657
-0.0107893
0.0052838
-0.010801
0.00538317
0.00328369
2.27565e-05
0.00329149
0.00413516
-0.00916025
-0.0218422
-0.0265152
0.00360931
-0.0269083
0.000621132
-0.0042281
-0.0175406
-0.0196321
-0.0291597
-0.0287666
-0.0165916
-0.0296042
-0.0199966
0.00492793
0.00536482
0.00082994
0.00565849
0.00314211
0.0025324
-0.0134784
-0.0229565
-0.0280841
-0.00100321
-0.0140048
-0.0279612
-0.00129279
-0.018095
-0.0312662
-0.0297272
-0.0198456
-0.030691
-0.0173388
-0.0193924
0.00743032
-0.00410627
-0.0151995
-0.00166888
-0.00152827
0.00149553
-0.0101586
-0.00990165
-0.00563022
-0.00712491
-0.0145871
-0.0170187
-0.00825294
-0.00660853
-0.0273156
-0.0252311
-0.000605056
-0.0269949
-0.00537818
-0.00686621
-0.0105458
-0.0183666
-0.0348405
-0.0328901
-0.0315326
-0.0208457
-0.0153201
-0.00140786
0.00553166
-0.00212952
-0.0110214
-0.0313939
-0.0340828
-0.0215832
-0.0308411
-0.0149887
-0.0217866
-0.00466081
-0.0265579
-0.029809
-0.00971796
-0.0281568
-0.0086938
-0.0148957
-0.0134773
0.00880505
-0.0171424
0.00735321
0.00836001
-0.0135778
-0.0177952
-0.00446694
-0.000981328
-0.0019783
-0.00619473
-0.0100954
-0.0113769
0.0029202
0.0122892
-0.0166283
-0.00765082
-0.0254964
-0.00105619
-0.0219743
0.00181332
-0.0261217
-0.0217569
-0.000746564
-0.0271021
-0.00062721
-0.028355
-0.000873411
-0.0258012
-0.0287126
-0.000872063
-0.0240967
-0.0177188
0.00113774
0.00106683
-0.0204423
-0.0220843
-0.000409585
-0.0277411
-0.0242106
-0.0349707
-0.0366538
-0.0257706
-0.034177
-0.0281628
-0.00449455
-0.000881443
0.00213505
-0.00536422
-0.00982064
-0.0149403
-0.0120582
-0.00961833
-0.00926301
-0.00865557
-0.00868053
-0.0106939
-0.0162659
0.00124969
-0.0272022
0.000864649
-0.0229433
-0.0198126
0.00904656
-0.0117556
-0.0138505
-0.0121511
-0.0124897
-0.0147473
-0.0130106
0.0034333
-0.0189301
-0.0107854
0.0113924
-0.0256227
-0.00159358
-0.0250092
0.000658563
-0.00177439
-0.0259078
-0.0249024
-0.0265632
-0.00136999
-0.0280315
-0.00289536
-0.00232462
-0.0285574
-0.0256147
-0.0257286
-0.0221474
0.00166254
-0.000222246
-0.00147621
-0.0260509
-0.0250684
-0.0158567
0.0231567
-0.0264572
0.0045611
-0.0147096
-0.0262222
0.0216409
-0.0171745
-0.00476885
-0.0116728
-0.00910695
-0.017707
-0.0171715
0.00996335
-0.0231711
-0.0166916
0.0178095
-0.0206296
-0.00269744
-0.0273075
-0.00526026
-0.0201631
-0.0261165
-0.00141182
-0.0110047
-0.012093
-0.00927687
-0.0134605
-0.0151011
-0.0167189
0.0030504
-0.0221811
-0.0169617
0.00990683
-0.0346763
-0.0279311
-0.0323234
-0.034155
-0.0341674
-0.0319252
-0.034901
-0.00527581
-0.00331844
-0.00687913
-0.00340655
-0.0062572
-0.0109383
-0.00794766
-0.0106915
-0.00928982
-0.016992
-0.012561
-0.0146048
-0.0336945
-0.0237813
-0.0263488
-0.00972072
-0.0259575
-0.0337552
-0.0239719
-0.0318785
-0.0275827
-0.0230031
-0.0214764
-0.0179812
-0.0308102
-0.0328218
-0.0309677
-0.0204439
-0.0274875
-0.0176958
-0.0332594
-0.0153538
-0.0273923
-0.01533
-0.0236897
-0.0254886
-0.0117377
-0.0268704
-0.014715
-0.0179911
-0.0222173
-0.0227965
-0.0312872
-0.0337176
-0.0312226
-0.0227331
-0.0228724
0.0155667
0.0172932
0.00747294
-0.00041259
-0.00208313
0.0137941
-0.012978
-0.0232972
-0.0265063
-0.0166883
-0.0268547
-0.0118665
-0.0168177
-0.0179955
-0.0281851
-0.0340821
-0.0243356
-0.0305559
-0.0237474
-0.0142071
0.0121237
0.00940875
-0.0169644
-0.0154182
0.010717
-0.012919
0.000896564
-0.0136471
0.00690316
-0.0138876
0.0122478
-0.0221266
-0.00927984
-0.00810465
0.0137158
-0.0104829
-0.00716579
-0.00805212
0.00867923
-0.0116687
-0.015227
-0.0252578
-0.0215813
-0.00826242
-0.026526
-0.0176724
0.000764823
-0.0251406
-0.0287228
-0.029019
-0.0293808
-0.0256798
-0.0269636
-0.0236464
0.00453422
0.0111332
0.0108025
-0.0225588
-0.028523
-0.0301388
-0.0221504
-0.0189709
-0.027271
-0.018856
-0.0170951
-0.0186347
-0.026942
-0.0010272
-0.0284589
0.00222221
-0.0109808
-0.0175856
-0.0170203
0.00945359
-0.0180972
0.00919847
-0.00102905
0.00346851
-0.00213073
0.00296016
-0.0220472
-0.0122799
-0.0167568
0.0101054
-0.0076146
-0.021128
-0.00933888
-0.00959449
-0.00792073
0.0105167
0.00174852
0.00320336
0.00900966
-0.00494131
-0.0212394
-0.0115443
-0.00908929
-0.00922184
0.00720971
-0.00416151
0.00439035
-0.00737311
-0.0192397
-0.0327297
-0.0307902
-0.0172909
-0.0207651
-0.0322133
-0.022169
-0.0214263
-0.020554
-0.00369376
-0.0168264
-0.0190067
-0.0162827
-0.0148631
-0.0317616
-0.0282662
-0.0205931
-0.0301865
-0.0187484
-0.0156926
0.00491585
-0.025006
-0.00481529
-0.0126506
-0.0213031
0.00658203
-0.00478902
-0.00405275
0.00197594
0.00250537
-0.0132832
-0.020447
-0.0050487
-0.0100828
-0.00330454
-0.00121687
-0.0143978
-0.014677
-0.0102558
-0.00027853
-0.0270942
-0.0369989
-0.0270712
-0.0260046
-0.0214806
-0.037551
-0.0193475
-0.0260326
-0.0440258
-0.0423222
-0.0384075
-0.0409964
-0.0415331
-0.0338117
-0.0245601
-0.0186155
-0.0274889
-0.0260789
-0.0359414
-0.0321979
-0.0332005
-0.0390211
-0.0291577
-0.0339106
-0.0363254
-0.0397302
-0.0391414
-0.0362663
-0.0371452
-0.0364838
-0.0364992
-0.0365234
-0.0379698
-0.0446176
-0.043629
-0.0405725
-0.0443013
-0.0434978
-0.0450519
-0.0424541
-0.0378755
-0.0440821
-0.0351456
-0.036294
-0.0391936
-0.0424824
-0.0395784
-0.0439091
-0.0444426
-0.0388902
-0.0430603
-0.0436167
-0.0368687
-0.0404723
-0.0436507
-0.0434132
-0.0406021
-0.0427937
-0.0376
-0.0438669
-0.036965
-0.0348749
-0.0347141
-0.0382744
-0.0372506
-0.0403512
-0.0453016
-0.0439339
-0.0443059
-0.0291743
-0.0447621
-0.0403139
-0.0448158
-0.0443486
-0.040003
-0.0357753
-0.0385629
-0.0388583
-0.0430546
-0.0450789
-0.0431153
-0.0403361
-0.0453017
-0.0411149
-0.0444762
-0.0363082
-0.0440883
-0.0417174
-0.0396954
-0.035942
-0.0380383
-0.0362093
-0.0265814
-0.030763
-0.0158507
-0.0309668
-0.0353327
-0.0301514
-0.0227523
-0.0196503
-0.0350682
-0.0391399
-0.019828
-0.0344631
-0.0254852
-0.0196796
-0.0280194
-0.0155537
-0.025527
-0.0341954
-0.0377116
-0.0315025
-0.0282927
-0.0369919
-0.0277465
-0.0373256
-0.0432032
-0.0449427
-0.0445179
-0.0396758
-0.0426471
-0.0438286
-0.0409373
-0.0428579
-0.0450724
-0.0432631
-0.0394689
-0.042407
-0.0435935
-0.0407366
-0.0432258
-0.0425925
-0.0431566
-0.0411898
-0.0434018
-0.0435076
-0.0430305
-0.0332637
-0.0431583
-0.0435864
-0.0332518
-0.0430408
-0.0336009
-0.0394094
-0.0274139
-0.0215211
-0.0389829
-0.0398339
-0.0408827
-0.0275108
-0.0240978
-0.0221423
-0.00565544
-0.0192981
-0.0272451
-0.0415805
-0.0378934
-0.0344634
-0.0413305
-0.0268028
-0.0325544
-0.0279094
-0.0375623
-0.0416411
-0.0316599
-0.0415351
-0.0296373
-0.0222475
-0.0357842
-0.0432167
-0.0440038
-0.0355555
-0.04351
-0.0299716
-0.0385222
-0.0368188
-0.0353151
-0.0375993
-0.0407776
-0.0358021
-0.0409046
-0.0378621
-0.0264742
-0.016213
-0.0174407
-0.00928087
-0.0143726
-0.0238896
-0.0368029
-0.040632
-0.0375309
-0.0351582
-0.0361578
-0.0410636
-0.0297471
-0.0331107
-0.0434752
-0.0427258
-0.0350672
-0.0428808
-0.0346709
-0.0349778
-0.0261353
-0.0416651
-0.0425533
-0.0244903
-0.04224
-0.0348637
-0.0375285
-0.0286576
-0.0346833
-0.0372418
-0.0364435
-0.0449368
-0.0360168
-0.0340727
-0.0446334
-0.036981
-0.0327748
-0.04212
-0.0423315
-0.0416987
-0.037429
-0.0419251
-0.0250755
-0.0425075
-0.041192
-0.0370932
-0.0396373
-0.0340255
-0.034679
-0.0373968
-0.0357234
-0.0410552
-0.0436934
-0.0464078
-0.0440168
-0.0418517
-0.0438188
-0.0438956
-0.0441535
-0.0445699
-0.0428549
-0.0379085
-0.0460996
-0.0459143
-0.043127
-0.0455653
-0.043468
-0.0435119
-0.0440163
-0.0435168
-0.0438134
-0.043185
-0.0436506
-0.0294255
-0.0409869
-0.0451173
-0.0355291
-0.0413805
-0.0347932
-0.0331082
-0.0394469
-0.0356062
-0.0374063
-0.0407699
-0.0409534
-0.0363317
-0.0381055
-0.0168039
-0.0165957
-0.0164146
-0.0188492
-0.0281773
-0.0262963
-0.0332062
-0.0396887
-0.0372107
-0.0383746
-0.0399947
-0.0363281
-0.0364382
-0.0382613
-0.0449298
-0.0427976
-0.0359943
-0.0430359
-0.0359265
-0.0354031
-0.0163852
-0.0317313
-0.0413066
-0.0410003
-0.0371256
-0.0414127
-0.0323265
-0.0313516
-0.0288268
-0.0297068
-0.0337263
-0.0369311
-0.0277134
-0.035989
-0.0274571
-0.0081773
-0.00880111
-0.00792195
-0.0322708
-0.0377056
-0.0362969
-0.0330666
-0.0354188
-0.0365634
-0.0283284
-0.0316355
-0.0440475
-0.0414983
-0.0222779
-0.0427966
-0.0339323
-0.0300073
-0.0264111
-0.0419929
-0.04282
-0.0347657
-0.0367096
-0.035095
-0.0421223
-0.0349989
-0.0423075
-0.0382632
-0.0459935
-0.0417759
-0.0387272
-0.036145
-0.0447114
-0.03955
-0.0425476
-0.034454
-0.0398016
-0.0353625
-0.0436699
-0.0365515
-0.0394257
-0.0236042
-0.0289555
-0.0385523
-0.0405052
-0.0414995
-0.0407554
-0.0391359
-0.0371314
-0.0384604
-0.0433682
-0.0307998
-0.0349215
-0.0396063
-0.0342777
-0.0358907
-0.0363545
-0.02478
-0.0293377
-0.0147406
-0.0269654
-0.0347206
-0.0301375
-0.0377089
-0.0288063
-0.0376122
-0.0242
-0.0391138
-0.0335508
-0.0327969
-0.029691
-0.0389219
-0.0361413
-0.0375431
-0.0243111
-0.0428641
-0.0433612
-0.037506
-0.0401764
-0.0429126
-0.0460743
-0.0402705
-0.0464519
-0.0469113
-0.0430109
-0.0304607
-0.0392774
-0.0448348
-0.0470175
-0.0453446
-0.0464882
-0.0435857
-0.0380473
-0.0444453
-0.0431557
-0.0457649
-0.0386444
-0.0459105
-0.0423807
-0.044018
-0.0319274
-0.041693
-0.0447994
-0.0293951
-0.0283756
-0.0365295
-0.0381091
-0.0390577
-0.0441362
-0.0435256
-0.0375892
-0.043034
-0.0437315
-0.0420819
-0.0396125
-0.0449745
-0.043867
-0.0397867
-0.0435657
-0.0454449
-0.0440487
-0.0350538
-0.0311356
-0.0421615
-0.0323187
-0.0342833
-0.0428964
-0.0313144
-0.0366839
-0.0354933
-0.0124618
-0.0277892
-0.0301983
-0.0356711
-0.0285706
-0.0179169
-0.0229385
-0.0336715
-0.0240357
-0.0308071
-0.00729685
-0.0392294
-0.0322349
-0.0346601
-0.0185378
-0.0178927
-0.0171092
-0.00719157
-0.0262215
-0.0376607
-0.0283909
-0.0138959
-0.026028
-0.0238747
-0.0387083
-0.0372156
-0.0391649
-0.0309566
-0.0419397
-0.0335362
-0.039387
-0.0336765
-0.0359185
-0.0431085
-0.0437019
-0.042395
-0.0400854
-0.0429034
-0.0398637
-0.0467089
-0.0429865
-0.0436375
-0.0322728
-0.0374175
-0.0451082
-0.0415433
-0.040474
-0.0365043
-0.0297295
-0.046265
-0.0323968
-0.042187
-0.0436282
-0.0376849
-0.0415106
-0.0364404
-0.0301954
-0.0431537
-0.0326557
-0.0431041
-0.0421095
-0.0304678
-0.0397332
-0.0382705
-0.0421098
-0.0436605
-0.0423277
-0.0359702
-0.0418482
-0.0435767
-0.0369885
-0.0422246
-0.0372617
-0.0433275
-0.0421878
-0.041975
-0.0435418
-0.0384792
-0.0431713
-0.0378546
-0.0425451
-0.0399538
-0.0346189
-0.042174
-0.0418275
-0.0325174
-0.0390521
-0.0336603
-0.0419039
-0.0402731
-0.0442742
-0.0386204
-0.04072
-0.0470459
-0.0398378
-0.0437135
-0.0438951
-0.0432349
-0.0432643
-0.042807
-0.0408027
-0.041292
-0.0413314
-0.0316666
-0.0454195
-0.0433495
-0.0442166
-0.0422603
-0.0402471
-0.0409231
-0.0390916
-0.0316182
-0.0401389
-0.0457613
-0.0429561
-0.0447011
-0.0391982
-0.0387356
-0.0441234
-0.0457255
-0.046723
-0.0389025
-0.0437284
-0.0415376
-0.0467068
-0.0435885
-0.0404281
-0.0436918
-0.0431202
-0.0434262
-0.0432431
-0.0447748
-0.0398496
-0.0402251
-0.0462122
-0.0394819
-0.0457504
-0.0430103
-0.0307873
-0.0422055
-0.0302518
-0.0383454
-0.0438977
-0.0434861
-0.0428715
-0.0420008
-0.043671
-0.0396491
-0.03781
-0.0390433
-0.0424216
-0.0399031
-0.0454355
-0.0407253
-0.04325
-0.0466344
-0.0332099
-0.0409532
-0.0457518
-0.0313926
-0.0421082
-0.0415268
-0.0420767
-0.0328958
-0.0403509
-0.0436449
-0.0462448
-0.043391
-0.0393113
-0.0405628
-0.0407932
-0.04383
-0.0350252
-0.0450608
-0.0375178
-0.0442474
-0.0382538
-0.0327088
-0.0465962
-0.0342552
-0.0396009
-0.0398135
-0.0395704
-0.0420978
-0.0395283
-0.0394646
-0.0396848
-0.0420142
-0.0398269
-0.0396121
-0.039583
-0.0421114
-0.0395055
-0.0395606
-0.039723
-0.0420488
-0.0395672
-0.0397817
-0.0396084
-0.0420985
-0.0397877
-0.0395363
-0.0395564
-0.0420754
-0.0396149
-0.0397881
-0.0395756
-0.0421012
-0.0395858
-0.0398219
-0.0395989
-0.0421108
-0.0400359
-0.0434229
-0.0434426
-0.0421712
-0.0422222
-0.0435229
-0.0436471
-0.0392996
-0.0433347
-0.0435313
-0.042008
-0.0420097
-0.0434273
-0.0436471
-0.0398156
-0.0436044
-0.0436232
-0.0422859
-0.0421745
-0.0435245
-0.0437954
-0.0439722
-0.0421221
-0.03724
-0.0427073
-0.0421819
-0.0442858
-0.0431309
-0.0434615
-0.0460298
-0.0443989
-0.0434485
-0.0443641
-0.0439112
-0.0435513
-0.0446108
-0.0454675
-0.0394467
-0.0438239
-0.0428753
-0.042227
-0.0432472
-0.0426832
-0.0433221
-0.0434391
-0.044619
-0.0433466
-0.0434587
-0.0433999
-0.0445128
-0.0419521
-0.0415432
-0.0436738
-0.0436125
-0.0446655
-0.0440396
-0.0437777
-0.0434285
-0.0375421
-0.0438844
-0.0423207
-0.0439021
-0.0439222
-0.0448138
-0.039679
-0.0456851
-0.0424419
-0.0430799
-0.0439808
-0.0434304
-0.0444427
-0.0419003
-0.041502
-0.0436776
-0.044668
-0.0435509
-0.0439882
-0.0440464
-0.0373211
-0.0421572
-0.0443941
-0.0423263
-0.0426802
-0.0432139
-0.0439241
-0.0436082
-0.0376839
-0.0440806
-0.0440804
-0.0424683
-0.0440933
-0.0440592
-0.0421714
-0.0373547
-0.0427123
-0.044434
-0.0423438
-0.0432419
-0.0439369
-0.037657
-0.0436114
-0.0440843
-0.0424734
-0.0441239
-0.0441016
-0.044845
-0.0457146
-0.0396827
-0.0440035
-0.0424555
-0.0430941
-0.0434417
-0.0444211
-0.0414959
-0.0419225
-0.0446956
-0.0435485
-0.0437178
-0.0439975
-0.0434775
-0.0460757
-0.044415
-0.0439445
-0.0434892
-0.0443816
-0.043578
-0.0426669
-0.0435136
-0.0431751
-0.0433939
-0.0433747
-0.0444622
-0.0434284
-0.0439043
-0.037719
-0.0436083
-0.0440538
-0.0424213
-0.0440474
-0.0440439
-0.0439058
-0.0377128
-0.0435819
-0.0424232
-0.0440193
-0.0440362
-0.0440341
-0.0439692
-0.0421139
-0.0372093
-0.0422069
-0.0426804
-0.044256
-0.0431302
-0.0426584
-0.0434867
-0.0431823
-0.0444578
-0.0433856
-0.0433529
-0.0434115
-0.0426926
-0.0433084
-0.0434343
-0.0434473
-0.0446322
-0.0433497
-0.0434045
-0.0432339
-0.0441169
-0.0459354
-0.0441156
-0.0437555
-0.0432738
-0.0433642
-0.0444584
-0.0415147
-0.041914
-0.044661
-0.0435725
-0.0436994
-0.0440519
-0.0444616
-0.0415297
-0.0419292
-0.0435813
-0.0446867
-0.0437101
-0.0440607
-0.0446331
-0.0454908
-0.0394597
-0.042876
-0.0438464
-0.0422449
-0.0432456
-0.0432335
-0.0441119
-0.045898
-0.0432457
-0.0441353
-0.043742
-0.0433511
-0.0431889
-0.0458362
-0.0441068
-0.0431783
-0.0437194
-0.0440499
-0.043316
-0.0426343
-0.0434032
-0.0432045
-0.0434375
-0.0432904
-0.0444978
-0.0432999
-0.044729
-0.0394163
-0.0454811
-0.0429504
-0.0422669
-0.0439363
-0.0433164
-0.0444187
-0.0417703
-0.0414755
-0.043505
-0.0435427
-0.0444826
-0.0439377
-0.0447267
-0.039425
-0.0454876
-0.0422689
-0.0429373
-0.0439253
-0.0432993
-0.0444267
-0.0418066
-0.0414779
-0.0445253
-0.0435421
-0.0435371
-0.043959
-0.0431774
-0.0458272
-0.0440992
-0.0440471
-0.0431694
-0.0437165
-0.0433161
-0.0426676
-0.0434164
-0.0432737
-0.0434441
-0.0433425
-0.0445311
-0.0433233
-0.0426603
-0.0432449
-0.0434047
-0.0445155
-0.0433499
-0.0433281
-0.0433647
-0.0433253
-0.0442647
-0.0460287
-0.0438875
-0.0442403
-0.0433986
-0.0434822
-0.043949
-0.0372254
-0.0420416
-0.0422352
-0.0442542
-0.0426273
-0.0431239
-0.0440209
-0.0436781
-0.0378785
-0.0425451
-0.0441314
-0.04416
-0.0441537
-0.0439547
-0.0372245
-0.0420411
-0.0442542
-0.0422395
-0.0426301
-0.0431269
-0.0440059
-0.0436561
-0.0378037
-0.0441584
-0.0441479
-0.0425359
-0.0441731
-0.042688
-0.0432746
-0.0434582
-0.0433491
-0.0445508
-0.0434187
-0.0433951
-0.0433941
-0.0443102
-0.0460452
-0.0438932
-0.0443071
-0.0434288
-0.0435286
-0.0446681
-0.0395469
-0.0456064
-0.0439026
-0.0429726
-0.0423744
-0.043424
-0.0441743
-0.0375061
-0.0423303
-0.0428375
-0.0423435
-0.0445973
-0.0433203
-0.0437832
-0.0375444
-0.0434416
-0.0439024
-0.0423226
-0.0439069
-0.0439289
-0.0441972
-0.0423601
-0.0374717
-0.0445988
-0.0428479
-0.0423267
-0.0433358
-0.0445094
-0.0415396
-0.0419535
-0.043668
-0.0436129
-0.044678
-0.0440424
-0.0447253
-0.0456072
-0.0394851
-0.0423431
-0.0439707
-0.0430086
-0.0434154
-0.0397166
-0.0435848
-0.0435535
-0.0420832
-0.0421907
-0.0434344
-0.0437453
-0.0392335
-0.0434817
-0.0432778
-0.041971
-0.0419566
-0.0433799
-0.0436131
-0.0398937
-0.0433491
-0.043312
-0.0420799
-0.0421139
-0.0434528
-0.043589
-0.0393045
-0.0433531
-0.0435498
-0.0420206
-0.0420227
-0.0434466
-0.0436719
-0.0400479
-0.0434428
-0.0434395
-0.0422321
-0.042189
-0.0435399
-0.0436562
-0.0398322
-0.0436354
-0.0436062
-0.042293
-0.0421865
-0.043529
-0.0438032
-0.03926
-0.0435111
-0.0433051
-0.0419901
-0.041997
-0.0433999
-0.0436358
-0.0397628
-0.0436056
-0.0435657
-0.042119
-0.0422197
-0.0434467
-0.0437484
-0.0399244
-0.0433337
-0.0433479
-0.0421111
-0.0421413
-0.0434732
-0.0435896
-0.0399734
-0.0433502
-0.0433272
-0.0421755
-0.0421324
-0.0434859
-0.0435684
-0.0398173
-0.0435562
-0.0436159
-0.0421731
-0.0422533
-0.0434873
-0.0437602
-0.0392745
-0.0432837
-0.0435261
-0.042025
-0.0419919
-0.0434106
-0.0436384
-0.0398017
-0.0436011
-0.0436788
-0.0422775
-0.0421728
-0.0435228
-0.0438311
-0.039996
-0.0434439
-0.0434229
-0.0422028
-0.042145
-0.043543
-0.0436808
-0.0392849
-0.0435861
-0.0433776
-0.0420112
-0.0420077
-0.0434524
-0.0437238
-0.0399788
-0.0433289
-0.0433367
-0.0421393
-0.042175
-0.0434832
-0.0435588
-0.0392822
-0.0432887
-0.0435281
-0.0419965
-0.0420304
-0.0434098
-0.043641
-0.0398298
-0.0435567
-0.0436172
-0.0422541
-0.042177
-0.0434792
-0.0437577
-0.0398365
-0.0436721
-0.0436093
-0.0422014
-0.0422984
-0.0435276
-0.0438204
-0.0393119
-0.0436048
-0.0433801
-0.0420483
-0.0420307
-0.0434572
-0.0437116
-0.0400303
-0.0434517
-0.0434466
-0.0422281
-0.0421808
-0.0435499
-0.0436746
-0.0429511
-0.0428597
-0.04323
-0.0433582
-0.0432452
-0.0431709
-0.0433838
-0.0436743
-0.0437908
-0.0436966
-0.0438306
-0.0436662
-0.0437052
-0.0437702
-0.0436344
-0.0438047
-0.0436608
-0.0438136
-0.0436843
-0.0436746
-0.0436784
-0.0437131
-0.0442078
-0.0437889
-0.0444222
-0.0438065
-0.0440943
-0.0440178
-0.0429326
-0.0430474
-0.0436242
-0.0442048
-0.0443
-0.0451095
-0.0442277
-0.0447517
-0.0434895
-0.0446218
-0.0447858
-0.0448106
-0.0457551
-0.0457357
-0.0416892
-0.0345332
-0.0400198
-0.0425943
-0.0334468
-0.0406722
-0.0432651
-0.0425616
-0.0430528
-0.0433138
-0.0431605
-0.0438076
-0.0435822
-0.0434172
-0.0453662
-0.0448037
-0.0457446
-0.044424
-0.0440703
-0.0440722
-0.0443103
-0.0437334
-0.04361
-0.0437275
-0.0436308
-0.0438917
-0.0436818
-0.0436259
-0.0438186
-0.0438151
-0.0437748
-0.0437952
-0.0438012
-0.0437691
-0.0437676
-0.0437291
-0.0438013
-0.0437662
-0.0436381
-0.043802
-0.0437634
-0.0437409
-0.0436828
-0.0437718
-0.0437779
-0.043722
-0.0437812
-0.0437909
-0.0437077
-0.0440574
-0.0442987
-0.0439888
-0.0440405
-0.0440312
-0.0439975
-0.0439186
-0.0437853
-0.0437874
-0.0437988
-0.0439286
-0.0440902
-0.0438367
-0.0440029
-0.0439296
-0.0439877
-0.0439596
-0.0438925
-0.0438673
-0.0439858
-0.043947
-0.0437684
-0.0439084
-0.0437827
-0.0438862
-0.0438082
-0.0438892
-0.0437362
-0.0437886
-0.0438661
-0.0439531
-0.0437996
-0.0437772
-0.0438578
-0.0438097
-0.0440312
-0.0439944
-0.0441808
-0.0438678
-0.043866
-0.0439637
-0.044009
-0.0439559
-0.0436168
-0.0433802
-0.0432544
-0.0429147
-0.043185
-0.0437132
-0.0442078
-0.0441987
-0.0452016
-0.0445739
-0.0441253
-0.0448612
-0.0443854
-0.0439456
-0.0448433
-0.0442858
-0.0440683
-0.0440396
-0.0442912
-0.0441998
-0.0443164
-0.0438622
-0.0446019
-0.0438977
-0.0440893
-0.0439574
-0.0443118
-0.0447233
-0.0453011
-0.0446105
-0.0441698
-0.0442181
-0.0445703
-0.0454901
-0.0430196
-0.0407244
-0.0438431
-0.0439552
-0.0404313
-0.0430868
-0.0445312
-0.0452027
-0.044708
-0.0442202
-0.0448662
-0.0443872
-0.0445452
-0.044125
-0.0442851
-0.0439532
-0.0439449
-0.0442911
-0.0441998
-0.0440684
-0.0440396
-0.0445989
-0.0437988
-0.0443177
-0.0439583
-0.0443129
-0.0438994
-0.0440975
-0.0445882
-0.0446823
-0.0447983
-0.0445726
-0.0455106
-0.0441907
-0.0442666
-0.0428508
-0.0388211
-0.0433633
-0.0443829
-0.0396951
-0.0424504
-0.0447101
-0.0439568
-0.0438452
-0.0439283
-0.0439851
-0.0439453
-0.0438928
-0.0438669
-0.0437938
-0.043867
-0.0437692
-0.0438884
-0.0437395
-0.0438855
-0.0438092
-0.0439536
-0.0437549
-0.0437894
-0.0438599
-0.043813
-0.0437991
-0.0437801
-0.0441898
-0.0439105
-0.0440393
-0.0439679
-0.0440193
-0.0438711
-0.0438735
-0.0435636
-0.0434725
-0.0435973
-0.0434787
-0.0437094
-0.0435219
-0.0436439
-0.0437656
-0.0437115
-0.0437273
-0.043763
-0.0437421
-0.0436356
-0.0438025
-0.0437785
-0.043691
-0.0436826
-0.0437914
-0.0437119
-0.0437216
-0.0437857
-0.0437275
-0.0439782
-0.0436678
-0.0437106
-0.04382
-0.0437465
-0.0437921
-0.0424817
-0.0427733
-0.0432505
-0.0435835
-0.0433973
-0.041037
-0.0434294
-0.0434108
-0.0447026
-0.0444323
-0.0430985
-0.0447912
-0.0434691
-0.043457
-0.0437092
-0.0437162
-0.0437768
-0.0437101
-0.0436477
-0.0437258
-0.0437583
-0.0437205
-0.043704
-0.0436505
-0.0436946
-0.0436669
-0.0437412
-0.0436856
-0.0436509
-0.0438081
-0.045066
-0.0439594
-0.0440219
-0.0419703
-0.0441561
-0.0438823
-0.0437635
-0.0438519
-0.0438213
-0.0436402
-0.0438287
-0.0437387
-0.0437312
-0.043799
-0.0437519
-0.043783
-0.0437448
-0.043762
-0.0437838
-0.0436885
-0.0437193
-0.0437109
-0.0437533
-0.0437418
-0.0437691
-0.0437175
-0.0437775
-0.0438004
-0.043753
-0.0438327
-0.0437684
-0.0437912
-0.0437975
-0.0439118
-0.0438206
-0.0438895
-0.043897
-0.0438793
-0.0438526
-0.0438922
-0.043761
-0.0438826
-0.04373
-0.0438923
-0.043888
-0.0437947
-0.0437141
-0.0437549
-0.0439133
-0.0437074
-0.0438875
-0.0437713
-0.0437741
-0.0436538
-0.043737
-0.0438987
-0.043659
-0.0437958
-0.0437316
-0.0437909
-0.043635
-0.0437168
-0.0437369
-0.0437632
-0.0438158
-0.0437998
-0.0437103
-0.0437036
-0.0449345
-0.0438672
-0.0430565
-0.0440415
-0.0430749
-0.0434103
-0.0433675
-0.043739
-0.0431643
-0.0429782
-0.0442454
-0.0438374
-0.0436388
-0.0439597
-0.0437883
-0.044078
-0.0437861
-0.0438532
-0.0437698
-0.0438726
-0.0437745
-0.043662
-0.0439766
-0.0438681
-0.0437927
-0.043675
-0.043987
-0.0437721
-0.0435284
-0.0436213
-0.0436361
-0.0435957
-0.0435431
-0.0435582
-0.043633
-0.0448861
-0.0426554
-0.0448902
-0.0441676
-0.0434789
-0.0432156
-0.0435859
-0.0438565
-0.0441834
-0.0439402
-0.0437938
-0.0438419
-0.0439485
-0.0438477
-0.0438143
-0.044079
-0.0446287
-0.0440941
-0.04392
-0.0442929
-0.0442303
-0.0386187
-0.0349887
-0.037467
-0.0370705
-0.0378016
-0.0366656
-0.0366237
-0.0440845
-0.0422879
-0.0432676
-0.0439963
-0.0432753
-0.0432656
-0.0434263
-0.0439418
-0.044049
-0.0438638
-0.0439493
-0.0438485
-0.0437993
-0.0438456
-0.0446494
-0.0439419
-0.0438616
-0.0442969
-0.0442325
-0.0440959
-0.0439372
-0.0458155
-0.0466
-0.0463115
-0.0455005
-0.0462769
-0.0449295
-0.0447859
-0.0437924
-0.0439766
-0.0437929
-0.0438745
-0.0437776
-0.0438563
-0.0437737
-0.0438906
-0.0437989
-0.0436806
-0.043991
-0.0437835
-0.0438023
-0.0436853
-0.038465
-0.0349852
-0.0409508
-0.0395267
-0.0400767
-0.0365636
-0.0396151
-0.0437303
-0.0438714
-0.0437637
-0.0437956
-0.043714
-0.0438942
-0.0438878
-0.0437099
-0.0438325
-0.0437547
-0.0437759
-0.0436551
-0.0438891
-0.0437734
-0.0436629
-0.0437785
-0.043743
-0.0437891
-0.0436413
-0.0437948
-0.0437382
-0.0437707
-0.0437535
-0.043722
-0.0437119
-0.0437111
-0.0438171
-0.043814
-0.0436074
-0.0434965
-0.0435477
-0.0436603
-0.0435089
-0.0435924
-0.0436944
-0.0438921
-0.0438207
-0.0438975
-0.0440915
-0.0439354
-0.043649
-0.0438272
-0.0438531
-0.0438577
-0.0439084
-0.0438696
-0.0438703
-0.043886
-0.0438808
-0.0437307
-0.0436594
-0.0438226
-0.0437236
-0.0435395
-0.0437184
-0.0437551
-0.0450515
-0.0433391
-0.04314
-0.0430777
-0.0409109
-0.0435754
-0.0433717
-0.0440762
-0.0439842
-0.0433714
-0.0436767
-0.0438766
-0.0439905
-0.0436529
-0.043418
-0.0443164
-0.0435175
-0.0437206
-0.0435757
-0.0448854
-0.0437639
-0.0436412
-0.0437128
-0.0436536
-0.043724
-0.043697
-0.0438045
-0.0437356
-0.0437782
-0.0438968
-0.043687
-0.0436829
-0.0437338
-0.0438149
-0.0436106
-0.0439481
-0.043778
-0.0437347
-0.0438696
-0.0439212
-0.043706
-0.0437428
-0.0437986
-0.0437312
-0.0437364
-0.0437308
-0.0437598
-0.043719
-0.0437087
-0.0436626
-0.0437676
-0.043637
-0.0436847
-0.0436255
-0.0437096
-0.0435987
-0.0436026
-0.0437002
-0.043634
-0.0436452
-0.0436519
-0.0435785
-0.0436523
-0.0437321
-0.0439731
-0.0436436
-0.0437077
-0.0438377
-0.0437915
-0.0438674
-0.0437619
-0.0438482
-0.0436276
-0.0437699
-0.0437571
-0.0437227
-0.0435452
-0.043666
-0.0437273
-0.04368
-0.0437241
-0.0436897
-0.0436616
-0.0436251
-0.0442124
-0.0429378
-0.043621
-0.0438958
-0.04391
-0.043136
-0.0443573
-0.0417543
-0.040879
-0.0436756
-0.0442279
-0.0405942
-0.0419766
-0.0441154
-0.0436303
-0.0438208
-0.0437652
-0.0437253
-0.0435475
-0.0437733
-0.0437606
-0.0436904
-0.043748
-0.0436771
-0.043666
-0.0436342
-0.0437322
-0.0436919
-0.0436904
-0.0437185
-0.0437821
-0.0438172
-0.0436139
-0.0436847
-0.0437376
-0.043735
-0.0438849
-0.043949
-0.0437057
-0.0437439
-0.0438708
-0.0439239
-0.0437354
-0.0438254
-0.0437997
-0.0437176
-0.0437132
-0.0437263
-0.0437656
-0.0436463
-0.0437383
-0.0436685
-0.0437275
-0.0435815
-0.0436759
-0.0436594
-0.0446764
-0.0427586
-0.0427091
-0.0439261
-0.0424108
-0.0441415
-0.0436504
-0.0437612
-0.0437872
-0.043498
-0.043735
-0.043805
-0.043769
-0.0437314
-0.0437392
-0.0440366
-0.0433484
-0.0435682
-0.0436823
-0.0443374
-0.0434595
-0.0436742
-0.0436878
-0.0436556
-0.0436485
-0.04367
-0.0436993
-0.0436403
-0.0443047
-0.0432358
-0.0432063
-0.0439829
-0.0430203
-0.0438562
-0.044176
-0.0436526
-0.0436486
-0.0436473
-0.0436445
-0.0436795
-0.0437485
-0.0437342
-0.0436952
-0.0437201
-0.0436573
-0.0436918
-0.0437319
-0.0438277
-0.0436743
-0.0437184
-0.0438016
-0.0435946
-0.0437347
-0.0437334
-0.0438591
-0.0436348
-0.0439114
-0.0436948
-0.0437342
-0.0438517
-0.0439282
-0.0437512
-0.0437109
-0.0437598
-0.0437154
-0.0437066
-0.0438216
-0.0438098
-0.0437337
-0.0437499
-0.0436217
-0.0437067
-0.0435899
-0.0437157
-0.0436045
-0.0437734
-0.0436225
-0.0435844
-0.0435867
-0.0436098
-0.043594
-0.0435857
-0.0435768
-0.0436166
-0.0437118
-0.0439409
-0.0437809
-0.0437422
-0.0439761
-0.0438058
-0.043778
-0.0437516
-0.043711
-0.0435648
-0.0437521
-0.0437249
-0.0437725
-0.0435996
-0.0436703
-0.0436512
-0.0436058
-0.0437628
-0.0436479
-0.043723
-0.0436578
-0.0424229
-0.0424244
-0.0432894
-0.0422018
-0.0432692
-0.0417713
-0.042359
-0.0433934
-0.0437827
-0.044032
-0.0437199
-0.0438164
-0.0435072
-0.0433212
-0.043567
-0.0437619
-0.0437556
-0.0437755
-0.0436016
-0.0437553
-0.0437274
-0.043608
-0.043729
-0.0436709
-0.043717
-0.0436586
-0.0437545
-0.043656
-0.0436978
-0.0436653
-0.0437362
-0.0437109
-0.0436522
-0.0437046
-0.0434564
-0.0435981
-0.0436753
-0.0437217
-0.0438607
-0.043639
-0.0437364
-0.0437362
-0.0437349
-0.0438584
-0.0439129
-0.0437504
-0.0437125
-0.0438521
-0.0439298
-0.0437105
-0.0437243
-0.0437657
-0.0437374
-0.0437451
-0.0438243
-0.043811
-0.0435724
-0.0436663
-0.0436597
-0.0437737
-0.0436284
-0.0437343
-0.0436096
-0.0432739
-0.0432214
-0.0431542
-0.0432821
-0.043333
-0.043161
-0.043173
-0.0437212
-0.0437175
-0.0437164
-0.0437147
-0.0437269
-0.043716
-0.0437212
-0.0436401
-0.0436762
-0.0436487
-0.0436782
-0.0436414
-0.0436629
-0.0436616
-0.0436497
-0.0436363
-0.0436031
-0.0436181
-0.0436346
-0.0436701
-0.0436095
-0.043687
-0.0436406
-0.0435751
-0.0436137
-0.0436522
-0.0437117
-0.0435462
-0.043657
-0.0437428
-0.0436819
-0.0436824
-0.043746
-0.0437778
-0.0437427
-0.043709
-0.0436958
-0.0437021
-0.0437486
-0.0437798
-0.0437653
-0.0437524
-0.043858
-0.0437665
-0.0436815
-0.0438211
-0.0437222
-0.0438439
-0.0436906
-0.0437644
-0.043754
-0.0436456
-0.0438052
-0.0437387
-0.0438872
-0.0436956
-0.0437347
-0.0437849
-0.0436416
-0.0437585
-0.043724
-0.0438585
-0.0436635
-0.0438215
-0.0437136
-0.0437151
-0.0437476
-0.0437333
-0.0437345
-0.0437865
-0.0436496
-0.0437106
-0.0435609
-0.0435411
-0.043484
-0.0435754
-0.0436858
-0.043727
-0.0438222
-0.0437734
-0.0437058
-0.0437153
-0.043932
-0.0437286
-0.0436885
-0.0438954
-0.0437296
-0.0438687
-0.0438296
-0.044021
-0.0438771
-0.0433974
-0.0425435
-0.0434646
-0.0434225
-0.0435758
-0.0431848
-0.043389
-0.0439183
-0.0441559
-0.0440527
-0.0437513
-0.0438412
-0.0443784
-0.0441121
-0.0436778
-0.0438891
-0.0437478
-0.0439593
-0.0438416
-0.0439961
-0.0438976
-0.0440526
-0.0439206
-0.0439188
-0.0443728
-0.0441113
-0.0437518
-0.0438422
-0.0437483
-0.0438728
-0.0436758
-0.043998
-0.0438982
-0.0439581
-0.0438368
-0.0436929
-0.0429157
-0.0433824
-0.0435874
-0.0436342
-0.0436878
-0.043508
-0.0437748
-0.043747
-0.0437282
-0.0439349
-0.043731
-0.0437077
-0.0437169
-0.0437321
-0.0437997
-0.0436914
-0.0440244
-0.0438766
-0.0438739
-0.0438351
-0.0436827
-0.0438464
-0.0438568
-0.043846
-0.0436954
-0.0438239
-0.0437252
-0.0436445
-0.0438693
-0.0437564
-0.0438967
-0.0437017
-0.0438
-0.0437409
-0.0436519
-0.0437852
-0.0437382
-0.04386
-0.0436732
-0.0437595
-0.0437338
-0.0437203
-0.0438163
-0.0438287
-0.0437386
-0.0437928
-0.0437512
-0.0437412
-0.0436638
-0.0435705
-0.043686
-0.0436542
-0.0436267
-0.043587
-0.0436769
-0.0452724
-0.042465
-0.0425635
-0.0432842
-0.0398127
-0.0452369
-0.0428466
-0.0438347
-0.0437698
-0.0437204
-0.0436896
-0.0437822
-0.0437582
-0.0436916
-0.0437195
-0.0439015
-0.0436745
-0.0436296
-0.0440124
-0.0436788
-0.0436086
-0.043433
-0.0437287
-0.0439003
-0.0434181
-0.0435378
-0.0436924
-0.0431566
-0.0471791
-0.0435705
-0.0433967
-0.0432982
-0.0444749
-0.0448913
-0.0425602
-0.0437237
-0.0436762
-0.0436841
-0.0437198
-0.0437042
-0.0438235
-0.0437116
-0.0434677
-0.0435672
-0.043425
-0.0434529
-0.0434333
-0.0435021
-0.0435695
-0.0437866
-0.0437424
-0.0437346
-0.0436896
-0.0437243
-0.0437844
-0.0437555
-0.0437548
-0.043772
-0.0436943
-0.0436716
-0.0437234
-0.0437486
-0.0437662
-0.0438534
-0.0437251
-0.0437189
-0.0437719
-0.0438052
-0.0438266
-0.0437682
-0.0440055
-0.045084
-0.0439816
-0.0436831
-0.0439088
-0.0442788
-0.0406552
-0.0438256
-0.0439165
-0.0438513
-0.0439595
-0.0439358
-0.0439267
-0.0438909
-0.0437868
-0.043873
-0.0436969
-0.0438531
-0.0437589
-0.0438701
-0.0437714
-0.043783
-0.0438658
-0.0438155
-0.0437614
-0.043785
-0.0438836
-0.0439571
-0.0438708
-0.0439691
-0.0440481
-0.0438669
-0.0438774
-0.0440078
-0.0441209
-0.044431
-0.0438694
-0.044184
-0.0437626
-0.0445183
-0.0439516
-0.0442746
-0.0440301
-0.0451424
-0.044498
-0.0443872
-0.0443911
-0.0441278
-0.044914
-0.0437942
-0.0440804
-0.0438059
-0.0439279
-0.0437365
-0.0441613
-0.043829
-0.0441316
-0.0441172
-0.0444799
-0.0439816
-0.0439989
-0.0443806
-0.0448243
-0.0450471
-0.0452079
-0.0458084
-0.0444214
-0.0451629
-0.0460765
-0.0458176
-0.033381
-0.0365677
-0.0389064
-0.0379214
-0.0363729
-0.0327604
-0.0387109
-0.0422586
-0.0435904
-0.0410348
-0.0360466
-0.043849
-0.0412522
-0.0333654
-0.0444989
-0.0440138
-0.0440315
-0.0441298
-0.0449167
-0.0443977
-0.044399
-0.0438065
-0.0439324
-0.043796
-0.0441637
-0.0438306
-0.0439277
-0.0437372
-0.0444801
-0.043937
-0.0441349
-0.044383
-0.0448279
-0.0439911
-0.044005
-0.0458001
-0.0445163
-0.0450349
-0.0460713
-0.0457948
-0.0444198
-0.04517
-0.0255907
-0.0266456
-0.0348939
-0.0315404
-0.027141
-0.0253041
-0.0314277
-0.0438548
-0.0438857
-0.0438261
-0.0439266
-0.0438925
-0.0439582
-0.0439364
-0.0437045
-0.0438776
-0.0437832
-0.0438725
-0.0437788
-0.0438527
-0.0437627
-0.0438199
-0.0437887
-0.0437861
-0.0438878
-0.0439643
-0.0437655
-0.0437928
-0.0440528
-0.0438553
-0.0438727
-0.0440131
-0.0441239
-0.0438745
-0.043882
-0.0455665
-0.0457037
-0.0446784
-0.0455152
-0.045596
-0.0463071
-0.0450078
-0.0315401
-0.0390928
-0.0425185
-0.0399569
-0.0400046
-0.0344158
-0.0398697
-0.0435992
-0.0435536
-0.0435093
-0.0436002
-0.0437271
-0.0436805
-0.0436326
-0.0437346
-0.0436354
-0.0437683
-0.0437836
-0.0437553
-0.043695
-0.0437643
-0.0437083
-0.0437143
-0.0437503
-0.0437489
-0.04378
-0.0437042
-0.0437473
-0.0435226
-0.0434158
-0.0429126
-0.0435319
-0.0433461
-0.0432661
-0.0451645
-0.0440296
-0.0438081
-0.0437626
-0.043952
-0.0437404
-0.0438507
-0.0442878
-0.0436825
-0.0437505
-0.0437535
-0.0437355
-0.0437663
-0.0436804
-0.0437573
-0.0428717
-0.0436361
-0.0450031
-0.0432254
-0.0436722
-0.0432901
-0.0427404
-0.0435288
-0.0436507
-0.0435622
-0.0436484
-0.0435091
-0.0436097
-0.0435728
-0.0429834
-0.0434279
-0.0442903
-0.0438997
-0.0431992
-0.0433773
-0.044291
-0.0439815
-0.0438238
-0.0442858
-0.044104
-0.0442946
-0.043889
-0.0439375
-0.0437321
-0.0437374
-0.0437959
-0.0436458
-0.04377
-0.043699
-0.0438072
-0.0436824
-0.0437001
-0.0436694
-0.0436443
-0.043705
-0.0436757
-0.0436746
-0.0429116
-0.0441049
-0.0438374
-0.0429006
-0.0436852
-0.0465037
-0.0437827
-0.0435391
-0.043814
-0.0434216
-0.0431924
-0.0431232
-0.0432289
-0.0439261
-0.043875
-0.043952
-0.0438943
-0.0438303
-0.0441698
-0.0440267
-0.0439449
-0.0442664
-0.0436953
-0.0438539
-0.0434743
-0.0439658
-0.0441167
-0.0437377
-0.0416779
-0.0436849
-0.0437374
-0.0440371
-0.0436248
-0.0415128
-0.0433769
-0.0433767
-0.0447613
-0.0437953
-0.0417946
-0.0446163
-0.0439996
-0.0409004
-0.0426181
-0.0440209
-0.0431474
-0.038554
-0.0444738
-0.0418262
-0.0397707
-0.0444346
-0.0442749
-0.0440637
-0.0439061
-0.0441975
-0.044164
-0.0439829
-0.0420627
-0.0427034
-0.0441219
-0.0421905
-0.043774
-0.0410225
-0.0429038
-0.0427629
-0.0433925
-0.0433347
-0.042342
-0.0432858
-0.0432376
-0.0412633
-0.04387
-0.0438508
-0.0437792
-0.0438034
-0.0438697
-0.0437605
-0.0437979
-0.0437419
-0.0437861
-0.0437461
-0.0437621
-0.0437069
-0.0437574
-0.0437563
-0.0408643
-0.044013
-0.0440831
-0.0444557
-0.0434206
-0.0434289
-0.0442612
-0.0433491
-0.043552
-0.0439664
-0.0439622
-0.0435126
-0.0434545
-0.0440921
-0.0436307
-0.0433482
-0.0437539
-0.0433702
-0.043609
-0.0434357
-0.0435885
-0.0436781
-0.0435049
-0.0439832
-0.044195
-0.043996
-0.0429602
-0.0435952
-0.0372218
-0.0438362
-0.0403291
-0.0393003
-0.0416901
-0.0402201
-0.0386135
-0.0431024
-0.0437586
-0.0437609
-0.0426763
-0.0440622
-0.0420446
-0.0435894
-0.0308047
-0.0365069
-0.0360086
-0.0327495
-0.0357773
-0.0282118
-0.0320379
-0.0416966
-0.0433508
-0.0431022
-0.0398814
-0.043041
-0.0422013
-0.0394919
-0.0428736
-0.0449612
-0.0444738
-0.0433922
-0.0447743
-0.0427968
-0.043443
-0.0257243
-0.0317699
-0.0346099
-0.0346416
-0.0316587
-0.0256819
-0.0346126
-0.0439853
-0.0444638
-0.0440556
-0.0414181
-0.046647
-0.0411642
-0.0418729
-0.026944
-0.0350889
-0.0410227
-0.0354999
-0.0374546
-0.0257939
-0.0355916
-0.0432536
-0.0435741
-0.043404
-0.0434902
-0.043574
-0.0432447
-0.044533
-0.0435971
-0.0436199
-0.0434439
-0.0434181
-0.0435157
-0.0434303
-0.0435661
-0.0392967
-0.0432472
-0.0440292
-0.0446248
-0.0429661
-0.0426521
-0.0461575
-0.0390924
-0.0445013
-0.0440178
-0.0431294
-0.0460594
-0.0424588
-0.0429294
-0.0447953
-0.0428029
-0.0428888
-0.0439548
-0.0424632
-0.044302
-0.0437874
-0.0436368
-0.0434713
-0.0435192
-0.0435517
-0.0435508
-0.0435
-0.0435212
-0.0434974
-0.0434438
-0.0434553
-0.0434811
-0.0435157
-0.0434196
-0.0434821
-0.0431916
-0.0433063
-0.0434716
-0.04352
-0.0444672
-0.0432153
-0.0435926
-0.0455813
-0.0428763
-0.042857
-0.0435577
-0.0400936
-0.045588
-0.0430929
-0.026882
-0.0354222
-0.040817
-0.0350053
-0.0354774
-0.0257511
-0.0372994
-0.0435572
-0.0439979
-0.0433343
-0.0437313
-0.0436687
-0.0427251
-0.0435635
-0.039642
-0.0346416
-0.0412491
-0.0396757
-0.0414761
-0.0368974
-0.0379682
-0.0439408
-0.0429502
-0.0439006
-0.0435969
-0.0438787
-0.0440656
-0.0431862
-0.0435738
-0.0434651
-0.0435874
-0.043689
-0.0437383
-0.0434879
-0.0435019
-0.0433935
-0.0434528
-0.043508
-0.0436285
-0.0436028
-0.0434462
-0.0434486
-0.0436376
-0.0432402
-0.0433333
-0.0437392
-0.043611
-0.0434918
-0.0436448
-0.0438359
-0.0429136
-0.04381
-0.0436415
-0.0439964
-0.0437274
-0.043582
-0.0434704
-0.0415285
-0.0441005
-0.0443189
-0.0457052
-0.0418449
-0.0423246
-0.0315206
-0.0392121
-0.042431
-0.0400078
-0.0399552
-0.034489
-0.039819
-0.0306554
-0.0327792
-0.0365854
-0.0367716
-0.0281923
-0.0317205
-0.0359682
-0.0259859
-0.032694
-0.0377249
-0.0333911
-0.0326708
-0.0258459
-0.0333921
-0.0387751
-0.0352702
-0.0374862
-0.0379198
-0.0380745
-0.036407
-0.0364991
-0.0393392
-0.0341237
-0.037472
-0.0392343
-0.0390511
-0.0340734
-0.0393412
-0.0424228
-0.0424126
-0.0434303
-0.0437667
-0.0416612
-0.0431122
-0.0438152
-0.0415948
-0.0405243
-0.0435533
-0.0441413
-0.0404561
-0.0415159
-0.0439749
-0.0423342
-0.0428515
-0.0444258
-0.0446881
-0.0430461
-0.0421845
-0.0444322
-0.0425063
-0.0425394
-0.0421925
-0.043033
-0.0420491
-0.0432473
-0.0420817
-0.043442
-0.0437266
-0.0438649
-0.0435199
-0.0437601
-0.0435962
-0.0431058
-0.0418427
-0.0401008
-0.0434695
-0.043436
-0.0396426
-0.0423993
-0.0431266
-0.0371167
-0.0392647
-0.0436948
-0.0403935
-0.0420642
-0.0404164
-0.0380937
-0.0330464
-0.0312306
-0.0368693
-0.0394705
-0.039376
-0.0314923
-0.0326537
-0.0335322
-0.0366539
-0.0380024
-0.0386203
-0.0387643
-0.0328176
-0.0365437
-0.0262759
-0.0286666
-0.033429
-0.031928
-0.0289292
-0.0260474
-0.0316181
-0.0259864
-0.0326954
-0.0333911
-0.0377257
-0.0258474
-0.0326721
-0.0333906
-0.0306866
-0.0328199
-0.0367888
-0.0366276
-0.0317474
-0.0282435
-0.0359926
-0.0393394
-0.0341266
-0.0392388
-0.0374728
-0.0390514
-0.0393455
-0.0340764
-0.0387844
-0.0353024
-0.037932
-0.0375081
-0.0380806
-0.0365188
-0.0364299
-0.0415931
-0.0405248
-0.0441451
-0.043546
-0.0415125
-0.0404532
-0.0439658
-0.0423341
-0.0428432
-0.0446888
-0.0444181
-0.04218
-0.043046
-0.0444229
-0.0424348
-0.042422
-0.0437703
-0.0434293
-0.0431297
-0.0416706
-0.0438104
-0.043437
-0.0437175
-0.0435081
-0.0438603
-0.0435778
-0.0437562
-0.0431008
-0.041844
-0.0400908
-0.043426
-0.043471
-0.0423803
-0.0396596
-0.0431227
-0.0425273
-0.042546
-0.0430491
-0.0421829
-0.0432692
-0.0420401
-0.0420943
-0.0330375
-0.03122
-0.0394453
-0.0368802
-0.039397
-0.0326453
-0.0314775
-0.0370192
-0.0391809
-0.0403328
-0.0436261
-0.0419967
-0.038009
-0.0403363
-0.0262453
-0.0286545
-0.0319016
-0.0334399
-0.0316182
-0.0260335
-0.0289068
-0.0334509
-0.036569
-0.0385669
-0.0379155
-0.0364613
-0.0327189
-0.0387086
-0.0269469
-0.0354711
-0.0350512
-0.0408401
-0.0258122
-0.0355299
-0.0373366
-0.0396579
-0.0346814
-0.0396952
-0.0412619
-0.0414796
-0.0379961
-0.0369294
-0.0435354
-0.0439757
-0.0437108
-0.0433233
-0.0436486
-0.043538
-0.0427068
-0.0439114
-0.0429342
-0.0435755
-0.043883
-0.0438572
-0.0431615
-0.0440429
-0.0435446
-0.0434336
-0.0436688
-0.0435684
-0.0437178
-0.0434733
-0.0434581
-0.0433661
-0.0434193
-0.0436081
-0.0434847
-0.0435826
-0.0434203
-0.0434112
-0.0436211
-0.0432407
-0.0437325
-0.0433029
-0.0435945
-0.04366
-0.0434778
-0.0434491
-0.041473
-0.0442854
-0.0441066
-0.045704
-0.0422729
-0.0418111
-0.0438391
-0.042886
-0.0436387
-0.0438262
-0.0440051
-0.0436056
-0.043687
-0.0314693
-0.0391542
-0.0399603
-0.0424433
-0.0398199
-0.0344063
-0.039911
-0.0390648
-0.0444881
-0.0431255
-0.0440188
-0.0424434
-0.046048
-0.0429337
-0.0447885
-0.0427949
-0.0439425
-0.0428941
-0.0437852
-0.0442852
-0.0424534
-0.0436218
-0.0434426
-0.0435377
-0.0435089
-0.0434748
-0.043532
-0.0435154
-0.0434719
-0.043412
-0.0434585
-0.043441
-0.0434614
-0.043385
-0.0434932
-0.0431514
-0.0432517
-0.0434765
-0.0434456
-0.0431824
-0.0444216
-0.0435571
-0.0455644
-0.042843
-0.0435528
-0.0428251
-0.0430391
-0.0455602
-0.0400903
-0.0452464
-0.0434877
-0.0433197
-0.0432336
-0.0410877
-0.0436986
-0.0435444
-0.0408616
-0.0443512
-0.0440216
-0.0439561
-0.0441825
-0.0433918
-0.0433946
-0.0430237
-0.0430563
-0.0441487
-0.0439485
-0.0437182
-0.0465865
-0.04388
-0.0425078
-0.0428032
-0.0432828
-0.0435931
-0.043366
-0.0410878
-0.0434991
-0.0450788
-0.0432085
-0.0441683
-0.0432061
-0.0442717
-0.0434811
-0.0434797
-0.0436911
-0.0436053
-0.043761
-0.0437632
-0.0436135
-0.0436555
-0.0437896
-0.0437215
-0.043721
-0.043754
-0.0438161
-0.0437389
-0.0436999
-0.0437881
-0.0436694
-0.043671
-0.0436484
-0.0436174
-0.0434481
-0.0436145
-0.0436547
-0.04371
-0.0437915
-0.0437526
-0.0437576
-0.0436994
-0.0437545
-0.0437757
-0.0437106
-0.0436453
-0.0437789
-0.0436942
-0.0437332
-0.043668
-0.0437729
-0.0437357
-0.04372
-0.0436218
-0.0436385
-0.0438893
-0.0436288
-0.0436899
-0.0437215
-0.0436523
-0.0437142
-0.0437009
-0.0437312
-0.0436919
-0.0437224
-0.0437828
-0.0436396
-0.0438102
-0.0437194
-0.0438179
-0.0437037
-0.0437771
-0.0441967
-0.043912
-0.0437434
-0.0440921
-0.0442028
-0.0437658
-0.0438413
-0.0438554
-0.0437703
-0.0437988
-0.0438531
-0.0437841
-0.0438134
-0.0438308
-0.0438778
-0.0438107
-0.0437454
-0.043881
-0.0437792
-0.0438538
-0.0438747
-0.0440989
-0.0452034
-0.0437171
-0.0441257
-0.0440271
-0.0407298
-0.0443017
-0.0427606
-0.0423968
-0.0433552
-0.0434403
-0.0432934
-0.0412829
-0.0433028
-0.0415279
-0.0439027
-0.0435341
-0.0435841
-0.0413935
-0.0432509
-0.0434499
-0.0439381
-0.043446
-0.0435315
-0.0430245
-0.043201
-0.0432513
-0.0436585
-0.0441097
-0.0433804
-0.0436421
-0.0437877
-0.0440756
-0.0435973
-0.0438775
-0.0444182
-0.0440001
-0.0440018
-0.044462
-0.0438796
-0.0443636
-0.0441901
-0.0443282
-0.0439195
-0.0436967
-0.0441893
-0.0440236
-0.0445365
-0.0441549
-0.0435163
-0.0436604
-0.0439452
-0.0433366
-0.0432603
-0.0433923
-0.044006
-0.0455443
-0.0456998
-0.0446253
-0.0452123
-0.0454764
-0.0460501
-0.0448071
-0.0414911
-0.0434765
-0.0438942
-0.043614
-0.0432725
-0.0413163
-0.0434546
-0.0418823
-0.0424345
-0.0439697
-0.0419996
-0.0436028
-0.0407825
-0.0427842
-0.0423096
-0.0410524
-0.0358625
-0.0436477
-0.0333394
-0.0440084
-0.041156
-0.043272
-0.0412687
-0.0442487
-0.0438817
-0.0435727
-0.0406631
-0.0445969
-0.0427431
-0.0385848
-0.0431746
-0.0440874
-0.0396332
-0.0421841
-0.044505
-0.0417211
-0.0400478
-0.034567
-0.0425996
-0.0335259
-0.0432861
-0.0406973
-0.043761
-0.0419891
-0.0452548
-0.0441595
-0.0444139
-0.0411477
-0.0450939
-0.0428695
-0.0387327
-0.0434591
-0.0443363
-0.0399484
-0.0420315
-0.0448492
-0.042305
-0.0358639
-0.0410473
-0.0436454
-0.033337
-0.0411537
-0.0440046
-0.042738
-0.0385786
-0.0440848
-0.0431623
-0.0421803
-0.0396196
-0.0445031
-0.0432667
-0.0412258
-0.0438623
-0.0442257
-0.0406419
-0.043554
-0.044595
-0.0428374
-0.0386801
-0.0443159
-0.0434393
-0.041998
-0.0399145
-0.0448307
-0.0437406
-0.0420356
-0.0441752
-0.0452868
-0.0411431
-0.0444383
-0.0450882
-0.0415492
-0.0439167
-0.0435923
-0.0435447
-0.043269
-0.0414106
-0.0434614
-0.0444151
-0.0440034
-0.0444293
-0.0440156
-0.0443523
-0.0438835
-0.0442053
-0.0439488
-0.0435435
-0.0434561
-0.0432151
-0.0430341
-0.0432601
-0.043693
-0.0441391
-0.0433599
-0.0437973
-0.0436644
-0.0436086
-0.0440298
-0.0439254
-0.0455826
-0.0457326
-0.0452433
-0.0446505
-0.0460874
-0.0455082
-0.0448389
-0.0443476
-0.0439371
-0.044205
-0.0437144
-0.0445563
-0.0440444
-0.0441726
-0.0435343
-0.0439577
-0.04368
-0.0432763
-0.043369
-0.043411
-0.0440122
-0.0419652
-0.042544
-0.0420782
-0.0440585
-0.0428602
-0.0408707
-0.043702
-0.0414724
-0.0434788
-0.0436259
-0.043893
-0.0434587
-0.0412953
-0.0432635
-0.0425098
-0.0428075
-0.0435962
-0.043279
-0.043368
-0.0435009
-0.041082
-0.0430522
-0.0430673
-0.0439597
-0.0441572
-0.0437371
-0.0438933
-0.0466041
-0.0436977
-0.0436056
-0.0437649
-0.0437696
-0.0436556
-0.043628
-0.0437938
-0.043724
-0.0437191
-0.0438163
-0.0437537
-0.0436987
-0.0437404
-0.0437893
-0.0450946
-0.0441763
-0.0432084
-0.0442955
-0.0432069
-0.0434872
-0.043483
-0.04367
-0.0436431
-0.0436807
-0.0436096
-0.0434577
-0.0436506
-0.043613
-0.0437111
-0.0437926
-0.0437553
-0.0437484
-0.0437562
-0.0436981
-0.043774
-0.043711
-0.0436449
-0.043694
-0.0437746
-0.0436703
-0.0437318
-0.0437709
-0.0437209
-0.043652
-0.0436978
-0.0437117
-0.0436927
-0.0437299
-0.0437182
-0.0437844
-0.0436433
-0.0437189
-0.0438113
-0.043708
-0.0438203
-0.043782
-0.0438435
-0.0437625
-0.0438549
-0.0437896
-0.0438074
-0.0437711
-0.0438378
-0.0438651
-0.0438168
-0.0438817
-0.0437499
-0.0438492
-0.0437605
-0.0438749
-0.0441963
-0.0437528
-0.043933
-0.0441871
-0.0441214
-0.0437737
-0.0438549
-0.0427875
-0.0424045
-0.0434677
-0.0433834
-0.0433234
-0.0433346
-0.0412946
-0.0441005
-0.0452287
-0.0441105
-0.043702
-0.0440133
-0.0442787
-0.0407397
-0.045227
-0.0435001
-0.043223
-0.0433116
-0.043515
-0.043684
-0.0410897
-0.0433395
-0.0440722
-0.0435185
-0.0440717
-0.0433709
-0.0442145
-0.043408
-0.0437765
-0.0439004
-0.0436989
-0.0437145
-0.0436812
-0.0437352
-0.0440584
-0.0408579
-0.0443331
-0.0439671
-0.0440217
-0.0434047
-0.044169
-0.0433997
-0.0432431
-0.0441526
-0.0445628
-0.0435254
-0.044602
-0.0435275
-0.0434483
-0.0444001
-0.0433303
-0.0432807
-0.0440764
-0.0431134
-0.0439297
-0.0442778
-0.0437166
-0.043757
-0.0436187
-0.0436651
-0.0436941
-0.0436843
-0.0436571
-0.0436062
-0.0436468
-0.0435486
-0.0436528
-0.043599
-0.0437252
-0.0435169
-0.042988
-0.0433691
-0.0448511
-0.0435923
-0.0429704
-0.0434798
-0.0436455
-0.0469841
-0.0435546
-0.0433433
-0.0433162
-0.0444489
-0.0450749
-0.0423437
-0.0438222
-0.0431851
-0.0438283
-0.0437458
-0.0435868
-0.0455391
-0.0435134
-0.0436278
-0.043807
-0.04514
-0.0440195
-0.0440272
-0.0420253
-0.0441744
-0.0447116
-0.0434229
-0.0444417
-0.0431298
-0.0448134
-0.0434888
-0.043467
-0.0438485
-0.0438243
-0.0440365
-0.0438539
-0.0437332
-0.0438279
-0.0439255
-0.0437676
-0.0438066
-0.0438195
-0.0438124
-0.0437975
-0.0437657
-0.0438461
-0.0437062
-0.0437847
-0.0437208
-0.0437105
-0.0436553
-0.0437559
-0.0437238
-0.0437366
-0.043678
-0.0437327
-0.0437158
-0.0436748
-0.0437079
-0.043769
-0.0437803
-0.043784
-0.0437333
-0.043721
-0.0439389
-0.0437551
-0.0437655
-0.0437185
-0.0436548
-0.0437063
-0.0436941
-0.0436705
-0.043684
-0.0437396
-0.0437781
-0.0435654
-0.0437735
-0.0437318
-0.0437798
-0.0437899
-0.0437933
-0.0437674
-0.0437328
-0.043767
-0.0437108
-0.0439513
-0.0437653
-0.0437416
-0.043772
-0.0438544
-0.0438303
-0.0439331
-0.0440263
-0.0436138
-0.0437356
-0.0438874
-0.0437639
-0.0437921
-0.0437413
-0.0438267
-0.0437843
-0.0437269
-0.0440091
-0.0438486
-0.0436487
-0.0437633
-0.0441192
-0.0437904
-0.0437006
-0.0436523
-0.0450564
-0.0438058
-0.043964
-0.0440279
-0.0419886
-0.0441491
-0.0436137
-0.0436413
-0.0429469
-0.0435177
-0.0434286
-0.0452948
-0.0433396
-0.0426766
-0.0434131
-0.042443
-0.0434293
-0.0432813
-0.0413221
-0.0432469
-0.043997
-0.0436988
-0.0451969
-0.0440617
-0.0439527
-0.0406663
-0.0442879
-0.0424466
-0.0432187
-0.0427592
-0.0435468
-0.0433592
-0.0433938
-0.0410222
-0.0427278
-0.0439105
-0.0427502
-0.0435686
-0.0434702
-0.0435242
-0.0463649
-0.0317179
-0.0399879
-0.0424967
-0.0393528
-0.0398728
-0.0346176
-0.0401625
-0.0435443
-0.0439165
-0.043617
-0.0432222
-0.0432876
-0.0433682
-0.0439872
-0.0442334
-0.04372
-0.0439212
-0.0441353
-0.0440037
-0.0440931
-0.0444793
-0.0453499
-0.0450328
-0.0445269
-0.0455632
-0.0446774
-0.0458442
-0.0453834
-0.0439507
-0.0434917
-0.0432994
-0.0436711
-0.0438062
-0.0437596
-0.043505
-0.0441225
-0.0440954
-0.0438195
-0.0435729
-0.0440178
-0.0438531
-0.043668
-0.0269103
-0.0349355
-0.0407574
-0.0353695
-0.037244
-0.0257184
-0.0354378
-0.0335571
-0.03799
-0.0367655
-0.0386652
-0.0328712
-0.0387537
-0.0366248
-0.0261899
-0.0319354
-0.0334104
-0.0285962
-0.0316088
-0.0259431
-0.0288771
-0.0435108
-0.0420197
-0.0439819
-0.0450341
-0.0410032
-0.0442185
-0.0448047
-0.0426849
-0.0432128
-0.0385141
-0.0440564
-0.0397834
-0.0445627
-0.0418683
-0.0416756
-0.0345208
-0.0401265
-0.0426854
-0.0334657
-0.0406724
-0.0433178
-0.042825
-0.0433582
-0.0388692
-0.0444056
-0.0396839
-0.0446952
-0.042483
-0.0423706
-0.0365083
-0.0406984
-0.0438233
-0.033412
-0.0416264
-0.0439774
-0.0306806
-0.0363052
-0.0326403
-0.0358607
-0.0318776
-0.0281451
-0.0356325
-0.0258396
-0.031716
-0.0345284
-0.0348644
-0.031626
-0.0257682
-0.0347602
-0.0261807
-0.0319309
-0.028592
-0.0333958
-0.0259392
-0.031595
-0.0288686
-0.0335238
-0.0379587
-0.0386204
-0.0367254
-0.0386873
-0.03284
-0.036599
-0.0426742
-0.0385073
-0.0431976
-0.0440505
-0.0397693
-0.0418622
-0.0445507
-0.0435023
-0.0439615
-0.0420106
-0.0450257
-0.040988
-0.0447912
-0.0442251
-0.0416718
-0.0345159
-0.0426817
-0.0401126
-0.0406683
-0.0334499
-0.0433166
-0.0430776
-0.0438908
-0.0407985
-0.0440449
-0.0404834
-0.0445822
-0.043148
-0.0424219
-0.0364845
-0.0438195
-0.0407793
-0.0416086
-0.0334454
-0.0440652
-0.0257783
-0.0317231
-0.0348357
-0.0345322
-0.0347299
-0.0257693
-0.0315769
-0.0306423
-0.0363145
-0.0358709
-0.0326669
-0.035621
-0.0281606
-0.0318699
-0.0317152
-0.0399655
-0.0392813
-0.0424658
-0.0345698
-0.0398947
-0.0401309
-0.0439237
-0.0435526
-0.043624
-0.0432271
-0.0432875
-0.0433623
-0.0439893
-0.0452242
-0.0450144
-0.0455786
-0.0445649
-0.0457755
-0.0446362
-0.0454485
-0.0442601
-0.0437217
-0.0441544
-0.0439082
-0.0441103
-0.0439516
-0.0445004
-0.0436225
-0.0439732
-0.0434041
-0.042948
-0.0432582
-0.0432048
-0.0437304
-0.0441135
-0.0441589
-0.0435955
-0.0438331
-0.0438732
-0.0440227
-0.0436904
-0.0439295
-0.0435017
-0.0436876
-0.0433316
-0.0437372
-0.0438647
-0.0435079
-0.0269309
-0.0349327
-0.0353835
-0.0407401
-0.0354519
-0.025731
-0.0372287
-0.0426762
-0.0424445
-0.0434163
-0.0434359
-0.0432945
-0.041321
-0.0432487
-0.0440168
-0.043701
-0.0440578
-0.0452076
-0.0439607
-0.0406868
-0.0442932
-0.0427392
-0.0439005
-0.043564
-0.0427478
-0.043472
-0.0463646
-0.0435236
-0.0438087
-0.0438261
-0.0431732
-0.043737
-0.0435786
-0.0434907
-0.0455325
-0.0436248
-0.0438032
-0.043994
-0.0451195
-0.0440032
-0.0441587
-0.0420245
-0.0438647
-0.0438209
-0.0438581
-0.0440519
-0.0438294
-0.043731
-0.0439365
-0.043738
-0.0438157
-0.0438115
-0.0438291
-0.0437334
-0.0438159
-0.0438557
-0.0437364
-0.0437285
-0.043673
-0.0437162
-0.0436695
-0.043768
-0.0437095
-0.0437854
-0.0437958
-0.043724
-0.0437467
-0.0437621
-0.0439545
-0.0437709
-0.0437814
-0.0437708
-0.0435616
-0.0437345
-0.0437739
-0.0437969
-0.0437901
-0.0437707
-0.0437556
-0.0437162
-0.0437737
-0.0437764
-0.0439649
-0.0437506
-0.0438683
-0.0437759
-0.0438281
-0.0440403
-0.0439386
-0.0436091
-0.0437311
-0.0438104
-0.0437679
-0.0437688
-0.0437983
-0.0437708
-0.0438291
-0.0437689
-0.0439997
-0.0438456
-0.0437799
-0.0436716
-0.0437892
-0.0441279
-0.0437246
-0.0435992
-0.043629
-0.04352
-0.042957
-0.0434215
-0.0452741
-0.0433415
-0.0432583
-0.0441804
-0.0435354
-0.0446049
-0.0435499
-0.0446326
-0.0434641
-0.0444173
-0.0433349
-0.044085
-0.0432895
-0.0442772
-0.0439291
-0.0431204
-0.0437218
-0.0437624
-0.0436536
-0.0436382
-0.0436908
-0.0437003
-0.0436671
-0.0436178
-0.0436583
-0.0436851
-0.0435465
-0.0435418
-0.0437386
-0.0436063
-0.0429826
-0.043368
-0.0436113
-0.0448827
-0.043487
-0.0429903
-0.0436776
-0.0470006
-0.0435597
-0.0433185
-0.0433741
-0.0423337
-0.0450866
-0.0444754
-0.0473299
-0.0434485
-0.0433216
-0.0437311
-0.0424726
-0.0450683
-0.044516
-0.0436837
-0.0441163
-0.0436479
-0.0438203
-0.0437374
-0.0434647
-0.0438651
-0.0434617
-0.044207
-0.0434764
-0.0436744
-0.0434501
-0.0447573
-0.0436315
-0.0440338
-0.0433514
-0.0439626
-0.0436836
-0.0438837
-0.0439398
-0.0436629
-0.0437281
-0.0436955
-0.0436964
-0.0437125
-0.0436721
-0.0437112
-0.0436979
-0.0435976
-0.0436426
-0.0436985
-0.0436566
-0.0436615
-0.0436184
-0.0436586
-0.0437096
-0.0434696
-0.0435924
-0.0440024
-0.0435339
-0.0436186
-0.0443322
-0.0435256
-0.0434902
-0.0443312
-0.0436639
-0.0435805
-0.0448744
-0.0436755
-0.0436721
-0.0436109
-0.0439876
-0.0437267
-0.0436797
-0.0434405
-0.0437845
-0.0430122
-0.0434535
-0.0443433
-0.0439633
-0.0433049
-0.0433936
-0.0444065
-0.0408513
-0.0440944
-0.0444001
-0.0440331
-0.0442213
-0.0434387
-0.0434273
-0.0438326
-0.0439047
-0.0439021
-0.0440999
-0.043939
-0.043658
-0.0438348
-0.0441122
-0.0438043
-0.0439606
-0.0438862
-0.0442014
-0.0438118
-0.0438804
-0.0438378
-0.0438191
-0.043808
-0.0438052
-0.0438226
-0.0438312
-0.0438365
-0.0436988
-0.0438052
-0.043665
-0.043711
-0.043523
-0.04374
-0.0437011
-0.0444528
-0.044259
-0.0431728
-0.0446161
-0.0429241
-0.0432492
-0.0433158
-0.0436492
-0.0436741
-0.0436983
-0.0437055
-0.0437111
-0.0436544
-0.043698
-0.0450711
-0.0431285
-0.0433215
-0.0430873
-0.0435922
-0.0408985
-0.0433901
-0.0432736
-0.043449
-0.0438584
-0.0438495
-0.0433973
-0.0433389
-0.0440115
-0.045595
-0.0436266
-0.0429119
-0.0428595
-0.0432152
-0.0455933
-0.0401073
-0.0442632
-0.043772
-0.0440067
-0.0442479
-0.0440668
-0.0438377
-0.0439561
-0.0438496
-0.0437401
-0.0438273
-0.0438292
-0.0438111
-0.0438646
-0.0438075
-0.0438246
-0.0437548
-0.0437718
-0.0437723
-0.0437646
-0.0437701
-0.0437977
-0.0435871
-0.0435321
-0.0434732
-0.0436432
-0.04348
-0.0436793
-0.0435742
-0.0436112
-0.0435895
-0.0436542
-0.0436158
-0.0435741
-0.0435951
-0.0436346
-0.0391445
-0.0430597
-0.0437887
-0.0443771
-0.0427665
-0.0424239
-0.0459712
-0.0435229
-0.0441672
-0.0416671
-0.0444104
-0.0457734
-0.0419849
-0.0424628
-0.0438375
-0.0438144
-0.0428798
-0.0435868
-0.0439275
-0.0437033
-0.0435624
-0.0384442
-0.0409583
-0.0349568
-0.0395062
-0.0400704
-0.0395841
-0.036547
-0.0434667
-0.0432833
-0.0439888
-0.0438157
-0.0438355
-0.0433849
-0.0427594
-0.037211
-0.0394059
-0.040485
-0.0438809
-0.0421859
-0.0382207
-0.0406037
-0.0330313
-0.0368894
-0.0311951
-0.0394588
-0.0393942
-0.0314774
-0.0326137
-0.0330191
-0.0311907
-0.0368788
-0.0394532
-0.0393861
-0.0314682
-0.03261
-0.0372073
-0.0404604
-0.0393622
-0.0438273
-0.0421675
-0.0381986
-0.0405571
-0.038681
-0.0374974
-0.0350255
-0.0371083
-0.037853
-0.0366764
-0.036694
-0.0434928
-0.0416009
-0.0440962
-0.0443461
-0.0457123
-0.041932
-0.0424035
-0.0438454
-0.0438167
-0.0435955
-0.0428783
-0.0439353
-0.0436992
-0.0435755
-0.0434625
-0.0432848
-0.0438168
-0.0439869
-0.0438326
-0.0427585
-0.0433802
-0.0455879
-0.0436238
-0.0428543
-0.0429121
-0.0455871
-0.043216
-0.0400992
-0.0438542
-0.0438208
-0.0437456
-0.0438322
-0.0438142
-0.0438077
-0.0438685
-0.0437731
-0.0442629
-0.0440037
-0.0442488
-0.0440716
-0.0438408
-0.0439541
-0.0438288
-0.0437592
-0.0437754
-0.0437756
-0.0437722
-0.0437691
-0.0438023
-0.0438724
-0.0449552
-0.0430682
-0.0430738
-0.0440623
-0.0434269
-0.0433689
-0.0436257
-0.0435978
-0.0436279
-0.0436644
-0.0436087
-0.0435812
-0.0436472
-0.0391321
-0.0430672
-0.0443796
-0.0437968
-0.0459703
-0.0424246
-0.0427834
-0.0408424
-0.0443902
-0.0440804
-0.0440237
-0.0434254
-0.0442135
-0.0434211
-0.0437759
-0.043738
-0.0439795
-0.0437636
-0.0437586
-0.0436744
-0.044085
-0.0441468
-0.0439479
-0.0438096
-0.0438908
-0.0442222
-0.0438925
-0.0438061
-0.0439345
-0.0438022
-0.0438132
-0.0438083
-0.0438529
-0.0438018
-0.0438509
-0.0442623
-0.0444571
-0.0431696
-0.0428976
-0.0446217
-0.0432428
-0.043314
-0.0436326
-0.043668
-0.043738
-0.0437046
-0.0436239
-0.0437218
-0.0437303
-0.0432481
-0.0434262
-0.0438499
-0.0438296
-0.0439822
-0.0433222
-0.0433715
-0.0473138
-0.0434484
-0.0437133
-0.0433416
-0.0450572
-0.0424673
-0.0445178
-0.0437288
-0.0436666
-0.0441656
-0.0438456
-0.0437582
-0.0439366
-0.0434687
-0.0433686
-0.0442081
-0.043747
-0.0434961
-0.0434252
-0.0437537
-0.0447692
-0.0437634
-0.0435792
-0.0434786
-0.0440551
-0.0435454
-0.044394
-0.0436693
-0.0436673
-0.0436228
-0.0437721
-0.0440611
-0.0436865
-0.0434505
-0.0438858
-0.0430248
-0.0434575
-0.0439765
-0.0443831
-0.0444307
-0.0434168
-0.0433286
-0.0430223
-0.0448988
-0.0433283
-0.0437327
-0.0428343
-0.0436165
-0.0434098
-0.0436967
-0.043613
-0.0435682
-0.0436901
-0.0435491
-0.0437952
-0.0436399
-0.0436856
-0.0433379
-0.0439729
-0.043559
-0.0436144
-0.0442624
-0.0434404
-0.0435667
-0.0436301
-0.0435789
-0.0436532
-0.0436252
-0.0435953
-0.0436186
-0.0436643
-0.0436764
-0.0437166
-0.0436426
-0.0436878
-0.0436718
-0.0436901
-0.0436435
-0.0436907
-0.043661
-0.0436885
-0.0436698
-0.0436709
-0.0436501
-0.0436607
-0.0436375
-0.0436455
-0.0436789
-0.0436531
-0.0436846
-0.0436605
-0.0436851
-0.0436594
-0.0436931
-0.0436527
-0.0436788
-0.0436396
-0.0437118
-0.0436624
-0.0436278
-0.0435993
-0.0436433
-0.0436123
-0.0436827
-0.0436425
-0.0436799
-0.0436647
-0.0436177
-0.0436529
-0.0436262
-0.0436859
-0.0436759
-0.0439787
-0.0433524
-0.0435907
-0.0439017
-0.0438039
-0.0436345
-0.0438561
-0.0436619
-0.043674
-0.0436435
-0.0436213
-0.0436417
-0.0436573
-0.0436224
-0.0442771
-0.0431907
-0.0432242
-0.0439583
-0.043851
-0.0429901
-0.044144
-0.0436139
-0.0436191
-0.043556
-0.0436202
-0.0435699
-0.0435986
-0.0436162
-0.0437595
-0.0434973
-0.0437866
-0.0437332
-0.0438042
-0.0437306
-0.0437668
-0.0437337
-0.0437815
-0.0437596
-0.0437186
-0.0438869
-0.0437293
-0.0437531
-0.0437166
-0.0436881
-0.0436957
-0.0437178
-0.0436796
-0.0437189
-0.043723
-0.043668
-0.0437851
-0.0436832
-0.043682
-0.0437074
-0.0437087
-0.0436826
-0.0436972
-0.0436405
-0.0436923
-0.0436559
-0.0437866
-0.0436529
-0.0436948
-0.0436689
-0.0436684
-0.0436814
-0.043668
-0.0436953
-0.0436706
-0.0436758
-0.0432324
-0.0434462
-0.043281
-0.0435115
-0.0444641
-0.0435918
-0.0432061
-0.0435201
-0.0434433
-0.0434302
-0.0434371
-0.0434445
-0.0434017
-0.0435597
-0.0437916
-0.0437323
-0.0437569
-0.0437774
-0.0438122
-0.0437851
-0.0437643
-0.0437409
-0.0436822
-0.0436947
-0.0436972
-0.0437072
-0.0437128
-0.0437288
-0.0437463
-0.0436381
-0.0438109
-0.0436377
-0.0439328
-0.0436984
-0.0436292
-0.0436038
-0.0436534
-0.043582
-0.0436206
-0.0436233
-0.0436343
-0.0435893
-0.043572
-0.0435543
-0.0435416
-0.0435327
-0.0433043
-0.0435886
-0.0435163
-0.0446754
-0.0426965
-0.0427546
-0.0439278
-0.0441438
-0.0424088
-0.0436489
-0.0434447
-0.0434467
-0.0432286
-0.0432709
-0.0432813
-0.0432852
-0.0433779
-0.0435887
-0.0432353
-0.0436983
-0.0433302
-0.0436134
-0.0436131
-0.0434738
-0.043359
-0.0434617
-0.0434053
-0.0436371
-0.0435842
-0.0433918
-0.0434293
-0.0415062
-0.0430459
-0.0396407
-0.04319
-0.0392885
-0.0428796
-0.0419582
-0.0424707
-0.0422451
-0.0427106
-0.0430243
-0.0421737
-0.0420621
-0.0433284
-0.0433222
-0.0434662
-0.0439008
-0.0438327
-0.0431085
-0.0433832
-0.0438765
-0.0427487
-0.0434657
-0.0414365
-0.0440656
-0.0409205
-0.0438637
-0.0432061
-0.0427731
-0.0435807
-0.0424442
-0.0437707
-0.0418504
-0.043802
-0.0432103
-0.0435602
-0.0444322
-0.0443257
-0.0436277
-0.0442349
-0.0433743
-0.0434534
-0.0415022
-0.0396394
-0.0430508
-0.0431896
-0.0392913
-0.0419576
-0.0428801
-0.0433146
-0.043466
-0.0438319
-0.0438953
-0.0433822
-0.0431072
-0.0438708
-0.0424546
-0.0422614
-0.0430064
-0.0427132
-0.0420581
-0.0421712
-0.0433173
-0.0424732
-0.0446641
-0.043018
-0.044466
-0.0425043
-0.0444633
-0.0431662
-0.0425383
-0.0436023
-0.043787
-0.0424438
-0.0438669
-0.0418329
-0.0431663
-0.0435967
-0.0437052
-0.0432381
-0.0433309
-0.043621
-0.0436236
-0.0434764
-0.0433668
-0.0434678
-0.043645
-0.0434106
-0.0435922
-0.0433959
-0.0434373
-0.0442017
-0.0436238
-0.0429333
-0.0438913
-0.0439077
-0.0443484
-0.0431259
-0.0432309
-0.0432811
-0.0434456
-0.0435122
-0.0435899
-0.0444632
-0.043209
-0.0435261
-0.0434496
-0.0434417
-0.0434385
-0.043405
-0.0434523
-0.0435664
-0.0437968
-0.0437608
-0.0437361
-0.0437799
-0.0438179
-0.0437681
-0.0437894
-0.0437534
-0.043644
-0.0436453
-0.0438224
-0.043703
-0.0439451
-0.0436374
-0.0437447
-0.0436869
-0.0437011
-0.0436963
-0.0437166
-0.0437064
-0.0437331
-0.0436172
-0.0436394
-0.0436956
-0.0436526
-0.0436602
-0.0436622
-0.0435783
-0.0435762
-0.0435564
-0.043529
-0.0435586
-0.0435869
-0.0433259
-0.0435184
-0.043614
-0.0436528
-0.0436217
-0.043581
-0.043638
-0.0436211
-0.0436028
-0.0434352
-0.0434354
-0.0432482
-0.0432161
-0.0433629
-0.0432674
-0.0432729
-0.0437165
-0.0436884
-0.0437207
-0.043694
-0.0437206
-0.043678
-0.0437246
-0.0437455
-0.0437795
-0.0437292
-0.0437771
-0.0437319
-0.0438924
-0.0437672
-0.0437074
-0.0437003
-0.0437809
-0.0437296
-0.0437301
-0.0437193
-0.0437645
-0.0436909
-0.043702
-0.0436702
-0.0437024
-0.0437079
-0.043724
-0.0436944
-0.0437389
-0.0436661
-0.0436554
-0.0437092
-0.0436665
-0.0437879
-0.0437315
-0.0429866
-0.0433127
-0.0448927
-0.043753
-0.0436395
-0.0428336
-0.0434362
-0.0437258
-0.0436404
-0.0437123
-0.043599
-0.0438046
-0.0435825
-0.0436742
-0.0436537
-0.0437099
-0.0436691
-0.0436363
-0.0436796
-0.0436774
-0.0436663
-0.0436285
-0.0436776
-0.0436749
-0.043648
-0.0436586
-0.0436577
-0.0436343
-0.0436453
-0.0436307
-0.0436624
-0.0436506
-0.0436666
-0.0436557
-0.0436514
-0.0436544
-0.0436313
-0.0436372
-0.0436249
-0.0436739
-0.0436258
-0.0436368
-0.0436742
-0.0436648
-0.0436453
-0.0436214
-0.0436795
-0.043629
-0.0436709
-0.0440366
-0.0435767
-0.0433842
-0.0439314
-0.0437916
-0.0439636
-0.0436187
-0.043646
-0.0436502
-0.0436352
-0.0435893
-0.0436465
-0.0436165
-0.0435962
-0.0436093
-0.0435752
-0.0436663
-0.0436385
-0.0436212
-0.0435869
-0.0436274
-0.0443031
-0.0439879
-0.0431448
-0.0432576
-0.0441721
-0.043866
-0.0429644
-0.0436587
-0.0435596
-0.0436453
-0.0435901
-0.0436721
-0.0436086
-0.0435697
-0.043851
-0.0437715
-0.0431329
-0.0435494
-0.0438064
-0.0437281
-0.0434239
-0.0436488
-0.0436609
-0.0436895
-0.0436932
-0.0436555
-0.0436704
-0.0436745
-0.0436569
-0.0436449
-0.0436778
-0.0436364
-0.0436586
-0.0436514
-0.0436825
-0.0436542
-0.0436384
-0.0436636
-0.0437025
-0.0436598
-0.0436836
-0.0436777
-0.0436543
-0.0435982
-0.0436413
-0.0436232
-0.0436401
-0.0436081
-0.0436745
-0.043672
-0.0436165
-0.0436512
-0.0436615
-0.0436695
-0.0436254
-0.0436772
-0.0436737
-0.0436469
-0.0436471
-0.0436911
-0.0436324
-0.0437056
-0.0436771
-0.0435756
-0.0436623
-0.0436174
-0.0437119
-0.0435803
-0.0436264
-0.0436726
-0.0437383
-0.0436184
-0.0434714
-0.0439689
-0.043495
-0.0436348
-0.0444003
-0.0436791
-0.0435371
-0.0436275
-0.04356
-0.043719
-0.0436261
-0.043504
-0.0429203
-0.0435618
-0.0447468
-0.043253
-0.0436105
-0.04332
-0.0428657
-0.0437042
-0.0437004
-0.0436974
-0.0436757
-0.0437092
-0.0438558
-0.0437005
-0.0437156
-0.0437196
-0.0437149
-0.0437147
-0.043725
-0.0437216
-0.0437112
-0.0437055
-0.0437279
-0.0437781
-0.0437242
-0.0437336
-0.0437176
-0.0437343
-0.0436519
-0.0436626
-0.043659
-0.0436314
-0.0436597
-0.0436446
-0.0436523
-0.04369
-0.0436708
-0.0435037
-0.0437007
-0.043705
-0.0436973
-0.0437238
-0.0436542
-0.0434838
-0.0434574
-0.0435713
-0.0435748
-0.0435397
-0.0434937
-0.0448474
-0.0440645
-0.0428832
-0.0428788
-0.0438266
-0.0443802
-0.0425247
-0.0437221
-0.0436754
-0.0436962
-0.0437124
-0.0437125
-0.043714
-0.0436972
-0.0436845
-0.0437261
-0.0436597
-0.0437008
-0.043646
-0.0434439
-0.0436933
-0.043713
-0.0437078
-0.0437906
-0.0436772
-0.0436645
-0.0437131
-0.0437495
-0.0435893
-0.0435896
-0.0435065
-0.0434256
-0.0434949
-0.0436959
-0.0435426
-0.0436115
-0.0436686
-0.0435099
-0.043645
-0.0436336
-0.0436568
-0.0436292
-0.0433019
-0.0431701
-0.0432491
-0.043302
-0.0431945
-0.0433543
-0.043192
-0.042914
-0.0431642
-0.0431097
-0.04294
-0.0432766
-0.042864
-0.0442066
-0.0436012
-0.0434282
-0.0437019
-0.0436122
-0.0437841
-0.0434995
-0.0434807
-0.0440674
-0.0440121
-0.0430436
-0.0437127
-0.0439937
-0.0441902
-0.0433187
-0.0433181
-0.042935
-0.0429389
-0.0434776
-0.0433203
-0.0433436
-0.0431444
-0.0425274
-0.0425961
-0.0437351
-0.0436099
-0.0432125
-0.0418504
-0.043917
-0.042519
-0.0444636
-0.0430007
-0.0448399
-0.0432115
-0.0445744
-0.0423821
-0.0418023
-0.044397
-0.0437796
-0.0407085
-0.0442215
-0.0417274
-0.0406491
-0.0434204
-0.0440311
-0.0438488
-0.0437365
-0.0438612
-0.0433526
-0.043544
-0.0417084
-0.0433423
-0.043065
-0.0398971
-0.043036
-0.0422249
-0.0394696
-0.0425203
-0.043
-0.0444579
-0.0448386
-0.0432102
-0.0423823
-0.0445715
-0.0425322
-0.0437183
-0.0426049
-0.0436096
-0.0432105
-0.0439087
-0.0418627
-0.0418067
-0.0443965
-0.0407113
-0.0437832
-0.0417289
-0.0442214
-0.0406574
-0.0423875
-0.0432494
-0.0424196
-0.0421743
-0.0432312
-0.042305
-0.0417734
-0.0416762
-0.0433121
-0.0398665
-0.0430442
-0.0421894
-0.0429926
-0.0394562
-0.0436096
-0.0437098
-0.0434344
-0.0436198
-0.0437923
-0.0435075
-0.043488
-0.0440806
-0.0440248
-0.043724
-0.0430571
-0.0440064
-0.0442047
-0.0433301
-0.0432943
-0.0428988
-0.0434676
-0.0429413
-0.0433041
-0.0431309
-0.0433513
-0.0436627
-0.0434628
-0.0434924
-0.0435794
-0.0435494
-0.043582
-0.0435005
-0.0448658
-0.0440791
-0.0428928
-0.0428968
-0.0443963
-0.0438445
-0.0425358
-0.0437263
-0.0436988
-0.0436752
-0.0437147
-0.0437148
-0.0437029
-0.0437145
-0.0437099
-0.0437072
-0.04369
-0.0437905
-0.0437107
-0.0436617
-0.0437538
-0.043589
-0.0435002
-0.0435982
-0.0434134
-0.0434976
-0.0435316
-0.0436907
-0.043598
-0.0436184
-0.0435886
-0.0436002
-0.0435988
-0.0436259
-0.0435845
-0.0436295
-0.0436787
-0.0436572
-0.0435137
-0.0436723
-0.0436421
-0.0436416
-0.0428847
-0.0431177
-0.0428892
-0.0430725
-0.0441512
-0.0428432
-0.0432261
-0.0437195
-0.0437033
-0.0437142
-0.043696
-0.0437166
-0.0437138
-0.0438819
-0.0437078
-0.0437263
-0.0437294
-0.0437783
-0.0437198
-0.0437313
-0.0437417
-0.0436742
-0.0436602
-0.0436941
-0.0436735
-0.0436783
-0.0436978
-0.0436934
-0.0437373
-0.0436605
-0.0437255
-0.0436789
-0.0437819
-0.0436739
-0.0438149
-0.0437083
-0.0436938
-0.0437107
-0.0434742
-0.0437287
-0.0437159
-0.0437244
-0.043648
-0.043685
-0.0436044
-0.0436566
-0.0436097
-0.0436547
-0.0436497
-0.0443387
-0.0440169
-0.0432775
-0.043163
-0.0438859
-0.0441731
-0.0429967
-0.0439043
-0.0438322
-0.0435467
-0.0431989
-0.0438153
-0.0434391
-0.0438124
-0.0436516
-0.0436649
-0.0436461
-0.0436314
-0.0436496
-0.0436695
-0.0436499
-0.0436507
-0.0436335
-0.0437008
-0.0436614
-0.043674
-0.0436576
-0.0436742
-0.0436684
-0.0436461
-0.0436219
-0.0436609
-0.0436635
-0.0436725
-0.0436267
-0.0436689
-0.0436413
-0.0436908
-0.0436452
-0.0436988
-0.0436311
-0.0436744
-0.0437982
-0.0436007
-0.0440406
-0.0434733
-0.0435423
-0.0436652
-0.0445423
-0.0428728
-0.0435654
-0.0432141
-0.0447579
-0.0428762
-0.0432941
-0.0436165
-0.0430301
-0.0443954
-0.0440238
-0.0434537
-0.0444628
-0.0431502
-0.0434049
-0.0434224
-0.0438329
-0.0436788
-0.0434037
-0.0435384
-0.0435955
-0.0431344
-0.0437724
-0.0437981
-0.0437064
-0.044357
-0.0436245
-0.0439382
-0.0449002
-0.0437819
-0.0440504
-0.0434598
-0.0436388
-0.0435861
-0.0445558
-0.0436164
-0.0436796
-0.0437281
-0.0436813
-0.0437297
-0.0436289
-0.0437302
-0.0437041
-0.0436783
-0.0436572
-0.0436095
-0.0436755
-0.0436886
-0.0436586
-0.0436049
-0.0439059
-0.0436454
-0.0432959
-0.0438536
-0.0437663
-0.0435842
-0.0438965
-0.0436321
-0.0436697
-0.0436642
-0.0442527
-0.0434214
-0.0438112
-0.0448486
-0.0435377
-0.0437033
-0.0438552
-0.0434727
-0.0436179
-0.043669
-0.0432758
-0.0472655
-0.0433387
-0.0436372
-0.043319
-0.0449176
-0.0444885
-0.0425861
-0.0450177
-0.0431457
-0.0432139
-0.0434
-0.0433488
-0.0435065
-0.0409336
-0.0436335
-0.043738
-0.0437418
-0.043729
-0.0437331
-0.0437689
-0.043655
-0.0431741
-0.0444861
-0.0441755
-0.0427566
-0.0445946
-0.0432038
-0.0433124
-0.0437177
-0.0437867
-0.0439599
-0.043633
-0.0438378
-0.0437205
-0.0435009
-0.0437549
-0.0437331
-0.043749
-0.0437113
-0.0437722
-0.0437168
-0.0437334
-0.0440329
-0.0437718
-0.0436668
-0.043879
-0.0436976
-0.0437933
-0.0441041
-0.0438148
-0.0437307
-0.0437786
-0.0438714
-0.0439212
-0.043526
-0.0437001
-0.0436929
-0.0436747
-0.0438618
-0.0436176
-0.0436434
-0.0439838
-0.04359
-0.0408263
-0.0439287
-0.0439976
-0.044338
-0.0433662
-0.043378
-0.0441747
-0.0392507
-0.0440067
-0.0445549
-0.0431748
-0.0460969
-0.0429539
-0.0425651
-0.043685
-0.0436741
-0.0436895
-0.0435844
-0.0437068
-0.0435679
-0.0436597
-0.0431497
-0.0450162
-0.0439365
-0.0430068
-0.0441036
-0.0434031
-0.0434646
-0.0436163
-0.0436401
-0.0435798
-0.0434917
-0.0436876
-0.0435907
-0.0435232
-0.0436605
-0.0436772
-0.0435716
-0.0436622
-0.0436176
-0.043687
-0.043592
-0.0438605
-0.0441593
-0.0436826
-0.0441694
-0.0439604
-0.0437383
-0.0438346
-0.0437348
-0.0437361
-0.0436557
-0.0437113
-0.0437693
-0.0436548
-0.043737
-0.0453067
-0.0425831
-0.0425149
-0.0432789
-0.0452934
-0.039831
-0.0428647
-0.0436538
-0.0441288
-0.0438187
-0.0433638
-0.0437344
-0.0437016
-0.0428299
-0.0396034
-0.0395513
-0.041149
-0.0345745
-0.0413845
-0.0378909
-0.0368758
-0.0440374
-0.0444739
-0.0442338
-0.041459
-0.0468416
-0.0410967
-0.0419853
-0.0387358
-0.0373393
-0.0351681
-0.0378123
-0.0379931
-0.0362937
-0.0364022
-0.039452
-0.0392917
-0.0375394
-0.0342354
-0.0390878
-0.0394704
-0.0341676
-0.0369339
-0.0436617
-0.0392147
-0.0400955
-0.0414228
-0.0383645
-0.040038
-0.0394583
-0.0392948
-0.0342396
-0.0375472
-0.0390945
-0.0394738
-0.0341757
-0.0387358
-0.0373463
-0.0378153
-0.0351723
-0.0379944
-0.036308
-0.0364011
-0.0368736
-0.0435741
-0.04005
-0.0391252
-0.041371
-0.0399441
-0.0383027
-0.0436637
-0.0438252
-0.0441353
-0.0433721
-0.0437443
-0.0437107
-0.0428397
-0.0395944
-0.0395531
-0.0345715
-0.041141
-0.0413816
-0.0378897
-0.0368652
-0.0434045
-0.0434536
-0.0425177
-0.0434294
-0.043572
-0.0433299
-0.0432075
-0.0439599
-0.0444094
-0.0413648
-0.0441827
-0.0467985
-0.0418931
-0.0410102
-0.0392423
-0.0445602
-0.0440023
-0.0431813
-0.0429569
-0.0460945
-0.0425709
-0.0436673
-0.04369
-0.0436619
-0.0435993
-0.0437004
-0.0436593
-0.0435991
-0.0436099
-0.0436382
-0.0434984
-0.0435874
-0.0435919
-0.0436851
-0.0435221
-0.0431398
-0.0439273
-0.0450105
-0.0429925
-0.0441047
-0.0433996
-0.0434573
-0.0437354
-0.04374
-0.0436996
-0.0436519
-0.0436472
-0.0437685
-0.0437111
-0.0439221
-0.0437148
-0.0442167
-0.044014
-0.0442152
-0.0437883
-0.043868
-0.0432447
-0.0439353
-0.0439264
-0.0435056
-0.0434167
-0.044076
-0.0433524
-0.045003
-0.0431274
-0.0433921
-0.0431983
-0.0434871
-0.0433331
-0.0409303
-0.0436631
-0.043734
-0.0437352
-0.0437359
-0.0437215
-0.043688
-0.0437676
-0.0431635
-0.0441736
-0.0444712
-0.0445892
-0.0427439
-0.0431979
-0.0433086
-0.0437085
-0.0437957
-0.043623
-0.0439651
-0.0437261
-0.0438461
-0.0435065
-0.0440567
-0.0437708
-0.0438825
-0.0436785
-0.0438089
-0.0436893
-0.044138
-0.0438677
-0.0438217
-0.0437833
-0.0439303
-0.0439821
-0.0435624
-0.0437398
-0.0408438
-0.043984
-0.0443708
-0.0440432
-0.0442002
-0.0434132
-0.0434064
-0.0430563
-0.0440545
-0.0444479
-0.0434723
-0.0431835
-0.0444905
-0.0434229
-0.0436585
-0.0438452
-0.0443573
-0.0436455
-0.0436066
-0.0440279
-0.044938
-0.0438005
-0.0441273
-0.0436183
-0.0434392
-0.043625
-0.0436062
-0.0446562
-0.043924
-0.0436264
-0.0438523
-0.0433325
-0.0437435
-0.0435666
-0.043943
-0.0435002
-0.0437161
-0.0436907
-0.0442404
-0.0434009
-0.0448525
-0.0439572
-0.0435223
-0.0437322
-0.0434714
-0.0438987
-0.0436274
-0.0432763
-0.0437254
-0.0474498
-0.043497
-0.0434866
-0.0438107
-0.0426555
-0.0446096
-0.045023
-0.0429565
-0.044998
-0.0436684
-0.0432694
-0.0433184
-0.0436745
-0.0428184
-0.0437968
-0.0436538
-0.0436577
-0.0437836
-0.0436804
-0.0437023
-0.0438469
-0.0435391
-0.043566
-0.0436516
-0.0436584
-0.0436152
-0.0435267
-0.0435772
-0.044369
-0.0431647
-0.0439456
-0.0433077
-0.0442151
-0.043024
-0.0439397
-0.04297
-0.0442663
-0.0434353
-0.0439005
-0.0433788
-0.0431889
-0.0442824
-0.0435304
-0.0429172
-0.0434184
-0.0435482
-0.0433672
-0.0432598
-0.0451732
-0.0436173
-0.0439939
-0.0451495
-0.0438061
-0.0440125
-0.0441551
-0.041963
-0.0439754
-0.0437497
-0.0437985
-0.0439349
-0.0437306
-0.0442309
-0.0438318
-0.0437901
-0.0438283
-0.043783
-0.0438305
-0.0437728
-0.0438707
-0.0437895
-0.0438794
-0.0437872
-0.0439177
-0.0440806
-0.0439144
-0.0436277
-0.0437888
-0.0437341
-0.0438412
-0.0437352
-0.043884
-0.0437613
-0.0438124
-0.0437963
-0.04368
-0.0437119
-0.043493
-0.0436697
-0.0437369
-0.0437082
-0.0436051
-0.0436837
-0.0437042
-0.0436654
-0.0436766
-0.0437165
-0.0437307
-0.0435919
-0.0437133
-0.0436815
-0.0437326
-0.0437102
-0.0437078
-0.0437265
-0.0437068
-0.043716
-0.0436975
-0.0438205
-0.0437262
-0.0437263
-0.043739
-0.0437224
-0.0436962
-0.0437468
-0.0437481
-0.0437086
-0.0437612
-0.0437286
-0.0437032
-0.0437345
-0.0438527
-0.0437554
-0.043703
-0.0437905
-0.0435507
-0.0437417
-0.0443594
-0.0446061
-0.0433284
-0.0447183
-0.0430367
-0.0433655
-0.0433534
-0.0434621
-0.0449854
-0.0439008
-0.0437132
-0.0439182
-0.044013
-0.0419312
-0.0437384
-0.0436419
-0.0431263
-0.0437444
-0.04352
-0.0434708
-0.0454521
-0.0426948
-0.0427386
-0.0435281
-0.0438375
-0.0434398
-0.0434785
-0.0463054
-0.0424595
-0.0435522
-0.0432251
-0.0427205
-0.0433721
-0.0434272
-0.0409941
-0.0427341
-0.0435008
-0.0435347
-0.042582
-0.0433563
-0.0433191
-0.0414428
-0.0269643
-0.0406873
-0.0352988
-0.0348456
-0.0354202
-0.03717
-0.0256966
-0.0440195
-0.0433009
-0.0436559
-0.0434983
-0.0435158
-0.0439225
-0.0437282
-0.0442843
-0.0438628
-0.0438067
-0.0442429
-0.0437661
-0.044041
-0.0441521
-0.0433545
-0.0438837
-0.0435217
-0.0429304
-0.0431579
-0.0431327
-0.0436328
-0.0455369
-0.0446839
-0.045724
-0.0455261
-0.0456133
-0.0449982
-0.0463112
-0.0437193
-0.0437154
-0.0440997
-0.0433919
-0.0434055
-0.0435351
-0.0441694
-0.0316301
-0.0425498
-0.0391926
-0.0400215
-0.0345108
-0.0401078
-0.0398979
-0.0305257
-0.0327231
-0.0366543
-0.0364489
-0.0358443
-0.03162
-0.0281328
-0.0260842
-0.0378152
-0.0328052
-0.0335249
-0.0327604
-0.0334918
-0.0259701
-0.042253
-0.0410279
-0.043588
-0.0360444
-0.043844
-0.0333597
-0.0412498
-0.0430491
-0.0439333
-0.0409595
-0.0436533
-0.0432561
-0.0443056
-0.0404921
-0.0426876
-0.0439858
-0.0430781
-0.0386782
-0.0443263
-0.0422486
-0.0396087
-0.0414205
-0.0397773
-0.0421622
-0.0343667
-0.0428274
-0.0333326
-0.0404605
-0.0437816
-0.045747
-0.0422546
-0.0443494
-0.0447282
-0.0452702
-0.0412906
-0.0426067
-0.0433991
-0.0440089
-0.0390728
-0.0441803
-0.0417048
-0.0401176
-0.0255752
-0.0348869
-0.0266345
-0.0315261
-0.0252846
-0.0271201
-0.0314176
-0.0260901
-0.0328067
-0.0378225
-0.0335255
-0.0334983
-0.0327676
-0.0259715
-0.030521
-0.0366581
-0.0327225
-0.0364448
-0.0316183
-0.0358443
-0.0281247
-0.0426927
-0.0439874
-0.0386798
-0.0430845
-0.0422506
-0.0443312
-0.0396133
-0.043055
-0.0439397
-0.0436623
-0.0409668
-0.0443121
-0.0432614
-0.0404975
-0.0414236
-0.042179
-0.0397744
-0.03438
-0.0428353
-0.0404706
-0.0332965
-0.0426
-0.043388
-0.0390551
-0.0440009
-0.0416992
-0.0441653
-0.040109
-0.0437598
-0.045732
-0.044339
-0.0422602
-0.0452492
-0.0447184
-0.0412756
-0.0333091
-0.0388504
-0.0364768
-0.0378432
-0.0326715
-0.0363028
-0.0386519
-0.0269475
-0.0352938
-0.0406791
-0.0348403
-0.0371579
-0.0354021
-0.0256845
-0.0442868
-0.0438081
-0.0438642
-0.0442443
-0.0437687
-0.044154
-0.0440424
-0.0440219
-0.0436586
-0.0433
-0.0435013
-0.0435193
-0.0437304
-0.0439246
-0.043359
-0.0435266
-0.0438875
-0.0429348
-0.0431614
-0.043137
-0.0436409
-0.0444574
-0.0441836
-0.043874
-0.0437652
-0.0445272
-0.0442845
-0.043956
-0.043728
-0.0441074
-0.0437149
-0.0434285
-0.0433996
-0.0435602
-0.04418
-0.0426942
-0.0435197
-0.0427326
-0.0438224
-0.0434307
-0.0434732
-0.0462996
-0.0424637
-0.0435574
-0.0427243
-0.0432303
-0.043378
-0.0434324
-0.0409973
-0.0440067
-0.0439865
-0.0451475
-0.0437063
-0.0439276
-0.0406851
-0.0442856
-0.0427371
-0.0435023
-0.0425404
-0.0435149
-0.0433487
-0.0414011
-0.0433296
-0.0436118
-0.0439869
-0.0437996
-0.0451572
-0.0440062
-0.0441642
-0.0419531
-0.0438938
-0.0437737
-0.0438319
-0.0438411
-0.0437639
-0.0438209
-0.0438862
-0.0438865
-0.0439304
-0.0438038
-0.0439349
-0.044096
-0.0436481
-0.0438016
-0.0437458
-0.0437389
-0.0438191
-0.043873
-0.043755
-0.0438024
-0.0438091
-0.0436903
-0.0437233
-0.0436929
-0.0435182
-0.0437192
-0.0437424
-0.0436176
-0.0437194
-0.0436908
-0.0437648
-0.0437198
-0.0437649
-0.0437473
-0.0436742
-0.0437304
-0.0436795
-0.0436786
-0.0437108
-0.0437068
-0.0437134
-0.0438042
-0.043734
-0.0436916
-0.0437553
-0.0437483
-0.0437418
-0.0437171
-0.0437699
-0.0437336
-0.0437169
-0.0437753
-0.0438221
-0.0437606
-0.0437472
-0.0437928
-0.0437588
-0.0437646
-0.0438677
-0.0437041
-0.0437936
-0.0437538
-0.0435525
-0.0444242
-0.0433483
-0.0446631
-0.0447803
-0.0430723
-0.0434042
-0.0433976
-0.0435405
-0.0439429
-0.0450519
-0.0437759
-0.0439516
-0.0419852
-0.0440753
-0.0437963
-0.0436972
-0.0437676
-0.0432022
-0.0435586
-0.0454871
-0.0435388
-0.0474131
-0.0434541
-0.0434886
-0.0437328
-0.0445814
-0.0425987
-0.0449954
-0.0437909
-0.0436484
-0.0436665
-0.0437732
-0.0437025
-0.0436928
-0.0438316
-0.0443549
-0.0439443
-0.0431791
-0.0433051
-0.0430273
-0.0441931
-0.0439333
-0.0408703
-0.044076
-0.0440073
-0.0444564
-0.0434403
-0.0434144
-0.0442674
-0.043856
-0.0438878
-0.0437115
-0.0440161
-0.0437166
-0.0441202
-0.0437425
-0.0433089
-0.0439426
-0.0435142
-0.0439173
-0.0433777
-0.0434379
-0.0440662
-0.0451777
-0.043194
-0.0431668
-0.0433853
-0.04347
-0.0409812
-0.0436581
-0.0441687
-0.0437472
-0.0441352
-0.045279
-0.0440888
-0.0443771
-0.0407905
-0.0427641
-0.0433303
-0.0433907
-0.0423482
-0.0432808
-0.0432418
-0.0412648
-0.0438702
-0.0437797
-0.0438489
-0.0437891
-0.0438689
-0.0438075
-0.0437572
-0.0438029
-0.0438099
-0.0438543
-0.0437458
-0.0438298
-0.0438311
-0.0437011
-0.0436787
-0.0437012
-0.0436878
-0.0436757
-0.0437367
-0.0436729
-0.0436858
-0.0436987
-0.0436115
-0.0437355
-0.0436098
-0.0436175
-0.043652
-0.0438018
-0.0436918
-0.0437096
-0.0436863
-0.0437778
-0.043735
-0.043652
-0.0437252
-0.0436728
-0.043671
-0.0436426
-0.0437017
-0.0436469
-0.043702
-0.0434148
-0.043089
-0.0440332
-0.0449149
-0.0440819
-0.0431641
-0.0433766
-0.0433935
-0.0437201
-0.0437181
-0.043782
-0.0437447
-0.0437188
-0.0437257
-0.0437504
-0.0437152
-0.0436672
-0.0437563
-0.0436142
-0.0437705
-0.0435892
-0.0437128
-0.0425883
-0.0433629
-0.0436586
-0.0429065
-0.0434118
-0.0411897
-0.043567
-0.0413987
-0.0438055
-0.0435121
-0.0433898
-0.0433454
-0.0431795
-0.0412435
-0.0419794
-0.0439927
-0.042111
-0.0425063
-0.0428997
-0.043635
-0.0408642
-0.0440344
-0.0435484
-0.0440836
-0.0437801
-0.0439315
-0.0437838
-0.044342
-0.0449195
-0.0444427
-0.0447347
-0.0452515
-0.0443915
-0.045148
-0.0454379
-0.0435839
-0.0436596
-0.0440931
-0.0433388
-0.0431471
-0.0433794
-0.0437358
-0.0444357
-0.0440582
-0.0442695
-0.0439007
-0.0441953
-0.0439796
-0.0441608
-0.04205
-0.0441102
-0.042682
-0.0421756
-0.0410071
-0.0437605
-0.0428941
-0.0426147
-0.0431403
-0.0440192
-0.0385532
-0.0444676
-0.0397675
-0.0418254
-0.0416408
-0.042592
-0.040198
-0.0345991
-0.0432442
-0.0406418
-0.0335447
-0.0433271
-0.0442193
-0.0440691
-0.0409765
-0.0450026
-0.0433474
-0.0406447
-0.0432417
-0.0428078
-0.0453184
-0.0388173
-0.0457512
-0.039751
-0.0428462
-0.0427036
-0.044136
-0.0408812
-0.0366537
-0.0443066
-0.0419449
-0.0335676
-0.0433789
-0.0438066
-0.0447691
-0.0418067
-0.0446259
-0.0409059
-0.0440027
-0.0416385
-0.0425908
-0.0345982
-0.0402077
-0.0406401
-0.0432427
-0.0335476
-0.0432323
-0.0453124
-0.0427845
-0.0387848
-0.0457302
-0.0428243
-0.0397459
-0.0433156
-0.0440545
-0.0442303
-0.0409857
-0.0449842
-0.0406362
-0.0433469
-0.0427121
-0.0441212
-0.0366286
-0.0409141
-0.0419212
-0.0443215
-0.0335913
-0.0419847
-0.0421187
-0.0440001
-0.0425143
-0.0436412
-0.0429054
-0.0408706
-0.0413966
-0.0435118
-0.043807
-0.043387
-0.0431796
-0.0433425
-0.0412423
-0.0450337
-0.0447519
-0.0443887
-0.0452403
-0.0444172
-0.0454895
-0.0450966
-0.043809
-0.0435352
-0.043416
-0.0431977
-0.0431172
-0.0432329
-0.0439228
-0.0440039
-0.0440519
-0.0435429
-0.0437976
-0.0439083
-0.0443185
-0.0438243
-0.0442592
-0.0438561
-0.0436952
-0.0434719
-0.0439648
-0.0437379
-0.0441173
-0.0436657
-0.0435909
-0.0441384
-0.0433442
-0.043167
-0.0433981
-0.0437406
-0.0416478
-0.0437404
-0.0436443
-0.0440061
-0.0414291
-0.0436073
-0.0433582
-0.0441617
-0.044117
-0.043734
-0.0452844
-0.044075
-0.0443584
-0.0407902
-0.0438055
-0.043857
-0.0438145
-0.0437475
-0.0438332
-0.0437063
-0.043832
-0.0438187
-0.0439861
-0.0442885
-0.0441088
-0.0442892
-0.0438909
-0.043933
-0.0437579
-0.0437976
-0.0437594
-0.0436574
-0.0437759
-0.0438154
-0.0437499
-0.0436951
-0.0437002
-0.0437444
-0.0436922
-0.0437318
-0.0437041
-0.0437041
-0.0437103
-0.0436151
-0.0436083
-0.0437365
-0.0436532
-0.0436264
-0.0438062
-0.0436906
-0.0436901
-0.0437302
-0.0436542
-0.0437135
-0.0436857
-0.0436908
-0.0437106
-0.043707
-0.043743
-0.0437992
-0.0437513
-0.0437425
-0.0436817
-0.0436767
-0.0436759
-0.0437052
-0.0436471
-0.0437094
-0.0436535
-0.0434063
-0.0437337
-0.0437646
-0.0436752
-0.0436142
-0.0437819
-0.043719
-0.043612
-0.0440703
-0.0431344
-0.0449658
-0.0441287
-0.0431685
-0.043411
-0.0434149
-0.0425777
-0.0436587
-0.0433496
-0.0428706
-0.0434244
-0.0411354
-0.043552
-0.042936
-0.0438427
-0.0440872
-0.0429471
-0.0436814
-0.0465094
-0.0437839
-0.0439058
-0.043736
-0.0439276
-0.044057
-0.0441572
-0.043753
-0.0437709
-0.0451987
-0.043197
-0.0432602
-0.0434119
-0.0409923
-0.0435089
-0.0436678
-0.0456669
-0.0429789
-0.0437527
-0.0429903
-0.0434927
-0.0400803
-0.0457087
-0.0432649
-0.0434179
-0.0435866
-0.0435042
-0.0432565
-0.0435888
-0.0445445
-0.0435674
-0.0433931
-0.0434505
-0.0434179
-0.0433665
-0.0435977
-0.0433956
-0.0435942
-0.0434482
-0.0436174
-0.0434193
-0.0434305
-0.0435177
-0.0435637
-0.044889
-0.0429408
-0.0441105
-0.0429276
-0.0439036
-0.0426157
-0.0443963
-0.0392922
-0.0440122
-0.0432396
-0.0446049
-0.0426411
-0.0429578
-0.0461468
-0.0314647
-0.0423598
-0.0397971
-0.0390143
-0.0397076
-0.0399378
-0.0343359
-0.0439841
-0.0437541
-0.0437749
-0.0431804
-0.04396
-0.0435086
-0.0440116
-0.0439528
-0.0440022
-0.0444252
-0.0413712
-0.0465974
-0.0411375
-0.0418346
-0.044395
-0.0440484
-0.0438335
-0.0431116
-0.0440735
-0.0433297
-0.0445435
-0.0387498
-0.0412504
-0.0397313
-0.0351242
-0.0403796
-0.036723
-0.0398034
-0.0269655
-0.0410501
-0.0351384
-0.03554
-0.0258351
-0.0374917
-0.0356195
-0.033409
-0.0378483
-0.0390335
-0.0365519
-0.0364835
-0.0387239
-0.0326864
-0.0259107
-0.0351926
-0.0319291
-0.0270113
-0.0317037
-0.0275153
-0.0256357
-0.0425381
-0.042473
-0.043212
-0.0427422
-0.0423813
-0.0422119
-0.0434254
-0.0416883
-0.0430856
-0.0433383
-0.0398864
-0.0429878
-0.0394954
-0.042207
-0.0435038
-0.0439687
-0.0437497
-0.0443177
-0.0433382
-0.0439538
-0.0431514
-0.0434429
-0.0443429
-0.0447579
-0.0446154
-0.0445874
-0.0442592
-0.0434025
-0.0422027
-0.044037
-0.0447122
-0.0408867
-0.0445942
-0.0408391
-0.042109
-0.0388233
-0.0372656
-0.0376419
-0.0351616
-0.0379513
-0.0368752
-0.0367768
-0.0257681
-0.0345846
-0.0317708
-0.0346678
-0.0256893
-0.0316837
-0.0346148
-0.0259099
-0.0319276
-0.0351924
-0.0270106
-0.0275103
-0.031708
-0.0256344
-0.0334341
-0.039069
-0.0378833
-0.0365817
-0.0387792
-0.0365015
-0.0327202
-0.0372272
-0.0403507
-0.0438685
-0.0393305
-0.0417045
-0.0402461
-0.0386307
-0.0434437
-0.0437668
-0.0440506
-0.0440365
-0.0434084
-0.0435895
-0.0439526
-0.0425351
-0.0432547
-0.0424502
-0.0427141
-0.0423976
-0.0433822
-0.0421919
-0.042164
-0.0448698
-0.0441275
-0.0408804
-0.0447496
-0.0420589
-0.040857
-0.042826
-0.0438236
-0.043821
-0.042628
-0.0441468
-0.0433601
-0.041985
-0.0388359
-0.0376193
-0.0372512
-0.0351339
-0.0379585
-0.0368504
-0.0367633
-0.0307241
-0.0359602
-0.0364569
-0.0327137
-0.0281716
-0.0357169
-0.0319805
-0.0314637
-0.0398262
-0.0423786
-0.0390718
-0.0399544
-0.0396764
-0.0343875
-0.0439502
-0.0437582
-0.0437475
-0.0431704
-0.0439408
-0.0435097
-0.0439899
-0.0436183
-0.04374
-0.0433403
-0.0433615
-0.0435937
-0.043427
-0.0435803
-0.044404
-0.0438555
-0.0440584
-0.0431245
-0.0440882
-0.0433453
-0.0445487
-0.038751
-0.0397239
-0.0412364
-0.0351022
-0.0403822
-0.0367096
-0.0397915
-0.0436963
-0.044008
-0.0435204
-0.0442116
-0.044017
-0.0429751
-0.043615
-0.0456547
-0.0437476
-0.042971
-0.0429795
-0.0400775
-0.0434813
-0.045695
-0.0435664
-0.0434475
-0.0433894
-0.0434148
-0.0435987
-0.0433614
-0.0433922
-0.0448925
-0.0441116
-0.0429395
-0.0429326
-0.0426155
-0.0439058
-0.0443994
-0.0297613
-0.0268659
-0.0360171
-0.0360178
-0.0293718
-0.0269936
-0.0355119
-0.033942
-0.035223
-0.035784
-0.034349
-0.0371831
-0.0338603
-0.0342786
-0.0288766
-0.0358892
-0.0270881
-0.0331709
-0.0289859
-0.0269916
-0.0346823
-0.0319996
-0.0311338
-0.0346359
-0.0353822
-0.031738
-0.0309367
-0.0343751
-0.03271
-0.0335409
-0.0356632
-0.0356036
-0.0336555
-0.0332458
-0.0353121
-0.0326623
-0.0350282
-0.0346264
-0.0352144
-0.0338815
-0.0324762
-0.0347892
-0.0307218
-0.0363906
-0.0306008
-0.0357495
-0.0302795
-0.0304657
-0.0350125
-0.0255131
-0.026831
-0.0358708
-0.0345575
-0.0290873
-0.024728
-0.0341055
-0.0233977
-0.023945
-0.0335347
-0.0341644
-0.0234933
-0.0238457
-0.033634
-0.0256144
-0.0357999
-0.0295433
-0.0336479
-0.0256501
-0.0293012
-0.0336544
-0.0233583
-0.0349401
-0.0243998
-0.0343808
-0.0236598
-0.02473
-0.0341918
-0.030128
-0.0303171
-0.0357979
-0.0355346
-0.0295112
-0.0302634
-0.0364219
-0.0303026
-0.0297422
-0.0384411
-0.0390696
-0.0302966
-0.0297675
-0.0380739
-0.0299405
-0.0355664
-0.0287881
-0.0368601
-0.0299225
-0.0289871
-0.0365386
-0.0305139
-0.0368088
-0.030366
-0.0388029
-0.0301004
-0.0304811
-0.0378004
-0.0395486
-0.0449756
-0.0440023
-0.0427426
-0.0444237
-0.0421264
-0.0437013
-0.0438537
-0.0457567
-0.0434157
-0.0435533
-0.0441894
-0.0434655
-0.0436263
-0.0434154
-0.043453
-0.0432229
-0.0441426
-0.0438926
-0.0438619
-0.0434857
-0.043558
-0.0436588
-0.0447286
-0.0438109
-0.0434162
-0.0433134
-0.0437634
-0.0435962
-0.0436658
-0.0435123
-0.0437374
-0.0433
-0.0434923
-0.0439132
-0.0437026
-0.0436697
-0.0437977
-0.0438948
-0.0437166
-0.0436747
-0.0436091
-0.0435711
-0.0434864
-0.0435686
-0.0436472
-0.0433037
-0.0434747
-0.0436584
-0.0435227
-0.0432786
-0.0435368
-0.0436378
-0.0434257
-0.0434483
-0.043622
-0.0438761
-0.0437203
-0.044299
-0.0436599
-0.0437565
-0.0434378
-0.0437943
-0.043789
-0.0435843
-0.0432007
-0.04367
-0.043893
-0.0441129
-0.043683
-0.0435494
-0.0435815
-0.0441083
-0.0440523
-0.0436592
-0.0439434
-0.044151
-0.0441132
-0.0414732
-0.0431635
-0.0437102
-0.0413716
-0.0433105
-0.0436379
-0.0438589
-0.0437627
-0.0437613
-0.0436982
-0.043852
-0.0436708
-0.0435846
-0.0422379
-0.0424076
-0.0428171
-0.0442603
-0.0439333
-0.0421127
-0.0432787
-0.0434944
-0.0436385
-0.0436573
-0.0434217
-0.0435819
-0.0436294
-0.0436985
-0.0430553
-0.0425589
-0.0432998
-0.04317
-0.0437891
-0.0435816
-0.0434113
-0.0436408
-0.0429285
-0.0433611
-0.0436918
-0.0436014
-0.0437143
-0.0435653
-0.0436311
-0.0437664
-0.043757
-0.0436156
-0.043715
-0.0436365
-0.0437889
-0.043705
-0.0438563
-0.0436494
-0.0438677
-0.0436935
-0.0437336
-0.0436977
-0.0436352
-0.0439611
-0.0437145
-0.0438344
-0.0436792
-0.0437235
-0.043836
-0.0431205
-0.0432783
-0.0437325
-0.0442969
-0.043771
-0.0438297
-0.0440028
-0.0448212
-0.045414
-0.0457527
-0.0444345
-0.0440924
-0.0443225
-0.0440886
-0.0466101
-0.0463053
-0.0458565
-0.0463427
-0.0456488
-0.0450445
-0.0447917
-0.0439235
-0.0444476
-0.0445721
-0.0447644
-0.0435271
-0.0446103
-0.0441688
-0.0442968
-0.0436123
-0.0440204
-0.0451967
-0.0447349
-0.0444638
-0.0452357
-0.0438596
-0.0437846
-0.0435178
-0.0440474
-0.0438252
-0.0436479
-0.0439343
-0.043607
-0.0443549
-0.0430355
-0.0434428
-0.0432947
-0.0426863
-0.0438596
-0.0338407
-0.0260424
-0.033591
-0.0381271
-0.0217641
-0.0354214
-0.0378792
-0.0365458
-0.0305174
-0.0413881
-0.0363565
-0.0358872
-0.0327531
-0.0394601
-0.0331214
-0.0362358
-0.0301999
-0.0251885
-0.0231184
-0.037408
-0.0323719
-0.0388496
-0.0408451
-0.0396753
-0.0412473
-0.0388614
-0.0411824
-0.0400441
-0.0353669
-0.0361029
-0.0292911
-0.0348452
-0.0304827
-0.0360538
-0.0365186
-0.0434954
-0.0447514
-0.0446237
-0.0447914
-0.0448144
-0.0457574
-0.0457369
-0.0447005
-0.0426308
-0.0449695
-0.0435032
-0.0442419
-0.0431237
-0.0434943
-0.0422414
-0.0432171
-0.0439628
-0.0432541
-0.0439512
-0.043045
-0.0431331
-0.0294149
-0.0241067
-0.0307823
-0.0313784
-0.0243493
-0.0289419
-0.0323098
-0.0316874
-0.0277706
-0.0344032
-0.0313516
-0.0314151
-0.0277694
-0.0344092
-0.0305881
-0.0356009
-0.0297121
-0.0249325
-0.0247097
-0.034746
-0.0310985
-0.0326006
-0.0353428
-0.0269147
-0.0317901
-0.0274456
-0.0338639
-0.0347977
-0.0430422
-0.0429327
-0.0436305
-0.0441971
-0.0442959
-0.045104
-0.0442295
-0.0432205
-0.0422453
-0.0439661
-0.043258
-0.0439399
-0.0430404
-0.0431383
-0.042588
-0.0446403
-0.0448861
-0.0434742
-0.0441887
-0.0430919
-0.0434411
-0.00836418
-0.0205176
-0.0216492
-0.0279565
-0.00807566
-0.0207806
-0.0219467
-0.00879595
-0.0234181
-0.0220014
-0.0292595
-0.0216751
-0.00682536
-0.022846
-0.0399458
-0.0423457
-0.0434931
-0.0438424
-0.0429073
-0.0415761
-0.0426717
-0.0382782
-0.027897
-0.0407031
-0.0399914
-0.0373333
-0.0335242
-0.0415312
-0.0404773
-0.0428615
-0.0411223
-0.0412988
-0.0399139
-0.0411627
-0.0425122
-0.0429267
-0.0436301
-0.0433506
-0.0436908
-0.0435952
-0.043566
-0.0437066
-0.0428489
-0.0429438
-0.0432144
-0.0432316
-0.043351
-0.0431518
-0.0433641
-0.0436253
-0.0434859
-0.0436514
-0.0434097
-0.0435776
-0.0436258
-0.0436911
-0.0437758
-0.0436618
-0.04369
-0.0438147
-0.0436592
-0.0436954
-0.043761
-0.0438455
-0.0436918
-0.0436412
-0.043851
-0.0436861
-0.0437243
-0.0436901
-0.043793
-0.0436196
-0.043652
-0.0438019
-0.0436747
-0.0436652
-0.0436702
-0.0439532
-0.0436192
-0.0437058
-0.0438234
-0.0436667
-0.0437124
-0.0438276
-0.0462854
-0.0466478
-0.0458685
-0.0463539
-0.0456719
-0.0450524
-0.0447668
-0.0442064
-0.0437123
-0.0437782
-0.0444278
-0.0438086
-0.0440985
-0.0440109
-0.0432856
-0.0431132
-0.0437676
-0.0437869
-0.0443294
-0.0438647
-0.0440207
-0.0440105
-0.0440563
-0.0439552
-0.0443558
-0.0439855
-0.0442756
-0.0440754
-0.0432327
-0.0440428
-0.0437902
-0.0432604
-0.0438552
-0.0438338
-0.0433275
-0.0434301
-0.0430182
-0.0432935
-0.043504
-0.0433017
-0.0445934
-0.0434883
-0.0434761
-0.0432842
-0.0435699
-0.0436094
-0.0435288
-0.0435726
-0.0435735
-0.043703
-0.0438472
-0.0450016
-0.0433629
-0.0430215
-0.0430708
-0.043767
-0.0440597
-0.043538
-0.0436211
-0.0435309
-0.0433029
-0.0430153
-0.0437002
-0.0432624
-0.043466
-0.0434268
-0.0434798
-0.043738
-0.0435028
-0.0434708
-0.0424219
-0.0439768
-0.043883
-0.0435991
-0.0438511
-0.0437607
-0.0438258
-0.0457775
-0.0434901
-0.0443453
-0.043729
-0.0429727
-0.044356
-0.0439178
-0.0433765
-0.0437441
-0.0437695
-0.0437832
-0.0444232
-0.0434372
-0.043397
-0.0433475
-0.0438977
-0.0436051
-0.0439165
-0.0437236
-0.0433319
-0.0437869
-0.0436372
-0.0435734
-0.0433669
-0.0438404
-0.0433149
-0.0435627
-0.0437349
-0.0434559
-0.0436855
-0.0442957
-0.0435442
-0.0438859
-0.0435507
-0.0437135
-0.0435781
-0.0437363
-0.0437973
-0.0438179
-0.0437627
-0.0436677
-0.0437046
-0.0438756
-0.0435708
-0.0434044
-0.0437059
-0.043438
-0.0437387
-0.0438225
-0.0436026
-0.0437033
-0.0435698
-0.0436731
-0.0437544
-0.043581
-0.0436778
-0.0437516
-0.0437708
-0.0440575
-0.043504
-0.0435415
-0.0438239
-0.04379
-0.0436933
-0.0436531
-0.0434665
-0.0434404
-0.0438391
-0.0439017
-0.0435981
-0.044499
-0.0441133
-0.0428696
-0.0437678
-0.0439902
-0.0438236
-0.0439057
-0.043101
-0.0433581
-0.0433571
-0.0440807
-0.043227
-0.0443957
-0.0439476
-0.0434231
-0.0438218
-0.0436465
-0.0437121
-0.0436349
-0.0435344
-0.0439118
-0.0436833
-0.0439152
-0.0437902
-0.0436756
-0.0436717
-0.043701
-0.0437983
-0.0434673
-0.0435611
-0.0435952
-0.043473
-0.0437036
-0.043514
-0.0436419
-0.0437342
-0.043667
-0.0435809
-0.0436823
-0.0437764
-0.0437535
-0.0437159
-0.0440313
-0.0439936
-0.0442672
-0.0439789
-0.0440414
-0.0439875
-0.0439661
-0.043743
-0.0439226
-0.0437305
-0.0437589
-0.0438476
-0.0437667
-0.043897
-0.0437449
-0.0439867
-0.0436775
-0.0437559
-0.0439059
-0.043808
-0.0438698
-0.0439809
-0.0437152
-0.0436594
-0.043709
-0.0438116
-0.0437873
-0.0437359
-0.0434753
-0.0435714
-0.0435299
-0.043681
-0.0434932
-0.0434694
-0.0435942
-0.0437838
-0.0436573
-0.0436763
-0.0436876
-0.043753
-0.0437723
-0.043687
-0.0434697
-0.0435566
-0.0436202
-0.0434942
-0.0434555
-0.043549
-0.0436289
-0.0435428
-0.0436506
-0.0434811
-0.0435942
-0.0437135
-0.043612
-0.0437021
-0.0366885
-0.0431876
-0.0444004
-0.0451607
-0.0425473
-0.0434333
-0.0440553
-0.0380053
-0.0343475
-0.0386347
-0.038551
-0.0336838
-0.0383773
-0.039388
-0.0363571
-0.0242535
-0.0394827
-0.0334392
-0.0363884
-0.0271608
-0.0379193
-0.0350898
-0.0384569
-0.0357696
-0.0294814
-0.0303869
-0.0384139
-0.0323171
-0.0399071
-0.0427086
-0.0414267
-0.0423876
-0.0402145
-0.0417008
-0.0402221
-0.0347293
-0.0361664
-0.0271382
-0.0329389
-0.0275779
-0.0353456
-0.0348982
-0.0298244
-0.0259994
-0.0323778
-0.0352242
-0.0264815
-0.029489
-0.0354484
-0.0302063
-0.0213364
-0.03265
-0.0247186
-0.0302366
-0.0217691
-0.0328994
-0.0304883
-0.0367274
-0.0341553
-0.0283847
-0.0282407
-0.0364867
-0.0312957
-0.0317941
-0.0333832
-0.0232095
-0.0279764
-0.0227797
-0.031219
-0.0335799
-0.0426027
-0.0434986
-0.0447493
-0.0453987
-0.0435578
-0.0420297
-0.0445039
-0.0389652
-0.0343177
-0.0411164
-0.0410913
-0.0326176
-0.0383402
-0.0429033
-0.0422124
-0.0451426
-0.0424909
-0.0427745
-0.0408752
-0.0434929
-0.0443204
-0.0436668
-0.04374
-0.0435909
-0.043687
-0.0437786
-0.0437186
-0.0437585
-0.0439207
-0.043689
-0.0437869
-0.0436781
-0.0436687
-0.0437043
-0.0437985
-0.0437397
-0.0439856
-0.0436947
-0.043757
-0.0439043
-0.043804
-0.0438702
-0.0440255
-0.0442606
-0.0439815
-0.0440321
-0.0439624
-0.0439705
-0.0439567
-0.0437624
-0.0439323
-0.0436181
-0.0437186
-0.0438585
-0.0437692
-0.0439005
-0.0436026
-0.0435118
-0.0435621
-0.0435312
-0.0437147
-0.0434987
-0.0436248
-0.044284
-0.0440554
-0.0439846
-0.0440179
-0.0440154
-0.0439717
-0.0438988
-0.0435696
-0.0436683
-0.0435026
-0.0436062
-0.043732
-0.0436285
-0.043718
-0.043787
-0.0436932
-0.0435986
-0.0436574
-0.043768
-0.0437774
-0.0437055
-0.0434622
-0.0436229
-0.0435566
-0.0434514
-0.0434895
-0.0435493
-0.0436302
-0.0431363
-0.0433948
-0.0436813
-0.043652
-0.0432135
-0.0434069
-0.0441742
-0.043692
-0.0442302
-0.0446486
-0.043093
-0.0442543
-0.0444495
-0.0435969
-0.0423194
-0.0439868
-0.0439202
-0.0433367
-0.0431615
-0.0441985
-0.0437255
-0.0435236
-0.043648
-0.0443327
-0.0441362
-0.0436135
-0.0433399
-0.0449752
-0.0443417
-0.043653
-0.0434527
-0.0439443
-0.0437235
-0.0439713
-0.0444668
-0.0439752
-0.0450326
-0.042518
-0.0443
-0.0433021
-0.0429828
-0.0448559
-0.0434206
-0.0429119
-0.0431041
-0.0448197
-0.0429441
-0.044407
-0.0446629
-0.0437546
-0.0438117
-0.0437653
-0.0438228
-0.0437567
-0.0438375
-0.0438098
-0.043701
-0.0437265
-0.0437743
-0.0437624
-0.0437846
-0.043841
-0.0437977
-0.0437276
-0.0437497
-0.0437376
-0.0438618
-0.0437271
-0.0437578
-0.043869
-0.0437309
-0.043739
-0.0437096
-0.043777
-0.0437179
-0.0437357
-0.0437116
-0.0437415
-0.0437463
-0.0436586
-0.0437907
-0.0437611
-0.0437661
-0.0437316
-0.0439247
-0.0437875
-0.0439344
-0.0437982
-0.0438726
-0.0437624
-0.0437014
-0.043721
-0.0436886
-0.043722
-0.0437609
-0.0437743
-0.0437695
-0.0437481
-0.0436707
-0.0437438
-0.0437179
-0.043726
-0.0437145
-0.0437695
-0.0437855
-0.043691
-0.0434044
-0.044036
-0.0438182
-0.0432126
-0.0437573
-0.0438109
-0.0437962
-0.0438154
-0.0436844
-0.0437177
-0.043661
-0.0435991
-0.0438333
-0.0435525
-0.043909
-0.0438326
-0.0436876
-0.0437731
-0.0435822
-0.043793
-0.0437394
-0.0439241
-0.0418345
-0.0437069
-0.0435941
-0.043962
-0.0438847
-0.0423408
-0.0440501
-0.0441038
-0.0435852
-0.0436758
-0.0443141
-0.04579
-0.0465694
-0.0457995
-0.0463696
-0.0455691
-0.0462797
-0.0448995
-0.0447819
-0.0436187
-0.0437674
-0.0441463
-0.0437671
-0.0443165
-0.0440558
-0.0439767
-0.0454767
-0.0448217
-0.0457234
-0.0444874
-0.0440742
-0.0441912
-0.0443138
-0.0433262
-0.0428947
-0.0429464
-0.0433958
-0.0432272
-0.0432697
-0.0433652
-0.0432264
-0.043238
-0.0426796
-0.0436678
-0.0435059
-0.0435876
-0.0434043
-0.0435425
-0.0436172
-0.0437752
-0.0435521
-0.043594
-0.0436412
-0.0436955
-0.0430493
-0.0438038
-0.0436359
-0.0436952
-0.043721
-0.0436013
-0.0437466
-0.0435614
-0.0433206
-0.0433933
-0.0436962
-0.0435118
-0.0423202
-0.0430565
-0.0422935
-0.044088
-0.0432859
-0.0439886
-0.0432546
-0.0432568
-0.0434303
-0.0433355
-0.0424162
-0.0428339
-0.0439055
-0.043901
-0.0446961
-0.0440591
-0.0427693
-0.044268
-0.0444955
-0.0443028
-0.0444135
-0.0451163
-0.0451357
-0.0344648
-0.0273777
-0.0290522
-0.0364512
-0.0279125
-0.0345341
-0.0354354
-0.0353845
-0.028882
-0.0278635
-0.0369456
-0.035655
-0.0291638
-0.0353775
-0.0426231
-0.0448877
-0.0448393
-0.0441654
-0.0434801
-0.0432165
-0.0435805
-0.0442688
-0.0428757
-0.0444862
-0.0444009
-0.0444834
-0.0451762
-0.0451384
-0.0425237
-0.0433664
-0.0428591
-0.0439942
-0.0439687
-0.0447446
-0.0440754
-0.0341561
-0.0256085
-0.0303002
-0.0366632
-0.02649
-0.0340346
-0.0374331
-0.0334609
-0.0253361
-0.00965293
-0.0243351
-0.0255875
-0.0333577
-0.0245292
-0.0337748
-0.0316643
-0.0258191
-0.0378017
-0.0337045
-0.0261613
-0.037605
-0.0431797
-0.0437374
-0.042972
-0.0438381
-0.0442738
-0.0436561
-0.0439796
-0.0454502
-0.0448295
-0.0457263
-0.0444875
-0.0440594
-0.0441904
-0.0443115
-0.0436276
-0.0441654
-0.0437709
-0.0443455
-0.0437713
-0.0440661
-0.043983
-0.0432174
-0.0431831
-0.042668
-0.0436084
-0.0434799
-0.0435681
-0.0433883
-0.0428867
-0.0433357
-0.0429502
-0.0432272
-0.0433915
-0.0432765
-0.0433659
-0.0430685
-0.0437971
-0.0436229
-0.0436798
-0.0437101
-0.0435899
-0.0437383
-0.0435468
-0.0437713
-0.0436239
-0.0435874
-0.0435577
-0.0436368
-0.0436966
-0.0376967
-0.0428238
-0.0437639
-0.0433325
-0.0414322
-0.04059
-0.0416505
-0.0413603
-0.0440147
-0.0431146
-0.043073
-0.0426609
-0.0411357
-0.0424142
-0.0438729
-0.0438461
-0.0437857
-0.0440042
-0.0437391
-0.043832
-0.0437771
-0.0438637
-0.0437442
-0.0435609
-0.0437119
-0.0436475
-0.0435805
-0.0435259
-0.043441
-0.0429253
-0.0435781
-0.0430737
-0.0438157
-0.0438271
-0.0436257
-0.043791
-0.0436791
-0.0437077
-0.0454437
-0.0433994
-0.0436839
-0.0435293
-0.0437657
-0.0439041
-0.0438757
-0.04366
-0.0438292
-0.0438314
-0.043744
-0.043828
-0.043749
-0.0437945
-0.0437976
-0.0437558
-0.0438377
-0.0438234
-0.0437243
-0.0437894
-0.0436934
-0.0438268
-0.0437574
-0.0438298
-0.0437861
-0.0437289
-0.0437557
-0.0437307
-0.0438468
-0.0437326
-0.0437601
-0.0438753
-0.043803
-0.0437104
-0.0437536
-0.0437642
-0.0437455
-0.043759
-0.0437896
-0.043733
-0.0437475
-0.0437123
-0.043794
-0.0437182
-0.0437361
-0.0437047
-0.0437287
-0.043687
-0.0437117
-0.043755
-0.0437355
-0.0437621
-0.0437131
-0.0437404
-0.0437923
-0.0436557
-0.0438275
-0.0437513
-0.0437592
-0.0437292
-0.0438117
-0.0437829
-0.0437438
-0.0437824
-0.043798
-0.0438305
-0.043795
-0.0438101
-0.0439466
-0.0439441
-0.0438832
-0.0438041
-0.043772
-0.0437102
-0.0437253
-0.043714
-0.0437037
-0.0437453
-0.0437837
-0.0437691
-0.0437777
-0.0436687
-0.0437386
-0.0437985
-0.0436902
-0.0437267
-0.0437718
-0.0438038
-0.0423076
-0.043432
-0.0444216
-0.0443394
-0.0433512
-0.0433796
-0.0446949
-0.043705
-0.0434938
-0.0436739
-0.0439036
-0.0435058
-0.0438698
-0.043859
-0.0436747
-0.0437196
-0.0438937
-0.0437859
-0.0438209
-0.0437385
-0.0437722
-0.0437867
-0.0436639
-0.0439531
-0.0439661
-0.0436741
-0.0441091
-0.0436617
-0.0438544
-0.0437279
-0.0434706
-0.0433696
-0.0436716
-0.0437816
-0.0435071
-0.0435441
-0.0435982
-0.0436036
-0.0437381
-0.0435366
-0.0435791
-0.0436574
-0.0437039
-0.0434127
-0.0436095
-0.0435963
-0.0436975
-0.0435175
-0.0434991
-0.0437323
-0.0440449
-0.0439258
-0.0437561
-0.0437734
-0.0440975
-0.0436881
-0.0436205
-0.0440995
-0.0436984
-0.043851
-0.0436942
-0.043677
-0.0441684
-0.0434954
-0.0435234
-0.0434592
-0.0435711
-0.0434087
-0.0435584
-0.0435129
-0.0435279
-0.0435281
-0.0433963
-0.0436062
-0.0437348
-0.043419
-0.0435784
-0.0435352
-0.0436031
-0.0436422
-0.0439544
-0.0438255
-0.0436024
-0.0435348
-0.0436582
-0.0436368
-0.0435984
-0.043704
-0.0436216
-0.0437292
-0.0435782
-0.0435996
-0.0436682
-0.0436381
-0.0436304
-0.0436273
-0.0436161
-0.0436653
-0.0436789
-0.0436453
-0.0437746
-0.04369
-0.0437473
-0.0436589
-0.0437213
-0.0435509
-0.043664
-0.0436187
-0.043631
-0.0435842
-0.0436654
-0.0435778
-0.0442354
-0.0446309
-0.0438898
-0.0442658
-0.0443534
-0.0443488
-0.0438665
-0.0436563
-0.0433006
-0.0439825
-0.0434266
-0.0445391
-0.0425575
-0.0438127
-0.0439017
-0.043729
-0.0438429
-0.0438282
-0.04405
-0.0438117
-0.04382
-0.0437249
-0.0439494
-0.0445247
-0.0426847
-0.0440859
-0.0440804
-0.0436359
-0.043627
-0.0437481
-0.0436994
-0.0440122
-0.0437405
-0.0437696
-0.0437181
-0.0436094
-0.0436646
-0.043659
-0.0436793
-0.0436703
-0.043778
-0.0437474
-0.0436807
-0.0437104
-0.0436553
-0.043668
-0.0436864
-0.0437092
-0.043731
-0.0436611
-0.0436545
-0.0436576
-0.0436619
-0.0436538
-0.0436758
-0.0436722
-0.0440407
-0.0443551
-0.0436869
-0.0436802
-0.0432946
-0.0442091
-0.0436472
-0.0433352
-0.042778
-0.0438793
-0.0435268
-0.0434971
-0.0423691
-0.0440588
-0.0438439
-0.0437448
-0.0436687
-0.0439622
-0.0441565
-0.0436677
-0.0437537
-0.0438637
-0.0438127
-0.0437838
-0.0432503
-0.0444033
-0.0437234
-0.0439394
-0.0441473
-0.0436857
-0.0432702
-0.0435466
-0.0447031
-0.0439699
-0.0436965
-0.0436661
-0.0436939
-0.0438754
-0.0436983
-0.0438501
-0.0437455
-0.0437655
-0.043628
-0.0438285
-0.043655
-0.0436265
-0.0438759
-0.0437408
-0.04373
-0.0436511
-0.0435706
-0.043759
-0.043634
-0.0438335
-0.0437157
-0.0436547
-0.0438149
-0.0438777
-0.0450236
-0.0444636
-0.0448782
-0.0440666
-0.0441725
-0.0440307
-0.0441682
-0.0465904
-0.0443122
-0.043884
-0.0463839
-0.0440048
-0.0293028
-0.0344662
-0.0340885
-0.0302578
-0.0337102
-0.0288746
-0.0308268
-0.0263977
-0.033128
-0.0332633
-0.022934
-0.0234304
-0.0323071
-0.0261269
-0.030104
-0.0347925
-0.0351371
-0.0342616
-0.0305302
-0.0347909
-0.0319543
-0.0288439
-0.033572
-0.0342614
-0.0298798
-0.0339838
-0.0288139
-0.0290822
-0.0264131
-0.023149
-0.0304509
-0.0318699
-0.0232201
-0.0261952
-0.0317791
-0.0263626
-0.0318736
-0.0309615
-0.0228802
-0.0226583
-0.0322207
-0.0263527
-0.029147
-0.0338359
-0.0338133
-0.0281353
-0.029089
-0.0336586
-0.0284909
-0.043985
-0.0437362
-0.0436488
-0.0438458
-0.0437123
-0.0437958
-0.043872
-0.0436717
-0.0438815
-0.0437001
-0.0438565
-0.0437034
-0.0437501
-0.0437702
-0.0438271
-0.0436308
-0.0436546
-0.0438745
-0.0436258
-0.0437456
-0.0437362
-0.0436439
-0.0437525
-0.0435646
-0.0438306
-0.0436296
-0.04372
-0.043657
-0.0426496
-0.0434002
-0.043883
-0.0436088
-0.0427728
-0.0429387
-0.0440736
-0.0437395
-0.0436314
-0.0437298
-0.0437345
-0.0437015
-0.0437855
-0.043739
-0.0436191
-0.0436833
-0.0436655
-0.0436741
-0.0436708
-0.0437693
-0.0437497
-0.0437121
-0.0436862
-0.0436626
-0.0436723
-0.0436973
-0.0437211
-0.0437297
-0.0437095
-0.0436602
-0.0436611
-0.0436743
-0.0436728
-0.0436903
-0.0436854
-0.0435838
-0.040862
-0.0440507
-0.0447565
-0.043312
-0.0429441
-0.0438882
-0.0430812
-0.0437919
-0.0450356
-0.0433268
-0.0440793
-0.0432252
-0.0430806
-0.043385
-0.043957
-0.0452377
-0.0435108
-0.0443098
-0.0435576
-0.0433502
-0.0435169
-0.0435487
-0.0437425
-0.0436485
-0.0435921
-0.0437016
-0.0436892
-0.0437104
-0.043653
-0.0436326
-0.0435772
-0.0437134
-0.0435622
-0.0433457
-0.0437761
-0.04348
-0.0435063
-0.0441739
-0.0436304
-0.0441399
-0.0438375
-0.0433703
-0.043622
-0.0438555
-0.0433988
-0.0432914
-0.0436628
-0.0435129
-0.0432507
-0.0433845
-0.0438717
-0.0441105
-0.0433751
-0.0432171
-0.0438102
-0.0434874
-0.0436069
-0.0435478
-0.0435886
-0.0435649
-0.0435858
-0.0434853
-0.0435269
-0.0435553
-0.0435976
-0.0436308
-0.0435052
-0.0436025
-0.0436123
-0.0435529
-0.0436385
-0.0435855
-0.0436053
-0.0435074
-0.0436219
-0.0436315
-0.0435187
-0.0436271
-0.0435917
-0.0436599
-0.0435392
-0.0436076
-0.0435444
-0.0435768
-0.04363
-0.0435715
-0.0436413
-0.04361
-0.0436338
-0.0435906
-0.0435664
-0.0435857
-0.0436273
-0.0435836
-0.0435669
-0.0435828
-0.0436242
-0.0435609
-0.0436079
-0.0435851
-0.0436162
-0.0435623
-0.0435865
-0.0436133
-0.0435776
-0.0436393
-0.0435879
-0.0435741
-0.043582
-0.0436329
-0.0435789
-0.0437621
-0.0439216
-0.0437426
-0.0436301
-0.0437853
-0.0437448
-0.0436646
-0.0436132
-0.0436909
-0.043743
-0.0438112
-0.0437047
-0.0436945
-0.0437382
-0.0441282
-0.0435097
-0.0438674
-0.0436071
-0.0443858
-0.0438084
-0.0435854
-0.0438337
-0.0436647
-0.0434269
-0.0433524
-0.0433614
-0.0437609
-0.0436492
-0.0436276
-0.0436442
-0.0436646
-0.043638
-0.0436718
-0.0437359
-0.0437169
-0.0436575
-0.0436666
-0.0436264
-0.0436746
-0.0436581
-0.0436795
-0.0436759
-0.0436665
-0.0436527
-0.043724
-0.0437282
-0.0437122
-0.0437392
-0.0437062
-0.0441141
-0.0437854
-0.0437575
-0.0436107
-0.0437949
-0.0435953
-0.043771
-0.0442029
-0.0425805
-0.0435479
-0.0439233
-0.0428792
-0.043556
-0.0451125
-0.0437092
-0.0433517
-0.0436749
-0.0437992
-0.0435887
-0.0434607
-0.0437279
-0.0436915
-0.0438725
-0.0437189
-0.043522
-0.0434873
-0.043696
-0.0438185
-0.043817
-0.0437566
-0.0437085
-0.0437766
-0.0437422
-0.0437126
-0.0435748
-0.0436387
-0.043686
-0.0439892
-0.0430224
-0.0439517
-0.0439538
-0.0433968
-0.0437562
-0.0436957
-0.0438686
-0.0437218
-0.0439458
-0.0437914
-0.0437683
-0.0435424
-0.0436546
-0.043443
-0.0435371
-0.0435956
-0.0435892
-0.0436156
-0.0433754
-0.0435315
-0.0436834
-0.0435351
-0.043573
-0.0436183
-0.0436714
-0.0434573
-0.0441655
-0.0433222
-0.0439083
-0.0441253
-0.0439063
-0.0435514
-0.0432199
-0.0432015
-0.0435916
-0.0416259
-0.0433744
-0.0429815
-0.0436477
-0.0434815
-0.0439135
-0.0435525
-0.0440415
-0.0436083
-0.0437643
-0.0439347
-0.0295951
-0.0379112
-0.0358672
-0.0284768
-0.0365108
-0.0308697
-0.0288186
-0.0335113
-0.034064
-0.0361463
-0.0359189
-0.0334889
-0.0345538
-0.0359956
-0.0314446
-0.03839
-0.0368677
-0.031511
-0.0310968
-0.0368793
-0.0317812
-0.0326583
-0.0354944
-0.035816
-0.0352962
-0.0346297
-0.0358555
-0.0329922
-0.0309553
-0.0377272
-0.0368075
-0.0295937
-0.0383543
-0.0306541
-0.030228
-0.0303765
-0.0293363
-0.0400013
-0.0392744
-0.0294078
-0.0302127
-0.0390372
-0.0308413
-0.0383791
-0.0398853
-0.0304506
-0.0297754
-0.0389988
-0.0309972
-0.0306313
-0.0367623
-0.0385709
-0.0298024
-0.0305794
-0.0383576
-0.0298059
-0.0439469
-0.0437169
-0.0437898
-0.0439843
-0.0437518
-0.0438136
-0.0437823
-0.0437632
-0.0438783
-0.0437122
-0.0439528
-0.0437256
-0.0437957
-0.0437796
-0.0436416
-0.043533
-0.0434273
-0.0435815
-0.0435236
-0.0435812
-0.0436127
-0.0433609
-0.0436848
-0.0435175
-0.0435621
-0.0435219
-0.0436128
-0.04367
-0.0436536
-0.0432081
-0.0424706
-0.0433393
-0.0436576
-0.0432525
-0.0426627
-0.0430949
-0.0432947
-0.042918
-0.0435105
-0.043044
-0.0432723
-0.0428372
-0.0434048
-0.0421972
-0.0433595
-0.0435608
-0.0433898
-0.0421678
-0.0428619
-0.043631
-0.0435072
-0.0436739
-0.0436095
-0.0436376
-0.0433777
-0.0436679
-0.0456703
-0.0444199
-0.0436164
-0.0432885
-0.0442707
-0.0434984
-0.0425317
-0.0436447
-0.0436575
-0.0436795
-0.0437011
-0.0436533
-0.043758
-0.0437386
-0.0436048
-0.0436823
-0.0436565
-0.0436432
-0.0436545
-0.0437473
-0.0437214
-0.0436924
-0.0436617
-0.0436529
-0.0436674
-0.0436566
-0.0436745
-0.0436914
-0.0437348
-0.0437343
-0.043658
-0.0437558
-0.0437086
-0.043715
-0.0436985
-0.0436111
-0.0435907
-0.0436608
-0.043537
-0.0436462
-0.0435192
-0.043538
-0.0435886
-0.0434632
-0.043628
-0.0435376
-0.0434987
-0.0434664
-0.0437791
-0.0436968
-0.0437337
-0.0435737
-0.043459
-0.0435767
-0.043703
-0.0436523
-0.0436227
-0.0435626
-0.0436313
-0.0439682
-0.0437748
-0.0436003
-0.0438595
-0.0437785
-0.0435629
-0.0439292
-0.043366
-0.0438032
-0.0435172
-0.0440433
-0.043152
-0.0456297
-0.0440769
-0.0431877
-0.0434131
-0.0444874
-0.0423049
-0.0432566
-0.0438014
-0.0432954
-0.0440846
-0.0439147
-0.0435645
-0.0442992
-0.0448912
-0.0436757
-0.0434165
-0.0448238
-0.0431696
-0.0457471
-0.0443511
-0.0439881
-0.0437076
-0.043451
-0.0437736
-0.0439343
-0.043714
-0.0438959
-0.0436994
-0.0437418
-0.0437208
-0.0438341
-0.043711
-0.0438339
-0.043752
-0.0438722
-0.0438515
-0.0437523
-0.0438083
-0.0436214
-0.0438154
-0.0437034
-0.0437648
-0.0437477
-0.0438235
-0.0437731
-0.0437993
-0.0438298
-0.0438074
-0.0437115
-0.0437096
-0.0438103
-0.04378
-0.0437827
-0.0437677
-0.0437703
-0.0437062
-0.0436784
-0.0437286
-0.0437035
-0.0437559
-0.0437257
-0.0437068
-0.0437026
-0.0437022
-0.0436819
-0.0437165
-0.0437394
-0.0437478
-0.0437042
-0.0436977
-0.0436939
-0.0437238
-0.0436946
-0.0437305
-0.0437189
-0.0437516
-0.043761
-0.0437415
-0.0436385
-0.0437492
-0.043694
-0.0437943
-0.0437948
-0.0437129
-0.0437236
-0.0437716
-0.0437133
-0.043758
-0.0437734
-0.043767
-0.0438602
-0.0438959
-0.0437861
-0.0436845
-0.0438441
-0.0437658
-0.0436779
-0.0437327
-0.0437285
-0.0437458
-0.0437441
-0.0437439
-0.0437916
-0.043748
-0.0437606
-0.0439304
-0.0442189
-0.0425108
-0.0434763
-0.044229
-0.0437499
-0.0440771
-0.0436238
-0.0433405
-0.0449503
-0.0432702
-0.0458204
-0.044603
-0.0437339
-0.0438876
-0.0436051
-0.0436398
-0.0435986
-0.0441628
-0.043689
-0.0436855
-0.0429088
-0.0433705
-0.0435769
-0.0436303
-0.0436836
-0.0435017
-0.04296
-0.0433482
-0.0428483
-0.0432253
-0.0432872
-0.0433599
-0.043363
-0.0424994
-0.0429223
-0.0431077
-0.0431343
-0.043553
-0.0434709
-0.0432925
-0.0436071
-0.0437215
-0.0432888
-0.0435925
-0.0440774
-0.0438533
-0.0437682
-0.0442282
-0.0445037
-0.0449298
-0.0441695
-0.0436324
-0.0440429
-0.0436437
-0.0426703
-0.0435554
-0.0428519
-0.0435689
-0.0432485
-0.0440432
-0.0436847
-0.0459554
-0.0464761
-0.0457492
-0.0458885
-0.0455115
-0.0447047
-0.0444291
-0.0433701
-0.0429746
-0.043817
-0.0437021
-0.0433415
-0.0428238
-0.0431409
-0.0444271
-0.0443736
-0.0448066
-0.0439437
-0.0437768
-0.0449228
-0.0435731
-0.0428109
-0.0433757
-0.0429357
-0.0441047
-0.0441451
-0.0449551
-0.0440587
-0.0445876
-0.0433789
-0.0444752
-0.0446149
-0.0446008
-0.0454479
-0.0454308
-0.0441153
-0.0445956
-0.0422914
-0.0429404
-0.0437029
-0.0426539
-0.0430216
-0.0427924
-0.0417
-0.0432287
-0.0428358
-0.0433737
-0.0426154
-0.04265
-0.0445901
-0.0444769
-0.0433875
-0.0446218
-0.0446061
-0.0454514
-0.0454315
-0.0428188
-0.0429444
-0.0433809
-0.044112
-0.0441499
-0.0449586
-0.0440629
-0.0427999
-0.0432488
-0.0417003
-0.0428341
-0.0433757
-0.0426214
-0.0426686
-0.0440858
-0.042271
-0.0445529
-0.0429314
-0.0436783
-0.0426478
-0.0429992
-0.0437181
-0.0436452
-0.0435772
-0.0434995
-0.0435694
-0.0435935
-0.0436874
-0.0425045
-0.0431117
-0.0429286
-0.0431418
-0.0435582
-0.0434734
-0.0432956
-0.0429697
-0.0428565
-0.0433556
-0.0433674
-0.0432975
-0.0432324
-0.0433721
-0.0436323
-0.043603
-0.0435671
-0.0435658
-0.043658
-0.0435964
-0.0436245
-0.0442378
-0.0444951
-0.0449332
-0.0441706
-0.043622
-0.0440432
-0.0436351
-0.0437278
-0.0436049
-0.0432606
-0.0440896
-0.0435777
-0.0438519
-0.0437683
-0.0459503
-0.0457183
-0.0465243
-0.0458981
-0.0455059
-0.0447102
-0.0444113
-0.0437788
-0.0439412
-0.0438226
-0.043728
-0.0441656
-0.043937
-0.0438656
-0.0426127
-0.0428288
-0.0435955
-0.043277
-0.0435892
-0.044091
-0.0437052
-0.0440366
-0.0428242
-0.0427155
-0.0404024
-0.0447359
-0.0420054
-0.0423363
-0.0450536
-0.0438088
-0.0442692
-0.0456771
-0.0454979
-0.0435644
-0.0453037
-0.0432564
-0.0384521
-0.0392968
-0.0404614
-0.0410274
-0.0407329
-0.0425235
-0.043733
-0.0436929
-0.0436866
-0.0437824
-0.0436756
-0.0437872
-0.0437587
-0.0437199
-0.0437346
-0.0436981
-0.0438336
-0.043715
-0.0438469
-0.0437539
-0.0439025
-0.0437778
-0.043874
-0.0438396
-0.0436524
-0.0438242
-0.0437223
-0.0437318
-0.0438369
-0.0437573
-0.0437678
-0.0438202
-0.0438178
-0.0437918
-0.0437084
-0.0438227
-0.0437494
-0.0437481
-0.0438026
-0.0437461
-0.0437626
-0.0437002
-0.0437463
-0.0436603
-0.0436938
-0.0437605
-0.0437122
-0.0436995
-0.0437018
-0.0436786
-0.0437367
-0.0437262
-0.0437508
-0.0437458
-0.0437032
-0.0436966
-0.0437133
-0.0436789
-0.0437091
-0.0437144
-0.0437163
-0.0437383
-0.0437142
-0.0437075
-0.043686
-0.0437367
-0.0437813
-0.0437759
-0.0437507
-0.0437602
-0.0437269
-0.0436469
-0.0437167
-0.0437422
-0.0437572
-0.0437813
-0.0437452
-0.0437805
-0.0437055
-0.0437133
-0.0437214
-0.043778
-0.0437722
-0.0438311
-0.0437333
-0.043873
-0.0438014
-0.0436651
-0.0437314
-0.0436493
-0.0435867
-0.0438542
-0.0453154
-0.0438682
-0.0436551
-0.0435292
-0.0419133
-0.0438413
-0.0437183
-0.0447293
-0.0438901
-0.0437953
-0.0436811
-0.04245
-0.0437573
-0.0436339
-0.0439056
-0.0435932
-0.0437314
-0.0436558
-0.0435568
-0.04383
-0.0472511
-0.0445212
-0.0433914
-0.0436468
-0.0423493
-0.044296
-0.043922
-0.0478772
-0.0434976
-0.043515
-0.0437178
-0.0436521
-0.0440106
-0.0435701
-0.043512
-0.0435747
-0.0435342
-0.0436087
-0.043662
-0.0437388
-0.0433368
-0.0435517
-0.0435441
-0.0435237
-0.0434782
-0.0435435
-0.043568
-0.0437358
-0.0436623
-0.0436351
-0.0435004
-0.0437387
-0.0436161
-0.043686
-0.043748
-0.0442124
-0.0439056
-0.0436059
-0.043753
-0.0438087
-0.0437081
-0.043737
-0.0439671
-0.0436621
-0.0435175
-0.0436527
-0.0437721
-0.0436743
-0.043259
-0.0433758
-0.0444458
-0.0445462
-0.0433109
-0.0432871
-0.0450603
-0.0438793
-0.0439506
-0.043587
-0.0438793
-0.0437572
-0.0440064
-0.0440235
-0.0439513
-0.0438682
-0.0436889
-0.0440738
-0.0435597
-0.0438501
-0.0439143
-0.0431633
-0.0447047
-0.0435497
-0.045114
-0.0434645
-0.0431429
-0.0449252
-0.0437692
-0.0436644
-0.0441146
-0.0437993
-0.0439371
-0.0437791
-0.043805
-0.0436552
-0.0437955
-0.0436377
-0.043703
-0.0437585
-0.0437187
-0.043773
-0.043599
-0.043552
-0.043509
-0.0436028
-0.043725
-0.043679
-0.0436319
-0.0440451
-0.0441157
-0.0443528
-0.0440653
-0.0440717
-0.0440155
-0.0439384
-0.0435018
-0.0434427
-0.0435452
-0.0434543
-0.0436998
-0.043501
-0.0435945
-0.0439917
-0.0437416
-0.0439049
-0.0436709
-0.0438081
-0.0437861
-0.0436941
-0.0438459
-0.0442234
-0.0439621
-0.0440293
-0.0438645
-0.0439148
-0.0438342
-0.0439734
-0.0438507
-0.0439849
-0.0437405
-0.0438432
-0.043811
-0.0437805
-0.0437032
-0.0436311
-0.0438325
-0.0436453
-0.0436369
-0.0436966
-0.0437509
-0.0437493
-0.0436943
-0.0435662
-0.0437046
-0.0437903
-0.0437711
-0.0437545
-0.0437228
-0.0435954
-0.0436631
-0.0438214
-0.0435487
-0.0435901
-0.0437452
-0.0443508
-0.0439161
-0.044195
-0.0438634
-0.0437718
-0.0449185
-0.0435415
-0.0448083
-0.0447259
-0.0433722
-0.0440844
-0.0438348
-0.044063
-0.0441691
-0.0432253
-0.0432334
-0.0439208
-0.0437338
-0.0436401
-0.0434833
-0.0431679
-0.0427951
-0.043176
-0.0442651
-0.0442424
-0.0428473
-0.0428996
-0.0442874
-0.0432657
-0.0430951
-0.0432323
-0.0435824
-0.0431462
-0.0433502
-0.0436526
-0.0434175
-0.0426294
-0.0430861
-0.0419603
-0.0431327
-0.0437033
-0.0432208
-0.0429622
-0.044199
-0.0425618
-0.0432305
-0.0424487
-0.0426336
-0.043887
-0.0297325
-0.0385158
-0.0299121
-0.0364242
-0.0320907
-0.0361689
-0.029537
-0.0269964
-0.0365548
-0.0292767
-0.033515
-0.0279666
-0.0336898
-0.0281907
-0.019422
-0.0280309
-0.0127622
-0.0263254
-0.0192389
-0.0279326
-0.0130906
-0.0208113
-0.0130267
-0.0309336
-0.0275398
-0.0301833
-0.0218256
-0.0142948
-0.0443948
-0.0432967
-0.0434232
-0.043485
-0.0429631
-0.0428594
-0.0435376
-0.0435619
-0.0434624
-0.0434111
-0.0434397
-0.0434198
-0.0434922
-0.0435649
-0.0436813
-0.0437958
-0.0435502
-0.0436719
-0.0437699
-0.0437268
-0.0437675
-0.0435058
-0.0435487
-0.0434491
-0.0437026
-0.0434594
-0.0435053
-0.043598
-0.0437426
-0.043981
-0.0439032
-0.0436652
-0.0438066
-0.0436911
-0.0437837
-0.0440408
-0.0443418
-0.0441102
-0.0440586
-0.0440526
-0.0439938
-0.0439232
-0.0439647
-0.0438455
-0.0439659
-0.0437347
-0.0438438
-0.0438152
-0.0437785
-0.0438881
-0.0437678
-0.0436644
-0.0437406
-0.0438206
-0.0438455
-0.043776
-0.0442385
-0.0438836
-0.0440068
-0.0440399
-0.0439013
-0.0439253
-0.0438547
-0.0436932
-0.0437505
-0.0435625
-0.0437049
-0.043794
-0.0437554
-0.0437763
-0.0437229
-0.0436611
-0.0435927
-0.043826
-0.0435614
-0.0435929
-0.0437458
-0.0437211
-0.0438394
-0.0436409
-0.0436483
-0.0436367
-0.0436957
-0.0437571
-0.0435107
-0.0436644
-0.0439624
-0.0434525
-0.0434756
-0.0437447
-0.043513
-0.0440262
-0.0425805
-0.0440825
-0.0433361
-0.0438638
-0.0432992
-0.041867
-0.0436978
-0.043532
-0.0433515
-0.0435381
-0.0436216
-0.0432868
-0.0434342
-0.0444416
-0.0436129
-0.0433531
-0.0440739
-0.0434297
-0.0442453
-0.04432
-0.0435908
-0.0437328
-0.0436034
-0.04359
-0.0435807
-0.0436929
-0.0435821
-0.0437986
-0.043645
-0.043701
-0.043507
-0.0435447
-0.0438129
-0.043502
-0.0436712
-0.0443548
-0.0437197
-0.0437878
-0.0436284
-0.0446885
-0.0436759
-0.0432596
-0.0437508
-0.0440155
-0.0438631
-0.0435803
-0.0438002
-0.0437102
-0.0439012
-0.0448887
-0.0436175
-0.0437861
-0.0450235
-0.0439521
-0.043413
-0.0437167
-0.04427
-0.0437633
-0.0439569
-0.0436634
-0.0449019
-0.0439214
-0.0437556
-0.0437008
-0.0437722
-0.0436523
-0.0437294
-0.0430202
-0.0435199
-0.0428608
-0.0437546
-0.0437888
-0.0446639
-0.0447103
-0.043803
-0.0400218
-0.0434725
-0.0427853
-0.0428954
-0.0433679
-0.0436413
-0.0440219
-0.0437413
-0.0437531
-0.0434487
-0.0439567
-0.0436573
-0.0441589
-0.0439557
-0.0439394
-0.0455783
-0.0463191
-0.0460593
-0.0452999
-0.04582
-0.0447083
-0.0445991
-0.0445716
-0.0448717
-0.0450453
-0.0444101
-0.0440128
-0.0442631
-0.044102
-0.0437329
-0.0435727
-0.0438956
-0.0436647
-0.0437789
-0.0437453
-0.043863
-0.0436554
-0.0436376
-0.0438414
-0.0436757
-0.0438015
-0.0437256
-0.0437266
-0.0437076
-0.0437934
-0.0439088
-0.0437588
-0.0439773
-0.04381
-0.0437571
-0.0438026
-0.0438077
-0.0439787
-0.0437416
-0.044013
-0.0438442
-0.043901
-0.0437804
-0.0437865
-0.0439663
-0.0437492
-0.0438207
-0.0438373
-0.0438771
-0.043539
-0.0431718
-0.0431123
-0.0434885
-0.0434675
-0.0436203
-0.0436063
-0.0440345
-0.0433653
-0.0439046
-0.0439057
-0.0438276
-0.0439314
-0.0437714
-0.0435339
-0.0434803
-0.043037
-0.0439322
-0.0437782
-0.0438454
-0.0436973
-0.0423579
-0.0437768
-0.0438409
-0.0436855
-0.0438033
-0.0435194
-0.0432286
-0.0446797
-0.0445759
-0.0427639
-0.044006
-0.0434781
-0.0432697
-0.0435114
-0.0438967
-0.0421795
-0.0433173
-0.0438891
-0.0432949
-0.0433161
-0.0434478
-0.0435775
-0.0430506
-0.0425843
-0.0441266
-0.0439678
-0.044935
-0.0443109
-0.0444842
-0.0428824
-0.0444331
-0.0445172
-0.0444059
-0.045331
-0.045372
-0.033578
-0.0257643
-0.0116187
-0.0261795
-0.0254556
-0.0328042
-0.023406
-0.0393175
-0.0404151
-0.0367651
-0.035877
-0.0399546
-0.038112
-0.0347387
-0.0365604
-0.0391924
-0.0356201
-0.0391621
-0.0389368
-0.0391459
-0.0343755
-0.0373579
-0.0330098
-0.0364523
-0.0393386
-0.0389411
-0.0336082
-0.0385523
-0.0360291
-0.0321874
-0.038454
-0.0371405
-0.0384024
-0.0350121
-0.0315629
-0.00876582
-0.0217665
-0.0285971
-0.0219185
-0.022036
-0.00836894
-0.0221069
-0.00992372
-0.0239561
-0.0293846
-0.0183129
-0.0221286
-0.0230322
-0.0102077
-0.0438991
-0.0433205
-0.0421908
-0.0438879
-0.043302
-0.0433194
-0.0434521
-0.0446745
-0.0427947
-0.0445944
-0.0440124
-0.043491
-0.0432749
-0.0435169
-0.0444864
-0.044461
-0.0429389
-0.0445388
-0.0444513
-0.0453445
-0.0453913
-0.0435715
-0.0426283
-0.0430591
-0.0441499
-0.0440137
-0.0449579
-0.0443146
-0.045546
-0.0460709
-0.0462426
-0.0453096
-0.0457837
-0.0446713
-0.0445928
-0.0448639
-0.0445443
-0.04502
-0.0443946
-0.0440097
-0.0440919
-0.0442523
-0.0434907
-0.042884
-0.042786
-0.044012
-0.0436566
-0.0433577
-0.0437401
-0.043748
-0.0439273
-0.0434397
-0.0436556
-0.0441231
-0.0439423
-0.043928
-0.0437268
-0.0438753
-0.0435659
-0.043659
-0.0437633
-0.0437373
-0.0438529
-0.043657
-0.0438343
-0.0436315
-0.0436707
-0.0437888
-0.043719
-0.0437253
-0.0437106
-0.0439103
-0.0437985
-0.0437659
-0.043983
-0.0438181
-0.0437603
-0.0438098
-0.0439881
-0.0438171
-0.0437503
-0.0440212
-0.0438545
-0.0439113
-0.0433605
-0.0440429
-0.0439047
-0.0439065
-0.0438363
-0.043769
-0.0439435
-0.043527
-0.043028
-0.0434731
-0.04393
-0.0437757
-0.0438473
-0.0436934
-0.0437973
-0.04398
-0.0437843
-0.0437447
-0.0438231
-0.0438401
-0.0438904
-0.0435329
-0.0431144
-0.0431749
-0.0434613
-0.0434793
-0.043622
-0.0436043
-0.0399362
-0.0412749
-0.0396885
-0.0335371
-0.042297
-0.0386711
-0.0333891
-0.0426432
-0.0440276
-0.0439505
-0.0436924
-0.0437739
-0.043321
-0.0431401
-0.0396027
-0.0405379
-0.0339438
-0.0391505
-0.0390283
-0.041438
-0.0332042
-0.0410019
-0.0349585
-0.0399334
-0.0429749
-0.0427313
-0.0353272
-0.0403021
-0.0405916
-0.0351722
-0.0430342
-0.0391924
-0.0420067
-0.0407214
-0.0348859
-0.0438183
-0.0433149
-0.0433454
-0.0436258
-0.0430937
-0.0437902
-0.0437624
-0.0438798
-0.0435556
-0.0434284
-0.0433578
-0.0432055
-0.0436639
-0.0432059
-0.0438934
-0.0435289
-0.0432512
-0.0438049
-0.0433163
-0.0432286
-0.042532
-0.0457668
-0.04422
-0.0438452
-0.0439794
-0.0439619
-0.0441208
-0.0436504
-0.0432106
-0.0427067
-0.043467
-0.0487778
-0.0434283
-0.0437109
-0.0440681
-0.0435842
-0.0436038
-0.0435807
-0.0433535
-0.0437331
-0.0436779
-0.043488
-0.0435157
-0.0436018
-0.0436726
-0.0441594
-0.0436027
-0.0435665
-0.0436205
-0.0434341
-0.0430506
-0.0436055
-0.0435507
-0.0436832
-0.0432272
-0.0435475
-0.0434326
-0.0436957
-0.0436098
-0.0438702
-0.0435779
-0.0435047
-0.0429648
-0.0448355
-0.0442223
-0.0429067
-0.0429309
-0.0445865
-0.0444174
-0.0429095
-0.0433697
-0.0437974
-0.0434874
-0.0431447
-0.0434843
-0.0437644
-0.0437135
-0.0433175
-0.0438862
-0.0435966
-0.0430812
-0.0434211
-0.0437919
-0.0436982
-0.0452712
-0.0391007
-0.0428668
-0.0450525
-0.0448006
-0.0421716
-0.0456052
-0.0452524
-0.0403442
-0.0429994
-0.0440792
-0.0444411
-0.0421686
-0.0460518
-0.0441243
-0.0440732
-0.0442516
-0.0450263
-0.0437058
-0.0435808
-0.0434581
-0.0435332
-0.0445423
-0.0438415
-0.0445812
-0.0437606
-0.0445327
-0.0438574
-0.0437925
-0.0441471
-0.0451484
-0.0439999
-0.0441901
-0.0448364
-0.0432189
-0.0440126
-0.0445121
-0.0444968
-0.0438981
-0.0441294
-0.0445653
-0.0435024
-0.0437374
-0.0435216
-0.0417915
-0.04395
-0.0436918
-0.0435764
-0.0443855
-0.0440847
-0.0442981
-0.0443559
-0.0438144
-0.043829
-0.0446145
-0.0444457
-0.0429961
-0.0436011
-0.0439134
-0.0460381
-0.0437524
-0.0441328
-0.0440574
-0.0435514
-0.0436612
-0.044041
-0.0441087
-0.0436875
-0.0437083
-0.0439905
-0.0346471
-0.0359283
-0.0317697
-0.027002
-0.0348968
-0.0352546
-0.0270007
-0.0371435
-0.0339043
-0.0375867
-0.0298273
-0.0364526
-0.0372732
-0.0302102
-0.0297899
-0.0334839
-0.0330897
-0.0353685
-0.034074
-0.0334113
-0.028493
-0.0327254
-0.0337855
-0.0293145
-0.0264657
-0.0341717
-0.0325445
-0.0261188
-0.0285149
-0.0268809
-0.0197223
-0.0123785
-0.0285719
-0.0270343
-0.0200022
-0.0313674
-0.0279147
-0.0329685
-0.025576
-0.031549
-0.0328178
-0.0256596
-0.0233067
-0.0327424
-0.0243682
-0.00811844
-0.0326392
-0.0231784
-0.0085599
-0.0259138
-0.0346391
-0.032175
-0.0348474
-0.0319927
-0.0344063
-0.026462
-0.0233445
-0.0115697
-0.0256249
-0.0321585
-0.0322613
-0.00937581
-0.0233878
-0.0438355
-0.044658
-0.0458632
-0.0429543
-0.0463309
-0.0426161
-0.0439937
-0.0445433
-0.0454289
-0.0462144
-0.0458866
-0.0465175
-0.0455586
-0.0447726
-0.0422028
-0.0411636
-0.0372371
-0.0401957
-0.0400569
-0.0429629
-0.0373487
-0.0416957
-0.039249
-0.0380364
-0.0340275
-0.0389077
-0.0425561
-0.0352074
-0.0432081
-0.043918
-0.0443175
-0.0400279
-0.0433887
-0.044726
-0.0390115
-0.0437641
-0.0435143
-0.0438699
-0.0431744
-0.0436268
-0.0432475
-0.0433259
-0.0434641
-0.043757
-0.0436831
-0.0433554
-0.0437004
-0.0434793
-0.0436627
-0.0440343
-0.0434536
-0.0431227
-0.0423521
-0.0435243
-0.043895
-0.0421699
-0.0435967
-0.0453826
-0.0438082
-0.0436018
-0.0437042
-0.0453224
-0.0421826
-0.0427965
-0.0433731
-0.0440086
-0.0436919
-0.0442635
-0.0430176
-0.0431059
-0.0440945
-0.0435526
-0.0424057
-0.0432837
-0.04225
-0.0439002
-0.0435596
-0.0435498
-0.0436441
-0.043426
-0.0436347
-0.0437448
-0.0435156
-0.0436804
-0.0437563
-0.0454761
-0.0438204
-0.0438599
-0.0422895
-0.0454747
-0.0437614
-0.0438568
-0.0433925
-0.0425112
-0.0434089
-0.0438198
-0.0428087
-0.0434336
-0.0434004
-0.0435155
-0.0432664
-0.0438068
-0.0431649
-0.0433603
-0.0435863
-0.0436622
-0.042349
-0.0435427
-0.0437834
-0.0423394
-0.0430951
-0.0436128
-0.043797
-0.0435101
-0.043258
-0.043891
-0.0433593
-0.0434136
-0.0436164
-0.0433236
-0.0432663
-0.0434089
-0.0431486
-0.0432737
-0.0428061
-0.0421655
-0.0426301
-0.0433465
-0.0456947
-0.0435202
-0.0434004
-0.0438538
-0.0436542
-0.0438962
-0.0435782
-0.0441738
-0.0437369
-0.0437489
-0.0439475
-0.0435734
-0.0431466
-0.0433133
-0.0435683
-0.043413
-0.0434978
-0.0432381
-0.0432834
-0.037879
-0.0427656
-0.0436694
-0.0432058
-0.0413485
-0.0404857
-0.0414591
-0.0402024
-0.039914
-0.0405426
-0.0416158
-0.0419253
-0.0403715
-0.0378349
-0.0417116
-0.0437703
-0.0428912
-0.0427019
-0.0424224
-0.0408621
-0.0420583
-0.0416641
-0.040732
-0.0397951
-0.0368556
-0.0369352
-0.0424953
-0.0395843
-0.0427778
-0.0435057
-0.0397049
-0.0440113
-0.0386198
-0.0441429
-0.0430177
-0.041065
-0.0387024
-0.0336857
-0.0376958
-0.0347879
-0.0417587
-0.0384148
-0.0436787
-0.0427588
-0.0434008
-0.0430563
-0.0436776
-0.0436019
-0.0423943
-0.0438262
-0.045111
-0.0439124
-0.044578
-0.0448676
-0.0442412
-0.0441335
-0.0434302
-0.0434456
-0.0437485
-0.0438825
-0.043628
-0.0431499
-0.0438511
-0.0440613
-0.0442168
-0.0465423
-0.0444167
-0.0463705
-0.0439173
-0.0440769
-0.0440965
-0.0444421
-0.0439209
-0.0445193
-0.0435025
-0.0441311
-0.044622
-0.0437298
-0.0434483
-0.0417659
-0.0438686
-0.0435639
-0.0442783
-0.0435963
-0.043629
-0.0436346
-0.0435799
-0.0438329
-0.0437794
-0.0435047
-0.043788
-0.0441968
-0.04431
-0.0438101
-0.0445063
-0.0444332
-0.0447235
-0.0440051
-0.04379
-0.0436044
-0.0444878
-0.0442628
-0.0444062
-0.0438882
-0.0442465
-0.0434037
-0.043342
-0.0418355
-0.0437161
-0.0438491
-0.0432685
-0.0434892
-0.0433473
-0.0435181
-0.0433986
-0.0435877
-0.0435902
-0.0434157
-0.0433191
-0.0437851
-0.0442199
-0.0437714
-0.0443645
-0.0440279
-0.0438825
-0.0442723
-0.0437124
-0.0439173
-0.0446052
-0.0444901
-0.0439271
-0.0439784
-0.0445324
-0.0433396
-0.0434515
-0.0434576
-0.0436064
-0.0435636
-0.0433643
-0.0433844
-0.0438296
-0.0441408
-0.043907
-0.0453531
-0.0432429
-0.0448417
-0.0441924
-0.0437307
-0.0434614
-0.0442706
-0.0441735
-0.04383
-0.0432415
-0.0436487
-0.0445988
-0.0441177
-0.044764
-0.0449811
-0.0442983
-0.0443059
-0.0450415
-0.0444825
-0.0449459
-0.0444013
-0.0449339
-0.0442067
-0.0439589
-0.0452925
-0.0445775
-0.0445306
-0.0445965
-0.0454281
-0.0441353
-0.0439787
-0.044054
-0.0447178
-0.0434846
-0.0432577
-0.0410964
-0.045381
-0.0429295
-0.042713
-0.0456516
-0.044166
-0.0447309
-0.0460767
-0.0461222
-0.0439863
-0.0456853
-0.0438939
-0.0388061
-0.0399243
-0.0405326
-0.0412789
-0.0431209
-0.0415442
-0.0462783
-0.0459667
-0.0459152
-0.0464637
-0.0464216
-0.0464159
-0.0461076
-0.0439762
-0.0448631
-0.0432104
-0.0460177
-0.0462354
-0.0443704
-0.0427819
-0.0445326
-0.0449135
-0.0435801
-0.0470331
-0.0464537
-0.0463952
-0.0426499
-0.0453125
-0.045813
-0.0462936
-0.0465366
-0.0467349
-0.0452878
-0.0464168
-0.0297884
-0.0372693
-0.0325704
-0.0346414
-0.0284975
-0.0322365
-0.0353569
-0.0262861
-0.037901
-0.0323897
-0.0337939
-0.0265985
-0.0325444
-0.0337629
-0.0239557
-0.0330044
-0.00805578
-0.0239824
-0.00855759
-0.0237724
-0.0329775
-0.0240651
-0.0116309
-0.0323155
-0.0253978
-0.0240726
-0.00947961
-0.0324238
-0.0346161
-0.0288979
-0.0272323
-0.0363673
-0.0278466
-0.0353672
-0.0345513
-0.0382134
-0.0376244
-0.0348652
-0.0387038
-0.0377074
-0.0351321
-0.0398233
-0.035342
-0.0287062
-0.027728
-0.0367941
-0.0290738
-0.0354944
-0.0352229
-0.0342013
-0.0255923
-0.0303336
-0.0366783
-0.0264584
-0.0341341
-0.0374839
-0.0330387
-0.0261026
-0.0102691
-0.0245062
-0.0262368
-0.0246512
-0.0329392
-0.0392574
-0.0375549
-0.0341133
-0.038804
-0.038951
-0.0340138
-0.0395806
-0.0338628
-0.0316788
-0.0258296
-0.0378092
-0.0261678
-0.0376619
-0.0337894
-0.0294902
-0.0283714
-0.0357758
-0.0378285
-0.0287503
-0.0308018
-0.0364148
-0.0333524
-0.0338656
-0.0356444
-0.0359638
-0.0333827
-0.0342965
-0.035813
-0.0325181
-0.0353279
-0.0350164
-0.0355456
-0.0328402
-0.0343827
-0.0356828
-0.0313007
-0.0383047
-0.0314167
-0.0367559
-0.0309637
-0.0316842
-0.0367676
-0.025504
-0.0268183
-0.0345532
-0.0358668
-0.0247166
-0.0290698
-0.0340998
-0.0233943
-0.0239426
-0.0341586
-0.0335291
-0.0234917
-0.0238423
-0.0336252
-0.0233521
-0.034935
-0.0243852
-0.0343802
-0.0247154
-0.0236537
-0.0341879
-0.0256149
-0.0357997
-0.0295385
-0.0336447
-0.0256497
-0.0293253
-0.0336473
-0.0309278
-0.0294819
-0.0376295
-0.0366932
-0.030563
-0.0301705
-0.0382522
-0.0304718
-0.0294086
-0.0400061
-0.0391406
-0.0389325
-0.0294243
-0.0303748
-0.0308417
-0.0382895
-0.0303859
-0.0398523
-0.0308979
-0.0389004
-0.0297613
-0.0306157
-0.0366479
-0.0297279
-0.0384506
-0.0297013
-0.0382488
-0.0305973
-0.0292989
-0.0302831
-0.034091
-0.0345208
-0.0307741
-0.0289359
-0.0337418
-0.0299724
-0.0347417
-0.0340355
-0.0349859
-0.0317988
-0.0303066
-0.0347422
-0.0263636
-0.033132
-0.0230138
-0.0332645
-0.0234094
-0.0261864
-0.0323545
-0.0301067
-0.0302862
-0.0355162
-0.0358133
-0.0302371
-0.0294908
-0.0364144
-0.0302966
-0.0297431
-0.0390666
-0.0384461
-0.0302991
-0.0297594
-0.0380661
-0.0304944
-0.0367945
-0.0303422
-0.0387886
-0.0304572
-0.0300792
-0.0377864
-0.0299306
-0.0355698
-0.0287875
-0.0368692
-0.0299244
-0.0289774
-0.0365243
-0.0291167
-0.0300128
-0.0337731
-0.034469
-0.0289869
-0.0293244
-0.0342405
-0.026813
-0.0236097
-0.0308486
-0.0323037
-0.0321693
-0.0236205
-0.0266478
-0.0266657
-0.0320791
-0.0230849
-0.031241
-0.0265492
-0.0324908
-0.0229649
-0.0295272
-0.034168
-0.0285254
-0.0342445
-0.0288364
-0.034046
-0.0295171
-0.0344152
-0.0313392
-0.0264935
-0.0358715
-0.0262309
-0.0347257
-0.0351231
-0.0367998
-0.0386925
-0.0351321
-0.041213
-0.0413163
-0.035387
-0.0359596
-0.0371746
-0.0337224
-0.029924
-0.0375193
-0.0366802
-0.0298961
-0.0373325
-0.0331246
-0.0262704
-0.0293233
-0.0340364
-0.0260454
-0.0330068
-0.0344772
-0.0294397
-0.0263035
-0.0126488
-0.0200254
-0.0203368
-0.0266851
-0.029115
-0.0337206
-0.0383053
-0.0334032
-0.0401579
-0.0402868
-0.0347278
-0.0326634
-0.0320593
-0.028075
-0.0256779
-0.0333767
-0.0257893
-0.033336
-0.0320847
-0.0303068
-0.0362972
-0.0330393
-0.0367602
-0.0363127
-0.0337525
-0.0304906
-0.0278189
-0.0353986
-0.0312396
-0.0337338
-0.0302768
-0.028974
-0.0340858
-0.0198496
-0.0283225
-0.0131332
-0.0265284
-0.0134423
-0.0197106
-0.0281204
-0.0212911
-0.0134081
-0.031119
-0.0278196
-0.022281
-0.0146689
-0.0304062
-0.0239529
-0.0330045
-0.00805653
-0.0239792
-0.0237724
-0.00855555
-0.0329747
-0.0262827
-0.0378977
-0.032386
-0.033791
-0.0265972
-0.0325407
-0.033759
-0.0240619
-0.0116305
-0.0253947
-0.0323146
-0.00947861
-0.024074
-0.0324195
-0.0298046
-0.0372766
-0.032572
-0.0346406
-0.0285017
-0.0322499
-0.0353697
-0.0341975
-0.0303319
-0.0255881
-0.0366706
-0.026453
-0.0374839
-0.0341277
-0.0330402
-0.0261061
-0.0245093
-0.0102704
-0.0246519
-0.0329422
-0.0262395
-0.0392507
-0.037551
-0.0341062
-0.0387955
-0.038945
-0.0340098
-0.0395724
-0.0338671
-0.0316858
-0.0258333
-0.037813
-0.0261724
-0.0337922
-0.03767
-0.0346253
-0.0272355
-0.0289091
-0.0363621
-0.0278642
-0.0345489
-0.0353715
-0.0382162
-0.0376283
-0.0348616
-0.038696
-0.0377084
-0.0351396
-0.0398173
-0.0353612
-0.0287304
-0.0277629
-0.0368238
-0.0291016
-0.0352368
-0.0355291
-0.0309368
-0.0295055
-0.0367056
-0.0376254
-0.030191
-0.0305741
-0.0382481
-0.0304937
-0.0294137
-0.0391365
-0.0399892
-0.0294596
-0.0303807
-0.0389271
-0.0306241
-0.036656
-0.029729
-0.0384475
-0.0297081
-0.0305986
-0.0382462
-0.0308726
-0.0382952
-0.0304131
-0.0398529
-0.0298025
-0.0309219
-0.0389007
-0.0297958
-0.026898
-0.0360312
-0.0360399
-0.0270228
-0.0294131
-0.0355308
-0.0289044
-0.0358998
-0.0271144
-0.0331896
-0.0270185
-0.0290161
-0.0346986
-0.0339779
-0.0352434
-0.0358127
-0.0343737
-0.0372165
-0.0338942
-0.0342987
-0.0295237
-0.0284022
-0.0378418
-0.0358019
-0.0308281
-0.0287913
-0.0364411
-0.033378
-0.0338709
-0.0359784
-0.0356476
-0.0358303
-0.0334121
-0.0343061
-0.0313323
-0.0383247
-0.0314462
-0.036784
-0.0317168
-0.0367947
-0.0309962
-0.0325458
-0.0353492
-0.0350379
-0.0355546
-0.0328713
-0.0357024
-0.0343985
-0.0291374
-0.0300368
-0.0344759
-0.0337892
-0.0293473
-0.0290062
-0.0342505
-0.0268251
-0.0236168
-0.0323032
-0.0308534
-0.0236331
-0.0266531
-0.0321723
-0.0295368
-0.034165
-0.0285278
-0.0342403
-0.0288472
-0.0295197
-0.0340428
-0.0266847
-0.032092
-0.0230923
-0.031252
-0.0229802
-0.0265625
-0.032502
-0.03202
-0.031154
-0.0354049
-0.0346663
-0.0309626
-0.03175
-0.0344035
-0.0327244
-0.0335423
-0.0356114
-0.03564
-0.0336478
-0.0332632
-0.0353147
-0.0307502
-0.0364146
-0.030644
-0.0357724
-0.0304982
-0.0303175
-0.0350373
-0.0326515
-0.0350298
-0.0345887
-0.0351781
-0.0338599
-0.032451
-0.0347946
-0.0292827
-0.0302936
-0.0345338
-0.0341116
-0.0289366
-0.0307719
-0.0337548
-0.0263371
-0.0331328
-0.0229982
-0.0332545
-0.0261765
-0.0323516
-0.023373
-0.0299327
-0.0347408
-0.0339778
-0.0349162
-0.0317672
-0.03473
-0.0302362
-0.0331087
-0.0293086
-0.0262367
-0.034035
-0.0260236
-0.0344622
-0.0330075
-0.0294279
-0.0262994
-0.0200264
-0.0126411
-0.0291132
-0.0203288
-0.026666
-0.0337033
-0.038311
-0.0333957
-0.0401348
-0.0402879
-0.0346894
-0.032635
-0.032059
-0.0280747
-0.0256783
-0.0333704
-0.0320802
-0.0257841
-0.0333379
-0.0343476
-0.0264389
-0.031274
-0.0358475
-0.0262151
-0.035104
-0.0346718
-0.0367135
-0.038618
-0.0350263
-0.0411827
-0.0412432
-0.035331
-0.035863
-0.0370972
-0.0336286
-0.0297953
-0.037411
-0.0297284
-0.0372748
-0.0365621
-0.0198162
-0.0282961
-0.0131192
-0.0264926
-0.0281063
-0.0196981
-0.0134077
-0.0277643
-0.0353824
-0.0311897
-0.0336817
-0.034036
-0.0302335
-0.0289051
-0.0212366
-0.0133269
-0.0277567
-0.0310458
-0.0303553
-0.0146186
-0.022202
-0.030197
-0.0362094
-0.032965
-0.0367254
-0.0336384
-0.0303995
-0.0362196
-0.040205
-0.0399262
-0.0405471
-0.0416124
-0.0419234
-0.0378497
-0.0403657
-0.0378809
-0.0427745
-0.0436856
-0.0431946
-0.0413461
-0.0405059
-0.0414501
-0.041703
-0.0437464
-0.0426884
-0.0428707
-0.0424117
-0.0420427
-0.04084
-0.0416617
-0.0407386
-0.0368798
-0.0398003
-0.0395971
-0.0369519
-0.0424882
-0.0410658
-0.0387336
-0.0337157
-0.0377186
-0.0384302
-0.0348116
-0.0417672
-0.042757
-0.043475
-0.0396967
-0.0439678
-0.0386148
-0.0441047
-0.0429925
-0.0436583
-0.0427297
-0.0430427
-0.0433793
-0.0436646
-0.0423772
-0.0435732
-0.043294
-0.0432366
-0.0431273
-0.0433908
-0.0432523
-0.0421384
-0.0427788
-0.0438689
-0.0435552
-0.0441407
-0.0437124
-0.0437252
-0.0439172
-0.0435435
-0.0426069
-0.0433338
-0.0456684
-0.0435039
-0.0433824
-0.0436293
-0.0438374
-0.0431202
-0.0432813
-0.0433904
-0.043547
-0.0434751
-0.0432526
-0.0432088
-0.0437802
-0.0438682
-0.0450627
-0.0445428
-0.0448195
-0.0440961
-0.0441976
-0.0434019
-0.0434304
-0.0437215
-0.0438608
-0.043607
-0.0438205
-0.0431294
-0.0440152
-0.0441662
-0.0465024
-0.0443728
-0.0438751
-0.0463136
-0.0440354
-0.0440552
-0.0438871
-0.0443935
-0.0444845
-0.0434663
-0.044589
-0.0440873
-0.0436921
-0.0434157
-0.0438322
-0.0417428
-0.0442388
-0.0435617
-0.04353
-0.0435987
-0.0436163
-0.0435513
-0.0438107
-0.0437581
-0.0437567
-0.0434763
-0.0441598
-0.0442797
-0.0437774
-0.0444803
-0.0443981
-0.0446955
-0.0439722
-0.0437698
-0.0444799
-0.0435919
-0.0442464
-0.0443907
-0.0442289
-0.0438758
-0.0433759
-0.0433098
-0.0436839
-0.0418208
-0.0434581
-0.0438196
-0.0432363
-0.0433202
-0.0434928
-0.0433639
-0.0435669
-0.0435693
-0.0432917
-0.0433812
-0.0437614
-0.0442077
-0.0437467
-0.0443412
-0.043854
-0.0440101
-0.044252
-0.0437249
-0.0445916
-0.0438942
-0.0444876
-0.0439106
-0.0445376
-0.043983
-0.0433153
-0.0434234
-0.0434204
-0.0435834
-0.0435447
-0.043359
-0.0433466
-0.043854
-0.0441318
-0.0439099
-0.0453778
-0.0432477
-0.0448614
-0.0442089
-0.0446579
-0.0434118
-0.0410042
-0.0431869
-0.0428544
-0.0426293
-0.0453308
-0.0438301
-0.038713
-0.0398242
-0.0404531
-0.0411961
-0.0414568
-0.0430698
-0.0456193
-0.0441474
-0.0446939
-0.0460857
-0.0439455
-0.04609
-0.0456864
-0.0462867
-0.0459764
-0.0464672
-0.0459285
-0.046423
-0.0461115
-0.0464359
-0.0445154
-0.044873
-0.0435198
-0.047044
-0.0464486
-0.0426005
-0.0463755
-0.0439855
-0.0448804
-0.0432084
-0.0460311
-0.0462439
-0.0443859
-0.0427737
-0.0453255
-0.0458218
-0.0465465
-0.0463159
-0.0467469
-0.046412
-0.0453053
-0.0446289
-0.0441225
-0.0447779
-0.044992
-0.0443099
-0.0443287
-0.045064
-0.0437273
-0.0434888
-0.0442913
-0.0441931
-0.0438505
-0.0436491
-0.0432352
-0.0445066
-0.0449603
-0.0449483
-0.0444197
-0.0442237
-0.0453187
-0.0439673
-0.0445916
-0.0445449
-0.0454481
-0.0446209
-0.0441507
-0.0440735
-0.0439866
-0.0427912
-0.0433653
-0.0439874
-0.04369
-0.0431108
-0.0430085
-0.04425
-0.0435378
-0.0436312
-0.0434023
-0.043633
-0.0434922
-0.0437342
-0.0436753
-0.0440947
-0.0435465
-0.0423907
-0.0432954
-0.0422379
-0.0438966
-0.0435585
-0.0437612
-0.0454719
-0.0438658
-0.0438323
-0.0454794
-0.0422846
-0.0437596
-0.0433733
-0.0434899
-0.0432349
-0.0437668
-0.0435597
-0.0433257
-0.0431362
-0.043849
-0.0433865
-0.0424968
-0.0434077
-0.0434182
-0.0438138
-0.0427917
-0.0436485
-0.042323
-0.043748
-0.0435324
-0.0435937
-0.0430706
-0.0423109
-0.0437539
-0.0434694
-0.0432214
-0.0438293
-0.0433785
-0.0433209
-0.0435657
-0.0425436
-0.0435547
-0.0446356
-0.0445075
-0.044855
-0.0435258
-0.0435949
-0.0432868
-0.04392
-0.0430503
-0.0435926
-0.0436425
-0.043735
-0.043413
-0.043368
-0.0439198
-0.043112
-0.0435256
-0.0437142
-0.0438002
-0.043478
-0.044814
-0.0441383
-0.0429289
-0.0428854
-0.0429976
-0.044402
-0.0445663
-0.0452634
-0.040485
-0.0441388
-0.0430292
-0.0460531
-0.0422283
-0.0444887
-0.0452504
-0.0391837
-0.0450194
-0.0430209
-0.0455978
-0.0422639
-0.0447339
-0.0436166
-0.0434879
-0.0436482
-0.0435718
-0.0436719
-0.0435897
-0.0434294
-0.0456754
-0.0445977
-0.0433943
-0.0436705
-0.0425618
-0.043526
-0.0443692
-0.0432745
-0.0436785
-0.0437695
-0.0438642
-0.0436877
-0.0437188
-0.0435577
-0.0439663
-0.0450204
-0.0437592
-0.0438019
-0.0442842
-0.0433622
-0.0451257
-0.0435031
-0.0409146
-0.0439264
-0.0448877
-0.0435068
-0.0429252
-0.0439188
-0.0430816
-0.0439036
-0.0450933
-0.043312
-0.0442251
-0.0430709
-0.0433489
-0.0433043
-0.0439721
-0.045173
-0.0434935
-0.0443847
-0.043124
-0.043608
-0.0435619
-0.043625
-0.043834
-0.0437391
-0.0439019
-0.043753
-0.0436631
-0.0435486
-0.0435723
-0.0434349
-0.043584
-0.0432845
-0.0433608
-0.043655
-0.0432651
-0.0434677
-0.0434861
-0.0434305
-0.043738
-0.0435077
-0.0434778
-0.0424197
-0.0439787
-0.0438807
-0.0436045
-0.0438452
-0.0437617
-0.0438328
-0.0439227
-0.0436711
-0.0436389
-0.0435076
-0.0435026
-0.043679
-0.0436236
-0.0440243
-0.0423608
-0.0437563
-0.043514
-0.0426443
-0.044967
-0.0435215
-0.0434371
-0.0493713
-0.0438734
-0.0428242
-0.0443895
-0.0443985
-0.0436268
-0.0437537
-0.0436367
-0.0446057
-0.0438326
-0.0438704
-0.0438401
-0.0437027
-0.0438452
-0.0436695
-0.0437482
-0.043834
-0.0440259
-0.0438825
-0.0437534
-0.0436658
-0.0437861
-0.0439435
-0.0437677
-0.0430036
-0.043833
-0.0436504
-0.0438164
-0.0434537
-0.0439688
-0.0438446
-0.0442247
-0.0436419
-0.0438411
-0.0435889
-0.0438615
-0.0454734
-0.0438601
-0.043734
-0.0419109
-0.0435942
-0.0438026
-0.043769
-0.0448467
-0.0438963
-0.0437962
-0.042401
-0.0437554
-0.0438547
-0.043699
-0.0439604
-0.0437435
-0.0436409
-0.0438287
-0.0437647
-0.0440099
-0.0473556
-0.0447265
-0.0435039
-0.0425186
-0.0444588
-0.0438021
-0.0440243
-0.0480497
-0.0435508
-0.0435582
-0.0436516
-0.0441511
-0.0437555
-0.0457776
-0.044193
-0.0439791
-0.0438479
-0.0436304
-0.0441164
-0.0439736
-0.0444281
-0.0432881
-0.0434428
-0.0435421
-0.0435499
-0.0429953
-0.0428967
-0.042933
-0.0437013
-0.0447436
-0.0438225
-0.0401307
-0.0437544
-0.0448015
-0.043733
-0.0437802
-0.0436744
-0.043441
-0.0436464
-0.0430218
-0.0435766
-0.0439174
-0.0444122
-0.0448168
-0.0432434
-0.0446887
-0.0438231
-0.0443035
-0.0423421
-0.0438526
-0.0440084
-0.0437071
-0.0432443
-0.044063
-0.043751
-0.0437112
-0.0427458
-0.044357
-0.0437847
-0.0438824
-0.0443037
-0.0434409
-0.0441184
-0.0435828
-0.0450374
-0.0433609
-0.043238
-0.0458663
-0.0447331
-0.0437176
-0.0439361
-0.043683
-0.04359
-0.0436169
-0.0436029
-0.0443382
-0.043221
-0.0440311
-0.0432445
-0.0437825
-0.0438111
-0.0438455
-0.0433154
-0.0434211
-0.0430187
-0.0432875
-0.0435068
-0.0433023
-0.044595
-0.0434821
-0.0434661
-0.0432885
-0.043602
-0.0435689
-0.0435273
-0.043564
-0.0435653
-0.0436869
-0.0438248
-0.0449895
-0.0433472
-0.0430544
-0.0430088
-0.0437548
-0.0435956
-0.0437736
-0.0434813
-0.0436606
-0.043434
-0.0436628
-0.0436841
-0.0436412
-0.0433474
-0.0438071
-0.0436647
-0.043535
-0.0434879
-0.0436501
-0.0436981
-0.0436259
-0.0430449
-0.0440009
-0.0434859
-0.0440349
-0.0438531
-0.0437948
-0.0438167
-0.0439812
-0.0437424
-0.043638
-0.0438586
-0.0436682
-0.043266
-0.0426543
-0.0434395
-0.0437474
-0.0433821
-0.042251
-0.0438573
-0.0439325
-0.0442978
-0.0436457
-0.0434465
-0.0432076
-0.0443348
-0.0435178
-0.0441585
-0.0436393
-0.0435819
-0.0433224
-0.0436643
-0.0447065
-0.0438105
-0.0438967
-0.0439047
-0.0433459
-0.043821
-0.0439502
-0.044619
-0.0437712
-0.0436255
-0.0436217
-0.043772
-0.0435016
-0.0439471
-0.0435018
-0.0435187
-0.0423653
-0.0434812
-0.0441455
-0.0440595
-0.0457852
-0.0443383
-0.0437067
-0.0439468
-0.0439793
-0.043839
-0.0437602
-0.0438569
-0.0439341
-0.043755
-0.0434742
-0.0431008
-0.0431729
-0.0436319
-0.0438198
-0.0438802
-0.043655
-0.0438288
-0.0437339
-0.0435684
-0.0437187
-0.0436697
-0.043534
-0.0435797
-0.0438228
-0.0436457
-0.0454578
-0.0436655
-0.0435651
-0.0437096
-0.0434754
-0.0440585
-0.0435335
-0.0435148
-0.0435925
-0.0433227
-0.0430429
-0.0437031
-0.0449325
-0.0447002
-0.0433667
-0.0439909
-0.0441148
-0.0437546
-0.0441385
-0.0432214
-0.0435512
-0.043766
-0.0437298
-0.0436791
-0.0432231
-0.0434984
-0.0439649
-0.0436463
-0.0439466
-0.0433725
-0.0426391
-0.0432843
-0.0434251
-0.0439038
-0.0434609
-0.0433989
-0.0434735
-0.0433093
-0.0432184
-0.0436236
-0.0422251
-0.0436103
-0.0435764
-0.0437101
-0.0431396
-0.0433826
-0.0436242
-0.0398323
-0.0408377
-0.0393823
-0.034102
-0.0333674
-0.041767
-0.0392317
-0.0427752
-0.0440409
-0.0436744
-0.0438822
-0.0431475
-0.0434658
-0.0438171
-0.040039
-0.0413669
-0.0334673
-0.0396959
-0.0333643
-0.0387445
-0.0424125
-0.0407331
-0.0350779
-0.0393249
-0.043108
-0.034948
-0.040705
-0.0422191
-0.0410342
-0.0348527
-0.0429328
-0.0399125
-0.0402535
-0.0352784
-0.042769
-0.0428785
-0.0444019
-0.0443845
-0.0432965
-0.0443962
-0.0430208
-0.0429235
-0.0434766
-0.0427031
-0.0421028
-0.0432087
-0.0431829
-0.0438147
-0.04335
-0.0433513
-0.0430853
-0.0436541
-0.0432883
-0.0431958
-0.0433821
-0.0437365
-0.043046
-0.0443144
-0.0433977
-0.0426083
-0.0440156
-0.0425494
-0.0426961
-0.039823
-0.0430468
-0.0438118
-0.0436404
-0.0415689
-0.0428104
-0.0427187
-0.0382952
-0.0279158
-0.0400825
-0.0407382
-0.0373371
-0.0335769
-0.041593
-0.0404904
-0.0430933
-0.0411108
-0.0413172
-0.0399095
-0.0411494
-0.0426374
-0.0366033
-0.0452027
-0.0444249
-0.0432273
-0.0440593
-0.0433481
-0.0425811
-0.0423299
-0.0447973
-0.0434202
-0.0450727
-0.0416679
-0.0442982
-0.0435512
-0.0388347
-0.0341811
-0.040947
-0.0409903
-0.0428331
-0.0323934
-0.0382483
-0.0420853
-0.0451572
-0.0427725
-0.0424533
-0.0443716
-0.0434748
-0.0408121
-0.0421716
-0.0436458
-0.0437348
-0.0435996
-0.0433661
-0.0436445
-0.0430867
-0.0396673
-0.0410332
-0.0394488
-0.0332421
-0.0421119
-0.0330472
-0.0384062
-0.042518
-0.0439173
-0.0438771
-0.043648
-0.0436699
-0.04302
-0.0432463
-0.039365
-0.0403165
-0.0336801
-0.0388811
-0.032916
-0.038766
-0.0412672
-0.0407488
-0.0346115
-0.0397198
-0.0428216
-0.0425621
-0.0349875
-0.040023
-0.0403906
-0.034778
-0.0429624
-0.0389442
-0.0404615
-0.0345783
-0.0419
-0.00856772
-0.0215745
-0.0284438
-0.0217204
-0.02193
-0.0218683
-0.00815852
-0.00981701
-0.0239137
-0.0182831
-0.0293343
-0.0101593
-0.0229526
-0.0220637
-0.033614
-0.011642
-0.0261711
-0.0257256
-0.0235023
-0.0254474
-0.0327342
-0.0367215
-0.0394444
-0.0358875
-0.0393261
-0.0391341
-0.0346025
-0.0392995
-0.0392312
-0.0404624
-0.035855
-0.0366664
-0.0381307
-0.034699
-0.0398901
-0.0360984
-0.0322456
-0.0372385
-0.0383845
-0.0317112
-0.034934
-0.0384417
-0.0372355
-0.0328983
-0.036322
-0.03911
-0.0335441
-0.0383374
-0.0387995
-0.0080633
-0.0202483
-0.0213649
-0.0277478
-0.0217025
-0.00774604
-0.0205284
-0.00857151
-0.0232989
-0.0218234
-0.0291272
-0.00661055
-0.0226895
-0.0215135
-0.0294194
-0.0241064
-0.0307824
-0.0313766
-0.0289426
-0.0243504
-0.0323137
-0.031694
-0.0277737
-0.0313604
-0.0344049
-0.0314172
-0.0277761
-0.0344176
-0.0305934
-0.035604
-0.024932
-0.029716
-0.0310998
-0.0247122
-0.0347533
-0.0326119
-0.0353515
-0.0269239
-0.0318027
-0.0338713
-0.0274542
-0.0348112
-0.0364851
-0.0243173
-0.0335445
-0.0395526
-0.0380318
-0.0273132
-0.0364622
-0.0380964
-0.0343444
-0.0385178
-0.0387464
-0.0337397
-0.0384004
-0.039458
-0.0349342
-0.0362751
-0.0330519
-0.0272762
-0.0350501
-0.027769
-0.0354538
-0.0400594
-0.0428611
-0.0424612
-0.0414926
-0.0403695
-0.0402883
-0.0418604
-0.0351968
-0.0385614
-0.0295608
-0.0359087
-0.0304695
-0.032476
-0.0385197
-0.0303813
-0.0215666
-0.0248885
-0.0327734
-0.0219915
-0.033022
-0.0303959
-0.0300564
-0.0262557
-0.0326088
-0.0354234
-0.0356483
-0.0267475
-0.0297181
-0.0318819
-0.0335346
-0.0233847
-0.0281049
-0.0229541
-0.0313794
-0.0336591
-0.0307099
-0.0368673
-0.0285567
-0.0342708
-0.0314529
-0.0366234
-0.0284243
-0.00841338
-0.0205454
-0.0280092
-0.0216797
-0.00810549
-0.0208352
-0.0220003
-0.00883872
-0.0234681
-0.0220575
-0.0293088
-0.00689895
-0.021722
-0.0228956
-0.0334526
-0.0116297
-0.0256947
-0.0260626
-0.0254113
-0.0233613
-0.032647
-0.0391195
-0.0401604
-0.0356542
-0.0365885
-0.034553
-0.0379079
-0.0397668
-0.0363978
-0.0389376
-0.0354194
-0.0389589
-0.0389722
-0.0386761
-0.0341959
-0.037208
-0.0328807
-0.0362853
-0.0391396
-0.0334855
-0.0387801
-0.0382718
-0.0358346
-0.0320244
-0.0369885
-0.0382699
-0.0382434
-0.0314149
-0.0348383
-0.0088971
-0.0218575
-0.0220296
-0.028711
-0.0222288
-0.0084835
-0.0221327
-0.0100376
-0.0239497
-0.0182861
-0.0294376
-0.0102687
-0.0231208
-0.0221901
-0.00855958
-0.0215711
-0.0217165
-0.028435
-0.0218615
-0.00815489
-0.0219209
-0.00980906
-0.0238989
-0.0182735
-0.0293223
-0.0220554
-0.0101476
-0.022942
-0.00805598
-0.0202446
-0.0213611
-0.0277412
-0.0205229
-0.0077418
-0.0216955
-0.00856607
-0.0232892
-0.0291162
-0.0218183
-0.0215046
-0.0226794
-0.00660378
-0.0335908
-0.0261536
-0.0116257
-0.0257105
-0.0234847
-0.0327136
-0.02543
-0.0366928
-0.0393827
-0.039288
-0.035831
-0.0345724
-0.0392688
-0.0390691
-0.0391918
-0.0404263
-0.0358181
-0.036654
-0.034673
-0.0380948
-0.0398656
-0.0360774
-0.032227
-0.0372118
-0.0383621
-0.0316896
-0.0349107
-0.0384203
-0.037207
-0.0328851
-0.039096
-0.0363124
-0.038319
-0.0335276
-0.0387793
-0.0338595
-0.0260799
-0.0336229
-0.0381617
-0.0354479
-0.0217923
-0.0379029
-0.036549
-0.0305157
-0.0363344
-0.0413819
-0.0359022
-0.0327472
-0.0394498
-0.0331321
-0.0362332
-0.0251958
-0.0302153
-0.032372
-0.0231338
-0.0374189
-0.0353586
-0.0360892
-0.0292835
-0.0348304
-0.0360456
-0.0304754
-0.0365096
-0.0388647
-0.0408704
-0.0397455
-0.0412605
-0.0388991
-0.0412143
-0.0400459
-0.0303371
-0.0215411
-0.0248401
-0.0327368
-0.0329855
-0.0219385
-0.0303483
-0.0300038
-0.0262247
-0.035382
-0.0325628
-0.0266939
-0.0296993
-0.0356062
-0.0318245
-0.033472
-0.0280319
-0.0233138
-0.0336192
-0.0228761
-0.0312856
-0.0306603
-0.0368099
-0.02848
-0.034231
-0.0283898
-0.0313961
-0.0365899
-0.0364763
-0.0242883
-0.0335101
-0.039561
-0.02727
-0.038017
-0.0364733
-0.0381221
-0.0343703
-0.0387829
-0.0385371
-0.0394926
-0.033771
-0.0384349
-0.034868
-0.0362418
-0.0272055
-0.0329858
-0.0277054
-0.0354163
-0.0349879
-0.0351935
-0.0385382
-0.029536
-0.0358914
-0.0324402
-0.0385086
-0.0304608
-0.0400727
-0.0428695
-0.0425001
-0.0415129
-0.0403672
-0.0418758
-0.0403183
-0.00885939
-0.0218384
-0.0220066
-0.0286643
-0.00846488
-0.0221827
-0.022088
-0.0100037
-0.023933
-0.0294086
-0.0182694
-0.0230825
-0.0102483
-0.0221559
-0.033479
-0.0256773
-0.0116201
-0.0260723
-0.0254231
-0.0326458
-0.0233659
-0.0391827
-0.0402371
-0.0366401
-0.0357371
-0.0398198
-0.0346161
-0.0379682
-0.0364626
-0.0390217
-0.0355184
-0.0390361
-0.0342676
-0.0387875
-0.0390303
-0.0372265
-0.0328735
-0.0363128
-0.0391372
-0.0388008
-0.0335047
-0.0382783
-0.0358812
-0.0320466
-0.0382896
-0.037034
-0.0348491
-0.0314558
-0.0382792
-0.0397501
-0.040765
-0.0340357
-0.0393072
-0.0391548
-0.0332999
-0.0416861
-0.0399885
-0.0413204
-0.0334322
-0.0396769
-0.0386882
-0.0333481
-0.0423732
-0.0427401
-0.04403
-0.0437001
-0.0438877
-0.0431416
-0.0434476
-0.0437995
-0.0406817
-0.0350753
-0.0392646
-0.0431065
-0.0349135
-0.0406908
-0.0421773
-0.0410083
-0.0348576
-0.0399063
-0.0429349
-0.0352786
-0.0402499
-0.0427482
-0.0422414
-0.0436233
-0.0436124
-0.0437183
-0.043152
-0.0434029
-0.0436376
-0.042245
-0.0423234
-0.044336
-0.0429057
-0.0421987
-0.0439548
-0.0433443
-0.0428435
-0.0441013
-0.0436954
-0.0444504
-0.0430701
-0.0443833
-0.0430109
-0.0434305
-0.042675
-0.0420938
-0.0431909
-0.0431346
-0.0437837
-0.0433512
-0.043248
-0.0430313
-0.0432444
-0.0435853
-0.0431345
-0.0436958
-0.0433108
-0.042969
-0.0443833
-0.0433607
-0.0425573
-0.043971
-0.0427461
-0.0424799
-0.042374
-0.0448352
-0.0451327
-0.0434516
-0.044355
-0.0417014
-0.043604
-0.0388609
-0.0342138
-0.0410505
-0.0409897
-0.0324139
-0.0382918
-0.0428908
-0.0421292
-0.0452337
-0.0428416
-0.0425083
-0.0444454
-0.0408597
-0.0435396
-0.043949
-0.0444727
-0.0447921
-0.0445953
-0.0446376
-0.0435508
-0.0441939
-0.0443093
-0.0436404
-0.0440545
-0.0452379
-0.0447692
-0.0452589
-0.0444834
-0.0438824
-0.0438183
-0.0440686
-0.0435437
-0.0438534
-0.0436607
-0.0439519
-0.043635
-0.044367
-0.0430401
-0.0434833
-0.0433135
-0.0427022
-0.0438848
-0.0365907
-0.045228
-0.0432484
-0.044437
-0.0433579
-0.0440724
-0.0425944
-0.0397454
-0.0411211
-0.0333224
-0.0395013
-0.0331079
-0.0384914
-0.0421902
-0.0394542
-0.0403945
-0.0337809
-0.0389578
-0.0413486
-0.0388621
-0.0330085
-0.0425684
-0.0439695
-0.0438915
-0.0436307
-0.0432815
-0.0437252
-0.0430359
-0.0407967
-0.034625
-0.0397463
-0.0428407
-0.0350168
-0.0426135
-0.040044
-0.0404407
-0.0347867
-0.0389966
-0.0429482
-0.0419358
-0.0346212
-0.0404738
-0.0421536
-0.0436424
-0.0437346
-0.0435621
-0.0436377
-0.043077
-0.0433437
-0.0444055
-0.0432737
-0.0435037
-0.0434479
-0.0429924
-0.0428598
-0.0435471
-0.0439218
-0.0443918
-0.0448
-0.0432348
-0.04468
-0.0443079
-0.0438142
-0.0423549
-0.0438764
-0.043721
-0.0440384
-0.0432645
-0.0437562
-0.0440783
-0.0429576
-0.0437173
-0.0447707
-0.0438462
-0.0401346
-0.0437817
-0.0448207
-0.0437647
-0.0438102
-0.0434658
-0.0437036
-0.0436745
-0.0436099
-0.0430462
-0.0395512
-0.0449893
-0.0427699
-0.0440187
-0.0421424
-0.0444409
-0.0437246
-0.0437284
-0.0427675
-0.0437965
-0.0443702
-0.0443161
-0.0438999
-0.043452
-0.0441339
-0.0435947
-0.0433709
-0.045047
-0.0447448
-0.0432561
-0.0458827
-0.0437296
-0.0439455
-0.0436942
-0.0435993
-0.0436107
-0.04435
-0.0436302
-0.0438663
-0.0457716
-0.0434295
-0.0435655
-0.0436375
-0.0442039
-0.043483
-0.0434279
-0.0434602
-0.0441513
-0.0432308
-0.0439035
-0.0438733
-0.043494
-0.0435687
-0.0436688
-0.0438239
-0.0447436
-0.0437734
-0.0434279
-0.0433261
-0.0437105
-0.0436758
-0.0438057
-0.0439034
-0.0436825
-0.0437271
-0.0436164
-0.0436016
-0.0436698
-0.0435167
-0.0437412
-0.0433098
-0.0434998
-0.0439186
-0.043608
-0.0437901
-0.0435011
-0.0436723
-0.0436794
-0.0436949
-0.043448
-0.0436444
-0.0433506
-0.0436672
-0.0438075
-0.0436521
-0.0435386
-0.0434908
-0.0437083
-0.0436353
-0.044019
-0.0430594
-0.0440495
-0.0438628
-0.043497
-0.0437977
-0.0438209
-0.0439831
-0.0437426
-0.0436439
-0.04367
-0.0438585
-0.0435931
-0.0435039
-0.043584
-0.0436602
-0.0436722
-0.0433281
-0.0434915
-0.0435297
-0.0432807
-0.0436395
-0.0435362
-0.0434285
-0.0434539
-0.0436247
-0.0438987
-0.0437394
-0.0436767
-0.0443155
-0.0438108
-0.0437885
-0.0434578
-0.0437995
-0.0435907
-0.0432144
-0.0436695
-0.0439017
-0.0441322
-0.0436862
-0.0432724
-0.0426467
-0.0434661
-0.0437243
-0.0422785
-0.0438468
-0.0434146
-0.043949
-0.0443118
-0.0434588
-0.0436627
-0.0435328
-0.0432154
-0.0443334
-0.0441553
-0.0436573
-0.0433301
-0.0435715
-0.0447203
-0.0438255
-0.0436899
-0.0436436
-0.0436215
-0.0437997
-0.0434954
-0.0434884
-0.0435273
-0.0439522
-0.0439147
-0.0439153
-0.0433547
-0.0438417
-0.0439736
-0.0437855
-0.0446254
-0.0438566
-0.0439775
-0.0438189
-0.0438605
-0.0438101
-0.0438553
-0.0437421
-0.0434734
-0.04307
-0.0431417
-0.0436201
-0.0438353
-0.0436413
-0.0438609
-0.0438314
-0.0437484
-0.0437121
-0.0435598
-0.0436532
-0.0435763
-0.0435177
-0.0437797
-0.0436573
-0.0454397
-0.0436657
-0.0434302
-0.0435521
-0.0436721
-0.043472
-0.0437717
-0.0438716
-0.0440458
-0.0438142
-0.0436427
-0.0440635
-0.0440903
-0.0414929
-0.0437263
-0.0431606
-0.0413422
-0.0433344
-0.0436208
-0.0438078
-0.043664
-0.0437173
-0.0436944
-0.043615
-0.0438257
-0.0435256
-0.0423759
-0.0435781
-0.0440557
-0.04414
-0.0443632
-0.0457952
-0.0437248
-0.0439864
-0.0436584
-0.0439555
-0.043391
-0.0434477
-0.0426451
-0.0433074
-0.0439103
-0.0434636
-0.0434903
-0.0434173
-0.0433349
-0.0436195
-0.0432286
-0.0449111
-0.0446819
-0.0433646
-0.0439817
-0.043751
-0.0441205
-0.044123
-0.0432314
-0.0435477
-0.0437222
-0.043766
-0.0436691
-0.0434851
-0.0432393
-0.0425288
-0.0435313
-0.044635
-0.0444938
-0.0435514
-0.0434996
-0.0448412
-0.0432615
-0.0439114
-0.0435823
-0.0430423
-0.0434002
-0.0436225
-0.0437161
-0.0448008
-0.0441237
-0.0429083
-0.0428524
-0.0443919
-0.0429573
-0.0445507
-0.0433334
-0.0438979
-0.0430892
-0.0434898
-0.0436786
-0.0437702
-0.0434508
-0.0452573
-0.0404932
-0.0441419
-0.0430031
-0.044488
-0.0460468
-0.042209
-0.0452257
-0.0391752
-0.0429747
-0.0449893
-0.0422382
-0.0455629
-0.0447087
-0.0436153
-0.0434884
-0.0435699
-0.043642
-0.0435856
-0.0434339
-0.0436672
-0.0456756
-0.0445955
-0.0433901
-0.0436683
-0.0425594
-0.0443697
-0.0435225
-0.0434866
-0.0439103
-0.0409125
-0.0448843
-0.0434941
-0.0438976
-0.0429125
-0.0430657
-0.0438981
-0.0433066
-0.0450889
-0.043054
-0.0433429
-0.0442178
-0.0432783
-0.0439528
-0.0451481
-0.0434718
-0.0435889
-0.044364
-0.0430908
-0.0435459
-0.043623
-0.0438284
-0.0437319
-0.0438843
-0.0436555
-0.0437411
-0.0435313
-0.0435528
-0.0435723
-0.0434166
-0.0436388
-0.043347
-0.0432609
-0.0432564
-0.0436628
-0.0437485
-0.0438463
-0.0436649
-0.0437016
-0.0435421
-0.043942
-0.0450147
-0.043786
-0.0437532
-0.0433399
-0.0442703
-0.045114
-0.0434207
-0.0438661
-0.0493459
-0.0428099
-0.0443671
-0.043613
-0.0443783
-0.0437459
-0.0436336
-0.043836
-0.0446177
-0.0436984
-0.0438636
-0.0438345
-0.0438327
-0.0436589
-0.043737
-0.0438212
-0.0440099
-0.0438691
-0.0437447
-0.0436528
-0.0437779
-0.0439402
-0.0437631
-0.0436442
-0.0429958
-0.0438227
-0.0438034
-0.0434392
-0.0438374
-0.0439591
-0.0436311
-0.0442091
-0.0438327
-0.0439065
-0.0436538
-0.043621
-0.0434958
-0.0436626
-0.0436075
-0.0434827
-0.0440088
-0.042341
-0.0435027
-0.0437522
-0.0435037
-0.0449536
-0.0426393
-0.0435783
-0.0438604
-0.0438646
-0.04547
-0.0418943
-0.043601
-0.0437308
-0.0438525
-0.0437014
-0.0439843
-0.043744
-0.0437575
-0.0438306
-0.0436471
-0.0437842
-0.0437519
-0.0448259
-0.0438888
-0.0437342
-0.0437858
-0.0423789
-0.0440066
-0.0473816
-0.0447202
-0.0435343
-0.0425234
-0.0438055
-0.0444717
-0.0440091
-0.0480375
-0.0435571
-0.0435388
-0.0437481
-0.0441401
-0.0436695
-0.0457906
-0.0442087
-0.0440015
-0.0438516
-0.044133
-0.0436316
-0.0439846
-0.0433639
-0.0434664
-0.0440129
-0.0440777
-0.0439488
-0.0434351
-0.0433709
-0.0439887
-0.0436621
-0.0437139
-0.0438419
-0.0437608
-0.0438574
-0.0436145
-0.0437565
-0.0437482
-0.043634
-0.0436643
-0.0436869
-0.0437637
-0.0437118
-0.0438278
-0.0444202
-0.0438606
-0.0437756
-0.043788
-0.0448633
-0.0436719
-0.0436414
-0.0435099
-0.0436351
-0.0439651
-0.0437354
-0.0437931
-0.0435593
-0.043791
-0.0436326
-0.0441132
-0.0434544
-0.04419
-0.0439082
-0.0435148
-0.0432395
-0.0457273
-0.0442293
-0.0433521
-0.0444865
-0.0423526
-0.0435409
-0.0444879
-0.0436789
-0.0442477
-0.043409
-0.0445882
-0.0444186
-0.0435272
-0.0442901
-0.0426996
-0.0435308
-0.0442205
-0.0419721
-0.0436212
-0.0439671
-0.0438758
-0.0435878
-0.0436815
-0.0437281
-0.0437743
-0.0435842
-0.0436417
-0.0439303
-0.0438193
-0.0439629
-0.0443748
-0.0439611
-0.0439523
-0.0440894
-0.0444091
-0.0437968
-0.0434221
-0.0441884
-0.0438688
-0.0440417
-0.044377
-0.0441829
-0.045241
-0.0425738
-0.0446442
-0.0430876
-0.0451067
-0.0433371
-0.043385
-0.044214
-0.0435678
-0.0438679
-0.0444865
-0.0436501
-0.0439278
-0.0450377
-0.0437516
-0.0449391
-0.0435733
-0.0432814
-0.0458893
-0.0444426
-0.0440865
-0.0437647
-0.0438722
-0.0436532
-0.0439743
-0.0439812
-0.0438061
-0.0437988
-0.0441392
-0.0435432
-0.0439763
-0.0433455
-0.0439279
-0.0439128
-0.0437398
-0.0439896
-0.0439509
-0.0438524
-0.0439273
-0.0436814
-0.0439241
-0.0440587
-0.0440542
-0.0439343
-0.0439074
-0.0438866
-0.0438681
-0.0440698
-0.0439857
-0.0440978
-0.0419375
-0.0439305
-0.0441696
-0.043793
-0.0441427
-0.0436175
-0.0436693
-0.043742
-0.0437176
-0.0437539
-0.0437015
-0.0437047
-0.0436393
-0.0438928
-0.0436087
-0.0437771
-0.0437302
-0.0437321
-0.043626
-0.0438007
-0.0436784
-0.0433114
-0.0434019
-0.0436141
-0.0434463
-0.0436885
-0.0441
-0.0435639
-0.0436441
-0.0438955
-0.043624
-0.04445
-0.0437921
-0.0436664
-0.0432938
-0.0434381
-0.043968
-0.0445795
-0.0425083
-0.0438728
-0.0443025
-0.0445971
-0.0441581
-0.0438524
-0.0443216
-0.0442511
-0.0438462
-0.0436127
-0.0438238
-0.0440689
-0.0437536
-0.0437428
-0.0437412
-0.0438446
-0.0437678
-0.0439052
-0.042625
-0.0445359
-0.0436451
-0.0440845
-0.0439995
-0.0438977
-0.043709
-0.043772
-0.0437988
-0.0440001
-0.0438052
-0.0437865
-0.0435147
-0.0446828
-0.0431467
-0.043005
-0.0447515
-0.0443311
-0.0429757
-0.043431
-0.0447348
-0.0446329
-0.0432484
-0.0452479
-0.0433859
-0.0433012
-0.0439904
-0.0439864
-0.0438606
-0.0437009
-0.0438168
-0.0439907
-0.0441039
-0.0438881
-0.0437214
-0.0439186
-0.0435674
-0.043478
-0.0438277
-0.0437655
-0.0432167
-0.0446475
-0.0451289
-0.0434181
-0.0448549
-0.0430568
-0.0434221
-0.0439309
-0.0450084
-0.0425143
-0.0442812
-0.0429765
-0.0432618
-0.0448521
-0.0442721
-0.0436947
-0.0434263
-0.0440841
-0.0437586
-0.0439343
-0.0443095
-0.0436932
-0.0436013
-0.0440443
-0.0437563
-0.0437126
-0.0438765
-0.0437344
-0.043793
-0.0434689
-0.0435894
-0.04357
-0.0437276
-0.0434758
-0.0434005
-0.0440361
-0.0425488
-0.0433712
-0.0440437
-0.0418706
-0.0432996
-0.0438532
-0.0439656
-0.0434393
-0.0434214
-0.0434638
-0.0432852
-0.0432592
-0.0435901
-0.043975
-0.0437058
-0.0439774
-0.0433608
-0.0426818
-0.0433061
-0.0434482
-0.0431975
-0.0435112
-0.0437808
-0.0437198
-0.0436608
-0.0432249
-0.0434081
-0.044808
-0.0447046
-0.0434027
-0.044098
-0.0440755
-0.0441751
-0.0438576
-0.0440568
-0.0435403
-0.0435949
-0.043561
-0.0436992
-0.043287
-0.0429907
-0.043095
-0.043358
-0.0436205
-0.0436258
-0.0431742
-0.0433631
-0.0441375
-0.0422787
-0.0439515
-0.0438789
-0.0433056
-0.0431182
-0.0441645
-0.0436954
-0.0436722
-0.0442016
-0.0446109
-0.0430475
-0.0442165
-0.0444373
-0.0435612
-0.0434037
-0.0439482
-0.0435502
-0.0437539
-0.0434057
-0.0445692
-0.043674
-0.0435879
-0.0436134
-0.0436497
-0.0435204
-0.0436073
-0.0428992
-0.0433699
-0.0426907
-0.0435831
-0.0444966
-0.0437422
-0.0445651
-0.0398788
-0.0436161
-0.0443121
-0.0432596
-0.0433834
-0.0433574
-0.0434363
-0.0427792
-0.0429174
-0.0423792
-0.0434179
-0.0447545
-0.0449979
-0.0417169
-0.0435776
-0.0442905
-0.0389031
-0.0342794
-0.0411161
-0.0410957
-0.0383091
-0.0325592
-0.0429255
-0.0421115
-0.0450469
-0.0424718
-0.0427631
-0.0408256
-0.0434937
-0.0443476
-0.0438085
-0.0444911
-0.0443567
-0.0446267
-0.0434335
-0.0441045
-0.0444484
-0.0438198
-0.0437947
-0.0434833
-0.0440454
-0.043795
-0.0436498
-0.0438715
-0.0442325
-0.0435296
-0.0439479
-0.0450934
-0.0446865
-0.0444582
-0.0451322
-0.0435001
-0.0442869
-0.0430441
-0.0433756
-0.0426352
-0.0432372
-0.0438037
-0.0420614
-0.0441575
-0.0427821
-0.0420749
-0.0432197
-0.0419889
-0.0437331
-0.039565
-0.0436328
-0.0420327
-0.0431809
-0.0413038
-0.0423115
-0.0425351
-0.0378942
-0.0274339
-0.0394542
-0.0401715
-0.0330833
-0.0410805
-0.0368817
-0.0399684
-0.0423892
-0.0407277
-0.0406251
-0.0420298
-0.0406624
-0.0393839
-0.0427282
-0.0443423
-0.0439004
-0.0435571
-0.0442489
-0.0429587
-0.0429325
-0.0431532
-0.0430552
-0.0434586
-0.0432505
-0.0431254
-0.0432503
-0.043551
-0.0434334
-0.042719
-0.0420438
-0.0431821
-0.0431809
-0.0432751
-0.043752
-0.042831
-0.0442439
-0.043144
-0.0424078
-0.0423188
-0.0437991
-0.0426205
-0.0303177
-0.0363363
-0.0368178
-0.033113
-0.0304831
-0.0363149
-0.0338283
-0.0196893
-0.0282444
-0.0263939
-0.012884
-0.0132054
-0.0280242
-0.0195382
-0.0277655
-0.0354356
-0.0337387
-0.0312612
-0.0289336
-0.0341499
-0.030257
-0.0211607
-0.0131951
-0.0276988
-0.0310869
-0.0144479
-0.022171
-0.0303482
-0.0298301
-0.0260058
-0.0323824
-0.0352285
-0.0294925
-0.0264822
-0.0354541
-0.0302056
-0.0213403
-0.0247269
-0.0326543
-0.030245
-0.0217755
-0.0329037
-0.0304949
-0.0367327
-0.0283861
-0.0341682
-0.0312979
-0.0282547
-0.0364969
-0.0318043
-0.0333888
-0.0232187
-0.027985
-0.0312256
-0.0227872
-0.0335859
-0.0360357
-0.0299994
-0.0359019
-0.0407815
-0.0389772
-0.0322554
-0.0353735
-0.0334521
-0.0256003
-0.03772
-0.0332666
-0.0214009
-0.0349811
-0.0375591
-0.0350104
-0.0359226
-0.0344589
-0.0290126
-0.0362057
-0.0301223
-0.0357262
-0.0384174
-0.0405425
-0.0406632
-0.0392454
-0.0396147
-0.0383768
-0.040882
-0.0328405
-0.0358882
-0.0249944
-0.0299075
-0.0228911
-0.0322217
-0.0370471
-0.0319731
-0.0280395
-0.0315575
-0.034651
-0.0280154
-0.034642
-0.0317248
-0.0296197
-0.0242422
-0.0310069
-0.031768
-0.0325751
-0.024488
-0.0291744
-0.0327051
-0.0353414
-0.0268418
-0.0318724
-0.027536
-0.0338324
-0.0349011
-0.0307042
-0.0354147
-0.0249436
-0.029753
-0.0310948
-0.0347953
-0.0247792
-0.0297029
-0.0334489
-0.0329573
-0.0351598
-0.0333072
-0.0339544
-0.0284111
-0.0233782
-0.0326762
-0.0243757
-0.00812968
-0.0326357
-0.00861912
-0.0231811
-0.0260135
-0.0345597
-0.0320663
-0.0347663
-0.0319379
-0.0264534
-0.0344667
-0.023425
-0.0116281
-0.0255846
-0.0320589
-0.0321865
-0.00942975
-0.0234466
-0.0196806
-0.0282401
-0.0128807
-0.0263858
-0.0195327
-0.0131984
-0.0280138
-0.0277534
-0.0354266
-0.0337302
-0.031248
-0.0289195
-0.0341297
-0.0302465
-0.0211498
-0.0131863
-0.0276881
-0.0310714
-0.0144403
-0.0221575
-0.0303361
-0.0302986
-0.0363085
-0.0367896
-0.0330956
-0.0304667
-0.0362763
-0.0338151
-0.0380104
-0.0343644
-0.0386181
-0.0385722
-0.0383967
-0.0336809
-0.0393852
-0.0363664
-0.0242567
-0.0334245
-0.0394943
-0.0364097
-0.027161
-0.0379252
-0.0350939
-0.0384565
-0.0294794
-0.0357553
-0.0323191
-0.0303849
-0.0384079
-0.0347289
-0.0361656
-0.0271337
-0.0329225
-0.0353435
-0.0275722
-0.0348937
-0.0399257
-0.0427421
-0.0414632
-0.0424537
-0.040253
-0.0417163
-0.0402537
-0.0319361
-0.0280147
-0.0315084
-0.0346283
-0.0346083
-0.0279702
-0.0316908
-0.0295791
-0.0242424
-0.0317624
-0.0309783
-0.0244548
-0.0291791
-0.0325533
-0.0327157
-0.0353493
-0.031844
-0.0268421
-0.0348956
-0.0275108
-0.033861
-0.0306761
-0.0354331
-0.0249199
-0.0297349
-0.0247477
-0.0310853
-0.0347816
-0.0360663
-0.0300384
-0.0359499
-0.0408168
-0.0322862
-0.0390181
-0.0353885
-0.0334515
-0.0255829
-0.0332425
-0.0377013
-0.0375539
-0.0213747
-0.0349749
-0.0350587
-0.0359492
-0.0290267
-0.0344961
-0.0301428
-0.0357826
-0.0362393
-0.0328423
-0.0359079
-0.0249574
-0.0299002
-0.032204
-0.0370729
-0.0228592
-0.0384412
-0.0405381
-0.0406697
-0.0391988
-0.0396391
-0.0408843
-0.0383603
-0.0233435
-0.0326763
-0.0081412
-0.0243149
-0.00859758
-0.0232007
-0.0325725
-0.0259529
-0.0345607
-0.0320983
-0.034823
-0.0344612
-0.0319135
-0.0264562
-0.0233979
-0.0116144
-0.0255672
-0.0320839
-0.00940946
-0.0321942
-0.0234272
-0.0296743
-0.033453
-0.0329787
-0.0352629
-0.0339526
-0.0284267
-0.0333223
-0.0367203
-0.0432248
-0.0453
-0.0443874
-0.0435006
-0.0425481
-0.0440793
-0.0437597
-0.0440519
-0.0445924
-0.0448653
-0.0434045
-0.0443377
-0.0441285
-0.0442771
-0.0435729
-0.0440078
-0.0452092
-0.0447405
-0.0444699
-0.0452083
-0.0438188
-0.0437884
-0.0434788
-0.044079
-0.0438254
-0.0439113
-0.0436363
-0.0434563
-0.0443571
-0.0430148
-0.043355
-0.0426063
-0.0438285
-0.0431998
-0.0394204
-0.0435515
-0.0432904
-0.0427605
-0.0423052
-0.0413022
-0.042425
-0.0379044
-0.0274828
-0.0395395
-0.0401947
-0.0411067
-0.0331607
-0.0368927
-0.0399576
-0.0425935
-0.0407369
-0.0406098
-0.0421177
-0.0393764
-0.040615
-0.0420644
-0.0440438
-0.0421784
-0.0427026
-0.0419016
-0.0431408
-0.0437179
-0.0427819
-0.0442287
-0.0442725
-0.0431872
-0.0442866
-0.0429116
-0.0428748
-0.0434321
-0.0427105
-0.0420132
-0.0431688
-0.0431936
-0.0432173
-0.0437493
-0.043237
-0.0431111
-0.0435346
-0.0432434
-0.0431776
-0.043618
-0.0433277
-0.0429125
-0.0441871
-0.0431836
-0.0424924
-0.0438584
-0.0426043
-0.0423965
-0.0439758
-0.0436695
-0.0439371
-0.0433357
-0.0426546
-0.0434371
-0.0433027
-0.0439725
-0.0434496
-0.0434433
-0.0434721
-0.0432994
-0.0432714
-0.043594
-0.0440495
-0.0435271
-0.0435994
-0.0435622
-0.0429783
-0.0432774
-0.0436916
-0.0432201
-0.0435299
-0.0437975
-0.0437349
-0.0436728
-0.0432475
-0.0434233
-0.04482
-0.0447083
-0.0441073
-0.0434136
-0.044184
-0.0440888
-0.0438755
-0.044351
-0.0432994
-0.0434472
-0.0433983
-0.0428339
-0.0434918
-0.0429552
-0.0434121
-0.043952
-0.043567
-0.0437713
-0.0434153
-0.0436895
-0.0445817
-0.0436061
-0.0436369
-0.0436689
-0.0435394
-0.0436206
-0.0429188
-0.0433929
-0.0427067
-0.0436175
-0.0437693
-0.0445237
-0.0436466
-0.0398909
-0.0445848
-0.0438019
-0.0438608
-0.0437358
-0.0441058
-0.0436626
-0.0439659
-0.0438442
-0.0438534
-0.0436904
-0.0436678
-0.0436137
-0.0437454
-0.0435781
-0.0436338
-0.0442774
-0.0426934
-0.0435281
-0.0442249
-0.0439652
-0.0419639
-0.043607
-0.0436185
-0.0436843
-0.0444074
-0.0443001
-0.0436604
-0.0432725
-0.0452567
-0.0443982
-0.0437598
-0.0434478
-0.0439327
-0.0437831
-0.0440565
-0.04446
-0.0441953
-0.0452376
-0.0446718
-0.0426017
-0.0433689
-0.0451306
-0.0430943
-0.0439064
-0.0438059
-0.0439522
-0.0443589
-0.0439608
-0.0439298
-0.0440638
-0.0457806
-0.0434908
-0.0437026
-0.0443113
-0.0443323
-0.0429672
-0.043915
-0.0434013
-0.0441604
-0.0438528
-0.043445
-0.0436245
-0.0444368
-0.0439843
-0.0450349
-0.0437538
-0.044923
-0.0435637
-0.0458787
-0.0444316
-0.0432995
-0.0441148
-0.0437728
-0.0438868
-0.0436697
-0.0439874
-0.0438253
-0.0440049
-0.043757
-0.0435273
-0.0443476
-0.0439462
-0.0433795
-0.0438737
-0.0439619
-0.0440626
-0.0440556
-0.0439222
-0.043924
-0.0438958
-0.0438572
-0.0440694
-0.0437434
-0.0440025
-0.0439742
-0.0438588
-0.0439301
-0.0439399
-0.0436972
-0.0439874
-0.0441148
-0.0419349
-0.043912
-0.043782
-0.0441846
-0.0441399
-0.043385
-0.0437416
-0.0437558
-0.0437823
-0.0433963
-0.0444188
-0.0434473
-0.0433711
-0.0439435
-0.0439318
-0.0436356
-0.0437571
-0.0433633
-0.043807
-0.0436392
-0.0435707
-0.0438276
-0.0433631
-0.0437339
-0.0433114
-0.0435623
-0.0435924
-0.0437432
-0.0438027
-0.0438244
-0.0436739
-0.0437773
-0.0437216
-0.0434789
-0.0436974
-0.0443173
-0.0435661
-0.043906
-0.0435692
-0.0437309
-0.0436162
-0.0436565
-0.0437336
-0.0437147
-0.0436891
-0.043704
-0.0437514
-0.0436465
-0.0439189
-0.0437869
-0.0436361
-0.0436428
-0.0437388
-0.0437461
-0.0438004
-0.0436764
-0.043397
-0.0433076
-0.0434405
-0.0436877
-0.0436152
-0.0441096
-0.0435765
-0.0436712
-0.0439195
-0.043639
-0.043809
-0.0444588
-0.0438677
-0.0435581
-0.0433961
-0.0437052
-0.0438202
-0.043428
-0.0437358
-0.0436073
-0.0437215
-0.0436874
-0.0435881
-0.043773
-0.04359
-0.043692
-0.0437468
-0.0437688
-0.0434978
-0.0440541
-0.0437873
-0.043537
-0.043823
-0.0436982
-0.0436659
-0.0434829
-0.0434621
-0.0438533
-0.0439065
-0.0436119
-0.0436712
-0.0433144
-0.0434268
-0.0439724
-0.0425101
-0.0438732
-0.0445836
-0.0443028
-0.0446124
-0.043857
-0.044177
-0.0438498
-0.0443126
-0.044261
-0.0436105
-0.0438221
-0.0437436
-0.0440633
-0.043731
-0.0438438
-0.0437388
-0.0439012
-0.0437108
-0.0437725
-0.0438075
-0.0438051
-0.0437887
-0.0440031
-0.0437762
-0.0439179
-0.0426493
-0.0445542
-0.0436517
-0.0440066
-0.0441092
-0.0445195
-0.0442547
-0.043735
-0.0430676
-0.0439078
-0.0440616
-0.0438257
-0.0431294
-0.043364
-0.0433563
-0.0440742
-0.0439626
-0.0432264
-0.0443915
-0.0434821
-0.0438649
-0.0436474
-0.0437008
-0.0435692
-0.0436368
-0.0440167
-0.0435072
-0.0446644
-0.0429904
-0.043129
-0.0443151
-0.0447003
-0.0430056
-0.0433623
-0.0446118
-0.0445905
-0.0433601
-0.0451534
-0.0432498
-0.0434615
-0.043917
-0.0437393
-0.0439119
-0.0436224
-0.0435393
-0.0438562
-0.0437712
-0.0440363
-0.0440307
-0.0439421
-0.0437129
-0.0438681
-0.0441815
-0.0440667
-0.0432236
-0.0446361
-0.0451067
-0.0433972
-0.044826
-0.0430608
-0.0434156
-0.0435689
-0.0437135
-0.0435288
-0.0439677
-0.0435693
-0.0435666
-0.0437667
-0.043786
-0.0435553
-0.043604
-0.0434306
-0.0437074
-0.0434996
-0.0433473
-0.044038
-0.0425491
-0.0440665
-0.043395
-0.0433088
-0.0418697
-0.0438722
-0.043718
-0.0436378
-0.0440598
-0.0437821
-0.0438989
-0.0437602
-0.0437492
-0.0433635
-0.0434577
-0.0439876
-0.0441138
-0.0433179
-0.0434578
-0.0439226
-0.0439972
-0.0436788
-0.0438687
-0.0437307
-0.0436258
-0.0437758
-0.0438759
-0.0437756
-0.0437449
-0.043648
-0.0437356
-0.0437778
-0.0437126
-0.0437372
-0.043844
-0.0444377
-0.043883
-0.0437806
-0.0436825
-0.0438085
-0.0448789
-0.0436692
-0.0435323
-0.0440017
-0.0436638
-0.0438336
-0.043593
-0.0437608
-0.0437784
-0.0436645
-0.0441057
-0.043478
-0.0435362
-0.043906
-0.044162
-0.0432624
-0.0457527
-0.0442528
-0.0433843
-0.0445218
-0.0435708
-0.0423662
-0.0444761
-0.043698
-0.0442647
-0.0434737
-0.0444206
-0.0445888
-0.0435467
-0.0437
-0.04346
-0.0436822
-0.0438984
-0.043484
-0.0438847
-0.043846
-0.0437097
-0.0436265
-0.0436748
-0.0437473
-0.0436992
-0.0437715
-0.0438256
-0.0438438
-0.043753
-0.043613
-0.0437688
-0.0437852
-0.0438019
-0.0437916
-0.0435215
-0.0435906
-0.0436782
-0.0436432
-0.0435507
-0.0436405
-0.0436311
-0.0435497
-0.0439019
-0.043765
-0.0436232
-0.043615
-0.0439039
-0.0435118
-0.043642
-0.0436481
-0.0436438
-0.0435982
-0.0436665
-0.043624
-0.0435803
-0.0434862
-0.0438591
-0.0436098
-0.0437526
-0.0435999
-0.043494
-0.0439351
-0.0437229
-0.0437284
-0.0436428
-0.043732
-0.0437743
-0.0437156
-0.0437206
-0.043723
-0.0440322
-0.0436488
-0.0437912
-0.0436706
-0.043827
-0.043758
-0.0437521
-0.0434985
-0.0436246
-0.0436699
-0.043692
-0.0436235
-0.0434714
-0.0436306
-0.0442371
-0.0436171
-0.0438948
-0.0437045
-0.0437605
-0.0436356
-0.0436424
-0.0437098
-0.0437859
-0.0438834
-0.0437435
-0.043762
-0.0437727
-0.043679
-0.0434944
-0.0437706
-0.0437977
-0.0436721
-0.0434403
-0.043805
-0.043784
-0.043684
-0.0439819
-0.0439881
-0.0441345
-0.0436749
-0.0436829
-0.0437213
-0.0436951
-0.0436777
-0.0437903
-0.0436809
-0.0436463
-0.043719
-0.0437161
-0.0436573
-0.043737
-0.0437472
-0.0437174
-0.0439385
-0.0436162
-0.0437452
-0.0437315
-0.0437222
-0.0437294
-0.0437155
-0.0437182
-0.0437686
-0.0437828
-0.0437958
-0.0436515
-0.0436763
-0.0438186
-0.0437656
-0.0437226
-0.0438829
-0.0437971
-0.0434003
-0.0434798
-0.0438224
-0.043737
-0.0435176
-0.0435178
-0.0435728
-0.0436227
-0.0437596
-0.0436845
-0.0434956
-0.0435916
-0.043606
-0.0437154
-0.043738
-0.0435501
-0.0436815
-0.0436709
-0.0434175
-0.0437248
-0.0434348
-0.0436318
-0.0436031
-0.0435356
-0.0437137
-0.0435048
-0.0438843
-0.0442004
-0.0435861
-0.0435626
-0.0441042
-0.0439344
-0.043687
-0.0436585
-0.0439025
-0.0439644
-0.043564
-0.0436495
-0.0439342
-0.0434646
-0.0435293
-0.0436019
-0.043519
-0.0438709
-0.0435505
-0.0436307
-0.0434049
-0.0437008
-0.0440459
-0.0439262
-0.0437678
-0.0437702
-0.0440847
-0.0436878
-0.0437032
-0.0436798
-0.0436572
-0.0437285
-0.0437444
-0.0436634
-0.0436788
-0.043597
-0.0440076
-0.0436967
-0.0438679
-0.0436978
-0.0436622
-0.044055
-0.0438155
-0.0437421
-0.0439878
-0.0437934
-0.0437267
-0.0440164
-0.0439686
-0.0436858
-0.0436538
-0.0436028
-0.043515
-0.043649
-0.0436592
-0.0436713
-0.0436286
-0.0442046
-0.0438348
-0.0435126
-0.0436189
-0.0437235
-0.0435986
-0.0438574
-0.0436988
-0.0437183
-0.0436737
-0.0437827
-0.0436684
-0.0437282
-0.0437459
-0.0440433
-0.0436862
-0.0436244
-0.0437853
-0.0436736
-0.0437628
-0.0437533
-0.0435895
-0.0437191
-0.0437332
-0.0437004
-0.043913
-0.0437755
-0.0437999
-0.043692
-0.0437812
-0.0436337
-0.0437748
-0.0437852
-0.0437048
-0.0436238
-0.0437441
-0.0437264
-0.043695
-0.043622
-0.0437944
-0.0437243
-0.0457032
-0.0442282
-0.0437926
-0.0440424
-0.0436432
-0.0439662
-0.0441075
-0.043818
-0.0437338
-0.043674
-0.044005
-0.0436339
-0.0437226
-0.0438116
-0.043826
-0.0437661
-0.0439273
-0.0447224
-0.0424232
-0.0437012
-0.0438373
-0.0436756
-0.0440112
-0.0439798
-0.045446
-0.0419615
-0.0437109
-0.0437799
-0.0439222
-0.0479267
-0.0435688
-0.0435191
-0.0440509
-0.0437389
-0.0437628
-0.0439458
-0.0474294
-0.0435797
-0.0447148
-0.044456
-0.0424758
-0.0438335
-0.0433018
-0.0447572
-0.044656
-0.0433743
-0.0451659
-0.0431973
-0.0434063
-0.0439882
-0.0438068
-0.044149
-0.043614
-0.0434959
-0.0438664
-0.0439639
-0.0439503
-0.043996
-0.0438955
-0.0436545
-0.0438006
-0.044017
-0.0441098
-0.0431424
-0.0448417
-0.0450987
-0.0434164
-0.0449252
-0.043384
-0.0430256
-0.0445599
-0.0430644
-0.0442506
-0.0437538
-0.0440843
-0.0437882
-0.0438787
-0.0431093
-0.0434139
-0.0433071
-0.0441095
-0.0443791
-0.0432643
-0.0439817
-0.043489
-0.0438993
-0.0437359
-0.0436705
-0.043625
-0.0440152
-0.0435682
-0.0455886
-0.04353
-0.0443776
-0.0433254
-0.0436621
-0.0441858
-0.0429958
-0.0432131
-0.043471
-0.044187
-0.0437885
-0.0443893
-0.0438624
-0.0435421
-0.0449493
-0.04369
-0.0448574
-0.0434542
-0.0443906
-0.0457584
-0.0431666
-0.0439901
-0.0437009
-0.0435168
-0.043745
-0.0437078
-0.0438805
-0.0438748
-0.0423275
-0.0434613
-0.0443215
-0.0444342
-0.0433821
-0.0434151
-0.0446894
-0.0446287
-0.0441299
-0.0427957
-0.0427775
-0.0444171
-0.0427606
-0.0441968
-0.04331
-0.0437449
-0.0434793
-0.043016
-0.0434519
-0.0436311
-0.0436539
-0.0431824
-0.0437454
-0.0434511
-0.0429446
-0.0435057
-0.0432918
-0.0436084
-0.0451576
-0.0389994
-0.0428009
-0.0449336
-0.0446376
-0.0420418
-0.045535
-0.0451053
-0.040268
-0.0428284
-0.0439758
-0.0420255
-0.0459455
-0.044291
-0.0438686
-0.0438393
-0.0439973
-0.0437798
-0.0438196
-0.0437351
-0.0437688
-0.0438679
-0.0437555
-0.0435616
-0.0437134
-0.0436532
-0.0435909
-0.0435272
-0.0434425
-0.0429326
-0.0430738
-0.0435745
-0.0438112
-0.0438291
-0.0436234
-0.0437912
-0.0436749
-0.0454396
-0.0437052
-0.0435234
-0.0434034
-0.0436815
-0.0436287
-0.0440742
-0.0437911
-0.0438768
-0.0437169
-0.0441243
-0.0438538
-0.0443234
-0.0415907
-0.0432936
-0.0439286
-0.0434995
-0.0414946
-0.0437896
-0.0440337
-0.0437782
-0.0438916
-0.0439794
-0.0440303
-0.0437117
-0.0437648
-0.0394157
-0.0426845
-0.0437612
-0.0447766
-0.043561
-0.0420034
-0.0442692
-0.0433139
-0.0432419
-0.0441753
-0.0436714
-0.0438458
-0.0432463
-0.0438764
-0.0434273
-0.0432805
-0.0435039
-0.0434677
-0.0434582
-0.0434879
-0.0434641
-0.0435195
-0.0429944
-0.0433151
-0.043548
-0.0434102
-0.0435573
-0.0445785
-0.0436085
-0.043683
-0.04481
-0.0432568
-0.0429054
-0.0429711
-0.0436034
-0.0436692
-0.0441535
-0.04249
-0.0438513
-0.0437165
-0.0433796
-0.0441907
-0.0440679
-0.0435382
-0.0449063
-0.0432611
-0.0457843
-0.0445992
-0.0431858
-0.0437164
-0.0438535
-0.0435195
-0.0436008
-0.0441431
-0.043665
-0.0435596
-0.0444804
-0.0443524
-0.045267
-0.0445205
-0.0439959
-0.0438856
-0.0438184
-0.0439229
-0.0448891
-0.0432252
-0.0459585
-0.0462712
-0.0428474
-0.0442732
-0.0446211
-0.0449943
-0.0471279
-0.0438493
-0.0465202
-0.0465187
-0.0428451
-0.0452395
-0.0456966
-0.0461214
-0.0464915
-0.0466529
-0.0451213
-0.0464447
-0.0436047
-0.0434132
-0.0442239
-0.0441326
-0.0437536
-0.0431699
-0.0435239
-0.0445905
-0.0440661
-0.0449092
-0.0446641
-0.0442124
-0.0449316
-0.044241
-0.0444037
-0.044823
-0.0443125
-0.0448225
-0.0441095
-0.0437993
-0.0451961
-0.0449784
-0.0437299
-0.0413816
-0.0434768
-0.0430781
-0.0429446
-0.0456156
-0.0462421
-0.0458896
-0.0464359
-0.0458287
-0.0464228
-0.0460692
-0.0463126
-0.0441385
-0.0390673
-0.0407028
-0.0402299
-0.0432992
-0.0415029
-0.0417826
-0.0457794
-0.044199
-0.0460579
-0.0448087
-0.0456534
-0.0440732
-0.0462361
-0.0376908
-0.0428396
-0.0437563
-0.04336
-0.0414455
-0.0416579
-0.0405795
-0.0413487
-0.044013
-0.0431343
-0.0430661
-0.0426646
-0.0411446
-0.0423991
-0.0428326
-0.0433851
-0.0457413
-0.0437183
-0.0436064
-0.0438231
-0.043965
-0.0433724
-0.0434668
-0.0438638
-0.0439126
-0.043511
-0.0435112
-0.0438137
-0.0420214
-0.0410382
-0.0372013
-0.0401108
-0.0373037
-0.0399175
-0.042792
-0.0415227
-0.0391409
-0.0379149
-0.0340412
-0.042392
-0.0351738
-0.0387813
-0.0430371
-0.0438143
-0.0441778
-0.0399579
-0.04457
-0.038933
-0.0432295
-0.0345861
-0.0266008
-0.0315088
-0.0360593
-0.0264197
-0.0353008
-0.0348733
-0.0369594
-0.0387968
-0.0352557
-0.0413268
-0.0414739
-0.0361026
-0.0354739
-0.0373589
-0.033948
-0.0301621
-0.0377011
-0.0300839
-0.0368757
-0.0375223
-0.0331348
-0.0262517
-0.0339614
-0.0292315
-0.0330021
-0.025965
-0.0344521
-0.0337235
-0.0383356
-0.0334805
-0.0402499
-0.0402975
-0.0326797
-0.034805
-0.0293627
-0.0261986
-0.0124413
-0.0198466
-0.0265999
-0.0201793
-0.0290146
-0.0319702
-0.0279066
-0.0255116
-0.0332356
-0.0256486
-0.0331855
-0.0319863
-0.0342886
-0.0257256
-0.0367219
-0.0304595
-0.0341168
-0.0265988
-0.0376004
-0.0335836
-0.0253191
-0.00964453
-0.0243032
-0.0333821
-0.0256328
-0.0245516
-0.0339402
-0.031787
-0.025818
-0.0378509
-0.0337401
-0.0262677
-0.03781
-0.0331346
-0.0262488
-0.0292294
-0.0339578
-0.0259617
-0.0329956
-0.0344542
-0.0293558
-0.0261949
-0.0124363
-0.0198442
-0.0201741
-0.0265921
-0.0290115
-0.0336988
-0.0383245
-0.0334774
-0.0402436
-0.0402866
-0.0326681
-0.0348165
-0.0319654
-0.027903
-0.0255082
-0.0332327
-0.0256443
-0.0319825
-0.0331801
-0.0345762
-0.0265944
-0.0360526
-0.0315125
-0.03529
-0.0263968
-0.0348707
-0.0369543
-0.0387787
-0.0352399
-0.0413138
-0.0414614
-0.036091
-0.035466
-0.0373357
-0.0339516
-0.0301977
-0.0377268
-0.0301098
-0.037506
-0.036898
-0.0344596
-0.0272733
-0.0364167
-0.0290311
-0.0344507
-0.0278583
-0.0354579
-0.0353978
-0.0288954
-0.0279071
-0.0370263
-0.0357177
-0.0291491
-0.0354169
-0.0439442
-0.0448393
-0.0432627
-0.046003
-0.0462477
-0.0428406
-0.0443276
-0.0445781
-0.0449464
-0.0437611
-0.0470752
-0.0464714
-0.0427772
-0.0464449
-0.0452815
-0.0457388
-0.0461997
-0.0464973
-0.0466656
-0.0451831
-0.0464369
-0.0445241
-0.0443999
-0.0453432
-0.0445596
-0.0440477
-0.0439459
-0.0438485
-0.0448967
-0.0436708
-0.0413399
-0.0434251
-0.0428914
-0.0430494
-0.0455386
-0.0440611
-0.0390497
-0.0406846
-0.0401995
-0.0417367
-0.0432453
-0.0414764
-0.0462269
-0.0459274
-0.0464299
-0.0458505
-0.0464061
-0.0460719
-0.0463406
-0.0457392
-0.0442036
-0.0447879
-0.0460593
-0.0440561
-0.0456631
-0.0462022
-0.0436119
-0.0434169
-0.0441472
-0.0442314
-0.043766
-0.0435358
-0.0431708
-0.0446136
-0.0440836
-0.0449325
-0.0446873
-0.0442308
-0.0449598
-0.0442644
-0.0444279
-0.044867
-0.0443424
-0.0448595
-0.044128
-0.0438295
-0.0452341
-0.0435563
-0.0433099
-0.0433743
-0.0436844
-0.0434941
-0.0423097
-0.0430424
-0.0420672
-0.0410955
-0.0372926
-0.0401758
-0.042828
-0.0399872
-0.0373862
-0.0415764
-0.0392345
-0.037998
-0.0341423
-0.0424488
-0.0388618
-0.0352621
-0.0430661
-0.0438183
-0.0399974
-0.0441803
-0.0432513
-0.0389765
-0.0445775
-0.0428261
-0.0433836
-0.0437163
-0.0457294
-0.0436
-0.0438216
-0.0439647
-0.0433614
-0.0434617
-0.0438587
-0.0439109
-0.0435042
-0.0435014
-0.0438114
-0.042354
-0.0440557
-0.0435959
-0.0441181
-0.0443294
-0.0436939
-0.0458037
-0.0436457
-0.0438006
-0.0440871
-0.0438881
-0.0437336
-0.0438623
-0.0441364
-0.0443382
-0.0416026
-0.0433045
-0.0439396
-0.0438003
-0.0415041
-0.0435177
-0.0440461
-0.043788
-0.0439932
-0.043905
-0.0437753
-0.0437247
-0.0440418
-0.0433497
-0.0432715
-0.0436954
-0.0442102
-0.0432709
-0.0438801
-0.0438974
-0.0434535
-0.0433071
-0.043532
-0.0434885
-0.0434793
-0.0434861
-0.0435171
-0.0435422
-0.0430069
-0.0435604
-0.0433328
-0.0434236
-0.044587
-0.0435777
-0.0436394
-0.0437158
-0.0432934
-0.0448428
-0.0436276
-0.0429401
-0.0430102
-0.0394406
-0.0427185
-0.0448212
-0.0437835
-0.0420365
-0.0435869
-0.044312
-0.0436995
-0.0425319
-0.0441744
-0.0438711
-0.0437492
-0.0442182
-0.0434054
-0.0441
-0.0435559
-0.0449435
-0.0432913
-0.0446173
-0.0458119
-0.0432138
-0.0437551
-0.0438645
-0.0436312
-0.0435472
-0.0436989
-0.0441512
-0.043599
-0.0457081
-0.0442207
-0.0440386
-0.0437859
-0.0439575
-0.0441051
-0.0436385
-0.0438131
-0.0437331
-0.0440037
-0.043672
-0.0438088
-0.0436168
-0.0437247
-0.0436735
-0.0440114
-0.0439808
-0.0454397
-0.0437133
-0.0419585
-0.043774
-0.0438174
-0.043763
-0.0439204
-0.0447112
-0.042404
-0.0437024
-0.0438319
-0.0439484
-0.0474218
-0.0435727
-0.0447251
-0.0438314
-0.0444543
-0.042479
-0.0439171
-0.0479266
-0.0435574
-0.0435077
-0.0440449
-0.0437377
-0.0437594
-0.0434707
-0.0429344
-0.04483
-0.0431718
-0.0444188
-0.0429633
-0.0447505
-0.0433795
-0.0448214
-0.0432567
-0.044834
-0.0432558
-0.0452983
-0.0433426
-0.0439601
-0.0437859
-0.0441349
-0.043571
-0.0434846
-0.043842
-0.043926
-0.0439229
-0.0439947
-0.0436567
-0.0438468
-0.0437682
-0.0440627
-0.04398
-0.0431413
-0.0448444
-0.0434368
-0.0451122
-0.0433849
-0.0430146
-0.044946
-0.0445435
-0.0440675
-0.0428484
-0.0438103
-0.0439927
-0.0438177
-0.0438415
-0.0430893
-0.0434141
-0.0432961
-0.0441146
-0.0432494
-0.0439613
-0.0443853
-0.0434599
-0.0438869
-0.0436749
-0.0437572
-0.0435487
-0.0439435
-0.043633
-0.0436805
-0.0433911
-0.0437805
-0.0442695
-0.0437792
-0.0432925
-0.0438507
-0.0438106
-0.0438254
-0.043705
-0.043743
-0.0436864
-0.0438438
-0.0436182
-0.0435751
-0.043925
-0.0436908
-0.0438702
-0.0437796
-0.0436097
-0.0438259
-0.0437656
-0.0439565
-0.0437282
-0.0418566
-0.0438968
-0.0436126
-0.0440116
-0.04562
-0.0435146
-0.0433355
-0.0443514
-0.0441819
-0.0436637
-0.043007
-0.0432227
-0.0441415
-0.0433165
-0.0438244
-0.0443361
-0.0435102
-0.0439199
-0.0449477
-0.043692
-0.0448013
-0.0434312
-0.0444132
-0.045687
-0.043143
-0.0440391
-0.0437178
-0.0437486
-0.0435297
-0.0438932
-0.0437269
-0.0439214
-0.0446141
-0.0441309
-0.0427719
-0.0427564
-0.0427301
-0.0441914
-0.0444134
-0.0431626
-0.0437351
-0.0434588
-0.0429372
-0.0435809
-0.0432915
-0.0434955
-0.0432742
-0.0437143
-0.0434083
-0.043028
-0.0436502
-0.0433847
-0.0435944
-0.0450893
-0.0402734
-0.0428118
-0.0439658
-0.0419986
-0.0442767
-0.0459407
-0.045131
-0.0389989
-0.0427542
-0.0448821
-0.042023
-0.0446268
-0.04549
-0.0437322
-0.0436384
-0.043684
-0.0437508
-0.0437071
-0.0438084
-0.0437842
-0.0435069
-0.0435922
-0.0436616
-0.0436483
-0.0435112
-0.0436119
-0.0436511
-0.0436135
-0.0439218
-0.0436357
-0.0438008
-0.0436521
-0.0435565
-0.0439562
-0.0435435
-0.0439413
-0.0436054
-0.0437334
-0.0436042
-0.0435104
-0.0440667
-0.0437439
-0.0437248
-0.0436395
-0.0437334
-0.0437818
-0.043712
-0.0437191
-0.0437712
-0.0440607
-0.0436534
-0.0437801
-0.0437305
-0.0438338
-0.0437749
-0.0436556
-0.0442631
-0.0439262
-0.0435967
-0.0437827
-0.0437032
-0.0436357
-0.0437215
-0.0437111
-0.0437954
-0.0436679
-0.0436767
-0.0436783
-0.0437161
-0.0436954
-0.0437215
-0.0437513
-0.0437351
-0.043635
-0.0437471
-0.0439299
-0.0437711
-0.0437775
-0.0436384
-0.0436715
-0.0437181
-0.043803
-0.0437535
-0.0438352
-0.0441249
-0.0435657
-0.04352
-0.0438804
-0.0440447
-0.0436748
-0.0434815
-0.0435744
-0.0434811
-0.0438658
-0.0434406
-0.0435107
-0.0436482
-0.0438342
-0.0437636
-0.0439955
-0.0437994
-0.0437344
-0.0440273
-0.0439865
-0.0437144
-0.0436442
-0.0435967
-0.0434958
-0.0436687
-0.0436464
-0.0436543
-0.0436834
-0.044221
-0.0438361
-0.0435118
-0.0437225
-0.0436201
-0.0436142
-0.0438009
-0.0440563
-0.0435905
-0.043667
-0.0437428
-0.0437145
-0.0437866
-0.0437607
-0.0436039
-0.0437324
-0.0437128
-0.0437047
-0.043909
-0.0437699
-0.0436052
-0.0437396
-0.0437168
-0.043716
-0.0435976
-0.0437766
-0.0437488
-0.0445735
-0.0436022
-0.0431713
-0.0442085
-0.0443679
-0.0433707
-0.0443775
-0.0438389
-0.0435459
-0.0433366
-0.0441541
-0.0441348
-0.043503
-0.0439664
-0.0436906
-0.0435998
-0.0440366
-0.0436759
-0.0439163
-0.043647
-0.0438076
-0.0432215
-0.0457642
-0.0433127
-0.0441877
-0.0423728
-0.0445765
-0.0435228
-0.0438851
-0.0435526
-0.0443015
-0.0435235
-0.0442374
-0.0436707
-0.0439549
-0.0435428
-0.0437821
-0.0438647
-0.0434735
-0.0436266
-0.0437842
-0.0433039
-0.04345
-0.0436679
-0.0434413
-0.0438788
-0.0435678
-0.0432984
-0.0436628
-0.0438998
-0.0439094
-0.0434932
-0.0433837
-0.0438021
-0.0438825
-0.0435319
-0.0435184
-0.0436559
-0.0436788
-0.0434957
-0.0436159
-0.0436457
-0.0432673
-0.0435476
-0.0434534
-0.0436965
-0.0437743
-0.043456
-0.0437516
-0.0435587
-0.0436936
-0.0434335
-0.0435516
-0.043598
-0.0435189
-0.0434974
-0.0436764
-0.0435234
-0.0436139
-0.0435669
-0.0436108
-0.0435243
-0.0435965
-0.0435933
-0.0436228
-0.0435992
-0.043661
-0.043617
-0.0435842
-0.0436975
-0.0436483
-0.043528
-0.0436259
-0.0436999
-0.0435487
-0.0435879
-0.0434644
-0.0435839
-0.0436399
-0.0436562
-0.0436229
-0.0436302
-0.0435662
-0.0436624
-0.043671
-0.0435264
-0.0434816
-0.0435809
-0.0435831
-0.0434834
-0.0434825
-0.0436219
-0.0435098
-0.0435788
-0.0435996
-0.043609
-0.0435155
-0.0435595
-0.0436053
-0.0435274
-0.0435931
-0.0436528
-0.043617
-0.0435108
-0.0436127
-0.0436097
-0.0434918
-0.0436074
-0.0435817
-0.0436167
-0.0435098
-0.0435313
-0.0436194
-0.04361
-0.0435618
-0.0436329
-0.0436568
-0.0436157
-0.043608
-0.0436022
-0.0436221
-0.0436305
-0.0436454
-0.0436153
-0.0436222
-0.0436293
-0.0436237
-0.0436266
-0.0436382
-0.0436156
-0.0436386
-0.0436142
-0.0436229
-0.043629
-0.043609
-0.0436746
-0.0436104
-0.0436051
-0.0436119
-0.043614
-0.0436124
-0.0436765
-0.043682
-0.0436499
-0.0436271
-0.0437014
-0.0436279
-0.0436261
-0.0437319
-0.0436632
-0.0441264
-0.0436442
-0.0437229
-0.0439294
-0.0436297
-0.0437267
-0.0436
-0.0436136
-0.0436446
-0.0438636
-0.0436109
-0.0436555
-0.0435934
-0.0435694
-0.0436686
-0.0436326
-0.043619
-0.0436085
-0.0436494
-0.0435735
-0.0435884
-0.0435887
-0.0436284
-0.0435683
-0.0435915
-0.0436291
-0.0435827
-0.0436491
-0.0436031
-0.0435969
-0.0435917
-0.043598
-0.0436384
-0.043576
-0.0436135
-0.0435793
-0.0436176
-0.0435636
-0.0435878
-0.0436257
-0.04358
-0.0436286
-0.0436205
-0.0436847
-0.0436004
-0.0436163
-0.0436178
-0.0435972
-0.0435346
-0.0435986
-0.0435679
-0.0435896
-0.043598
-0.0435662
-0.0436045
-0.0436117
-0.0436739
-0.043568
-0.0436402
-0.043591
-0.0435569
-0.0436227
-0.043683
-0.0436219
-0.0435905
-0.0436543
-0.0436203
-0.0435743
-0.0435569
-0.0436855
-0.0436209
-0.0438257
-0.0437074
-0.0437494
-0.0436323
-0.0436234
-0.0434922
-0.0437494
-0.0437229
-0.0435858
-0.0437435
-0.0433938
-0.0437419
-0.0436464
-0.0438585
-0.0439106
-0.0436159
-0.0440869
-0.0436956
-0.0436217
-0.0435683
-0.0437173
-0.0435812
-0.0435291
-0.0435565
-0.0436845
-0.043669
-0.0436967
-0.0436535
-0.0436301
-0.0436637
-0.0436888
-0.0436584
-0.0437024
-0.0436624
-0.043689
-0.0437557
-0.0438868
-0.0436781
-0.0436243
-0.0436973
-0.0437426
-0.0435409
-0.0436223
-0.0436902
-0.0437426
-0.0436107
-0.0432409
-0.0434145
-0.0439929
-0.043865
-0.0433621
-0.0432644
-0.0437859
-0.0436355
-0.043676
-0.0435645
-0.0435444
-0.0436082
-0.0435846
-0.043645
-0.0438776
-0.0435643
-0.0437001
-0.043571
-0.0435906
-0.0435262
-0.0438052
-0.0437102
-0.0442463
-0.0436605
-0.0437784
-0.0447323
-0.0436706
-0.0435875
-0.0434544
-0.0492769
-0.0429866
-0.0438337
-0.0443756
-0.0443551
-0.0435974
-0.0437849
-0.043626
-0.0436095
-0.0437809
-0.0438113
-0.043903
-0.0437341
-0.0436963
-0.0436789
-0.0445018
-0.04384
-0.0437773
-0.0438481
-0.043675
-0.04375
-0.0434898
-0.0439189
-0.0437986
-0.0441334
-0.0435835
-0.0438234
-0.043607
-0.0437326
-0.0439015
-0.0436598
-0.0430448
-0.0436795
-0.0435844
-0.0441255
-0.0437731
-0.043629
-0.0437985
-0.043815
-0.043577
-0.0438076
-0.0442134
-0.0426075
-0.0438696
-0.0435834
-0.0451005
-0.0436219
-0.0428275
-0.0434468
-0.0436315
-0.0434895
-0.0436346
-0.0436728
-0.0439319
-0.0436421
-0.0425004
-0.0439557
-0.0438394
-0.0435648
-0.0436911
-0.0439462
-0.043903
-0.0436693
-0.0438057
-0.043632
-0.0437414
-0.0437537
-0.0438278
-0.0437135
-0.0438812
-0.0436664
-0.0434826
-0.0437813
-0.0437491
-0.0435126
-0.0438122
-0.0436472
-0.04368
-0.0435696
-0.0434707
-0.043935
-0.0439026
-0.0436366
-0.0437484
-0.0437556
-0.0440393
-0.0435427
-0.0438527
-0.043579
-0.0437749
-0.0434194
-0.0439171
-0.0439023
-0.04365
-0.0438178
-0.0433833
-0.0437415
-0.0435015
-0.0439186
-0.0438591
-0.0438448
-0.0445933
-0.0435304
-0.0433482
-0.0436244
-0.0436651
-0.0437853
-0.0437803
-0.0436895
-0.0437596
-0.0436369
-0.0435239
-0.0437103
-0.043554
-0.0443293
-0.0437685
-0.0438861
-0.0436332
-0.0438255
-0.0436315
-0.0440414
-0.0435755
-0.0435458
-0.04379
-0.043767
-0.043744
-0.0438797
-0.0436281
-0.0437317
-0.0437141
-0.0436899
-0.0437673
-0.0436398
-0.0437531
-0.0438375
-0.0437347
-0.0437273
-0.0437148
-0.0437467
-0.0440931
-0.0435099
-0.043624
-0.043864
-0.0442943
-0.0435681
-0.0438593
-0.043881
-0.0436877
-0.0434329
-0.0434573
-0.0436969
-0.0437437
-0.0434642
-0.0435935
-0.0408511
-0.0447926
-0.0440415
-0.0429303
-0.0433654
-0.0439308
-0.0434298
-0.0439689
-0.0452788
-0.0435535
-0.0433536
-0.0443698
-0.0435957
-0.0431412
-0.0437937
-0.0450441
-0.0433483
-0.0432639
-0.0441232
-0.0431217
-0.0437022
-0.0436725
-0.0436015
-0.0436073
-0.0435304
-0.0436966
-0.0434058
-0.0435584
-0.043578
-0.0437712
-0.043648
-0.0435866
-0.0437559
-0.0437154
-0.0432991
-0.0437209
-0.0439601
-0.0438197
-0.0437391
-0.0435899
-0.0437487
-0.0439966
-0.0449526
-0.0437341
-0.0438204
-0.0441669
-0.0450596
-0.0435338
-0.0435593
-0.0434465
-0.0435302
-0.0435816
-0.0435842
-0.0433286
-0.0435538
-0.0455997
-0.0443207
-0.0432279
-0.0435495
-0.0424398
-0.043416
-0.0442107
-0.043787
-0.0434764
-0.0439239
-0.0431767
-0.0433227
-0.043597
-0.0433356
-0.0433691
-0.0434747
-0.0438057
-0.0431946
-0.0431118
-0.0435484
-0.0433109
-0.0439231
-0.043429
-0.0435755
-0.0426427
-0.0428626
-0.0434887
-0.0439022
-0.0436939
-0.0423932
-0.0438103
-0.0436152
-0.0431274
-0.0423727
-0.0436521
-0.0435543
-0.0433918
-0.0435428
-0.0437052
-0.0435419
-0.0435497
-0.0436333
-0.0436815
-0.04369
-0.0437178
-0.0437452
-0.0436257
-0.0435187
-0.0437378
-0.04374
-0.043566
-0.0432439
-0.0435972
-0.0441476
-0.0439648
-0.0436186
-0.0439211
-0.0437424
-0.0442969
-0.0437543
-0.0435327
-0.0438748
-0.043801
-0.0434529
-0.0433953
-0.0440355
-0.0432337
-0.0434345
-0.0438009
-0.0438995
-0.0437656
-0.0456746
-0.0434655
-0.0433062
-0.0440941
-0.0434275
-0.0435213
-0.0437087
-0.043532
-0.0437976
-0.043715
-0.0435141
-0.0436855
-0.0435925
-0.0435502
-0.0435552
-0.0437227
-0.0434252
-0.0438251
-0.0433013
-0.0434748
-0.0434872
-0.0436147
-0.0436935
-0.0446185
-0.0433498
-0.0436769
-0.0432508
-0.0436766
-0.0432971
-0.0437521
-0.0435915
-0.0434011
-0.0436443
-0.0435419
-0.0435398
-0.0437278
-0.0434056
-0.0435466
-0.0436575
-0.0435844
-0.0433447
-0.0437803
-0.0436776
-0.0437501
-0.0436575
-0.0437004
-0.0435437
-0.0436328
-0.0435248
-0.0435644
-0.0429079
-0.0438156
-0.0432922
-0.0438131
-0.0438415
-0.0426444
-0.0434003
-0.0436076
-0.043894
-0.0427716
-0.0429321
-0.0440759
-0.0433541
-0.0435765
-0.0434989
-0.0432083
-0.0434707
-0.0435495
-0.0433306
-0.0439192
-0.0433359
-0.0431093
-0.0422838
-0.0433905
-0.0421357
-0.0437295
-0.0435671
-0.0453219
-0.0436564
-0.0436063
-0.0435685
-0.0452727
-0.0422012
-0.0436462
-0.0445365
-0.0438261
-0.0445055
-0.0438159
-0.0445071
-0.0439462
-0.0432512
-0.0434232
-0.0433995
-0.0436137
-0.0435439
-0.043325
-0.0433508
-0.0437994
-0.0440931
-0.0438756
-0.0453092
-0.043211
-0.0441244
-0.0448258
-0.0437515
-0.0435381
-0.0442726
-0.0445406
-0.0438416
-0.0443657
-0.0442851
-0.0432957
-0.0434707
-0.0433385
-0.0435927
-0.0435607
-0.0433555
-0.0432652
-0.0433558
-0.0433247
-0.0418006
-0.0437219
-0.0432028
-0.0437716
-0.0434797
-0.0437677
-0.0442939
-0.0438219
-0.0444229
-0.0440256
-0.0443155
-0.0438924
-0.0438983
-0.0443319
-0.0443645
-0.0437446
-0.0439985
-0.0433439
-0.0444229
-0.0436144
-0.0433315
-0.0416776
-0.0437118
-0.0434709
-0.0434967
-0.044176
-0.0439785
-0.0440952
-0.0435929
-0.044203
-0.0437386
-0.0442656
-0.0444714
-0.0288427
-0.0335689
-0.0298701
-0.0342545
-0.0288062
-0.0339834
-0.0290736
-0.0264128
-0.0231509
-0.0304493
-0.0318705
-0.0261976
-0.0232199
-0.0317781
-0.0263584
-0.0318689
-0.0228711
-0.0309569
-0.0263437
-0.0226539
-0.0322171
-0.0291478
-0.033831
-0.0338132
-0.0281341
-0.0290912
-0.0336598
-0.0284837
-0.0320879
-0.0346543
-0.0311398
-0.0354241
-0.0317867
-0.0344367
-0.0309638
-0.0328591
-0.0337202
-0.0359228
-0.035798
-0.033359
-0.0338322
-0.0354908
-0.0328686
-0.0351295
-0.0347831
-0.0354799
-0.0326553
-0.0340747
-0.0349276
-0.0307834
-0.0364495
-0.0358851
-0.0306633
-0.0304144
-0.0351149
-0.030498
-0.0299892
-0.0302039
-0.0356363
-0.0354754
-0.029304
-0.0301879
-0.0363835
-0.0301972
-0.0297118
-0.0383193
-0.0389794
-0.0379544
-0.0301826
-0.0297492
-0.0297271
-0.0353055
-0.0284639
-0.0366875
-0.0286907
-0.0363249
-0.0296985
-0.0304461
-0.0368126
-0.0303979
-0.038789
-0.0304607
-0.0377898
-0.0300911
-0.0298754
-0.0360469
-0.0357245
-0.0265941
-0.035488
-0.0270091
-0.0293611
-0.0290527
-0.0360857
-0.0333722
-0.0273322
-0.0347712
-0.0292418
-0.0271347
-0.0341962
-0.0352054
-0.0345398
-0.0359983
-0.0344248
-0.0375063
-0.0339991
-0.024827
-0.0345213
-0.025773
-0.0360641
-0.0242778
-0.0347652
-0.0276097
-0.0221243
-0.0234587
-0.0348857
-0.0340908
-0.0233968
-0.0344253
-0.0221323
-0.0230351
-0.0349728
-0.0244465
-0.0349316
-0.023651
-0.0246622
-0.0347428
-0.023916
-0.0333977
-0.0334293
-0.0284986
-0.0338465
-0.028939
-0.0235797
-0.0295031
-0.0352616
-0.0279876
-0.0362877
-0.0287243
-0.0358453
-0.0307762
-0.0334857
-0.0339283
-0.0356661
-0.035947
-0.0344315
-0.0356645
-0.0334523
-0.0326277
-0.0351791
-0.0352335
-0.0355903
-0.034531
-0.0329724
-0.0354991
-0.0313906
-0.0368288
-0.0366199
-0.0321077
-0.0363139
-0.0320684
-0.030991
-0.0298414
-0.0282793
-0.035436
-0.0332903
-0.0279247
-0.0313953
-0.0334082
-0.0293228
-0.0344734
-0.0302722
-0.034103
-0.0288896
-0.0337239
-0.0308455
-0.0264214
-0.0331374
-0.0229496
-0.0332806
-0.0261429
-0.0234553
-0.0323254
-0.0301327
-0.0348119
-0.0351654
-0.0342769
-0.030549
-0.034809
-0.0319809
-0.0299943
-0.0356281
-0.0302033
-0.0354875
-0.0292955
-0.0363786
-0.0302032
-0.0302016
-0.0297135
-0.0383187
-0.0389802
-0.0297539
-0.030184
-0.0379549
-0.0297293
-0.0353016
-0.0284633
-0.0366957
-0.028688
-0.0296999
-0.0363179
-0.0304497
-0.0368185
-0.0387908
-0.0304046
-0.0300964
-0.0377897
-0.030466
-0.0321053
-0.0311511
-0.034669
-0.0354377
-0.0318035
-0.0309813
-0.0344519
-0.0328888
-0.0337381
-0.0359259
-0.0358145
-0.0355053
-0.0338471
-0.0333877
-0.0328896
-0.0351467
-0.0348016
-0.0354817
-0.0326801
-0.0349435
-0.0340885
-0.0307984
-0.0364598
-0.0306801
-0.0358997
-0.0305096
-0.0351296
-0.0304342
-0.0253045
-0.0344715
-0.0356514
-0.0267634
-0.0339506
-0.0247041
-0.0287747
-0.0232646
-0.0238441
-0.034051
-0.0336528
-0.0333331
-0.0237849
-0.0231904
-0.0232455
-0.0348897
-0.0344338
-0.0244334
-0.0341221
-0.0236207
-0.0247365
-0.0254459
-0.0351156
-0.0335559
-0.0287381
-0.0331677
-0.0250616
-0.0291706
-0.0299444
-0.0360873
-0.0268947
-0.0361824
-0.027053
-0.035706
-0.0295074
-0.0290677
-0.0359817
-0.0272122
-0.0333911
-0.0292155
-0.0270667
-0.0348869
-0.0342621
-0.0354844
-0.0347061
-0.0361029
-0.0345766
-0.0341149
-0.0375827
-0.0306768
-0.036447
-0.0293919
-0.0375347
-0.0298823
-0.0379842
-0.0304543
-0.0302968
-0.0289675
-0.038488
-0.0397359
-0.0297583
-0.0382264
-0.0291815
-0.0304228
-0.0358315
-0.0288832
-0.0378609
-0.0297155
-0.0295399
-0.0373663
-0.0306732
-0.0382433
-0.039792
-0.0303114
-0.0386886
-0.0308173
-0.0296092
-0.0295889
-0.0283863
-0.0359183
-0.0378444
-0.0288864
-0.0307844
-0.036532
-0.0335144
-0.0339897
-0.0358003
-0.0360484
-0.0359414
-0.0345023
-0.0334935
-0.0327039
-0.035548
-0.0353467
-0.0357617
-0.0330959
-0.0358535
-0.0346249
-0.0314076
-0.0383399
-0.0314183
-0.0368373
-0.0316912
-0.0368715
-0.0310291
-0.0436673
-0.0445549
-0.0445311
-0.0438405
-0.0445328
-0.0438332
-0.0439672
-0.0432567
-0.0434246
-0.043622
-0.0434002
-0.0435511
-0.0433582
-0.0433243
-0.043825
-0.0441166
-0.0453405
-0.0438951
-0.0441491
-0.0448553
-0.0432347
-0.0437649
-0.0442928
-0.043555
-0.0445561
-0.0438576
-0.0443011
-0.0443811
-0.0433032
-0.0434764
-0.0436012
-0.0433403
-0.043569
-0.0432722
-0.0433585
-0.0433641
-0.0433315
-0.0418039
-0.0437326
-0.0437825
-0.0432092
-0.0434877
-0.0437796
-0.0443052
-0.0444323
-0.0438336
-0.0443275
-0.0440392
-0.0439029
-0.0437988
-0.0438462
-0.0444503
-0.0449917
-0.0440603
-0.0448478
-0.0441505
-0.0440213
-0.0441367
-0.0443122
-0.0465719
-0.0440027
-0.0438778
-0.0463477
-0.0438658
-0.0443441
-0.0442938
-0.0437133
-0.0439698
-0.0443972
-0.0433134
-0.0435785
-0.0433001
-0.04166
-0.0436808
-0.0441434
-0.0434639
-0.0434355
-0.0439441
-0.0440612
-0.0441739
-0.0435611
-0.0444451
-0.0442328
-0.0437031
-0.0437923
-0.0434784
-0.0431793
-0.0439216
-0.0435926
-0.0433391
-0.0433312
-0.0433738
-0.0434808
-0.0431961
-0.043811
-0.0433124
-0.0431171
-0.0435555
-0.0439341
-0.043438
-0.0435873
-0.0426459
-0.0428657
-0.0434979
-0.043913
-0.0437024
-0.0423946
-0.0438145
-0.0436246
-0.0431332
-0.0423719
-0.0436604
-0.0433503
-0.0427869
-0.0438884
-0.0435477
-0.0440697
-0.0435191
-0.0423838
-0.0440533
-0.0443717
-0.043698
-0.043688
-0.0442206
-0.0433058
-0.0436573
-0.0438597
-0.043753
-0.0439755
-0.0436799
-0.0437659
-0.0441674
-0.0436778
-0.0441583
-0.0437
-0.043288
-0.0435569
-0.043985
-0.0447215
-0.0437095
-0.0438759
-0.0438222
-0.0437934
-0.0432624
-0.0444135
-0.0437331
-0.0439509
-0.0436952
-0.0437062
-0.0437307
-0.0437575
-0.0435359
-0.0437493
-0.0436392
-0.0435642
-0.0433984
-0.0435491
-0.0437124
-0.0436395
-0.0435565
-0.0435532
-0.0439319
-0.0437573
-0.0443116
-0.0437674
-0.0438926
-0.0435446
-0.0438133
-0.0437511
-0.043574
-0.0432517
-0.0436037
-0.0441592
-0.0436252
-0.043973
-0.0437967
-0.0457026
-0.0435056
-0.0433401
-0.0434595
-0.043561
-0.0441284
-0.043482
-0.0434077
-0.044043
-0.0432515
-0.0438083
-0.0434551
-0.0439223
-0.0437443
-0.0435445
-0.0437379
-0.0438095
-0.0437185
-0.043615
-0.0435411
-0.0435295
-0.0436485
-0.0437241
-0.0446633
-0.0437123
-0.0433007
-0.0433816
-0.0435744
-0.0435663
-0.0437309
-0.0434099
-0.0438192
-0.043498
-0.0433108
-0.0435821
-0.0437553
-0.0434357
-0.0435756
-0.0436822
-0.0436165
-0.04339
-0.0436869
-0.0432857
-0.0437287
-0.0435933
-0.0436484
-0.0433918
-0.0435536
-0.0435675
-0.0435933
-0.0429349
-0.0438428
-0.0433282
-0.0438338
-0.0438712
-0.0437885
-0.0436592
-0.0437015
-0.0436532
-0.0435611
-0.0436479
-0.0436729
-0.0433456
-0.0435677
-0.0431909
-0.0434967
-0.0435413
-0.0433144
-0.0434661
-0.0439188
-0.0433216
-0.0431146
-0.0422627
-0.0437225
-0.0433779
-0.0421179
-0.0435697
-0.0453149
-0.0436631
-0.0436098
-0.0452756
-0.0435586
-0.0421864
-0.0434424
-0.0492589
-0.0438352
-0.0429709
-0.0443388
-0.0443562
-0.0435914
-0.0436916
-0.0436759
-0.0444924
-0.0438417
-0.0438405
-0.0437709
-0.043674
-0.0437786
-0.04362
-0.0436023
-0.0437743
-0.0437296
-0.0438055
-0.0438994
-0.0436031
-0.043732
-0.0439033
-0.0436585
-0.0430417
-0.0435837
-0.0436768
-0.0437404
-0.0434759
-0.0439121
-0.0437949
-0.043819
-0.0441239
-0.0435746
-0.0434448
-0.0436312
-0.043491
-0.0436272
-0.0436379
-0.043933
-0.0436658
-0.0425053
-0.043958
-0.0438485
-0.0435664
-0.0436978
-0.04391
-0.0439419
-0.0441116
-0.0437642
-0.0436211
-0.0437867
-0.0438037
-0.0435673
-0.0437961
-0.0442008
-0.0425883
-0.0438702
-0.0435754
-0.0450921
-0.0436108
-0.0428214
-0.0436639
-0.0432982
-0.0439845
-0.0434194
-0.0438202
-0.0445485
-0.0425463
-0.0442578
-0.0446331
-0.0439091
-0.0442718
-0.0443573
-0.0443776
-0.0438784
-0.0439129
-0.0437374
-0.0438349
-0.0438474
-0.0438287
-0.044062
-0.0438201
-0.0436294
-0.0437499
-0.0436953
-0.0440111
-0.043774
-0.0437349
-0.043721
-0.0437362
-0.0439515
-0.0445327
-0.0426931
-0.0440966
-0.0440826
-0.0436409
-0.0438773
-0.0436591
-0.0434767
-0.0437807
-0.043508
-0.0438106
-0.0437477
-0.0436652
-0.0438121
-0.0436434
-0.043753
-0.0437224
-0.0438374
-0.0437591
-0.0437504
-0.0437563
-0.0440402
-0.0435385
-0.0435793
-0.0438542
-0.0437743
-0.0436439
-0.0436836
-0.0435761
-0.0434829
-0.0439354
-0.0436427
-0.0439095
-0.0435921
-0.0440571
-0.0439195
-0.0438501
-0.043575
-0.0433521
-0.0446677
-0.043456
-0.0439082
-0.0439346
-0.0436702
-0.0433855
-0.0438501
-0.0437421
-0.0436812
-0.0437031
-0.0438306
-0.0438204
-0.0438169
-0.0436507
-0.0437473
-0.0439085
-0.0436118
-0.044253
-0.0436499
-0.0438167
-0.0438329
-0.0436022
-0.0436007
-0.0437536
-0.0435773
-0.0443788
-0.0438244
-0.0436688
-0.043923
-0.0436901
-0.0438083
-0.043902
-0.0437452
-0.0436994
-0.0437513
-0.0437998
-0.0437636
-0.0438837
-0.0436328
-0.0437557
-0.0437179
-0.0437061
-0.0437865
-0.043964
-0.0437013
-0.0435427
-0.0434905
-0.0437628
-0.0437266
-0.0435709
-0.0441237
-0.0435517
-0.043658
-0.0438826
-0.0436123
-0.043909
-0.0442794
-0.0435251
-0.0434151
-0.0434955
-0.0435212
-0.0433097
-0.0435303
-0.0435165
-0.0455767
-0.0442589
-0.0431966
-0.0435233
-0.0441797
-0.0424392
-0.0433755
-0.043317
-0.0437494
-0.0439722
-0.0438277
-0.04359
-0.0437731
-0.0437525
-0.0440099
-0.0449398
-0.0438463
-0.0438522
-0.0451171
-0.0442391
-0.0435429
-0.0445312
-0.0436198
-0.0441853
-0.0432519
-0.0433548
-0.0443775
-0.0443706
-0.0438318
-0.0435883
-0.0441146
-0.0433879
-0.0439447
-0.0441138
-0.0435504
-0.0437119
-0.0436355
-0.0440614
-0.0436971
-0.0436773
-0.0439425
-0.0438344
-0.0432489
-0.0457947
-0.0433445
-0.0441986
-0.0435548
-0.0423874
-0.0446027
-0.0438354
-0.0434726
-0.0438013
-0.0433628
-0.0437217
-0.0435019
-0.0438373
-0.0435515
-0.043507
-0.0436604
-0.0437409
-0.0435681
-0.0435139
-0.043714
-0.0436749
-0.0434179
-0.0435779
-0.0435528
-0.0436657
-0.043473
-0.0434907
-0.0434974
-0.043519
-0.0435645
-0.0434656
-0.0435528
-0.0434125
-0.0435147
-0.0435209
-0.0435187
-0.0435924
-0.0433781
-0.0435682
-0.0437175
-0.0434118
-0.0435261
-0.0435886
-0.0436272
-0.0439367
-0.0435899
-0.0438076
-0.0435271
-0.0435247
-0.0436094
-0.0436052
-0.0435743
-0.0435927
-0.0435278
-0.0435948
-0.0436198
-0.0435823
-0.0436548
-0.043608
-0.0436903
-0.043644
-0.0435712
-0.0435262
-0.0436176
-0.0435405
-0.0436935
-0.0434539
-0.0435773
-0.0435856
-0.0436396
-0.0436577
-0.0436165
-0.0436296
-0.0436588
-0.0436772
-0.0435585
-0.0435247
-0.043575
-0.04349
-0.0435723
-0.0434872
-0.0436164
-0.0434907
-0.043494
-0.0435518
-0.0435797
-0.0435858
-0.0435361
-0.0435806
-0.0434976
-0.0435133
-0.0435751
-0.0436322
-0.0435988
-0.0435933
-0.0435002
-0.0435882
-0.0434865
-0.0435858
-0.0436071
-0.0435812
-0.0436093
-0.0435288
-0.0435013
-0.0436251
-0.0436103
-0.0435665
-0.0436495
-0.0436181
-0.0435918
-0.0436036
-0.0436526
-0.0436293
-0.0436987
-0.043596
-0.0437226
-0.043618
-0.0435719
-0.0435942
-0.0436625
-0.0436311
-0.0436245
-0.0436591
-0.0436197
-0.0436111
-0.0436732
-0.0436388
-0.0436821
-0.0437696
-0.0437131
-0.0437384
-0.0436538
-0.0435449
-0.0436583
-0.0436121
-0.0436264
-0.0436581
-0.0435747
-0.0435704
-0.0436733
-0.0436791
-0.0436237
-0.0436523
-0.0436223
-0.0437023
-0.0436246
-0.0437276
-0.0436563
-0.0436389
-0.0441232
-0.0439244
-0.0436229
-0.0437198
-0.0437195
-0.0435972
-0.0436074
-0.0436403
-0.0436053
-0.0436485
-0.0438588
-0.0435856
-0.0436666
-0.0435675
-0.0436261
-0.0436158
-0.0436439
-0.0436077
-0.0435537
-0.0435704
-0.0436052
-0.0436151
-0.043572
-0.0436135
-0.0435509
-0.043564
-0.0436395
-0.0435887
-0.0436005
-0.0435701
-0.0435792
-0.0436242
-0.0435687
-0.0436075
-0.0436127
-0.043579
-0.0436197
-0.0435867
-0.0435566
-0.0435805
-0.0436188
-0.0436334
-0.0436857
-0.0435993
-0.0436176
-0.0436208
-0.0435974
-0.0435307
-0.0435968
-0.043569
-0.0435897
-0.0435934
-0.0435676
-0.0436022
-0.0436107
-0.0436691
-0.043567
-0.043635
-0.0435913
-0.043553
-0.0436257
-0.0436842
-0.0435921
-0.0436278
-0.0436191
-0.0436586
-0.0435791
-0.0435937
-0.0436809
-0.0438239
-0.0436255
-0.0437445
-0.0437065
-0.0436951
-0.043748
-0.0436215
-0.0438843
-0.0438228
-0.043677
-0.0436192
-0.0440694
-0.0436266
-0.0437118
-0.0435748
-0.0435655
-0.04356
-0.0436917
-0.0435482
-0.0437167
-0.0437363
-0.0437036
-0.0437544
-0.0438834
-0.0437451
-0.0436451
-0.0436986
-0.0437254
-0.0436216
-0.0435149
-0.0437442
-0.043672
-0.043602
-0.0436843
-0.0437249
-0.0435664
-0.0436037
-0.0436284
-0.0436712
-0.043659
-0.0439055
-0.0435795
-0.0437137
-0.0435871
-0.0438305
-0.0435381
-0.0436126
-0.0437518
-0.0442533
-0.0436681
-0.0438002
-0.0447771
-0.0436001
-0.0437052
-0.0438854
-0.0436016
-0.0436069
-0.0437377
-0.0438311
-0.0436119
-0.0435585
-0.0436391
-0.0436872
-0.0435869
-0.0435515
-0.043563
-0.043628
-0.0436863
-0.0437082
-0.0443781
-0.0437864
-0.0437144
-0.0437007
-0.0447173
-0.0436035
-0.0432696
-0.0434852
-0.0440242
-0.0439392
-0.0438136
-0.0432844
-0.0433838
-0.0436076
-0.0436189
-0.0435245
-0.0436789
-0.043519
-0.0436683
-0.0435047
-0.0436084
-0.043439
-0.0436711
-0.0435646
-0.0438128
-0.0435164
-0.043463
-0.043647
-0.0436111
-0.0435696
-0.0436816
-0.0436752
-0.0435776
-0.043675
-0.0436907
-0.0437556
-0.0434632
-0.0436005
-0.0436507
-0.043586
-0.0437204
-0.0434295
-0.0436412
-0.0437652
-0.0437031
-0.0435853
-0.0436608
-0.0436978
-0.0434881
-0.0433885
-0.0436854
-0.0437344
-0.043608
-0.0432264
-0.0436953
-0.0435794
-0.0436164
-0.0437831
-0.0438196
-0.0439703
-0.0435807
-0.0434926
-0.0436064
-0.0436511
-0.0435788
-0.0436283
-0.043613
-0.0435964
-0.0436228
-0.0436221
-0.04363
-0.0436138
-0.0436486
-0.0436296
-0.0436217
-0.0436188
-0.0436174
-0.0436646
-0.0436056
-0.0436047
-0.043605
-0.0436128
-0.0436134
-0.0436143
-0.0436329
-0.0436423
-0.0436183
-0.0436256
-0.0436148
-0.0436222
-0.0434763
-0.0434993
-0.0435497
-0.0435656
-0.0434522
-0.0435048
-0.0435462
-0.0435622
-0.0436086
-0.04354
-0.0436403
-0.0435056
-0.0438139
-0.0436204
-0.0434731
-0.043555
-0.0438456
-0.0435708
-0.0437559
-0.0434814
-0.0435487
-0.0435791
-0.0435387
-0.0435885
-0.0436241
-0.0435444
-0.0435426
-0.0436327
-0.0435786
-0.0436134
-0.043613
-0.043621
-0.0436257
-0.0435767
-0.0436174
-0.0435527
-0.0436212
-0.0436281
-0.043628
-0.0435815
-0.043648
-0.0435567
-0.0435635
-0.0435944
-0.0436381
-0.043601
-0.0435236
-0.0435914
-0.0436225
-0.0436381
-0.0436675
-0.0436027
-0.0435964
-0.0435806
-0.0436474
-0.0435998
-0.043568
-0.0435459
-0.043581
-0.0435634
-0.0435253
-0.0435749
-0.0435725
-0.0435701
-0.0436539
-0.0436327
-0.0436063
-0.0435918
-0.0435847
-0.0436043
-0.0435994
-0.043547
-0.0436002
-0.0436728
-0.0436006
-0.0435871
-0.043572
-0.0435594
-0.0436181
-0.0436765
-0.0436387
-0.04359
-0.0436144
-0.0436565
-0.0435958
-0.0435796
-0.0435804
-0.0436621
-0.0436599
-0.0435371
-0.0436643
-0.0435899
-0.0436706
-0.0435835
-0.0435743
-0.0436344
-0.0435133
-0.0436643
-0.0436318
-0.0436763
-0.0437853
-0.0436429
-0.0436357
-0.0436962
-0.0436784
-0.0436733
-0.0436415
-0.0436301
-0.043653
-0.0436711
-0.0436437
-0.0436211
-0.0436467
-0.0435559
-0.0440403
-0.0436228
-0.0436051
-0.0435707
-0.0439164
-0.0437387
-0.0436582
-0.0437019
-0.0436697
-0.0436923
-0.0436354
-0.0439555
-0.0438741
-0.0434108
-0.0438796
-0.043521
-0.0439239
-0.0435762
-0.0437743
-0.0436286
-0.0436611
-0.0438358
-0.0437794
-0.0436653
-0.04379
-0.0436503
-0.0435606
-0.0437361
-0.043764
-0.0434585
-0.0435762
-0.0433592
-0.0437245
-0.0437055
-0.0434208
-0.0436244
-0.0436349
-0.043681
-0.0436036
-0.0435427
-0.0439568
-0.0443004
-0.0435657
-0.0436205
-0.0439535
-0.0442155
-0.0437109
-0.0435886
-0.0439157
-0.0439491
-0.0434091
-0.0435933
-0.043361
-0.04395
-0.0435749
-0.0436897
-0.0435884
-0.0439191
-0.0435892
-0.0437306
-0.0434816
-0.0436313
-0.043535
-0.0436225
-0.0439761
-0.0435809
-0.0437635
-0.0438495
-0.0438072
-0.0434824
-0.0433075
-0.0440078
-0.0438495
-0.0434452
-0.0440953
-0.0431466
-0.0456337
-0.0441013
-0.0431885
-0.0434236
-0.04448
-0.0422795
-0.0444521
-0.0434965
-0.0431781
-0.0440703
-0.043341
-0.0443383
-0.0442837
-0.0432891
-0.0437031
-0.0438501
-0.0439992
-0.0435946
-0.0437437
-0.0437627
-0.0439865
-0.0450337
-0.0438659
-0.0437185
-0.0450746
-0.0435488
-0.0441925
-0.0436379
-0.0435078
-0.0436832
-0.0436115
-0.0433774
-0.0436432
-0.0436788
-0.0456732
-0.0444226
-0.0436177
-0.0432834
-0.0442642
-0.0435128
-0.0425226
-0.0436986
-0.0449192
-0.0441384
-0.0409646
-0.0440454
-0.0430359
-0.043479
-0.0434655
-0.0440323
-0.0436042
-0.0453204
-0.0433566
-0.0436544
-0.0444763
-0.0432668
-0.0438965
-0.0434604
-0.0451971
-0.043258
-0.0433664
-0.044297
-0.043787
-0.043763
-0.0436918
-0.0436597
-0.0434644
-0.0435888
-0.0437708
-0.0436585
-0.0436769
-0.0437457
-0.0438345
-0.0438208
-0.0438559
-0.0436518
-0.0434415
-0.0439195
-0.0436034
-0.0439349
-0.04336
-0.04381
-0.0438243
-0.043405
-0.0438286
-0.0438485
-0.0438087
-0.0435193
-0.0445039
-0.043295
-0.043514
-0.0437012
-0.0443276
-0.0435594
-0.0436488
-0.0439351
-0.0437634
-0.0437918
-0.0436232
-0.0435115
-0.0439568
-0.0437089
-0.0434869
-0.0437494
-0.043627
-0.0436299
-0.0437938
-0.0438003
-0.0437819
-0.0436474
-0.0436987
-0.0436208
-0.04375
-0.0437199
-0.0435511
-0.0436864
-0.0437238
-0.0437931
-0.0439006
-0.0437171
-0.0437569
-0.0435855
-0.043597
-0.0437607
-0.0438133
-0.0435839
-0.0436249
-0.0433895
-0.0435455
-0.0435706
-0.0438727
-0.0438994
-0.0437873
-0.0437354
-0.043597
-0.044105
-0.0436717
-0.0437552
-0.0438666
-0.0441403
-0.0445449
-0.0441496
-0.0437935
-0.044184
-0.0438039
-0.0442705
-0.043626
-0.0433092
-0.0434676
-0.0439599
-0.0437921
-0.0426063
-0.044488
-0.0436418
-0.0438348
-0.0426117
-0.0443768
-0.0439106
-0.0435741
-0.0439688
-0.0436379
-0.0437442
-0.0440565
-0.0437514
-0.0437347
-0.0437679
-0.0437889
-0.0438347
-0.0436958
-0.0437848
-0.0437672
-0.0437552
-0.0437491
-0.0440064
-0.0433416
-0.043559
-0.0435299
-0.0433968
-0.0435497
-0.0435706
-0.0438386
-0.0423621
-0.0437911
-0.0434727
-0.043751
-0.0438284
-0.0435569
-0.0437731
-0.0433377
-0.0428675
-0.0436818
-0.0492138
-0.0434962
-0.044287
-0.0442912
-0.0437524
-0.043575
-0.043744
-0.0436227
-0.0436594
-0.0438775
-0.043779
-0.0435445
-0.0434946
-0.0436558
-0.0443194
-0.043756
-0.043518
-0.0435915
-0.0437006
-0.0434172
-0.0436954
-0.0438497
-0.0437344
-0.0434967
-0.0440879
-0.0434733
-0.043607
-0.0435335
-0.0437782
-0.043539
-0.0429168
-0.0434566
-0.0441385
-0.043542
-0.0424167
-0.0433029
-0.0439434
-0.0422623
-0.0436026
-0.0435545
-0.0436756
-0.0436916
-0.0434443
-0.0437453
-0.043715
-0.0435198
-0.0437733
-0.0454769
-0.0438007
-0.0438602
-0.0423269
-0.0454756
-0.0437972
-0.0428231
-0.043465
-0.0437414
-0.0440518
-0.0442544
-0.0430947
-0.0430557
-0.0435267
-0.0434384
-0.0433253
-0.0440588
-0.0438802
-0.0439678
-0.0435031
-0.0438644
-0.0457652
-0.0434101
-0.0435746
-0.0435062
-0.0441776
-0.0436479
-0.0435827
-0.0436345
-0.0434666
-0.043774
-0.0435183
-0.0433585
-0.0438585
-0.0435982
-0.0437542
-0.0447241
-0.0438118
-0.0433573
-0.0434676
-0.0437942
-0.0437522
-0.0436161
-0.0438331
-0.0437727
-0.0437367
-0.0435903
-0.0436808
-0.0434909
-0.0433397
-0.043613
-0.0434778
-0.0435317
-0.0434839
-0.0434919
-0.043513
-0.0435342
-0.0435683
-0.0435555
-0.0433867
-0.0434652
-0.0435563
-0.0436637
-0.0434402
-0.0435354
-0.0431318
-0.0435138
-0.0438735
-0.0440058
-0.0437384
-0.043533
-0.0435741
-0.0441397
-0.0437345
-0.0436155
-0.0433775
-0.0438717
-0.0441273
-0.043487
-0.0434901
-0.0440165
-0.0434841
-0.0431638
-0.0431835
-0.0426641
-0.0433414
-0.0437455
-0.0438792
-0.0422632
-0.0433083
-0.0437124
-0.0436851
-0.0431613
-0.0435928
-0.0442678
-0.0437702
-0.0435537
-0.043988
-0.0434311
-0.0434066
-0.0430913
-0.0435234
-0.04371
-0.0445182
-0.0436218
-0.0435896
-0.0435061
-0.0437884
-0.0435158
-0.0435586
-0.0439903
-0.0436707
-0.0432235
-0.0424924
-0.0433364
-0.0426892
-0.0436705
-0.0432655
-0.0431296
-0.0433163
-0.0435412
-0.0429581
-0.0430825
-0.0432952
-0.0428739
-0.0434317
-0.0422356
-0.0433683
-0.0435913
-0.0422077
-0.0434052
-0.0429004
-0.0434889
-0.0431541
-0.0436402
-0.042938
-0.0432992
-0.0430796
-0.0430369
-0.044157
-0.0440736
-0.0445621
-0.044597
-0.0436138
-0.0447123
-0.0442014
-0.043764
-0.0434512
-0.0438711
-0.0418192
-0.0443532
-0.0436049
-0.0435916
-0.0436883
-0.0436905
-0.0436378
-0.0439091
-0.0438502
-0.0435336
-0.0438616
-0.0442423
-0.0444659
-0.0438701
-0.0445773
-0.0445458
-0.0440265
-0.0448132
-0.0439138
-0.0452238
-0.0446507
-0.0440635
-0.0443285
-0.0450037
-0.044194
-0.0435535
-0.0435615
-0.0438352
-0.0439887
-0.0437542
-0.043249
-0.0439523
-0.044134
-0.0443486
-0.0466556
-0.044434
-0.0464605
-0.0441185
-0.0439777
-0.0434798
-0.043669
-0.0441657
-0.0442724
-0.0436847
-0.0436323
-0.0442223
-0.0436096
-0.0438664
-0.0437614
-0.0449263
-0.0438407
-0.0430144
-0.0445612
-0.0309468
-0.0377156
-0.0295775
-0.0367994
-0.0306394
-0.0383472
-0.0302169
-0.0303759
-0.029335
-0.0399979
-0.0392737
-0.030213
-0.0294033
-0.0390307
-0.0308365
-0.0383675
-0.0304441
-0.0398798
-0.0309853
-0.0297657
-0.0389907
-0.0306274
-0.0367568
-0.0385707
-0.0297999
-0.0305783
-0.0383524
-0.0297994
-0.0297832
-0.0361148
-0.0269269
-0.0361202
-0.0293799
-0.0356154
-0.0270256
-0.0340328
-0.0354
-0.0360159
-0.0345859
-0.0339591
-0.0374203
-0.0344502
-0.0288892
-0.0360001
-0.0332511
-0.027089
-0.0289763
-0.0347915
-0.0269888
-0.0255755
-0.0269359
-0.0359766
-0.0346363
-0.029098
-0.0247943
-0.0342101
-0.0234712
-0.0240381
-0.033643
-0.0342461
-0.033726
-0.0235766
-0.0239288
-0.0256921
-0.0359113
-0.0296295
-0.0337439
-0.029435
-0.0337412
-0.0257317
-0.0234337
-0.0350157
-0.0244143
-0.0344912
-0.0247633
-0.0343045
-0.0237119
-0.0319461
-0.0354197
-0.0345922
-0.0310436
-0.0343878
-0.0308387
-0.0316617
-0.0327018
-0.0335757
-0.0356119
-0.0356104
-0.035299
-0.033253
-0.0336353
-0.0306542
-0.0364253
-0.0357936
-0.0303442
-0.0350218
-0.0301814
-0.0303427
-0.0325888
-0.0349428
-0.0351269
-0.0344793
-0.0347626
-0.0338051
-0.0323578
-0.0299164
-0.0356379
-0.030225
-0.0357476
-0.0300364
-0.0365768
-0.0294209
-0.0299707
-0.0280002
-0.0407134
-0.0384792
-0.0278358
-0.0381674
-0.030044
-0.030103
-0.0367919
-0.0278265
-0.0406505
-0.0280292
-0.0300816
-0.0378811
-0.029758
-0.0355631
-0.037026
-0.028739
-0.0367179
-0.0289329
-0.0297599
-0.0291173
-0.033953
-0.0301525
-0.0342948
-0.0306642
-0.0335136
-0.0287444
-0.0297756
-0.0345833
-0.0338672
-0.034724
-0.0300812
-0.0316725
-0.0344802
-0.0261446
-0.032845
-0.0330184
-0.0227516
-0.0321142
-0.0259519
-0.0231554
-0.028927
-0.0298856
-0.0343463
-0.0335834
-0.0291876
-0.0288071
-0.034031
-0.0265744
-0.023341
-0.032071
-0.0306144
-0.0319398
-0.0264069
-0.0233646
-0.0293422
-0.0340738
-0.0284122
-0.0340527
-0.0287197
-0.0338528
-0.0293329
-0.0264239
-0.0318472
-0.0228271
-0.0309931
-0.0263166
-0.0322454
-0.0227104
-0.0296215
-0.0379268
-0.0284989
-0.0358913
-0.030889
-0.0365331
-0.0288443
-0.0335376
-0.0340817
-0.0361669
-0.03593
-0.0345703
-0.0335156
-0.0360189
-0.0314699
-0.0384048
-0.0315265
-0.0368843
-0.0317991
-0.0311198
-0.0368999
-0.0326848
-0.0355183
-0.0358277
-0.0353063
-0.0346429
-0.0358795
-0.0330188
-0.0255893
-0.0359857
-0.0269532
-0.0346525
-0.0291103
-0.0342211
-0.0248124
-0.0234812
-0.024043
-0.0336452
-0.0342535
-0.0239373
-0.0235816
-0.0337339
-0.0257022
-0.0359175
-0.0296312
-0.033746
-0.0294429
-0.0257362
-0.0337484
-0.0234481
-0.0350323
-0.0345068
-0.0244328
-0.0237269
-0.0343169
-0.0247817
-0.0298071
-0.0269494
-0.0361383
-0.0361406
-0.0294038
-0.0270483
-0.0356401
-0.0340584
-0.035423
-0.03602
-0.034596
-0.0339847
-0.0344731
-0.0374265
-0.0289122
-0.0360212
-0.0271124
-0.0332765
-0.0270109
-0.0348144
-0.0289983
-0.0300605
-0.0355262
-0.0357053
-0.0302091
-0.0364231
-0.0301988
-0.0293968
-0.0301999
-0.0293421
-0.0391219
-0.0385486
-0.0381155
-0.0295449
-0.030129
-0.0304365
-0.0368367
-0.0388388
-0.0302931
-0.0378446
-0.029977
-0.0304201
-0.0298735
-0.0355082
-0.0369246
-0.0287084
-0.0365643
-0.0298404
-0.0288909
-0.03197
-0.0353832
-0.0310424
-0.0345808
-0.0308985
-0.0343823
-0.0316508
-0.0327185
-0.0336309
-0.0356415
-0.0356302
-0.0333268
-0.0353077
-0.0336593
-0.030713
-0.036438
-0.0306031
-0.0358036
-0.0303061
-0.0304478
-0.035057
-0.0325998
-0.0349294
-0.0351307
-0.0344766
-0.0347543
-0.0323671
-0.0338155
-0.0289191
-0.0343144
-0.0298778
-0.0335693
-0.0291723
-0.0340239
-0.0288058
-0.0265572
-0.0233348
-0.0320577
-0.0305915
-0.026395
-0.0319159
-0.0233565
-0.0293133
-0.0340275
-0.0283923
-0.0340375
-0.0293109
-0.0286887
-0.0338247
-0.0264249
-0.0318348
-0.0309893
-0.0228364
-0.0322407
-0.0263213
-0.0227174
-0.0291149
-0.030148
-0.0339432
-0.0342791
-0.0306581
-0.0287401
-0.0335112
-0.0297554
-0.0345648
-0.0338471
-0.0347109
-0.0316617
-0.0344646
-0.0300476
-0.026141
-0.0328165
-0.0227501
-0.0330177
-0.025947
-0.0321289
-0.0231471
-0.0441668
-0.0440809
-0.0446047
-0.044574
-0.0447203
-0.0436244
-0.0442114
-0.0437724
-0.0434583
-0.0438822
-0.0418214
-0.0436129
-0.0443644
-0.0435995
-0.0436977
-0.0436994
-0.0439187
-0.0436471
-0.0438596
-0.043871
-0.0435424
-0.0442521
-0.0444733
-0.0445854
-0.0438815
-0.0440364
-0.0448208
-0.0445566
-0.043926
-0.0446589
-0.0452376
-0.0440706
-0.0443391
-0.0442031
-0.0450155
-0.0435653
-0.043572
-0.043998
-0.0438442
-0.0437646
-0.0439621
-0.0432606
-0.0441482
-0.0443528
-0.0444478
-0.0466577
-0.044131
-0.0464699
-0.043991
-0.0434271
-0.0441611
-0.0438868
-0.0433145
-0.043885
-0.0441108
-0.0435283
-0.0431871
-0.0431692
-0.0435607
-0.0416171
-0.0429524
-0.0433388
-0.043619
-0.0434493
-0.043897
-0.0440114
-0.0435251
-0.0439096
-0.0435734
-0.0437448
-0.0434933
-0.0441609
-0.0436393
-0.0442702
-0.0436791
-0.0442317
-0.0436141
-0.0436505
-0.0438736
-0.0449825
-0.04377
-0.0446034
-0.0430319
-0.0438697
-0.0441502
-0.0435499
-0.0424186
-0.0433125
-0.0436107
-0.0439538
-0.0422645
-0.0435643
-0.0436852
-0.0434528
-0.043703
-0.0437261
-0.0435279
-0.0437565
-0.0437861
-0.0454855
-0.0438124
-0.0438731
-0.0438062
-0.0423311
-0.0454906
-0.0428345
-0.0434749
-0.0440614
-0.0437496
-0.0430676
-0.0442645
-0.0431051
-0.0437027
-0.0438874
-0.043731
-0.0435356
-0.0438299
-0.0435002
-0.0437108
-0.0437194
-0.0433591
-0.0436811
-0.0438026
-0.0434704
-0.0435997
-0.0437318
-0.0436528
-0.0437001
-0.0440052
-0.043038
-0.0439654
-0.0439663
-0.0434123
-0.0438282
-0.0437648
-0.0437111
-0.043779
-0.0437511
-0.0437169
-0.0435874
-0.0438819
-0.0457934
-0.0434368
-0.0436088
-0.0441985
-0.0436702
-0.0435452
-0.0435451
-0.0434618
-0.0433228
-0.0440803
-0.0435059
-0.04398
-0.043912
-0.0436084
-0.0437691
-0.0447399
-0.0438259
-0.0434801
-0.0433696
-0.043807
-0.0435925
-0.0436372
-0.0434633
-0.0437759
-0.0435265
-0.043861
-0.0433601
-0.0437648
-0.0436188
-0.0438208
-0.0438603
-0.0436902
-0.0435944
-0.0437665
-0.0435522
-0.043563
-0.0435914
-0.0435705
-0.0435096
-0.0435756
-0.0434198
-0.0435143
-0.0433279
-0.0436167
-0.0434714
-0.0435045
-0.0435449
-0.0434881
-0.0437598
-0.0435448
-0.0435903
-0.0441548
-0.0436331
-0.0433897
-0.0437674
-0.0436883
-0.0434605
-0.0435372
-0.0431353
-0.0435405
-0.044025
-0.0438801
-0.0431926
-0.0426384
-0.0433356
-0.0437342
-0.0438758
-0.0422783
-0.0433197
-0.0439068
-0.0441603
-0.0434997
-0.0435222
-0.0435076
-0.0440355
-0.0431772
-0.0439984
-0.0434436
-0.0433949
-0.0430837
-0.0435461
-0.0437214
-0.0445272
-0.0437411
-0.0437085
-0.0431798
-0.0436038
-0.043789
-0.0435771
-0.044299
-0.04365
-0.0435926
-0.0438002
-0.043533
-0.043578
-0.0435308
-0.0440136
-0.0434629
-0.0431226
-0.0428977
-0.0435977
-0.0430462
-0.0430138
-0.0432434
-0.0432782
-0.0436946
-0.0438376
-0.043989
-0.0437324
-0.0437507
-0.0435896
-0.0439775
-0.0450311
-0.0438586
-0.0437191
-0.0435399
-0.0441906
-0.0450719
-0.0436851
-0.044114
-0.0449121
-0.0409643
-0.0440291
-0.0434723
-0.04303
-0.0432555
-0.0438903
-0.0434523
-0.0451888
-0.0433562
-0.0432448
-0.0442857
-0.043458
-0.044025
-0.0435998
-0.0453085
-0.0433507
-0.0436496
-0.0444623
-0.0436457
-0.0436691
-0.0437387
-0.0438281
-0.0436426
-0.0438087
-0.0438415
-0.0437758
-0.0437567
-0.0436876
-0.0436561
-0.0434544
-0.0435824
-0.0437644
-0.043609
-0.0436873
-0.0437426
-0.0438076
-0.0437373
-0.0437059
-0.0436882
-0.0437665
-0.0439325
-0.0437563
-0.043668
-0.0437686
-0.0437954
-0.0436854
-0.043837
-0.0436685
-0.0434264
-0.0433578
-0.0437636
-0.0433703
-0.0436539
-0.0441427
-0.043528
-0.0438994
-0.0436334
-0.0444049
-0.0438271
-0.0436003
-0.0434237
-0.0438415
-0.0438453
-0.0438129
-0.0445137
-0.0432994
-0.0435311
-0.0434615
-0.0439357
-0.0436279
-0.043945
-0.0438411
-0.0438238
-0.0433861
-0.0437923
-0.0436261
-0.0435174
-0.0439549
-0.0434943
-0.0437135
-0.0437506
-0.0435352
-0.0437171
-0.0443418
-0.0435725
-0.0436614
-0.043773
-0.0439486
-0.0436381
-0.0436386
-0.0438058
-0.0438098
-0.0437044
-0.0436633
-0.0437878
-0.0439569
-0.0437752
-0.0437605
-0.0436909
-0.0438117
-0.0438299
-0.0436636
-0.0436384
-0.0437504
-0.0437367
-0.043528
-0.0437405
-0.0437009
-0.0438071
-0.0438496
-0.0437395
-0.0436805
-0.0442022
-0.0437623
-0.0439509
-0.043761
-0.0436185
-0.0436415
-0.0433729
-0.0435692
-0.0435912
-0.0439116
-0.0438936
-0.0436181
-0.0432765
-0.0434654
-0.0439054
-0.0437721
-0.0426105
-0.044438
-0.04414
-0.0445177
-0.0441277
-0.0438117
-0.0438153
-0.0441236
-0.0442694
-0.043679
-0.0437516
-0.0441181
-0.0437916
-0.0438132
-0.0437634
-0.0438221
-0.0436478
-0.0438295
-0.042594
-0.0443596
-0.0435805
-0.0439663
-0.0438523
-0.0438403
-0.0436723
-0.0437584
-0.043771
-0.0437483
-0.0437479
-0.0439917
-0.0433218
-0.0435289
-0.0434804
-0.0433811
-0.0435373
-0.0435183
-0.0438186
-0.0423616
-0.0438007
-0.0434719
-0.0437561
-0.0438181
-0.043771
-0.0435668
-0.0441174
-0.043812
-0.043754
-0.0436464
-0.0437709
-0.0437967
-0.0436455
-0.0442355
-0.0425796
-0.0435865
-0.043982
-0.0435637
-0.042905
-0.0451642
-0.0433523
-0.043715
-0.0428801
-0.0492384
-0.0434955
-0.0443239
-0.0443493
-0.0435417
-0.0435185
-0.0436636
-0.0443391
-0.0436096
-0.0435235
-0.0437779
-0.0437618
-0.0435688
-0.0437189
-0.0436441
-0.0437875
-0.0436343
-0.0439246
-0.0434604
-0.0436059
-0.0435525
-0.0437906
-0.0435329
-0.043462
-0.0429128
-0.0437089
-0.0434348
-0.043714
-0.0438674
-0.0435068
-0.0437503
-0.0441561
-0.0439128
-0.0436254
-0.0436256
-0.0437768
-0.0436423
-0.0438574
-0.0435792
-0.0436882
-0.0437151
-0.0435854
-0.0436409
-0.0436727
-0.0437161
-0.0436114
-0.0437462
-0.0444083
-0.0438224
-0.0437315
-0.0437393
-0.043623
-0.0447762
-0.0432624
-0.0434723
-0.043953
-0.0440904
-0.0434011
-0.0438232
-0.043195
-0.0434487
-0.0437541
-0.0436224
-0.0436634
-0.0436208
-0.0436614
-0.0436346
-0.043564
-0.0435716
-0.0438022
-0.0437648
-0.0434784
-0.0435308
-0.043955
-0.0434792
-0.0436023
-0.0435793
-0.0435442
-0.0435764
-0.04356
-0.0434772
-0.0435072
-0.0435281
-0.0435767
-0.0436119
-0.0435927
-0.0434862
-0.0435747
-0.0435423
-0.0436319
-0.0435954
-0.0435759
-0.0436219
-0.0434981
-0.0436147
-0.0434995
-0.0436095
-0.043576
-0.043635
-0.0435889
-0.043514
-0.0435274
-0.0436069
-0.0436451
-0.0436297
-0.0435803
-0.0435931
-0.043615
-0.0436236
-0.0436201
-0.0436285
-0.0436133
-0.0436466
-0.0436213
-0.0436164
-0.0436271
-0.0436183
-0.0436607
-0.0435925
-0.0436102
-0.04361
-0.0436145
-0.0436077
-0.0436123
-0.0436323
-0.0436379
-0.0436145
-0.0436123
-0.0436201
-0.0436227
-0.0434701
-0.0435398
-0.0434969
-0.0435615
-0.0434442
-0.0435382
-0.0435019
-0.0435475
-0.0435918
-0.0435185
-0.0436214
-0.0437947
-0.0434912
-0.043603
-0.0434672
-0.0435484
-0.0435585
-0.0438418
-0.0435385
-0.0434774
-0.0437476
-0.0435784
-0.0435891
-0.0435388
-0.0436205
-0.043544
-0.0436308
-0.043542
-0.0435779
-0.0436114
-0.0436107
-0.0436195
-0.0436242
-0.0435749
-0.0436161
-0.04355
-0.0436215
-0.0436228
-0.0436244
-0.0435804
-0.0436452
-0.0435542
-0.0435624
-0.04359
-0.0435984
-0.0436358
-0.0435889
-0.0435212
-0.0436207
-0.0435727
-0.043628
-0.0436358
-0.0435676
-0.0436293
-0.0436085
-0.0435859
-0.0435594
-0.0435796
-0.0436223
-0.0435827
-0.0436183
-0.0435571
-0.0435766
-0.0435556
-0.043605
-0.0436108
-0.043584
-0.0436082
-0.0435565
-0.0435848
-0.0435744
-0.0436359
-0.0435881
-0.0435705
-0.0436312
-0.0435783
-0.0435755
-0.0436402
-0.0436667
-0.0435932
-0.0436012
-0.0436465
-0.043581
-0.0435994
-0.0435692
-0.0435424
-0.0435824
-0.0435631
-0.0435764
-0.0435729
-0.0435226
-0.0435714
-0.0436532
-0.0436053
-0.0436355
-0.0435882
-0.043603
-0.0435931
-0.0436002
-0.0435466
-0.0436002
-0.0436706
-0.043588
-0.0435731
-0.0435993
-0.0435551
-0.0436721
-0.0436154
-0.0436342
-0.0435861
-0.0436506
-0.0436106
-0.043594
-0.0435776
-0.0435781
-0.04366
-0.0435355
-0.0436616
-0.0436589
-0.0435871
-0.0436682
-0.0435836
-0.0435712
-0.0435101
-0.0436329
-0.0436608
-0.0436294
-0.0436731
-0.0436397
-0.043784
-0.0436747
-0.0436937
-0.0436345
-0.0436703
-0.0436284
-0.04364
-0.0436492
-0.0436705
-0.043617
-0.0436405
-0.0436465
-0.0435559
-0.0440384
-0.0436189
-0.0436059
-0.0435674
-0.0439145
-0.0437359
-0.0436546
-0.0436664
-0.043702
-0.0436317
-0.0436898
-0.0439534
-0.0438436
-0.0433872
-0.0435391
-0.0438216
-0.0435835
-0.0438922
-0.0437354
-0.0436938
-0.0437539
-0.0438578
-0.0438204
-0.0437458
-0.0437089
-0.0438238
-0.0436874
-0.0434052
-0.0436393
-0.0436036
-0.0435479
-0.0436703
-0.0436003
-0.043891
-0.0435774
-0.0442231
-0.0435741
-0.0438859
-0.0437285
-0.0441615
-0.0435113
-0.0436641
-0.0439113
-0.0435726
-0.0437421
-0.0435724
-0.0434826
-0.044347
-0.0435434
-0.0439845
-0.0432531
-0.0442898
-0.0442209
-0.0433367
-0.0435485
-0.0435976
-0.0434435
-0.0436047
-0.0435931
-0.0435121
-0.0436
-0.0435644
-0.0434953
-0.0435359
-0.0435718
-0.0435983
-0.0436556
-0.0437339
-0.0433884
-0.0435314
-0.0435505
-0.0435287
-0.0434855
-0.0435181
-0.043579
-0.0437647
-0.0437508
-0.0436796
-0.04377
-0.043722
-0.0438214
-0.0437882
-0.0437363
-0.0439339
-0.0437541
-0.0435945
-0.0437326
-0.0438152
-0.0436079
-0.0437096
-0.0443167
-0.0436864
-0.0439952
-0.0437765
-0.0438898
-0.0437198
-0.0437872
-0.0435881
-0.0436475
-0.0436297
-0.0437087
-0.0436333
-0.0435884
-0.0436235
-0.0435497
-0.0436265
-0.043805
-0.0435203
-0.043743
-0.0438694
-0.0438006
-0.0437679
-0.0437127
-0.0437241
-0.0437885
-0.0436464
-0.0438539
-0.0437204
-0.044091
-0.0437381
-0.0440868
-0.0437436
-0.0437128
-0.0440588
-0.0435166
-0.0439708
-0.0437937
-0.0436552
-0.0436546
-0.0439867
-0.0435783
-0.0439676
-0.0437369
-0.0436531
-0.0443852
-0.0438047
-0.044317
-0.0440296
-0.0436852
-0.0439049
-0.0435147
-0.0439996
-0.0436837
-0.0434663
-0.0439405
-0.0434931
-0.043797
-0.0439436
-0.0435415
-0.0433649
-0.0437717
-0.0436191
-0.0439238
-0.0435947
-0.0437037
-0.0440161
-0.0436685
-0.0440172
-0.0438867
-0.0437149
-0.0436736
-0.0438741
-0.0437737
-0.0438275
-0.0437055
-0.0436922
-0.0436998
-0.0437721
-0.0435715
-0.0438414
-0.0436599
-0.0435355
-0.0437821
-0.0437712
-0.043598
-0.0436911
-0.0437176
-0.0435974
-0.0436786
-0.0437472
-0.0436184
-0.0435996
-0.0436955
-0.0435634
-0.0436667
-0.0435309
-0.04353
-0.0436324
-0.0435417
-0.0437303
-0.0435616
-0.0435774
-0.0438129
-0.0435217
-0.0436731
-0.0437042
-0.043669
-0.0436558
-0.0437041
-0.0437119
-0.0436229
-0.0437252
-0.0437474
-0.0435943
-0.0435398
-0.0435951
-0.0437472
-0.0436811
-0.043505
-0.0437252
-0.0438152
-0.0436681
-0.043742
-0.0437141
-0.0436518
-0.0436005
-0.0434759
-0.0437903
-0.0438182
-0.0436061
-0.0437871
-0.0434122
-0.0436547
-0.0436245
-0.0439048
-0.0438129
-0.043617
-0.0440451
-0.0435901
-0.0437029
-0.0436617
-0.0436362
-0.0435072
-0.0436804
-0.0437221
-0.0436252
-0.0437128
-0.0442232
-0.0436031
-0.0438907
-0.0436989
-0.0437267
-0.0438113
-0.0436663
-0.0439488
-0.043663
-0.0435367
-0.0437569
-0.0436603
-0.0436098
-0.0438529
-0.0436526
-0.0436327
-0.0437141
-0.0437981
-0.0435887
-0.0437286
-0.0438261
-0.0437083
-0.0437442
-0.0437267
-0.0438006
-0.0437626
-0.0437472
-0.0436318
-0.0439572
-0.0438179
-0.0436949
-0.0436411
-0.0436056
-0.0439713
-0.0435926
-0.0439916
-0.0438308
-0.0436942
-0.0436554
-0.0440439
-0.0436421
-0.043654
-0.0436493
-0.0435113
-0.043726
-0.0436999
-0.0435909
-0.04372
-0.0437504
-0.0436014
-0.0436962
-0.0437251
-0.043721
-0.0439063
-0.0437935
-0.0435711
-0.0436827
-0.0437069
-0.043671
-0.0436398
-0.0436741
-0.043764
-0.0437844
-0.0436827
-0.043933
-0.043782
-0.0436602
-0.0439772
-0.0439504
-0.0432939
-0.0437948
-0.043124
-0.0433797
-0.0437566
-0.0436092
-0.043412
-0.0432379
-0.0438796
-0.043066
-0.0435702
-0.0437419
-0.0435993
-0.043369
-0.0447522
-0.0441778
-0.0427213
-0.0427346
-0.0427642
-0.0445363
-0.0443512
-0.0451634
-0.039099
-0.0449032
-0.0427557
-0.0454476
-0.0421164
-0.0447133
-0.0452043
-0.0403824
-0.0440523
-0.0428656
-0.0460299
-0.0421146
-0.0444102
-0.0423942
-0.0433259
-0.0444578
-0.0445414
-0.0447254
-0.0433825
-0.0432877
-0.0456225
-0.0443307
-0.0433256
-0.0434955
-0.0429944
-0.0437115
-0.044166
-0.0437301
-0.0442505
-0.0438132
-0.0434275
-0.0438623
-0.0432854
-0.0438106
-0.0437301
-0.0440068
-0.0439751
-0.0438599
-0.0439739
-0.0436909
-0.0438997
-0.0440316
-0.0441113
-0.0438666
-0.0439066
-0.0439295
-0.0440014
-0.0439169
-0.0439059
-0.0439449
-0.0418696
-0.043802
-0.0440579
-0.0439574
-0.0437557
-0.0445169
-0.0437029
-0.0429976
-0.0442359
-0.0436877
-0.0438501
-0.0440362
-0.0430932
-0.0433762
-0.0441102
-0.043345
-0.0432099
-0.0443571
-0.043972
-0.043448
-0.0438178
-0.0436779
-0.0436789
-0.0438857
-0.0436105
-0.0435535
-0.0432854
-0.0446214
-0.0433503
-0.0447409
-0.0433482
-0.0451182
-0.0431899
-0.0439785
-0.0438965
-0.0437972
-0.043483
-0.0436724
-0.0441084
-0.0439345
-0.0439233
-0.0437029
-0.043562
-0.0439729
-0.0434544
-0.0437952
-0.0439261
-0.0431919
-0.044836
-0.0451417
-0.043383
-0.0434221
-0.0449134
-0.043031
-0.043376
-0.0430681
-0.0447562
-0.0428973
-0.0445863
-0.0429785
-0.0443403
-0.0438063
-0.0437234
-0.0447366
-0.0438775
-0.0424214
-0.0437571
-0.0436843
-0.0435393
-0.0438271
-0.0452639
-0.0438342
-0.043501
-0.043613
-0.0418561
-0.0437254
-0.0436132
-0.0435727
-0.043862
-0.0436877
-0.0436266
-0.0435075
-0.043933
-0.0478765
-0.0435057
-0.0434916
-0.0436389
-0.0436968
-0.0440052
-0.043816
-0.0472225
-0.0445086
-0.0433288
-0.0436019
-0.0423363
-0.0442635
-0.0456103
-0.0440971
-0.0437097
-0.0439271
-0.0438865
-0.0435813
-0.0440016
-0.039422
-0.043867
-0.0448391
-0.0428074
-0.0443558
-0.0435886
-0.0420361
-0.0433343
-0.0442028
-0.0437276
-0.043295
-0.0439135
-0.0438958
-0.0432963
-0.0435787
-0.0430706
-0.0433884
-0.0435898
-0.0434375
-0.0446618
-0.0436196
-0.0434736
-0.0433344
-0.0434969
-0.0436001
-0.0434986
-0.0434899
-0.0435605
-0.043664
-0.0437391
-0.0449193
-0.0433794
-0.0429815
-0.043632
-0.0429758
-0.043496
-0.0437185
-0.0439712
-0.0437042
-0.0439725
-0.0437925
-0.0435644
-0.0441237
-0.041478
-0.043767
-0.0430993
-0.043596
-0.0433458
-0.0413838
-0.043882
-0.0436019
-0.0437376
-0.0438129
-0.0435024
-0.0439139
-0.043625
-0.0422108
-0.0439153
-0.0434502
-0.0439864
-0.0456401
-0.0434839
-0.0442046
-0.0438612
-0.0439324
-0.0436725
-0.0437681
-0.0437027
-0.0437278
-0.0436554
-0.0433371
-0.0426903
-0.0428736
-0.0433482
-0.0435793
-0.0434856
-0.0436683
-0.0438296
-0.0436693
-0.0435936
-0.0435061
-0.0435816
-0.0434552
-0.043522
-0.0437683
-0.0436463
-0.0454019
-0.0436519
-0.043492
-0.0436329
-0.0433867
-0.0440166
-0.0436705
-0.0442395
-0.0438112
-0.043837
-0.0437027
-0.0440492
-0.0427782
-0.0434052
-0.0457336
-0.0435698
-0.0434729
-0.0439943
-0.0437434
-0.0432595
-0.0434036
-0.0434855
-0.0436273
-0.0435678
-0.0433878
-0.0433414
-0.041755
-0.0408057
-0.0400398
-0.036981
-0.0426134
-0.0371382
-0.0396269
-0.0428546
-0.0436771
-0.0440401
-0.0399246
-0.0430907
-0.0441708
-0.0388344
-0.043681
-0.042808
-0.043452
-0.0430342
-0.0436427
-0.0436448
-0.0424163
-0.0411443
-0.0388411
-0.0337977
-0.0377119
-0.0349444
-0.041827
-0.0384417
-0.0434179
-0.0433227
-0.0434698
-0.0431835
-0.0433276
-0.0428956
-0.0422328
-0.0401817
-0.039818
-0.0415795
-0.0404683
-0.0418825
-0.0403374
-0.0377873
-0.0378604
-0.0426761
-0.0431665
-0.0436568
-0.0412535
-0.0414508
-0.0404647
-0.0417249
-0.0438014
-0.0426766
-0.0429
-0.0423775
-0.0420634
-0.0409065
-0.0440307
-0.0428298
-0.0427369
-0.040458
-0.0420357
-0.0447154
-0.0423813
-0.0450233
-0.0437925
-0.045612
-0.0442725
-0.0452506
-0.0454532
-0.0435737
-0.0432902
-0.0385473
-0.0393769
-0.0405159
-0.0410874
-0.0407994
-0.0425671
-0.0440795
-0.0440455
-0.0441384
-0.0450649
-0.0436305
-0.04344
-0.0434774
-0.0439757
-0.0448794
-0.0461144
-0.0430597
-0.0465838
-0.0441296
-0.0427574
-0.044704
-0.0455904
-0.0464047
-0.0461085
-0.0466919
-0.0456237
-0.0449277
-0.0345493
-0.0288828
-0.0363707
-0.027192
-0.0353381
-0.0277411
-0.0345303
-0.0382255
-0.0375457
-0.0386626
-0.0348258
-0.0376519
-0.0398282
-0.0350792
-0.0352581
-0.0286658
-0.03675
-0.0276489
-0.0354496
-0.0351689
-0.0289426
-0.0342108
-0.0366611
-0.0303173
-0.0255467
-0.0374991
-0.0341128
-0.0264578
-0.03934
-0.0376036
-0.0387661
-0.0341208
-0.038962
-0.0396365
-0.0340694
-0.0330938
-0.0261833
-0.0245947
-0.0103322
-0.0247136
-0.0330186
-0.0262959
-0.0338849
-0.0317112
-0.0378592
-0.0258849
-0.0376792
-0.0261964
-0.0338423
-0.0341403
-0.0313383
-0.0354489
-0.0266156
-0.0344245
-0.0266942
-0.0348024
-0.0367693
-0.0335217
-0.0371743
-0.029549
-0.0368984
-0.0360813
-0.0297956
-0.0323746
-0.0335602
-0.0290379
-0.0261566
-0.0338699
-0.0322728
-0.0258139
-0.0282336
-0.0265711
-0.0194333
-0.0120954
-0.0197249
-0.0282117
-0.0267318
-0.0311462
-0.0277087
-0.0326575
-0.0253045
-0.0326549
-0.0254117
-0.0312029
-0.0342236
-0.0303307
-0.0366778
-0.025563
-0.0375113
-0.0264738
-0.0341283
-0.0331021
-0.026188
-0.024593
-0.0103394
-0.0330201
-0.0247235
-0.0263043
-0.0393521
-0.0376152
-0.0387764
-0.0341332
-0.0389743
-0.0396454
-0.0340828
-0.033894
-0.0317194
-0.037861
-0.0258847
-0.033844
-0.0376877
-0.0262057
-0.0345605
-0.0363893
-0.0289022
-0.0272124
-0.0353535
-0.0345462
-0.0277543
-0.0382328
-0.037553
-0.0386732
-0.034837
-0.0376603
-0.0398374
-0.0350858
-0.0352645
-0.0286755
-0.0367557
-0.0276476
-0.0351802
-0.0289473
-0.0354521
-0.0323645
-0.0290454
-0.0335668
-0.0261552
-0.0338596
-0.0258174
-0.0322761
-0.0282433
-0.0265914
-0.0194544
-0.0121152
-0.0267405
-0.0282337
-0.0197451
-0.0311449
-0.0277224
-0.0326692
-0.0253193
-0.0326482
-0.0312169
-0.0254283
-0.0341091
-0.0354375
-0.0313028
-0.0265927
-0.0343951
-0.0347902
-0.0266541
-0.0367173
-0.0334654
-0.037106
-0.0294704
-0.036851
-0.0297356
-0.0360094
-0.0417444
-0.0408068
-0.0400217
-0.0369789
-0.0371236
-0.0426025
-0.0396283
-0.0428478
-0.0436619
-0.039906
-0.0440478
-0.0388121
-0.0430866
-0.0441768
-0.0411312
-0.0388226
-0.0337992
-0.0377114
-0.0349309
-0.0384435
-0.041813
-0.0436816
-0.0428166
-0.0434648
-0.043041
-0.0436513
-0.0436534
-0.042417
-0.0440282
-0.0436789
-0.0442484
-0.0438235
-0.0438489
-0.0437143
-0.0440605
-0.0427919
-0.0434246
-0.043584
-0.0457527
-0.0434913
-0.043761
-0.0440119
-0.0432748
-0.0434168
-0.0435016
-0.0436415
-0.0435852
-0.0434018
-0.0433556
-0.040171
-0.0398215
-0.0404732
-0.0415777
-0.0418785
-0.0377887
-0.0403308
-0.0378506
-0.0426688
-0.0431714
-0.0436398
-0.0412539
-0.0414434
-0.0404482
-0.0417195
-0.0438046
-0.0426807
-0.0429079
-0.0423807
-0.0420602
-0.0409051
-0.0434135
-0.043332
-0.0434812
-0.0431931
-0.0433355
-0.0429069
-0.0422313
-0.0433479
-0.0429906
-0.0437265
-0.0438398
-0.0433407
-0.0427984
-0.0431257
-0.044444
-0.044425
-0.0448623
-0.0439685
-0.0437787
-0.0449758
-0.0436154
-0.0439729
-0.0448593
-0.0461336
-0.0430255
-0.0465658
-0.0427069
-0.0441536
-0.0446969
-0.0456276
-0.0464397
-0.046177
-0.046736
-0.0456122
-0.0449514
-0.0440967
-0.0440664
-0.0442024
-0.045131
-0.0436773
-0.0434411
-0.043505
-0.043702
-0.0437823
-0.042847
-0.0442646
-0.0440903
-0.0434581
-0.0438496
-0.0440734
-0.0436315
-0.0433381
-0.0449286
-0.0458178
-0.0432885
-0.0445901
-0.0436902
-0.0438148
-0.0436494
-0.0436226
-0.0435888
-0.0436114
-0.0441548
-0.0433321
-0.0437774
-0.0440338
-0.043278
-0.0438345
-0.0433029
-0.0438189
-0.043587
-0.0430767
-0.0435982
-0.0433908
-0.0434496
-0.0436259
-0.0446585
-0.0434815
-0.043336
-0.0435073
-0.0436031
-0.0435084
-0.0435658
-0.0435034
-0.0436617
-0.0437461
-0.0433936
-0.0449105
-0.0429709
-0.0436412
-0.0429515
-0.0393923
-0.0450834
-0.043857
-0.0428169
-0.0444336
-0.0420191
-0.0435848
-0.0435718
-0.0438668
-0.0435499
-0.0440015
-0.0438592
-0.0440946
-0.0436121
-0.0441393
-0.0415234
-0.0437981
-0.0431236
-0.0433659
-0.0436437
-0.0413794
-0.0439148
-0.0437015
-0.043844
-0.0437714
-0.0439343
-0.0436698
-0.0435757
-0.0439045
-0.0435913
-0.04391
-0.0436916
-0.0437926
-0.0436184
-0.0436988
-0.0433187
-0.0426082
-0.0433116
-0.0428115
-0.0435659
-0.0434506
-0.0436397
-0.0437977
-0.0436348
-0.0435631
-0.0434574
-0.0435416
-0.0434175
-0.0434845
-0.0437471
-0.0435662
-0.0436094
-0.0453351
-0.0435852
-0.0434262
-0.0433008
-0.0421948
-0.043374
-0.0439154
-0.0439448
-0.0456556
-0.0441531
-0.0434958
-0.0432216
-0.0438723
-0.0430604
-0.0435575
-0.0435816
-0.0437274
-0.0433576
-0.0432797
-0.043783
-0.0431148
-0.0433736
-0.0434008
-0.0437395
-0.0435969
-0.0447429
-0.0441729
-0.0427333
-0.0427143
-0.0445264
-0.0443443
-0.042754
-0.0451867
-0.0403849
-0.0440346
-0.0428491
-0.0460132
-0.0443992
-0.0420982
-0.0451539
-0.0390854
-0.0449003
-0.042748
-0.044703
-0.0454361
-0.0421038
-0.0423806
-0.0433238
-0.0445262
-0.0444414
-0.043275
-0.0447083
-0.043372
-0.0432591
-0.0437961
-0.0441387
-0.0434455
-0.0435841
-0.0438718
-0.0443585
-0.0448791
-0.0436786
-0.0434151
-0.0448122
-0.0443423
-0.0431879
-0.0457369
-0.0439775
-0.043703
-0.043772
-0.0434652
-0.0438893
-0.043914
-0.0437173
-0.0456143
-0.0433274
-0.0443669
-0.0435185
-0.0430012
-0.0441731
-0.043723
-0.0437729
-0.0438716
-0.0440587
-0.043442
-0.0438565
-0.0438168
-0.0432563
-0.0437446
-0.0440208
-0.0438851
-0.0439755
-0.0439835
-0.0439104
-0.043693
-0.0440399
-0.044116
-0.0438801
-0.0439069
-0.0439434
-0.0440021
-0.0439187
-0.0439061
-0.0439112
-0.0437939
-0.0418449
-0.0439642
-0.0440331
-0.0437519
-0.0444278
-0.0437243
-0.044037
-0.0427134
-0.0437583
-0.0436877
-0.0439006
-0.0430374
-0.0433287
-0.044053
-0.0432777
-0.0443301
-0.0439134
-0.0431693
-0.0433394
-0.0437628
-0.0436316
-0.043642
-0.0435979
-0.0434719
-0.0437319
-0.0433057
-0.0432104
-0.0447581
-0.0448054
-0.0432125
-0.0432061
-0.0452153
-0.0439096
-0.0438447
-0.0434741
-0.0437143
-0.0435844
-0.0440091
-0.0438368
-0.0438696
-0.0436464
-0.0435205
-0.0439415
-0.0434024
-0.0438718
-0.0437501
-0.0431311
-0.0448623
-0.0433653
-0.0451622
-0.0429699
-0.044947
-0.0433823
-0.0434043
-0.0447856
-0.0430675
-0.0428666
-0.0446553
-0.0443925
-0.0429179
-0.045655
-0.0441401
-0.0439814
-0.0437394
-0.0436168
-0.0440579
-0.0439317
-0.0437679
-0.0437276
-0.0436378
-0.0437544
-0.0437832
-0.0436888
-0.0438022
-0.0437433
-0.0439509
-0.0435456
-0.0437379
-0.0436296
-0.0436894
-0.0438082
-0.0437174
-0.0442786
-0.0436808
-0.0439638
-0.0437373
-0.0437553
-0.043848
-0.0436451
-0.0435724
-0.0436414
-0.0438091
-0.043533
-0.0437613
-0.0438902
-0.0437529
-0.0440987
-0.0437494
-0.044086
-0.0437379
-0.04371
-0.0441244
-0.0436105
-0.0440671
-0.0437018
-0.0436343
-0.0435589
-0.0440664
-0.0435712
-0.0438708
-0.0436362
-0.0436903
-0.0442888
-0.043777
-0.0439325
-0.0442387
-0.0434072
-0.0437518
-0.0439297
-0.043504
-0.0437576
-0.0433558
-0.043566
-0.0438844
-0.0437068
-0.0435754
-0.0439531
-0.0436493
-0.0438484
-0.0439874
-0.0436844
-0.0437305
-0.0438679
-0.0437888
-0.0438289
-0.0437259
-0.0436844
-0.0437504
-0.0435874
-0.0436908
-0.0437025
-0.0435886
-0.0436686
-0.0437501
-0.0435969
-0.0436963
-0.0435816
-0.043549
-0.0436603
-0.0435459
-0.0435
-0.0436027
-0.0435309
-0.0436921
-0.0435117
-0.0435123
-0.0435309
-0.0437786
-0.04373
-0.0437362
-0.0435864
-0.0435204
-0.0437407
-0.0435742
-0.0436597
-0.0435106
-0.0438155
-0.0437129
-0.0436629
-0.043734
-0.0436821
-0.0437085
-0.0436196
-0.0436011
-0.0438835
-0.0437679
-0.0435706
-0.0440147
-0.0435651
-0.0436976
-0.0439544
-0.0436704
-0.0438396
-0.0436306
-0.0440274
-0.0436322
-0.0436641
-0.0440557
-0.0437708
-0.0436589
-0.0435918
-0.0441327
-0.0436577
-0.0437417
-0.0435961
-0.0436881
-0.0437041
-0.0437205
-0.0437748
-0.043887
-0.043559
-0.0436839
-0.0437037
-0.0436612
-0.0436215
-0.043706
-0.0437425
-0.0437845
-0.0436967
-0.0439047
-0.0437662
-0.0436516
-0.0439829
-0.0439459
-0.0445145
-0.0436105
-0.0433254
-0.0441221
-0.0442818
-0.0434677
-0.044333
-0.0439772
-0.0436309
-0.0435757
-0.0441207
-0.043718
-0.0442216
-0.0439778
-0.0436974
-0.0438687
-0.0437118
-0.0441682
-0.0440167
-0.0438371
-0.0438815
-0.043283
-0.0460073
-0.0433618
-0.0441811
-0.0424332
-0.0447569
-0.0436237
-0.0436048
-0.0437266
-0.0435892
-0.0435983
-0.0437057
-0.043583
-0.0435982
-0.0438002
-0.0436587
-0.0434997
-0.0437005
-0.0435457
-0.0438028
-0.0435067
-0.0436823
-0.0443691
-0.0437323
-0.0437996
-0.0436351
-0.044701
-0.0436947
-0.0433048
-0.0434523
-0.0440805
-0.0440439
-0.0433345
-0.0438798
-0.0434359
-0.0439091
-0.0438556
-0.0439975
-0.0442981
-0.0440738
-0.0439883
-0.0439692
-0.0440197
-0.0425827
-0.0433261
-0.0440743
-0.0418725
-0.0438546
-0.043292
-0.0437032
-0.0434298
-0.0435026
-0.0435489
-0.0436575
-0.0433532
-0.0434315
-0.0439921
-0.0452363
-0.0443858
-0.0425313
-0.0448071
-0.0430304
-0.0433363
-0.0442555
-0.0436334
-0.0439854
-0.0434239
-0.0436678
-0.0442052
-0.0439153
-0.0434634
-0.0430512
-0.0428991
-0.0446542
-0.0428442
-0.0447812
-0.0443535
-0.0446155
-0.0430649
-0.043803
-0.0441206
-0.0437881
-0.0441243
-0.043842
-0.0431366
-0.0434396
-0.0442553
-0.0434064
-0.0440294
-0.0443776
-0.0433361
-0.0435968
-0.0439248
-0.0438336
-0.0438348
-0.0441121
-0.0436687
-0.0436058
-0.0439821
-0.0442978
-0.0441423
-0.0437536
-0.0436923
-0.0440391
-0.0442027
-0.0434663
-0.0431571
-0.0439916
-0.0433603
-0.0424958
-0.0444028
-0.0436803
-0.0434674
-0.0437307
-0.0443159
-0.0427318
-0.0438971
-0.043899
-0.0434296
-0.0437393
-0.0437215
-0.0438202
-0.0437698
-0.043734
-0.0439872
-0.0437279
-0.0434323
-0.0435948
-0.0437993
-0.0434737
-0.0436013
-0.0434467
-0.0436026
-0.0437316
-0.0439093
-0.0436994
-0.0439012
-0.043915
-0.0437807
-0.0439626
-0.043853
-0.0438092
-0.0438558
-0.0434932
-0.043809
-0.0438552
-0.0435589
-0.0434859
-0.043544
-0.0434947
-0.0436032
-0.0439249
-0.0435889
-0.0437905
-0.0436277
-0.0437233
-0.0439215
-0.0433747
-0.04378
-0.0436652
-0.0434527
-0.0437847
-0.0439632
-0.0436107
-0.0438183
-0.0437425
-0.0437068
-0.0438913
-0.0437175
-0.0438289
-0.0437895
-0.0439042
-0.0437865
-0.0437754
-0.0438193
-0.0440872
-0.0435275
-0.0438571
-0.0436087
-0.0438963
-0.0442585
-0.0435762
-0.0438484
-0.0437097
-0.0433806
-0.0434788
-0.0433956
-0.043695
-0.0437554
-0.043537
-0.0440244
-0.0436827
-0.0439365
-0.0438433
-0.0438411
-0.0434656
-0.0435707
-0.0439799
-0.043898
-0.0439006
-0.043417
-0.0436691
-0.0446407
-0.0435938
-0.0437574
-0.0435906
-0.0443917
-0.0439242
-0.0437762
-0.0437176
-0.0436638
-0.0436508
-0.0438594
-0.0438308
-0.0436937
-0.0437042
-0.0438262
-0.0438568
-0.0437133
-0.0435782
-0.0439371
-0.0438192
-0.0437519
-0.0436304
-0.0437394
-0.0438348
-0.04418
-0.0434114
-0.0438818
-0.0437945
-0.0432867
-0.0436661
-0.043963
-0.0437459
-0.0439155
-0.043841
-0.0438719
-0.0436754
-0.0439066
-0.0438709
-0.0437238
-0.0437726
-0.0437256
-0.043672
-0.0438861
-0.043825
-0.0440046
-0.0437525
-0.0418954
-0.04365
-0.0439525
-0.0439955
-0.0433241
-0.0435365
-0.0438463
-0.0442117
-0.0439317
-0.04447
-0.0435637
-0.0449965
-0.0437714
-0.0435076
-0.0448615
-0.0457642
-0.0432716
-0.0444258
-0.0440907
-0.0437383
-0.0435167
-0.0437881
-0.0437691
-0.0439105
-0.0439302
-0.0457231
-0.0443855
-0.0436111
-0.0434368
-0.0438409
-0.0430138
-0.0442552
-0.0440249
-0.0450726
-0.0424702
-0.0444522
-0.0431989
-0.0430001
-0.0448993
-0.0442152
-0.0437003
-0.0440523
-0.0433815
-0.0437203
-0.0441663
-0.0439318
-0.0442114
-0.0426968
-0.0442081
-0.0433832
-0.0439385
-0.0435091
-0.041975
-0.0438026
-0.0435571
-0.0436968
-0.0436595
-0.0437651
-0.0435928
-0.0435647
-0.0426645
-0.0435427
-0.0445143
-0.0437201
-0.0397996
-0.0445805
-0.0435947
-0.0435852
-0.0437172
-0.0434128
-0.0436491
-0.0436248
-0.0433764
-0.0429157
-0.0443895
-0.0432943
-0.0434145
-0.0434787
-0.042856
-0.0429608
-0.0435314
-0.0422437
-0.0437457
-0.0435972
-0.0439635
-0.043236
-0.0435379
-0.0439467
-0.0437078
-0.0442143
-0.0430968
-0.044689
-0.0436147
-0.0444673
-0.0441996
-0.0439808
-0.0434642
-0.0434935
-0.043555
-0.042934
-0.0435993
-0.0432003
-0.0440089
-0.0434699
-0.0434447
-0.0437895
-0.0431814
-0.043869
-0.0439711
-0.0440707
-0.0435576
-0.0434874
-0.0434222
-0.0432317
-0.0437112
-0.0432829
-0.0440192
-0.0436397
-0.043378
-0.0439827
-0.0433571
-0.0426509
-0.0435077
-0.0421307
-0.0427914
-0.0422529
-0.0440718
-0.0438087
-0.0431582
-0.0419376
-0.0395448
-0.0428356
-0.0434087
-0.0435835
-0.0425422
-0.0413429
-0.0424432
-0.0380369
-0.0276779
-0.0404141
-0.03976
-0.0412587
-0.0370842
-0.0333384
-0.0401643
-0.0427672
-0.0407796
-0.0409878
-0.0408034
-0.0423107
-0.0395982
-0.0438137
-0.0450483
-0.044725
-0.044171
-0.0442364
-0.0444615
-0.0434863
-0.0437971
-0.0437333
-0.0440275
-0.0434338
-0.0437367
-0.0438883
-0.0435794
-0.0442298
-0.0433735
-0.0451821
-0.0439353
-0.0446506
-0.0443824
-0.0452335
-0.0434589
-0.0444108
-0.0433525
-0.0429979
-0.0438534
-0.0431521
-0.0426359
-0.036859
-0.0445489
-0.0454923
-0.0434054
-0.0441992
-0.0426917
-0.0436682
-0.0428169
-0.0456535
-0.0450993
-0.0437153
-0.04479
-0.0422461
-0.0437769
-0.0392048
-0.0345362
-0.0412574
-0.0412482
-0.0430798
-0.0385964
-0.0328379
-0.0424467
-0.0455771
-0.0430919
-0.0427484
-0.0446317
-0.0437414
-0.0411513
-0.0297167
-0.0371933
-0.0325092
-0.0346299
-0.0352804
-0.0321541
-0.0284616
-0.0263344
-0.0379673
-0.0323753
-0.033804
-0.0325837
-0.0266027
-0.0338323
-0.0240896
-0.0331867
-0.0241183
-0.00823744
-0.00869829
-0.0331161
-0.0239403
-0.0241314
-0.0116766
-0.0323484
-0.025478
-0.0240801
-0.00953851
-0.0325036
-0.0336643
-0.0258467
-0.0378735
-0.0334384
-0.0377023
-0.0351951
-0.0215976
-0.0363618
-0.0302912
-0.0410985
-0.0361775
-0.0325747
-0.0356651
-0.039255
-0.0386713
-0.0406066
-0.0393526
-0.0409266
-0.0409877
-0.038589
-0.0398268
-0.032977
-0.0361921
-0.0301149
-0.0251161
-0.0372791
-0.0229914
-0.0323406
-0.0352502
-0.0360226
-0.0346976
-0.0292216
-0.0303663
-0.0363666
-0.0359898
-0.0295613
-0.024314
-0.0309958
-0.0315756
-0.0245313
-0.0324816
-0.0291301
-0.0318885
-0.0279677
-0.0345664
-0.0314719
-0.0345507
-0.031634
-0.0279414
-0.0306821
-0.0356048
-0.0298141
-0.02498
-0.0248057
-0.034866
-0.0311179
-0.0326789
-0.0353628
-0.0269487
-0.0318394
-0.0339397
-0.0348502
-0.0275154
-0.03666
-0.0245077
-0.0397601
-0.0336183
-0.0367361
-0.038154
-0.027389
-0.0383051
-0.0346307
-0.0387258
-0.0390061
-0.0386916
-0.0396797
-0.033953
-0.0402668
-0.0430554
-0.0428089
-0.0417283
-0.0405804
-0.0405564
-0.0420717
-0.0349349
-0.0361953
-0.0330123
-0.0272062
-0.0349806
-0.0354525
-0.0277614
-0.0353061
-0.0386046
-0.0360326
-0.0296196
-0.0386334
-0.0324634
-0.0305771
-0.0303115
-0.0213358
-0.0246084
-0.0325721
-0.0328695
-0.0217629
-0.0302801
-0.0297703
-0.0261472
-0.0352635
-0.0327265
-0.0355278
-0.0294508
-0.0266188
-0.0317226
-0.0333651
-0.0278738
-0.0232551
-0.0334359
-0.0312862
-0.022753
-0.0304617
-0.0367985
-0.0285069
-0.034332
-0.0313141
-0.036485
-0.0283174
-0.027005
-0.0365508
-0.0293011
-0.0335275
-0.0282149
-0.0279661
-0.0336976
-0.0194085
-0.0280123
-0.0263231
-0.0127434
-0.019219
-0.0279239
-0.0130758
-0.0208194
-0.0130469
-0.0309635
-0.027557
-0.0218521
-0.0301943
-0.0142999
-0.0263457
-0.0379779
-0.0323871
-0.0338123
-0.0338418
-0.0325959
-0.0266129
-0.0240948
-0.0331856
-0.00823955
-0.0241232
-0.0331216
-0.0239418
-0.00870218
-0.0241411
-0.0116842
-0.0323547
-0.0254868
-0.0325123
-0.0240873
-0.00954745
-0.0297191
-0.0371997
-0.0325188
-0.0346364
-0.0321589
-0.0284694
-0.0352834
-0.0295652
-0.0243151
-0.0315777
-0.0309979
-0.0324827
-0.0291302
-0.0245358
-0.0318888
-0.0279683
-0.0345689
-0.0314731
-0.027943
-0.0316357
-0.0345503
-0.0306865
-0.0356085
-0.0298194
-0.0249823
-0.0348708
-0.0248106
-0.0311186
-0.0326822
-0.0353653
-0.0318413
-0.0269504
-0.0275178
-0.0348524
-0.0339426
-0.0336622
-0.0258352
-0.0334334
-0.0378738
-0.0215906
-0.0377025
-0.0351925
-0.0363621
-0.0302842
-0.0411021
-0.0361774
-0.0392607
-0.0356646
-0.0325712
-0.0329752
-0.0361943
-0.0301131
-0.0251156
-0.0229876
-0.0372799
-0.0323397
-0.0386743
-0.0406099
-0.0393597
-0.0409304
-0.0409928
-0.0398306
-0.0385926
-0.0352542
-0.0360224
-0.0292206
-0.0346975
-0.0359901
-0.0363711
-0.0303646
-0.0303108
-0.021345
-0.0325697
-0.0246153
-0.0302785
-0.03288
-0.0217617
-0.0297685
-0.0261441
-0.0352473
-0.0327207
-0.0294497
-0.0355312
-0.0266125
-0.0317018
-0.033341
-0.0278517
-0.0232222
-0.033429
-0.0312483
-0.022728
-0.0304499
-0.0367707
-0.0343209
-0.0284783
-0.0364899
-0.0312864
-0.0283065
-0.0366189
-0.0244566
-0.0335604
-0.0397235
-0.0381123
-0.0273342
-0.036701
-0.0382852
-0.0346116
-0.0387179
-0.0389984
-0.0396759
-0.0386737
-0.0339354
-0.0348839
-0.0361661
-0.0329558
-0.0271599
-0.034939
-0.0354152
-0.0277115
-0.0402424
-0.0430414
-0.0427822
-0.0417174
-0.0405242
-0.0420651
-0.0405596
-0.0352796
-0.0385822
-0.0295957
-0.0360057
-0.0324425
-0.0386101
-0.0305531
-0.0296717
-0.0384638
-0.0298761
-0.0363987
-0.029492
-0.0320293
-0.0361189
-0.0427972
-0.043181
-0.0442461
-0.0442661
-0.0429021
-0.0428516
-0.0442901
-0.0434216
-0.0426345
-0.0430917
-0.0419572
-0.0431389
-0.0432122
-0.0437024
-0.0432702
-0.0430963
-0.0432376
-0.0435877
-0.0431492
-0.0433528
-0.0436589
-0.0429644
-0.0441991
-0.0425675
-0.0432325
-0.042452
-0.0426382
-0.0438893
-0.039543
-0.0434115
-0.042838
-0.0435852
-0.0425418
-0.0424455
-0.0413403
-0.0380323
-0.0276692
-0.0404147
-0.0397563
-0.033325
-0.0370818
-0.0412585
-0.0401638
-0.0427695
-0.040784
-0.04099
-0.0408049
-0.0396
-0.0423124
-0.0421283
-0.0422572
-0.0427929
-0.0440731
-0.043811
-0.0419343
-0.0431596
-0.043856
-0.0450729
-0.0441971
-0.0447481
-0.0444985
-0.0442641
-0.0435074
-0.0442609
-0.0434052
-0.0452443
-0.043984
-0.0447117
-0.0452745
-0.0444119
-0.0438222
-0.0437584
-0.0440386
-0.0434545
-0.0437467
-0.0439081
-0.0435822
-0.0434813
-0.0444136
-0.0433857
-0.0429901
-0.0438876
-0.0426374
-0.0431602
-0.0428202
-0.04513
-0.0456791
-0.0437365
-0.044797
-0.043797
-0.0422452
-0.0391969
-0.0345236
-0.0412607
-0.0412502
-0.0385857
-0.0430857
-0.0328314
-0.0424419
-0.0455948
-0.0430783
-0.0427538
-0.0411411
-0.0446254
-0.0437566
-0.0367992
-0.0455232
-0.0445654
-0.0434396
-0.0441987
-0.0436478
-0.0427122
-0.0426787
-0.0435566
-0.0437377
-0.0445326
-0.0445912
-0.0436014
-0.0398248
-0.0435836
-0.0437225
-0.0434125
-0.0436485
-0.043621
-0.0433808
-0.0429216
-0.0437111
-0.0442167
-0.0431042
-0.0446944
-0.0442024
-0.0436225
-0.044467
-0.0422531
-0.0437539
-0.043603
-0.0439697
-0.0432398
-0.0435459
-0.0439562
-0.043944
-0.0434355
-0.0434658
-0.0435666
-0.0435777
-0.0428474
-0.0431225
-0.0442984
-0.0439027
-0.044173
-0.0438348
-0.0437473
-0.0434864
-0.0448968
-0.0447807
-0.0446813
-0.0440605
-0.0433717
-0.0441322
-0.0438526
-0.0440624
-0.0432196
-0.0432232
-0.0438801
-0.0437256
-0.0436151
-0.0434512
-0.0431705
-0.0439968
-0.0434631
-0.0437698
-0.0434386
-0.0431689
-0.0438611
-0.0439702
-0.0440226
-0.0436437
-0.0433691
-0.0439621
-0.0433502
-0.0434951
-0.0426474
-0.044024
-0.0435249
-0.0434702
-0.0433742
-0.0432088
-0.0436702
-0.0432545
-0.0439069
-0.0438686
-0.0440041
-0.0442955
-0.0439884
-0.0439733
-0.0440781
-0.0436157
-0.043695
-0.0443274
-0.0441867
-0.0436125
-0.0449026
-0.0434375
-0.0443081
-0.0435964
-0.0438876
-0.0434469
-0.0436534
-0.0443448
-0.0439595
-0.0440334
-0.045243
-0.0443931
-0.0425621
-0.0448034
-0.0430358
-0.043376
-0.0433814
-0.0432831
-0.0446147
-0.0446821
-0.0433639
-0.0432995
-0.0452312
-0.043958
-0.0438899
-0.0436761
-0.0440981
-0.0435462
-0.0439168
-0.0438684
-0.0438919
-0.0439505
-0.0435886
-0.0438432
-0.043746
-0.0439818
-0.0440135
-0.0432166
-0.0447657
-0.043591
-0.0451668
-0.0431612
-0.0435179
-0.0449805
-0.043533
-0.0429556
-0.0431152
-0.0447241
-0.042871
-0.0443822
-0.0448973
-0.044622
-0.0438757
-0.0428518
-0.0440355
-0.0438618
-0.043833
-0.0440628
-0.0431514
-0.0434536
-0.0442992
-0.0434468
-0.0440549
-0.0444138
-0.0433535
-0.0435856
-0.0439069
-0.0438537
-0.0438711
-0.0440744
-0.0436805
-0.0436524
-0.0439565
-0.0443047
-0.0437605
-0.044122
-0.0442188
-0.0436758
-0.0439911
-0.0434568
-0.0431481
-0.0440079
-0.0433747
-0.0444162
-0.0436851
-0.0424984
-0.0437267
-0.0437304
-0.0438242
-0.043784
-0.044006
-0.0437294
-0.0437338
-0.0434224
-0.0436905
-0.0442709
-0.0426949
-0.0438582
-0.0434273
-0.0438142
-0.043402
-0.0435881
-0.0434432
-0.0437594
-0.0435911
-0.0434281
-0.0435891
-0.0437545
-0.0439041
-0.043869
-0.043684
-0.0437846
-0.0439448
-0.0439022
-0.0439058
-0.0439055
-0.0438715
-0.0435333
-0.0438467
-0.043905
-0.0435583
-0.043505
-0.043527
-0.0434638
-0.0435869
-0.0435694
-0.0438209
-0.0439043
-0.0436575
-0.043766
-0.0434141
-0.0439325
-0.0437104
-0.043812
-0.0434207
-0.0437956
-0.0439535
-0.0437897
-0.0435957
-0.0438702
-0.0437394
-0.0436943
-0.0437709
-0.0439327
-0.0438008
-0.0439938
-0.0438133
-0.0438562
-0.0439092
-0.0441149
-0.0435166
-0.0438439
-0.043593
-0.0439104
-0.0435685
-0.0442574
-0.0439175
-0.0437546
-0.0435682
-0.0434648
-0.0438109
-0.043746
-0.0434973
-0.043507
-0.0439423
-0.0439361
-0.0436516
-0.0438328
-0.0434102
-0.0437853
-0.0435693
-0.043978
-0.043858
-0.0439063
-0.0434123
-0.0436212
-0.0446474
-0.0436705
-0.0436708
-0.0438457
-0.0438385
-0.043702
-0.0437173
-0.0438466
-0.0435936
-0.0437572
-0.0435817
-0.0443924
-0.0437722
-0.0437139
-0.0439255
-0.0438705
-0.0437259
-0.0440617
-0.043625
-0.0438031
-0.0438405
-0.0436251
-0.0436898
-0.0437738
-0.0433864
-0.0443447
-0.0437706
-0.0438884
-0.0432939
-0.0438797
-0.0438497
-0.0437107
-0.0437502
-0.0436998
-0.0438655
-0.0436394
-0.0436283
-0.0439361
-0.0437243
-0.0438953
-0.0438076
-0.0438562
-0.0436436
-0.0437995
-0.043994
-0.0437339
-0.0419034
-0.0439205
-0.0439971
-0.0436145
-0.043318
-0.0438306
-0.0433511
-0.0441506
-0.043952
-0.0435683
-0.0443935
-0.0450172
-0.0437406
-0.0435078
-0.0448973
-0.0432471
-0.0444398
-0.0457879
-0.044095
-0.043723
-0.0435192
-0.043812
-0.043946
-0.0437607
-0.0439251
-0.0457468
-0.0435694
-0.0443646
-0.0434385
-0.0437841
-0.0442626
-0.0430377
-0.0435097
-0.0436228
-0.0441986
-0.0442788
-0.0435932
-0.0450722
-0.0432001
-0.0441398
-0.0451297
-0.0445552
-0.0425538
-0.0450074
-0.0433065
-0.0430687
-0.0443254
-0.0437076
-0.0438971
-0.0434581
-0.0437395
-0.0443304
-0.0440222
-0.0437298
-0.0436095
-0.0440943
-0.0437787
-0.0438018
-0.0438927
-0.0437395
-0.043752
-0.0438421
-0.04369
-0.0441106
-0.0436311
-0.0437651
-0.0439655
-0.0438375
-0.0437066
-0.0436251
-0.0436995
-0.043761
-0.0436243
-0.0436097
-0.0442657
-0.0427316
-0.0442515
-0.0434547
-0.0435796
-0.0439957
-0.0420051
-0.04394
-0.0436045
-0.0435804
-0.0440607
-0.0441804
-0.0437214
-0.0439305
-0.0436979
-0.0438444
-0.0441564
-0.0437148
-0.0438496
-0.0438611
-0.0440163
-0.0432598
-0.0459787
-0.0433363
-0.0441659
-0.0424059
-0.0435973
-0.0447296
-0.0432884
-0.0434107
-0.0441585
-0.0440285
-0.0438635
-0.0432614
-0.043431
-0.0457501
-0.0442153
-0.0438235
-0.0439769
-0.0441223
-0.0439558
-0.0436363
-0.0438384
-0.0438537
-0.0439973
-0.0445988
-0.0438173
-0.0423309
-0.0437807
-0.0438706
-0.0436926
-0.0437501
-0.0439861
-0.0437566
-0.0436635
-0.0438067
-0.0436203
-0.0439924
-0.0452305
-0.0438784
-0.0417941
-0.0436853
-0.0436967
-0.0440793
-0.0481004
-0.0436517
-0.0435639
-0.0437618
-0.0437872
-0.0442159
-0.0441559
-0.0474524
-0.0436078
-0.0449654
-0.0445515
-0.0426614
-0.043924
-0.0442021
-0.0438928
-0.0435286
-0.0438387
-0.0439504
-0.0435507
-0.0437859
-0.0441038
-0.0426166
-0.0438046
-0.0434059
-0.044992
-0.0428928
-0.0434768
-0.0432385
-0.0428283
-0.0488755
-0.0436099
-0.0438752
-0.0434306
-0.0441104
-0.0435792
-0.043582
-0.0435796
-0.0433711
-0.0435447
-0.0436987
-0.0436579
-0.0435092
-0.0436026
-0.0441976
-0.0436311
-0.0435703
-0.0435758
-0.0436495
-0.0434706
-0.0431498
-0.0436134
-0.0436015
-0.0436869
-0.0436798
-0.0432742
-0.0434202
-0.0436744
-0.0435759
-0.0438217
-0.0435384
-0.0435093
-0.0429555
-0.0434672
-0.0436438
-0.043621
-0.0435685
-0.0437086
-0.0436395
-0.0440125
-0.0425101
-0.0439726
-0.0436523
-0.0439699
-0.0439775
-0.0436781
-0.0440126
-0.0435804
-0.0448797
-0.0408714
-0.0441504
-0.0428609
-0.0439806
-0.0434013
-0.0435084
-0.0440072
-0.0436081
-0.0453565
-0.0436259
-0.0434361
-0.0444383
-0.0433364
-0.0438863
-0.0452164
-0.043465
-0.0432756
-0.0443173
-0.0433614
-0.0436914
-0.0436377
-0.0436118
-0.0436959
-0.0437002
-0.0435289
-0.0435373
-0.0436588
-0.0436551
-0.0437331
-0.0438491
-0.043798
-0.0438541
-0.043636
-0.0434793
-0.0433744
-0.0435623
-0.0435157
-0.0435273
-0.0435293
-0.0432262
-0.0455535
-0.0443037
-0.0435337
-0.0431988
-0.0434104
-0.0424997
-0.0441353
-0.0433315
-0.0438075
-0.0434932
-0.0431118
-0.0436867
-0.043429
-0.0437442
-0.0447225
-0.0441522
-0.0428771
-0.0428891
-0.0443319
-0.0445108
-0.0429111
-0.0432644
-0.0438328
-0.0430454
-0.0435229
-0.0433724
-0.043741
-0.0436221
-0.0451586
-0.0390475
-0.0449456
-0.0429473
-0.0455617
-0.0446883
-0.0421332
-0.0451802
-0.0403528
-0.042981
-0.0440496
-0.044383
-0.0421507
-0.0459966
-0.0424432
-0.0435136
-0.0444386
-0.0445562
-0.043618
-0.0448073
-0.0435044
-0.044606
-0.0441736
-0.0439616
-0.0443173
-0.0440275
-0.0449044
-0.0437381
-0.0432432
-0.0433201
-0.0437955
-0.0438593
-0.0436906
-0.0432169
-0.0434507
-0.0450119
-0.0447236
-0.0440275
-0.0434286
-0.0438225
-0.0442138
-0.0441668
-0.0438223
-0.0433136
-0.0433464
-0.0436273
-0.0430758
-0.0438067
-0.0437584
-0.0438762
-0.0435602
-0.0433536
-0.0434299
-0.0431988
-0.0432045
-0.0436703
-0.0438942
-0.0435013
-0.0432407
-0.043786
-0.0433116
-0.0432138
-0.0425198
-0.043983
-0.0434086
-0.0434824
-0.0434838
-0.0436872
-0.0429499
-0.0432534
-0.0423324
-0.0441236
-0.0440259
-0.0433877
-0.0436775
-0.0457433
-0.0442495
-0.0436959
-0.0442216
-0.0441667
-0.0435853
-0.0442725
-0.0437356
-0.0439291
-0.0443851
-0.041386
-0.0432743
-0.043998
-0.0415382
-0.0438873
-0.0433516
-0.0441465
-0.0439789
-0.04406
-0.0441431
-0.0439402
-0.0439263
-0.0441217
-0.0438537
-0.0437616
-0.043592
-0.0438872
-0.0436923
-0.0437032
-0.0437345
-0.0436884
-0.0435433
-0.0434861
-0.0436337
-0.0435176
-0.0434307
-0.0434525
-0.0432576
-0.0428654
-0.0434344
-0.0430487
-0.0436508
-0.0434585
-0.0437147
-0.0437316
-0.0436293
-0.0436538
-0.0453977
-0.0433982
-0.0436883
-0.043493
-0.0439193
-0.0440208
-0.043475
-0.0436387
-0.0435406
-0.0439428
-0.0431844
-0.0431609
-0.0427321
-0.0438573
-0.0432609
-0.0422527
-0.0431824
-0.0439704
-0.0437097
-0.0437161
-0.0436539
-0.0432802
-0.0436242
-0.0442599
-0.0437005
-0.0436255
-0.0437644
-0.0437361
-0.0439473
-0.0436543
-0.0441709
-0.043642
-0.0440885
-0.043496
-0.043472
-0.043149
-0.0445038
-0.0435821
-0.0437882
-0.0435689
-0.0434568
-0.0435886
-0.0437395
-0.04366
-0.0436101
-0.0436387
-0.0436522
-0.0436717
-0.0437071
-0.0436487
-0.0436294
-0.0436292
-0.0435361
-0.0437117
-0.0435858
-0.0436362
-0.0433153
-0.0440115
-0.043609
-0.0439471
-0.0437384
-0.043641
-0.0442812
-0.0437062
-0.043458
-0.0436779
-0.0438429
-0.0436479
-0.0432858
-0.0437427
-0.0436281
-0.0436934
-0.0433558
-0.0435662
-0.0435924
-0.0437196
-0.043644
-0.0433498
-0.0434645
-0.0434181
-0.0437148
-0.0437556
-0.043694
-0.043675
-0.0436941
-0.043695
-0.0436305
-0.0435307
-0.0435842
-0.0435994
-0.0429146
-0.0438318
-0.0437789
-0.043336
-0.0438998
-0.0435234
-0.043457
-0.0433345
-0.0440997
-0.0439755
-0.0434598
-0.0438933
-0.043852
-0.0457562
-0.0435564
-0.0434164
-0.0436244
-0.0435142
-0.0441538
-0.0436194
-0.0436704
-0.043777
-0.0434918
-0.0434101
-0.0438714
-0.0435485
-0.0437132
-0.0435624
-0.0438757
-0.0438036
-0.0435297
-0.0436341
-0.0437231
-0.043624
-0.0437271
-0.044712
-0.0437882
-0.0434217
-0.0437485
-0.0434378
-0.0436194
-0.0442723
-0.0438488
-0.0427906
-0.0434659
-0.0438358
-0.0441273
-0.0439383
-0.0435601
-0.0448365
-0.0432612
-0.0445506
-0.0457587
-0.0431798
-0.0435493
-0.0438146
-0.0435319
-0.0435792
-0.0441123
-0.043499
-0.0434896
-0.0395741
-0.0439305
-0.0428883
-0.045096
-0.0436916
-0.0444512
-0.0421446
-0.0434094
-0.0433809
-0.0438622
-0.0441501
-0.0433961
-0.0439224
-0.0439707
-0.0435726
-0.0434652
-0.0437362
-0.0436359
-0.043646
-0.0436066
-0.0436783
-0.0437322
-0.0432592
-0.0437819
-0.0434919
-0.0436312
-0.0437746
-0.0448609
-0.0437808
-0.0438566
-0.0434551
-0.045037
-0.0437756
-0.0430656
-0.0430942
-0.0434352
-0.0434709
-0.0438792
-0.0439446
-0.0433159
-0.0444954
-0.0436596
-0.042452
-0.0441305
-0.0439479
-0.0434778
-0.0432346
-0.0442761
-0.0439532
-0.0439839
-0.0445157
-0.0432274
-0.0449274
-0.0437652
-0.044756
-0.0444744
-0.0445064
-0.0433839
-0.0434641
-0.0435963
-0.0430641
-0.0436053
-0.0429507
-0.0420568
-0.043499
-0.043458
-0.0435717
-0.0434947
-0.0432531
-0.0429782
-0.0425351
-0.0438546
-0.0435518
-0.0437214
-0.0432635
-0.0429567
-0.0436098
-0.0395054
-0.0404967
-0.0390727
-0.0338553
-0.0414441
-0.0330807
-0.0389166
-0.0397322
-0.0410704
-0.0394126
-0.0332496
-0.0330647
-0.042132
-0.0384619
-0.040447
-0.0347682
-0.0429165
-0.0390636
-0.0419649
-0.0404327
-0.0346514
-0.0407534
-0.034536
-0.0427107
-0.0396336
-0.0399729
-0.0349574
-0.0425191
-0.036452
-0.0441629
-0.0430142
-0.0450221
-0.0423564
-0.0439001
-0.0431647
-0.0436301
-0.0444106
-0.0445736
-0.0438282
-0.0439273
-0.043248
-0.0440999
-0.0436993
-0.0436358
-0.0433823
-0.0439796
-0.0437164
-0.0435368
-0.0437474
-0.0441247
-0.043347
-0.0450825
-0.0438317
-0.0445767
-0.0450291
-0.0442734
-0.0433825
-0.0442517
-0.0432917
-0.0428656
-0.0431318
-0.0437107
-0.042477
-0.0423189
-0.0432436
-0.0444874
-0.0450853
-0.0432923
-0.0417269
-0.0442085
-0.0387001
-0.0340702
-0.0408239
-0.0408596
-0.0322899
-0.042663
-0.0381134
-0.0419623
-0.0449125
-0.0422496
-0.0425395
-0.0432524
-0.0440598
-0.0406492
-0.042954
-0.0446603
-0.0438688
-0.0443011
-0.043169
-0.0445539
-0.0432151
-0.0434034
-0.0431713
-0.0436876
-0.0434555
-0.0432959
-0.0438371
-0.0434193
-0.0437021
-0.042944
-0.043445
-0.0423726
-0.0434131
-0.0440862
-0.043609
-0.0430749
-0.0445629
-0.042646
-0.0434958
-0.0428543
-0.0425789
-0.0441225
-0.0423764
-0.043007
-0.044445
-0.0424173
-0.0434829
-0.0441141
-0.0423042
-0.0399256
-0.0438736
-0.0434512
-0.0423691
-0.0425988
-0.0416214
-0.0428897
-0.0381649
-0.0276819
-0.0397925
-0.0404457
-0.0413413
-0.033385
-0.0371223
-0.0403111
-0.0426882
-0.0410189
-0.0409456
-0.042323
-0.041024
-0.0396775
-0.0426385
-0.0440189
-0.0439527
-0.0436981
-0.0431406
-0.0437698
-0.0433189
-0.0399212
-0.0412558
-0.0396808
-0.0335307
-0.038656
-0.0422832
-0.0333814
-0.0395906
-0.0405261
-0.0391473
-0.0339417
-0.0390139
-0.0414289
-0.0332042
-0.0409921
-0.0349507
-0.0429758
-0.0399293
-0.0402988
-0.0427242
-0.0353196
-0.0405828
-0.0351645
-0.0430366
-0.0391895
-0.0407112
-0.042005
-0.0348848
-0.033532
-0.0261633
-0.0116178
-0.0257037
-0.0234223
-0.0326934
-0.0254363
-0.0365446
-0.0391048
-0.0391939
-0.0356533
-0.034449
-0.0391042
-0.0388519
-0.0391021
-0.040172
-0.0356801
-0.0365629
-0.0397279
-0.0379016
-0.034601
-0.0359659
-0.0321898
-0.0371498
-0.0383014
-0.031612
-0.0383002
-0.0348819
-0.0371703
-0.0328814
-0.0390638
-0.0362526
-0.0386962
-0.0382986
-0.0334993
-0.00876462
-0.0217647
-0.0285954
-0.0219168
-0.00836542
-0.0220344
-0.0221057
-0.00992185
-0.0239568
-0.0183134
-0.0293822
-0.0102078
-0.0221255
-0.0230311
-0.00823605
-0.0204108
-0.0278772
-0.0215411
-0.0218534
-0.0206895
-0.00793928
-0.00869208
-0.0233666
-0.0291973
-0.0219339
-0.0227722
-0.00671706
-0.0215911
-0.0379487
-0.0342062
-0.0383703
-0.038553
-0.0392744
-0.0382464
-0.0336318
-0.036314
-0.0241054
-0.0393241
-0.03339
-0.0271418
-0.0362589
-0.0378519
-0.0398476
-0.0425909
-0.041269
-0.0422526
-0.0415734
-0.040094
-0.0401482
-0.0350837
-0.0384575
-0.035745
-0.0295255
-0.0383586
-0.0303974
-0.0323628
-0.0347433
-0.0361945
-0.0329605
-0.0272068
-0.0276195
-0.0348932
-0.0353887
-0.0299173
-0.0261277
-0.0325007
-0.0353052
-0.0266183
-0.0355406
-0.0295867
-0.030359
-0.0214979
-0.0327614
-0.024825
-0.0330182
-0.0303547
-0.021918
-0.0305636
-0.0367755
-0.0341945
-0.0284605
-0.0283082
-0.0365188
-0.0313458
-0.0318565
-0.0334699
-0.0233216
-0.028064
-0.0313257
-0.0336212
-0.0228902
-0.0362179
-0.0301784
-0.0410853
-0.0360497
-0.0355915
-0.0391633
-0.0324048
-0.0336275
-0.0257704
-0.0379733
-0.0334351
-0.0351826
-0.0377446
-0.0215259
-0.0386256
-0.0407613
-0.0409924
-0.0395206
-0.0386386
-0.039827
-0.0410717
-0.0351553
-0.0361357
-0.0346368
-0.0291493
-0.0363705
-0.0359636
-0.0302466
-0.0330059
-0.0360952
-0.030064
-0.025066
-0.0372694
-0.032344
-0.0229635
-0.0321068
-0.0280751
-0.0315934
-0.034727
-0.0347462
-0.0280592
-0.0318256
-0.0297281
-0.0242864
-0.0319221
-0.0310905
-0.032751
-0.0292957
-0.0245247
-0.0328696
-0.035496
-0.0319674
-0.0269221
-0.0350617
-0.0339801
-0.0275977
-0.0308276
-0.0356043
-0.0249791
-0.0298412
-0.0312104
-0.0349782
-0.0248191
-0.00831325
-0.0204747
-0.0280367
-0.02164
-0.0207526
-0.0219584
-0.00801557
-0.0087512
-0.023434
-0.0219677
-0.0293138
-0.0216406
-0.00678785
-0.0228631
-0.00887845
-0.0218676
-0.0287302
-0.0220989
-0.0221352
-0.0222829
-0.00849239
-0.0100038
-0.0240095
-0.0295004
-0.0182891
-0.0222051
-0.0231736
-0.0102379
-0.0335319
-0.0261593
-0.0257019
-0.0116114
-0.0326938
-0.023419
-0.0254305
-0.0365466
-0.0391136
-0.0391985
-0.0356538
-0.039111
-0.0344478
-0.0388545
-0.0391083
-0.0401834
-0.0365634
-0.0356814
-0.0345994
-0.0397363
-0.0379119
-0.0359673
-0.0321895
-0.038304
-0.0371547
-0.0383062
-0.0348827
-0.0316119
-0.0371753
-0.0328802
-0.0390665
-0.0362513
-0.0383003
-0.0334975
-0.0387024
-0.00823264
-0.0204112
-0.021541
-0.0278756
-0.00794012
-0.0218518
-0.0206848
-0.00868871
-0.0233629
-0.0291958
-0.0219259
-0.0227708
-0.00670963
-0.0215893
-0.0299131
-0.0261289
-0.0353067
-0.0324972
-0.0355363
-0.0295868
-0.026614
-0.030352
-0.0214978
-0.0327626
-0.0248232
-0.0219168
-0.0303574
-0.0330131
-0.0305572
-0.0367722
-0.0341931
-0.0284529
-0.0365156
-0.0283054
-0.0313376
-0.0318539
-0.0334638
-0.0280612
-0.0233159
-0.0228867
-0.0336166
-0.0313202
-0.0379278
-0.0341862
-0.0385481
-0.0383674
-0.0336145
-0.0392649
-0.0382219
-0.0362944
-0.0241091
-0.039309
-0.0333981
-0.0378385
-0.0362346
-0.0271375
-0.035067
-0.0384497
-0.0357417
-0.0295158
-0.0303844
-0.038351
-0.032351
-0.0398176
-0.0425588
-0.0412503
-0.0421803
-0.0415572
-0.0401095
-0.0400539
-0.034733
-0.0361864
-0.0272015
-0.0329673
-0.035379
-0.0348892
-0.027614
-0.0320763
-0.028058
-0.0347041
-0.0315732
-0.031796
-0.0347325
-0.0280316
-0.0297067
-0.0242827
-0.0319103
-0.0310637
-0.0292891
-0.03274
-0.024502
-0.0328771
-0.0354893
-0.0319623
-0.0269356
-0.0350716
-0.0339865
-0.0275948
-0.0308194
-0.035619
-0.0298429
-0.0249714
-0.0349794
-0.0312118
-0.0248122
-0.0362151
-0.0301647
-0.0360552
-0.0410792
-0.0391641
-0.0324042
-0.0355731
-0.0335975
-0.0257232
-0.0379224
-0.0333886
-0.0377053
-0.0351423
-0.021484
-0.0351618
-0.0361184
-0.0346412
-0.0291529
-0.036364
-0.035962
-0.0302513
-0.0386146
-0.0407337
-0.040979
-0.0394821
-0.039816
-0.0410489
-0.0386102
-0.0329824
-0.0360944
-0.0250401
-0.0300365
-0.0323325
-0.0372473
-0.0229285
-0.00831027
-0.0204742
-0.0280277
-0.0216354
-0.0219469
-0.0207495
-0.00801763
-0.00873816
-0.0234279
-0.0293
-0.0219537
-0.0228511
-0.0216317
-0.00678066
-0.033584
-0.0257633
-0.0261837
-0.0116189
-0.0328042
-0.0254589
-0.0234141
-0.039326
-0.0404353
-0.0367698
-0.0358869
-0.0381224
-0.0399657
-0.0347459
-0.0365792
-0.0392086
-0.0391755
-0.0356344
-0.0389583
-0.0391606
-0.0343939
-0.0373478
-0.0330033
-0.0393209
-0.0364513
-0.0385297
-0.0389364
-0.0336082
-0.0360424
-0.0321902
-0.0384377
-0.037142
-0.0350156
-0.0384057
-0.0315764
-0.00885962
-0.0218569
-0.022088
-0.0287089
-0.0222634
-0.00848472
-0.0221124
-0.0100023
-0.0240028
-0.0294912
-0.0182963
-0.0231676
-0.0221992
-0.0102342
-0.0395067
-0.0405027
-0.0390726
-0.0338483
-0.0330724
-0.0414482
-0.0389192
-0.0425398
-0.0438625
-0.0435569
-0.0437251
-0.0436154
-0.0432692
-0.0429591
-0.0397355
-0.0410806
-0.0332465
-0.0394207
-0.0421414
-0.0384668
-0.0330617
-0.0404478
-0.0347576
-0.0390623
-0.042919
-0.034644
-0.0419684
-0.0404299
-0.0407554
-0.0345352
-0.0427151
-0.039642
-0.0425263
-0.0399717
-0.0349568
-0.0420535
-0.0434973
-0.0434599
-0.0435707
-0.0432529
-0.0429766
-0.0434905
-0.0421064
-0.044723
-0.0431788
-0.0444395
-0.0433211
-0.0439861
-0.0414132
-0.0386537
-0.0340453
-0.0408633
-0.0408362
-0.0426876
-0.0380853
-0.0322569
-0.0418664
-0.0448165
-0.0422374
-0.0425093
-0.0432525
-0.0406003
-0.0440551
-0.0364016
-0.0429745
-0.0441445
-0.0448643
-0.0423342
-0.0430802
-0.0438464
-0.0436679
-0.0443351
-0.0442791
-0.0440868
-0.0438625
-0.0441979
-0.0432606
-0.0437227
-0.0436675
-0.043935
-0.0434224
-0.0437061
-0.0437586
-0.0435608
-0.0440773
-0.0433042
-0.0449376
-0.0437625
-0.0445184
-0.0449317
-0.0442546
-0.0434304
-0.0441873
-0.0433366
-0.0428911
-0.043691
-0.0425099
-0.0431716
-0.0399087
-0.0434336
-0.0438577
-0.0423518
-0.0425848
-0.0428647
-0.0416041
-0.0381389
-0.027661
-0.0404287
-0.0397827
-0.037096
-0.0413228
-0.0333593
-0.0402872
-0.0426712
-0.0410029
-0.0409107
-0.0396478
-0.0423098
-0.0409961
-0.0429351
-0.0438556
-0.0446448
-0.0442953
-0.0431556
-0.0431974
-0.044544
-0.0434024
-0.0431629
-0.0434577
-0.0436849
-0.0432989
-0.0438316
-0.043417
-0.0436959
-0.0429444
-0.0434362
-0.0423659
-0.0434049
-0.0435999
-0.0440843
-0.0430654
-0.0445496
-0.0426465
-0.0434965
-0.0428496
-0.0441196
-0.0425778
-0.0423829
-0.0444349
-0.0429927
-0.04241
-0.0434761
-0.0422891
-0.0441233
-0.0423346
-0.0437734
-0.0438438
-0.0436775
-0.0432267
-0.0437853
-0.0435047
-0.0445796
-0.044149
-0.0439354
-0.0443018
-0.0440044
-0.0437107
-0.0448759
-0.0432401
-0.043315
-0.0438425
-0.0437865
-0.0436726
-0.0434441
-0.0432154
-0.0450002
-0.0447053
-0.0440164
-0.0434226
-0.0441972
-0.0441637
-0.0438224
-0.0439973
-0.0434314
-0.0435135
-0.0435008
-0.0432617
-0.0436908
-0.0429566
-0.0438498
-0.0435916
-0.0437517
-0.0438711
-0.0436874
-0.0437239
-0.043697
-0.0437019
-0.0435768
-0.0436467
-0.0434921
-0.0435332
-0.0434522
-0.0434461
-0.0432665
-0.0428627
-0.0434381
-0.0430386
-0.0436594
-0.0437143
-0.0434545
-0.0437326
-0.0436179
-0.0436618
-0.0453892
-0.0436793
-0.0433942
-0.0434852
-0.0423311
-0.0440152
-0.0441124
-0.043379
-0.0436789
-0.0442444
-0.0457435
-0.0437006
-0.0441531
-0.0442171
-0.0435805
-0.0442723
-0.0439256
-0.0437418
-0.0443984
-0.0414148
-0.0440059
-0.0433149
-0.0439003
-0.0433777
-0.0415542
-0.0441487
-0.0439681
-0.0440679
-0.0441422
-0.0439318
-0.0439199
-0.0441248
-0.0439355
-0.0440232
-0.0436554
-0.0434991
-0.0431938
-0.0435635
-0.0439294
-0.0431787
-0.0427307
-0.043855
-0.0432795
-0.043186
-0.0439751
-0.0422933
-0.0436308
-0.0437722
-0.0437413
-0.0439555
-0.0441705
-0.0436653
-0.0436489
-0.0437483
-0.0437761
-0.0436816
-0.0433538
-0.0436671
-0.0437512
-0.0442638
-0.0441048
-0.0435205
-0.0431712
-0.0434837
-0.0438047
-0.0436149
-0.0445329
-0.0436031
-0.0434816
-0.0437306
-0.0436018
-0.0436395
-0.0436391
-0.0436978
-0.0436783
-0.0436941
-0.0437183
-0.0436583
-0.043644
-0.0436543
-0.0435606
-0.0437589
-0.0436303
-0.0436973
-0.0433616
-0.0436426
-0.0440006
-0.0440523
-0.0437591
-0.0436539
-0.0437231
-0.0442884
-0.04369
-0.0434722
-0.0438694
-0.0436613
-0.0433056
-0.0436264
-0.0437689
-0.0435673
-0.0437154
-0.0433717
-0.0435952
-0.043741
-0.0436593
-0.0433305
-0.0434421
-0.0437278
-0.0434664
-0.0437546
-0.0437083
-0.0436915
-0.0437085
-0.0437106
-0.043527
-0.0436389
-0.0435939
-0.0435944
-0.0438252
-0.0428977
-0.0439072
-0.0433227
-0.0437666
-0.0435203
-0.0434379
-0.044114
-0.0433337
-0.0434398
-0.0438977
-0.0439651
-0.043844
-0.0457342
-0.0435421
-0.0433953
-0.0436146
-0.0434908
-0.044137
-0.0437073
-0.0435682
-0.043869
-0.043776
-0.0435243
-0.0436277
-0.0437201
-0.0436238
-0.0436688
-0.0438002
-0.0435118
-0.0439176
-0.0435514
-0.0434262
-0.0436284
-0.0437368
-0.0437842
-0.0447051
-0.0437537
-0.0434213
-0.0434437
-0.0434488
-0.0438294
-0.0434057
-0.0443166
-0.0434149
-0.0441047
-0.0440301
-0.0435637
-0.0434657
-0.0436362
-0.0437388
-0.0436479
-0.0435996
-0.0436731
-0.0437245
-0.0432675
-0.0437785
-0.0435005
-0.043614
-0.043762
-0.0448763
-0.0438039
-0.0438477
-0.0434838
-0.0450572
-0.0437717
-0.0430931
-0.0430977
-0.0437215
-0.0440028
-0.0442117
-0.0424933
-0.0434949
-0.044277
-0.0437628
-0.0439707
-0.0436076
-0.0432824
-0.0448511
-0.0432242
-0.044558
-0.0457907
-0.0436256
-0.0439061
-0.0435419
-0.0435925
-0.0435134
-0.0441447
-0.0436167
-0.0395294
-0.0429478
-0.04395
-0.0448831
-0.043653
-0.0421454
-0.0444342
-0.0434338
-0.0434786
-0.0438883
-0.0439447
-0.0433261
-0.0444469
-0.043666
-0.0424153
-0.0441303
-0.0434471
-0.0439644
-0.0432422
-0.0439162
-0.0442437
-0.0439247
-0.0444427
-0.043239
-0.0449429
-0.0437412
-0.0445054
-0.0446679
-0.0436977
-0.0442466
-0.0437545
-0.0439708
-0.043642
-0.0439025
-0.0449065
-0.0437413
-0.0436846
-0.0436508
-0.0437869
-0.0437285
-0.0435121
-0.0430168
-0.0428423
-0.0437406
-0.0437822
-0.0446634
-0.0437995
-0.0447128
-0.0399347
-0.0445032
-0.0433833
-0.0435974
-0.0434751
-0.0436116
-0.0429487
-0.0430511
-0.0439028
-0.0437133
-0.0437689
-0.0439843
-0.0436774
-0.0437908
-0.0438284
-0.0438796
-0.0439025
-0.0440259
-0.0446602
-0.0438061
-0.0438675
-0.0423697
-0.0436612
-0.0440286
-0.0439209
-0.0452566
-0.0436965
-0.0437367
-0.0418346
-0.0441292
-0.0481504
-0.0435811
-0.0436898
-0.0442602
-0.0437902
-0.0437916
-0.0441824
-0.047465
-0.0436179
-0.044988
-0.0445774
-0.0439414
-0.0426727
-0.044237
-0.0439901
-0.0435234
-0.0439227
-0.0435624
-0.0437924
-0.0440668
-0.0440874
-0.0426077
-0.0434055
-0.0437732
-0.0429219
-0.0434831
-0.0449612
-0.0434623
-0.0436545
-0.0435868
-0.043657
-0.044004
-0.0437312
-0.0436561
-0.0424684
-0.043898
-0.0436834
-0.0440494
-0.0439826
-0.0439701
-0.0436377
-0.0437352
-0.0449325
-0.0442248
-0.0409224
-0.0440812
-0.0430293
-0.0434991
-0.0435942
-0.0440645
-0.0436875
-0.045385
-0.0445122
-0.043737
-0.0434901
-0.0433805
-0.0439206
-0.0434983
-0.0452147
-0.0443434
-0.0433867
-0.0433476
-0.0438274
-0.0438238
-0.0437542
-0.0437199
-0.0435643
-0.043816
-0.0436718
-0.0437356
-0.0437044
-0.0437627
-0.0438976
-0.0438628
-0.0436882
-0.0439531
-0.0434234
-0.0438809
-0.0441876
-0.0440027
-0.0438907
-0.0437255
-0.0439424
-0.0441278
-0.0450854
-0.0439717
-0.0438062
-0.04363
-0.0451849
-0.0442241
-0.04357
-0.0434169
-0.0435661
-0.0436351
-0.0436341
-0.0432964
-0.0435778
-0.0456324
-0.0443769
-0.0435825
-0.0432119
-0.0435246
-0.044169
-0.0425099
-0.0425237
-0.0435643
-0.0445477
-0.0446349
-0.0448872
-0.0436496
-0.0435484
-0.0437772
-0.0435282
-0.0438867
-0.0431787
-0.0432528
-0.0436402
-0.0433343
-0.043936
-0.0433945
-0.0436081
-0.0425719
-0.0434532
-0.0429134
-0.0439027
-0.0433963
-0.0434634
-0.0437854
-0.0431856
-0.0434748
-0.0431594
-0.0432831
-0.0436542
-0.0423728
-0.0436102
-0.0438261
-0.0436214
-0.0423815
-0.0430868
-0.0440304
-0.0434595
-0.0431256
-0.0423638
-0.0421854
-0.0435382
-0.0438911
-0.0434643
-0.0437526
-0.0436816
-0.0433597
-0.0434793
-0.0436986
-0.0436633
-0.0435981
-0.0453911
-0.0436123
-0.0438083
-0.042208
-0.04372
-0.0453255
-0.0428004
-0.0435198
-0.0438143
-0.0440972
-0.0431024
-0.0442831
-0.0429218
-0.0438303
-0.0433307
-0.0439796
-0.0440285
-0.0436256
-0.0433984
-0.0431908
-0.0446211
-0.0444394
-0.0441271
-0.0448002
-0.0439459
-0.0438068
-0.0449516
-0.0438649
-0.0446271
-0.045933
-0.043004
-0.0463365
-0.0440453
-0.0426315
-0.0445781
-0.0454897
-0.046
-0.0462877
-0.0465868
-0.0448307
-0.0455521
-0.0442931
-0.0433192
-0.0430719
-0.0408894
-0.0426905
-0.0449939
-0.0424809
-0.0451075
-0.0439251
-0.0456591
-0.0444699
-0.0453054
-0.0437541
-0.0455488
-0.0435133
-0.0388399
-0.0408168
-0.0397505
-0.0427722
-0.0410962
-0.0414436
-0.0434974
-0.0442617
-0.0434378
-0.0443977
-0.0436148
-0.0441857
-0.0442359
-0.0433116
-0.0434023
-0.0417893
-0.0437654
-0.043471
-0.043181
-0.0438354
-0.043552
-0.0441472
-0.0442051
-0.0437243
-0.0436746
-0.0441663
-0.0439175
-0.0439525
-0.044607
-0.0452151
-0.0439362
-0.0443033
-0.0442032
-0.0449853
-0.044183
-0.0442522
-0.0444395
-0.0466434
-0.0440202
-0.0441333
-0.046508
-0.0437698
-0.0435385
-0.0438788
-0.0435755
-0.0436766
-0.0432578
-0.0425024
-0.0421334
-0.0410959
-0.040133
-0.0371809
-0.0399882
-0.0428943
-0.0372886
-0.0431497
-0.0438806
-0.0442781
-0.0399741
-0.044687
-0.0433309
-0.03896
-0.0416307
-0.0392031
-0.0379886
-0.0339827
-0.0388452
-0.0425002
-0.0351584
-0.0379013
-0.0431039
-0.0435631
-0.0440127
-0.0417067
-0.0418993
-0.0408062
-0.041548
-0.0442533
-0.0433307
-0.0432994
-0.042909
-0.0413314
-0.0426237
-0.0299589
-0.0388719
-0.0367459
-0.0302743
-0.0323403
-0.0364384
-0.0298645
-0.0273669
-0.0369753
-0.0339335
-0.0296982
-0.0341063
-0.0285638
-0.0283598
-0.0197059
-0.0283692
-0.0265286
-0.0130151
-0.0282032
-0.0133202
-0.0195438
-0.0211178
-0.0132592
-0.0312658
-0.0277935
-0.0304999
-0.0221349
-0.0145289
-0.0327315
-0.0337885
-0.0264722
-0.0293214
-0.0325448
-0.0341765
-0.0261257
-0.028517
-0.0268827
-0.0123849
-0.0197241
-0.0285733
-0.0270375
-0.0200062
-0.0313688
-0.0279188
-0.0329706
-0.0255783
-0.0315511
-0.0328176
-0.0256639
-0.0293793
-0.0341577
-0.0345435
-0.0302631
-0.0337782
-0.0308572
-0.02894
-0.0301449
-0.0348181
-0.0352141
-0.0343248
-0.0347806
-0.0305783
-0.0319995
-0.0264326
-0.0330939
-0.0333472
-0.0230006
-0.032459
-0.0234733
-0.0261748
-0.0320757
-0.0347225
-0.0355807
-0.0311181
-0.0345221
-0.0318284
-0.0307897
-0.0328836
-0.0337951
-0.0358989
-0.0356164
-0.0338858
-0.0354617
-0.0334686
-0.0328671
-0.0351676
-0.0354794
-0.0348795
-0.0341124
-0.0349573
-0.0327032
-0.0308776
-0.0357142
-0.0354742
-0.0313341
-0.0350464
-0.0311496
-0.0305636
-0.0289172
-0.0337014
-0.0348129
-0.0298036
-0.0342087
-0.0288996
-0.0288891
-0.0264918
-0.0233425
-0.0306457
-0.0321993
-0.023381
-0.0320913
-0.0262972
-0.0264507
-0.0319707
-0.0310981
-0.0229661
-0.0227735
-0.0324035
-0.0264252
-0.0292358
-0.0363056
-0.0341583
-0.0265894
-0.0340012
-0.0269396
-0.0291835
-0.0283526
-0.0369428
-0.0356827
-0.0301178
-0.0378702
-0.0281724
-0.0294452
-0.0295776
-0.0359582
-0.037834
-0.0285306
-0.0363205
-0.0289069
-0.0306844
-0.0335327
-0.034147
-0.0357889
-0.0358939
-0.035707
-0.0345551
-0.0337029
-0.0326735
-0.0355129
-0.0357348
-0.0353292
-0.0357037
-0.0346544
-0.0330551
-0.0314162
-0.0376606
-0.0363591
-0.0317279
-0.0364136
-0.0311049
-0.0314331
-0.0300096
-0.0363249
-0.036484
-0.027117
-0.035889
-0.0295952
-0.0272585
-0.0342384
-0.0355236
-0.0346833
-0.0361399
-0.0375517
-0.0346411
-0.0341354
-0.0291234
-0.0363661
-0.0335324
-0.0273261
-0.035069
-0.0272319
-0.0292026
-0.0294209
-0.0381744
-0.0381228
-0.0292678
-0.0398872
-0.0292686
-0.029974
-0.0280007
-0.0289902
-0.0358297
-0.0403528
-0.0298198
-0.0398842
-0.0274563
-0.0287905
-0.0373216
-0.0355402
-0.0325016
-0.0308932
-0.0390418
-0.0296856
-0.0292101
-0.0381212
-0.0403223
-0.0295699
-0.0402414
-0.0296606
-0.0290296
-0.0255366
-0.0350641
-0.0368063
-0.0269605
-0.0348322
-0.0248616
-0.0291554
-0.0235025
-0.0240631
-0.034655
-0.0341508
-0.0342899
-0.0240034
-0.0235808
-0.0234353
-0.0353776
-0.0348735
-0.024558
-0.034806
-0.0248707
-0.0237883
-0.0256887
-0.0367392
-0.0343901
-0.029651
-0.0344203
-0.0295304
-0.0256865
-0.0344571
-0.0364025
-0.0289733
-0.0272193
-0.0354362
-0.0344627
-0.0277891
-0.0354124
-0.0288482
-0.0370086
-0.0278482
-0.0354007
-0.0357212
-0.0291253
-0.0341662
-0.036591
-0.0255297
-0.030261
-0.0339804
-0.0374488
-0.0264295
-0.0334335
-0.0252673
-0.00948519
-0.0241969
-0.0243773
-0.0255068
-0.0333046
-0.033801
-0.0316298
-0.0376936
-0.0257326
-0.0376257
-0.0261229
-0.0336572
-0.0259483
-0.0346129
-0.0321537
-0.0347897
-0.026442
-0.0320035
-0.0343775
-0.0233329
-0.0327437
-0.0244091
-0.00811125
-0.0231712
-0.0326763
-0.00858278
-0.023368
-0.0115773
-0.0321463
-0.0256375
-0.023391
-0.0322654
-0.00939086
-0.0197066
-0.0283688
-0.0265296
-0.0130139
-0.0133181
-0.0282066
-0.0195433
-0.0273674
-0.0369814
-0.0339388
-0.0297035
-0.0283599
-0.0341118
-0.0285677
-0.0211172
-0.0132561
-0.0277921
-0.0312709
-0.0145252
-0.0304997
-0.0221368
-0.0299729
-0.0388987
-0.036764
-0.030282
-0.0364709
-0.0298727
-0.0323497
-0.03465
-0.0359296
-0.0269983
-0.0317629
-0.0352576
-0.0348954
-0.0269959
-0.0371649
-0.0339041
-0.0375771
-0.0298115
-0.0364416
-0.0372857
-0.030211
-0.0289342
-0.0344206
-0.0336433
-0.0299404
-0.0341148
-0.029177
-0.0288751
-0.0265407
-0.023325
-0.0321093
-0.0306206
-0.0319534
-0.0263447
-0.0233542
-0.0292818
-0.0341086
-0.034103
-0.0281317
-0.0338491
-0.0292162
-0.028606
-0.0264522
-0.0319261
-0.0310787
-0.0229453
-0.032332
-0.0227554
-0.0264077
-0.0300774
-0.0357834
-0.0355531
-0.0302554
-0.0363759
-0.029394
-0.0302384
-0.0304391
-0.0294855
-0.0378499
-0.037935
-0.0299654
-0.0373928
-0.0299602
-0.0300017
-0.035483
-0.0365828
-0.0286078
-0.0297796
-0.0362418
-0.0288409
-0.0304942
-0.0368386
-0.0385599
-0.0304006
-0.0376738
-0.0304898
-0.0300848
-0.0293567
-0.0345082
-0.0341224
-0.030301
-0.0337519
-0.0289246
-0.030847
-0.0264084
-0.0330696
-0.0333287
-0.0229795
-0.0234493
-0.0324334
-0.0261545
-0.0301177
-0.0347904
-0.0351867
-0.0343069
-0.0347552
-0.0319774
-0.0305564
-0.0320995
-0.035488
-0.0347133
-0.0311745
-0.0345071
-0.0309903
-0.0318196
-0.0328494
-0.0337821
-0.0358119
-0.0359183
-0.0355166
-0.0333921
-0.0338734
-0.0308314
-0.0365136
-0.0359244
-0.0306587
-0.0351974
-0.0305291
-0.0304066
-0.0328615
-0.0351481
-0.035479
-0.034862
-0.0349506
-0.0326865
-0.0340984
-0.0309623
-0.0371072
-0.0377677
-0.0297022
-0.0385891
-0.0303412
-0.0307166
-0.0302465
-0.0290374
-0.0396549
-0.0389189
-0.0386173
-0.029813
-0.0295327
-0.0305055
-0.036974
-0.0391942
-0.0298715
-0.038377
-0.0303835
-0.029828
-0.030753
-0.038329
-0.0397123
-0.0304468
-0.0390628
-0.0297134
-0.0310053
-0.0257055
-0.0362614
-0.0348002
-0.027069
-0.0344383
-0.0292531
-0.0249287
-0.0235312
-0.0240262
-0.0338474
-0.034344
-0.0236067
-0.0338739
-0.0239372
-0.025808
-0.0361291
-0.0340257
-0.0297476
-0.0257912
-0.0339342
-0.0295446
-0.0235175
-0.0351641
-0.0346164
-0.0244945
-0.03448
-0.0248814
-0.0237513
-0.0296873
-0.0380726
-0.0360666
-0.0285891
-0.0366544
-0.0309667
-0.0289624
-0.0335757
-0.0341355
-0.0361712
-0.0359238
-0.0335878
-0.0360374
-0.0345815
-0.0314551
-0.0384721
-0.0369176
-0.0315179
-0.0310746
-0.0369589
-0.0318114
-0.0327625
-0.0356358
-0.0358586
-0.0353629
-0.0359473
-0.0331079
-0.0346964
-0.0299968
-0.0363953
-0.0363664
-0.0270881
-0.0358731
-0.0272027
-0.0295959
-0.0291115
-0.0362612
-0.0334779
-0.0272296
-0.0350497
-0.0271714
-0.029166
-0.0342373
-0.0355917
-0.0347509
-0.0361639
-0.0346686
-0.0341516
-0.0375692
-0.0340919
-0.0365656
-0.0301629
-0.0254641
-0.0373695
-0.0339407
-0.0263594
-0.0333686
-0.0252626
-0.0241985
-0.00948395
-0.0254758
-0.0332906
-0.0243712
-0.0337011
-0.0315346
-0.0376749
-0.0257107
-0.03752
-0.0336379
-0.0260427
-0.0344351
-0.0363834
-0.0271558
-0.0289517
-0.034416
-0.0354385
-0.0277404
-0.0353896
-0.0288295
-0.0370343
-0.0278334
-0.035402
-0.0290834
-0.0357261
-0.0297335
-0.0334391
-0.033087
-0.0354133
-0.0284859
-0.0340262
-0.0333771
-0.0443099
-0.0433308
-0.0408995
-0.0430879
-0.0450074
-0.0424969
-0.0427001
-0.0435432
-0.0388415
-0.0408246
-0.039759
-0.0428027
-0.0414678
-0.041101
-0.0451003
-0.0439086
-0.0456217
-0.0444668
-0.0455372
-0.0452705
-0.0437519
-0.0440884
-0.0440196
-0.0449393
-0.0442146
-0.0436531
-0.0434056
-0.0435473
-0.0437987
-0.0433225
-0.043963
-0.044016
-0.0436076
-0.0433743
-0.0431724
-0.0445803
-0.0443947
-0.0447544
-0.0440958
-0.0439139
-0.044907
-0.0437688
-0.043505
-0.0444923
-0.0445376
-0.0438079
-0.0444861
-0.0437312
-0.0438225
-0.0437627
-0.0441081
-0.0451068
-0.0439732
-0.044794
-0.0441581
-0.0431867
-0.0434675
-0.0442111
-0.0443491
-0.0434034
-0.0441358
-0.0435851
-0.0442014
-0.0432989
-0.0434027
-0.0437513
-0.0417827
-0.0438174
-0.0434597
-0.0431794
-0.0435244
-0.0441043
-0.0441649
-0.0436997
-0.0441206
-0.0438894
-0.04365
-0.044002
-0.0445061
-0.0438766
-0.044483
-0.0445557
-0.0441221
-0.0434887
-0.0437305
-0.0435228
-0.0439397
-0.0417876
-0.0436954
-0.0435661
-0.0443786
-0.0440687
-0.0442669
-0.0443217
-0.0437925
-0.0445904
-0.0438072
-0.0444268
-0.0439596
-0.044608
-0.0439321
-0.0452125
-0.0442141
-0.0443037
-0.0449921
-0.0441951
-0.0442547
-0.0444678
-0.046662
-0.0441507
-0.0465195
-0.0440422
-0.0379085
-0.043094
-0.0435687
-0.0440067
-0.0417117
-0.0407999
-0.0419096
-0.0415693
-0.0442801
-0.0433214
-0.043345
-0.0429243
-0.0426557
-0.0413509
-0.0430093
-0.0436092
-0.0439252
-0.0460407
-0.0437641
-0.0441436
-0.0440748
-0.0435739
-0.0436846
-0.0441278
-0.0440583
-0.043704
-0.0440179
-0.0437269
-0.0437793
-0.0435561
-0.0435877
-0.0438946
-0.043688
-0.0425154
-0.0432733
-0.0433913
-0.043455
-0.0437695
-0.0431815
-0.0431514
-0.0434663
-0.0432769
-0.0439371
-0.0433934
-0.0436167
-0.0425622
-0.0439055
-0.0434546
-0.0429124
-0.0436506
-0.0423686
-0.0438222
-0.043614
-0.043079
-0.0436221
-0.0423743
-0.0428063
-0.0435258
-0.0438166
-0.0440993
-0.0442914
-0.0431052
-0.0429366
-0.0433597
-0.0435343
-0.0433357
-0.0432637
-0.0434072
-0.0434144
-0.0434297
-0.0432765
-0.043311
-0.043327
-0.0432328
-0.0432704
-0.0432504
-0.0433744
-0.040785
-0.0375369
-0.040437
-0.0379805
-0.0402926
-0.0421287
-0.0435655
-0.0396695
-0.0359978
-0.0358523
-0.0376884
-0.038532
-0.0411779
-0.0410905
-0.0449202
-0.0455208
-0.0455311
-0.0448483
-0.0454975
-0.0457135
-0.0460863
-0.0411205
-0.0403597
-0.0415216
-0.0434673
-0.0428432
-0.0455305
-0.0439229
-0.045671
-0.044505
-0.0458325
-0.0442454
-0.0461786
-0.0464896
-0.046576
-0.0443254
-0.0417539
-0.0431723
-0.0437914
-0.0438167
-0.045087
-0.0452881
-0.0434812
-0.0434854
-0.0437251
-0.04377
-0.0438367
-0.0438001
-0.0435964
-0.0436807
-0.0437966
-0.0434593
-0.0435688
-0.0437162
-0.0436192
-0.0437091
-0.0437232
-0.0437446
-0.0438581
-0.043485
-0.0438609
-0.0437518
-0.0438239
-0.0436035
-0.0435104
-0.0435465
-0.04353
-0.0435719
-0.0436016
-0.0436173
-0.0436564
-0.0433072
-0.0435515
-0.043437
-0.0438167
-0.0437719
-0.0435033
-0.0431473
-0.0434766
-0.0448443
-0.0431428
-0.0436717
-0.0436616
-0.0437484
-0.0436115
-0.0436449
-0.0434997
-0.043839
-0.0436234
-0.0436067
-0.043704
-0.0436771
-0.0439471
-0.0436441
-0.0436803
-0.0436201
-0.043684
-0.0437677
-0.0436997
-0.044079
-0.0436509
-0.0436665
-0.04381
-0.0437833
-0.0437669
-0.0438671
-0.0437827
-0.0438073
-0.0438604
-0.0438038
-0.0437678
-0.043788
-0.043852
-0.0436474
-0.0437913
-0.0439876
-0.0438995
-0.0439375
-0.0438912
-0.0437962
-0.0438271
-0.0437812
-0.0441024
-0.0439405
-0.0437839
-0.0439953
-0.0442137
-0.0428367
-0.0442152
-0.0444066
-0.043824
-0.0443096
-0.0432759
-0.0430914
-0.0424111
-0.0436039
-0.0437629
-0.0423075
-0.0429951
-0.0433173
-0.0427366
-0.0433609
-0.0428488
-0.0441488
-0.0442224
-0.0443822
-0.0432255
-0.0438172
-0.0437991
-0.0437987
-0.0439501
-0.0440853
-0.043839
-0.0440025
-0.0438252
-0.0438126
-0.043795
-0.0441183
-0.0439429
-0.043803
-0.0440156
-0.0437366
-0.0422632
-0.0430952
-0.0429243
-0.0437456
-0.0440219
-0.0438067
-0.0437276
-0.0434736
-0.0439124
-0.0435787
-0.0437635
-0.0435022
-0.0435782
-0.043818
-0.0438125
-0.0437756
-0.0437947
-0.0437982
-0.043773
-0.0437676
-0.0437864
-0.0438639
-0.0438115
-0.0438592
-0.0438064
-0.0437708
-0.0437911
-0.0435471
-0.0437746
-0.0440213
-0.0438743
-0.0439181
-0.0436827
-0.0438335
-0.0437707
-0.0442811
-0.0431155
-0.043297
-0.0442842
-0.0439959
-0.0436822
-0.0441698
-0.0439008
-0.043571
-0.04359
-0.0435691
-0.0436016
-0.0439637
-0.0434787
-0.0435824
-0.0434658
-0.0436439
-0.0438867
-0.0437562
-0.0434945
-0.0436429
-0.0438217
-0.0437113
-0.0437195
-0.043834
-0.043836
-0.0437907
-0.0436758
-0.0436447
-0.0437312
-0.0437699
-0.043711
-0.0437937
-0.0437331
-0.0436339
-0.0436304
-0.0436712
-0.0437108
-0.0436781
-0.0436305
-0.0436893
-0.0432262
-0.0433597
-0.0436654
-0.0437924
-0.0437454
-0.0435752
-0.0435954
-0.0444558
-0.0427299
-0.0430135
-0.0429491
-0.0437873
-0.0437247
-0.0439269
-0.0429187
-0.0443503
-0.0438094
-0.0435765
-0.0446315
-0.0443012
-0.043495
-0.0441774
-0.044992
-0.0449998
-0.0444958
-0.0444698
-0.0443599
-0.0452154
-0.0433407
-0.0435579
-0.0437838
-0.0436649
-0.0437755
-0.0438672
-0.0439633
-0.043822
-0.0439125
-0.0438905
-0.0438819
-0.0439004
-0.0438528
-0.043895
-0.0436378
-0.043638
-0.0436756
-0.0436873
-0.0437141
-0.0436395
-0.0436994
-0.043288
-0.0444001
-0.044529
-0.0442936
-0.0435363
-0.0435019
-0.0441789
-0.0432502
-0.0441466
-0.0440226
-0.0444212
-0.0447895
-0.0442587
-0.0436454
-0.0429096
-0.0444459
-0.0440401
-0.0443056
-0.0432696
-0.0434566
-0.0434609
-0.0435974
-0.0435432
-0.0436248
-0.0439145
-0.0437103
-0.0438291
-0.0436164
-0.0437058
-0.0434879
-0.0436766
-0.0436639
-0.0435514
-0.0437018
-0.0436949
-0.0406738
-0.0378322
-0.0384669
-0.0413519
-0.0406177
-0.0404644
-0.0396685
-0.0441047
-0.0439625
-0.0450291
-0.0438771
-0.044622
-0.0446344
-0.0448816
-0.0416766
-0.041374
-0.0392281
-0.0434654
-0.0417171
-0.0441103
-0.0421511
-0.0440444
-0.0428693
-0.0443363
-0.0438697
-0.043584
-0.0444805
-0.0443795
-0.0419846
-0.0403069
-0.0418573
-0.0441439
-0.0428715
-0.0426218
-0.0434526
-0.0437451
-0.0438865
-0.0437009
-0.0437803
-0.0439148
-0.0437748
-0.0437931
-0.0437171
-0.0438346
-0.0437577
-0.0437744
-0.0438283
-0.0437594
-0.0437524
-0.0437061
-0.0437072
-0.0437059
-0.0437333
-0.0437117
-0.0437048
-0.0436948
-0.0434982
-0.0437192
-0.0436892
-0.043553
-0.04364
-0.043702
-0.0437255
-0.0436342
-0.0436801
-0.0436372
-0.0437238
-0.0436275
-0.0436829
-0.0436238
-0.0436794
-0.043706
-0.0436441
-0.0437722
-0.0436809
-0.0436454
-0.0437446
-0.0436945
-0.0436502
-0.0436125
-0.0436675
-0.0435932
-0.0436499
-0.0437025
-0.0442441
-0.0436333
-0.044371
-0.0436963
-0.044301
-0.0450347
-0.0451233
-0.0441302
-0.0435545
-0.0444568
-0.0436523
-0.0443326
-0.0449549
-0.0449327
-0.0433799
-0.0437931
-0.0436106
-0.0435405
-0.0436899
-0.0435657
-0.0436008
-0.0432944
-0.0435838
-0.0436917
-0.0435141
-0.0436732
-0.0435898
-0.0435895
-0.0437836
-0.0436732
-0.043531
-0.0437434
-0.0436417
-0.0436332
-0.043592
-0.0436576
-0.0436471
-0.0436221
-0.04365
-0.0435615
-0.0435731
-0.0436267
-0.0438189
-0.0443073
-0.0435058
-0.0437684
-0.0436035
-0.0437505
-0.0436803
-0.0435988
-0.0438216
-0.0433668
-0.0435146
-0.0439655
-0.0436283
-0.0436445
-0.0435231
-0.0435638
-0.0437614
-0.043612
-0.0439147
-0.0437122
-0.0435938
-0.0450912
-0.0428391
-0.0438955
-0.0444065
-0.043563
-0.04395
-0.0437198
-0.0437041
-0.0436395
-0.0436567
-0.0437325
-0.0436813
-0.0436813
-0.0437507
-0.0438068
-0.0438042
-0.0437509
-0.0437907
-0.0438231
-0.043742
-0.0437706
-0.0441293
-0.0442458
-0.0436382
-0.0434633
-0.0438135
-0.0435754
-0.0437199
-0.0337424
-0.0340809
-0.0375239
-0.0342743
-0.0365248
-0.0375673
-0.0385468
-0.0411655
-0.0373094
-0.0378255
-0.0400969
-0.0364829
-0.0398854
-0.0408676
-0.035707
-0.0358673
-0.035392
-0.0390068
-0.0412541
-0.0410866
-0.0397682
-0.0364666
-0.0374228
-0.038295
-0.0389737
-0.0361922
-0.0383192
-0.0389663
-0.0312921
-0.0302979
-0.0359819
-0.0307384
-0.0365075
-0.039343
-0.0387136
-0.0295649
-0.0306204
-0.0357652
-0.0306392
-0.0356201
-0.0388123
-0.0390391
-0.0437725
-0.0435713
-0.0434533
-0.0438876
-0.0433841
-0.0437547
-0.043715
-0.0433925
-0.0438343
-0.0436998
-0.0434615
-0.0437423
-0.0437505
-0.0438611
-0.0437053
-0.0436155
-0.0435957
-0.0435347
-0.0437778
-0.0437524
-0.0436708
-0.0438918
-0.0418878
-0.0430054
-0.0437128
-0.0436897
-0.0436027
-0.0438025
-0.043702
-0.0436538
-0.0436388
-0.0436802
-0.0437324
-0.0436812
-0.043752
-0.0438271
-0.0437626
-0.0438274
-0.0438332
-0.0438016
-0.0437508
-0.0437771
-0.0439878
-0.0440033
-0.0432443
-0.0441555
-0.0434494
-0.0436458
-0.043652
-0.0437901
-0.0437685
-0.0436338
-0.0438139
-0.0437441
-0.0437862
-0.0437618
-0.0437123
-0.0437586
-0.0437788
-0.0437731
-0.0437454
-0.043741
-0.0437218
-0.0437567
-0.0437167
-0.0436674
-0.043714
-0.0437015
-0.0437026
-0.0437456
-0.0436625
-0.0435366
-0.0438715
-0.0437165
-0.0437656
-0.0437699
-0.0437605
-0.0436757
-0.0436673
-0.0436931
-0.0437266
-0.0437253
-0.0437053
-0.0436744
-0.0436934
-0.0436821
-0.0436604
-0.0437873
-0.0437306
-0.0437129
-0.0436202
-0.0443114
-0.0434876
-0.0436587
-0.0438432
-0.0435397
-0.0437429
-0.0439296
-0.0437295
-0.0434388
-0.043701
-0.0438022
-0.0436919
-0.0437776
-0.0434898
-0.0437308
-0.0435363
-0.0437476
-0.0437298
-0.0436902
-0.0438066
-0.0437629
-0.0437569
-0.043769
-0.0436687
-0.0436016
-0.0436429
-0.0437891
-0.0437792
-0.0437371
-0.0443557
-0.0438438
-0.043538
-0.0438613
-0.0435429
-0.043798
-0.0433671
-0.0438222
-0.0436786
-0.0434175
-0.0436835
-0.0439204
-0.0438494
-0.0434771
-0.0436145
-0.0436238
-0.04346
-0.0435897
-0.0435317
-0.0435803
-0.0438745
-0.0439146
-0.0438389
-0.0438499
-0.0439073
-0.0438262
-0.0438324
-0.0436921
-0.043735
-0.0437469
-0.0437323
-0.0437393
-0.0437049
-0.0437323
-0.0436953
-0.0437043
-0.0436564
-0.0438061
-0.0439233
-0.0437263
-0.0438678
-0.043933
-0.0438968
-0.044009
-0.0443115
-0.0440904
-0.0439252
-0.0441632
-0.036628
-0.0386548
-0.0369758
-0.0389412
-0.0381459
-0.0385666
-0.0376997
-0.0373537
-0.0385806
-0.0352662
-0.037202
-0.037781
-0.0379318
-0.0384227
-0.0434384
-0.0435832
-0.0435304
-0.0432882
-0.0428581
-0.0435348
-0.0438715
-0.0414691
-0.0431335
-0.0421983
-0.0416328
-0.0430071
-0.0425146
-0.0427384
-0.03943
-0.0393542
-0.038663
-0.0385246
-0.0413117
-0.0405194
-0.0394921
-0.0411434
-0.0421092
-0.0392672
-0.0398455
-0.0431514
-0.0420133
-0.0424646
-0.0436972
-0.0436676
-0.0437078
-0.0438092
-0.0439239
-0.043728
-0.043869
-0.0439346
-0.0440157
-0.0438984
-0.0443175
-0.044091
-0.0439261
-0.0441654
-0.0438829
-0.0438411
-0.0439236
-0.0438612
-0.043912
-0.043829
-0.0438365
-0.0437093
-0.0437546
-0.0437562
-0.0437451
-0.0437481
-0.0437143
-0.0437418
-0.0440932
-0.0443077
-0.0432805
-0.0436443
-0.0441422
-0.0436851
-0.0440564
-0.0436904
-0.0434657
-0.0442699
-0.0432977
-0.0442635
-0.0441867
-0.0440157
-0.0437669
-0.0434604
-0.0436667
-0.0433703
-0.0439334
-0.0439953
-0.0437595
-0.0436917
-0.0435466
-0.0439481
-0.043627
-0.0440148
-0.0437345
-0.0444095
-0.0437261
-0.0442152
-0.0438639
-0.0431983
-0.0442219
-0.0445074
-0.0439902
-0.0434779
-0.0437158
-0.0438156
-0.0437267
-0.0436537
-0.0437391
-0.0440609
-0.0439075
-0.0439114
-0.0440151
-0.0440236
-0.0438122
-0.0437923
-0.0439929
-0.0439677
-0.0440435
-0.0458604
-0.0444785
-0.0438297
-0.0443061
-0.0437521
-0.0441201
-0.0438129
-0.043519
-0.043613
-0.0440332
-0.0435585
-0.043811
-0.044303
-0.0434761
-0.0434897
-0.0439684
-0.0432457
-0.0437346
-0.0438664
-0.0440722
-0.0440566
-0.043699
-0.0439509
-0.044363
-0.0439682
-0.0439449
-0.0438928
-0.0431455
-0.0424509
-0.0434505
-0.0431196
-0.0440139
-0.0437687
-0.0443938
-0.0432098
-0.0432255
-0.0424699
-0.0446374
-0.0438903
-0.043905
-0.024121
-0.0102984
-0.0242737
-0.0236012
-0.030744
-0.0232266
-0.0300388
-0.00937269
-0.0222878
-0.022119
-0.0226388
-0.0224064
-0.0290074
-0.0287264
-0.0446074
-0.0433903
-0.0427599
-0.0433842
-0.0443485
-0.044189
-0.044033
-0.0420849
-0.0443021
-0.0440747
-0.0432021
-0.0437144
-0.044569
-0.0444533
-0.0441204
-0.0438499
-0.0426256
-0.0432679
-0.0434528
-0.0438037
-0.0435149
-0.0444457
-0.0435352
-0.0437252
-0.0438896
-0.0432037
-0.0436777
-0.0437699
-0.0434313
-0.0436191
-0.044068
-0.0438202
-0.0438298
-0.0438715
-0.0437448
-0.0437315
-0.043855
-0.0437504
-0.0439164
-0.0437389
-0.0437643
-0.0437537
-0.0423038
-0.0398388
-0.0384823
-0.0366712
-0.0422571
-0.0439728
-0.041602
-0.0380613
-0.0333414
-0.0343018
-0.037323
-0.0350147
-0.0392706
-0.0392153
-0.0409318
-0.0364395
-0.0358777
-0.0397688
-0.0352675
-0.0393429
-0.0400416
-0.0318661
-0.0373507
-0.0355338
-0.0390641
-0.0366518
-0.0356162
-0.0389092
-0.0360189
-0.0377665
-0.0355626
-0.0389994
-0.0387955
-0.0381026
-0.0393428
-0.0373327
-0.0323043
-0.0354765
-0.0371756
-0.0352617
-0.0365527
-0.0370464
-0.0321487
-0.0370466
-0.0353697
-0.0370085
-0.0354757
-0.0366631
-0.0366662
-0.0452144
-0.0447038
-0.0448399
-0.0453029
-0.0445712
-0.0456999
-0.045666
-0.0435568
-0.0415052
-0.0431653
-0.0452676
-0.0433266
-0.045443
-0.0438261
-0.0442466
-0.0415429
-0.0436232
-0.0454814
-0.0436355
-0.0436317
-0.0461709
-0.0447012
-0.0457684
-0.0447865
-0.0458523
-0.0455037
-0.044507
-0.0457591
-0.0451259
-0.0436325
-0.0441821
-0.0452176
-0.0436619
-0.0452904
-0.0450924
-0.0442852
-0.0448906
-0.0439244
-0.0451139
-0.043908
-0.0453571
-0.0453549
-0.0441431
-0.0439522
-0.0451499
-0.0438082
-0.0446954
-0.0445652
-0.0448642
-0.0413519
-0.0410538
-0.0388613
-0.0431919
-0.0414538
-0.0438811
-0.0418466
-0.0440468
-0.0426616
-0.0443388
-0.0437052
-0.0434614
-0.0445174
-0.0442622
-0.0418085
-0.039959
-0.0416245
-0.0439439
-0.0426364
-0.0432771
-0.0423375
-0.0441847
-0.0435386
-0.0451613
-0.0435817
-0.0453112
-0.0452062
-0.0449836
-0.0442984
-0.0438368
-0.0450755
-0.0438394
-0.0452893
-0.0453027
-0.0453006
-0.0446076
-0.0440425
-0.0447498
-0.0441048
-0.0446951
-0.0454954
-0.0456191
-0.0444983
-0.0438958
-0.0448612
-0.0440323
-0.0447442
-0.0453608
-0.045254
-0.0448957
-0.044736
-0.0450269
-0.0446763
-0.0451908
-0.0456028
-0.0454515
-0.0435895
-0.0433014
-0.0414573
-0.0434287
-0.0455164
-0.0455258
-0.043747
-0.0447883
-0.0449851
-0.0461163
-0.0446488
-0.0455254
-0.0462379
-0.0458482
-0.0442914
-0.0415078
-0.0437263
-0.0454362
-0.0434021
-0.0461054
-0.0435313
-0.0332307
-0.0341433
-0.0380253
-0.0348366
-0.0372257
-0.0391506
-0.0391575
-0.0405736
-0.0361623
-0.0355231
-0.039441
-0.0349785
-0.0391181
-0.0397791
-0.0316764
-0.0352941
-0.0370939
-0.038758
-0.0353868
-0.0364638
-0.0387068
-0.0356686
-0.0374012
-0.0352885
-0.0388733
-0.0385278
-0.0392011
-0.0379574
-0.0354939
-0.0324527
-0.0374213
-0.0353312
-0.037259
-0.0365464
-0.0371105
-0.0323003
-0.0356286
-0.0371847
-0.0355818
-0.0371084
-0.0366603
-0.0367715
-0.0403815
-0.0381048
-0.0373661
-0.0408485
-0.0402943
-0.0393597
-0.0401655
-0.0422783
-0.0396874
-0.0384293
-0.036614
-0.0422007
-0.043867
-0.0416351
-0.0343605
-0.0341404
-0.0377718
-0.034595
-0.0368912
-0.0379252
-0.0387859
-0.0417741
-0.0383852
-0.0377024
-0.0369085
-0.0407605
-0.0403574
-0.0413629
-0.0368085
-0.0379681
-0.0386322
-0.0366087
-0.0395243
-0.0388077
-0.0394382
-0.0360553
-0.0362257
-0.0357694
-0.0393465
-0.0415035
-0.0414501
-0.039992
-0.0315891
-0.0305641
-0.0362424
-0.0309956
-0.0368161
-0.0394509
-0.0388498
-0.0298526
-0.030858
-0.0361511
-0.030918
-0.0359788
-0.0389237
-0.0391627
-0.0324538
-0.0354822
-0.0374102
-0.0353381
-0.0372626
-0.0365557
-0.0370966
-0.0323112
-0.0356366
-0.037189
-0.0355946
-0.0371197
-0.0366735
-0.0367772
-0.0341394
-0.0332421
-0.038018
-0.0348452
-0.0372279
-0.03915
-0.0391461
-0.0405881
-0.0355407
-0.0361887
-0.034997
-0.0394598
-0.039126
-0.0397877
-0.0356649
-0.0374185
-0.0353001
-0.0388753
-0.0385219
-0.0391926
-0.0379645
-0.0316987
-0.0353221
-0.03712
-0.0354067
-0.0364755
-0.0387783
-0.0387142
-0.0403953
-0.0373796
-0.0381296
-0.0408564
-0.0402932
-0.0401732
-0.0393729
-0.0422058
-0.0383988
-0.0396072
-0.0365803
-0.0421633
-0.0415965
-0.043806
-0.0305555
-0.0315609
-0.0362376
-0.0309965
-0.0368136
-0.0394517
-0.0388452
-0.029855
-0.0308567
-0.0361469
-0.0309256
-0.0359827
-0.0389298
-0.0391574
-0.0340548
-0.0343124
-0.0377658
-0.0346021
-0.0368615
-0.037903
-0.0387665
-0.0416915
-0.0376552
-0.0382987
-0.0368555
-0.0406689
-0.0403127
-0.0413169
-0.0360361
-0.0361899
-0.0357393
-0.0393286
-0.0415099
-0.0414276
-0.0399874
-0.0367291
-0.0378714
-0.0385359
-0.0365471
-0.03876
-0.0394276
-0.0393925
-0.0439287
-0.0441047
-0.0451229
-0.0437827
-0.0446636
-0.0445459
-0.0448464
-0.0413576
-0.0388726
-0.0410535
-0.0414481
-0.0431848
-0.0438737
-0.041851
-0.0417987
-0.0399648
-0.0416153
-0.0439382
-0.0426366
-0.0423415
-0.0432709
-0.0440078
-0.0426459
-0.0442966
-0.0434372
-0.0436817
-0.0444811
-0.0442412
-0.0435168
-0.0441549
-0.0451348
-0.0435614
-0.0452892
-0.0451939
-0.0449668
-0.0442752
-0.0438202
-0.0450565
-0.0438225
-0.0452696
-0.0452953
-0.0452946
-0.0440272
-0.0446007
-0.0447408
-0.0440856
-0.0446832
-0.0454755
-0.0456002
-0.0444874
-0.0438799
-0.0448446
-0.0440185
-0.0447299
-0.0453473
-0.0452453
-0.0447164
-0.044885
-0.0450251
-0.0446478
-0.0451929
-0.045592
-0.0454377
-0.0435231
-0.0413686
-0.0432265
-0.0433558
-0.0454751
-0.0454918
-0.0436881
-0.0442501
-0.0414347
-0.0436677
-0.0454081
-0.043339
-0.0434744
-0.0461108
-0.0447708
-0.0449463
-0.046129
-0.0446108
-0.0455365
-0.0462227
-0.0458396
-0.043975
-0.0432775
-0.0430226
-0.043849
-0.0436219
-0.0436891
-0.0436092
-0.0435937
-0.0436462
-0.0436192
-0.043672
-0.0436641
-0.0436447
-0.0436428
-0.0436742
-0.043733
-0.043727
-0.0437276
-0.0437883
-0.0436221
-0.0435844
-0.043597
-0.0437366
-0.043816
-0.0436502
-0.0438113
-0.0436647
-0.0436628
-0.0433182
-0.0438037
-0.0436244
-0.0434883
-0.0436412
-0.0436846
-0.0436519
-0.0435491
-0.0436379
-0.0435646
-0.0436308
-0.0436036
-0.0435879
-0.0436663
-0.0431841
-0.0435812
-0.0436387
-0.0434454
-0.0435842
-0.0435787
-0.0435432
-0.0436692
-0.0436848
-0.0437239
-0.0436011
-0.0437418
-0.0436976
-0.0437081
-0.0441004
-0.0443341
-0.0422149
-0.0445661
-0.043697
-0.0431069
-0.0442036
-0.0443299
-0.0437992
-0.0435503
-0.0431312
-0.0438679
-0.0434408
-0.0436956
-0.0439809
-0.0426469
-0.043828
-0.0434708
-0.0430961
-0.0436733
-0.0434395
-0.0433918
-0.0437034
-0.0437924
-0.0434518
-0.0437256
-0.0437392
-0.0438334
-0.0436741
-0.0435163
-0.0435627
-0.0434636
-0.0436925
-0.0436238
-0.0435494
-0.0438287
-0.0418912
-0.042952
-0.0436653
-0.0436329
-0.0435367
-0.0437244
-0.0431516
-0.0445346
-0.0439498
-0.0447476
-0.043758
-0.0445215
-0.0436082
-0.0447606
-0.0429174
-0.0431273
-0.0439979
-0.0430157
-0.0439218
-0.0441009
-0.0438691
-0.0438496
-0.0435448
-0.0436513
-0.0439135
-0.0437665
-0.0437691
-0.0444434
-0.0436208
-0.043524
-0.0440297
-0.0433344
-0.0437248
-0.0439478
-0.0434758
-0.0434752
-0.0437193
-0.0438294
-0.0437637
-0.0437898
-0.0435979
-0.0436732
-0.0434495
-0.043791
-0.0437084
-0.043563
-0.0436122
-0.0437057
-0.0437028
-0.0436232
-0.0437402
-0.0436855
-0.0437345
-0.0436407
-0.0437182
-0.0436629
-0.0437678
-0.0437261
-0.0437101
-0.0436991
-0.0436799
-0.0437022
-0.0436794
-0.0433825
-0.0436019
-0.0438241
-0.0434841
-0.0438134
-0.0435419
-0.0436148
-0.0435296
-0.0435458
-0.0435262
-0.0435695
-0.0435592
-0.043617
-0.0428794
-0.0449009
-0.0435521
-0.0436722
-0.043206
-0.0437317
-0.0437507
-0.0436347
-0.0438883
-0.0436999
-0.0435892
-0.0433421
-0.0436297
-0.0436487
-0.0441932
-0.0443794
-0.0438427
-0.0440242
-0.043663
-0.0437557
-0.0438776
-0.0439737
-0.0457752
-0.0439753
-0.0444617
-0.0437971
-0.0442493
-0.0437494
-0.0440759
-0.0434897
-0.0437952
-0.044016
-0.0436055
-0.0435663
-0.0437096
-0.043968
-0.0440774
-0.0435406
-0.043613
-0.044112
-0.043668
-0.0439353
-0.0437197
-0.0436308
-0.0442839
-0.0434266
-0.0441331
-0.0441536
-0.0440647
-0.0437977
-0.0435292
-0.0436644
-0.0434702
-0.0438703
-0.0439891
-0.0437678
-0.0416696
-0.0423684
-0.0432955
-0.0418433
-0.0431894
-0.0427344
-0.0429312
-0.0396482
-0.0389159
-0.0396154
-0.0387529
-0.0415984
-0.0408011
-0.0397176
-0.0413851
-0.0422971
-0.0395176
-0.040049
-0.0433569
-0.0422896
-0.0427222
-0.0429092
-0.0434838
-0.0429134
-0.0442344
-0.0442207
-0.0444707
-0.0432219
-0.0431483
-0.0425367
-0.0437115
-0.0423906
-0.0437452
-0.0430489
-0.0433748
-0.0419852
-0.0420072
-0.0424739
-0.0431436
-0.0433071
-0.0441275
-0.0433622
-0.0439901
-0.0427081
-0.0432539
-0.0431409
-0.044171
-0.0443247
-0.0439396
-0.0448821
-0.045494
-0.0454612
-0.0454522
-0.0447893
-0.0456453
-0.0460215
-0.0456281
-0.0444637
-0.0457766
-0.0461352
-0.0442076
-0.0464238
-0.0465061
-0.0411025
-0.0403409
-0.0415032
-0.0434332
-0.0427888
-0.0454596
-0.0438743
-0.0442845
-0.0431448
-0.0417311
-0.0450513
-0.0437595
-0.0437633
-0.0452318
-0.0441258
-0.0426345
-0.0433852
-0.0436427
-0.0433639
-0.0442258
-0.0439635
-0.0446918
-0.0434348
-0.0434057
-0.0449188
-0.0426384
-0.0441079
-0.0441681
-0.0426507
-0.042282
-0.0428865
-0.0444796
-0.0433388
-0.0447612
-0.0441517
-0.0448811
-0.0428825
-0.0435731
-0.0445372
-0.0435134
-0.0444118
-0.0442983
-0.024158
-0.0100714
-0.0239659
-0.0229888
-0.030524
-0.0233543
-0.0296914
-0.0336063
-0.0278563
-0.0281323
-0.03151
-0.0354093
-0.0355608
-0.0312214
-0.0304038
-0.0349238
-0.0370843
-0.0292454
-0.0336106
-0.0324609
-0.0364642
-0.00906408
-0.0217298
-0.0218878
-0.0220623
-0.0222854
-0.0285254
-0.0281864
-0.036836
-0.0371249
-0.0389099
-0.0383261
-0.0390475
-0.0387293
-0.0379578
-0.0374491
-0.0353658
-0.0386226
-0.0379404
-0.037231
-0.0380602
-0.0385377
-0.0240727
-0.010329
-0.0242087
-0.0235496
-0.0305598
-0.023153
-0.0298195
-0.028131
-0.033886
-0.0283893
-0.0317319
-0.0356739
-0.0314557
-0.035817
-0.00940249
-0.0222023
-0.0219987
-0.0225881
-0.0223271
-0.0287732
-0.0284427
-0.0303849
-0.0371146
-0.0349719
-0.0335993
-0.029356
-0.0325833
-0.0365754
-0.0100623
-0.0241438
-0.0239524
-0.0229771
-0.0233428
-0.0305069
-0.0296768
-0.0278524
-0.0335955
-0.0281227
-0.0314989
-0.0354054
-0.0312175
-0.0355494
-0.00905473
-0.0217261
-0.0218837
-0.0220534
-0.0222763
-0.0285157
-0.028182
-0.030387
-0.0349056
-0.0370669
-0.029231
-0.033593
-0.0324444
-0.0364457
-0.0368586
-0.0371527
-0.0389469
-0.0390642
-0.0383518
-0.038754
-0.0379931
-0.0374487
-0.0386221
-0.0353807
-0.0372406
-0.0379549
-0.0380753
-0.0385386
-0.040771
-0.0374996
-0.0404124
-0.037924
-0.0402659
-0.0420891
-0.0435587
-0.0396237
-0.0357891
-0.0359336
-0.0376219
-0.0384642
-0.0411081
-0.0410411
-0.0102856
-0.0240334
-0.0241776
-0.0235027
-0.02311
-0.0305315
-0.0297802
-0.0281009
-0.0338451
-0.0283427
-0.0316801
-0.0356414
-0.0357776
-0.0314324
-0.00935562
-0.0221713
-0.0219689
-0.0225366
-0.0222762
-0.0287224
-0.028411
-0.0303733
-0.0349684
-0.0371056
-0.0293265
-0.0335861
-0.0325526
-0.036568
-0.0396584
-0.0389263
-0.0396523
-0.0416002
-0.0387577
-0.0408559
-0.0397561
-0.0416846
-0.0424269
-0.0433359
-0.0418901
-0.0433187
-0.0427973
-0.042957
-0.0418382
-0.0395029
-0.0424646
-0.0422138
-0.0400707
-0.0438331
-0.0427322
-0.0419198
-0.0424082
-0.0419151
-0.0432001
-0.0430657
-0.0440152
-0.0432989
-0.044019
-0.0425959
-0.0432575
-0.044087
-0.0431316
-0.0442364
-0.0439443
-0.0432136
-0.0425483
-0.0437232
-0.043801
-0.0424369
-0.0430966
-0.0434044
-0.0429224
-0.0434884
-0.0429378
-0.0442958
-0.0442484
-0.0445069
-0.0432664
-0.0427239
-0.0429849
-0.042338
-0.0445654
-0.0434083
-0.0448417
-0.0442439
-0.0448966
-0.0429172
-0.0435938
-0.0445852
-0.0435612
-0.0444637
-0.0443202
-0.044694
-0.0434265
-0.0434054
-0.0449227
-0.0426349
-0.0441019
-0.0441665
-0.0441346
-0.0426454
-0.0434047
-0.0433803
-0.0436356
-0.0442351
-0.0439796
-0.0443292
-0.0441078
-0.0422346
-0.0445655
-0.0431247
-0.0437197
-0.0442165
-0.0439506
-0.0425903
-0.0438176
-0.0434361
-0.0430851
-0.0436675
-0.0434362
-0.0443466
-0.0438107
-0.0435654
-0.0431422
-0.0438898
-0.043462
-0.0436995
-0.0433257
-0.0436768
-0.043708
-0.0433673
-0.0439415
-0.0437125
-0.0436692
-0.0436687
-0.0435193
-0.0435599
-0.0436951
-0.0434683
-0.0436274
-0.0435478
-0.0433982
-0.0437134
-0.0437992
-0.0434599
-0.0437354
-0.0437452
-0.0438375
-0.0438429
-0.0429602
-0.041899
-0.0435472
-0.0436737
-0.0436432
-0.0437324
-0.0447795
-0.0429493
-0.0431457
-0.0430454
-0.0440156
-0.0439405
-0.0441176
-0.0431674
-0.0445536
-0.0439563
-0.0447653
-0.0437576
-0.0445282
-0.0436143
-0.0438676
-0.0435487
-0.0438513
-0.0439184
-0.0436486
-0.0437666
-0.0437682
-0.0444503
-0.0436256
-0.0435217
-0.0433404
-0.0440303
-0.043727
-0.0439476
-0.0436694
-0.0435996
-0.0437148
-0.0436412
-0.0437223
-0.0436239
-0.043691
-0.0436631
-0.0437068
-0.043738
-0.0436845
-0.0436957
-0.043668
-0.0436924
-0.0436335
-0.0437058
-0.0439172
-0.043604
-0.0433506
-0.0436349
-0.0436495
-0.0442265
-0.0443848
-0.0438784
-0.0440474
-0.043679
-0.043766
-0.0439011
-0.0440456
-0.0434962
-0.0437914
-0.0440054
-0.043606
-0.0435728
-0.043685
-0.0439888
-0.0457821
-0.0439809
-0.0438051
-0.0444652
-0.0442497
-0.0437795
-0.0441037
-0.0439865
-0.0435241
-0.0436138
-0.0436821
-0.0441121
-0.0439664
-0.0437985
-0.0435359
-0.0436798
-0.0434707
-0.0439004
-0.0440198
-0.0437773
-0.043705
-0.0435985
-0.044259
-0.0434064
-0.0441465
-0.044148
-0.0440381
-0.04338
-0.043621
-0.0437097
-0.0432994
-0.0433566
-0.0432648
-0.0437631
-0.0432553
-0.0439548
-0.0429923
-0.0438306
-0.0436814
-0.0435951
-0.0435963
-0.0435894
-0.0436963
-0.043588
-0.0436345
-0.0436392
-0.0436396
-0.0436727
-0.0436515
-0.0437208
-0.0437069
-0.0437135
-0.0437647
-0.0436098
-0.0435728
-0.0437313
-0.0436885
-0.0437098
-0.0437162
-0.0437504
-0.0436597
-0.0436525
-0.0437915
-0.0433005
-0.0436108
-0.0434752
-0.0436722
-0.0436237
-0.0436397
-0.0435448
-0.0435252
-0.0435124
-0.0435806
-0.0436101
-0.0436454
-0.0435765
-0.0431697
-0.0435702
-0.0436194
-0.0434347
-0.0435668
-0.0435678
-0.0435324
-0.0433175
-0.0436796
-0.0435105
-0.0435354
-0.0435151
-0.0435812
-0.043656
-0.044014
-0.0438616
-0.0437434
-0.0438061
-0.0440468
-0.043621
-0.0442168
-0.0435412
-0.0438908
-0.0438366
-0.0436928
-0.0438782
-0.0438121
-0.0439982
-0.0437044
-0.0437081
-0.0437395
-0.0437406
-0.0436113
-0.0441227
-0.0439493
-0.043809
-0.0439343
-0.0443016
-0.0443083
-0.0432555
-0.0445167
-0.0440707
-0.0435417
-0.0437798
-0.0440483
-0.043903
-0.0439171
-0.0436988
-0.0438428
-0.0437886
-0.0431506
-0.0443084
-0.0443257
-0.0433443
-0.0440386
-0.0437014
-0.0441779
-0.0439136
-0.0435582
-0.0435879
-0.0435967
-0.0436205
-0.043976
-0.0438921
-0.044098
-0.0437168
-0.0437996
-0.0440429
-0.0438176
-0.0437795
-0.0441823
-0.0441083
-0.0434288
-0.0442317
-0.043562
-0.0437167
-0.0438209
-0.0438809
-0.0443708
-0.0439025
-0.0437301
-0.0438917
-0.0435504
-0.043879
-0.0438586
-0.0437727
-0.043871
-0.0437368
-0.0437694
-0.0438207
-0.043812
-0.0434261
-0.0437307
-0.0438564
-0.0435055
-0.0439474
-0.0437287
-0.0438591
-0.0436721
-0.0436163
-0.0435988
-0.0437812
-0.0439533
-0.0438737
-0.0436667
-0.0437479
-0.0435253
-0.0437454
-0.0435595
-0.043695
-0.0437385
-0.0437569
-0.0442879
-0.0436354
-0.0437446
-0.0438349
-0.0436641
-0.0437345
-0.0439684
-0.0438942
-0.0439137
-0.0436358
-0.0438676
-0.0437984
-0.0437871
-0.0436586
-0.0437044
-0.0434666
-0.0439546
-0.0438549
-0.0436102
-0.043742
-0.0437396
-0.0435098
-0.0434877
-0.0435861
-0.0439022
-0.0436538
-0.043764
-0.043507
-0.0442717
-0.0433593
-0.0444121
-0.0441979
-0.0434671
-0.0441075
-0.0435091
-0.0429851
-0.044567
-0.0439877
-0.0442594
-0.043258
-0.0435188
-0.0435065
-0.0432416
-0.0439771
-0.0439117
-0.044662
-0.0442613
-0.0441715
-0.0435246
-0.0435874
-0.0434475
-0.0438144
-0.0441443
-0.0434917
-0.0437306
-0.0436022
-0.0436881
-0.043597
-0.0438767
-0.0436036
-0.0438922
-0.0436656
-0.043722
-0.0456508
-0.0428993
-0.0440076
-0.0437388
-0.0444835
-0.0440113
-0.0437976
-0.0436062
-0.0436984
-0.0438555
-0.0435094
-0.0438831
-0.0436139
-0.0440136
-0.0436206
-0.0440901
-0.0438597
-0.0432656
-0.0440797
-0.0443255
-0.0439846
-0.0435832
-0.0436523
-0.0436096
-0.0435524
-0.0435544
-0.0439435
-0.0438047
-0.0433711
-0.0436454
-0.0435855
-0.0436757
-0.0435267
-0.0436529
-0.0438285
-0.043455
-0.0441513
-0.0440423
-0.0436748
-0.0441298
-0.043667
-0.0441021
-0.0433085
-0.0436319
-0.0437162
-0.0432446
-0.0432152
-0.0432173
-0.0437797
-0.0438384
-0.0436742
-0.0435674
-0.0439226
-0.0434959
-0.0441
-0.0437861
-0.043756
-0.0443234
-0.0435822
-0.0443168
-0.0434037
-0.0442672
-0.0440948
-0.0420061
-0.0441471
-0.0439338
-0.0430036
-0.0434925
-0.0444847
-0.0441904
-0.0438464
-0.0436546
-0.0424325
-0.0430848
-0.0432616
-0.0436411
-0.043415
-0.0443353
-0.0434633
-0.0436839
-0.0436937
-0.0431576
-0.0434867
-0.0437054
-0.044319
-0.04426
-0.0439383
-0.0441551
-0.0445892
-0.0442283
-0.044173
-0.044618
-0.0434318
-0.0434172
-0.0448538
-0.0426162
-0.0440133
-0.0441156
-0.0441148
-0.0426191
-0.0433296
-0.043319
-0.0436298
-0.0441671
-0.0439305
-0.0428487
-0.0424495
-0.0430257
-0.0435038
-0.0445849
-0.0448008
-0.0442762
-0.0448853
-0.0436316
-0.0430046
-0.0436266
-0.0445921
-0.0444206
-0.0442802
-0.041107
-0.0403865
-0.0414379
-0.0434465
-0.0427673
-0.0453963
-0.0437972
-0.0455291
-0.0443691
-0.0456305
-0.044171
-0.0459602
-0.0462899
-0.0462998
-0.044213
-0.0418431
-0.0431346
-0.0437749
-0.0436968
-0.0449348
-0.0451375
-0.0437994
-0.0431146
-0.0421698
-0.0428935
-0.043713
-0.0439362
-0.0438279
-0.0394233
-0.0385535
-0.0392213
-0.0411865
-0.0385017
-0.0404882
-0.0394381
-0.0417015
-0.0423565
-0.0433062
-0.043222
-0.0417993
-0.0426551
-0.042937
-0.041609
-0.0391653
-0.0423122
-0.0418774
-0.0436652
-0.0398902
-0.0424586
-0.0407695
-0.0403361
-0.0374531
-0.0401733
-0.0378863
-0.0420366
-0.0434999
-0.0395902
-0.0359342
-0.0358004
-0.0384259
-0.0376529
-0.0411384
-0.0410579
-0.0366096
-0.0385114
-0.0369161
-0.038056
-0.039025
-0.0386277
-0.0376581
-0.0372495
-0.0352942
-0.0387918
-0.0377048
-0.0374964
-0.0380845
-0.0386117
-0.0406802
-0.0374129
-0.0403028
-0.0378321
-0.040156
-0.0419848
-0.0434105
-0.0395788
-0.0358998
-0.0357683
-0.0376056
-0.0384058
-0.0410974
-0.04103
-0.0366231
-0.0369087
-0.0384946
-0.0380496
-0.0390525
-0.0386301
-0.0376522
-0.0372703
-0.035303
-0.0388953
-0.0377172
-0.037551
-0.038103
-0.0386669
-0.0428234
-0.0424361
-0.0429886
-0.0445636
-0.0434859
-0.04478
-0.0442403
-0.0448676
-0.043
-0.0436381
-0.0445739
-0.0436183
-0.0444062
-0.0442777
-0.0443107
-0.0442356
-0.043904
-0.0441501
-0.0446104
-0.0442277
-0.0441719
-0.0446035
-0.0434301
-0.0434316
-0.0426235
-0.0448316
-0.0440153
-0.0441223
-0.0440393
-0.0425761
-0.0433017
-0.0432631
-0.0435999
-0.044144
-0.0439205
-0.040975
-0.0413946
-0.0403015
-0.0427448
-0.0432884
-0.0451934
-0.0436573
-0.0455723
-0.0444532
-0.0458328
-0.0441799
-0.0460445
-0.0461791
-0.0463927
-0.0432549
-0.0417422
-0.0432107
-0.0430557
-0.043791
-0.0450385
-0.0450702
-0.0440751
-0.0427612
-0.0440951
-0.0443377
-0.0436787
-0.0442052
-0.0431739
-0.0430128
-0.0435628
-0.0423846
-0.0436959
-0.0422563
-0.0429484
-0.0432651
-0.0427633
-0.043373
-0.0428381
-0.0441429
-0.0441935
-0.0443655
-0.043197
-0.0434394
-0.0434424
-0.043414
-0.0427371
-0.0432745
-0.0434793
-0.0437648
-0.0394189
-0.0391868
-0.0385352
-0.0411495
-0.0384887
-0.0404172
-0.0394109
-0.0416518
-0.0422569
-0.0432267
-0.0430508
-0.041733
-0.0425664
-0.0428729
-0.0410821
-0.0391717
-0.0421377
-0.0419024
-0.0431785
-0.0398565
-0.0424457
-0.044155
-0.0434514
-0.0440588
-0.0436746
-0.0436692
-0.0441384
-0.0441276
-0.0438045
-0.0436573
-0.0435281
-0.0439056
-0.0434733
-0.0440907
-0.0437652
-0.0433188
-0.0436404
-0.0437301
-0.0432462
-0.0432208
-0.0432087
-0.0437869
-0.0437583
-0.0435829
-0.0443298
-0.0434036
-0.044328
-0.0442795
-0.044098
-0.044187
-0.0420329
-0.0439826
-0.0430413
-0.044547
-0.0435259
-0.0442245
-0.0439005
-0.0436908
-0.0425111
-0.0431283
-0.0433206
-0.0436828
-0.0434545
-0.0443835
-0.0437058
-0.0434923
-0.0432042
-0.0437304
-0.0435259
-0.0437293
-0.0435749
-0.0440046
-0.0437804
-0.0437448
-0.0437424
-0.0441295
-0.0445173
-0.0435509
-0.0439168
-0.0439018
-0.0436964
-0.0439144
-0.0438593
-0.0441686
-0.0438524
-0.0443868
-0.0439832
-0.0432752
-0.0443721
-0.0446362
-0.0441445
-0.0441529
-0.0433962
-0.0440828
-0.0442069
-0.0435452
-0.0436982
-0.0437851
-0.0439063
-0.0439524
-0.0444439
-0.0439282
-0.0437793
-0.0435627
-0.0439267
-0.0438799
-0.0437969
-0.0438752
-0.0437813
-0.0437719
-0.0439022
-0.0438365
-0.043304
-0.0437512
-0.0438366
-0.0440757
-0.0437011
-0.0435157
-0.043975
-0.0436956
-0.0436234
-0.0436414
-0.0437952
-0.0439602
-0.0438952
-0.0436574
-0.0437579
-0.0435512
-0.043749
-0.0435886
-0.0437101
-0.0437493
-0.0437622
-0.0443105
-0.0437315
-0.0436515
-0.0436613
-0.0438424
-0.0437414
-0.0439707
-0.0439031
-0.043926
-0.0436608
-0.0438026
-0.0438801
-0.0438026
-0.0436806
-0.0442717
-0.0433628
-0.0444158
-0.0441907
-0.0434677
-0.0440979
-0.0435
-0.0429592
-0.0439871
-0.0445514
-0.0442597
-0.0432441
-0.0435001
-0.0434976
-0.0432405
-0.0439714
-0.0439217
-0.0442679
-0.0446577
-0.0441696
-0.0435371
-0.0439275
-0.0442759
-0.0435513
-0.0438217
-0.0437269
-0.0438638
-0.0437082
-0.0436078
-0.0437971
-0.0434819
-0.044085
-0.0435297
-0.0437243
-0.0436202
-0.0436982
-0.0436782
-0.043913
-0.0440632
-0.0437039
-0.0438205
-0.0437421
-0.0451161
-0.0428838
-0.0439938
-0.0436436
-0.044123
-0.0445342
-0.043825
-0.0434738
-0.0436301
-0.0438871
-0.0435492
-0.0436498
-0.0439488
-0.0442166
-0.0436719
-0.0441635
-0.0438979
-0.0433193
-0.0441225
-0.0444237
-0.0440605
-0.0434075
-0.0436226
-0.0437084
-0.0435712
-0.0437333
-0.0437244
-0.0439122
-0.0436354
-0.0438129
-0.0438254
-0.04365
-0.0437699
-0.0437581
-0.0437929
-0.043737
-0.0438229
-0.0437427
-0.0437811
-0.0437358
-0.0437486
-0.0437352
-0.0437968
-0.0438057
-0.0437801
-0.0438049
-0.0437523
-0.0437635
-0.0437782
-0.0437731
-0.0437764
-0.0437247
-0.0437393
-0.0437201
-0.0437716
-0.0437288
-0.0437686
-0.0437454
-0.0437639
-0.0437295
-0.0437599
-0.0437261
-0.0437727
-0.0437667
-0.043716
-0.0437063
-0.0437424
-0.0438304
-0.0437229
-0.0436663
-0.0438491
-0.0437106
-0.0435944
-0.0438124
-0.0437397
-0.043673
-0.0436132
-0.0437428
-0.0437177
-0.0437481
-0.0437413
-0.0436738
-0.0436264
-0.04365
-0.0435601
-0.0436724
-0.0437002
-0.0436474
-0.0436805
-0.0437082
-0.043664
-0.0436535
-0.0436558
-0.0437241
-0.0436719
-0.043691
-0.0436501
-0.043654
-0.0436047
-0.0438119
-0.0434426
-0.0436733
-0.0436439
-0.0436577
-0.0436477
-0.043733
-0.0436987
-0.0436325
-0.0436732
-0.0436469
-0.0436924
-0.0436748
-0.0432828
-0.0443796
-0.044527
-0.0442839
-0.043504
-0.0434881
-0.0441691
-0.0432237
-0.0440058
-0.044134
-0.044771
-0.044403
-0.044246
-0.0436246
-0.0428796
-0.0444337
-0.044054
-0.0432602
-0.0443186
-0.0434525
-0.0434526
-0.0437468
-0.0436821
-0.043883
-0.0437931
-0.0440038
-0.0438168
-0.0437728
-0.0436962
-0.0434691
-0.0439198
-0.0436224
-0.0440939
-0.0436809
-0.0436685
-0.0451725
-0.0439682
-0.0429248
-0.0445842
-0.0440071
-0.0436603
-0.0437787
-0.04372
-0.0433977
-0.0439583
-0.0435387
-0.0437706
-0.0437084
-0.0438128
-0.0433802
-0.0435837
-0.043363
-0.0436079
-0.0438293
-0.0437489
-0.0434451
-0.0436345
-0.043441
-0.043956
-0.0438102
-0.0437727
-0.0437071
-0.0435263
-0.0440844
-0.043644
-0.0433541
-0.0433858
-0.0433748
-0.0433944
-0.0438409
-0.0436232
-0.0430838
-0.0442053
-0.0443353
-0.043251
-0.0440206
-0.0434996
-0.0435095
-0.0437122
-0.043693
-0.0437183
-0.0435879
-0.0437657
-0.0437516
-0.0436497
-0.0435873
-0.0437234
-0.0435556
-0.0435411
-0.0437088
-0.0437086
-0.0438076
-0.044303
-0.0437927
-0.0435316
-0.0438277
-0.0435129
-0.0438272
-0.0433228
-0.0438042
-0.0436232
-0.0436325
-0.043388
-0.0438253
-0.0438014
-0.0437098
-0.0440323
-0.0435982
-0.0439661
-0.0438236
-0.0437726
-0.0436545
-0.0440363
-0.0433796
-0.0440257
-0.0435227
-0.0441437
-0.0436655
-0.0436927
-0.043913
-0.0438477
-0.0440011
-0.0440569
-0.0438678
-0.0439938
-0.0438205
-0.0440747
-0.0434985
-0.0437992
-0.0440227
-0.0436083
-0.0435725
-0.0437686
-0.043967
-0.0457843
-0.0440268
-0.0437931
-0.0443786
-0.0443246
-0.0437414
-0.0437352
-0.0440478
-0.0438953
-0.0434945
-0.0437162
-0.0437247
-0.0437733
-0.0442398
-0.0439679
-0.0444697
-0.0437389
-0.0440554
-0.0437986
-0.0439246
-0.0435627
-0.0434943
-0.0434957
-0.0435465
-0.0435237
-0.0435244
-0.0435465
-0.0437148
-0.0435079
-0.0437529
-0.043571
-0.0439331
-0.0438024
-0.0436553
-0.0431699
-0.043467
-0.0449172
-0.0432008
-0.0436803
-0.0437397
-0.0437445
-0.044217
-0.0433214
-0.0433723
-0.0438558
-0.0431542
-0.0436431
-0.0437385
-0.0435559
-0.0434647
-0.0435406
-0.0436772
-0.0434026
-0.0436366
-0.0435846
-0.0432685
-0.0436233
-0.0437204
-0.0436727
-0.0433101
-0.04369
-0.0437323
-0.0437499
-0.0428935
-0.0416734
-0.0435192
-0.0435774
-0.0434915
-0.0437105
-0.0345245
-0.0378898
-0.0342964
-0.0370305
-0.0347123
-0.0380219
-0.0388681
-0.0419967
-0.0386403
-0.0378501
-0.0410057
-0.0370959
-0.040471
-0.0414456
-0.037029
-0.0388112
-0.0382423
-0.0397437
-0.0389914
-0.0368186
-0.0395958
-0.0361074
-0.0362994
-0.0358878
-0.0393917
-0.0414098
-0.0399585
-0.0415042
-0.0362179
-0.030449
-0.0315619
-0.0367495
-0.0308127
-0.0392677
-0.0388255
-0.0296513
-0.0359535
-0.0305857
-0.0357644
-0.030692
-0.03864
-0.0388726
-0.0333985
-0.0380928
-0.0343216
-0.0373336
-0.0350436
-0.0392804
-0.0391887
-0.0408655
-0.0364393
-0.0358934
-0.0397028
-0.0352745
-0.0393287
-0.0400397
-0.0318719
-0.0372834
-0.0355527
-0.0366273
-0.0390084
-0.0356331
-0.0389047
-0.0359356
-0.0377438
-0.0355622
-0.039008
-0.0386423
-0.0381297
-0.0392563
-0.0374643
-0.0327201
-0.0357255
-0.0374312
-0.0357651
-0.036759
-0.0371016
-0.032571
-0.0372434
-0.0358707
-0.0372794
-0.0360324
-0.0368063
-0.0368433
-0.0304467
-0.0362215
-0.0315615
-0.0367487
-0.0308111
-0.0392658
-0.0388269
-0.0296481
-0.0359522
-0.0305851
-0.0357582
-0.0306903
-0.0386347
-0.0388722
-0.0378878
-0.0345374
-0.0342783
-0.037035
-0.0347459
-0.0380334
-0.0388671
-0.041986
-0.0386364
-0.0378602
-0.0371053
-0.0409994
-0.0404813
-0.0414541
-0.0370361
-0.0388316
-0.0382393
-0.0389857
-0.0368297
-0.0397468
-0.0395968
-0.0361084
-0.0363135
-0.0359006
-0.0394035
-0.0414135
-0.039962
-0.0415203
-0.0324264
-0.0374466
-0.0355074
-0.0372334
-0.0353573
-0.0365848
-0.0371498
-0.0323114
-0.037218
-0.0357843
-0.0370655
-0.035671
-0.0366768
-0.036877
-0.0380936
-0.0333831
-0.0342521
-0.0373561
-0.0350273
-0.0393154
-0.0392489
-0.0409114
-0.0365157
-0.0358536
-0.0352779
-0.0397688
-0.0393596
-0.0400349
-0.031899
-0.0373662
-0.0356365
-0.0366718
-0.0356556
-0.0390882
-0.0389519
-0.0358322
-0.0376008
-0.0355036
-0.0390221
-0.0386506
-0.0392948
-0.0380892
-0.0439208
-0.0438585
-0.0440095
-0.0440643
-0.043873
-0.044002
-0.0438244
-0.0440856
-0.0438108
-0.0435188
-0.0436195
-0.0440353
-0.0435824
-0.0437785
-0.0439743
-0.0457872
-0.0440281
-0.0438016
-0.0443875
-0.0443276
-0.0437508
-0.0437522
-0.043733
-0.043838
-0.0435215
-0.0438601
-0.0437449
-0.0437741
-0.0435639
-0.0434982
-0.0434973
-0.0435256
-0.0435448
-0.0435253
-0.0435491
-0.0437134
-0.0435217
-0.0437586
-0.0435747
-0.0439343
-0.0438102
-0.043662
-0.0431815
-0.043474
-0.0449258
-0.0436848
-0.0432084
-0.0437467
-0.0437474
-0.0437396
-0.0440559
-0.0439043
-0.0437248
-0.043503
-0.043731
-0.0437778
-0.0442472
-0.0439814
-0.0444741
-0.0440623
-0.0437434
-0.0438049
-0.0439335
-0.0432549
-0.0433843
-0.0436924
-0.0438035
-0.0437582
-0.0435903
-0.0436053
-0.0444719
-0.0430401
-0.0427502
-0.0429737
-0.0438127
-0.043736
-0.0439478
-0.0429245
-0.0443695
-0.0437885
-0.0435792
-0.0446507
-0.044304
-0.0434967
-0.0435655
-0.0435547
-0.0434789
-0.0436946
-0.043417
-0.043654
-0.0435949
-0.0432842
-0.0436503
-0.0437509
-0.0437061
-0.0433286
-0.0437136
-0.0437522
-0.0437835
-0.0429161
-0.0416934
-0.0435468
-0.0436123
-0.0435134
-0.0437335
-0.0442276
-0.0433128
-0.0433834
-0.0431777
-0.0438472
-0.0436413
-0.043741
-0.0434028
-0.0435819
-0.0433609
-0.0436035
-0.0438449
-0.0437591
-0.0434503
-0.0437466
-0.0438652
-0.0436349
-0.0438488
-0.0437192
-0.0436947
-0.0437508
-0.0436965
-0.0434557
-0.0439584
-0.0441645
-0.043617
-0.043718
-0.0436702
-0.0457207
-0.0440361
-0.0429577
-0.0439245
-0.0437787
-0.0445737
-0.0437712
-0.0436451
-0.0434321
-0.0439606
-0.0438095
-0.0437888
-0.0437138
-0.0435299
-0.0440854
-0.0433758
-0.0436487
-0.0433964
-0.0433636
-0.0433905
-0.0438411
-0.0436105
-0.0430887
-0.0442098
-0.0432322
-0.044326
-0.0440158
-0.0435007
-0.0440026
-0.0433353
-0.0439999
-0.0434899
-0.0441393
-0.0436767
-0.0436677
-0.0436635
-0.0437247
-0.0436272
-0.0435928
-0.0435861
-0.0438067
-0.0437198
-0.0438001
-0.0443833
-0.0438395
-0.0439156
-0.0435743
-0.0435844
-0.0438492
-0.0432365
-0.0437904
-0.0436905
-0.0436427
-0.0440221
-0.0434102
-0.0439493
-0.0438037
-0.0436281
-0.0438166
-0.0436389
-0.0437562
-0.0437526
-0.0437879
-0.0437288
-0.0438085
-0.0437295
-0.0437718
-0.0437252
-0.0437383
-0.0437265
-0.0437854
-0.0437974
-0.0437649
-0.0437484
-0.0438044
-0.0437523
-0.0437754
-0.0437606
-0.0437594
-0.043713
-0.0437308
-0.0437093
-0.043719
-0.0437636
-0.0437517
-0.0437614
-0.0437559
-0.0437277
-0.0437522
-0.0437226
-0.0437732
-0.0437576
-0.0437124
-0.0436959
-0.0437351
-0.0438213
-0.0437172
-0.0436617
-0.0437143
-0.0438376
-0.0435833
-0.0438128
-0.043731
-0.0436663
-0.0436057
-0.0437337
-0.0437168
-0.0437411
-0.0437413
-0.043667
-0.0436245
-0.0436466
-0.0436899
-0.0435442
-0.0436888
-0.0436604
-0.0436742
-0.0436943
-0.0436604
-0.0436486
-0.0436502
-0.0437148
-0.0436638
-0.0436927
-0.0436434
-0.0436498
-0.0436008
-0.0438068
-0.0434375
-0.0436778
-0.0436374
-0.0436526
-0.0436375
-0.0437251
-0.0436947
-0.0436226
-0.0436616
-0.0436446
-0.043681
-0.0436699
-0.0435985
-0.0437459
-0.0436504
-0.0437783
-0.0436317
-0.043727
-0.043689
-0.0437163
-0.043785
-0.0437967
-0.0437345
-0.0437489
-0.0436963
-0.043726
-0.0436658
-0.0435312
-0.0438329
-0.0436649
-0.0437589
-0.0437108
-0.0437067
-0.0437617
-0.0437556
-0.0436628
-0.0436842
-0.0437094
-0.0437014
-0.0437098
-0.0436151
-0.043706
-0.0439184
-0.0437376
-0.0437889
-0.0436775
-0.043635
-0.0437922
-0.0437337
-0.043722
-0.0436791
-0.0437168
-0.0436325
-0.0436749
-0.0437156
-0.0437193
-0.0437193
-0.0437459
-0.0437229
-0.0437136
-0.0437073
-0.0436731
-0.0436778
-0.0436773
-0.0437204
-0.0436652
-0.0436616
-0.0436538
-0.0435036
-0.0436972
-0.0437271
-0.0436516
-0.043565
-0.0436997
-0.0437293
-0.043644
-0.0436962
-0.0436474
-0.0436379
-0.043731
-0.0436847
-0.0436316
-0.0436949
-0.0436676
-0.0437166
-0.0436624
-0.0437903
-0.0436845
-0.0437505
-0.0436983
-0.043657
-0.0436158
-0.043665
-0.0435985
-0.0436516
-0.0437032
-0.0436409
-0.0435945
-0.0436294
-0.0436458
-0.0436467
-0.043664
-0.0436552
-0.043625
-0.0435872
-0.0435966
-0.0437135
-0.0436331
-0.0436608
-0.0436025
-0.0437402
-0.0439073
-0.0434688
-0.043676
-0.0437995
-0.0436583
-0.0437141
-0.0436709
-0.0437785
-0.0436989
-0.0436978
-0.0437438
-0.0437037
-0.0437542
-0.043439
-0.0437135
-0.0436427
-0.0435987
-0.0436237
-0.0436798
-0.0436977
-0.0433901
-0.0438162
-0.043737
-0.0437862
-0.0436509
-0.0437219
-0.0437413
-0.0443892
-0.0437616
-0.0436895
-0.0436279
-0.0438859
-0.0437241
-0.0439719
-0.0438733
-0.0438671
-0.0434964
-0.0438285
-0.0438598
-0.0437834
-0.0435414
-0.0432556
-0.0434457
-0.0439501
-0.0436847
-0.0436852
-0.0437727
-0.0436247
-0.0435911
-0.0436015
-0.0435778
-0.0436333
-0.0436098
-0.0436239
-0.0436172
-0.0435205
-0.0436625
-0.0436569
-0.0436959
-0.0435753
-0.0436173
-0.0436295
-0.0435963
-0.0437192
-0.0436761
-0.043775
-0.0436556
-0.0436376
-0.0436312
-0.043742
-0.0438772
-0.043691
-0.0439031
-0.0437727
-0.0437671
-0.043788
-0.0437061
-0.0438302
-0.0437494
-0.0438176
-0.0437621
-0.0437518
-0.0437444
-0.0433671
-0.0436143
-0.0433077
-0.0436911
-0.0436973
-0.0436551
-0.0434973
-0.0435474
-0.0432701
-0.0436414
-0.0435645
-0.0434978
-0.0435342
-0.043602
-0.0449441
-0.0450811
-0.0449424
-0.045228
-0.0448537
-0.0457401
-0.0456331
-0.0438167
-0.0435901
-0.0418459
-0.045753
-0.0437496
-0.0457899
-0.0439986
-0.0448229
-0.0461238
-0.0451096
-0.0463394
-0.0455161
-0.044811
-0.0459407
-0.0446284
-0.0418662
-0.0440696
-0.0457211
-0.0437564
-0.0462751
-0.0438147
-0.0448292
-0.0441504
-0.0447387
-0.0448024
-0.0442403
-0.0458339
-0.0458923
-0.0446559
-0.0450045
-0.0441714
-0.0448648
-0.0442464
-0.0456787
-0.0456223
-0.0441338
-0.0450431
-0.0439823
-0.0446304
-0.0438898
-0.0446361
-0.0448922
-0.0416284
-0.0413256
-0.0391671
-0.0434383
-0.0416844
-0.0440947
-0.0421121
-0.0440648
-0.0443358
-0.0428498
-0.0444834
-0.0438533
-0.0435845
-0.0443704
-0.0419808
-0.0402693
-0.0418408
-0.0441364
-0.042853
-0.0425946
-0.0434487
-0.0450002
-0.0435135
-0.043996
-0.0450666
-0.0434798
-0.0451189
-0.044948
-0.0440571
-0.0447378
-0.043577
-0.0449706
-0.0436528
-0.0451312
-0.0450096
-0.0424164
-0.0385288
-0.0399577
-0.0366736
-0.0421807
-0.0415844
-0.044048
-0.0424102
-0.0385333
-0.0399296
-0.0366871
-0.0421993
-0.0415911
-0.0440347
-0.0407083
-0.0377434
-0.0384923
-0.041211
-0.0405612
-0.039683
-0.0404361
-0.0449489
-0.0449298
-0.0451031
-0.0448068
-0.0452486
-0.0457595
-0.0456385
-0.043772
-0.043523
-0.0417749
-0.0436813
-0.0456866
-0.0457275
-0.0439567
-0.0448303
-0.0450852
-0.0461506
-0.0447797
-0.0463184
-0.0455373
-0.0459344
-0.0445704
-0.041806
-0.0440014
-0.0456701
-0.0437245
-0.0437761
-0.0462493
-0.0441908
-0.0448484
-0.0447494
-0.0442353
-0.0448162
-0.0458334
-0.0459022
-0.0446615
-0.0441559
-0.0450084
-0.0442405
-0.0448741
-0.0456618
-0.0455834
-0.0434936
-0.0449783
-0.0439705
-0.0434571
-0.0450425
-0.0450938
-0.044929
-0.0440263
-0.0435562
-0.0447073
-0.04363
-0.0449444
-0.0451146
-0.0450076
-0.0433833
-0.0436467
-0.0433362
-0.0437107
-0.0437283
-0.0436704
-0.0435192
-0.0435748
-0.043297
-0.0436544
-0.0435148
-0.0435972
-0.0435555
-0.0436147
-0.0439007
-0.0437375
-0.0434528
-0.0436693
-0.0436457
-0.0437844
-0.0437038
-0.043664
-0.043767
-0.0436889
-0.0436907
-0.043738
-0.0436991
-0.0437459
-0.0434299
-0.0437093
-0.0436368
-0.0435927
-0.0436147
-0.0436727
-0.0436938
-0.0433781
-0.0437251
-0.0438006
-0.0436395
-0.0437729
-0.0437105
-0.0437288
-0.044386
-0.043787
-0.0436844
-0.0436382
-0.0438858
-0.0437435
-0.0440034
-0.0438803
-0.0438629
-0.0435172
-0.0438222
-0.0438622
-0.0437966
-0.0435705
-0.043594
-0.0435752
-0.0436262
-0.0439145
-0.0437441
-0.0438526
-0.0436191
-0.0437286
-0.043495
-0.0436827
-0.0436576
-0.0435981
-0.043725
-0.0437165
-0.0434064
-0.043209
-0.0439104
-0.043641
-0.0437118
-0.0436569
-0.0435707
-0.0435501
-0.0436176
-0.0436811
-0.0435921
-0.0437364
-0.0435824
-0.0435826
-0.0435703
-0.0436716
-0.0437289
-0.0436443
-0.0437612
-0.0437157
-0.0436815
-0.0437084
-0.0437768
-0.0437822
-0.0437312
-0.0437381
-0.0436844
-0.0437109
-0.0436621
-0.0438401
-0.0435109
-0.0437169
-0.0436565
-0.0437463
-0.0436962
-0.0437491
-0.04374
-0.0436482
-0.043668
-0.0436939
-0.0436946
-0.0436858
-0.043704
-0.0435997
-0.0438937
-0.0437876
-0.0437259
-0.0436579
-0.0436204
-0.0437611
-0.0437134
-0.0437232
-0.0437096
-0.0436591
-0.0436101
-0.0436542
-0.0436687
-0.0436687
-0.0436713
-0.0437138
-0.0436617
-0.04365
-0.0436573
-0.043602
-0.0436332
-0.0436274
-0.0436592
-0.0436405
-0.0436632
-0.0436517
-0.0436223
-0.043603
-0.0435787
-0.0436405
-0.0437073
-0.0436569
-0.0435991
-0.0437022
-0.0436748
-0.0436631
-0.0437108
-0.0437128
-0.043691
-0.0436755
-0.0437015
-0.0436865
-0.0436836
-0.043771
-0.0437226
-0.0436979
-0.0436567
-0.0437296
-0.0437515
-0.0435271
-0.0437141
-0.0436051
-0.0436766
-0.0437118
-0.0437522
-0.0437519
-0.0437779
-0.04372
-0.0437597
-0.043704
-0.0437309
-0.0437542
-0.0437686
-0.0437039
-0.0436964
-0.0437099
-0.0437102
-0.0437202
-0.0437133
-0.0437403
-0.0437075
-0.0437055
-0.0436598
-0.0437551
-0.0437013
-0.0437256
-0.0437225
-0.0437134
-0.043745
-0.0437245
-0.0437096
-0.0437117
-0.0436904
-0.0436711
-0.0436736
-0.0437134
-0.0436734
-0.0436636
-0.0436698
-0.0437799
-0.0435362
-0.0436396
-0.043652
-0.0437151
-0.0436442
-0.0435974
-0.0436556
-0.0436312
-0.0436308
-0.0435698
-0.0436289
-0.0435808
-0.0436257
-0.0436552
-0.0436354
-0.0435341
-0.0436956
-0.0436187
-0.043743
-0.0436893
-0.0436257
-0.0436984
-0.0436794
-0.0436738
-0.0437272
-0.0436919
-0.043646
-0.0436947
-0.043637
-0.0435756
-0.0436602
-0.0436068
-0.0436477
-0.0436897
-0.0436375
-0.0434748
-0.0438293
-0.0436905
-0.0437265
-0.0437216
-0.0437439
-0.0440681
-0.0433444
-0.0435539
-0.0437872
-0.0438904
-0.0438129
-0.0437472
-0.0438039
-0.0438366
-0.0438102
-0.0437944
-0.0437456
-0.0437727
-0.0437758
-0.043706
-0.0438203
-0.0437797
-0.0438868
-0.0437632
-0.0437546
-0.0437476
-0.0439386
-0.0438819
-0.0436492
-0.0439558
-0.0438585
-0.0438278
-0.0437711
-0.0436214
-0.0436204
-0.0435021
-0.0439034
-0.0437543
-0.0437946
-0.0435482
-0.0437197
-0.0436808
-0.0435038
-0.0436516
-0.0435508
-0.0436693
-0.0436708
-0.044262
-0.0435565
-0.0436601
-0.0438385
-0.0435484
-0.043757
-0.0439044
-0.0437762
-0.0434966
-0.0437613
-0.0438066
-0.0437181
-0.0437748
-0.0435856
-0.0433749
-0.043612
-0.0437775
-0.0436981
-0.0435466
-0.0435701
-0.0436032
-0.0435948
-0.0435874
-0.0435523
-0.043584
-0.0435962
-0.0435812
-0.0436024
-0.0432941
-0.0437214
-0.0436284
-0.0436884
-0.0435403
-0.0436054
-0.0436247
-0.0434849
-0.0435223
-0.0435599
-0.0434812
-0.0435442
-0.0435985
-0.0435797
-0.0434871
-0.0434533
-0.0437334
-0.0438285
-0.0438351
-0.0437953
-0.0436129
-0.0437028
-0.0437969
-0.0434166
-0.0436193
-0.0437077
-0.0436619
-0.0437445
-0.0435809
-0.0435483
-0.0436677
-0.0436798
-0.0435586
-0.0435432
-0.0435758
-0.043458
-0.0435034
-0.0436696
-0.0435841
-0.0435321
-0.0435284
-0.043508
-0.0444432
-0.0453128
-0.0439239
-0.0454973
-0.0439492
-0.0455309
-0.0453065
-0.044549
-0.0452321
-0.0441478
-0.0454581
-0.0441902
-0.0456357
-0.0456351
-0.0452803
-0.0443243
-0.0443531
-0.0447918
-0.0441405
-0.0447886
-0.045163
-0.0414585
-0.0390707
-0.0413635
-0.0417932
-0.0433619
-0.0441061
-0.0420264
-0.0421639
-0.0402147
-0.0419824
-0.044211
-0.0430104
-0.0435919
-0.0426042
-0.0442261
-0.0443618
-0.0429151
-0.0445874
-0.0437503
-0.0438201
-0.0444397
-0.044242
-0.0443798
-0.0436111
-0.044317
-0.0436924
-0.04503
-0.0451191
-0.0441451
-0.0444883
-0.0435695
-0.0443552
-0.0436608
-0.0449487
-0.0449185
-0.0446786
-0.0442483
-0.0445075
-0.0448347
-0.0441907
-0.0451139
-0.0449789
-0.0429566
-0.0409245
-0.0427678
-0.0428786
-0.0448505
-0.0449018
-0.0431562
-0.0437175
-0.040961
-0.0431561
-0.0448345
-0.042833
-0.045529
-0.0429463
-0.0444199
-0.0456215
-0.0445065
-0.0451561
-0.0441746
-0.0456172
-0.0453281
-0.0404231
-0.0381391
-0.037437
-0.0410145
-0.0404638
-0.0394663
-0.0402514
-0.0416779
-0.0392407
-0.0380702
-0.0363115
-0.0417291
-0.0411285
-0.0432725
-0.0404359
-0.0381717
-0.0374524
-0.0410213
-0.0404695
-0.0394829
-0.0402621
-0.0416726
-0.0392063
-0.0380515
-0.0363068
-0.0417344
-0.0432745
-0.0411156
-0.0444402
-0.0439131
-0.045313
-0.0439375
-0.0454982
-0.0455184
-0.0452971
-0.0445474
-0.0441336
-0.0452362
-0.0441779
-0.0454617
-0.0456198
-0.0456125
-0.0443158
-0.045282
-0.044356
-0.0441315
-0.0447964
-0.0447838
-0.0451566
-0.04146
-0.0390708
-0.0413434
-0.0417732
-0.0433502
-0.0440944
-0.0420284
-0.0421522
-0.0402169
-0.0419647
-0.0441981
-0.0429983
-0.042603
-0.0435789
-0.0442243
-0.0429005
-0.0443712
-0.0437383
-0.0445941
-0.0438168
-0.0444357
-0.0442813
-0.044682
-0.0445317
-0.0442176
-0.0448515
-0.0451283
-0.0449805
-0.0429631
-0.0408983
-0.0427479
-0.0448752
-0.0428765
-0.0449233
-0.043169
-0.0437453
-0.0409576
-0.0431691
-0.0448491
-0.042882
-0.0455229
-0.042962
-0.0444378
-0.0445074
-0.0456845
-0.0456603
-0.0441879
-0.0451916
-0.0453553
-0.0435025
-0.0434825
-0.0437586
-0.043847
-0.0438501
-0.0438091
-0.0436307
-0.0437151
-0.043808
-0.043432
-0.0436303
-0.0437152
-0.0436654
-0.0437558
-0.043534
-0.0435131
-0.0436561
-0.0436731
-0.0435294
-0.0435233
-0.0435544
-0.0434585
-0.0434816
-0.0436447
-0.0435826
-0.0435112
-0.0435138
-0.0434956
-0.0440529
-0.043532
-0.0433277
-0.0438728
-0.0437698
-0.0438027
-0.0437331
-0.0437916
-0.0438271
-0.0437968
-0.0437843
-0.0437385
-0.0437691
-0.0437644
-0.0436851
-0.0437659
-0.0438044
-0.0437473
-0.0438694
-0.0437403
-0.0437344
-0.0439271
-0.0438759
-0.0436464
-0.0439448
-0.0438488
-0.0438176
-0.0437664
-0.0436266
-0.0436408
-0.043522
-0.0437579
-0.0439196
-0.0438062
-0.0435749
-0.0437324
-0.0436943
-0.0435212
-0.0435561
-0.0436557
-0.0436658
-0.0436774
-0.044236
-0.0435208
-0.043683
-0.0435535
-0.0438128
-0.0437728
-0.0439315
-0.043773
-0.0434891
-0.0437482
-0.0437214
-0.0437837
-0.0437892
-0.0436205
-0.043682
-0.0436411
-0.0436701
-0.0436884
-0.0436971
-0.043666
-0.0436564
-0.0436774
-0.0436574
-0.0436653
-0.0436984
-0.0437658
-0.0436753
-0.0436296
-0.0437195
-0.0437155
-0.0435146
-0.0435658
-0.0436947
-0.0436505
-0.0436839
-0.043729
-0.0437291
-0.0437541
-0.0436921
-0.0437338
-0.0436803
-0.0437063
-0.0437289
-0.0437489
-0.0436796
-0.0436768
-0.0436904
-0.043689
-0.0437014
-0.0436836
-0.0436911
-0.0437066
-0.0436286
-0.043679
-0.0437181
-0.0436719
-0.0437109
-0.0437047
-0.0437043
-0.0437339
-0.0437118
-0.0437026
-0.0436893
-0.0436887
-0.04367
-0.0436723
-0.0437106
-0.0436716
-0.0436641
-0.0436671
-0.0436769
-0.0436558
-0.0435408
-0.0436567
-0.0437026
-0.0437302
-0.0436806
-0.0436266
-0.0436925
-0.0436724
-0.0437293
-0.0436699
-0.043686
-0.0436373
-0.0436887
-0.0436353
-0.0435707
-0.0436449
-0.0436063
-0.0436704
-0.0436399
-0.0436345
-0.0438397
-0.0434765
-0.0437322
-0.0437391
-0.0436885
-0.0437354
-0.0437948
-0.043636
-0.0437418
-0.043821
-0.0437202
-0.0437921
-0.0437651
-0.0437275
-0.0437687
-0.0437921
-0.0437472
-0.0437781
-0.0437481
-0.0437303
-0.0437627
-0.0437269
-0.0436718
-0.0437257
-0.043707
-0.043709
-0.0437529
-0.0436698
-0.0435408
-0.0438824
-0.0437805
-0.0437143
-0.0437699
-0.0437645
-0.0437655
-0.0438954
-0.0438122
-0.0438184
-0.0437978
-0.0437089
-0.0437524
-0.0437889
-0.0437645
-0.043739
-0.0437649
-0.0437341
-0.0436615
-0.0436902
-0.0436797
-0.0437025
-0.0436585
-0.043729
-0.0437235
-0.0437045
-0.043673
-0.0436981
-0.0436844
-0.0436604
-0.0437889
-0.0437304
-0.0437124
-0.0436215
-0.0437374
-0.0435439
-0.0437613
-0.0436815
-0.0436
-0.0436911
-0.0437156
-0.0436965
-0.0436928
-0.0437194
-0.0436453
-0.043738
-0.0436756
-0.0436686
-0.0437323
-0.0437168
-0.0436603
-0.043687
-0.0436607
-0.0436922
-0.0437084
-0.0436679
-0.0436662
-0.0437377
-0.0436619
-0.0436531
-0.0437531
-0.0437005
-0.0437858
-0.0438195
-0.0442845
-0.0438634
-0.0435963
-0.0434565
-0.0437823
-0.0438716
-0.0437693
-0.0438759
-0.0436924
-0.0437116
-0.0438349
-0.0438522
-0.0432017
-0.0436764
-0.0437744
-0.0439907
-0.0434499
-0.043624
-0.0438897
-0.0437061
-0.0435271
-0.0439841
-0.0439584
-0.0437751
-0.0437884
-0.0436493
-0.0439879
-0.0440029
-0.0432489
-0.043443
-0.044163
-0.043643
-0.0436457
-0.043625
-0.0442109
-0.0430664
-0.0431619
-0.0442284
-0.0439596
-0.0434948
-0.044075
-0.0435965
-0.0433324
-0.0433632
-0.043349
-0.0433193
-0.0438284
-0.0437058
-0.0439544
-0.0434376
-0.0437602
-0.0435625
-0.0436695
-0.0437581
-0.0433457
-0.0433973
-0.04355
-0.0438179
-0.0435879
-0.043685
-0.0433942
-0.0428305
-0.0439823
-0.0443751
-0.0432387
-0.0442281
-0.0433899
-0.043386
-0.043105
-0.0439202
-0.0440029
-0.0446744
-0.0442863
-0.044166
-0.0435123
-0.0437845
-0.0434655
-0.04374
-0.0438161
-0.0435643
-0.043751
-0.0437294
-0.0442475
-0.0434907
-0.0433772
-0.0432341
-0.0439957
-0.0437474
-0.043805
-0.0434021
-0.043816
-0.0437158
-0.0437737
-0.0434633
-0.0437982
-0.0438464
-0.0436915
-0.043576
-0.043601
-0.0435001
-0.0437645
-0.0437336
-0.0436527
-0.0438765
-0.0417883
-0.0429983
-0.04369
-0.0436518
-0.0435926
-0.0438172
-0.0433712
-0.0432462
-0.0437254
-0.0439226
-0.0437882
-0.0436732
-0.0436454
-0.0430281
-0.0439298
-0.0444906
-0.0437012
-0.0446994
-0.0443542
-0.0435869
-0.0445188
-0.0427329
-0.0430157
-0.0439176
-0.0430518
-0.0438249
-0.044035
-0.0436944
-0.0436551
-0.0436097
-0.043759
-0.0434246
-0.0436406
-0.0436044
-0.0436168
-0.0436011
-0.0433541
-0.0438572
-0.0434192
-0.0435938
-0.0434761
-0.0432245
-0.0432562
-0.0432637
-0.0433181
-0.0433403
-0.0433417
-0.0433293
-0.0430993
-0.0448354
-0.0433204
-0.0436671
-0.0435942
-0.0430832
-0.0436312
-0.0436398
-0.0438009
-0.0438649
-0.0438858
-0.0437503
-0.0436731
-0.043898
-0.0438426
-0.0438245
-0.0456578
-0.0442005
-0.0436333
-0.044169
-0.0435303
-0.0440147
-0.0434
-0.0437219
-0.0435204
-0.0439292
-0.0434322
-0.0437069
-0.0341651
-0.033202
-0.0380398
-0.0348371
-0.0372077
-0.0391716
-0.0392158
-0.0405889
-0.035555
-0.0361795
-0.0349917
-0.0394203
-0.0391191
-0.0398224
-0.0357381
-0.0374671
-0.0353158
-0.0388975
-0.0385965
-0.0379867
-0.0392723
-0.0316487
-0.035313
-0.0370659
-0.0353771
-0.0387266
-0.0364217
-0.038691
-0.0355862
-0.0374233
-0.0324622
-0.0354001
-0.037283
-0.0365688
-0.0371494
-0.0323271
-0.0356765
-0.0372526
-0.0356221
-0.037139
-0.0367041
-0.036846
-0.031268
-0.0359613
-0.0302907
-0.0307333
-0.0365162
-0.0393602
-0.0386941
-0.02956
-0.0306236
-0.0357651
-0.0306368
-0.0356398
-0.038831
-0.0390399
-0.0356044
-0.0324756
-0.037439
-0.0354134
-0.0372954
-0.0365824
-0.0371624
-0.0323351
-0.0356791
-0.0372547
-0.0356278
-0.0371475
-0.0367118
-0.036849
-0.0341882
-0.038058
-0.0332209
-0.0348571
-0.0372233
-0.0391873
-0.0392329
-0.0406009
-0.0355716
-0.0361888
-0.0350065
-0.0394311
-0.0391333
-0.0398357
-0.0357645
-0.0374851
-0.0353362
-0.0389127
-0.0386144
-0.0379994
-0.03929
-0.0316607
-0.0353204
-0.0370725
-0.0353906
-0.0364345
-0.0387372
-0.0387057
-0.0337815
-0.0375191
-0.0340493
-0.0342118
-0.0365078
-0.037545
-0.0385521
-0.0411474
-0.0372829
-0.0377745
-0.0400635
-0.0364436
-0.0398595
-0.0408487
-0.0356965
-0.0358504
-0.0353739
-0.0389942
-0.0412514
-0.0397641
-0.0410746
-0.0364164
-0.0373563
-0.0382395
-0.0389182
-0.0361414
-0.0382862
-0.0389312
-0.0437764
-0.0434752
-0.0437338
-0.0438034
-0.0435621
-0.0437488
-0.0437218
-0.0442356
-0.043477
-0.0433664
-0.0432131
-0.0439837
-0.0437356
-0.0437942
-0.043002
-0.0439128
-0.0444829
-0.0447052
-0.0436799
-0.0443424
-0.043573
-0.044524
-0.0430322
-0.0427487
-0.0439112
-0.0430464
-0.0438157
-0.0440315
-0.04354
-0.0435991
-0.0433664
-0.0433851
-0.0437941
-0.0435605
-0.0434557
-0.0431712
-0.043214
-0.0432162
-0.0432688
-0.0432479
-0.0432299
-0.0432803
-0.0428303
-0.0448023
-0.0433072
-0.043038
-0.0435954
-0.043557
-0.0435095
-0.0441646
-0.0442899
-0.0436865
-0.0435082
-0.0438598
-0.0436179
-0.0437548
-0.0438537
-0.0438806
-0.0457142
-0.0436782
-0.0442742
-0.0442391
-0.043586
-0.0439728
-0.0437151
-0.0434157
-0.043921
-0.0435282
-0.0434276
-0.0436945
-0.0437269
-0.0437057
-0.0435306
-0.0435833
-0.0437271
-0.0437868
-0.0437837
-0.0437906
-0.0438127
-0.0442657
-0.043838
-0.0435822
-0.0434364
-0.0437863
-0.0438813
-0.0438886
-0.0437707
-0.0437194
-0.0436911
-0.0437733
-0.0438566
-0.0433442
-0.0436544
-0.0438309
-0.0438512
-0.0436823
-0.0434706
-0.0437994
-0.0434145
-0.0436061
-0.0439297
-0.0437758
-0.043799
-0.043531
-0.0436864
-0.0436279
-0.0442004
-0.0430627
-0.0431677
-0.0442302
-0.0439688
-0.0434888
-0.044075
-0.0433309
-0.0436047
-0.0433518
-0.0433677
-0.0433241
-0.0438299
-0.0433483
-0.0433789
-0.0435631
-0.0435963
-0.0438145
-0.0437109
-0.0434045
-0.0435751
-0.0438286
-0.0433302
-0.0434973
-0.0440056
-0.0436627
-0.0436644
-0.0435391
-0.0437117
-0.0434973
-0.0435092
-0.0437238
-0.0436005
-0.043586
-0.045558
-0.0428439
-0.0439719
-0.0444089
-0.0436415
-0.0438431
-0.0437418
-0.0443418
-0.0431708
-0.0444587
-0.0442487
-0.0434432
-0.0441038
-0.0434139
-0.0428495
-0.0440041
-0.0443976
-0.0432174
-0.0442784
-0.0434098
-0.0434106
-0.0431275
-0.0440525
-0.0439825
-0.04472
-0.0443589
-0.0442087
-0.0435461
-0.043764
-0.0438262
-0.0438954
-0.0438156
-0.0438015
-0.0437011
-0.0437514
-0.0437935
-0.0437657
-0.0437475
-0.0437661
-0.0437421
-0.0436567
-0.043689
-0.0437338
-0.0437508
-0.0435289
-0.043677
-0.0435906
-0.0436828
-0.0437142
-0.043695
-0.0436851
-0.0437148
-0.0437324
-0.0436405
-0.0436671
-0.0436635
-0.0437307
-0.0437118
-0.0436581
-0.0436887
-0.0436524
-0.0437108
-0.0436889
-0.0436579
-0.0436548
-0.0437193
-0.0437357
-0.0436531
-0.0436366
-0.0436882
-0.0438672
-0.0436822
-0.0436682
-0.0439271
-0.0435666
-0.0434697
-0.0439603
-0.0433784
-0.0436704
-0.0435588
-0.0437636
-0.0435049
-0.0436636
-0.0438059
-0.0438339
-0.0440571
-0.0442689
-0.044267
-0.0434169
-0.0444102
-0.0441272
-0.0436018
-0.0441396
-0.0438426
-0.0436848
-0.0438062
-0.0438281
-0.0437242
-0.0436147
-0.0438809
-0.0436896
-0.0440064
-0.0438146
-0.043795
-0.0436014
-0.0436958
-0.0434805
-0.0439448
-0.0436859
-0.0440799
-0.0437222
-0.0437904
-0.0451416
-0.0439377
-0.0429499
-0.0440643
-0.0446267
-0.0436358
-0.043711
-0.0432915
-0.0439587
-0.0439662
-0.0442599
-0.0447285
-0.0442145
-0.0435881
-0.0428736
-0.0444765
-0.0439609
-0.0431557
-0.0442553
-0.0434444
-0.0434423
-0.0438231
-0.0441213
-0.0435295
-0.0439521
-0.0436383
-0.0437705
-0.0438922
-0.0434114
-0.043498
-0.0435527
-0.0439128
-0.0436023
-0.0437239
-0.0435173
-0.0436774
-0.0437011
-0.0435627
-0.0438902
-0.0437805
-0.0437673
-0.0436642
-0.0437918
-0.0437444
-0.0435713
-0.0436984
-0.0435707
-0.0436756
-0.0437444
-0.0437383
-0.0436195
-0.0440266
-0.0440204
-0.0438412
-0.0438124
-0.0436666
-0.0441508
-0.0440848
-0.0434182
-0.0435559
-0.044208
-0.0437084
-0.0437771
-0.0441425
-0.0434335
-0.0437018
-0.0434911
-0.0434426
-0.0434331
-0.0439185
-0.0437113
-0.0430514
-0.0442157
-0.0442703
-0.0432745
-0.0440169
-0.0435974
-0.0435865
-0.0438962
-0.0437266
-0.0438963
-0.0434257
-0.0436992
-0.0440696
-0.0436301
-0.0438191
-0.0440807
-0.0441448
-0.0431436
-0.0443386
-0.0439148
-0.0434208
-0.0436276
-0.0437322
-0.0436636
-0.0435897
-0.0436591
-0.0438772
-0.0436029
-0.0436161
-0.0436617
-0.0434112
-0.0436395
-0.0440318
-0.043876
-0.0439488
-0.0420118
-0.0441799
-0.0435086
-0.0443826
-0.0429486
-0.0440361
-0.0441978
-0.0434154
-0.0435823
-0.0437471
-0.0429584
-0.0433369
-0.043608
-0.0431961
-0.0434432
-0.0431228
-0.0434675
-0.0427113
-0.0438208
-0.0436685
-0.0438834
-0.0425287
-0.0436455
-0.0433373
-0.0429747
-0.043546
-0.0433785
-0.0441012
-0.0433346
-0.0442877
-0.0441323
-0.043685
-0.0436633
-0.0440383
-0.0437284
-0.0443028
-0.043519
-0.0442821
-0.0433458
-0.0442108
-0.0440566
-0.0437947
-0.043486
-0.0436607
-0.0433966
-0.0439103
-0.0440071
-0.0437769
-0.0434344
-0.043526
-0.0435794
-0.0432852
-0.0428548
-0.0435322
-0.0438673
-0.0414695
-0.043128
-0.0421997
-0.0430054
-0.041637
-0.0425134
-0.0427356
-0.0394277
-0.0386724
-0.0393571
-0.0385308
-0.0413156
-0.040523
-0.0394949
-0.0411433
-0.0421179
-0.0392853
-0.0431517
-0.0398552
-0.0420143
-0.0424653
-0.0427891
-0.0440556
-0.0440594
-0.0443561
-0.0436343
-0.0431133
-0.0442552
-0.0428253
-0.0428403
-0.0433984
-0.0441137
-0.0442024
-0.0443746
-0.0431599
-0.0430502
-0.0423583
-0.04356
-0.0422719
-0.043655
-0.0429501
-0.0432606
-0.0416785
-0.0421556
-0.0417033
-0.042991
-0.0428771
-0.043881
-0.0430613
-0.0437953
-0.0431148
-0.0424502
-0.0439004
-0.0429887
-0.0441557
-0.0438022
-0.0457198
-0.045912
-0.0444592
-0.0461731
-0.0442624
-0.0463176
-0.0465181
-0.0411358
-0.0405017
-0.0415821
-0.0429248
-0.0434822
-0.0454679
-0.0438795
-0.0433518
-0.0432794
-0.0418381
-0.0452013
-0.0431873
-0.0439311
-0.0452662
-0.0443984
-0.0445717
-0.0440696
-0.04429
-0.04494
-0.0443544
-0.0444753
-0.0441255
-0.0433015
-0.0426208
-0.0436336
-0.0433483
-0.0442581
-0.0440437
-0.0448027
-0.0436076
-0.0436015
-0.042765
-0.0450312
-0.0441479
-0.0443517
-0.0450913
-0.0438077
-0.0430466
-0.0447725
-0.0437104
-0.0446427
-0.0445699
-0.0408065
-0.0404776
-0.037558
-0.0379181
-0.0403208
-0.0420582
-0.0435693
-0.0395153
-0.0357054
-0.0359303
-0.0376311
-0.0383846
-0.0409872
-0.040878
-0.0366346
-0.0369732
-0.0386544
-0.0389431
-0.038146
-0.0385672
-0.0377006
-0.0373558
-0.0385829
-0.0352672
-0.0372082
-0.0377829
-0.0379369
-0.0384249
-0.0407375
-0.0374975
-0.0404333
-0.040283
-0.0378506
-0.0420099
-0.0435089
-0.0394829
-0.03566
-0.0358708
-0.0383428
-0.0375679
-0.0409388
-0.0408457
-0.0416841
-0.0421574
-0.0417041
-0.0429918
-0.0428806
-0.0438844
-0.0430655
-0.0437958
-0.0424503
-0.0431177
-0.0439007
-0.0429926
-0.0441598
-0.0438046
-0.0428288
-0.0428456
-0.0434021
-0.0442058
-0.0441172
-0.0443774
-0.0431637
-0.0430519
-0.043562
-0.0423586
-0.0422728
-0.0436573
-0.042953
-0.0432637
-0.0457132
-0.0459657
-0.0444928
-0.044248
-0.0462127
-0.046327
-0.0465458
-0.0410758
-0.0415616
-0.0404483
-0.0434146
-0.0429233
-0.0454439
-0.0438426
-0.0433871
-0.0432761
-0.0417956
-0.0439008
-0.0452184
-0.0432
-0.045256
-0.0451047
-0.0430455
-0.0438142
-0.0437218
-0.0447689
-0.044662
-0.0445848
-0.0441385
-0.0433201
-0.0426222
-0.0433666
-0.0436331
-0.0442681
-0.0440556
-0.0448307
-0.0436005
-0.043598
-0.0450585
-0.0427644
-0.0441707
-0.0443648
-0.0439574
-0.0441831
-0.0420233
-0.0443875
-0.0435155
-0.042954
-0.044042
-0.0442117
-0.0435874
-0.0434314
-0.0429743
-0.0437563
-0.0433425
-0.0436141
-0.0438895
-0.0425333
-0.0436477
-0.0433457
-0.0429804
-0.0435559
-0.0433847
-0.0432032
-0.0434474
-0.0431283
-0.0434759
-0.0427145
-0.0438262
-0.0436727
-0.0438895
-0.0434449
-0.0436677
-0.0436151
-0.0439741
-0.0434374
-0.0441488
-0.0434006
-0.0435919
-0.043692
-0.0435401
-0.0437947
-0.0437034
-0.0438365
-0.0438321
-0.0440926
-0.0443126
-0.0442791
-0.0434467
-0.0444944
-0.0442125
-0.0436106
-0.0438432
-0.0436341
-0.0439
-0.0437522
-0.0436801
-0.04361
-0.0436468
-0.043935
-0.0434365
-0.0441225
-0.0436395
-0.0437413
-0.0437951
-0.0456058
-0.0440489
-0.0429382
-0.0440483
-0.0436841
-0.0446287
-0.0437442
-0.0433916
-0.0443114
-0.0444895
-0.0442136
-0.0435008
-0.0434995
-0.04413
-0.0433211
-0.043978
-0.0439883
-0.044298
-0.0447601
-0.0442585
-0.043619
-0.0429539
-0.0439847
-0.0445165
-0.0442659
-0.0432235
-0.0434771
-0.0434704
-0.0434728
-0.0435812
-0.043553
-0.0439693
-0.0436348
-0.0437668
-0.0435501
-0.0442656
-0.0436638
-0.0434531
-0.0438143
-0.0435156
-0.0437244
-0.0439433
-0.0437198
-0.0434311
-0.0436728
-0.0437707
-0.0436727
-0.0437509
-0.0434903
-0.0436648
-0.0435524
-0.0436741
-0.0437898
-0.0438737
-0.0437579
-0.043654
-0.0437821
-0.0437404
-0.0435576
-0.0435676
-0.0436638
-0.0436677
-0.0437432
-0.0437467
-0.0437419
-0.0436527
-0.0435983
-0.0436267
-0.043844
-0.0437785
-0.0437297
-0.0438764
-0.0443755
-0.0435472
-0.0438929
-0.0435599
-0.0438092
-0.0432186
-0.0437496
-0.0436866
-0.0433796
-0.0436098
-0.0440641
-0.0439524
-0.0441345
-0.0434012
-0.0440853
-0.0442117
-0.043564
-0.0437418
-0.0437574
-0.0436765
-0.0434605
-0.0440028
-0.043863
-0.0438385
-0.0437697
-0.0435911
-0.0441347
-0.0434822
-0.0437582
-0.0435096
-0.0434909
-0.0434584
-0.0439372
-0.0437141
-0.0442824
-0.0431135
-0.0443137
-0.0433005
-0.0440467
-0.043605
-0.0436513
-0.0434317
-0.0438185
-0.0437223
-0.0434946
-0.0436143
-0.0435332
-0.0436961
-0.043672
-0.0436345
-0.0436275
-0.0436738
-0.043683
-0.0436302
-0.0433673
-0.0437853
-0.0436995
-0.0437503
-0.0436405
-0.0436226
-0.0437194
-0.043536
-0.0436801
-0.0435692
-0.043572
-0.0435386
-0.0435885
-0.0435983
-0.0432091
-0.0438501
-0.0434244
-0.0435797
-0.0437031
-0.0436882
-0.0435937
-0.043644
-0.0436197
-0.0435742
-0.0436658
-0.0436494
-0.0436825
-0.0436652
-0.0435598
-0.043733
-0.0436541
-0.0437289
-0.0435913
-0.0436513
-0.0436926
-0.0435453
-0.0437053
-0.0436815
-0.043745
-0.0435622
-0.043634
-0.0436763
-0.0434265
-0.0440279
-0.0441428
-0.0442072
-0.0436014
-0.0436173
-0.0438776
-0.0436958
-0.0442846
-0.0436355
-0.0441397
-0.0433979
-0.0441342
-0.0440968
-0.0436953
-0.0435136
-0.0434067
-0.0437916
-0.0434108
-0.0438434
-0.0436156
-0.0442014
-0.0439411
-0.044542
-0.0437938
-0.0441363
-0.0438115
-0.0439454
-0.043782
-0.0440254
-0.0436775
-0.0440645
-0.0436682
-0.0440026
-0.0438866
-0.0433857
-0.0433639
-0.0434777
-0.0434171
-0.043471
-0.0433543
-0.0433999
-0.0430925
-0.0449939
-0.043548
-0.0437998
-0.0436729
-0.0433175
-0.0436665
-0.0438343
-0.0439676
-0.0436102
-0.0438336
-0.0437993
-0.0437353
-0.0438912
-0.0435785
-0.043775
-0.0436818
-0.0437192
-0.043701
-0.0436787
-0.0436629
-0.0434778
-0.0436887
-0.0434843
-0.043762
-0.0438075
-0.043747
-0.0436105
-0.0437064
-0.0434307
-0.04379
-0.0436495
-0.0435994
-0.0436184
-0.0437761
-0.0435274
-0.0433113
-0.0438125
-0.0440191
-0.0438009
-0.0436835
-0.0437764
-0.0431198
-0.0439563
-0.0445191
-0.0438004
-0.0447197
-0.0444492
-0.0435962
-0.0446821
-0.042999
-0.0428416
-0.0429895
-0.0440579
-0.0438997
-0.0440831
-0.0438268
-0.0436193
-0.0434862
-0.0439287
-0.0434356
-0.0438347
-0.0437966
-0.0433448
-0.0436918
-0.0436376
-0.0436399
-0.0434311
-0.0437251
-0.0437877
-0.0437839
-0.0437323
-0.0436625
-0.043861
-0.0435715
-0.0438471
-0.0438144
-0.0438684
-0.0419445
-0.0430405
-0.0436542
-0.0436351
-0.0437399
-0.0438438
-0.0421193
-0.0440832
-0.0443552
-0.0437376
-0.0431851
-0.0445701
-0.0444901
-0.0444205
-0.0435624
-0.0437537
-0.0439018
-0.0431917
-0.0436722
-0.0437911
-0.0441186
-0.0438562
-0.0426211
-0.0432457
-0.0434772
-0.0438031
-0.0435057
-0.0445879
-0.0433833
-0.0427476
-0.0433746
-0.044322
-0.0441703
-0.0440207
-0.0453122
-0.0456638
-0.044224
-0.0458337
-0.0438603
-0.0459102
-0.046172
-0.0407436
-0.0411656
-0.0400088
-0.0425021
-0.0429841
-0.0449237
-0.0434279
-0.04302
-0.0429274
-0.0414073
-0.0446449
-0.0428194
-0.0434723
-0.0447552
-0.0430361
-0.0444471
-0.0443628
-0.0445776
-0.0438423
-0.0433231
-0.0444498
-0.0429902
-0.0430184
-0.0436011
-0.0443729
-0.0444029
-0.0445738
-0.0433261
-0.043291
-0.0437543
-0.0426365
-0.0439046
-0.0425327
-0.0431858
-0.0434622
-0.0440177
-0.0432121
-0.0424815
-0.0439297
-0.0430132
-0.0440632
-0.043911
-0.0419934
-0.0436318
-0.0427034
-0.0436106
-0.0421616
-0.0430443
-0.0432628
-0.0396803
-0.0395781
-0.0389433
-0.0416178
-0.0388671
-0.0409181
-0.0397803
-0.0420596
-0.0427169
-0.0396372
-0.0440836
-0.0423125
-0.0402794
-0.0428787
-0.0241877
-0.024017
-0.0101817
-0.0305422
-0.0230672
-0.0234482
-0.0297524
-0.0313314
-0.0279197
-0.0282515
-0.033528
-0.0357224
-0.0359401
-0.0332247
-0.0303321
-0.0376253
-0.0322825
-0.035531
-0.0294655
-0.0350749
-0.0369665
-0.00922808
-0.0218838
-0.0220711
-0.0222081
-0.0224513
-0.0286582
-0.0283337
-0.0405042
-0.040129
-0.0373595
-0.0400485
-0.037791
-0.0418842
-0.0432338
-0.0395796
-0.035939
-0.0358988
-0.0383809
-0.0376722
-0.0410691
-0.0410512
-0.0368255
-0.0388321
-0.0371272
-0.0392286
-0.0382778
-0.0388292
-0.0379669
-0.0374667
-0.035475
-0.0390863
-0.037635
-0.037908
-0.0382035
-0.0388513
-0.0241262
-0.0242705
-0.0103014
-0.0307483
-0.0236096
-0.0232327
-0.0300481
-0.00938495
-0.0222946
-0.0221302
-0.0226512
-0.0224248
-0.029022
-0.0287365
-0.0241864
-0.0101803
-0.0240149
-0.0230675
-0.0305425
-0.0234476
-0.0297534
-0.0279201
-0.0313298
-0.0282514
-0.0335271
-0.0357247
-0.0359384
-0.0332266
-0.00922782
-0.0218846
-0.0220714
-0.0222088
-0.0224508
-0.028659
-0.0283342
-0.0303313
-0.0376287
-0.0322809
-0.0355339
-0.0294655
-0.0350765
-0.0369673
-0.0405765
-0.0401681
-0.0373894
-0.0400597
-0.0378381
-0.0419274
-0.0433128
-0.0395825
-0.0359194
-0.035963
-0.0383936
-0.0377106
-0.0411046
-0.0410712
-0.036776
-0.0387824
-0.037084
-0.0382365
-0.0391992
-0.0387863
-0.0379137
-0.0374677
-0.0391142
-0.035451
-0.0378806
-0.037627
-0.0381742
-0.0388585
-0.0440638
-0.0440794
-0.0437233
-0.0439555
-0.0443572
-0.0439664
-0.0439648
-0.0444088
-0.043213
-0.0432314
-0.0424676
-0.0446494
-0.0438986
-0.0439081
-0.0439263
-0.0431825
-0.0424727
-0.0434679
-0.0431548
-0.0440375
-0.0437764
-0.0449988
-0.0449326
-0.0444663
-0.0444057
-0.044868
-0.0451027
-0.0455031
-0.0408595
-0.0412152
-0.0400809
-0.0425197
-0.0431242
-0.0451143
-0.0435722
-0.0452531
-0.0454404
-0.0441281
-0.0456981
-0.0438661
-0.0459483
-0.0460786
-0.0439567
-0.0414957
-0.0428491
-0.0434499
-0.0446138
-0.0434458
-0.0448383
-0.0440107
-0.0432049
-0.0424872
-0.0430114
-0.0439244
-0.0440647
-0.0439065
-0.044429
-0.0430314
-0.0443466
-0.0445649
-0.0438351
-0.04444
-0.043324
-0.0432813
-0.0437486
-0.0426354
-0.0425218
-0.0438926
-0.0431836
-0.0434602
-0.0429967
-0.0430149
-0.043595
-0.0443877
-0.0443505
-0.0445531
-0.0433349
-0.0396348
-0.0395303
-0.0389013
-0.0388337
-0.0415821
-0.0408877
-0.0397367
-0.041977
-0.0436242
-0.042692
-0.0421412
-0.0435995
-0.0430237
-0.0432429
-0.0420509
-0.0396005
-0.0426944
-0.0402506
-0.042284
-0.0440711
-0.0428553
-0.0434097
-0.0441652
-0.0440383
-0.0436139
-0.0442073
-0.0436332
-0.0438977
-0.0437201
-0.0435328
-0.04344
-0.043818
-0.0434356
-0.0438721
-0.0436351
-0.0436868
-0.0442755
-0.0436189
-0.0441385
-0.0433871
-0.0441225
-0.0440846
-0.0439058
-0.0439103
-0.0440127
-0.0440266
-0.0438131
-0.0439932
-0.0437951
-0.0441047
-0.0438054
-0.0435207
-0.0436097
-0.0440301
-0.0435633
-0.0438043
-0.0439765
-0.0440448
-0.0458593
-0.0444748
-0.0438253
-0.0443058
-0.0437663
-0.0442104
-0.0439354
-0.0445488
-0.0441374
-0.0437943
-0.0438178
-0.0439551
-0.0433802
-0.0433626
-0.0434687
-0.0434096
-0.0434594
-0.0433398
-0.0433931
-0.0437605
-0.0440033
-0.0436606
-0.0440392
-0.0436547
-0.0439787
-0.0438664
-0.0430898
-0.0435384
-0.0449835
-0.0436636
-0.0437753
-0.0433078
-0.0436488
-0.0438211
-0.0439569
-0.0436079
-0.043785
-0.0438286
-0.0437281
-0.0438807
-0.0435861
-0.0436766
-0.0437722
-0.043691
-0.0437231
-0.0436786
-0.0436646
-0.0434843
-0.0436799
-0.0434698
-0.0437627
-0.0438113
-0.0437445
-0.0436006
-0.0437134
-0.0437938
-0.0434235
-0.0436514
-0.0436032
-0.0436228
-0.0437821
-0.0442992
-0.0434942
-0.0435332
-0.0440322
-0.0433112
-0.0437684
-0.0438923
-0.0433332
-0.0435236
-0.0438162
-0.0440447
-0.0438048
-0.0437939
-0.0436799
-0.0446194
-0.0430124
-0.0428026
-0.0440561
-0.0430495
-0.0438811
-0.0441282
-0.0431751
-0.0440239
-0.0445861
-0.0447816
-0.0438483
-0.0444345
-0.0436559
-0.0437829
-0.0437177
-0.0436637
-0.0435578
-0.0438477
-0.0438419
-0.0438177
-0.0433644
-0.0437064
-0.0436678
-0.0434437
-0.0436948
-0.043788
-0.0437956
-0.0438263
-0.0430422
-0.0418653
-0.0436838
-0.0436098
-0.0436771
-0.043882
-0.0436216
-0.0437452
-0.0434721
-0.0434742
-0.0437397
-0.0436352
-0.0434926
-0.0434084
-0.0438395
-0.0437436
-0.0437703
-0.0436684
-0.0435991
-0.0437192
-0.0452759
-0.0448832
-0.0447365
-0.0453564
-0.0445941
-0.0457355
-0.0457008
-0.0435551
-0.043144
-0.0414819
-0.0452594
-0.0433094
-0.0454383
-0.0438305
-0.0447358
-0.0458086
-0.0447949
-0.0455485
-0.0458696
-0.0445218
-0.0457852
-0.0442531
-0.0415329
-0.0436153
-0.0454837
-0.0436585
-0.0436436
-0.0461899
-0.0448979
-0.044669
-0.0441344
-0.0447686
-0.0442033
-0.0457473
-0.045845
-0.0445605
-0.0447529
-0.0440424
-0.0447151
-0.0441904
-0.0455147
-0.0453626
-0.0451394
-0.0442107
-0.0436552
-0.0452203
-0.0436973
-0.045348
-0.0451127
-0.0443266
-0.0449442
-0.0439664
-0.0451559
-0.0439493
-0.0453973
-0.0453955
-0.0451744
-0.0441921
-0.0440846
-0.0447533
-0.043964
-0.0447457
-0.0450209
-0.0417045
-0.041355
-0.03919
-0.0417381
-0.0435355
-0.0441909
-0.0421979
-0.0441088
-0.0444461
-0.042866
-0.0445914
-0.0436371
-0.0439498
-0.0444652
-0.0421107
-0.0403183
-0.0419222
-0.0442436
-0.0430226
-0.0436005
-0.0427016
-0.0379448
-0.0345275
-0.0341899
-0.0370005
-0.0347064
-0.0380225
-0.038974
-0.0417667
-0.0383005
-0.0377371
-0.0407063
-0.0369101
-0.0403681
-0.0413813
-0.0368891
-0.0387643
-0.037858
-0.038752
-0.0394887
-0.0366257
-0.03941
-0.0360988
-0.0362647
-0.035827
-0.0394559
-0.0416211
-0.0415877
-0.040135
-0.0362718
-0.0316003
-0.0305351
-0.0367618
-0.0309333
-0.0394847
-0.0389885
-0.0297222
-0.035997
-0.0307675
-0.0357233
-0.0308042
-0.0388494
-0.0391671
-0.0407704
-0.0384817
-0.0378652
-0.041455
-0.0407889
-0.0405532
-0.0397776
-0.0373507
-0.0355774
-0.0324161
-0.0372396
-0.0353675
-0.0365714
-0.0370753
-0.0322942
-0.0370737
-0.035467
-0.0371014
-0.035614
-0.0366987
-0.0367114
-0.0362613
-0.03053
-0.0315926
-0.0367662
-0.0309251
-0.0394839
-0.0389845
-0.0297175
-0.0359944
-0.0307652
-0.0357263
-0.0307951
-0.0388484
-0.0391657
-0.0379428
-0.0341852
-0.0345182
-0.0369969
-0.0346945
-0.038018
-0.0389721
-0.0417659
-0.0377284
-0.0382986
-0.0369024
-0.0407117
-0.0403681
-0.041378
-0.0360944
-0.0362549
-0.0358189
-0.0394528
-0.0416225
-0.0401348
-0.041584
-0.0368846
-0.0387605
-0.0378585
-0.0387582
-0.0366197
-0.0394939
-0.0394135
-0.0422923
-0.0384754
-0.0398446
-0.0366557
-0.0422299
-0.0439664
-0.0415894
-0.0408163
-0.0378584
-0.0384842
-0.0414115
-0.0408141
-0.0405915
-0.039804
-0.0380511
-0.0342341
-0.0333281
-0.0373335
-0.0350086
-0.0393002
-0.0392069
-0.0409832
-0.0358923
-0.0364789
-0.0398214
-0.0352845
-0.0393892
-0.0400928
-0.0359126
-0.0376903
-0.0355344
-0.0390315
-0.038761
-0.03932
-0.0381173
-0.031863
-0.0373892
-0.0355649
-0.0391142
-0.0366663
-0.035624
-0.0389449
-0.0448373
-0.0440497
-0.0446061
-0.0447033
-0.0441424
-0.0457172
-0.0458452
-0.0445025
-0.0446927
-0.0439972
-0.0446508
-0.0441364
-0.0454706
-0.0453145
-0.045172
-0.0440726
-0.0441878
-0.0447649
-0.0439686
-0.0447637
-0.0450199
-0.0417655
-0.0392336
-0.0414101
-0.0435953
-0.0417808
-0.0442356
-0.042245
-0.0421249
-0.0403385
-0.0419521
-0.0442759
-0.0430423
-0.0436215
-0.0427347
-0.044119
-0.044481
-0.0429063
-0.043998
-0.0446145
-0.0436593
-0.0444982
-0.0434411
-0.0438672
-0.0436146
-0.0438614
-0.0437228
-0.0439245
-0.044017
-0.0442927
-0.0451138
-0.045061
-0.0445557
-0.0446201
-0.0444173
-0.0452209
-0.0432709
-0.0433025
-0.0433143
-0.0432316
-0.0432427
-0.0432277
-0.0433623
-0.0433528
-0.0435368
-0.0433254
-0.0433965
-0.0432567
-0.0434009
-0.0434199
-0.0443084
-0.0451419
-0.0450879
-0.0446451
-0.0445893
-0.0444405
-0.0452462
-0.043451
-0.0438738
-0.0436167
-0.043881
-0.043732
-0.0439353
-0.044022
-0.0436234
-0.0437327
-0.0437961
-0.0437604
-0.0436353
-0.0436836
-0.0437096
-0.0437121
-0.0434515
-0.0438911
-0.0435637
-0.0437491
-0.0434862
-0.043554
-0.0438417
-0.0438215
-0.043639
-0.0438691
-0.0440078
-0.0439425
-0.0438941
-0.0439954
-0.0437118
-0.0436115
-0.0436091
-0.0437719
-0.0437196
-0.043802
-0.0438659
-0.0435677
-0.043571
-0.0436694
-0.0435279
-0.043702
-0.043687
-0.0436407
-0.0435051
-0.0434485
-0.0437461
-0.0436468
-0.0436545
-0.0435521
-0.0436825
-0.0437502
-0.0433946
-0.0436599
-0.0435836
-0.0434678
-0.0434855
-0.0434585
-0.0436342
-0.0436344
-0.0434895
-0.0435775
-0.043576
-0.0436265
-0.0436649
-0.0436338
-0.0435216
-0.0438602
-0.0436393
-0.0437245
-0.043624
-0.0437179
-0.0440919
-0.0436652
-0.0436786
-0.0438298
-0.0438051
-0.0437758
-0.043669
-0.0439403
-0.0436369
-0.0436845
-0.0436513
-0.043686
-0.043779
-0.0436268
-0.0437395
-0.0437744
-0.0437614
-0.0436169
-0.0436743
-0.0437049
-0.0438289
-0.0436627
-0.0438223
-0.0439936
-0.0438411
-0.0439203
-0.0438967
-0.0437175
-0.0437835
-0.0434288
-0.0436198
-0.0436876
-0.0434939
-0.0435199
-0.0438197
-0.0436659
-0.0438012
-0.043853
-0.0439394
-0.0438934
-0.0438769
-0.0437294
-0.0440014
-0.0436244
-0.0436102
-0.0437811
-0.0438171
-0.0437237
-0.0436617
-0.0435203
-0.0434686
-0.0437591
-0.0436616
-0.0436693
-0.0435671
-0.0438549
-0.0435555
-0.0435675
-0.0436726
-0.0435564
-0.0437045
-0.0436784
-0.0434552
-0.0436401
-0.043614
-0.043567
-0.0434693
-0.0435548
-0.0436089
-0.0437837
-0.0438064
-0.043744
-0.0437662
-0.0438458
-0.0438093
-0.0437415
-0.0437249
-0.0437088
-0.0437709
-0.0436548
-0.0438477
-0.0438036
-0.0437049
-0.0433537
-0.0433117
-0.0433945
-0.0433153
-0.0433012
-0.0432549
-0.0434039
-0.0434122
-0.0434343
-0.0435919
-0.0433068
-0.0434623
-0.0434522
-0.0435236
-0.0442191
-0.0450768
-0.045073
-0.0445415
-0.0445131
-0.0444025
-0.0452879
-0.043342
-0.0437997
-0.0435642
-0.0436691
-0.0437919
-0.0438871
-0.0439781
-0.0433306
-0.043292
-0.0433713
-0.0432919
-0.0432977
-0.0432447
-0.0433804
-0.0434176
-0.0435926
-0.0434418
-0.0433065
-0.0434684
-0.0434559
-0.0435259
-0.043653
-0.0438233
-0.0437132
-0.0438359
-0.0437172
-0.0438331
-0.0437936
-0.0437003
-0.0437501
-0.0436634
-0.0437925
-0.0437223
-0.0438038
-0.0437397
-0.0438085
-0.0438207
-0.0437643
-0.0437883
-0.0438582
-0.0438201
-0.0437648
-0.0437386
-0.0437782
-0.0437327
-0.0436661
-0.0438604
-0.0438166
-0.0437352
-0.0436213
-0.0436577
-0.0437798
-0.0437679
-0.0436928
-0.043803
-0.0437433
-0.0436739
-0.0436503
-0.0437143
-0.0436745
-0.0437733
-0.0437923
-0.0437178
-0.0436765
-0.0436113
-0.0437018
-0.0437543
-0.0436835
-0.043727
-0.0436582
-0.0437239
-0.0437356
-0.0437727
-0.0438473
-0.0436993
-0.043803
-0.0437291
-0.0434344
-0.0434294
-0.043547
-0.0434871
-0.0432926
-0.0434365
-0.0434758
-0.0432419
-0.0432355
-0.0432437
-0.0432411
-0.0431878
-0.0432041
-0.0433074
-0.0429424
-0.043265
-0.0433367
-0.0433636
-0.0433137
-0.04357
-0.0436853
-0.043915
-0.0447959
-0.0448859
-0.0441627
-0.044308
-0.0441147
-0.0451183
-0.0434404
-0.0435533
-0.0434343
-0.0433
-0.0434988
-0.0434454
-0.0434803
-0.0432501
-0.0432448
-0.0432544
-0.0431975
-0.0432497
-0.0432137
-0.0433179
-0.0429605
-0.0433322
-0.0432574
-0.0433418
-0.0433602
-0.0435841
-0.0436834
-0.043954
-0.0448554
-0.0449287
-0.0442237
-0.044358
-0.0441489
-0.0451613
-0.0436441
-0.0438059
-0.0436671
-0.0437114
-0.0437849
-0.0438137
-0.043756
-0.0436939
-0.0436612
-0.0437234
-0.0437979
-0.0436811
-0.0438072
-0.0437232
-0.0436523
-0.0436796
-0.0436057
-0.0436509
-0.0437423
-0.0437031
-0.0436519
-0.0436944
-0.0437167
-0.0437515
-0.0438227
-0.0436709
-0.0437738
-0.0437153
-0.0435442
-0.0438727
-0.043579
-0.0436956
-0.0435201
-0.0437108
-0.0436993
-0.0434995
-0.0436402
-0.0434502
-0.0437391
-0.0436025
-0.0435355
-0.0436547
-0.0440188
-0.0437258
-0.0436526
-0.0436316
-0.0437744
-0.0437388
-0.0438133
-0.0438499
-0.0437641
-0.0436893
-0.0438484
-0.0439667
-0.043932
-0.0439072
-0.0436974
-0.0433983
-0.0438266
-0.043592
-0.0437171
-0.0435252
-0.043582
-0.0438179
-0.0437139
-0.0436993
-0.0440399
-0.0438063
-0.0439316
-0.0439163
-0.0436166
-0.043836
-0.0437446
-0.0437882
-0.043643
-0.0437187
-0.0437536
-0.0439332
-0.0436558
-0.0436444
-0.0436965
-0.043625
-0.0437806
-0.0437179
-0.0441525
-0.0437657
-0.043701
-0.0436978
-0.0439072
-0.0438203
-0.0438624
-0.0436822
-0.043679
-0.0435456
-0.0438964
-0.043667
-0.0436487
-0.0437707
-0.0438436
-0.0440144
-0.0435515
-0.0438925
-0.0436536
-0.0435726
-0.0436646
-0.0434582
-0.04361
-0.0435905
-0.0434286
-0.0435704
-0.0435047
-0.0435589
-0.0437016
-0.0434037
-0.0438316
-0.0437162
-0.043597
-0.0435302
-0.0435896
-0.0435013
-0.0436417
-0.0434522
-0.0437351
-0.0436003
-0.0435296
-0.0436529
-0.0435325
-0.0438678
-0.0435678
-0.0436869
-0.0435461
-0.0436979
-0.0437021
-0.0437192
-0.0440159
-0.043648
-0.0436201
-0.0437749
-0.0438079
-0.0437368
-0.0438249
-0.0437638
-0.0436877
-0.043819
-0.0439365
-0.0438985
-0.0438909
-0.0438255
-0.0437133
-0.0437481
-0.0440188
-0.0438152
-0.0439155
-0.0439083
-0.0438363
-0.0440203
-0.0435311
-0.0438815
-0.0436579
-0.0435669
-0.0436502
-0.0436257
-0.0438289
-0.0437611
-0.0436361
-0.0437689
-0.0436963
-0.0437418
-0.0441132
-0.0437719
-0.0436947
-0.0436722
-0.0438856
-0.0437909
-0.0438492
-0.043937
-0.0436664
-0.0436486
-0.0437063
-0.0436573
-0.0437886
-0.0437154
-0.0436764
-0.0436494
-0.043536
-0.0438705
-0.043665
-0.0437515
-0.0436286
-0.0431178
-0.043357
-0.0435232
-0.0434965
-0.0434529
-0.0436612
-0.0437214
-0.0439182
-0.0448211
-0.0448325
-0.044232
-0.0443045
-0.0441433
-0.0450999
-0.043645
-0.0436722
-0.0438606
-0.0437319
-0.043561
-0.0436788
-0.0437535
-0.0435767
-0.0435805
-0.0436107
-0.0435612
-0.0435512
-0.0435066
-0.0436401
-0.0438739
-0.0447132
-0.0447416
-0.0442635
-0.0441893
-0.0441021
-0.0450111
-0.0431203
-0.0433555
-0.0435107
-0.0434581
-0.0434885
-0.0436513
-0.0437087
-0.0435773
-0.043567
-0.0436126
-0.0435562
-0.0435575
-0.0435061
-0.0436425
-0.0436474
-0.0436702
-0.0438746
-0.0437299
-0.0435653
-0.0436784
-0.0437598
-0.0436167
-0.0439716
-0.0438
-0.0436736
-0.0429887
-0.0439444
-0.0431877
-0.0441627
-0.0434014
-0.0437415
-0.0430839
-0.043777
-0.0432444
-0.0438777
-0.0439984
-0.04353
-0.0438833
-0.0432196
-0.0446818
-0.0432979
-0.0445374
-0.0436416
-0.0438537
-0.0439169
-0.0437046
-0.0436677
-0.043528
-0.0437811
-0.0437218
-0.0439575
-0.0440029
-0.0437159
-0.0437068
-0.0436874
-0.0437332
-0.0437506
-0.0437202
-0.0436714
-0.0437881
-0.0437241
-0.0436533
-0.0437214
-0.0437212
-0.0437095
-0.0436997
-0.043737
-0.0437523
-0.0437616
-0.0437011
-0.0437012
-0.0437623
-0.0437595
-0.0437935
-0.0437523
-0.0437692
-0.0437286
-0.0438176
-0.0441995
-0.0441346
-0.0438742
-0.0438356
-0.0440422
-0.0440309
-0.0444461
-0.0448992
-0.0449013
-0.0449968
-0.0448274
-0.0446656
-0.0449351
-0.0451805
-0.0446672
-0.044404
-0.0452554
-0.0449194
-0.0452309
-0.0450799
-0.0443647
-0.0442409
-0.0448757
-0.0442036
-0.0446028
-0.044265
-0.044477
-0.0437913
-0.043781
-0.0437911
-0.0438247
-0.043792
-0.0438024
-0.0438304
-0.0436586
-0.0437191
-0.0436717
-0.0437556
-0.0436733
-0.0436389
-0.0437205
-0.0434742
-0.0437579
-0.0437112
-0.0436161
-0.0439029
-0.0435102
-0.0437014
-0.043801
-0.0438535
-0.0438804
-0.0438573
-0.0438158
-0.0438906
-0.0438607
-0.0437693
-0.043814
-0.0437992
-0.0438745
-0.0437536
-0.0438155
-0.0438036
-0.0437229
-0.0437398
-0.0437311
-0.0437432
-0.0437376
-0.0437614
-0.0437855
-0.0436764
-0.0436767
-0.0436606
-0.0436731
-0.0437397
-0.043695
-0.0437567
-0.0438227
-0.0437396
-0.043752
-0.0438075
-0.0437805
-0.0438649
-0.0438711
-0.0427939
-0.0428457
-0.0430308
-0.0433294
-0.043262
-0.0436548
-0.0436705
-0.0442226
-0.0435863
-0.0440089
-0.0438385
-0.0436953
-0.0439995
-0.0435923
-0.0436187
-0.043635
-0.043624
-0.043598
-0.043638
-0.0436622
-0.0436509
-0.0437323
-0.043711
-0.0436686
-0.0436948
-0.0436944
-0.0437895
-0.0436775
-0.0436548
-0.0437246
-0.0436675
-0.0436897
-0.0437019
-0.043644
-0.0437801
-0.0437301
-0.043692
-0.0436935
-0.0437342
-0.0436926
-0.0437607
-0.0437641
-0.0440831
-0.0437834
-0.0441081
-0.0438669
-0.043768
-0.0438065
-0.0438172
-0.0435739
-0.0436185
-0.0435843
-0.0435116
-0.0435887
-0.0435998
-0.0435897
-0.043705
-0.0437066
-0.0436458
-0.0436503
-0.0437127
-0.0437286
-0.0436575
-0.0437188
-0.0437425
-0.0437269
-0.0437443
-0.043758
-0.0437097
-0.0437905
-0.0437191
-0.0437118
-0.0437177
-0.0437537
-0.0436962
-0.0436922
-0.0437288
-0.0437566
-0.0437319
-0.0437043
-0.0436885
-0.0436421
-0.0437281
-0.043825
-0.0435455
-0.04368
-0.043591
-0.0438071
-0.0435215
-0.043587
-0.0437105
-0.0445156
-0.0433605
-0.0445834
-0.0447393
-0.043887
-0.0443664
-0.0439805
-0.0449085
-0.0449792
-0.0450359
-0.045033
-0.0441834
-0.0441665
-0.0450304
-0.0437473
-0.0437877
-0.0437917
-0.0438314
-0.0438811
-0.0437954
-0.0438868
-0.0437647
-0.0438412
-0.0437993
-0.0438408
-0.0438401
-0.0437745
-0.0437597
-0.0436949
-0.04364
-0.0438412
-0.0437399
-0.0436941
-0.0438549
-0.0438155
-0.044568
-0.0448084
-0.0451166
-0.0455979
-0.0437433
-0.0456235
-0.0456068
-0.0440173
-0.0431315
-0.0451229
-0.0451233
-0.0437074
-0.0435039
-0.0455055
-0.0437544
-0.0437676
-0.0437692
-0.0437545
-0.0437899
-0.0437633
-0.0437852
-0.0437376
-0.0437374
-0.0436913
-0.0437089
-0.0437306
-0.0437574
-0.0437122
-0.0437946
-0.0437717
-0.0437691
-0.0438064
-0.0437826
-0.043798
-0.0438144
-0.0445483
-0.044311
-0.0445631
-0.0438801
-0.0447078
-0.0439105
-0.044765
-0.0450037
-0.0451971
-0.045456
-0.0454472
-0.0453709
-0.0446365
-0.0455695
-0.0440815
-0.0446593
-0.0446005
-0.0443206
-0.0439352
-0.0439939
-0.0445489
-0.0437097
-0.0437005
-0.0438072
-0.0437454
-0.0437745
-0.043622
-0.0437839
-0.0437081
-0.0437098
-0.0436986
-0.0437155
-0.0437292
-0.0437161
-0.0437024
-0.0433641
-0.0440867
-0.0440865
-0.0435305
-0.0442346
-0.0433861
-0.0434303
-0.0437919
-0.0439041
-0.0437265
-0.0437031
-0.0440721
-0.043732
-0.0436923
-0.0437034
-0.0437271
-0.0437748
-0.043723
-0.0437337
-0.043674
-0.0437641
-0.0436854
-0.0436692
-0.0437053
-0.0436915
-0.0436725
-0.0436658
-0.0437476
-0.0437181
-0.0436932
-0.0437136
-0.0436959
-0.0437078
-0.0437133
-0.0437323
-0.0437433
-0.0437279
-0.0437298
-0.043708
-0.0437019
-0.0437187
-0.0437609
-0.0422762
-0.0424241
-0.0442251
-0.0427971
-0.0431714
-0.0411656
-0.0438922
-0.0446177
-0.0441572
-0.0444942
-0.0447289
-0.0441769
-0.044975
-0.04463
-0.044605
-0.0452211
-0.0452754
-0.0444498
-0.045537
-0.0440017
-0.0448447
-0.0447167
-0.0450158
-0.0452462
-0.0452803
-0.0454693
-0.0442588
-0.0453268
-0.0442621
-0.043657
-0.0454957
-0.0454309
-0.0442966
-0.0438292
-0.0454087
-0.0446065
-0.0452191
-0.0444482
-0.0452821
-0.043999
-0.0455415
-0.044848
-0.0446227
-0.0441592
-0.0447402
-0.0444796
-0.0449818
-0.0441825
-0.0446372
-0.0442445
-0.043656
-0.0454217
-0.0454911
-0.0438151
-0.0442924
-0.0454012
-0.0446878
-0.0449613
-0.0452727
-0.0452559
-0.0442222
-0.0454633
-0.0453183
-0.0422166
-0.0423652
-0.0427398
-0.0441889
-0.0411027
-0.0431212
-0.0438457
-0.0437036
-0.0437247
-0.0437208
-0.0437736
-0.0436711
-0.0437341
-0.0437625
-0.0436847
-0.0436665
-0.0436894
-0.0437042
-0.0436625
-0.0436733
-0.0437463
-0.0437169
-0.04369
-0.0436943
-0.0437111
-0.0437097
-0.043707
-0.043732
-0.0437399
-0.0437225
-0.0437065
-0.0437289
-0.0437129
-0.0436985
-0.043761
-0.0437681
-0.0437351
-0.0437697
-0.0437863
-0.0437631
-0.0437778
-0.0437905
-0.0437947
-0.0437338
-0.0437377
-0.0438444
-0.0437539
-0.043839
-0.04381
-0.0437612
-0.043711
-0.0437206
-0.043749
-0.0437329
-0.043774
-0.0437483
-0.0437993
-0.0437184
-0.0437055
-0.0438279
-0.0437463
-0.0438365
-0.0438214
-0.0444868
-0.0450472
-0.0448767
-0.0451289
-0.0452304
-0.0451111
-0.0440601
-0.0441343
-0.0452418
-0.0455574
-0.0436108
-0.0452044
-0.0437394
-0.0442301
-0.0442729
-0.0440935
-0.0436014
-0.0443624
-0.0436416
-0.0444622
-0.0444668
-0.0445731
-0.0447528
-0.0451031
-0.0450485
-0.0449253
-0.0442123
-0.045179
-0.044122
-0.0452366
-0.043602
-0.0455108
-0.0437331
-0.0451893
-0.0442143
-0.0444754
-0.0450331
-0.0451108
-0.0448613
-0.0450949
-0.0452017
-0.0440426
-0.0446049
-0.0447432
-0.0450506
-0.0451314
-0.0441973
-0.0449374
-0.04522
-0.0443279
-0.0441654
-0.0444124
-0.0436556
-0.0444961
-0.0436918
-0.0445188
-0.0437735
-0.0437307
-0.0437911
-0.0437743
-0.0437824
-0.0437616
-0.0437955
-0.0437957
-0.043736
-0.0438468
-0.0437409
-0.0438401
-0.0437574
-0.043816
-0.043763
-0.0437127
-0.0437548
-0.0437235
-0.0437754
-0.0437369
-0.0437564
-0.0438049
-0.0437175
-0.0438366
-0.0437124
-0.0438422
-0.0437359
-0.0438334
-0.0437729
-0.0437381
-0.0437649
-0.0439777
-0.0436745
-0.0437576
-0.0440844
-0.0437815
-0.043748
-0.0437701
-0.0437488
-0.0437586
-0.0437713
-0.0437816
-0.0437434
-0.0436941
-0.0437293
-0.0437616
-0.0437374
-0.0437408
-0.043754
-0.0436955
-0.0436626
-0.0436927
-0.0437019
-0.043682
-0.0436729
-0.0437541
-0.0436952
-0.0436539
-0.0436473
-0.0437276
-0.0436475
-0.0437333
-0.0436906
-0.0437757
-0.0437512
-0.0437827
-0.0436837
-0.0437849
-0.0437345
-0.0437567
-0.0437458
-0.0437016
-0.0436873
-0.043727
-0.0437106
-0.0437342
-0.0437423
-0.0436078
-0.0436133
-0.043623
-0.0435969
-0.0436263
-0.0436378
-0.0436533
-0.0435978
-0.0435451
-0.0435801
-0.0436257
-0.043599
-0.0436514
-0.0435862
-0.0437806
-0.0437867
-0.0437552
-0.0436872
-0.0437896
-0.0437613
-0.0437384
-0.0437502
-0.0437048
-0.0437321
-0.0436916
-0.0437383
-0.0437143
-0.0437474
-0.0436068
-0.0435396
-0.04364
-0.0435865
-0.0436595
-0.0436013
-0.0435962
-0.0437898
-0.0437819
-0.0437386
-0.0437523
-0.0437801
-0.0437892
-0.0437745
-0.0437501
-0.0436945
-0.0437685
-0.0437355
-0.0437459
-0.0437373
-0.0437621
-0.0437173
-0.0436416
-0.0437155
-0.0436416
-0.0437458
-0.0436526
-0.0437104
-0.0437297
-0.0437143
-0.0437482
-0.043671
-0.0437358
-0.0437153
-0.0437307
-0.0437252
-0.0436905
-0.0437125
-0.0437222
-0.043707
-0.0437367
-0.043712
-0.0436812
-0.0436493
-0.0437267
-0.0436635
-0.0436941
-0.0436588
-0.0437188
-0.0437056
-0.043726
-0.043664
-0.0436905
-0.0437078
-0.0437583
-0.0436816
-0.0437349
-0.0436819
-0.0437263
-0.0436893
-0.0437255
-0.0436875
-0.0437354
-0.0437275
-0.0436316
-0.0436508
-0.0437496
-0.0436727
-0.04374
-0.0437454
-0.0435683
-0.0435758
-0.0436057
-0.0435227
-0.0435795
-0.0435868
-0.0435941
-0.0435764
-0.0435773
-0.04363
-0.0435568
-0.0436513
-0.0435782
-0.0435816
-0.0437401
-0.0437304
-0.0436847
-0.0436951
-0.0437288
-0.0437402
-0.0436946
-0.0437266
-0.04363
-0.0437562
-0.0436689
-0.0437411
-0.0436709
-0.0437484
-0.0435842
-0.0435758
-0.0435557
-0.0436364
-0.0435801
-0.0436651
-0.0435837
-0.0437387
-0.043752
-0.043717
-0.0436771
-0.0437398
-0.0437381
-0.0437225
-0.043724
-0.0436926
-0.0437349
-0.043716
-0.0437369
-0.0437087
-0.0437245
-0.0437248
-0.0437149
-0.0437194
-0.0436576
-0.0437773
-0.0437048
-0.0437034
-0.043255
-0.0439372
-0.0439486
-0.043517
-0.0440924
-0.0434251
-0.043361
-0.0437537
-0.0437707
-0.0437831
-0.0437349
-0.0437981
-0.0437616
-0.0437661
-0.0437685
-0.0437403
-0.0438364
-0.0437234
-0.0438113
-0.0437567
-0.0438172
-0.0437274
-0.0436855
-0.0437362
-0.0436723
-0.0437305
-0.0436922
-0.043745
-0.0437315
-0.0437098
-0.0437823
-0.0436888
-0.043753
-0.0437073
-0.0437816
-0.0443898
-0.0438888
-0.0444272
-0.0442025
-0.0446654
-0.0438821
-0.0443889
-0.0445143
-0.0450074
-0.0450295
-0.0444523
-0.0452354
-0.0447002
-0.0440408
-0.0440117
-0.0451239
-0.0431203
-0.0451223
-0.0436903
-0.0455126
-0.0434959
-0.0445179
-0.0450307
-0.0450097
-0.0444538
-0.0452361
-0.0440428
-0.0447046
-0.0443939
-0.0444295
-0.0438899
-0.0442049
-0.0446666
-0.0443939
-0.0438856
-0.0445468
-0.0450981
-0.0447931
-0.0455729
-0.0437364
-0.0455814
-0.0455996
-0.0437711
-0.043814
-0.0437413
-0.0437195
-0.0437989
-0.0437922
-0.0437663
-0.0437324
-0.0437876
-0.043712
-0.0436947
-0.0437513
-0.043781
-0.0437132
-0.0437008
-0.0438039
-0.0436973
-0.0437454
-0.0437691
-0.0437821
-0.0436211
-0.0436519
-0.0436974
-0.0436662
-0.0436825
-0.0437308
-0.0436871
-0.0436198
-0.0437004
-0.0436801
-0.0437078
-0.0437082
-0.0437264
-0.0436927
-0.0437077
-0.0437023
-0.0436969
-0.0437102
-0.04376
-0.0437352
-0.0437173
-0.0437234
-0.044341
-0.0447809
-0.0448525
-0.0446335
-0.0449
-0.0449626
-0.0439237
-0.0440461
-0.0452947
-0.0451064
-0.0435477
-0.0450518
-0.0441606
-0.0436529
-0.0450164
-0.0454639
-0.0451982
-0.0454498
-0.0453885
-0.0455738
-0.0446494
-0.0440511
-0.0451084
-0.0452949
-0.0435493
-0.0450568
-0.0436541
-0.0441635
-0.0443445
-0.0448542
-0.0447927
-0.0446484
-0.0449082
-0.0439303
-0.0449877
-0.0445395
-0.0445614
-0.0443124
-0.043883
-0.0446916
-0.0447687
-0.0439073
-0.0436628
-0.0436685
-0.0437085
-0.0436899
-0.0437368
-0.0436233
-0.0436983
-0.0437165
-0.0437162
-0.0437123
-0.0437661
-0.0437472
-0.0437334
-0.0437297
-0.0437082
-0.0437862
-0.0436679
-0.0437139
-0.0437287
-0.0437189
-0.0438391
-0.0437238
-0.0438945
-0.0438104
-0.0437065
-0.0441751
-0.043744
-0.043865
-0.0438655
-0.0436496
-0.0439307
-0.0437148
-0.0436745
-0.0437896
-0.0435345
-0.043989
-0.0436113
-0.0439337
-0.0437701
-0.0437416
-0.043755
-0.0437282
-0.0439643
-0.0437391
-0.0440151
-0.0437254
-0.0437131
-0.0437397
-0.0436972
-0.0441802
-0.0436165
-0.0440157
-0.0438042
-0.0438029
-0.0440084
-0.0436547
-0.043798
-0.0438418
-0.0438611
-0.0441157
-0.0437501
-0.0439064
-0.0438473
-0.0439997
-0.0439511
-0.0440468
-0.0439833
-0.0443404
-0.0442698
-0.0440695
-0.0451158
-0.0443239
-0.0449079
-0.0447145
-0.044253
-0.0448853
-0.044247
-0.0434038
-0.0444816
-0.0446261
-0.0448467
-0.0438705
-0.0440833
-0.0443866
-0.044945
-0.0451418
-0.0451838
-0.045243
-0.0442656
-0.0442132
-0.0452613
-0.0435323
-0.0439962
-0.0438843
-0.0432215
-0.0446795
-0.0445466
-0.0432944
-0.0451422
-0.0449392
-0.0451787
-0.0452403
-0.0442661
-0.0452599
-0.0442129
-0.0444728
-0.0434001
-0.0446179
-0.0448411
-0.0438646
-0.0443796
-0.0440808
-0.0433863
-0.0441047
-0.0437184
-0.04307
-0.0437534
-0.0438618
-0.0432194
-0.0437331
-0.0439052
-0.0438427
-0.0437124
-0.0441732
-0.0437552
-0.0438706
-0.0436297
-0.0437663
-0.043769
-0.0437183
-0.0436134
-0.0436362
-0.0437932
-0.0437042
-0.0437857
-0.0436645
-0.04371
-0.043726
-0.0437146
-0.0438385
-0.0436008
-0.0439939
-0.0439081
-0.0437605
-0.0437363
-0.0437216
-0.0437507
-0.0435938
-0.044164
-0.0440005
-0.0437916
-0.0437822
-0.0436392
-0.043996
-0.0451251
-0.0443356
-0.0449284
-0.0447204
-0.0442556
-0.0448823
-0.044255
-0.0437923
-0.0438446
-0.0438598
-0.0441154
-0.0437462
-0.0439009
-0.0438484
-0.0438485
-0.0438518
-0.0438979
-0.0438671
-0.0438526
-0.0438812
-0.0438783
-0.0438185
-0.0438576
-0.0438587
-0.0438698
-0.0438488
-0.0438453
-0.0438521
-0.0438407
-0.0437879
-0.0438248
-0.0438738
-0.0439148
-0.0439301
-0.0438317
-0.0437455
-0.0437303
-0.043738
-0.0437546
-0.0437756
-0.0438029
-0.0437206
-0.0437147
-0.0437342
-0.043723
-0.0437448
-0.0437084
-0.0437269
-0.0437407
-0.043719
-0.0437275
-0.0437348
-0.0437679
-0.0437024
-0.0437387
-0.0436978
-0.0437011
-0.0436987
-0.0437012
-0.0437086
-0.0437556
-0.0437565
-0.0436834
-0.0438112
-0.0437686
-0.0438139
-0.043859
-0.0437504
-0.0437995
-0.0438079
-0.0437668
-0.0437476
-0.0436896
-0.0437738
-0.0437229
-0.0437808
-0.0437271
-0.0436782
-0.043723
-0.043716
-0.0437605
-0.0437518
-0.0436959
-0.0437826
-0.0439708
-0.0439873
-0.043866
-0.0443051
-0.0439245
-0.0441935
-0.0439341
-0.0442334
-0.0449983
-0.0448722
-0.0445428
-0.0440475
-0.0440629
-0.0447014
-0.0437657
-0.0438107
-0.0438185
-0.044099
-0.0436772
-0.0437321
-0.043955
-0.0437474
-0.0434619
-0.0437097
-0.0436093
-0.0438849
-0.0436885
-0.0435027
-0.0436132
-0.0436164
-0.0435849
-0.0436478
-0.043566
-0.0436298
-0.0436515
-0.0442009
-0.0431042
-0.0436964
-0.0431862
-0.0436409
-0.0433975
-0.043585
-0.043997
-0.0432425
-0.0438636
-0.0434578
-0.044509
-0.043599
-0.0443869
-0.0434853
-0.0445445
-0.0445773
-0.0447262
-0.043976
-0.0440826
-0.0443864
-0.0450254
-0.044964
-0.04504
-0.0449932
-0.0441235
-0.0449842
-0.0441315
-0.0439949
-0.0432467
-0.0438716
-0.0434638
-0.0445089
-0.0435985
-0.0443912
-0.0441948
-0.0431071
-0.0436987
-0.0431898
-0.0436339
-0.0434001
-0.0435853
-0.0449938
-0.0449818
-0.0450577
-0.0450003
-0.0440724
-0.0449705
-0.0441094
-0.0434702
-0.0445394
-0.0445874
-0.0447226
-0.0439473
-0.0440714
-0.0443505
-0.0450032
-0.044253
-0.0448891
-0.0445463
-0.0440624
-0.0446932
-0.0440808
-0.0439983
-0.0439672
-0.0438723
-0.0443177
-0.043926
-0.0441985
-0.0439406
-0.0437735
-0.0438144
-0.043822
-0.0441042
-0.043685
-0.0437518
-0.0439596
-0.0436286
-0.0435456
-0.0436528
-0.043606
-0.0435579
-0.0435685
-0.0436475
-0.0436223
-0.043626
-0.0435967
-0.0436558
-0.0435777
-0.0436392
-0.04366
-0.0438527
-0.0438267
-0.0438508
-0.0438698
-0.0438511
-0.0438507
-0.0438529
-0.0438493
-0.0437978
-0.0438516
-0.043874
-0.043916
-0.0439285
-0.0438278
-0.0437431
-0.0437261
-0.0437316
-0.0437493
-0.043779
-0.043805
-0.0437182
-0.0437123
-0.0437342
-0.0437255
-0.0437494
-0.0437002
-0.043722
-0.0437411
-0.0437228
-0.0437229
-0.0437326
-0.0437637
-0.0436981
-0.0437398
-0.0436916
-0.0437093
-0.0436971
-0.0437115
-0.0437151
-0.0437544
-0.0437603
-0.0436818
-0.0437503
-0.0437665
-0.0437005
-0.0437733
-0.043735
-0.0437961
-0.0437361
-0.0436739
-0.0437332
-0.0437121
-0.0437615
-0.0437729
-0.0436924
-0.0437923
-0.0437332
-0.0437046
-0.0437029
-0.0438413
-0.0436856
-0.0438366
-0.0436757
-0.0436623
-0.0436855
-0.0436978
-0.0438452
-0.0436201
-0.0436405
-0.0438247
-0.0437217
-0.0436535
-0.0436698
-0.0436902
-0.0437022
-0.0437787
-0.0436421
-0.0442162
-0.0435914
-0.0440078
-0.0438377
-0.0437024
-0.044002
-0.0435939
-0.0438377
-0.0440325
-0.0440362
-0.0437309
-0.0437213
-0.0436132
-0.0437907
-0.0439618
-0.0438453
-0.0440318
-0.0438013
-0.0437077
-0.0437724
-0.0436836
-0.0437271
-0.0439175
-0.0439871
-0.0437821
-0.0436779
-0.0437417
-0.0436952
-0.04383
-0.0440341
-0.0440372
-0.0437324
-0.04372
-0.0436125
-0.0437914
-0.043963
-0.0438616
-0.044038
-0.0438064
-0.0437033
-0.043776
-0.0436868
-0.0437387
-0.043916
-0.0439945
-0.043786
-0.0436811
-0.0437499
-0.043696
-0.0437374
-0.043699
-0.0437146
-0.0438498
-0.0436868
-0.0438428
-0.0436733
-0.0436571
-0.0436972
-0.043704
-0.0438519
-0.0436209
-0.0436398
-0.0438338
-0.0436815
-0.0436781
-0.043665
-0.0436782
-0.0437371
-0.0437015
-0.0437464
-0.0437187
-0.0436596
-0.0436801
-0.0437042
-0.0436887
-0.0437626
-0.0436629
-0.0436783
-0.0436551
-0.0436769
-0.0438336
-0.0436177
-0.0438179
-0.0436318
-0.0436895
-0.0436975
-0.0436807
-0.0438193
-0.0436748
-0.0436578
-0.0438116
-0.0436917
-0.04369
-0.0436721
-0.0436863
-0.0437365
-0.0437635
-0.0437001
-0.0440811
-0.0437834
-0.0441013
-0.0438611
-0.0437681
-0.0438039
-0.0438152
-0.0438454
-0.0439577
-0.0440901
-0.0438337
-0.0436793
-0.0437074
-0.0437732
-0.0437985
-0.0434933
-0.0437301
-0.0435666
-0.0435978
-0.043637
-0.0434597
-0.0432223
-0.0437732
-0.0436499
-0.0436415
-0.0434293
-0.0433933
-0.0437702
-0.0438466
-0.0439646
-0.0440949
-0.0438375
-0.0436834
-0.0437096
-0.0437811
-0.0437855
-0.0434691
-0.0437159
-0.043557
-0.0435856
-0.043631
-0.0434381
-0.0432074
-0.0437776
-0.0436401
-0.0436356
-0.0434172
-0.0433776
-0.0437666
-0.0436844
-0.0436531
-0.0436868
-0.0438431
-0.0436172
-0.0438205
-0.0436339
-0.0436875
-0.0437068
-0.0436866
-0.0438219
-0.0436752
-0.043658
-0.0438143
-0.0436714
-0.0437121
-0.0436794
-0.0437025
-0.0436893
-0.0436737
-0.0437588
-0.0436805
-0.0437024
-0.0436936
-0.0437066
-0.0437337
-0.0437454
-0.0437144
-0.0437521
-0.0437715
-0.0437703
-0.0438244
-0.0438775
-0.0437884
-0.0438842
-0.0438291
-0.0438682
-0.0438133
-0.0438134
-0.0438318
-0.0438335
-0.0438336
-0.0438098
-0.0438201
-0.0438249
-0.0438409
-0.0438241
-0.0438294
-0.0438137
-0.04372
-0.0437061
-0.0437071
-0.0437285
-0.0436975
-0.0437283
-0.0437189
-0.0436953
-0.0436941
-0.0436906
-0.04369
-0.0437683
-0.0436746
-0.0437599
-0.0437427
-0.0437044
-0.0437205
-0.0437681
-0.0437642
-0.0437849
-0.0437136
-0.0437821
-0.0437646
-0.0437768
-0.043857
-0.0437355
-0.04378
-0.0438164
-0.0437009
-0.0435856
-0.0436386
-0.0436949
-0.0435686
-0.0437514
-0.0435595
-0.0436314
-0.0435569
-0.0435973
-0.0435632
-0.0436521
-0.0435948
-0.0436209
-0.0437696
-0.0436162
-0.0437804
-0.0436503
-0.0439388
-0.0437079
-0.0435792
-0.0437786
-0.0438216
-0.0439419
-0.0437302
-0.0441603
-0.0439365
-0.0438657
-0.0442039
-0.0448567
-0.0446864
-0.0442714
-0.0438459
-0.0439434
-0.0444167
-0.044906
-0.0449775
-0.0450313
-0.0450304
-0.0441828
-0.0441644
-0.0450297
-0.0427519
-0.0433854
-0.0431875
-0.0427188
-0.0432481
-0.0432392
-0.0428552
-0.042998
-0.0435463
-0.0434765
-0.0429959
-0.0440255
-0.0439719
-0.0430565
-0.0445195
-0.0433684
-0.044589
-0.0447426
-0.0438906
-0.0443687
-0.0439859
-0.0429907
-0.04355
-0.0434696
-0.0429949
-0.044039
-0.0439709
-0.0430647
-0.0427455
-0.0433598
-0.0431797
-0.0427178
-0.0432336
-0.043232
-0.0428492
-0.0437013
-0.0435984
-0.0436433
-0.0437005
-0.0435701
-0.043754
-0.0435689
-0.0436177
-0.0437724
-0.0437841
-0.0436524
-0.0439411
-0.0435803
-0.0437104
-0.0435442
-0.0436756
-0.0435858
-0.0438067
-0.043525
-0.0435873
-0.04371
-0.044844
-0.0441993
-0.0446791
-0.0442695
-0.0438422
-0.0444069
-0.0439412
-0.0438399
-0.0438216
-0.0438923
-0.0438284
-0.0438486
-0.043837
-0.0438347
-0.0438259
-0.0438152
-0.0438436
-0.0438365
-0.0438177
-0.0438088
-0.0438206
-0.0437138
-0.0437412
-0.0437281
-0.0437472
-0.0437593
-0.043706
-0.0437968
-0.0437168
-0.0437093
-0.0437045
-0.0437314
-0.0436888
-0.0437253
-0.0437216
-0.0437182
-0.0437105
-0.0437204
-0.0437481
-0.0436896
-0.0436851
-0.0437271
-0.0436948
-0.0436844
-0.043684
-0.0436808
-0.0437627
-0.0436684
-0.0437501
-0.0437464
-0.0437039
-0.0437315
-0.0437564
-0.0437766
-0.0437756
-0.0437016
-0.0437594
-0.0437904
-0.0437675
-0.043858
-0.04374
-0.0438119
-0.0437864
-0.0437358
-0.0437453
-0.0437251
-0.0437503
-0.0437384
-0.0437888
-0.0437445
-0.0438231
-0.0437305
-0.0437251
-0.0439212
-0.0437191
-0.0438576
-0.0438235
-0.0440829
-0.044655
-0.0445782
-0.0443287
-0.0439453
-0.0440066
-0.0445466
-0.0441
-0.0434443
-0.0438973
-0.0438276
-0.0437921
-0.0440193
-0.0436315
-0.0440351
-0.0437196
-0.0439532
-0.0437615
-0.0437806
-0.0437983
-0.0436807
-0.0441306
-0.043961
-0.0441838
-0.0439536
-0.0438749
-0.0438631
-0.0439909
-0.0441572
-0.0441325
-0.0442059
-0.0439659
-0.0439591
-0.0439994
-0.043921
-0.0437868
-0.0438095
-0.0436933
-0.043733
-0.0438126
-0.0437786
-0.0438184
-0.0439742
-0.0437935
-0.0439572
-0.0438632
-0.044104
-0.0439049
-0.0438721
-0.0438895
-0.0431817
-0.0436714
-0.0433066
-0.0437068
-0.0434721
-0.043645
-0.0433335
-0.0440369
-0.0439039
-0.0435702
-0.0445371
-0.0444031
-0.0437
-0.0434873
-0.0444706
-0.0444275
-0.0446544
-0.0438815
-0.0440352
-0.0441558
-0.0448281
-0.0447907
-0.0448156
-0.044922
-0.0435783
-0.0436549
-0.0449418
-0.0440439
-0.0433422
-0.0439085
-0.0435771
-0.0445446
-0.0437078
-0.0444043
-0.0431727
-0.0438852
-0.0436678
-0.043305
-0.0437065
-0.0436415
-0.0434651
-0.0448127
-0.0448447
-0.0448381
-0.0449131
-0.04357
-0.0449534
-0.0436411
-0.0444889
-0.0435096
-0.0444572
-0.0446603
-0.0438897
-0.0441624
-0.0440382
-0.0439482
-0.0438732
-0.043901
-0.0441621
-0.0438321
-0.0440187
-0.043936
-0.0438239
-0.0437302
-0.0437279
-0.0439178
-0.0437206
-0.0438561
-0.0438188
-0.0434207
-0.0440747
-0.0438754
-0.0438192
-0.0437876
-0.0436238
-0.0440088
-0.0437022
-0.0440349
-0.0439393
-0.0437565
-0.0437864
-0.043675
-0.0437989
-0.0439907
-0.0441405
-0.0441955
-0.0439653
-0.0438894
-0.0440116
-0.0438687
-0.0441549
-0.044167
-0.0442164
-0.0439804
-0.0439721
-0.0439357
-0.0440122
-0.0439794
-0.0437979
-0.0439616
-0.0438693
-0.0441112
-0.0439109
-0.0438784
-0.0437992
-0.0437853
-0.0437753
-0.0438138
-0.0437913
-0.0438047
-0.0438259
-0.0438131
-0.0437931
-0.0436952
-0.043814
-0.043739
-0.0437852
-0.0438245
-0.0437183
-0.0442734
-0.0440024
-0.0436678
-0.0436329
-0.0439341
-0.0450504
-0.0433442
-0.0434204
-0.0439059
-0.0438578
-0.0432753
-0.0444409
-0.0435646
-0.0445019
-0.0441094
-0.0442683
-0.0438464
-0.043916
-0.0448868
-0.0436416
-0.0438493
-0.0433935
-0.0436929
-0.0433607
-0.0431651
-0.0437485
-0.0438399
-0.0433525
-0.0434236
-0.0438881
-0.0438653
-0.0432809
-0.0435654
-0.0444302
-0.0437477
-0.0442914
-0.0440232
-0.0436889
-0.0436592
-0.0439598
-0.0450724
-0.0438623
-0.0434122
-0.0437142
-0.0433797
-0.043185
-0.0438578
-0.0437608
-0.044471
-0.0440903
-0.0442453
-0.0438308
-0.0438812
-0.0448319
-0.0436164
-0.0437926
-0.0438505
-0.0441144
-0.0437317
-0.0436543
-0.0438311
-0.0439474
-0.0436243
-0.0436889
-0.0444083
-0.0443177
-0.0436718
-0.0452669
-0.0432502
-0.0435251
-0.0436368
-0.044149
-0.0443441
-0.0436182
-0.0433117
-0.044992
-0.0435514
-0.0436931
-0.0435454
-0.0439385
-0.0435646
-0.0435504
-0.0437319
-0.0439079
-0.0434383
-0.04337
-0.0436941
-0.0431343
-0.0437229
-0.0438782
-0.0443445
-0.0440267
-0.0438436
-0.0442014
-0.043819
-0.0435568
-0.0449011
-0.0439072
-0.0434369
-0.0436794
-0.0433761
-0.043138
-0.0438697
-0.0437282
-0.0443513
-0.0440269
-0.0438429
-0.0442057
-0.0438193
-0.0435642
-0.0448991
-0.043496
-0.0436589
-0.0439487
-0.0434779
-0.0434861
-0.0437211
-0.0435055
-0.0436064
-0.0436821
-0.0442044
-0.0443387
-0.0436099
-0.0449335
-0.0434017
-0.0434051
-0.0435528
-0.0441579
-0.0442258
-0.0435195
-0.043116
-0.04498
-0.0436668
-0.043787
-0.04405
-0.0436343
-0.0435873
-0.0438686
-0.0436828
-0.0433165
-0.0439353
-0.043774
-0.0434809
-0.043369
-0.0445837
-0.0435775
-0.0431698
-0.0433548
-0.0437336
-0.0437557
-0.0431957
-0.0441863
-0.0434241
-0.043315
-0.0439316
-0.0437721
-0.043481
-0.0433665
-0.0445878
-0.0435795
-0.0431733
-0.0433598
-0.0437594
-0.0437377
-0.0432008
-0.0434269
-0.0441926
-0.0431456
-0.0434664
-0.043519
-0.0437147
-0.0439151
-0.043906
-0.0440848
-0.0439616
-0.0436107
-0.0437897
-0.0436641
-0.0439382
-0.0429908
-0.0431833
-0.0434622
-0.0431331
-0.0435198
-0.043691
-0.0438894
-0.0438978
-0.0440748
-0.0437689
-0.0437977
-0.0437785
-0.0437537
-0.0437305
-0.0437048
-0.0437928
-0.0437785
-0.0437919
-0.0437905
-0.0438226
-0.0437883
-0.0438012
-0.0438292
-0.0437886
-0.0437995
-0.0437566
-0.0439036
-0.0438183
-0.0437328
-0.0437738
-0.0437793
-0.0438845
-0.0438566
-0.0438118
-0.0437712
-0.0438007
-0.0438127
-0.043777
-0.0437452
-0.0437909
-0.0437456
-0.0437777
-0.0437463
-0.0436844
-0.0437761
-0.0438208
-0.0439821
-0.0438037
-0.0437975
-0.043935
-0.0438464
-0.0442058
-0.0443887
-0.0449009
-0.0442071
-0.0446571
-0.0442826
-0.0444943
-0.0438142
-0.0441472
-0.0440897
-0.0439538
-0.0438666
-0.0440148
-0.0440608
-0.0442363
-0.0449475
-0.0442925
-0.0446072
-0.0441827
-0.0442531
-0.0445141
-0.04366
-0.0437107
-0.043916
-0.0437475
-0.043721
-0.0439051
-0.0437794
-0.043824
-0.043777
-0.0439942
-0.0438055
-0.0438024
-0.0439406
-0.0438454
-0.0438096
-0.0441482
-0.0440773
-0.0439529
-0.0438642
-0.0440058
-0.04406
-0.045004
-0.0442875
-0.0443759
-0.0446521
-0.0442249
-0.0442972
-0.0445735
-0.0442125
-0.0438327
-0.0441511
-0.0438845
-0.0438478
-0.0440579
-0.0440441
-0.0436881
-0.043731
-0.0439306
-0.0437662
-0.0437377
-0.0439249
-0.0438011
-0.0414779
-0.041469
-0.0419256
-0.0427337
-0.0427495
-0.0436561
-0.0427999
-0.0437958
-0.0437605
-0.0437777
-0.043751
-0.0437234
-0.0437016
-0.043792
-0.0437863
-0.0437997
-0.0437525
-0.043913
-0.043824
-0.0437344
-0.0437779
-0.0438886
-0.0437844
-0.0438585
-0.0438181
-0.043775
-0.0438038
-0.0438186
-0.0437579
-0.0437066
-0.04376
-0.0437965
-0.0437555
-0.0437719
-0.0437276
-0.0437738
-0.0437593
-0.0437917
-0.0437538
-0.043777
-0.0437496
-0.0436978
-0.0436985
-0.0434538
-0.0439456
-0.0436011
-0.0438484
-0.0437364
-0.0437335
-0.0438876
-0.043837
-0.0439069
-0.0438094
-0.0438686
-0.0438851
-0.0438143
-0.0437983
-0.0438525
-0.0438784
-0.0438565
-0.0438147
-0.043889
-0.043861
-0.0437547
-0.0438383
-0.0437943
-0.0438409
-0.0437591
-0.0438627
-0.0438988
-0.0436079
-0.0436701
-0.0436789
-0.0436306
-0.0436318
-0.0436936
-0.043672
-0.0436682
-0.0436733
-0.0436609
-0.043675
-0.043663
-0.0436862
-0.0436774
-0.0438809
-0.0438428
-0.0439171
-0.0438138
-0.0438647
-0.043891
-0.0438221
-0.0437564
-0.0437977
-0.0438393
-0.0437623
-0.0438391
-0.0438632
-0.0439024
-0.0436234
-0.043689
-0.0436934
-0.0436432
-0.0436428
-0.0437062
-0.043688
-0.043663
-0.0437289
-0.0436844
-0.0437644
-0.0436817
-0.0436504
-0.0437294
-0.0436591
-0.0436742
-0.0436827
-0.0436612
-0.0436572
-0.0436867
-0.0436954
-0.0437041
-0.0436983
-0.0437069
-0.0437658
-0.0436886
-0.0437888
-0.0436903
-0.0440644
-0.0438515
-0.0439343
-0.043724
-0.0439301
-0.0433072
-0.0433222
-0.0427791
-0.0428389
-0.043016
-0.0433245
-0.0432601
-0.0436529
-0.0436668
-0.0440772
-0.0438562
-0.0439971
-0.0436995
-0.0439144
-0.0432959
-0.0433386
-0.0437199
-0.0437347
-0.0437261
-0.0437453
-0.0437369
-0.0437603
-0.0437832
-0.0437019
-0.0436959
-0.0437075
-0.0437619
-0.0436866
-0.0437826
-0.0436899
-0.043725
-0.0437186
-0.0437263
-0.0437323
-0.0437459
-0.0437334
-0.0437792
-0.0437116
-0.0436921
-0.0436971
-0.043774
-0.0437951
-0.043679
-0.0436819
-0.0437758
-0.0440289
-0.0439115
-0.0436517
-0.0433015
-0.0439103
-0.0433412
-0.0426255
-0.0426435
-0.0429604
-0.043098
-0.04352
-0.0430585
-0.0435889
-0.0437772
-0.0440308
-0.0439111
-0.0436549
-0.0433043
-0.043912
-0.043343
-0.0425955
-0.0426389
-0.0429269
-0.0430815
-0.0434961
-0.0430511
-0.0435656
-0.0437172
-0.0437143
-0.0437211
-0.0437319
-0.0437437
-0.0437324
-0.0437767
-0.0437137
-0.043691
-0.0436969
-0.0437728
-0.0437938
-0.0436766
-0.0436793
-0.0435543
-0.0435619
-0.0435265
-0.0435581
-0.0435927
-0.0435644
-0.0435872
-0.043675
-0.0436228
-0.043606
-0.0435885
-0.0436735
-0.04363
-0.043634
-0.0434847
-0.0435148
-0.0435729
-0.0434707
-0.0435332
-0.0435869
-0.0435976
-0.0433323
-0.0436006
-0.043632
-0.0435209
-0.0435104
-0.0435724
-0.0436189
-0.0437492
-0.0436768
-0.0437325
-0.0437274
-0.0437388
-0.0437545
-0.0437332
-0.0436532
-0.043632
-0.0436805
-0.0437019
-0.0436741
-0.0437563
-0.0437312
-0.0437086
-0.043695
-0.0436474
-0.0437287
-0.0437304
-0.043744
-0.043706
-0.0437812
-0.043813
-0.0438118
-0.0438087
-0.0437764
-0.0437391
-0.0437801
-0.0438139
-0.0437767
-0.043822
-0.0437174
-0.0437227
-0.04376
-0.0437165
-0.0435761
-0.043718
-0.0437696
-0.0431819
-0.0434914
-0.0435024
-0.043609
-0.0437292
-0.0437546
-0.0437026
-0.0436408
-0.0436944
-0.0437344
-0.0438242
-0.0436527
-0.043632
-0.0436792
-0.0437039
-0.0436754
-0.0437572
-0.0437313
-0.0437561
-0.0436693
-0.0437353
-0.0437301
-0.0437382
-0.0437575
-0.04374
-0.0437102
-0.0437188
-0.0436583
-0.0437372
-0.0437265
-0.0437455
-0.0437215
-0.0438124
-0.0437797
-0.0438258
-0.0437172
-0.0437257
-0.0437641
-0.0437201
-0.0437886
-0.0438209
-0.0438247
-0.0438198
-0.0437825
-0.0437396
-0.0437839
-0.0436976
-0.0435277
-0.0439736
-0.0437673
-0.0439504
-0.0437819
-0.0436492
-0.043794
-0.0437233
-0.0438235
-0.0437632
-0.0437977
-0.0437474
-0.0437938
-0.0438766
-0.0438798
-0.0438926
-0.0438734
-0.043834
-0.0438615
-0.0438883
-0.0437467
-0.0437153
-0.0437263
-0.0437765
-0.0437491
-0.0437135
-0.0436808
-0.04371
-0.0437296
-0.0436939
-0.0437045
-0.0437263
-0.0437227
-0.0436787
-0.0437018
-0.0437474
-0.043734
-0.0437697
-0.0437357
-0.0437396
-0.0437421
-0.0437397
-0.0440628
-0.0439714
-0.043852
-0.0437537
-0.0438651
-0.0439166
-0.0441407
-0.044057
-0.0445709
-0.0440385
-0.0443349
-0.044058
-0.0442124
-0.0441923
-0.043937
-0.0442644
-0.0439354
-0.0438986
-0.0440764
-0.0440295
-0.043857
-0.0439415
-0.0441004
-0.043837
-0.0438794
-0.0441268
-0.0439984
-0.0453687
-0.0444612
-0.0445475
-0.0449741
-0.0443362
-0.0445002
-0.0448944
-0.0436969
-0.0436417
-0.0438436
-0.0437418
-0.043696
-0.0438559
-0.0438163
-0.0441453
-0.0445737
-0.0440651
-0.0440431
-0.0443329
-0.0440606
-0.0442163
-0.0440549
-0.0437431
-0.0439756
-0.0438494
-0.0437512
-0.0438628
-0.0439118
-0.0441935
-0.0439372
-0.0442685
-0.0439336
-0.0438984
-0.0440777
-0.0440308
-0.0453684
-0.0445564
-0.0444672
-0.0449797
-0.04434
-0.0445021
-0.0448947
-0.0439438
-0.0438565
-0.0441008
-0.0438398
-0.0438809
-0.0441287
-0.0440012
-0.0437703
-0.043848
-0.0438105
-0.0438507
-0.0438442
-0.0437814
-0.0437671
-0.0438824
-0.0438792
-0.0438949
-0.0438746
-0.0438363
-0.0438636
-0.0438894
-0.0438017
-0.0438319
-0.0437337
-0.0437709
-0.0438024
-0.0437497
-0.0438006
-0.0437573
-0.0437204
-0.043738
-0.0437843
-0.0437545
-0.0437196
-0.0436918
-0.0437546
-0.043709
-0.0437443
-0.0437742
-0.0437413
-0.0437489
-0.0437509
-0.0437447
-0.0437155
-0.043748
-0.04371
-0.0437348
-0.0437296
-0.0436951
-0.0437543
-0.0437001
-0.0434304
-0.0435405
-0.0437917
-0.0437231
-0.0437112
-0.0428175
-0.0427325
-0.0430565
-0.043504
-0.0437274
-0.0434039
-0.0437988
-0.0443045
-0.044561
-0.0446396
-0.0440278
-0.0436222
-0.0442686
-0.0437674
-0.0427058
-0.0428075
-0.043044
-0.0435016
-0.0433917
-0.0437229
-0.0437997
-0.0445817
-0.0443201
-0.0446958
-0.0440386
-0.044284
-0.0436264
-0.0437961
-0.0315281
-0.0280838
-0.0283743
-0.0339111
-0.0362615
-0.0363781
-0.033718
-0.0282685
-0.0339799
-0.0285198
-0.0320876
-0.0359623
-0.0318478
-0.0361137
-0.0304533
-0.0324484
-0.0378983
-0.0295877
-0.0358196
-0.0353939
-0.0373099
-0.0304906
-0.0372701
-0.0351274
-0.033822
-0.0294881
-0.0328901
-0.0368513
-0.0425832
-0.0427715
-0.0422058
-0.0432626
-0.0443425
-0.0445772
-0.0440176
-0.0439406
-0.0439032
-0.0438911
-0.0438163
-0.0437344
-0.0438266
-0.043771
-0.0436707
-0.0436832
-0.0436553
-0.0437306
-0.0436551
-0.0437236
-0.04369
-0.043984
-0.0437201
-0.0439432
-0.0438919
-0.0439976
-0.0438466
-0.0438043
-0.0436281
-0.0437463
-0.0437319
-0.0438137
-0.0436644
-0.0437199
-0.0437223
-0.0436047
-0.0437109
-0.0436057
-0.043646
-0.0436486
-0.0436503
-0.043682
-0.0437484
-0.0437241
-0.0436988
-0.043767
-0.0437295
-0.0436728
-0.0436622
-0.043558
-0.0435346
-0.0435241
-0.0435887
-0.0436183
-0.0435857
-0.0436525
-0.0433294
-0.0435189
-0.0436871
-0.0435267
-0.043545
-0.0435899
-0.0436635
-0.0433009
-0.0435289
-0.0432187
-0.0437423
-0.042846
-0.0440006
-0.0437002
-0.0433155
-0.0437
-0.0436716
-0.0439295
-0.0433595
-0.0437047
-0.0436646
-0.0434938
-0.0432669
-0.0437209
-0.0439724
-0.0438572
-0.0437172
-0.0437314
-0.0438794
-0.0439207
-0.0440052
-0.0440315
-0.043852
-0.0438101
-0.0439654
-0.0433962
-0.0437141
-0.0436065
-0.0433779
-0.0433152
-0.0432747
-0.0437406
-0.0437572
-0.0436122
-0.0438041
-0.0434771
-0.0431121
-0.0437731
-0.0440779
-0.0428437
-0.0441805
-0.0440966
-0.0444158
-0.0436764
-0.0431294
-0.0443087
-0.0443352
-0.0443588
-0.0440055
-0.0442332
-0.0446642
-0.0442321
-0.0443203
-0.027767
-0.0312436
-0.0281122
-0.0334049
-0.0356244
-0.0331096
-0.0358481
-0.0302986
-0.0376094
-0.0322352
-0.0354939
-0.029412
-0.035061
-0.0369518
-0.0314867
-0.0280536
-0.028387
-0.0336571
-0.0358717
-0.0360911
-0.0333643
-0.0303922
-0.0324281
-0.0377192
-0.0295622
-0.0355654
-0.0351304
-0.037093
-0.0277627
-0.0312346
-0.0281038
-0.0333949
-0.0356199
-0.0331035
-0.035838
-0.0302853
-0.0322222
-0.0375961
-0.0293986
-0.0354765
-0.0350435
-0.0369354
-0.0280189
-0.0314343
-0.0283365
-0.0336122
-0.0358318
-0.0333124
-0.0360499
-0.0303554
-0.0323892
-0.0376847
-0.0295196
-0.0355304
-0.0351054
-0.0370735
-0.0443041
-0.0429434
-0.0442225
-0.0444866
-0.0438075
-0.0443911
-0.0432491
-0.044367
-0.0443498
-0.0440156
-0.0442495
-0.0446873
-0.0443357
-0.0442472
-0.0433314
-0.043233
-0.0435504
-0.042868
-0.0437713
-0.0440192
-0.0437121
-0.0432818
-0.0435062
-0.0437372
-0.0439855
-0.0438647
-0.0437446
-0.0437257
-0.0439163
-0.0438839
-0.0439893
-0.0440374
-0.0438534
-0.0439698
-0.043812
-0.0436433
-0.0435875
-0.0436128
-0.0436639
-0.0436591
-0.0436379
-0.0436366
-0.0435911
-0.0437326
-0.0438107
-0.0436428
-0.0438034
-0.0436558
-0.0436565
-0.0436342
-0.0435432
-0.0435582
-0.0436231
-0.0435987
-0.0436617
-0.0435803
-0.043658
-0.0436787
-0.043718
-0.0435922
-0.0437319
-0.0436886
-0.0437024
-0.0435788
-0.0437878
-0.0438267
-0.0437073
-0.0438194
-0.0438412
-0.0438168
-0.04478
-0.0452859
-0.0452919
-0.0447143
-0.0452336
-0.0455112
-0.0458705
-0.0413956
-0.0413759
-0.0418697
-0.0426351
-0.0426669
-0.0435302
-0.0427199
-0.043874
-0.0440777
-0.0437039
-0.0437802
-0.0440328
-0.0438099
-0.0437684
-0.0443225
-0.0435257
-0.0439031
-0.0436443
-0.043834
-0.0438254
-0.0437459
-0.0437247
-0.0437465
-0.0438315
-0.0435125
-0.0438529
-0.0437395
-0.0437688
-0.0436717
-0.0436665
-0.0433884
-0.0434991
-0.0437711
-0.0437015
-0.0436362
-0.0436676
-0.043682
-0.0434157
-0.0437845
-0.043507
-0.0437049
-0.0436357
-0.0437162
-0.0433923
-0.0439644
-0.0435351
-0.0437719
-0.0437093
-0.0438157
-0.0436642
-0.0439674
-0.0435839
-0.0439705
-0.0437916
-0.0437722
-0.0436666
-0.0436773
-0.0436982
-0.0436584
-0.0436945
-0.0436932
-0.0436799
-0.0437096
-0.0436009
-0.0436744
-0.0436275
-0.043673
-0.0435937
-0.0437092
-0.0436852
-0.0437506
-0.0437123
-0.0437117
-0.0436893
-0.043664
-0.0436928
-0.0436722
-0.0438436
-0.043583
-0.0438112
-0.0437689
-0.0438443
-0.0437254
-0.0436959
-0.0436765
-0.0436918
-0.0436545
-0.0436868
-0.0436892
-0.0436761
-0.0437011
-0.0435992
-0.0436726
-0.0436271
-0.0436693
-0.0435909
-0.0437025
-0.0436815
-0.0435517
-0.0435475
-0.0435187
-0.0435828
-0.0435985
-0.0435693
-0.0436138
-0.0437543
-0.0436906
-0.0436768
-0.0436578
-0.0436749
-0.0436463
-0.0437004
-0.0434641
-0.0436458
-0.0436268
-0.0436379
-0.0435194
-0.0435678
-0.0436298
-0.0438133
-0.0435801
-0.0438069
-0.0437448
-0.0438242
-0.0437014
-0.0437061
-0.0437001
-0.0436714
-0.0436733
-0.0437384
-0.0437034
-0.0437212
-0.0437169
-0.0436117
-0.0437326
-0.0437657
-0.0436701
-0.0438152
-0.043724
-0.0437183
-0.0436887
-0.0435892
-0.0436023
-0.0435923
-0.0436623
-0.0436502
-0.0436119
-0.0433434
-0.0435519
-0.0436176
-0.0435223
-0.0434984
-0.0435693
-0.0435986
-0.0436911
-0.0436662
-0.0436625
-0.0437274
-0.0436986
-0.0437117
-0.0437108
-0.0436024
-0.0437264
-0.0437606
-0.0436577
-0.0438055
-0.0437128
-0.0437126
-0.0434149
-0.0435992
-0.0439245
-0.0437633
-0.0438033
-0.0435295
-0.0436776
-0.0443298
-0.0432015
-0.0444597
-0.0442224
-0.0434005
-0.0440845
-0.0434088
-0.0433805
-0.0432605
-0.043731
-0.0439097
-0.0438041
-0.0436729
-0.0436405
-0.0435881
-0.0437384
-0.0438006
-0.0432073
-0.0435209
-0.0435338
-0.0436304
-0.0436546
-0.0437953
-0.0438758
-0.0439122
-0.0437552
-0.0436984
-0.0438902
-0.0436919
-0.0439309
-0.0434144
-0.0435405
-0.0437148
-0.0436642
-0.0437731
-0.0435158
-0.0435581
-0.0435568
-0.0434865
-0.0434801
-0.0438489
-0.0437495
-0.0433595
-0.0442742
-0.0444588
-0.0441725
-0.0434711
-0.04349
-0.0440847
-0.0436589
-0.0434182
-0.0439937
-0.0438343
-0.0438311
-0.0437513
-0.043585
-0.0428777
-0.0432021
-0.0424586
-0.0447427
-0.0435223
-0.0450176
-0.0444374
-0.0427921
-0.0440576
-0.0440622
-0.0443587
-0.043638
-0.0431166
-0.0442589
-0.0428938
-0.0432136
-0.0424619
-0.0435349
-0.0447443
-0.0450322
-0.0444553
-0.0444247
-0.0445809
-0.044084
-0.0443328
-0.0449594
-0.0443794
-0.0445091
-0.0438586
-0.0441722
-0.0435767
-0.0440021
-0.0436749
-0.0438063
-0.0439375
-0.0437506
-0.0436388
-0.0440558
-0.0438609
-0.0440114
-0.0438074
-0.0437332
-0.0435658
-0.0437812
-0.043588
-0.0435927
-0.0437202
-0.0436174
-0.0437264
-0.0432817
-0.0434007
-0.0436019
-0.0434267
-0.0433915
-0.0434791
-0.0435226
-0.0438486
-0.0437942
-0.0437409
-0.0437307
-0.043715
-0.0437839
-0.0437208
-0.0438105
-0.0438159
-0.0436546
-0.0438181
-0.0437562
-0.0437266
-0.0437351
-0.0438497
-0.0440589
-0.0439836
-0.0435233
-0.0437933
-0.043717
-0.0438683
-0.0425708
-0.0421937
-0.0427597
-0.0432515
-0.0443281
-0.0445616
-0.0440032
-0.0416167
-0.041664
-0.0421231
-0.0428987
-0.0428037
-0.0436907
-0.0429296
-0.0337584
-0.0280256
-0.0282824
-0.0316182
-0.0355446
-0.0356798
-0.0313605
-0.0304269
-0.0370871
-0.0349442
-0.0335998
-0.0293034
-0.0325102
-0.0364903
-0.0315338
-0.0280942
-0.0283869
-0.0339185
-0.0362833
-0.0337375
-0.036375
-0.0339979
-0.0282843
-0.0285396
-0.0321007
-0.0359874
-0.0318617
-0.0361205
-0.0304658
-0.0379226
-0.0324536
-0.0358487
-0.0295983
-0.0353981
-0.0372953
-0.0304909
-0.0372881
-0.0351257
-0.0338235
-0.0294922
-0.0328917
-0.0368355
-0.0337577
-0.0280265
-0.0282833
-0.0316181
-0.0355469
-0.0356784
-0.0313611
-0.0304276
-0.0349465
-0.037091
-0.0293046
-0.0336009
-0.0325108
-0.036492
-0.041629
-0.0421182
-0.0416677
-0.0428126
-0.042895
-0.0436977
-0.0429381
-0.0438698
-0.0440161
-0.0440766
-0.0437955
-0.0435297
-0.0437218
-0.0438894
-0.043807
-0.0434848
-0.0437252
-0.0435936
-0.0438221
-0.0437495
-0.0437425
-0.0435809
-0.0438117
-0.043556
-0.0436044
-0.0437211
-0.043727
-0.043654
-0.0436583
-0.0436933
-0.0436242
-0.0436368
-0.0436688
-0.0436756
-0.043659
-0.0432427
-0.0436639
-0.0434325
-0.0433928
-0.0434143
-0.0434864
-0.043564
-0.043516
-0.0437288
-0.0436039
-0.0435934
-0.0435366
-0.0436049
-0.0436299
-0.0374841
-0.032571
-0.0350641
-0.0340806
-0.0375892
-0.0396433
-0.0393766
-0.0436853
-0.0437294
-0.0438474
-0.0437309
-0.0437452
-0.0436847
-0.0437236
-0.0437952
-0.0437187
-0.0437207
-0.0438506
-0.0438216
-0.0438487
-0.0436829
-0.0437827
-0.0437069
-0.0437288
-0.04381
-0.0438203
-0.0436831
-0.0438367
-0.0446759
-0.0451808
-0.0444069
-0.045254
-0.0449291
-0.0452329
-0.0450788
-0.0450801
-0.0451077
-0.0443745
-0.045176
-0.0452133
-0.0448126
-0.0453538
-0.0450486
-0.0448755
-0.0455745
-0.045359
-0.045658
-0.0458466
-0.045631
-0.0448883
-0.0444368
-0.0448822
-0.0450006
-0.0448114
-0.044655
-0.0449308
-0.0448645
-0.0450504
-0.0455654
-0.0453572
-0.0456874
-0.0458701
-0.0456255
-0.0451424
-0.0451199
-0.0444554
-0.0451861
-0.0452676
-0.0448779
-0.0454047
-0.0437163
-0.0437476
-0.0436687
-0.0437862
-0.0437244
-0.0436505
-0.0437211
-0.0437176
-0.043792
-0.0437204
-0.0438489
-0.0438203
-0.0438483
-0.0436829
-0.0437077
-0.0437209
-0.0436996
-0.0437387
-0.0437534
-0.0437624
-0.0437001
-0.0437004
-0.0437836
-0.0437304
-0.043818
-0.0438231
-0.0436834
-0.0438402
-0.0436877
-0.0437386
-0.0437063
-0.0437599
-0.0436927
-0.0437976
-0.0437735
-0.0436544
-0.0436402
-0.0436495
-0.0436711
-0.0436432
-0.043663
-0.0437286
-0.0436383
-0.0436482
-0.0435964
-0.043652
-0.0436143
-0.0436979
-0.043693
-0.0437425
-0.0438241
-0.0437549
-0.0437837
-0.0438101
-0.0438675
-0.0438747
-0.0436898
-0.0437087
-0.0437417
-0.0436951
-0.0437623
-0.043801
-0.0437772
-0.043652
-0.0436673
-0.0436762
-0.0436705
-0.0436831
-0.0436847
-0.0437565
-0.0438009
-0.0438817
-0.0433709
-0.0434953
-0.0437965
-0.0435367
-0.0436028
-0.0437186
-0.0437495
-0.0437205
-0.0437487
-0.0437548
-0.0437873
-0.0438159
-0.0436452
-0.0435941
-0.0436105
-0.0436341
-0.043598
-0.0436859
-0.0436929
-0.0436573
-0.0436668
-0.0436237
-0.043689
-0.0436482
-0.0436664
-0.0437451
-0.0437026
-0.0438139
-0.0437396
-0.0438104
-0.0438131
-0.043723
-0.0437828
-0.0436928
-0.0437333
-0.0436946
-0.0436941
-0.0437382
-0.0437654
-0.0437677
-0.0437179
-0.0437227
-0.0437541
-0.0437525
-0.0437509
-0.0437934
-0.0438181
-0.0436755
-0.0436334
-0.0436808
-0.0436763
-0.043692
-0.0436903
-0.0437801
-0.0437006
-0.0437325
-0.043746
-0.0437161
-0.0438198
-0.0436814
-0.0437562
-0.0436718
-0.043735
-0.0437133
-0.0437282
-0.0437887
-0.0436409
-0.0437327
-0.043705
-0.0437603
-0.0437038
-0.0437933
-0.0438304
-0.0438285
-0.0436598
-0.043674
-0.0437173
-0.0436707
-0.043738
-0.0437391
-0.0437492
-0.0436617
-0.0437029
-0.0437283
-0.0436893
-0.0437703
-0.0437823
-0.043647
-0.0438112
-0.0441094
-0.0446088
-0.0446348
-0.0446602
-0.0446564
-0.044379
-0.0447122
-0.0449375
-0.0445518
-0.0445043
-0.0450326
-0.044925
-0.045213
-0.0451034
-0.0456217
-0.0446886
-0.0452601
-0.0452674
-0.0458661
-0.0453787
-0.045889
-0.0363407
-0.0378001
-0.0325492
-0.0374087
-0.0360648
-0.0380188
-0.0380194
-0.0449384
-0.0445055
-0.0445579
-0.0450357
-0.0449304
-0.0452172
-0.0451053
-0.0441167
-0.0446446
-0.0446163
-0.0446658
-0.044666
-0.0443852
-0.0447186
-0.0456154
-0.0452579
-0.0447149
-0.0452624
-0.0458339
-0.0453745
-0.0458694
-0.0436806
-0.0437154
-0.0437445
-0.0437157
-0.0438015
-0.0436485
-0.0437161
-0.0437144
-0.0437094
-0.0437707
-0.0438034
-0.0437892
-0.0436522
-0.043815
-0.0436801
-0.0437306
-0.0437009
-0.0437517
-0.0437308
-0.0436727
-0.0436853
-0.0436821
-0.0438378
-0.0437363
-0.043742
-0.0437341
-0.0436911
-0.0437275
-0.0363789
-0.0377435
-0.0324398
-0.0373008
-0.0359812
-0.0380603
-0.0379652
-0.0375485
-0.0351359
-0.0326357
-0.0341272
-0.0376229
-0.0397083
-0.0394043
-0.0363763
-0.0324325
-0.0377408
-0.0359747
-0.0372926
-0.0380586
-0.0379591
-0.0436872
-0.0437059
-0.0437451
-0.0437559
-0.0437371
-0.043676
-0.0436867
-0.0437996
-0.0437401
-0.0438314
-0.043709
-0.0437766
-0.0437857
-0.0437035
-0.0438991
-0.0439899
-0.0434938
-0.0438969
-0.043614
-0.0435972
-0.0436854
-0.037478
-0.0325878
-0.0351202
-0.0340895
-0.0376211
-0.0397106
-0.0394396
-0.0363337
-0.0327619
-0.0380739
-0.0362127
-0.0378495
-0.0382564
-0.0383655
-0.0374677
-0.0325741
-0.0351018
-0.0376139
-0.0340773
-0.039695
-0.0394311
-0.0363594
-0.0328
-0.0381641
-0.0362131
-0.037929
-0.0383015
-0.0383775
-0.0438091
-0.0437601
-0.0438429
-0.04379
-0.0437242
-0.0437929
-0.0437149
-0.0439079
-0.044007
-0.0435124
-0.0439101
-0.0436274
-0.0436102
-0.043695
-0.0439065
-0.0434103
-0.0439776
-0.0435193
-0.0438976
-0.0435263
-0.0435929
-0.0436671
-0.0437219
-0.043704
-0.0436824
-0.0437602
-0.0436768
-0.0437059
-0.0437247
-0.0437631
-0.0438843
-0.043768
-0.0437539
-0.0437353
-0.0437412
-0.0435304
-0.0435758
-0.0436107
-0.0436319
-0.0435995
-0.0435634
-0.0436022
-0.0437353
-0.0437731
-0.0438973
-0.0437779
-0.0437637
-0.0437437
-0.0437493
-0.043557
-0.0435879
-0.0436254
-0.0436502
-0.0436063
-0.0435753
-0.0436107
-0.0439149
-0.043431
-0.0439823
-0.0439031
-0.0435391
-0.0435436
-0.043609
-0.0436892
-0.043739
-0.043729
-0.0437904
-0.0437013
-0.0437026
-0.0437327
-0.0437096
-0.0436979
-0.0437346
-0.0437749
-0.0436643
-0.0436606
-0.0436749
-0.0436891
-0.0438002
-0.0437275
-0.0438024
-0.0437998
-0.0437099
-0.043773
-0.043498
-0.043628
-0.0435238
-0.0435505
-0.043518
-0.0435234
-0.0435429
-0.043501
-0.0436312
-0.0435111
-0.0435127
-0.0435579
-0.0435149
-0.0435403
-0.0437291
-0.0437194
-0.0437572
-0.0437903
-0.0436858
-0.0436782
-0.0436918
-0.043794
-0.0438474
-0.0433674
-0.0434826
-0.0437868
-0.0435644
-0.0436263
-0.043819
-0.0434915
-0.0439766
-0.043628
-0.0438514
-0.0435442
-0.0435979
-0.0363365
-0.0377957
-0.0325392
-0.0374004
-0.0360592
-0.0380145
-0.0380141
-0.0373351
-0.03495
-0.0324091
-0.0373747
-0.0339411
-0.0394724
-0.0391932
-0.037314
-0.0349115
-0.0323886
-0.0339308
-0.0373695
-0.0394489
-0.0391924
-0.0438288
-0.0434834
-0.0439554
-0.0438363
-0.0435933
-0.0435445
-0.0435854
-0.0436819
-0.0437239
-0.0437436
-0.0437163
-0.0438299
-0.0436763
-0.0437674
-0.0436361
-0.0437686
-0.0437009
-0.0436222
-0.0436868
-0.0436891
-0.0436157
-0.0436212
-0.0436706
-0.0436997
-0.0437507
-0.0437267
-0.0436787
-0.0437488
-0.0375265
-0.0352295
-0.0326532
-0.037628
-0.0342009
-0.0397548
-0.0394675
-0.0365239
-0.038277
-0.0329011
-0.0364073
-0.0380427
-0.0384507
-0.038576
-0.0375259
-0.0326546
-0.0352384
-0.0376267
-0.034202
-0.039763
-0.0394693
-0.0365412
-0.0329188
-0.0383173
-0.0380733
-0.0364084
-0.0384669
-0.0385789
-0.0436398
-0.0437
-0.0437765
-0.0436282
-0.0436879
-0.0436876
-0.0436177
-0.043621
-0.0437014
-0.0436665
-0.0437249
-0.0437547
-0.043681
-0.0437508
)
;

boundaryField
{
    sphere
    {
        type            zeroGradient;
    }
}


// ************************************************************************* //
