/*--------------------------------*- C++ -*----------------------------------*\
| =========                 |                                                 |
| \\      /  F ield         | OpenFOAM: The Open Source CFD Toolbox           |
|  \\    /   O peration     | Version:  2412                                  |
|   \\  /    A nd           | Website:  www.openfoam.com                      |
|    \\/     M anipulation  |                                                 |
\*---------------------------------------------------------------------------*/
FoamFile
{
    version     2.0;
    format      ascii;
    arch        "LSB;label=32;scalar=64";
    class       volScalarField;
    location    "2";
    object      p;
}
// * * * * * * * * * * * * * * * * * * * * * * * * * * * * * * * * * * * * * //

dimensions      [0 2 -2 0 0 0 0];

internalField   nonuniform List<scalar> 
76471
(
-3.03522e-05
-0.00611618
-0.00637703
-0.0063551
-0.00670504
-0.00655119
-0.00283709
-0.00586165
-0.00618991
-0.00605407
-0.00599696
-0.00498488
-0.00527274
-0.00579692
-0.00613677
-0.00628814
-0.00570543
-0.00507921
-0.00228548
-0.00587761
-0.00634003
-0.00634086
-0.00626138
-0.0046352
-0.0052302
-0.0062655
-0.00678559
-0.00615986
-0.000145167
-0.00399032
-0.006843
-0.00765
-0.00789379
-0.0078274
-0.00734174
-0.00690938
-0.0061088
-0.00765861
-0.00743474
-0.00736458
-0.00751089
-0.0061705
-0.00536119
-0.00614089
-0.00718938
-0.00598774
-0.00590689
-0.00647663
-0.0052964
-0.00499423
0.00627077
-0.00598552
-0.00714806
-0.00598489
-0.00590427
-0.00639974
-0.00521749
-0.0045871
-0.0061857
-0.00757221
-0.00771475
-0.00738282
-0.00715921
-0.0055407
-0.00509045
-0.00647794
-0.00782907
-0.00745917
-0.00739817
-0.00725633
-0.00622501
-0.00570222
-0.00928773
-0.00800844
-0.00787448
-0.00752095
-0.00692934
-0.00847934
-0.00905237
-0.00859484
-0.00809153
-0.00882133
-0.00734019
-0.0086918
-0.0083765
-0.00818099
-0.00850071
-0.00723415
-0.00837196
-0.00637653
-0.00682796
-0.00650683
-0.00650339
-0.00623066
-0.00562344
-0.00645101
-0.00603209
-0.00501598
-0.00628392
-0.00730743
-0.00637024
-0.00617599
-0.00651003
-0.00541018
-0.00646376
-0.00514279
-0.00511617
-0.00623447
-0.00698266
-0.00636846
-0.00617023
-0.00650021
-0.00540299
-0.00608756
-0.00504006
-0.00264928
-0.00638997
-0.00712386
-0.0065062
-0.00651189
-0.0062408
-0.00561766
-0.00667177
-0.0058044
-0.00435864
-0.00372507
-0.00739111
-0.00846873
-0.00893009
-0.00868307
-0.00806552
-0.00672511
-0.00627815
-5.38593e-05
-0.00754602
-0.00855301
-0.00872272
-0.00842019
-0.00830377
-0.0075432
-0.00835016
-0.00735358
-0.00862397
-0.0085405
-0.00815554
-0.00674799
-0.0089402
-0.00948547
-0.00839158
-0.00828277
-0.00814085
-0.0082458
-0.00906461
-0.0073349
-0.00684424
-0.00797972
-0.00682909
-0.00704841
-0.00732089
-0.00792933
-0.0067792
-0.00657245
-0.0069136
-0.00566731
-0.00711161
-0.00566467
-0.00490676
-0.00684569
-0.005783
-0.00674238
-0.00623123
-0.00641175
-0.00595692
-0.00552821
-0.00476424
-0.00466922
-0.00606719
-0.00578012
-0.00674073
-0.00622476
-0.0063979
-0.00594048
-0.00551608
-0.00513683
-0.00452256
-0.00674841
-0.00776358
-0.00677439
-0.00658412
-0.00694109
-0.00565884
-0.00765213
-0.00568044
-0.004672
-0.00753151
-0.00735504
-0.0089615
-0.00734649
-0.0067842
-0.00836235
-0.0072797
-0.00669236
-0.00485591
-0.0079842
-0.00800085
-0.00951376
-0.00944126
-0.00798013
-0.00787752
-0.00742376
-0.00872861
-0.00920515
-0.00881089
-0.0086653
-0.00826842
-0.00878346
-0.00804302
-0.00917426
-0.00937983
-0.00892461
-0.00840069
-0.0079577
-0.00598384
-0.00718427
-0.00840408
-0.00915447
-0.00731875
-0.00684752
-0.00793028
-0.00677587
-0.00687332
-0.00670018
-0.00762374
-0.00675345
-0.00656182
-0.00690968
-0.00566955
-0.00684942
-0.00580552
-0.00593591
-0.00551738
-0.0055218
-0.00672823
-0.00620458
-0.00639321
-0.00594842
-0.00559311
-0.00539251
-0.00516343
-0.000740628
-0.0052587
-0.00551699
-0.00672421
-0.00619701
-0.00637175
-0.0059335
-0.00558292
-0.00530732
-0.00500797
-0.00628966
-0.00758502
-0.00674992
-0.0065669
-0.00694792
-0.00565834
-0.0076709
-0.00569188
-0.0054483
-0.00719517
-0.00717197
-0.00903639
-0.00732299
-0.00678428
-0.00853558
-0.00731757
-0.0067263
-0.00617269
-0.00593787
-0.00822728
-0.00811266
-0.00958826
-0.00905195
-0.00805748
-0.00801029
-0.00723593
-0.00866357
-0.00947972
-0.00899901
-0.00844341
-0.00832363
-0.00899044
-0.00957811
-0.00885303
-0.00844048
-0.0081251
-0.0083378
-0.00927761
-0.00914499
-0.00855324
-0.00837184
-0.00678684
-0.00685468
-0.00602862
-0.00738973
-0.00653698
-0.00650734
-0.00621152
-0.00561045
-0.00699002
-0.00644818
-0.00571358
-0.00563788
-0.00741226
-0.00639872
-0.00620861
-0.00647823
-0.00539291
-0.00753232
-0.00553547
-0.00535131
-0.00577673
-0.00727552
-0.00639772
-0.00619303
-0.0064827
-0.00538238
-0.00740623
-0.00535493
-0.00548271
-0.00549045
-0.00706184
-0.00653828
-0.00652696
-0.00621639
-0.00561221
-0.0072192
-0.00577182
-0.00553036
-0.00613879
-0.00750036
-0.00903018
-0.00911581
-0.00888045
-0.00828733
-0.00736355
-0.00672921
-0.00605171
-0.00834481
-0.00825398
-0.00926064
-0.00900843
-0.00757762
-0.00766743
-0.00714569
-0.0095463
-0.00923326
-0.00889607
-0.00855597
-0.00788797
-0.00877539
-0.00859431
-0.0084311
-0.00831151
-0.00711577
-0.00803547
-0.00866391
-0.00788222
-0.00781523
-0.00775266
-0.00704425
-0.00647154
-0.00520614
-0.00740723
-0.00807658
-0.00836381
-0.00813926
-0.00760293
-0.00633229
-0.0058127
-0.00146264
-0.00628585
-0.00626455
-0.00805331
-0.00612394
-0.0056936
-0.00740698
-0.00615148
-0.00575322
-0.00421445
-0.00601995
-0.00600457
-0.00801032
-0.00611058
-0.00568377
-0.00747967
-0.00609081
-0.00562392
-0.00431287
-0.00626319
-0.00689128
-0.00835308
-0.00846101
-0.00814952
-0.00755715
-0.00651414
-0.00580712
-0.00466608
-0.00621393
-0.00753017
-0.00829407
-0.00840371
-0.00863566
-0.00795955
-0.0065981
-0.00610443
-0.00823927
-0.00852363
-0.00885116
-0.00856647
-0.00851074
-0.0074399
-0.00813463
-0.00682001
-0.00958079
-0.00863199
-0.00858724
-0.00628427
-0.00744529
-0.0073726
-0.00754202
-0.00761503
-0.00748573
-0.00700813
-0.00723303
-0.00736273
-0.00703911
-0.00700854
-0.00627505
-0.00572557
-0.00635744
-0.00609459
-0.00760749
-0.00725022
-0.00579698
-0.00597101
-0.00497518
0.00735373
-0.00609307
-0.0060637
-0.00750466
-0.00693141
-0.00579451
-0.00616198
-0.0048521
-0.00659317
-0.00633907
-0.00758114
-0.00720346
-0.00573121
-0.00593317
-0.00512049
-0.00703703
-0.00743052
-0.00783719
-0.00754809
-0.00737806
-0.00654711
-0.00568467
-0.0077658
-0.00737284
-0.00765544
-0.00808347
-0.00700419
-0.000332053
-0.00669679
-0.0054759
-0.00562241
0.000739132
-0.00536949
-0.00626814
-0.00513759
-0.00490006
-0.00499079
-0.00464823
-0.00616484
-0.00536967
-0.00467564
-0.0084324
-0.00543618
-0.00642707
-0.00532639
-0.00483872
-0.00656411
-0.00275769
-0.00684088
-0.00624018
-0.00544423
-0.000112941
-0.00668301
-0.00525471
-0.00708278
-0.00680232
-0.00681468
-0.00646173
-0.00208797
0.000370754
-0.00804252
-0.00496899
-0.00657423
-0.00507448
-0.00530128
-0.00526796
-0.0069032
-0.00514194
-0.00546794
-0.00656691
-0.00684435
-0.00586544
-0.00641586
-0.00623256
-0.000135934
-0.00609938
-0.00526753
-0.00165042
-0.00535195
-0.00649329
-0.0089499
-0.00596413
-0.00532607
-0.0040111
-0.00501093
-0.000105966
-0.00520389
-0.00486679
-0.00527671
-0.00514109
-4.5192e-05
-0.00555057
-0.00619688
-0.00558981
-0.00563936
-0.00607648
-0.0050853
-0.00559339
-0.00521548
-0.00491102
-0.00484094
-0.00895116
-0.00650887
-0.00401089
-0.00500992
-0.00595732
-0.00532747
-0.000105294
-0.00527618
-0.00514098
-0.00520168
-0.0048624
-0.00558967
-0.00563904
-0.00555435
-0.00619532
-0.00559327
-0.00521592
-0.00607573
-0.00508435
-0.00484163
-0.00490848
-0.00802736
0.000384449
-0.00505614
-0.00530199
-0.00495625
-0.00657426
-0.00513787
-0.00546641
-0.00526719
-0.0069003
-0.00586623
-0.00641475
-0.00656603
-0.00684833
-0.0060992
-0.0052668
-0.00623094
-0.000128091
-0.00535074
-0.00161892
-0.00010831
-0.00668212
-0.0052519
-0.00707909
-0.00680064
-0.00681801
-0.00647173
-0.0020707
-0.00702897
-0.00892092
-0.00844306
-0.00536986
-0.00674551
-0.00760001
-0.00775989
-0.00398357
-0.00581452
-0.00760107
-0.00757711
-0.00740758
-0.00745898
-0.00802315
-0.00595121
-0.00621888
-0.00787085
-0.00640741
-0.00706002
-0.00523635
-0.00665655
-0.00908876
-0.0080197
-0.00726722
-0.0073328
-0.00654736
-0.0062686
-0.00705148
-0.00770984
-0.00741881
-0.00783562
-0.00690982
-0.00678289
-0.00705383
-0.00767965
-0.00713993
-0.00785682
-0.00669842
-0.00612099
-0.00327138
-0.00739933
-0.00689795
-0.0075045
-0.00619385
-0.000145217
-0.00648414
-0.00626591
-0.00592698
-0.00535342
-0.00631388
-0.00565166
-0.0053582
-0.00651258
-0.00595946
-0.00690177
-0.00571801
-0.00644712
-0.00463038
-0.00625065
-0.00591964
-0.00590656
-0.00516986
-0.00560579
-0.00507033
0.00626121
-0.00550776
-0.00347226
-0.00562906
-0.00661893
-0.00527239
-0.00649501
-0.00563919
-0.00624813
-0.00531224
-0.00599863
-0.00507808
0.0076903
-0.00581751
-0.00500544
-0.00571606
-0.00499407
-0.0023035
-0.00490634
-0.00493948
0.00719967
0.00626163
-0.00347274
-0.00563149
-0.00552563
-0.00649531
-0.00663605
-0.00531457
-0.0059999
-0.00564347
-0.00624474
0.00769373
-0.0049859
-0.00571633
-0.00499306
-0.00582324
-0.00501136
-0.00493822
0.00719462
-0.00490355
-0.00566442
-0.0063153
-0.00649854
-0.00534498
-0.00574232
-0.00645861
-0.00596463
-0.00691366
-0.00281633
-0.00591365
-0.00518255
-0.00625546
-0.00596862
-0.00507741
-0.00562975
-0.00594996
-0.00622403
-0.00641436
-0.00707673
-0.00786123
-0.00665713
-0.00726889
-0.00733295
-0.00908766
-0.00802054
-0.0070535
-0.00655005
-0.00783217
-0.00691234
-0.00770895
-0.00742532
-0.0070734
-0.00612405
-0.00785845
-0.00667808
-0.00768841
-0.00714672
-0.00325559
-0.00747533
-0.00620725
-0.00741945
-0.00687926
-0.00627026
-0.00594731
-0.00643905
-0.00536776
-0.00701298
-0.00891415
-0.00847055
-0.00537547
-0.00760064
-0.00776703
-0.00674882
-0.00760979
-0.00758357
-0.00582173
-0.00743013
-0.00744148
-0.00796244
-0.00679677
-0.00959439
-0.00894844
-0.0088097
-0.00862063
-0.00877787
-0.00795558
-0.00646865
-0.00874893
-0.00774226
-0.00770156
-0.00773664
-0.00811489
-0.00929455
-0.00825374
-0.00883154
-0.00905509
-0.0083892
-0.0084133
-0.00766438
-0.00799847
-0.0076048
-0.00868445
-0.00853408
-0.00894728
-0.00779973
-0.00786439
-0.00729986
-0.00835655
-0.00830262
-0.00869471
-0.00747702
-0.00748963
-0.00692469
-0.00805898
-0.00861356
-0.00836089
-0.00736484
-0.00696022
-0.00724162
-0.00739098
-0.00728605
-0.00665323
-0.0065239
-0.00733609
-0.000912967
-0.00680759
-0.00568868
-0.00720106
-0.00644029
-0.00545535
-0.00230245
-0.00598143
-0.00666402
-0.00609717
-0.00330357
-0.00656444
-0.0057104
-0.00626378
-0.0050806
-0.00622484
-0.00470504
-0.00605962
-0.00551424
0.000546784
-0.00725178
-0.00563471
-0.00584547
-0.0059921
0.00627176
-0.0057152
-0.00591094
-0.00613937
-0.00610234
-0.00605692
-0.00458973
-0.00466444
-0.00598688
-0.00554096
-0.00589859
-0.00564458
-0.00540895
-0.00811942
-0.0058466
-0.00562941
-0.00571719
-0.00600673
-0.00610195
-0.00605855
-0.00591084
-0.00614365
-0.00465484
-0.005004
-0.00589682
-0.00564141
-0.00599779
-0.00554789
-0.00813788
-0.00540529
-0.00595966
-0.00229815
-0.00609202
-0.00666987
-0.00567079
-0.00627694
-0.00329267
-0.00655292
-0.00538367
-0.00605037
-0.00553346
-0.00624284
-0.00471721
-0.00717936
0.00053263
-0.00652633
-0.000886002
-0.00679979
-0.00731573
-0.0064394
-0.00547344
-0.00717266
-0.00866091
-0.00772458
-0.00767657
-0.00809043
-0.0076699
-0.00828765
-0.00840131
-0.00838652
-0.0087536
-0.00907365
-0.00761141
-0.00766548
-0.00891508
-0.00782763
-0.00872726
-0.00858574
-0.00730326
-0.00683681
-0.00869047
-0.00747245
-0.00839759
-0.00834275
-0.00691975
-0.00833042
-0.00737519
-0.00806786
-0.0087046
-0.00738396
-0.00729075
-0.00730966
-0.00663563
-0.00673471
-0.0096306
-0.00891468
-0.00884403
-0.00863481
-0.00883326
-0.00800979
-0.00653403
-0.00677996
-0.00881465
-0.00742377
-0.00946049
-0.00888609
-0.00909456
-0.00865447
-0.00867839
-0.0091143
-0.00845784
-0.00848807
-0.00840048
-0.00879816
-0.00854279
-0.00822705
-0.00755249
-0.00852003
-0.00866642
-0.00670324
-0.00871587
-0.00809978
-0.0079885
-0.00899537
-0.00757085
-0.00813359
-0.00908875
-0.00794638
-0.00831489
-0.00754851
-0.00880369
-0.00830324
-0.00782554
-0.00755031
-0.00837247
-0.00769235
-0.00276603
-0.00721666
-0.00752008
-0.00373333
-0.00684861
-0.007951
-0.00717294
-0.00712284
-0.00627857
-0.00491588
-0.00715969
-0.00675774
-0.00590303
-2.76799e-05
-0.00582025
-0.000637981
-0.00569095
-0.00695376
-0.00687927
-0.00436493
-0.00582387
-0.00471923
-0.00564048
-0.00608566
-0.00660684
-0.00627255
-0.00264645
-0.00469603
-0.00507587
-0.00608565
-0.00563201
-0.00627101
-0.00659658
-0.00512843
-0.00511706
-0.00469434
-0.00568184
-0.000604418
-0.00687172
-0.00694122
-0.00502806
-0.00472366
-0.00581594
-0.00273679
-0.00720962
-0.00683811
-0.00747818
-0.00716563
-0.00711229
-0.0079463
-0.00493814
-0.00834738
-0.00674351
-0.00589255
-0.00716921
-0.00580783
-0.0080531
-0.00796932
-0.00812487
-0.0089642
-0.0079256
-0.00829669
-0.00903951
-0.0087967
-0.00889981
-0.00782448
-0.00749041
-0.00830904
-0.00773754
-0.00673005
-0.0088131
-0.00951711
-0.00884591
-0.00913868
-0.00874938
-0.00914892
-0.00848691
-0.00838583
-0.00882837
-0.00853976
-0.0075931
-0.00852858
-0.00869207
-0.00871309
-0.00969095
-0.00923912
-0.00879286
-0.00924527
-0.00900077
-0.00907658
-0.00917408
-0.00829482
-0.00899597
-0.00938464
-0.00850141
-0.00879382
-0.00849261
-0.00879024
-0.00893904
-0.00827918
-0.00863481
-0.00827618
-0.0084052
-0.00806493
-0.00833249
-0.0082112
-0.00794723
-0.0065791
-0.00504253
-0.00799672
-0.00894615
-0.00800436
-0.00824137
-0.00773005
-0.00895573
-0.00819065
-0.00822221
-0.0078097
-0.00750243
-0.00794901
-0.00750612
-0.00776541
-0.00739173
-0.00741735
-0.00650696
-0.00731246
-0.00490057
-0.00733913
-0.00724705
-0.00797519
-0.00753676
-0.00722627
-0.0072334
-0.0079618
-0.00743656
-0.00734539
-0.00670809
-0.00590997
-0.00690095
-0.00601395
-0.00671861
-0.00619885
-0.00486132
-0.00611413
-0.00729365
-0.00672532
-0.00706384
-0.0059034
-0.00467085
-0.00565706
-0.00524875
-0.00658786
-0.00604415
-0.00559675
-0.00119755
-0.00579286
-0.00446691
-0.00501447
-0.00498573
-0.000974943
-0.00604305
-0.00658371
-0.00120008
-0.00579411
-0.00560111
-0.00465328
-0.00492743
-0.000271489
-0.004991
-0.00671861
-0.00728192
-0.00590703
-0.00705959
-0.00490324
-0.00526582
-0.00565055
-0.00733107
-0.00724248
-0.00721759
-0.007964
-0.0074328
-0.00734221
-0.00723374
-0.00795472
-0.0058937
-0.00710525
-0.00668014
-0.00619107
-0.00710913
-0.00598655
-0.00611815
-0.00792567
-0.00504487
-0.00799487
-0.00657285
-0.00821066
-0.00900745
-0.00817917
-0.00818902
-0.00770241
-0.0089659
-0.00750737
-0.00818366
-0.00803837
-0.00744476
-0.0079821
-0.0074228
-0.0072937
-0.00490053
-0.0064541
-0.00972433
-0.00906054
-0.00928354
-0.00877357
-0.00903288
-0.00830944
-0.00943599
-0.00852998
-0.0091201
-0.00849747
-0.00910647
-0.0082429
-0.00882459
-0.00830018
-0.008462
-0.00837513
-0.00829111
-0.00925024
-0.00917425
-0.00897417
-0.00906656
-0.00884582
-0.00927812
-0.00899654
-0.00940729
-0.00850348
-0.00924873
-0.00832423
-0.00895391
-0.00828101
-0.00884789
-0.00849692
-0.00839438
-0.0081173
-0.00858996
-0.00818154
-0.00819658
-0.0085209
-0.00711035
-0.005936
-0.00809212
-0.0081848
-0.00894541
-0.00823848
-0.00823064
-0.00899413
-0.00835097
-0.00831337
-0.00724697
-0.0077647
-0.00736162
-0.00799384
-0.00771935
-0.00720581
-0.00726569
-0.00389594
-0.00725591
-0.00706209
-0.00496314
-0.00796427
-0.00719924
-0.00728633
-0.00807683
-0.00618994
-0.00701071
-0.00610787
-0.00675467
-0.00630326
-0.00681343
-0.00677885
-0.00637497
-0.00617346
-0.00617169
-0.00684749
-0.00547224
-0.004923
-0.00501205
-0.00544734
-0.00608053
-0.00553462
-0.00527086
-0.000737954
-0.00539716
-0.00519778
-0.00510779
-0.00509769
-0.000662915
-0.00536243
-0.00522035
-0.0053977
-0.00527427
-0.00510819
-0.00519995
-0.000434646
-0.0051297
-0.00521714
-0.00535848
-0.00547426
-0.00684322
-0.00501547
-0.00492697
-0.00592936
-0.00554201
-0.00609655
-0.00705742
-0.00497237
-0.00728184
-0.00718377
-0.00795917
-0.00620527
-0.00701398
-0.00807139
-0.00630156
-0.00708324
-0.00607878
-0.00674793
-0.00636653
-0.00684385
-0.00618343
-0.00808776
-0.0071009
-0.00817818
-0.00819953
-0.00801455
-0.00900097
-0.00834706
-0.00831292
-0.00901608
-0.00742209
-0.00799893
-0.00716272
-0.00778286
-0.0071835
-0.00802849
-0.00388687
-0.00594279
-0.00726772
-0.00905544
-0.00913289
-0.0090378
-0.00886415
-0.00928962
-0.00851821
-0.0090843
-0.0092802
-0.00833572
-0.0082459
-0.00882066
-0.00884284
-0.00850501
-0.00859954
-0.00863526
-0.008309
-0.00852173
-0.00957841
-0.00706872
-0.00946523
-0.00910824
-0.00756081
-0.00895203
-0.00920584
-0.00848015
-0.00882808
-0.00878489
-0.00889172
-0.00864606
-0.00851107
-0.00854018
-0.00855294
-0.00814771
-0.00866959
-0.00751565
-0.00789377
-0.0063406
-0.00847006
-0.00934648
-0.00912579
-0.00836021
-0.00841925
-0.00909306
-0.00971968
-0.00828009
-0.00767544
-0.00711629
-0.00843396
-0.00751383
-0.006737
-0.00714647
-0.00711517
-0.00601376
-0.000593016
-0.0080759
-0.00617591
-0.00691966
-0.00936011
-0.00527804
-0.00706952
-0.00672711
-0.0060291
-0.00651906
-0.00609274
-0.00266511
-0.00602949
-0.00187361
-0.0058097
-0.00506971
-0.00576373
-0.00513975
-0.00552712
0.000223656
-0.00426373
-0.00504197
-0.00499039
-0.00600291
-0.00424472
-0.00549891
-0.00421478
-0.00410923
-0.00499072
-0.0050423
-0.00424535
-0.00600545
-0.00535141
-0.00411142
-0.00421894
-0.00507089
-0.00580189
-0.00514205
-0.00576691
-0.00573163
-0.00426748
0.000204198
-0.00602231
-0.000577189
-0.00689788
-0.00806231
-0.00526787
-0.00706481
-0.00933337
-0.00606828
-0.00687346
-0.00608446
-0.00271791
-0.0065298
-0.00190609
-0.00846747
-0.00931388
-0.00842343
-0.00911907
-0.00968947
-0.00825047
-0.00903667
-0.00706452
-0.00813917
-0.00748411
-0.00677007
-0.00845082
-0.00713233
-0.00960839
-0.00702638
-0.00907197
-0.00752819
-0.00893542
-0.00848339
-0.00879689
-0.00882969
-0.00861197
-0.00846384
-0.00854797
-0.00822582
-0.00867437
-0.00755383
-0.00636037
-0.00683983
-0.00876357
-0.00967176
-0.00881899
-0.00867455
-0.00862813
-0.00864822
-0.00682718
-0.00752424
-0.00761792
-0.00826957
-0.00822648
-0.00792859
-0.0088034
-0.00850726
-0.00823167
-0.00759161
-0.00765565
-0.00850341
-0.00889394
-0.00774247
-0.00723577
-0.00755433
-0.00744412
-0.00859604
-0.00863184
-0.00762219
-0.0071013
-0.00778879
-0.00759686
-0.00893894
-0.00849117
-0.00754215
-0.00794391
-0.00924856
-0.00749566
-0.00711672
-0.00754791
-0.00811921
-0.00822643
-0.00620389
-0.00716181
-0.00711556
-0.00610437
0.00012101
-0.00603207
-3.41219e-05
-0.00742096
-0.00697541
-0.00625989
-0.00637955
-0.00651798
-0.00652308
-0.00226525
-0.00580297
-0.00450888
-0.00581334
-0.00535231
-0.00466195
-0.00583945
-0.00781651
-0.00628328
-0.00602034
-0.00618982
-0.00643583
-0.00643905
-0.00595581
-0.00473726
-0.00562455
-0.00537808
-0.00505607
-0.00491587
0.00702917
-0.00431281
-0.00781658
-0.00584197
-0.00618956
-0.00628776
-0.00628272
-0.00643409
-0.0059553
-0.00643212
-0.00537877
-0.00575228
-0.00474043
-0.00491521
0.00702866
-0.00505918
-0.00421788
-0.00742341
-4.34685e-05
-0.00637924
-0.00522121
-0.00697417
-0.00651754
-0.00649916
-0.00451365
-0.0058156
-0.00229186
-0.00535906
-0.00582265
-0.00148125
-0.00715632
-0.00819804
-0.00709288
9.81775e-05
-0.00648545
-0.00604333
-0.00748979
-0.00815426
-0.00758679
-0.0079076
-0.00820993
-0.00873666
-0.00880115
-0.00759067
-0.00762621
-0.00786202
-0.00859705
-0.0085296
-0.00758837
-0.00744046
-0.00710146
-0.00761816
-0.00840155
-0.00854665
-0.00768397
-0.00759266
-0.00676006
-0.00752733
-0.00829838
-0.00902984
-0.00788672
-0.0092423
-0.00713523
-0.00714208
-0.00752252
-0.00881491
-0.00875378
-0.00858754
-0.00688242
-0.00880051
-0.00777196
-0.00769898
-0.00610292
-0.00736994
-0.00751211
-0.0042031
-0.0074895
-0.00785357
-0.00472949
-0.00792541
-0.0087694
-0.00702552
-0.00671165
-0.00746844
-0.00705197
-0.00708848
-0.000600907
-0.00752293
-0.00743004
-0.00725987
-0.00342184
-0.0070135
-0.00723288
-0.00783696
-0.00684124
-0.00623752
-0.0070189
-0.00687933
-0.00734862
-0.00761565
-0.0065517
-0.00584072
-0.00641578
-0.00644532
-0.00880303
-0.00733935
-0.0065227
-0.00566171
-0.00483482
-0.00653596
-0.00607563
-0.00517406
-0.00567726
-0.0069424
-0.00642452
-0.00689988
-0.00659858
-0.00654855
-0.00266198
-0.0059951
-0.00552931
-0.00592851
-0.00515818
-0.0045041
-0.00550906
-0.00511495
-0.00640635
0.00737998
-0.00607509
-0.00348115
-0.00639811
-0.00609392
-0.00617042
-0.00601831
0.0055191
-0.00662564
-0.00523777
-0.00616174
-0.00507478
-0.00555981
-0.00524241
-0.00472421
-0.00485434
-0.00268151
0.0074291
-0.00607547
-0.00640328
-0.00349297
-0.00617143
-0.00635657
-0.0064039
0.00551503
-0.00662625
-0.00605024
-0.00507284
-0.00597358
-0.00524111
-0.00523801
-0.00470522
-0.00557045
-0.00268386
-0.00497764
0.00739586
-0.00642169
-0.00692437
-0.00655701
-0.0069971
-0.00690681
-0.00601435
-0.00267696
-0.00516411
-0.0062874
-0.00554717
-0.00551979
-0.0045282
-0.00573884
-0.00669063
-0.00708314
-0.00746262
-0.000625215
-0.00727143
-0.00743701
-0.00747882
-0.00344776
-0.007024
-0.00691202
-0.00740185
-0.00721488
-0.00701467
-0.00686033
-0.0061273
-0.00656447
-0.0074237
-0.00726652
-0.00636106
-0.00642387
-0.00556372
-0.00652108
-0.00755735
-0.008807
-0.00564964
-0.0048612
-0.00609326
-0.0074727
-0.00519532
-0.00880065
-0.00759278
-0.00752274
-0.00609988
-0.00411211
-0.00782291
-0.0061176
-0.00451848
-0.00876289
-0.00271897
-0.00705598
-0.00680941
-0.0066881
-0.00628436
-0.00533857
-0.00545865
-8.0557e-05
-0.00202625
-0.00600913
-0.0067739
-0.00545593
-0.00651347
-0.00666276
-0.00641584
-0.00556791
-0.00534267
-0.00534295
-0.00491228
-0.00534117
-0.00484637
-0.0047324
-0.00655691
-0.00564287
-0.00572619
-0.00647703
-0.00464629
-0.00617239
-0.0050475
-0.0061428
-0.00536241
-0.000416206
-0.00496622
-0.00550171
-0.00433522
0.000436255
-0.00544686
-0.00468413
-0.00277413
-0.00841792
-0.00572533
-0.00563164
-0.0061853
-0.00535394
-0.00648118
-0.00521063
-0.00627998
-0.00502984
-0.000241139
-0.00433903
-0.00513312
-0.00495681
0.000377439
-0.0027905
-0.00488989
-0.00545602
-0.00500239
-0.00597299
-0.0020537
-0.00652973
-0.000405453
-0.00680962
-0.00554578
-0.00672273
-0.00668048
-0.00490256
-0.00544507
-0.00533805
-0.00474094
-0.00561688
-0.00538045
0.000713859
-0.00708942
-0.00665583
-0.00533178
-9.54279e-05
-0.00907888
0.00679793
-0.00465675
-0.0048611
-0.00134133
0.00627861
-0.00621045
-0.00908468
-0.00267858
-0.00377358
0.00620383
-0.00399235
-0.00216131
-0.00314908
-0.00343315
-0.00494696
-0.0020671
-0.00443317
0.00410023
-0.00622598
-0.00468545
-0.00604369
-0.00752673
-0.00345925
-0.00659921
-0.00153048
0.00112244
-0.00849437
0.00430074
-0.00406145
-0.004303
-0.00388941
0.00940766
-0.00450774
-0.00323584
-0.00508712
-0.000549874
-0.00175184
-0.00473456
0.000269192
-0.00574499
-0.00472832
-0.00625618
-0.00600982
-0.00643445
-0.00619046
-0.0019453
-0.00847126
-0.00160633
-0.00341166
-0.00335917
-0.0072256
-0.00508035
-0.00676742
-0.00653376
-0.000480246
-0.00557377
0.00320348
-0.0031059
-0.00876647
-0.00755756
-0.0050408
-0.00578129
-0.00753902
-0.0046218
-0.00689261
-0.0077437
-0.00778585
-0.00799965
-0.00728636
-0.00737417
-0.00474532
-0.00682322
-0.00738274
-0.00739083
-0.00742498
-0.00707582
-0.00684609
-0.00645182
-0.00713336
-0.00511728
-0.00620361
-0.00685874
-0.00356194
-0.00570236
-0.00289141
-0.00731127
-0.00603672
-0.00617754
-0.00589361
-0.00579791
-0.00718894
-0.00685993
-0.00616536
-0.00638626
-0.00686139
-0.00633939
-0.00594839
-0.00716803
-0.00700317
-0.00738064
-0.00650172
-0.00683357
-0.0063396
-0.00600866
-0.00720182
-0.00692786
-0.00745792
-0.00663598
-0.0059704
-0.00626016
-0.00572845
-0.00720906
-0.00601627
-0.00591657
-0.00566551
-0.00535512
-0.00540976
-0.00527045
0.00137524
-0.00508261
-0.00557082
-0.00109768
-0.00597883
-0.00604561
0.00177043
-0.00471278
-0.00435335
-0.00578999
-0.00832564
-0.00595206
-0.00579565
-0.00557914
-0.00581027
-0.00593765
-0.00572379
-0.00569376
-0.00554249
-0.00570537
-0.00546741
-0.0060425
-0.00557035
-0.00597782
-0.00530062
0.00113324
-0.00445967
-0.00517125
-0.00645024
-0.00530705
-0.00307551
-0.00463709
-0.00561318
-0.0075833
-0.00588057
-0.00557895
-0.00585034
-0.00595515
-0.00572702
-0.00569437
-0.00581256
-0.00594355
-0.00546775
-0.00599747
-0.00554405
-0.00597855
-0.00530109
-0.00604233
-0.00557264
0.00164847
-0.00407546
0.000349132
-0.00465568
-0.00589516
-0.0059679
-0.00418064
-0.00577377
-0.00665188
-0.0027549
-0.00579826
-0.0063598
-0.00618099
-0.00618463
-0.00638695
-0.00717948
-0.00686262
-0.00594861
-0.00635605
-0.00685793
-0.00737974
-0.00650172
-0.00716697
-0.00700416
-0.00600911
-0.00670776
-0.00683321
-0.00745948
-0.00663686
-0.00720642
-0.00693431
-0.00572727
-0.00654934
-0.00593968
-0.00592186
-0.00567151
-0.00719956
-0.00602916
-0.00497711
0.000751026
-0.00305613
-0.00745182
-0.00706854
-0.00650468
-0.00428823
-0.00694253
-0.00765016
-0.00222378
-0.00549652
-0.00556045
-0.00549503
-0.00831963
-0.0077308
-0.00807071
-0.00834129
-0.00409312
-0.00724174
-0.00767462
-0.00512342
-0.00838224
-0.00693161
-0.00910344
-0.00967359
-0.0121996
-0.00919195
-0.00862098
-0.0071268
-0.00854743
-0.00938641
-0.00850217
-0.00852434
-0.00855622
-0.00804586
-0.00565846
-0.00773083
-0.00793929
-0.00777826
-0.0081228
-0.00793285
-0.00723755
-0.00675296
-0.008156
-0.00755834
-0.00692291
-0.00783745
-0.0069503
-0.00810655
-0.00646882
-0.00732903
-0.00771142
-0.00794666
-0.00713896
-0.00733438
-0.00622296
-0.0058662
-0.00692368
-0.00726396
-0.0064285
-0.00630044
-8.21854e-05
-0.0021613
-0.00402635
-0.00642106
-0.00547618
-0.00180493
-0.00613287
-0.00491213
-0.00553133
-0.00590181
-0.00114111
-0.00497035
-0.00609105
-0.0056336
-0.00678209
-0.00436618
-0.000356447
-0.00538373
-0.00508432
-0.0034428
-0.00506307
-0.00503081
-0.0053242
-0.0052998
-0.00263589
-0.00467161
-0.00562831
-0.00647599
-0.00626076
-0.00661378
-0.00568921
-0.000864842
-0.00282047
-0.00748766
-0.00734402
-0.00809336
-0.00712984
-0.00733597
-0.00769876
-0.00789511
-0.00588162
-0.00692003
-0.0064469
-0.00630449
-0.00693367
-0.00725969
-0.00477444
-0.00132792
-0.00471106
-0.00591286
-0.00485895
-0.00601449
-0.00413032
-0.0053137
-0.00477011
-0.00778929
-0.00536494
-0.0061653
-0.00375602
-0.00733076
-0.00678765
-0.00713102
-0.00923639
-0.00915038
-0.00803208
-0.00792206
-0.00726628
-0.0103506
-0.0059497
-0.00943559
-0.00883317
-0.00788416
-0.00670755
-0.00839716
-0.00878069
-0.00785772
-0.008081
-0.00168502
-0.00953524
-0.00893086
-0.00856609
-0.00823482
-0.00871646
-0.00889843
-0.00813773
-0.0083219
-0.00863753
-0.00874544
-0.00831151
-0.00951963
-0.00857899
-0.00927232
-0.00813693
-0.00826848
-0.00840995
-0.00811668
-0.00878892
-0.00797287
-0.00899831
-0.00811994
-0.00866817
-0.00832895
-0.0074142
-0.00841223
-0.00836428
-0.00752265
-0.00732707
-0.00826685
-0.00797109
-0.00828141
-0.00821853
-0.0083592
-0.00812499
-0.0116309
-0.00714396
-0.00716351
-0.0074243
0.00369065
-0.00660172
-0.00639856
-0.00639545
-0.00739344
-0.00699917
-0.00646838
-0.00638572
-0.00649714
-0.00580642
-0.00531759
-0.00641871
-0.00559471
-0.00565573
-0.00508096
-0.00375013
-0.005461
-0.00492472
-0.0052915
-0.00709047
0.000671425
0.000483377
-0.00619933
-0.00623511
-0.00604782
-0.00656641
-0.00634144
-0.00656318
-0.00627449
-0.00496882
-0.00504348
-0.00473187
-0.0053913
-0.00493122
-0.00523928
-0.00491203
-0.00289745
-0.00206852
-0.00481755
-0.00483491
-0.00304956
-0.00383166
-0.0047626
-0.00784941
-0.00583877
-0.00509009
-0.00567139
-0.00604561
-0.00627512
-0.00619534
-0.00656167
-0.00627264
-0.00655925
-0.00633663
-0.00474295
-0.0051511
-0.00497345
-0.00524007
-0.00490484
-0.0053901
-0.00492306
-0.00354069
0.00147587
-0.00399023
-0.00584875
-0.000609607
-0.0077172
-0.00548191
-0.00404695
-0.00639303
-0.00636122
-0.00658873
-0.00645971
-0.00637549
-0.0073817
-0.00698927
-0.00531183
-0.00604725
-0.00651458
-0.00565394
-0.00507299
-0.00642754
-0.00559028
-0.00780584
2.11044e-05
-0.00594158
-0.00454018
-0.00588215
-0.00512067
-0.00702406
-0.00647038
-0.00725516
-0.00671427
-0.00699768
-0.00655854
-0.00631527
0.0029585
0.000942905
-0.00821651
-0.00841116
-0.00897178
-0.00813298
-0.0083276
-0.00868604
-0.00895245
-0.00830828
-0.00911518
-0.00853135
-0.00925876
-0.00815248
-0.00955176
-0.00859338
-0.00812696
-0.00866515
-0.0082221
-0.00899037
-0.00813771
-0.00882788
-0.0079842
-0.00740024
-0.00803962
-0.00871085
-0.00755549
-0.00731405
-0.00848457
-0.00833229
-0.00149997
-0.00135916
-0.00798714
-0.00993361
-0.0101082
-0.0079353
-0.00939414
-0.00827404
-0.00878947
-0.00935751
-0.00888683
-0.00805132
-0.00879385
-0.00922938
-0.00907427
-0.00948682
-0.00853246
-0.00877495
-0.00837836
-0.00857849
-0.00952673
-0.00859981
-0.00853745
-0.00924041
-0.0079839
-0.00558641
-0.00846364
-0.00845351
-0.00873607
-0.00860535
-0.00391828
-0.00987522
-0.00907623
-0.0102793
-0.00900813
-0.00892534
-0.00891483
-0.00924264
-0.00866536
-0.00877437
-0.00865045
-0.00880761
-0.00838
-0.00876246
-0.0092615
-0.00862385
-0.00937489
-0.00867907
-0.00852961
-0.0083837
-0.00723751
-0.00625491
-0.00851428
-0.00919553
-0.00837332
-0.00912705
-0.00799866
-0.00796185
-0.00917015
-0.00888504
-0.00810401
-0.0078472
-0.00829072
-0.00794226
-0.00744454
-0.00840512
-0.00819262
-0.00798245
-0.00717975
-0.00902911
-0.00890184
-0.00771589
-0.00765506
-0.00727552
-0.00749993
-0.00466598
-0.0074422
-0.00781781
-0.00782958
-0.00560695
-0.0080829
-0.00535751
-0.00502404
-0.00513859
-0.00685013
-0.00675415
-0.00665578
-0.00699163
-0.00675341
-0.00659973
-0.00662235
-0.00559179
-0.00568239
-0.00502099
-0.00575786
-0.00589233
-0.00562317
-0.00530121
-0.00451961
-0.00123133
-0.00495354
-0.00510709
-0.00519364
-0.00274362
-0.00519882
-0.0051791
-0.00766875
-0.00659516
-0.00606112
-0.00507243
-0.00582872
0.00886855
-0.00617579
-0.00560794
0.00329571
-0.00638696
-0.00761173
-0.00773884
-0.00657414
-0.00665256
-0.00731133
-0.00684426
-0.00659847
-0.00661993
-0.0069882
-0.0067503
-0.00501429
-0.00569914
-0.0055823
-0.00561154
-0.0052904
-0.0057849
-0.00587725
0.00642935
-0.00554908
-0.00617643
-0.00466123
-0.00638304
-0.00016541
-0.0076174
-0.00802013
-0.00794597
-0.00891329
-0.00911367
-0.00811098
-0.00780113
-0.0090823
-0.00883196
-0.00742208
-0.00832812
-0.00832316
-0.00806508
-0.00715402
-0.00846944
-0.0081405
-0.0106059
-0.00850278
-0.00836873
-0.00752366
-0.00947471
-0.00741585
-0.00750155
-0.0107721
-0.0092355
-0.00917885
-0.00923189
-0.00800757
-0.00896376
-0.00911058
-0.00921077
-0.0101035
-0.00808446
-0.0062216
-0.0084993
-0.00807541
-0.00998925
-0.00958748
-0.00782225
-0.0091177
-0.00787667
-0.00903041
-0.00940291
-0.00905855
-0.00904637
-0.00920468
-0.009266
-0.0087415
-0.00909727
-0.00887816
-0.00864391
-0.00870106
-0.00871601
-0.00881159
-0.00918264
-0.00864963
-0.00881919
-0.00854194
-0.00862185
-0.00889429
-0.00832986
-0.00915909
-0.0086535
-0.00839902
-0.00863744
-0.00888335
-0.00811131
-0.0078479
-0.00912832
-0.00913304
-0.00804964
-0.00797718
-0.00819671
-0.00798027
-0.00717423
-0.0082755
-0.00820183
-0.00794047
-0.007421
-0.00432647
-0.00753827
-0.00552876
-0.00775205
-0.00767795
-0.00801113
-0.00770609
-0.00701565
-0.00764247
-0.00851549
-0.0077235
-0.00758988
-0.00722013
-0.00590923
-0.000943711
-0.00705731
-0.00275824
-0.00659698
-0.00629012
-0.00644678
-0.00588562
-0.00650738
-0.00568931
-0.00632948
-0.00601583
-0.00570614
-0.00547798
-0.00582854
-0.00620545
-0.00584871
-0.00558257
-0.00582733
-0.00547036
-0.0057479
-0.00576209
-0.00582276
-0.00428908
-0.00574789
-0.00418366
-0.00409576
-0.00391971
-0.00522411
-0.00334197
0.00729999
-0.00443188
-0.00550496
-0.00232159
0.00174796
-0.00535179
-0.00367039
0.000941553
-0.00563675
-0.0043674
-0.00689748
-0.00344483
-0.00644726
-0.0066978
-0.00659714
-0.00569316
-0.00633157
-0.00589423
-0.00651588
-0.00547141
-0.00584243
-0.00600312
-0.00586117
-0.00558567
-0.00585632
-0.00620969
-0.00432748
-0.00682759
-0.00627317
-0.0037629
-0.00708164
-0.00562052
-0.00794376
-0.00580455
-0.00855109
-0.00780378
-0.00906126
-0.0088292
-0.00803772
-0.00795576
-0.00906426
-0.00909696
-0.00713672
-0.00845769
-0.00816228
-0.00797174
-0.00740255
-0.00832265
-0.00826298
-0.0091747
-0.00843489
-0.00956481
-0.00901189
-0.00754071
-0.00881003
-0.00912712
-0.00905178
-0.00956512
-0.00839488
-0.00804034
-0.00775724
-0.00869038
-0.00759119
-0.00845297
-0.00917066
-0.00884959
-0.0090235
-0.0100365
-0.00880244
-0.00884613
-0.00901404
-0.00847008
-0.00774194
-0.00860832
-0.00921211
-0.00862975
-0.00894661
-0.00942268
-0.00863621
-0.00879962
-0.00591764
-0.00938685
-0.00890962
-0.00826625
-0.00832717
-0.00854199
-0.00871646
-0.00859739
-0.00813456
-0.00859966
-0.00928611
-0.00813727
-0.00914663
-0.00859912
-0.00870652
-0.00828146
-0.00806743
-0.00902945
-0.00817511
-0.00867837
-0.00849483
-0.00848035
-0.00821245
-0.00820992
-0.00754762
-0.00730544
-0.00832533
-0.00869996
-0.00843477
-0.00744362
-0.00806012
-0.0065598
-0.00650148
-0.00726863
-0.00562203
-0.00710668
-0.00916957
-0.00363637
-0.0064163
-0.000868988
-0.00680488
-0.00548863
-0.00601164
-0.00723565
-0.00681119
-0.00622265
-0.00640856
-0.00620742
-0.0057656
-0.00553326
-0.00585233
-0.00520577
-0.00579225
-0.00525706
0.00170639
0.00543764
-0.00585231
-0.00606429
-0.0064799
-0.00538048
-0.0075757
-0.00222426
-0.0044144
-0.00376421
-0.00611836
-0.00577661
-0.00601896
-0.00597116
-0.00611648
-0.00573596
-0.00589623
-0.00539359
-0.00535411
-0.00528449
-0.00519091
-0.00497299
-0.00508627
-0.00489162
-0.00857183
-0.00390673
-0.00468667
-0.000486439
-0.00602005
-0.00563906
-0.00611842
-0.0057358
-0.00589607
-0.00597297
-0.00611684
-0.0052846
-0.00554153
-0.0053963
-0.00508781
-0.00489271
-0.00519337
-0.00497627
0.00328302
-0.00345497
-0.00302259
-0.00342628
-0.00601876
-0.0060186
-0.00681156
-0.00622529
-0.00640984
-0.00723733
-0.00681459
-0.00553647
-0.00645156
-0.0062276
-0.00580248
-0.00526166
-0.00584526
-0.00525152
-0.00313967
-0.00594972
-0.00564322
-0.00535331
-0.00588814
-0.00539424
-0.00539855
-0.00496794
-0.00571839
0.00506168
-0.00745662
-0.00576316
-0.008333
-0.00894951
-0.00890369
-0.00859206
-0.0081301
-0.00848177
-0.00874421
-0.00816847
-0.00961093
-0.00860127
-0.00864944
-0.00826336
-0.0090945
-0.00851585
-0.00818556
-0.00888004
-0.00806555
-0.00848999
-0.00826817
-0.00870735
-0.00846194
-0.00731881
-0.0085195
-0.00819201
-0.00843359
-0.00744546
-0.00833184
-0.00875384
-0.00776885
-0.00753936
-0.00690021
-0.0109824
-0.00706649
-0.00682324
-0.00728332
-0.00888785
-0.009387
-0.00994935
-0.00894736
-0.00931943
-0.00896843
-0.00915093
-0.00869914
-0.00853495
-0.00855219
-0.00945247
-0.00870189
-0.00843846
-0.00934743
-0.00762865
-0.00257095
-0.0096395
-0.00906677
-0.00843116
-0.00850412
-0.00905881
-0.0102572
-0.0100759
-0.00604283
-0.00760901
-0.00851315
-0.00700669
-0.00851676
-0.00804947
-0.00753342
-0.00748349
-0.00777146
-0.00710333
-0.00724483
-0.00695918
-0.00657302
-0.00619755
-0.00702607
-0.00636765
-0.00607358
-0.00196534
-0.0098423
-0.00644769
-0.00584146
-0.00629986
-0.00608745
-0.00819926
-0.00634886
-0.00697735
-0.00716408
-0.00772388
-0.00729744
-0.00531288
0.00254322
0.00271588
-0.00416519
-0.00495525
0.00565287
-0.00317698
0.0108174
-0.00422135
-0.00489381
0.00882745
-0.00396481
-0.00440019
-0.00466549
-0.00269676
-0.00552622
-0.00695294
-0.00646972
-0.00778389
-0.00748101
-0.00801681
-0.00798644
-0.00708502
-0.00724025
-0.00776448
-0.00620931
-0.00705965
-0.00698267
-0.00637031
-0.00609127
-0.0070383
-0.00505883
-0.00835156
-0.00563191
-0.00593759
-0.00912723
-0.00767958
-0.00460146
-0.00855237
-0.0100783
-0.00848973
-0.010478
-0.00833812
-0.00741986
-0.00937968
-0.00860123
-0.00776699
-0.00806327
-0.00915857
-0.00852603
-0.00891954
-0.00838177
-0.0111826
0.00140202
-0.00111726
-0.007153
-0.00848111
-0.00573444
-0.00748741
-0.0081106
-0.00521781
-0.00740987
-0.00388413
-0.00509693
-0.00476796
-0.00400358
-0.00758524
-0.00546633
-0.00495594
-0.00703808
-0.00301363
-0.0063684
-0.00655271
-0.000861397
-0.00694582
-0.00633487
-0.00672204
-0.0053845
-0.00725538
-0.00599049
-0.00656433
-0.00695015
-0.00757513
-0.0065432
-0.00716009
-0.00661537
-0.00713023
-0.00605411
-0.00663232
-0.00720929
-0.00628235
-0.00635009
-0.00591637
-0.0059662
-0.00506804
-0.00623491
-0.00573333
-0.00568921
-0.00551167
-0.00668863
-0.00542541
-0.00566074
-0.0025748
-0.00551464
0.00206967
-0.00340313
-0.00484506
0.000203549
-0.00619192
-0.00557992
-0.00623855
-0.00606556
-0.00603452
-0.00600255
-0.00664102
-0.00607668
-0.00627344
-0.00547644
-0.00579369
-0.0051998
-0.00519824
-0.00535515
-0.00528991
-0.0055466
-0.00262395
-0.00547845
-0.00479025
-0.00543492
-0.00434664
0.000595424
-0.00504562
-0.000153718
-0.00584872
-0.00570334
-0.00121894
-0.00602931
-0.00609794
-0.00623952
-0.00607709
-0.00628465
-0.00599888
-0.00663707
-0.00519804
-0.0057977
-0.00547898
-0.00528306
-0.00554955
-0.00519057
-0.00536135
-0.00450962
-0.00329425
-0.00673052
-0.00724021
-0.00696736
-0.00597991
-0.00657357
-0.00545374
-0.00727436
-0.0065436
-0.00735428
-0.00694328
-0.00713816
-0.00604579
-0.00716599
-0.00661392
-0.00628223
-0.0070704
-0.00667718
-0.00595414
-0.0050592
-0.00632224
-0.00591063
-0.00569209
-0.00702565
-0.00623971
-0.00541908
-0.00566651
-0.00550324
-0.00672672
-0.00445524
-0.00526538
-0.00488071
-0.00494257
0.000382439
-0.00353621
-0.00301069
-0.00702107
-0.00593862
-0.00099281
-0.00730853
-0.00715681
-0.00246548
-0.0076689
-0.00831264
-0.0039318
-0.00584371
-0.00410448
-0.00653821
-0.00748112
-0.00758238
-0.0071852
-0.00792783
-0.00740293
0.000223598
-0.00733138
-0.00777633
-0.00724674
-0.00640797
-0.00630547
-0.00162901
-0.00137046
-0.00735658
-0.00604014
-0.00716754
-0.00665584
-0.0047269
-0.00405898
-0.00649608
-0.00520454
-0.00626326
-0.00700708
-0.00705358
-0.00622415
-0.00884956
-0.00676307
-0.00839714
-0.00572835
-0.00505652
-0.00653494
-0.00556128
-0.00468137
-0.00594881
-0.00868603
-0.00482405
-0.00430882
-0.00609946
-0.00530409
-0.00578849
-0.00515317
-0.0032873
-0.00597265
0.0014848
0.00111717
-0.00685831
-0.00686557
-0.00612002
-0.00452428
-0.000152939
-0.00622098
-0.00627808
-0.00167762
-0.00516657
-0.00487951
0.00412718
-0.00798695
-0.00561931
-0.00484497
-0.00560142
-0.00681132
-0.00598233
-0.00466515
-0.00649155
-0.00601468
-0.00589201
-0.00541964
-0.00177694
-0.00557221
-0.0061919
-0.00590369
-0.0065322
-0.000924628
0.005553
-0.00628679
-0.00552016
-0.00426413
-0.00635214
-0.0077651
-0.00323573
-0.00516532
-0.00463902
-0.00354071
-0.00524123
-0.00406972
-0.00253899
-0.00334069
-0.00563235
-0.00133995
-0.00677678
-0.00385483
-0.00699195
-0.00707828
-0.00628518
-0.00764326
-0.0042542
-0.006194
-0.00652904
-0.00386893
-0.00667221
-0.00432105
-0.00535795
-0.00906462
-0.00845449
-0.00560241
-0.00669211
0.002262
-0.010256
-0.00532167
-0.00836693
-0.00576101
-0.00875764
-0.00827041
-0.00714513
0.00642166
-0.00592904
-0.00710647
-0.00526214
-0.00737623
-0.00514785
-0.00806864
-0.00657505
-0.00451002
-0.00708033
-0.00762037
-0.00769679
-0.00771015
-0.00571746
-0.00478897
-0.00761783
-0.00713017
-0.00477075
-0.00766479
-0.006982
-0.0075771
-0.00703942
-0.00450572
-0.00752848
-0.00640943
-0.00476819
-0.00672591
0.00465713
-0.00593019
-0.00363797
-0.00648486
0.00123827
-0.00343922
-0.00621896
-0.00366724
-0.00156775
-0.000676233
-0.00194897
0.0033653
-0.00369534
-0.00336739
-0.00379137
-0.00426422
-0.00526925
-0.00573923
-0.00586043
-0.00458749
-0.00649098
-0.0063479
-0.00548952
-0.00342368
-0.00535881
-0.00839123
-0.000774138
-0.00644889
-0.00556103
-0.00653119
-0.00589824
-0.00336826
-0.00422693
-0.00530384
-0.00496439
-0.00284921
-0.00370054
-0.00531804
-0.00653071
-0.000961284
-0.00364529
-0.00683257
-0.00848089
-0.00161134
-0.00337262
-0.00341432
-0.00579598
-0.00492436
-0.00663994
-0.00372293
-0.00514249
-0.000934589
-0.00647675
-0.00527994
-0.00353195
-0.00453926
-0.00574173
-0.00498284
-0.00596938
-0.0063757
-0.00634212
-0.00877933
-0.00607712
-0.00579471
-0.00537384
-0.00502325
-0.00435811
-0.00722061
-0.00508073
-0.00652778
-0.00676729
-0.00631469
-0.00742851
-0.00756623
-0.00695714
-0.0069153
-0.00556049
-0.00701855
-0.00616643
-0.00549525
-0.00608826
-0.0068057
-0.00772293
-0.00985578
-0.00703092
-0.0066914
-0.00845129
-0.00708669
-0.00674171
-0.000480403
-0.00557791
-0.00311255
0.00320427
-0.00322524
0.00128261
0.00511772
-0.00752903
-0.00617595
-0.00730108
-0.0062198
-0.00361021
-0.00587695
-0.00580342
-0.00584029
-0.00361075
-0.00648504
-0.00605733
-0.00642428
-0.00682967
-0.00652358
-0.0061061
0.00590873
-0.00477853
-0.00599962
-0.00552818
-0.00763773
-0.00575262
-0.0053653
0.00222119
-0.00479961
-0.00458043
-0.00307734
-0.000168337
-0.00535555
-0.00124902
0.00393392
-0.00526052
-0.00700446
-0.00729764
-0.00818858
-0.00426627
-0.00547112
-0.00793162
-0.00792102
-0.00112068
-0.00866208
-0.00614024
-0.00694042
-0.00234197
-0.00456631
-0.00453682
-0.00153339
0.00112262
0.00430134
-0.00849275
-0.00799069
-0.00384384
-0.00464917
0.000563179
-0.00400882
-0.00218597
-0.00544762
-0.00500163
-0.00456899
-0.0045918
-0.00505524
-0.00441683
-0.000772179
-0.00464772
-0.00445017
-0.0028925
-0.00829171
-0.00431788
-0.00411829
-0.00331962
-0.00430753
0.00834279
-0.00334401
-0.00491994
-0.00406177
-0.00430529
-0.0038898
0.00940469
-0.00323717
-0.00450773
-0.00425258
-0.00156691
0.0022794
-0.00509621
0.00184983
-0.00495964
-0.00325633
-0.0053667
-0.00805495
-0.00646063
-0.00683842
-0.00508828
-0.00175332
-0.000550197
-0.0047346
0.000267294
-0.00472904
-0.00574521
-0.00508374
0.0084652
-0.00606523
0.00286394
-0.00643452
-0.00539992
-0.0067261
0.00128366
0.0011368
-0.00625703
-0.00601005
-0.00619264
-0.00643477
-0.00756829
-0.00528496
-0.00439284
-0.00524143
-0.0067828
-0.000751987
-0.0052981
-0.0049374
-0.00618657
-0.00142884
-0.00530442
-0.00701236
-0.00688578
-0.00503587
-0.00536888
-0.00557017
-0.00592971
-0.00531157
0.00205302
-0.00533753
-0.00471897
0.00529093
-0.00380543
0.00160742
-0.00568585
0.00993158
-0.0047598
-0.00644974
0.00841639
-0.00494325
-0.003804
-0.00447521
-0.00426635
-0.0054751
-0.00793194
-0.00112201
-0.00792921
-0.00866497
-0.00614483
-0.00533008
-0.00126101
0.00395431
-0.00701188
-0.00522386
-0.00729794
-0.00819656
-0.00799004
-0.00384333
0.000562189
-0.00464818
-0.00267538
0.00620385
-0.00377327
-0.00693833
-0.00233965
-0.00453503
-0.00456278
-0.00441534
-0.000772225
-0.00444931
-0.0046454
-0.00830008
-0.00289444
-0.00431716
-0.00400708
-0.00215718
-0.00499612
-0.00545019
-0.00459005
-0.00457145
-0.00505753
-0.00425299
0.00228124
-0.00156619
-0.005096
0.0018502
-0.00325658
-0.00495879
-0.00399137
-0.00215739
-0.00343147
-0.00314607
-0.00411707
-0.0033179
-0.00430674
0.0083416
-0.00491915
-0.00334234
-0.00508234
0.00846571
-0.0060652
0.0028659
-0.00539963
-0.00643264
-0.00494551
-0.0020655
-0.00443249
0.00410236
-0.00468491
-0.00622501
-0.00536501
-0.00805099
-0.00683607
-0.00645942
-0.00756812
-0.00528483
-0.00524071
-0.00439826
-0.00604087
-0.00752169
-0.00659646
-0.00345545
-0.0067242
0.0011302
0.00129037
-0.00701136
-0.00688607
-0.00536923
-0.00503921
-0.00592961
-0.00557439
-0.00531268
-0.00678154
-0.000737369
-0.00494291
-0.0052976
-0.00143112
-0.00618092
-0.00530505
0.00992976
-0.00644947
-0.00476314
0.0084066
-0.0049653
-0.00379928
-0.00449602
0.00207333
-0.00471953
-0.00534285
0.00528789
-0.00382236
0.0015905
-0.00570048
-0.00345498
-0.00368619
-0.00627708
-0.00148458
-0.00646452
0.00120709
0.00337086
-0.00369183
-0.00378839
-0.00335979
-0.000668435
-0.00839484
-0.000756945
-0.00556712
-0.00641157
-0.00652788
-0.00589909
-0.00336415
-0.00422254
-0.00496127
-0.00531127
-0.00369925
-0.00284518
-0.00531192
-0.00426252
-0.0056643
-0.0052804
-0.00584873
-0.00458448
-0.00648808
-0.00548822
-0.00635273
-0.003419
-0.00535358
-0.00579061
-0.00492336
-0.00372101
-0.0066414
-0.00906466
-0.0046467
0.00681037
-0.00652004
-0.000941299
-0.00683648
-0.00363266
-0.00513602
-0.000929073
-0.00527571
-0.00647686
-0.00453199
-0.00351
-0.00573765
-0.0049738
-0.00595018
-0.00634193
-0.00637346
-0.00608396
-0.00875147
-0.00579149
-0.00631563
-0.00742342
-0.00695638
-0.00756322
-0.00486949
-0.0013287
-0.00621976
0.00627539
-0.0053768
-0.00436488
-0.00504336
-0.00692146
-0.005557
-0.00616705
-0.00702027
-0.00608963
-0.00550298
-0.00680918
-0.00773045
-0.00985934
-0.00669128
-0.00703375
-0.0070873
-0.00845579
-0.00674441
-0.0032239
-0.00908243
-0.00360532
-0.00648281
-0.00642323
-0.00605597
-0.00651982
-0.00682217
-0.00610491
0.00591486
-0.00477563
-0.00552856
-0.00599795
-0.00763563
-0.00575188
0.00129374
0.00510311
-0.00617515
-0.00753465
-0.00729392
-0.00621391
-0.00359693
-0.00580375
-0.00585692
-0.00583551
-0.00457549
-0.00480386
-0.00304939
-0.000170154
-0.00536581
0.00216967
-0.00669912
0.00225111
-0.00532301
-0.0102432
-0.00836568
-0.0055891
0.00643656
-0.00710378
-0.00590824
-0.00525007
-0.00735036
-0.00515251
-0.00657061
-0.00805252
-0.00450336
-0.00706369
-0.0057462
-0.0087273
-0.00826462
-0.0071243
-0.0047962
-0.00713479
-0.00760805
-0.00476245
-0.0076719
-0.00698365
-0.00704528
-0.00755267
-0.00448626
-0.00755659
-0.00762027
-0.00766555
-0.00772628
-0.00572171
-0.00671061
-0.00479153
0.00471441
-0.00591485
-0.00354987
-0.00646607
-0.00181042
-0.00831805
-0.00710955
-0.0058212
-0.0125403
-0.00821901
-0.00431115
-0.00216747
-0.00173688
-0.00968027
-0.0112027
-0.0111227
-0.00816493
-0.00894826
-0.00784341
-0.00218926
-0.00667166
-0.00704029
-0.00773194
-0.0080779
-0.00834173
-0.00523693
-0.00767773
-0.00549589
-0.00822191
-0.00969882
-0.00910569
-0.00853317
-0.00588213
-0.00804777
-0.00590712
-0.00840042
-0.0113258
-0.00818596
-0.00874704
-0.00811669
-0.00949729
-0.00825509
-0.00833743
-0.00408374
-0.00723336
-0.00511909
-0.00766941
0.000152115
-0.00770927
-0.00754761
-0.00460694
-0.00769961
-0.00551512
-0.00817753
-0.00096065
-0.00760505
-0.00859086
-0.00657332
-0.0080067
-0.00772214
-0.00756345
-0.000309102
-0.00735462
-0.00778069
-0.00837525
-0.00692278
0.00159022
-0.00810067
-0.00651215
0.00228004
-0.00759045
-0.00756093
-0.00717798
-0.0109986
-0.00714408
-0.00680387
-0.00350226
-0.00782105
-0.00684034
-0.00353379
-0.00532978
-0.00458118
-0.00277773
-0.00847759
-0.00300199
-0.00513078
-0.00736867
-0.00688008
-0.00755815
-0.00118345
-0.00483184
-0.00300895
-0.00756038
-0.00586784
-0.00325863
-0.00543455
-0.00735256
-0.00748462
-0.0070242
-0.00591009
-0.00232562
-0.00549343
-0.00688614
-0.00546346
-0.00749212
-0.00691893
-0.00603878
-0.00730126
-0.00406113
-0.00949668
-0.00752311
-0.00745191
-0.00706203
-0.00651151
-0.0042869
-0.00765692
-0.00693808
-0.00731895
-0.00644296
-0.007313
-0.00788443
-0.00745506
-0.00807848
-0.00741638
-0.00714614
-0.00400893
-0.00697085
-0.0072107
-0.0072603
-0.00735094
-0.00693665
-0.00658164
0.00419294
-0.00701268
-0.00717952
-0.00637618
-0.00661835
-0.00565972
-0.00612965
-0.00681976
-0.0063446
-0.00222253
-0.00549077
-0.00549898
-0.00555168
-0.00720384
-0.00160116
-0.00993795
-0.00587247
-0.00669664
-0.00600799
-0.00635356
-0.00369948
-0.00352395
-0.00261442
-0.00631733
-0.00190763
0.000367136
-0.00464481
-0.00572768
-0.00628255
-0.00577158
-0.0020022
0.000295575
-0.00384667
-0.00231218
-0.00221693
0.00155109
-0.00307822
-0.0059916
-0.00516911
-0.004219
-0.00522728
-0.000192701
-0.00579285
-0.00583575
-0.0050902
-0.00384631
0.000138282
-0.00573758
-0.00793047
-0.00695227
-0.00659594
-0.00697032
-0.00756777
-0.00713207
-0.00612969
-0.00590965
-0.00419993
-0.00604705
-0.0026975
-0.00663001
-0.00466128
-0.00385146
-0.00589902
-0.000955355
-0.0048838
-0.00565941
-0.00589741
7.37012e-05
-0.00607614
-0.00484099
-0.00490023
0.000744367
-0.00224534
0.00205965
-0.00528937
-0.00323468
-0.00464796
0.000974284
-0.00425766
-0.00514501
-0.00512739
-0.0048824
0.000700975
-0.00340302
-0.00326574
-0.00149151
0.000508552
-0.0055783
-0.00486126
0.00064409
-0.00496831
-0.00447793
-0.000547499
0.000172038
-0.00530545
-0.00628617
-0.00352546
-0.00594683
-0.00592844
-0.00554698
0.000314435
-0.00563591
-0.00518292
0.000742269
-0.00507056
-0.00043087
-0.00564852
-0.00645075
-0.00307709
-0.00530671
-0.0046368
-0.00561308
-0.00587755
-0.00758404
-0.00468443
-0.00411933
8.89756e-05
-0.00498831
-0.00557178
-0.00470456
-0.00516667
-0.00452603
-0.00201546
-0.0036307
-0.00420113
-0.00437949
-0.0041099
-0.00440776
0.00164563
-0.0040737
-0.00465511
0.000335615
-0.00260567
-0.0050201
-0.00555299
-0.00471682
0.0010118
-0.0040889
-0.00513776
0.00117531
-0.00516295
-0.0043745
0.00136783
-0.00450276
-1.12264e-05
-0.00442417
0.000637108
-0.00496848
-0.00054779
-0.00448253
0.000499868
-0.00557611
-0.00485996
0.000730439
-0.0050721
-0.000431659
-0.00565939
0.00015776
-0.00532877
-0.00630755
-0.00353684
-0.00596362
-0.0055607
-0.0059589
-0.00564017
0.000284698
-0.0051994
-0.0059453
0.00177071
-0.00604847
-0.00469044
-0.00436857
-0.00832888
-0.00570717
-0.00453101
-0.00363433
-0.00203436
-0.00420196
-0.00439729
-0.0044093
-0.00411516
-0.0046951
5.90278e-05
-0.00413881
-0.00499848
-0.00559253
-0.00517422
-0.00471959
0.00113514
-0.00447765
-0.00517085
0.00138154
-0.00449674
-9.78682e-07
-0.00438414
-0.00259197
-0.00502736
-0.00471198
-0.00552895
-0.00408294
0.00102601
-0.00512762
0.00125141
-0.00514949
-0.0043969
-0.00385691
-0.00235035
0.000272788
-0.00524604
-0.000204973
-0.00580212
-0.00512643
-0.00587422
0.000117146
-0.00391843
-0.00576492
-0.00216184
0.00152483
-0.00604421
-0.00308809
-0.0052026
-0.00416912
-0.00581616
-0.0025923
-0.00613342
-0.00734052
-0.00776164
-0.00691695
-0.00658866
-0.00687884
-0.00713804
-0.00748959
-0.00491193
-0.0056921
-0.00594915
6.64898e-05
-0.00485653
-0.00613751
-0.00537624
-0.00540457
-0.00527387
0.0013607
-0.00557595
-0.00509453
-0.0046857
-0.00384073
-0.00105056
-0.00591857
-0.00118012
-0.00427828
-0.00511583
-0.00518657
0.000682186
-0.00488999
-0.00341584
-0.0032568
-0.00156326
-0.00221374
-0.00533169
0.00204853
-0.00329878
-0.00472805
0.000895398
-0.00278892
-0.00513531
-0.00740288
-0.00755003
-0.00688316
-0.00847843
-0.00592468
-0.00236788
-0.00690477
-0.00550468
-0.0055183
-0.00750274
-0.00119423
-0.0030197
-0.0048377
-0.00756576
-0.0058724
-0.00325571
-0.00735783
-0.0054245
-0.00748786
-0.00702617
-0.00876724
-0.00755545
-0.00577344
-0.00504044
-0.00691325
-0.00603049
-0.00729698
-0.00405561
-0.00751908
-0.00949457
-0.00753559
-0.00688601
-0.00461181
-0.00773654
-0.00777721
-0.00728134
-0.00799773
-0.00731688
-0.00729784
-0.00642953
-0.00789348
-0.00744776
-0.00742056
-0.00807702
-0.0073779
-0.00681861
-0.00474832
-0.00739135
-0.00738827
-0.00707661
-0.00743161
-0.00714745
-0.0070029
-0.00400588
-0.00718136
-0.00725484
-0.00697024
-0.00735235
-0.00653906
-0.0065959
-0.00565541
-0.00603564
-0.00633285
-0.00688598
-0.00677689
-0.00646742
-0.00710352
-0.00503266
-0.00686534
-0.00621701
-0.0066233
0.00423877
-0.00720776
-0.00700505
-0.00721338
-0.00355545
-0.00191136
0.000374543
-0.00574033
-0.00465679
-0.00628772
-0.00578014
-0.00159914
-0.00992583
-0.0066953
-0.00586729
-0.00598563
-0.00636222
-0.00370229
-0.00262174
-0.00353318
-0.00632487
-0.00201396
-0.00178671
-0.00710521
-0.00582019
-0.00215978
-0.0097105
-0.00172905
-0.0112075
-0.0111354
-0.00816131
-0.00785469
-0.00894909
-0.00667119
-0.00218416
-0.00705409
-0.0125213
-0.0082055
-0.0042894
-0.00524037
-0.00768275
-0.0082231
-0.00549971
-0.011325
-0.00817917
-0.00812165
-0.00873801
-0.00825596
-0.00949017
-0.0083372
-0.00969492
-0.00908348
-0.00852901
-0.00587857
-0.00805437
-0.00591263
-0.00839851
0.000133064
-0.00770381
-0.00755391
-0.00659044
-0.00802756
-0.00757449
-0.00773327
-0.00736767
-0.000333366
-0.00781204
-0.00461655
-0.00770979
-0.005517
-0.00821412
-0.000969905
-0.00761025
-0.00862431
0.00158377
-0.00759517
-0.00719332
-0.00757226
-0.00718079
-0.0110181
-0.00685624
-0.00353064
-0.00686637
-0.00787585
-0.00355641
-0.00537107
-0.00807218
-0.00653813
0.00222864
-0.00455894
-0.00717537
-0.00940477
-0.00458956
-0.00942863
-0.00943955
-0.011366
-0.00927282
-0.00914658
-0.00848864
-0.00844977
-0.00837527
-0.00630024
-0.00897243
-0.0089558
-0.0106068
-0.00865182
-0.00838676
-0.0088171
-0.00876186
-0.0087692
-0.00801153
-0.00789413
-0.0101034
-0.00850122
-0.00832128
-0.00806237
-0.00822731
-0.0088282
-0.00782717
-0.00857181
-0.0101404
-0.00816018
-0.00903863
-0.00696791
-0.0071596
-0.00858933
-0.00801115
-0.00266479
-0.00777287
-0.00952976
-0.00523712
-0.00981757
-0.00410579
-0.00535384
-0.00476393
-0.00780484
-0.00471649
-0.00529663
-0.00583817
-0.0081973
-0.00928421
-0.00761998
-0.00773826
-0.0060309
-0.00839016
-0.00847311
-0.00869687
-0.00596005
-0.00698166
-0.00452121
-0.00803638
-0.00795535
-0.00801173
-0.00893603
-0.00884503
-0.00927716
-0.00911292
-0.00579773
-0.00875129
-0.00901718
-0.0090136
-0.00846128
-0.00927352
-0.00859861
-0.00890782
-0.00825804
-0.00888544
-0.00808337
-0.00837258
-0.00843438
-0.008125
-0.00823382
-0.00785759
-0.00560914
-0.00713975
-0.00783278
-0.00777442
-0.00835546
-0.00790803
-0.00699808
-0.0086044
-0.000908976
-0.00818985
-0.00820176
-0.00770626
-0.00774267
-0.0100574
-0.00956383
-0.00803485
-0.00539366
-0.0037296
-0.00619869
-0.00731682
-0.00705915
-0.00683738
-0.00354761
-0.0037841
-0.00430321
-0.00670758
-0.00588485
-0.00769089
-0.00830655
-0.00779564
-0.00910266
-0.00428212
-0.00497313
-0.004715
-0.00733249
-0.00652016
-0.00880805
-0.0009427
-0.00473792
-0.00327638
-0.00422473
-0.00691823
-0.00748812
-0.00278438
-0.00518647
-0.00047423
-0.00649358
-0.00663142
-0.00680745
-0.00417282
-0.0028226
-0.00643014
-0.0108544
-0.00709945
-0.0069091
-0.00683204
-0.00266056
-0.00633158
-0.00576451
-0.00609613
-0.00477156
-0.00469847
-0.00134436
-0.00589727
-0.00600122
-0.00484001
-0.00231126
-0.00506393
-0.00466553
-0.00278933
-0.00667476
-0.00612753
-0.00685635
-0.00792603
-0.00417702
-0.0064138
-0.00686866
-0.00628177
-0.00103013
-0.00568373
0.00117219
-0.00512278
-0.00513633
-0.00390959
-0.0056859
-0.00644413
-0.00631689
-0.00650323
-0.0010794
-0.00571145
-0.00591463
-0.00615224
-0.0062729
-0.0051805
0.000443746
-0.0063138
-0.00500281
-0.00554014
-0.00662755
-0.00215521
-0.00518694
-0.00365446
-0.00517822
-0.0015702
-0.0049517
-0.00608325
-0.00675612
-0.00556728
-0.00615367
-0.00677948
-0.00635567
-0.00606165
-0.00278042
-0.00607027
0.0016734
-0.00315102
-0.00584352
-0.000947859
0.00122523
-0.00634429
-0.00452135
-0.00502832
-0.00556171
0.00183879
-0.00576098
-0.0040827
0.00452779
-0.006528
-0.0057817
0.00936854
-0.00537706
0.00757952
-0.00538397
-0.00343379
-0.00508211
-0.00506333
-0.00501948
-0.00530442
-0.00532078
-0.00514675
-0.00448729
0.00174738
-0.005175
-0.00714016
-0.00503638
-0.00365248
-0.0057616
-0.00283479
-0.00437328
-0.00418763
-0.0052498
-0.0052339
-0.00668506
-0.00265579
-0.00472025
-0.00452214
0.00454671
-0.00536847
-0.00762507
-0.00565912
-0.000956708
-0.00604178
-0.00539278
-0.0054353
-0.00652598
-0.00452094
-0.00502201
0.00123674
-0.00634017
-0.00653022
0.00938235
-0.00577636
-0.00536527
0.00758328
-0.00554761
-0.00575657
0.00184303
-0.00407636
0.0045295
-0.00553041
-0.00114525
-0.00592682
-0.00495524
-0.00610741
-0.00677465
-0.00562138
-0.00573676
-0.00436439
-0.00275746
-0.00416285
-0.00523346
-0.0066696
-0.00520121
-0.00514582
0.00191863
-0.00447676
-0.0051821
-0.00714335
-0.00372873
-0.00507534
-0.00436397
-0.000397699
-0.000927404
-0.00540669
-0.00606853
-0.0053719
-0.00655177
-0.00454894
-0.00538987
0.0045781
-0.00760417
-0.00571094
-0.000991034
-0.00505367
-0.00512102
-0.00376946
-0.0056902
0.00125266
-0.00547443
-0.00178305
-0.00486845
-0.00610121
-0.00585789
-0.00625176
-0.00613954
0.000499388
-0.00509625
-0.00629367
-0.00530445
-0.00368675
-0.00527967
-0.00158733
-0.00601637
-0.00502248
-0.00488062
-0.00551919
-0.00222164
-0.00662717
-0.00665665
-0.00614933
-0.00558533
-0.00639908
-0.0067643
-0.00602479
-0.00315489
-0.00582393
-0.000863353
-0.00606395
0.00166692
-0.00277543
-0.000474618
-0.00519545
-0.00650249
-0.0068022
-0.00664434
-0.00473039
-0.003287
-0.00423635
-0.00690652
-0.00264826
-0.00630608
-0.00575585
-0.00606272
-0.00413761
-0.00280723
-0.0064323
-0.00708538
-0.0108446
-0.00689798
-0.00681327
-0.00230405
-9.44015e-05
-0.0021695
-0.00401627
-0.00642454
-0.00420751
-0.00642184
-0.00688486
-0.00630175
-0.00507059
-0.00464022
-0.00667782
-0.00278092
-0.00613358
-0.00686237
-0.00793622
-0.00526769
-0.00480454
-0.00580445
-0.00526353
-0.00821275
-0.00761333
-0.00922452
-0.0097989
-0.00592844
-0.00698407
-0.0080036
-0.00448075
-0.00781607
-0.00797622
-0.00780655
-0.00614246
-0.0084286
-0.00855222
-0.00882184
-0.00903606
-0.00964847
-0.00912153
-0.0121669
-0.00879737
-0.0088353
-0.00922913
-0.00906943
-0.00880444
-0.00576647
-0.00893664
-0.0084674
-0.00899196
-0.00847454
-0.00930706
-0.00888073
-0.00863954
-0.00852072
-0.00713101
-0.0093081
-0.00850972
-0.00858501
-0.00854284
-0.00827425
-0.00809484
-0.00889427
-0.00840412
-0.00844038
-0.00826877
-0.00814142
-0.0080531
-0.00774282
-0.00564343
-0.00796702
-0.00779253
-0.00795089
-0.00812561
-0.00787046
-0.00716409
-0.00560119
-0.00786413
-0.00779372
-0.00793148
-0.00835407
-0.00716523
-0.00675587
-0.00827943
-0.00763236
-0.00784087
-0.00686219
-0.00696439
-0.00864293
-0.00810614
-0.000920089
-0.00817655
-0.00774758
-0.00773627
-0.00949353
-0.00981069
-0.00808096
-0.00355869
-0.00378241
-0.00429171
-0.0067162
-0.00690437
-0.00429182
-0.0049537
-0.00733632
-0.00467769
-0.00660586
-0.00880219
-0.00589561
-0.00770338
-0.00819459
-0.00781575
-0.00913978
-0.000907144
-0.00717582
-0.00944497
-0.00457841
-0.00950085
-0.00942194
-0.0113225
-0.00851284
-0.00844386
-0.0083141
-0.00900913
-0.00622238
-0.00893105
-0.0107927
-0.00864101
-0.00883662
-0.00867518
-0.00874072
-0.00899505
-0.0101462
-0.00850659
-0.0083096
-0.00814639
-0.00820875
-0.00889348
-0.00789307
-0.00858236
-0.00810645
-0.0102103
-0.00907003
-0.00708018
-0.00858648
-0.00805199
-0.00255284
-0.0077893
-0.00939505
-0.00851688
-0.00983583
-0.00804682
-0.00869521
-0.0094309
-0.00298388
-0.00840161
-0.00788513
-0.00937947
-0.00840762
-0.0088287
-0.00867548
-0.0100405
-0.00899575
-0.0089723
-0.00904632
-0.00895547
-0.00904602
-0.00798634
-0.00923309
-0.00908911
-0.00958302
-0.00966012
-0.00814647
-0.0058547
-0.00897089
-0.0089255
-0.00894093
-0.00940951
-0.00909169
-0.00914179
-0.00891774
-0.0089527
-0.00889176
-0.00973346
-0.00943382
-0.00799958
-0.00819925
-0.0089215
-0.00934594
-0.00806991
-0.00878773
-0.00877528
-0.00901936
-0.00958269
-0.00888729
-0.00905818
-0.00869994
-0.00864337
-0.00861277
-0.00926754
-0.00883099
-0.00864609
-0.00953714
-0.00877991
-0.00927485
-0.00892316
-0.0087841
-0.00893839
-0.00868738
-0.00905652
-0.00918502
-0.00981644
-0.00887257
-0.00850067
-0.00835693
-0.00855054
-0.00849496
-0.0093806
-0.00852738
-0.00870343
-0.0086219
-0.00804567
-0.0086352
-0.00849827
-0.0101744
-0.00875528
-0.00858506
-0.0091896
-0.00885231
-0.00859084
-0.00891641
-0.00889194
-0.008763
-0.0100966
-0.00879725
-0.00914427
-0.00560949
-0.00798398
-0.00836935
-0.00874952
-0.00837976
-0.00725508
-0.00790036
-0.00883527
-0.00832291
-0.00752994
-0.00876541
-0.00906954
-0.00874631
-0.00815077
-0.00898751
-0.00845971
-0.00861674
-0.00868493
-0.00928444
-0.00831862
-0.00865884
-0.00807038
-0.00848337
-0.00956347
-0.00839005
-0.00831727
-0.00888677
-0.00869785
-0.00380445
-0.00865451
-0.00891574
-0.0107133
-0.00655379
0.001378
0.00094162
-0.00862302
-0.00413683
-0.00769971
-0.00600973
-0.00423315
-0.00854817
-0.00736526
-0.00871646
-0.00762925
-0.00786209
-0.00848414
-0.00814361
-0.00752908
-0.0075962
-0.0118099
-0.00923858
-0.00836918
-0.0083162
-0.0098386
-0.0102434
-0.00892299
-0.00793808
-0.00898556
-0.0071971
-0.00746982
-0.00838487
-0.00846225
-0.00809664
-0.00830036
-0.011172
-0.0087768
-0.00787575
-0.0083954
-0.00808922
-0.00514674
-0.00856231
-0.00787965
-0.00139968
-0.00155585
-0.00797521
-0.010096
-0.00999286
-0.00738873
-0.00756414
-0.00369527
-0.0069483
-0.00810695
-0.00785938
-0.00637466
-0.0059429
-0.00150202
-0.00687257
-0.00510193
-0.00633155
-0.00405465
-0.00726809
-0.00663862
-0.00546745
0.00421536
-0.00703984
-0.00649185
-0.00727247
-0.00675039
-0.00657369
-0.00701896
-0.00719578
-0.00760961
-0.00744082
-0.00674532
-0.0054418
-0.00743647
-0.00775687
-0.00551542
-0.00421551
-0.00703394
-0.0065337
-0.00593077
-0.00646106
-0.00706774
-0.00376476
-0.00599477
-0.00635097
-0.00666167
-0.00517607
-0.00900029
-0.00340695
-0.00664966
-0.00631257
0.00295029
-0.00472114
-0.0048587
-0.00933431
-0.00802225
-0.00454446
-0.00548367
-0.00624789
-0.00650132
-0.00404744
0.00518998
-0.00563489
-0.00536252
-0.00618343
-0.0065211
-0.00797337
-0.00978166
0.000385813
-0.00734217
0.00406542
-0.00683805
-0.00668368
-0.00771269
-0.00113911
-0.00665764
0.0023519
-0.00348151
-0.00431328
-0.00669391
-0.0069256
-0.00718289
-0.0066589
-0.00699665
-0.00709509
-0.00781421
-0.00594846
6.17555e-05
-0.00452925
-0.00511536
-0.005864
-0.00127413
-0.0041724
-0.00567987
-0.00615473
-0.00532378
-0.00493928
-0.0035137
-0.000771051
-0.00277443
-0.00456938
-0.00471404
-0.00398937
-0.0044519
-0.00344419
-0.00304123
0.00434519
-0.00324331
-0.00337693
-0.0040353
-0.00744777
-0.00110886
-0.00595797
-0.00623466
-0.00169953
-0.00657486
-0.00617399
-0.00785266
-0.00584435
-0.00509249
-0.0056677
-0.00754856
-0.00602889
-0.00745283
-0.00620045
-0.0059936
-0.00624092
-0.00666775
-0.0066125
-0.00824079
-0.00375101
-0.00682331
-0.00676431
-0.00619433
-0.00646978
-0.00656431
-0.00263018
0.00582096
-0.00324405
-0.00345558
-0.00399795
0.00152812
-0.00584139
-0.000465482
-0.00544543
-0.00769622
-0.00149002
0.00336404
0.00459084
-0.00858769
-0.007901
-0.00185765
-0.00398759
-0.00390318
-0.00833993
-0.00383995
-0.000265358
-0.00422771
-0.00753872
-0.00745297
-0.00602447
-0.00619911
-0.00599458
-0.00666323
-0.00623624
-0.00708058
0.000678368
0.000513534
-0.00742443
-0.00595325
-0.00108387
-0.0062177
-0.00170235
-0.00616488
-0.00649878
-0.00675348
-0.00619269
-0.00646948
-0.00655007
-0.00659516
-0.00824894
-0.00367464
-0.00680528
-0.00149167
0.00323021
0.00451867
-0.00863435
-0.00295616
-0.00483648
-0.00212049
-0.00484809
-0.00308387
-0.00478795
-0.00384511
-0.00260997
0.00585463
-0.00323957
-0.00832062
-0.00385317
-0.000222615
-0.00424369
-0.0078329
-0.00187309
-0.00395586
-0.0038731
0.00527643
-0.00536357
-0.00564868
-0.00617582
-0.00789463
-0.00649391
-0.0044991
-0.00550677
-0.00621781
-0.00647458
-0.00113294
-0.00666846
0.0023437
-0.00343857
-0.00431071
-0.00668115
-0.00716516
-0.00691105
-0.00695038
-0.00663912
-0.00705803
-0.00975309
0.000422604
-0.007307
-0.0068263
0.00409158
-0.00666126
-0.0076857
-0.00126999
-0.00374776
-0.00546682
-0.00492343
-0.00529206
-0.00276861
-0.00456975
-0.00398102
-0.00471261
-0.0034548
-0.00445445
-0.00303602
0.00434704
-0.0032518
-0.00336111
-0.00403279
-0.00416787
-0.0056763
-0.00532078
-0.00616307
-0.00494112
-0.00351925
-0.000780181
-0.0063183
-0.00403696
-0.00661531
-0.00547323
0.00422123
-0.00727822
-0.00713002
-0.00712292
0.0036958
-0.007432
-0.00718725
-0.00744728
-0.00759351
-0.0054472
-0.00674838
-0.0074286
-0.00654015
-0.00594954
-0.00646268
-0.0070844
-0.00599691
-0.00376012
-0.00776378
-0.00552659
-0.00704618
-0.00421756
-0.00634588
-0.00516701
-0.00660812
-0.00342475
-0.0089595
-0.00662666
-0.0048462
-0.00931066
-0.00801402
-0.00472651
-0.00418639
-0.00857116
-0.00767343
-0.00423882
-0.00596037
0.00151615
-0.0086994
-0.00760794
-0.00783396
-0.00811894
-0.00847304
-0.00759092
-0.00746925
-0.0117828
-0.0085298
-0.00724509
-0.00787181
-0.00819836
-0.00939319
-0.00170698
-0.00912347
-0.00839139
-0.00832356
-0.00987856
-0.00891585
-0.0104829
-0.00803682
-0.00712085
-0.00885076
-0.00821028
-0.00752855
-0.00842656
-0.00834346
-0.00796214
-0.00830528
-0.00820899
-0.00816231
-0.00856727
-0.00814016
-0.00835716
-0.00879867
-0.0113518
-0.00788375
-0.00812727
-0.00835295
-0.00859763
-0.00518507
-0.00792045
-0.00735853
-0.0116468
-0.00691345
-0.0078917
-0.00819384
-0.0059058
-0.00641428
-0.00141205
-0.00685971
-0.00507507
-0.00765681
-0.00372299
-0.00841479
-0.0100642
-0.00805211
-0.00870549
-0.00955213
-0.00307256
-0.00875359
-0.00893466
-0.0100529
-0.00926135
-0.00887817
-0.00916064
-0.00851323
-0.00974289
-0.00809861
-0.00920807
-0.00577317
-0.00884895
-0.00930141
-0.00945307
-0.00920171
-0.00896487
-0.00918477
-0.00888631
-0.00907979
-0.00992533
-0.00927012
-0.00803808
-0.00929287
-0.0091487
-0.00965251
-0.00910529
-0.00873763
-0.00883442
-0.00867573
-0.00945612
-0.00880344
-0.00882746
-0.0103632
-0.00612307
-0.00945369
-0.00947065
-0.00810214
-0.00827862
-0.00896511
-0.00955805
-0.00879849
-0.00920767
-0.00893874
-0.00881939
-0.00896003
-0.00871964
-0.00907725
-0.00865486
-0.00881818
-0.0080872
-0.00852662
-0.0103414
-0.00849787
-0.00879029
-0.00887347
-0.00790371
-0.00680311
-0.00842603
-0.00921608
-0.00986332
-0.00890035
-0.00918015
-0.0088686
-0.00859786
-0.00892232
-0.00888438
-0.00875071
-0.0100648
-0.00879863
-0.00730746
-0.00792227
-0.00877273
-0.00834629
-0.00875336
-0.00911994
-0.00837559
-0.00868905
-0.0085987
-0.0086429
-0.00928093
-0.00866923
-0.00819938
-0.00842489
-0.00858926
-0.00953426
-0.00834556
-0.00891865
-0.00759704
-0.00875359
-0.0090259
-0.00874799
-0.0081817
-0.0085794
-0.00896565
-0.0107536
-0.00657132
-0.0106931
-0.00933947
-0.0112276
-0.00895267
-0.00893813
-0.00752081
-0.00960487
-0.00875094
-0.0089893
-0.00900278
-0.00888228
-0.00911474
-0.00861913
-0.00948896
-0.0093263
-0.00921789
-0.0103837
-0.00932596
-0.00891201
-0.00807236
-0.00917261
-0.00909784
-0.00884261
-0.0103711
-0.00932575
-0.00943946
-0.00822718
-0.00700181
-0.00909009
-0.00972222
-0.00941414
-0.00949919
-0.00918931
-0.00886605
-0.00902998
-0.00866388
-0.00915155
-0.00959573
-0.00919999
-0.00905085
-0.00905371
-0.00889771
-0.00903189
-0.00902898
-0.00916372
-0.00887902
-0.00901214
-0.00937416
-0.00907265
-0.0092429
-0.00914278
-0.00903941
-0.00910193
-0.00898446
-0.00920179
-0.0090323
-0.00915617
-0.00895038
-0.00903784
-0.00871115
-0.00867385
-0.00882831
-0.00877908
-0.00864594
-0.00867526
-0.00905395
-0.00887263
-0.00855156
-0.00878903
-0.00868343
-0.00872519
-0.00896691
-0.00864468
-0.00843825
-0.00878309
-0.00874587
-0.00979467
-0.00968388
-0.00558151
-0.00894953
-0.00802123
-0.00858758
-0.00828229
-0.00956643
-0.00861955
-0.00839965
-0.00862159
-0.00861722
-0.00876977
-0.00866071
-0.00917183
-0.00749073
-0.0076582
-0.00883317
-0.00875853
-0.00806301
-0.00783804
-0.0082192
-0.00876076
-0.00824548
-0.00863965
-0.00618684
-0.00805588
-0.00848115
-0.0100434
-0.00818294
-0.00925512
-0.00847459
-0.00820222
-0.00747894
-0.00822693
-0.00827248
-0.00794346
-0.00792985
-0.00762357
-0.00136525
-0.00832469
-0.00929993
-0.000144645
-0.00766186
-0.00802315
-0.00698077
-0.00849158
-0.00820803
-0.0079896
-0.000800125
-0.00842014
-0.00775838
-0.00504375
-0.00841237
-0.00868922
-0.00623741
-0.00429999
-0.00788868
-0.00803223
-0.00581206
-0.00862209
-0.0062453
-0.00881563
-0.00824869
-0.00886313
-0.00826167
-0.00860712
-0.0079797
-0.0089232
-0.0085796
-0.00668058
-0.00791885
-0.00801462
-0.0079977
-0.00787812
-0.00847168
-0.00776479
-0.0076473
-0.00763361
-0.00804965
-0.00782409
-0.010573
-0.00836031
-0.0084524
-0.00750447
-0.00947114
-0.00751381
-0.00739404
-0.00671346
-0.00849686
-0.00718169
-0.0054082
-0.0076141
-0.00774024
-0.00549294
-0.00448399
-0.00697594
-0.00728423
-0.00492369
-0.00807521
-0.00611625
-0.00781621
-0.0075933
-0.00754553
-0.00805931
-0.00506253
-0.00861919
-0.00802881
-0.00753731
-0.00822327
-0.00573841
-0.00824805
-0.00525115
-0.00774537
-0.0052582
-0.00804509
-0.00765914
-0.00783411
-0.00786637
-0.00770549
-0.00661289
-0.00780235
-0.0067103
-0.00371392
-0.00657374
-0.00696847
-0.00656204
-0.00658544
-0.00560189
-0.00688071
-0.00655583
-0.00708636
-0.00640178
-0.0065877
-0.00556477
0.00645521
-0.00617818
-0.00635958
-0.00467946
-0.0075125
-0.00635988
-0.00572863
-0.00670259
-0.00423913
-0.00614027
-0.00401317
-0.00785271
-0.0105839
-0.00717489
-0.00746516
-0.00738083
-0.00878755
-0.0071792
-0.00643515
-0.00756516
-0.00770342
-0.00660401
-0.00458211
-0.00233223
0.00627129
-0.00710812
-0.00705306
-0.00738602
-0.0071544
-0.00673216
-0.00573852
-0.00698668
-0.00669992
-0.00678863
-0.00505329
-0.00620017
-0.00747875
-0.009094
-0.00550322
0.00734791
-0.00802788
-0.0022238
-0.00436864
-0.0036329
-0.00469189
-0.00564288
-0.00540127
-0.00545936
-0.00819889
-0.00529283
-0.00523709
-0.00655349
-0.000544101
-0.00333972
-0.00612817
-0.00536898
-0.0042124
-0.00378368
-0.00564258
-0.0050719
-0.00582982
0.00887241
-0.00618477
0.00328708
-0.00560756
-0.00499293
-0.00451086
-0.00331396
-0.00570431
0.00443314
-0.00548812
-0.00528857
-0.00023194
-0.00292969
-0.00588942
0.000591878
-0.00610588
-0.00569426
-0.00392886
-0.00312044
-0.0033678
-0.00356171
-0.00368202
-0.00417739
-0.00407048
-0.00350045
0.00838644
-0.00382769
-0.00379154
-0.00402896
-0.00262287
-0.00360624
0.00748745
-0.00487801
-0.00409695
0.00182442
-0.00187716
-0.00407934
0.000793222
-0.00225824
-0.00356866
-0.00517636
-0.00768771
-0.0065872
-0.00604171
-0.00529395
-0.000231346
-0.00589129
-0.00294853
-0.00610683
0.000580735
-0.00570765
-0.00499697
-0.00334269
-0.00452818
0.00442422
-0.00569339
-0.00550514
-0.00381492
-0.00421257
-0.00446988
-0.00347632
-0.00400735
0.00831199
-0.00391476
-0.00312673
-0.00336617
-0.00355593
-0.00407574
0.00164799
-0.00461516
-0.00102015
-0.00299926
0.000984846
-0.00451367
-0.00381916
-0.00244786
-0.00398564
0.00776834
-0.00357225
-0.00453579
-0.00533446
-0.00503382
-0.00515054
-0.00785058
-0.00716279
-0.0105499
-0.0074586
-0.0073556
-0.00717246
-0.00879183
-0.00673125
-0.0050758
-0.00618012
-0.00751991
-0.00454334
-0.0023346
0.00626921
-0.00713957
-0.00704766
-0.00738093
-0.00672828
-0.00714737
-0.00698146
-0.00574268
-0.00670287
-0.00800866
-0.00221551
-0.004355
-0.0036256
-0.00452054
-0.00495672
-0.00123907
-0.00510279
-0.00519696
-0.00519909
-0.00274391
-0.00907845
-0.00550243
0.00737966
-0.00536755
-0.00421465
-0.00379986
-0.00564213
-0.00468588
-0.00563973
-0.00546952
-0.00537259
-0.0052949
-0.00817551
-0.00523042
-0.00653364
-0.000514153
-0.00329932
-0.00610695
-0.00756461
-0.00782528
-0.00753846
-0.00504736
-0.00806257
-0.00808789
-0.00612295
-0.00753124
-0.00573753
-0.00821744
-0.00524038
-0.0082464
-0.00861527
-0.00803225
-0.00765047
-0.00751366
-0.00727778
-0.00466189
-0.00743498
-0.0078292
-0.00781282
-0.00774086
-0.00525625
-0.00765286
-0.00804389
-0.00786419
-0.00783037
-0.00770224
-0.00658923
-0.00669945
-0.00777571
-0.00368755
-0.00652536
-0.0065273
-0.00698524
-0.00655824
-0.00559485
-0.00653267
-0.00690304
-0.00635318
-0.00708181
-0.00655911
-0.005587
-0.00813331
-0.00573007
-0.00422881
-0.00673825
-0.003986
-0.00617212
-0.00752963
-0.00641866
-0.00700143
-0.00818602
-0.0084647
-0.00797841
-0.00079729
-0.00775132
-0.00841056
-0.0013911
-0.00832716
-0.00926867
-0.00431355
-0.00788985
-0.00803133
-0.00581504
-0.00506662
-0.00840626
-0.00870434
-0.00623637
-0.00849681
-0.00716904
-0.00825402
-0.00620686
-0.00847865
-0.00837474
-0.00911403
-0.00861501
-0.00620255
-0.00824166
-0.00882761
-0.00826704
-0.00882461
-0.00860377
-0.00801617
-0.00867638
-0.00890991
-0.00669843
-0.00798606
-0.0080868
-0.00799345
-0.00791273
-0.00844323
-0.00760046
-0.00772518
-0.00808978
-0.00756376
-0.00788199
-0.00667992
-0.00847767
-0.00719131
-0.00900868
-0.00890205
-0.00771293
-0.00440163
-0.00698886
-0.00726987
-0.00489749
-0.0053459
-0.00758409
-0.00773299
-0.00549709
-0.0090871
-0.010837
-0.00889831
-0.00960229
-0.00750091
-0.0087379
-0.00894295
-0.0089084
-0.00904589
-0.00820601
-0.00947487
-0.0084402
-0.0100897
-0.00925514
-0.0102228
-0.00935195
-0.00925793
-0.0105067
-0.00936003
-0.00902276
-0.00879452
-0.00903736
-0.00790965
-0.00909838
-0.00919157
-0.00912829
-0.00962044
-0.00775447
-0.00682292
-0.00939998
-0.00972802
-0.00945527
-0.00954014
-0.00929734
-0.00903349
-0.00894799
-0.00893142
-0.00927325
-0.00907462
-0.00891372
-0.00917615
-0.00904867
-0.00895476
-0.00913598
-0.00903643
-0.0091239
-0.00941653
-0.00916881
-0.00925542
-0.00900491
-0.00910965
-0.00911606
-0.00907578
-0.00919591
-0.00898729
-0.00912567
-0.00901334
-0.00869108
-0.00878319
-0.00874247
-0.00881249
-0.00883059
-0.0083855
-0.00872844
-0.00867162
-0.00883356
-0.00879464
-0.00869319
-0.00874396
-0.00900106
-0.00902031
-0.00889339
-0.0085238
-0.00872184
-0.0087468
-0.00866948
-0.00900374
-0.00880158
-0.00842789
-0.00875399
-0.00896295
-0.00861099
-0.00800015
-0.00823793
-0.00962755
-0.0085211
-0.00843452
-0.00932372
-0.00862036
-0.0093593
-0.00869811
-0.00987148
-0.00970864
-0.00558192
-0.00881985
-0.00839023
-0.0084021
-0.00825207
-0.00840884
-0.00867234
-0.00869747
-0.00867674
-0.00863428
-0.00878705
-0.00868986
-0.00918315
-0.00768523
-0.00778712
-0.00882948
-0.00931529
-0.00836546
-0.00819193
-0.00827922
-0.00776503
-0.00786988
-0.00824331
-0.00788128
-0.00744812
-0.00920059
-0.00849616
-0.00868154
-0.00916656
-0.00908183
-0.00877197
-0.00874579
-0.00977309
-0.00911317
-0.00934177
-0.00672284
-0.00845117
-0.0106566
-0.00860417
-0.00895223
-0.00933676
-0.00895174
-0.00952907
-0.00930081
-0.00836762
-0.0091198
-0.00884639
-0.00901398
-0.00941725
-0.00912551
-0.0105714
-0.00570641
-0.0100596
-0.00973734
-0.00907611
-0.00930985
-0.00985438
-0.00960724
-0.00904423
-0.00867925
-0.00935666
-0.00884739
-0.0092377
-0.00995886
-0.00910224
-0.0091523
-0.00903901
-0.00895574
-0.00903447
-0.00916238
-0.00898608
-0.00897541
-0.00896383
-0.00921382
-0.00909722
-0.00908716
-0.00900391
-0.00887558
-0.00913722
-0.00893086
-0.00904483
-0.00876921
-0.00894553
-0.0086436
-0.00876278
-0.00845319
-0.0086598
-0.00884833
-0.00872114
-0.00878844
-0.00874695
-0.00879659
-0.00892198
-0.00881835
-0.008674
-0.00871956
-0.00887033
-0.00853186
-0.0081135
-0.00870326
-0.00677595
-0.00831873
-0.00848008
-0.00827204
-0.00820621
-0.00860033
-0.00933334
-0.00834578
-0.00895849
-0.00841118
-0.00852478
-0.00994326
-0.00883204
-0.00971462
-0.00851276
-0.00827257
-0.00825786
-0.00776125
-0.0082904
-0.0102297
-0.0084994
-0.0085286
-0.00778823
-0.00831675
-0.00792132
-0.00766211
-0.00861874
-0.00765978
-0.00751821
-0.00786967
-0.0097839
-0.00883171
-0.0068351
-0.00914573
-0.010196
-0.00834225
-0.00606429
-0.00847252
-0.00621853
-0.00854613
-0.00562409
-0.0079441
-0.00580444
-0.00855739
-0.00959564
-0.00978503
-0.00852575
-0.0078914
-0.00921441
-0.0084346
-0.0111078
-0.0083265
-0.00919813
-0.00894705
-0.00849217
-0.00837194
-0.0102402
-0.00872804
-0.00720198
-0.0097325
-0.00900745
-0.00865231
-0.00860022
-0.00878938
-0.00774309
-0.00768528
-0.00761046
-0.00546534
-0.0077366
-0.00779526
-0.00765627
-0.0076356
-0.00554105
-0.00751953
-0.00678696
-0.00813808
-0.00768339
-0.00777533
-0.00364895
-0.00693129
-0.00500475
-0.00699612
-0.000707227
-0.00723067
-0.00831349
-0.006247
-0.0072522
-0.00750157
-0.00768626
-0.00749415
-0.00711183
4.08922e-05
0.000418007
-0.00719638
-0.00723026
-0.00892539
-0.00739971
-0.00816706
-0.0054752
-0.00614604
-0.00710321
-0.00406911
-0.00615616
-0.00869122
-0.00660087
-0.00565943
0.0069109
-0.00687802
-0.00431612
-0.0075946
-0.00505155
-0.00863916
-0.00747369
-0.00835934
-0.00774076
-0.00729189
-0.00670879
-0.00692219
-0.00668141
-0.00409165
-0.00673643
-0.00670898
-0.00687775
-0.00659239
-0.00362066
-0.00615146
-0.00655397
-0.00677498
-0.00685132
-0.00652065
-0.00681386
-0.00432847
-0.00628688
-0.00713256
-0.00375644
-0.00752099
-0.00527764
-0.00634826
-0.00729672
-0.00634607
-0.00726487
-0.00377184
-0.00413868
-0.00668879
-0.00613081
-0.00597548
-0.00569405
-0.0077335
-0.0056533
-0.00561827
-0.0043485
-0.00685605
-0.00344279
-0.00831029
0.0080819
-0.0041213
-0.00418329
-0.00611164
-0.000638316
-0.00519175
-0.00233028
-0.00512101
-0.00491214
-0.00788962
-0.00188753
-0.00329805
-0.00262118
-0.00411197
-0.00166773
-0.00632169
0.00680804
-0.00633631
-0.00464052
-0.00636209
-0.00587421
-0.00648653
-0.00595112
-0.00900932
-0.00592822
-0.00747657
-0.00598094
-0.00578419
-0.00456154
-0.00446463
-0.00361817
-0.0056373
-0.00602242
-0.00590295
-0.00653102
-0.00442812
-0.00229932
-0.00550318
0.00175311
-0.00534026
0.000952883
-0.00366925
-0.00406627
-0.00250863
-0.00319086
-0.00349758
-0.00409411
-0.00413505
-0.00471459
0.00893393
-0.00465799
-0.0040346
-0.00444661
-0.00436508
-0.00181191
-0.00491927
-0.00536647
0.00563087
-0.00453338
-0.00174232
-0.00539887
-0.000365033
-0.00529966
0.00142922
-0.00516684
-0.00477331
-0.00646058
-0.00540297
-0.00573821
-0.00458037
0.00834887
-0.00510958
0.00414125
-0.00499409
-0.00546647
-0.00418726
-0.00394852
-0.00411185
-0.0052381
0.00727732
-0.00334455
-0.0040963
-0.00413052
-0.00471486
-0.00465775
0.00892156
-0.00403568
-0.00406861
-0.00251272
-0.00319331
-0.0035
-0.00457743
-0.00499414
-0.00162914
-0.000428205
-0.00469767
-0.00521388
0.00135842
-0.00442502
-0.0018377
-0.00431828
-0.00463111
0.00560917
-0.00532211
-0.00446607
0.00832211
-0.00509746
-0.00500186
0.00412212
-0.00542289
-0.00473821
-0.00646419
-0.0053819
-0.00572764
-0.0059108
-0.000950246
-0.00708963
-0.00277465
-0.00413917
-0.00612772
-0.00667983
-0.00597596
-0.00569227
-0.00565304
-0.00772106
-0.00790558
-0.00189285
-0.0033005
-0.00263049
-0.00830786
0.00806834
-0.00412584
-0.00418698
-0.0061052
-0.00519285
-0.000637407
-0.00512065
-0.00232152
-0.00491042
-0.00633573
-0.00463905
-0.00634327
-0.00586466
-0.00581868
-0.00575069
-0.00543746
-0.00576105
-0.00580998
-0.00575241
-0.00429031
-0.00410737
-0.00162876
-0.0062984
0.00685616
-0.00563896
-0.00602146
-0.00589855
-0.00653016
-0.00648809
-0.00596158
-0.00594036
-0.00901695
-0.00599173
-0.00749255
-0.00580389
-0.0045622
-0.00444409
-0.00362628
-0.00547259
-0.00815998
-0.0061457
-0.0040636
-0.00709612
-0.00891975
-0.00739385
-0.00659434
0.00691463
-0.00566048
-0.00431185
-0.00686872
-0.00615389
-0.00868413
-0.00767363
-0.00769645
-0.00800951
-0.00701087
-0.00763616
-0.0077199
-0.00851028
-0.00757909
-0.00504492
-0.00746896
-0.00862012
-0.00773329
-0.00835199
-0.00727867
-0.00668351
-0.0066642
-0.00696146
-0.00405902
-0.00670084
-0.00691004
-0.00669774
-0.00658
-0.00363045
-0.00649886
-0.00613184
-0.00687973
-0.00680262
-0.00649042
-0.0075635
-0.00721269
-0.00633905
-0.0063539
-0.0072568
-0.00376612
-0.00721791
-0.00747139
-0.0053269
-0.0060559
-0.0084655
-0.00621887
-0.0085385
-0.00788212
-0.00920183
-0.00842638
-0.0110979
-0.00831932
-0.00893768
-0.00920221
-0.00836448
-0.0084889
-0.0102384
-0.00959032
-0.00979276
-0.00851934
-0.00862218
-0.00832075
-0.00891141
-0.00913846
-0.00864743
-0.00863072
-0.00840032
-0.00872747
-0.00718452
-0.00901508
-0.00972433
-0.00859603
-0.00865511
-0.00879737
-0.00775671
-0.00756604
-0.00765199
-0.00538724
-0.00778683
-0.00761401
-0.00771952
-0.00764551
-0.00548988
-0.00684868
-0.00764213
-0.00764612
-0.00810374
-0.00781015
-0.00362996
-0.00697023
-0.00499816
-0.00694445
-0.00428411
-0.00752528
-0.00551902
-0.00775899
-0.00620712
-0.0072678
-0.00769708
-0.00747114
-0.00711616
-0.00747074
6.33027e-05
0.000398316
-0.00717894
-0.00721628
-0.000659892
-0.00721802
-0.00831131
-0.00908117
-0.00802239
-0.00909916
-0.00873278
-0.00900102
-0.00980482
-0.0091099
-0.00941859
-0.00846669
-0.00672237
-0.00859417
-0.0107057
-0.00989835
-0.00730919
-0.00932559
-0.00777676
-0.00908456
-0.0093877
-0.00906579
-0.00960347
-0.00993703
-0.00852182
-0.00931516
-0.00847275
-0.00923858
-0.00878439
-0.00987118
-0.010862
-0.00566926
-0.0100068
-0.009955
-0.00914241
-0.00937354
-0.00994312
-0.00906334
-0.00911579
-0.00945791
-0.00907718
-0.0093294
-0.00918856
-0.00913712
-0.00913964
-0.00916233
-0.00897615
-0.00907218
-0.00900094
-0.0091331
-0.00900917
-0.00900276
-0.00927351
-0.00911588
-0.00911332
-0.00902671
-0.00888775
-0.00894861
-0.00913636
-0.00906277
-0.00875118
-0.00896669
-0.00910014
-0.00866043
-0.00871531
-0.00882818
-0.00873122
-0.00878377
-0.00866709
-0.00896434
-0.00877704
-0.00867936
-0.00846679
-0.00886313
-0.0087378
-0.00879167
-0.00881153
-0.00876005
-0.0089226
-0.00883191
-0.00866183
-0.00873429
-0.0088693
-0.00829391
-0.00839412
-0.00885032
-0.00864495
-0.00865052
-0.00834043
-0.00962815
-0.00919375
-0.00866574
-0.00882867
-0.00855951
-0.00846486
-0.00826926
-0.00866912
-0.00700347
-0.00824788
-0.00879765
-0.00835647
-0.00789491
-0.00835954
-0.0105555
-0.00855777
-0.00902065
-0.00839854
-0.00854275
-0.00991623
-0.00875642
-0.0098529
-0.00852627
-0.00764098
-0.00742168
-0.00775836
-0.00888048
-0.00985526
-0.00919812
-0.00684408
-0.0102482
-0.00832355
-0.00729269
-0.00922996
-0.00969595
-0.0116122
-0.00954256
-0.00465325
-0.00807631
-0.00924978
-0.00916748
-0.00942062
-0.0090355
-0.0101504
-0.00911093
-0.00901462
-0.00909041
-0.00902163
-0.00968063
-0.00901955
-0.00897882
-0.0091357
-0.00889782
-0.00986123
-0.00901853
-0.00890107
-0.00795778
-0.00930595
-0.0087136
-0.00889135
-0.00946543
-0.00898089
-0.00582325
-0.00851639
-0.00902076
-0.0090731
-0.00930151
-0.00896114
-0.00896796
-0.00892498
-0.00934517
-0.00857542
-0.0101174
-0.00869434
-0.00817963
-0.00887571
-0.00700287
-0.00876417
-0.00866993
-0.00750517
-0.0089882
-0.00852579
-0.00899167
-0.0106744
-0.00862762
-0.008654
-0.0085953
-0.00889359
-0.00882468
-0.00878589
-0.00964327
-0.00929583
-0.00881947
-0.00890557
-0.00962187
-0.0095537
-0.00727292
-0.00854848
-0.00839673
-0.0101069
-0.0100874
-0.00579191
-0.00921384
-0.00858086
-0.00764367
-0.00849918
-0.00856709
-0.00880622
-0.00960263
-0.00926974
-0.00887947
-0.00829412
-0.00868841
-0.00990333
-0.00863156
-0.00878906
-0.00870429
-0.00916205
-0.00856178
-0.00873156
-0.0085312
-0.00942812
-0.00850544
-0.0083882
-0.00902905
-0.00574996
-0.00834473
-0.00771874
-0.00883045
-0.00839567
-0.00813876
-0.00838788
-0.00856488
-0.00934803
-0.00845579
-0.00873518
-0.0084312
-0.00741564
-0.00788253
-0.00883607
-0.00836066
-0.00920828
-0.00763366
-0.00237716
-0.00760097
-0.00743652
-0.00935944
-0.00820915
-0.00426859
-0.00747293
-0.00575642
-0.00874906
-0.00817165
-0.00776028
-0.00268015
-0.00710327
-0.00667376
-0.0125315
-0.00794399
-0.00884553
-0.00221372
-0.00249191
-0.011
-0.0108071
-0.00901861
-0.0120709
-0.00968522
-0.00921257
-0.00924016
-0.00896187
-0.00863137
-0.0090184
-0.008826
-0.00854892
-0.00704456
-0.00833843
-0.00696637
-0.00776838
-0.00686429
-0.00763405
-0.00847964
-0.00745305
-0.00769535
-0.00973884
-0.00811143
-0.00970441
-0.00695264
-0.000847455
-0.00865132
-0.00822436
-0.00755246
-0.00772402
-0.00691343
-0.0109898
-0.00680276
-0.0070888
-0.00872013
-0.0069239
0.00221639
-0.00688946
-0.00777941
-0.00340063
-0.0053504
-0.00349909
0.00162425
-0.00519715
-0.00954084
-0.00505023
-0.00819839
-0.00669735
0.00233103
-0.00805154
-0.00448265
-0.00701653
-0.0057523
-0.00712658
-0.00675237
-0.00649299
-0.00395261
-0.00666392
-0.00743423
-0.00637515
-0.00668235
-0.00653116
-0.00659786
-0.00629243
-0.0046534
-0.00634333
-0.00707266
0.00463699
-0.00697878
-0.00618705
-0.0063546
-0.00554083
-0.00557937
-0.00587662
-0.00587974
-0.00497507
-0.00567404
0.00513719
-0.00554513
-0.0033975
-0.00418679
-0.00593622
-0.0048957
-0.0058601
-0.00358733
-0.0052861
0.00328602
-0.00345032
-0.00301642
-0.00342305
-0.00302122
-0.00484059
-0.00407323
-0.00502381
-0.00255685
-0.00515571
-0.00377181
-0.0048004
-0.00513809
-0.00600367
-0.00573523
-0.00261751
-0.00838852
-0.00559551
-0.00658387
-0.00176502
-0.00569923
-0.00747139
-0.0085941
-0.00313305
-0.0056359
-0.00594823
-0.0053498
-0.00587712
-0.00539106
-0.00538725
-0.000160663
-0.00544297
-0.0024377
0.0033871
-0.00313846
-0.00516649
-0.00478584
-0.00520101
0.00651703
-0.00497833
-0.00454921
-0.00406042
-0.00513502
-0.00653816
-0.00274193
-0.00856696
-0.00390662
-0.00468675
-0.000492047
-0.00342607
-0.00411385
0.00613681
-0.00447116
-0.00526567
-0.00327426
-0.00543666
-0.00477161
-0.00510717
-0.00510663
-0.00260931
0.00159841
-0.00861537
0.00432078
-0.00477335
-0.00467081
-0.00516927
-0.000647652
-0.00483567
-0.00798231
-0.00345993
-0.00564609
-0.00696157
-0.00575879
-0.00303155
-0.00570641
-0.00521018
-0.00528408
-0.00538901
-0.00602485
-0.00490723
0.000248827
-0.00405995
-0.00514632
-0.00505202
-0.000801889
-0.0062035
0.00150426
0.001543
-0.00610964
-0.00502889
-0.00416793
-0.00571854
-0.00497901
-0.00512135
-0.00481833
-0.0069986
-0.00433468
-0.00430233
-0.00392646
-0.00757875
-0.00222797
-0.00441312
-0.00376668
-0.00260964
0.00155663
-0.00861177
0.00432013
-0.00477368
-0.00467266
-0.000644976
-0.00516983
-0.00798406
-0.00483601
-0.00346089
-0.00342893
-0.00411646
0.00613643
-0.00447191
-0.00526637
-0.00543745
-0.00327649
-0.00510733
-0.00477344
-0.0051081
-0.00570932
-0.00521785
-0.00529235
-0.00539137
-0.00564571
-0.00695963
-0.00575817
-0.00303207
-0.00611255
-0.00503222
-0.00572387
-0.00416976
-0.00511749
-0.00497877
-0.00482077
-0.00700092
-0.00433783
-0.00430524
-0.0039306
-0.00602797
-0.00490961
-0.00406302
0.000245125
-0.005054
-0.00515252
-0.000804489
-0.00620668
0.00150195
0.0015406
-0.00302537
-0.00407597
-0.00484234
-0.00502603
-0.00255913
-0.00377513
-0.00516123
-0.000873141
-0.00419185
-0.00489391
-0.00593028
-0.00586464
-0.00358641
-0.00529224
-0.00261963
-0.00839273
-0.00559558
-0.00176836
-0.00658976
-0.0074727
-0.0057036
-0.00480314
-0.00514446
-0.00601259
-0.00574032
-0.000164096
-0.0054349
-0.00244217
0.00338444
0.00169593
-0.00586127
0.00543295
-0.00606194
-0.00649255
-0.00538775
-0.00860799
0.00651015
-0.00498266
-0.00406592
-0.00455503
-0.00654424
-0.00514214
-0.00274655
-0.00314796
-0.00517812
-0.00478832
-0.00520903
-0.00952738
-0.00506175
-0.00829133
-0.00518709
-0.00670638
0.0022935
-0.00664862
-0.00560529
-0.0072358
-0.00707223
-0.00371353
-0.00916686
-0.00704176
-0.00678832
-0.00649669
-0.00665858
-0.00398025
-0.00745279
-0.00801562
-0.00713552
-0.00450623
-0.00573704
-0.00641682
-0.00667207
-0.00668911
-0.006609
-0.00463335
-0.00626435
-0.00612631
-0.00635604
-0.00554585
-0.00588603
-0.00568323
-0.00575898
-0.00640141
0.00461958
-0.00709038
-0.00687344
-0.00635903
-0.00560859
-0.00346442
-0.00816961
-0.00875046
-0.00775496
-0.00267354
-0.00669201
-0.00711005
-0.00821997
-0.00428049
-0.00796857
-0.00882578
-0.00249425
-0.00219854
-0.0108222
-0.0109993
-0.0125333
-0.00900327
-0.00863754
-0.0093518
-0.00882889
-0.00939772
-0.00599542
-0.00903348
-0.0096822
-0.0120986
-0.00922671
-0.00915672
-0.00889098
-0.0086054
-0.00875234
-0.00906807
-0.00847754
-0.00709139
-0.00704235
-0.00846596
-0.00780101
-0.00767329
-0.00701461
-0.00850488
-0.00744288
-0.00765111
-0.0080993
-0.0100555
-0.00965897
-0.00704776
-0.00870942
-0.000990349
-0.00809431
-0.00876636
-0.00687944
-0.00814414
-0.00656865
-0.00689828
-0.00341025
-0.00785042
-0.00348025
-0.0053955
0.00166076
0.00214797
-0.009209
-0.00962992
-0.0116894
-0.00949891
-0.00468159
-0.00947037
-0.00909674
-0.00906199
-0.00907058
-0.00900751
-0.00893679
-0.00985132
-0.00834326
-0.00788264
-0.00930722
-0.00928718
-0.0094721
-0.00808847
-0.00925674
-0.00868114
-0.00890325
-0.00946132
-0.0089732
-0.00846234
-0.00576607
-0.0089616
-0.00907312
-0.00893006
-0.00917808
-0.00889989
-0.00904691
-0.0101743
-0.00931544
-0.00896737
-0.00899
-0.00890077
-0.0087359
-0.00859898
-0.00948703
-0.00744398
-0.00883905
-0.00854873
-0.0107746
-0.00860131
-0.00862316
-0.00879151
-0.00860732
-0.00871393
-0.00878952
-0.00941457
-0.00932945
-0.00862169
-0.0102069
-0.00869425
-0.00816405
-0.0088589
-0.00689185
-0.00879936
-0.00884536
-0.00900893
-0.00844342
-0.00928312
-0.00881426
-0.00889925
-0.00956606
-0.00919593
-0.00864078
-0.00884596
-0.00763969
-0.00880639
-0.00855154
-0.00970085
-0.00924255
-0.00882705
-0.00843548
-0.0083475
-0.00876615
-0.00995785
-0.00875564
-0.00955812
-0.00720423
-0.00852961
-0.00840794
-0.0100656
-0.0100379
-0.00575483
-0.00885617
-0.0084527
-0.00571426
-0.00776689
-0.00885212
-0.00844855
-0.00773502
-0.00859309
-0.00919859
-0.00849775
-0.0087054
-0.00845217
-0.00868655
-0.00845581
-0.00930719
-0.00849287
-0.00870524
-0.00730651
-0.00792035
-0.00878372
-0.00839694
-0.00807806
-0.00763738
-0.00739123
-0.00955888
-0.0085879
-0.00993499
-0.00853667
-0.00926479
-0.00256438
-0.00765167
-0.010476
-0.0085134
-0.00840833
-0.00741061
-0.00936013
-0.00840837
-0.00856967
-0.00847408
-0.00820616
-0.00891848
-0.0100165
-0.00878474
-0.00802592
-0.00806437
-0.00763319
-0.0086959
-0.00813921
-0.00899778
-0.00859909
-0.006515
-0.00887344
-0.00808237
-0.0103227
-0.00842158
-0.00817583
-0.00817833
-0.00922697
-0.00888811
-0.00896356
-0.00838193
-0.0111642
-0.00884198
-0.00400355
-0.00627366
-0.00208432
-0.00645976
-0.0084584
-0.0080639
-0.00937985
-0.00509782
-0.0056544
-0.00838288
-0.00596207
-0.00916414
-0.00781347
-0.00810366
-0.00436416
-0.0054652
-0.00502695
-0.00792762
-0.00609062
-0.00803228
-0.00420467
-0.00717268
-0.00782845
-0.00788942
-0.00767362
-0.00160531
-0.00797888
-0.00954522
-0.00779572
-0.00853932
-0.00673882
-0.00704804
-0.00830308
-0.00814423
-0.00823958
-0.00760799
-0.00590627
-0.00576149
-0.00852095
-0.00807925
-0.00808133
-0.00805887
-0.00810932
-0.00561853
-0.00780029
-0.00811329
-0.00809601
-0.00781213
-0.00826887
-0.00791559
-0.00883018
-0.00755464
-0.0080837
-0.00799152
-0.00827508
-0.00825705
-0.00907255
-0.00673747
-0.00869977
-0.0081915
-0.00829215
-0.008099
-0.00842255
-0.00834409
-0.00800272
-0.00814702
-0.00856336
-0.00816805
-0.00836826
-0.00830838
-0.00774476
-0.00556251
-0.00810055
-0.00888088
-0.00822241
-0.0114517
-0.00851539
-0.00891278
-0.00745446
-0.00548846
-0.00373747
-0.00703842
-0.00626696
-0.00707631
-0.00661915
-0.00863101
-0.00447711
-0.00756177
-0.00487709
-0.0052549
-0.00849721
-0.00672833
-0.00370621
-0.00404602
-0.00440366
-0.00676098
-0.0045934
-0.00630194
-0.00362463
-0.00740559
-0.00558844
-0.00754776
-0.0070711
-0.00551541
-0.00694176
-0.00644761
-0.00779507
-0.00158868
-0.00492997
-0.00365783
-0.00755804
-0.00339309
-0.00626648
-0.00704874
-0.00606166
-0.00299907
-0.00727069
-0.00629294
-0.00369892
-0.0023903
-0.00561146
-0.00550922
-0.00551701
-0.00405678
-0.00377537
-0.00299304
-0.00651895
-0.00218469
-0.00597625
-0.00491856
0.000145199
-0.00587493
-0.00648651
-0.0073362
-0.0068039
0.00089365
-0.0066319
-0.00397323
-0.0017637
-0.00414176
-0.00632949
-0.007764
-0.00339083
-0.00635536
-0.00652232
-0.00690758
-0.00535176
-0.00661539
-0.00715936
-0.0031834
-0.005122
-0.00525848
-0.00537407
-0.00525181
-0.0043987
0.00189303
-0.00468868
-0.00590178
-0.00369798
-0.00137576
-0.00484896
-0.00515515
-0.00550496
0.00032913
-0.00478688
-0.00635218
-0.00439752
-0.00466111
-0.00269341
-0.000210332
0.00376974
-0.00591884
-0.00559237
-0.0072511
-0.00794503
-0.00670312
-0.00730302
-0.0019072
-0.00853293
-0.0044277
-0.00565637
-0.000240859
-0.00367988
-0.00428684
-0.00601655
-0.0063398
-0.00581084
0.00203725
-0.00619524
-0.00371522
-0.00858767
-0.00646299
-0.00586046
-0.00286852
-0.00524261
-0.00502114
-0.00786008
-0.00622243
-0.00452503
-0.003809
-0.00475274
-0.000113043
-0.00460166
-0.00552383
-0.00519663
-0.00441108
-0.00463456
-0.00256167
-0.00414039
-0.00444895
-0.00422718
-0.00404594
-0.00421969
0.0108108
-0.00489186
0.00883097
-0.00395891
0.00178638
-0.00555751
-0.00373546
-0.00418849
-0.00730737
-0.00670388
-0.00189479
-0.00853315
-0.00442681
-0.00591968
0.00376631
-0.0055945
-0.00725182
-0.00794542
-0.00368267
-0.00428495
-0.00565943
-0.000240007
-0.00646345
-0.00585738
-0.00524362
-0.00286711
-0.00785917
-0.00502105
-0.00622137
-0.00601662
-0.00634253
0.00203688
-0.00581083
-0.00371497
-0.00619523
-0.00858682
-0.0044135
-0.00463467
-0.00414058
-0.00257534
-0.00422772
-0.00445523
-0.00404837
-0.0045274
-0.00381483
-0.000125929
-0.00475439
-0.00553001
-0.00460534
-0.00519682
-0.00416757
0.00271307
-0.00496176
0.00565081
-0.00318432
-0.00373606
-0.00419624
0.00177892
-0.00556336
-0.00663864
-0.00397573
-0.00177151
-0.0068094
0.000881488
-0.00414407
-0.008199
-0.0069852
-0.00636677
-0.00717114
-0.00731103
-0.00773596
-0.00652505
-0.00691077
-0.00535077
-0.00716077
-0.00662188
-0.00317355
-0.00632969
-0.00340182
-0.00777063
-0.00634002
-0.0051267
-0.00537832
-0.00526002
-0.00526553
0.00188918
-0.0043982
-0.0048511
-0.00516054
-0.00551137
-0.00479134
0.000326634
-0.00636434
-0.00469397
-0.00370287
-0.00590257
-0.00137921
-0.00531381
0.00254296
-0.000216284
-0.00849378
-0.00624008
-0.0073919
-0.00364657
-0.00557326
-0.00751106
-0.00705603
-0.00338072
-0.00624298
-0.00703402
-0.00296555
-0.00605026
-0.0062944
-0.00726617
-0.00154396
-0.00491481
-0.00367058
-0.00757755
-0.00240499
-0.00562135
-0.00549015
-0.00552174
-0.00197852
-0.00645996
-0.0098524
-0.00588561
-0.00634199
-0.00610448
-0.00368074
-0.00219812
-0.00598715
0.000166008
-0.00493089
-0.00648967
-0.00589259
-0.00733867
-0.0040657
-0.00383632
-0.00300281
-0.00654009
-0.00206524
-0.00957825
-0.0064095
-0.00844003
-0.00797129
-0.00933982
-0.00434192
-0.00543323
-0.00498449
-0.00787376
-0.00610857
-0.00798503
-0.00711969
-0.00417769
-0.00783405
-0.00775807
-0.00808633
-0.00903431
-0.00849556
-0.00839616
-0.00895166
-0.01001
-0.0104638
-0.00773373
-0.007894
-0.00168411
-0.00954319
-0.007883
-0.00851822
-0.00683473
-0.00837149
-0.00718087
-0.00812203
-0.00831781
-0.00753844
-0.0059721
-0.0059459
-0.00814235
-0.00852127
-0.0081271
-0.00807706
-0.00801204
-0.00779734
-0.00561427
-0.00804764
-0.00804934
-0.00790595
-0.00832092
-0.00776083
-0.00765763
-0.00894397
-0.00799056
-0.00810667
-0.00845248
-0.00828706
-0.00917429
-0.00883004
-0.00679564
-0.0082694
-0.00821486
-0.00814764
-0.00838758
-0.00799984
-0.00833995
-0.00811326
-0.00813149
-0.00855721
-0.00834871
-0.00836824
-0.00768847
-0.0080823
-0.0055908
-0.00890231
-0.00819877
-0.0084729
-0.0114645
-0.0089452
-0.00542812
-0.00709183
-0.00386178
-0.00627161
-0.0072178
-0.00634829
-0.00602849
-0.00755792
-0.00842154
-0.00698145
-0.00740524
-0.00449227
-0.00753833
-0.0052512
-0.0048563
-0.0068265
-0.00846089
-0.00369095
-0.00405321
-0.00441698
-0.00678333
-0.00858357
-0.00846757
-0.00931942
-0.0028058
-0.00767874
-0.00855662
-0.00848191
-0.00843657
-0.00809014
-0.00891938
-0.00994524
-0.00879929
-0.00796907
-0.00800709
-0.00887967
-0.00650847
-0.00810484
-0.0104365
-0.00835415
-0.00806972
-0.0080698
-0.0093001
-0.00886538
-0.00874994
-0.00394487
-0.00631503
-0.00554551
-0.00791724
-0.00712537
-0.00829401
-0.00770544
-0.00394635
-0.00584483
-0.00412771
-0.0078378
-0.00792852
-0.00760067
-0.00715979
-0.0109403
-0.00747418
0.000920977
-0.00822824
-0.00738314
-0.00458159
-0.00783918
-0.00814352
-0.00563984
-0.00648563
-0.0075084
-0.00770272
-0.00708785
-0.00792655
0.00028172
-0.00739078
4.12988e-05
-0.00624161
-0.00775402
-0.00396568
-0.00719881
-0.00518279
-0.00743003
-0.00907966
-0.00923814
-0.00794747
-0.0107034
-0.00853955
-0.00770619
-0.00851566
-0.00788849
-0.00982187
-0.00761101
-0.00522515
-0.00675441
-0.00476172
-0.00782497
-0.00722957
-0.00873312
-0.00744903
-0.0118159
-0.00775728
-0.00737738
-0.00734681
-0.00646134
-0.00185772
-0.00644247
-0.00175245
-0.00811515
-0.00204392
-0.0103319
-0.0103205
-0.00663828
-0.00567273
-0.00768176
-0.00138391
-0.00352768
-0.00299345
-0.00682046
-0.007346
-0.0105345
-0.0072013
-0.00673969
-0.00301844
-0.00595599
-0.0070374
-0.00100271
-0.00732627
-0.0071641
-0.00430349
-0.00791049
-0.00333
-0.00696564
-0.0063948
-0.00620365
-0.00712195
-0.00757571
-0.00720326
0.0035929
-0.00716022
-0.00702239
-0.00694704
-0.00680697
-0.00765531
-0.00556725
-0.00714632
-0.00682119
-0.00732893
-0.00667636
-0.00689309
-0.0064165
-0.00739563
-0.00610786
-0.00442621
-0.00666719
-0.0073387
-0.00722237
-0.00731129
-0.00713312
-0.00735474
-0.00475535
-0.00666184
-0.00718427
-0.00719481
-0.00708443
-0.00725805
-0.00694917
-0.00634768
-0.00619562
-0.0077316
-0.00681735
-0.00685719
-0.00701892
-0.00810798
-0.00419728
-0.00704943
-0.00745401
-0.0070177
-0.0068217
-0.00667826
-0.0065713
-0.00481198
-0.00941193
-0.00675519
-0.00406577
-0.00773636
-0.00432715
-0.00557961
-0.00732673
-0.00689051
-0.00617002
-0.00650572
-0.00745631
-0.00629463
-0.00416895
-0.000569046
-0.00410301
-0.00265716
-0.00649595
-0.00512913
-0.00507679
-0.00604484
-0.00184328
-0.00577897
-0.00540362
-0.00775729
-0.00465575
-0.00621607
-0.00588804
-0.0074108
-0.00246209
-0.00247552
0.000879999
-0.00670296
-0.00378872
-0.00629172
-0.00464827
-0.00450854
-0.0033006
-0.00653793
-0.00634016
-0.00582731
-0.00512383
-0.00613674
-0.000456181
-0.0027752
-0.00536511
-0.000756884
-0.00600679
-0.00687154
-0.00269698
-0.00496431
-0.00640141
-0.00678755
-0.00613804
-0.00577425
-0.00655891
0.000562565
-0.00616187
-0.00659811
-0.0059772
-0.00720649
-0.00623869
-0.000983575
-0.00763133
-0.00564245
-0.00595621
-0.00740826
-0.0063902
-0.00659847
-0.00529082
-0.00711677
-0.00547853
-0.00238031
-0.00505874
-0.00387541
-0.00564346
-0.00158132
-0.00618674
-0.00553665
-0.00140406
-0.00525399
-0.00444921
-0.00487894
-0.00492762
-0.00352703
0.00038255
-0.0046634
0.000431378
0.000644985
-0.00318024
-0.00161171
-0.00367204
-0.00702077
-0.00610244
-0.00669581
-0.00645207
-0.000360616
-0.00568277
-0.000153876
-0.00584879
-0.00570414
-0.0012056
-0.000225173
-0.00575497
-0.00664089
-0.000233873
-0.00589192
-0.00636448
-0.0010146
-0.00600435
-0.00622617
-0.0048094
-0.00118737
-0.00618329
-0.00632973
-0.00693038
-0.00578631
-0.0054423
-0.00380937
-0.00576226
-0.00517671
-0.00559404
-0.00619019
-0.00510155
-0.0049809
-0.00569724
0.00222368
-0.0052554
-0.00726476
-0.00448477
-0.00579839
-0.00440458
-0.00279741
-0.00450628
-0.00520347
-0.00675871
-0.00470883
0.00083461
-0.00451864
-0.00549143
0.00105705
-0.00438698
-0.00494138
0.000273639
0.00122043
-0.00512868
-0.00439248
0.00117638
-0.00441049
-0.00404172
0.00023828
0.000203274
-0.00619134
-0.00557868
-0.00367169
-0.00610028
-0.00701809
-0.00668955
-0.00645067
-0.00568198
-0.000357508
-0.000232267
-0.00589251
-0.00102705
-0.00636443
-0.000224507
-0.00574783
-0.00664055
-0.00578668
-0.00544108
-0.00576153
-0.00380724
-0.00559411
-0.00517476
-0.00620816
-0.00601105
-0.00622269
-0.00119049
-0.00485018
-0.00632869
-0.00617987
-0.00694672
-0.00579822
-0.00440174
-0.00449574
-0.00277609
-0.00674556
-0.00519016
-0.00470974
-0.00510312
-0.00498344
0.00224728
-0.00571758
-0.0072602
-0.00526393
-0.00451184
0.00105155
-0.00438787
-0.00493961
0.000266196
-0.00261908
-0.00478881
-0.00547903
-0.00543678
-0.00434386
-0.00503721
0.00059901
0.000832253
-0.00451972
-0.00548652
0.00118766
-0.0044041
0.000218993
-0.00402421
0.00122356
-0.0051291
-0.00438451
-0.00633732
-0.00652899
-0.00581959
-0.00511453
-0.00045018
-0.00610922
-0.000847933
-0.00669177
0.000923457
-0.00377081
-0.0062714
-0.00462572
-0.00535663
-0.000750954
-0.00277317
-0.00636604
-0.00659744
-0.00600809
-0.00625946
-0.00721957
-0.00082633
-0.00600786
-0.00271739
-0.00690397
-0.00486307
-0.00657919
-0.00680422
-0.00618521
-0.00646387
-0.00582369
0.000643753
-0.00506454
-0.00388489
-0.00566277
-0.00619571
-0.00158888
-0.00554993
-0.00763474
-0.00564848
-0.00597225
-0.00639445
-0.00739967
-0.00660944
-0.00529575
-0.00548871
-0.00712386
-0.00238481
-0.0046703
0.000420205
-0.00552714
-0.00257127
0.00201628
-0.00341542
-0.00486811
-0.00141234
-0.00317672
-0.00161822
0.000630909
-0.00352268
-0.00510622
-0.00400806
-0.00474975
-0.00756461
-0.00300201
-0.00734305
-0.00679681
-0.0105511
-0.00718837
-0.00673978
-0.0078911
-0.00331113
-0.00696792
-0.00616529
-0.00640937
-0.00432159
-0.0071517
-0.00682426
-0.00733217
-0.00689844
-0.0066874
-0.006409
-0.00712512
-0.00722006
-0.00754625
0.00360196
-0.00715774
-0.00707062
-0.00695579
-0.00766034
-0.00676316
-0.00555095
-0.00748451
-0.0061879
-0.00665286
-0.00443812
-0.00723847
-0.00731763
-0.00733707
-0.00709521
-0.00733579
-0.00658029
-0.00472103
-0.00714652
-0.00718856
-0.00704519
-0.00728293
-0.00687461
-0.00608027
-0.00643589
-0.00678901
-0.00775869
-0.00686808
-0.00698257
-0.00804632
-0.00712287
-0.00423794
-0.00695942
-0.00737059
-0.00684097
-0.00674254
-0.00617169
-0.00650879
-0.00629748
-0.00742346
-0.00423634
-0.00662498
-0.006432
-0.00488656
-0.00673791
-0.00930231
-0.00411738
-0.00765403
-0.00554012
-0.00423663
-0.00735399
-0.00514799
-0.00606095
-0.00508439
-0.00187709
-0.00576876
-0.00540154
-0.00547811
-0.00703538
-0.00495051
-0.00303691
-0.00637461
-0.0066109
-0.000565068
-0.00265884
-0.0041043
-0.0064963
-0.00459118
-0.00622274
-0.00743635
-0.00589002
-0.00247152
-0.00774615
-0.00550522
-0.00788265
-0.00782068
-0.00763394
-0.00713827
-0.00744179
-0.0109591
0.00143649
-0.00801968
-0.00710507
0.000951886
-0.00833795
-0.00735685
-0.00116265
-0.00727538
-0.00850111
-0.00472239
-0.00797159
-0.00825146
-0.00594684
8.36512e-06
-0.00641064
-0.00784654
-0.0040545
-0.00730315
-0.00746409
-0.00543446
-0.0105616
-0.00773881
-0.00858369
-0.00837895
-0.00792935
-0.00753373
-0.00973819
-0.00586419
-0.00782964
-0.00827064
-0.00575646
-0.00916054
-0.00927937
-0.00800121
-0.00524144
-0.00683124
-0.00784497
-0.00519423
-0.00709558
-0.00855686
-0.00739747
-0.00808175
-0.00171703
-0.00198791
-0.0102976
-0.0101925
-0.00751285
-0.00390068
-0.0118282
-0.00652076
-0.00555422
-0.00758541
-0.00692761
-0.0067722
-0.00385793
-0.00527464
-0.00660008
0.00431307
-0.00751943
-0.0075701
-0.00708367
-0.00695932
-0.00623463
-0.00762658
-0.00424081
-0.00719894
-0.00682715
-0.00442921
-0.00729547
-0.00415815
-0.00584922
-0.00810689
-0.00658692
-0.00621787
-0.00391327
-0.00670308
-0.0043441
-0.00572426
-0.00641807
0.00621379
-0.0065175
-0.00476484
-0.00902661
-0.00530969
-0.00838044
-0.00636007
0.002257
-0.00566641
0.00129943
-0.000876328
-0.00534578
-0.00532896
-0.00390292
0.000886408
-0.00714417
-0.00675035
0.00522802
-0.00638798
-0.00691147
0.00576713
-0.00548988
-0.00626354
-0.00427526
-0.00634673
-0.00775934
-0.00386101
-0.00671077
-0.00608578
-0.00626959
-0.00622621
-0.00640477
-0.00627239
-0.00883011
-0.00364646
-0.000532999
-0.00528928
-0.00263876
0.00301092
-0.00619181
-0.00633658
-0.00635344
-0.00547463
-0.00614931
-0.00490155
-0.00582837
-0.00483001
-0.00516661
-0.00357597
-0.00433423
-0.00131885
0.00637228
-0.0065593
-0.00571316
-0.0059762
-0.0065009
-0.00641327
-0.00648097
-0.00471761
-0.00675283
-0.00598758
-0.00465724
-0.00513164
-0.00542171
-0.00128997
-0.00534971
-0.00281344
-0.0051321
-0.00651808
2.57535e-05
-0.00346432
-0.00582349
-0.00928651
0.00719238
-0.00545891
-0.00572501
-0.00373815
-0.00560386
-0.00384553
-0.00801941
-0.00195893
-0.0041531
-0.003604
-0.00423966
-0.00495695
-0.00575512
-0.00545275
-0.00324183
-0.00464965
-0.00516711
-0.00355174
-0.00524207
-0.00255326
-0.00407104
-0.0080652
-0.00638177
-0.00471203
-0.000570698
-0.0054698
-0.00646155
-0.00108604
0.00344184
-0.00277944
-0.0035184
-0.00398626
-0.00231245
-0.00562035
-0.00331986
-0.00132273
-0.00299622
-0.00577869
-0.00556782
0.0026865
-0.00419634
0.00514512
-0.00484447
-0.0056011
-0.00574458
-0.00649382
0.0102566
-0.00525614
0.00834861
-0.00680531
-0.00466149
-0.00597936
-0.00649007
-0.00601166
-0.00541482
-0.00588972
-0.00696048
0.000687436
0.00104347
-0.00592217
-0.0073536
-0.00367737
-0.00635596
-0.0074645
-0.00467341
-0.00428443
-0.00503283
-0.00599104
-0.00591141
-0.00598293
-0.00586969
-0.00480069
-0.00670967
-0.0057589
-0.00582346
-0.00448118
-0.00417264
-0.00227236
-0.00542348
-0.00476623
0.00496111
-0.00476303
-0.00495484
0.00884972
-0.00532669
-0.00518625
0.00358604
-0.00456861
-0.00409045
-0.00229922
-0.00049173
-0.00436604
-0.00500947
0.00104431
-0.00393613
-0.00328385
-0.00264243
-0.00346003
-0.00411426
0.00791753
-0.00399261
-0.00284535
-0.00325435
-0.00321988
-0.00404616
-0.00358983
-0.00107787
0.0018253
-0.00379994
-0.00341824
0.00115561
-0.00384052
-0.00443422
-0.00427829
-0.00354272
-0.00448863
0.00948306
-0.00382125
-0.00524924
-0.00492434
-0.00283527
-0.00500653
-0.0040902
-0.00345055
-0.0045191
-0.00403882
-0.00583353
0.00111262
-0.00562554
-0.00150707
-0.00857501
-0.00815476
-0.00149964
-0.00418625
-0.00370287
-0.00257934
-0.00362919
0.00660366
-0.00841171
-0.00312863
-0.00385009
-4.08695e-05
-0.00182612
0.00207268
0.00494543
-0.00915066
-0.00475484
-0.000990733
-0.00554839
-0.00178591
-0.00618342
-0.00590125
-0.00650528
-0.0033848
-0.00449183
-0.00649426
-0.00573972
0.0102553
-0.00526684
0.00834531
0.00108519
-0.00688121
-0.00556066
-0.00581056
0.00268899
-0.00421397
0.0051395
-0.00687257
-0.00453493
-0.00611576
-0.000150027
-0.00622321
-0.00168438
-0.00626946
-0.00747428
-0.00467486
-0.00503546
-0.00428806
-0.00599551
-0.00591456
-0.00587342
-0.00596235
-0.00697082
0.00103671
0.000707847
-0.00592747
-0.00733498
-0.00635341
-0.00368187
-0.00475435
-0.00495457
0.00895215
-0.005036
-0.00534806
0.00343031
-0.00479294
-0.00487049
-0.000207832
-0.00172699
-0.00535864
-0.00488986
0.00104391
-0.00480951
-0.0066673
-0.00582867
-0.00582945
-0.00458563
-0.00416323
-0.00204431
-0.00475719
-0.00545588
0.00483446
-0.00412908
-0.00414986
0.00171975
-0.000883067
-0.00343013
-0.00429687
0.00115071
-0.00394776
-0.00444718
-0.00442924
-0.00449481
-0.00350324
0.00931509
-0.00397322
-0.0032968
-0.00256747
-0.00422154
-0.00344581
0.00807505
-0.00403546
-0.00283009
-0.00321351
-0.00323724
-0.00452647
-0.00582853
-0.00405189
0.00111342
-0.00562593
-0.00858258
-0.00150925
-0.00383557
-0.00492898
-0.00524949
-0.00284916
-0.00501269
-0.00344569
-0.00409266
-0.00840222
-0.00312618
-2.51665e-05
-0.00387925
-0.00180986
0.00201997
-0.00917275
0.00481873
-0.00812374
-0.00149243
-0.00370457
-0.00417027
-0.002567
0.0066276
-0.00361825
-0.00338791
-0.00448471
-0.00489054
-0.00518723
0.0041221
-0.00799874
-0.00563528
-0.00477786
-0.00101436
-0.005379
-0.00537873
-0.00384773
-0.00569727
0.00129642
-0.00388238
-0.00609493
-0.0067282
-0.00630543
-0.00623363
-0.00625775
-0.0065047
-0.00410041
-0.00518643
-0.00654438
-0.0062766
0.000893304
-0.00678501
-0.00718374
0.00521436
-0.00640905
-0.00697481
-0.00362013
-0.000669326
-0.0052757
0.00302214
-0.0026926
-0.00885357
-0.00699482
-0.00623028
-0.00707571
-0.00892417
-0.00677362
-0.00575938
-0.00837808
-0.00619509
-0.00632215
-0.00632917
-0.00546718
-0.00616051
-0.00580906
-0.00486066
-0.0057411
-0.00595551
-0.00644242
-0.00648631
-0.00648775
-0.00468844
-0.0060047
-0.00665189
-0.0048333
-0.00354903
-0.0050834
-0.00430856
-0.00125797
-0.00648009
0.0064388
-0.00503448
-0.00553289
-0.00651393
-0.00466998
-0.00592377
-0.00479558
-0.00868469
-0.00463879
-0.00540939
-0.00511384
-0.00126278
-0.00533582
-0.00512002
-0.00279295
-0.00567222
-0.00372455
-0.00382863
-0.00549524
-0.00796589
-0.00195126
-0.00358871
-0.00412141
-0.00647523
9.6365e-05
-0.005742
-0.00338445
-0.00925523
-0.00543163
0.00725739
-0.00806429
-0.00471483
-0.00639129
-0.000579065
-0.00546464
-0.00646615
-0.00430154
-0.00529656
-0.00609749
-0.00575227
-0.00515107
-0.0032779
-0.00424467
-0.00576918
-0.004948
-0.00544857
0.00343528
-0.00277342
-0.00397927
-0.0034951
-0.00231331
-0.00106994
-0.00301451
-0.00599155
0.00146809
-0.00663912
-0.00528351
0.00432039
-0.00694449
-0.00682725
-0.00717684
-0.00438147
-0.0072872
-0.00413038
-0.00737111
-0.00603038
-0.00746257
-0.00753724
-0.00639694
-0.00571324
0.00623304
-0.0064932
-0.00474485
-0.00704015
-0.00665109
-0.00588911
-0.00810984
-0.00636673
0.00221404
-0.00477237
-0.000237525
0.00731535
0.000888642
0.000162472
-0.000929861
-0.00115681
-0.0013547
-0.000608393
0.000419197
-0.00212757
-0.0010046
-0.00221171
-0.000812918
-0.00660068
-0.0020178
-0.000450433
-0.00589902
-0.00203239
-0.00653275
-0.00599615
0.00513604
-0.000920686
0.00690694
-0.000683729
0.0121495
-0.000990043
-0.00118023
-0.00196333
-0.00206658
-0.00642624
0.00230039
-0.00762762
-0.00600374
-0.0058511
-0.00581706
-0.00709534
-0.00689212
-0.00454804
-0.00640229
-0.0072424
-0.00666733
-0.00583008
-0.00741359
-0.00758255
0.00224008
-0.00165457
-0.0082729
0.00195594
-0.00566968
-0.00560384
-0.00534664
-0.0064296
-0.00606122
-0.00647195
-0.00604251
-0.00626529
-0.00531699
4.77906e-05
-0.00556315
-0.00553871
-0.0058552
-0.00260743
-0.00520905
-0.00385289
-0.00304906
0.00313284
-0.00435701
-0.00373952
-0.00232025
-0.00642314
-0.00725934
-0.00613742
-0.00615129
-0.00738227
-0.00649311
-0.0073714
-0.00540291
-0.00612022
-0.0062882
-0.00644211
-0.00752486
-0.00698944
-0.00714743
-0.00605625
-0.00498309
-0.00525231
-0.00487986
-0.0053022
-0.00519771
-0.00498132
-0.0052276
0.00268139
0.000641154
-0.0036308
-0.00126682
-0.00576737
-0.00383573
-0.00172722
-0.00304119
-0.0040931
-0.00615091
-0.00619179
-0.00725802
-0.00737051
-0.00540162
-0.00738101
-0.00649128
-0.00644174
-0.00605457
-0.00611903
-0.00714686
-0.00605593
-0.00752562
-0.00698958
0.00062403
-0.00170455
-0.00148097
-0.000183807
-0.000503603
-0.00524601
-0.00275722
-0.00446978
0.00230589
-0.00748113
0.000990035
-0.00527135
-0.00505703
-0.00489396
-0.00552233
-0.00577289
-0.00528048
-0.00550043
-0.00551331
-0.00683496
-0.00563304
-0.00548184
-0.0068619
-0.00512858
-0.00688951
-0.00738239
-0.00694011
-0.0067567
-0.00696564
-0.00754377
-0.00690168
-0.00703404
-0.00661568
-0.00648382
-0.00638166
-0.00659522
-0.00535982
-0.00661759
-0.00665654
-0.000612562
-0.00160605
-0.0020154
-0.00546632
-0.00286885
-0.00275332
0.00147921
-0.00532511
-0.00341222
0.0031817
-0.00701763
-0.00565295
-0.00565896
-0.00792534
-0.00336852
-0.00632394
-0.00894247
-0.00871079
-0.00630339
-0.00817467
-0.00770243
-0.0053653
-0.00736747
-0.00795468
-0.00638635
-0.00808299
-0.00791394
-0.00939412
-0.0020078
-0.0031166
-0.00191761
-0.0118161
-0.00817269
-0.0066322
-0.0057442
-0.00635961
-0.00742767
-0.00779329
-0.00699135
-0.00745644
-0.00807561
-0.00783443
-0.00792434
-0.00865839
-0.00845621
-0.00825227
-0.00748246
-0.00686169
-0.00723751
-0.00644938
-0.00758804
-0.00722544
-0.00790983
-0.00708138
-0.0067606
-0.00686611
-0.0070788
-0.00652467
-0.00681984
-0.00652851
-0.00696338
-0.00699872
-0.00617352
-0.0064696
-0.00709854
-0.0067573
-0.00668017
-0.00617712
-0.00549414
-0.00552211
-0.00520988
-0.00619733
-0.00609638
-0.0063604
-0.00582963
-0.00515239
-0.00367063
-0.005035
-0.00580369
-0.00519554
-0.00451089
-0.00576045
-0.00672899
-0.000571863
0.00200872
-0.00335582
0.000829519
-0.00692714
-0.000630851
-0.00704278
-0.00445433
0.00443421
-0.00721304
-0.00468339
-0.00689299
-0.00774547
-0.00465506
-0.00440152
0.000448369
-0.00349925
-0.000570874
-0.00147391
-0.00281213
0.00178252
-0.00649078
-0.00611773
-0.00699714
-0.00666564
-0.00615823
-0.00709941
-0.0067351
-0.00521604
-0.00617711
-0.00551537
-0.00636848
-0.00580442
-0.00620503
-0.00609982
-0.00522672
-0.00433962
-0.00512686
-0.00559798
-0.00452048
-0.00515862
-0.00570157
-0.00714187
-0.00677807
-0.00674616
-0.00721716
-0.00692105
-0.00711852
-0.00692542
-0.0079228
-0.00765359
-0.00808156
-0.00824552
-0.00748965
-0.00862775
-0.00845977
-0.00645889
-0.00735382
-0.0068547
-0.00791036
-0.00708071
-0.00758182
-0.00724984
-0.00887488
-0.00896255
-0.00590056
-0.00820765
-0.00985569
-0.00842851
-0.0072393
-0.00793797
-0.00753735
-0.00734017
-0.007842
-0.00776894
-0.00757423
-0.00763522
-0.00678439
-0.00664852
-0.00898544
-0.00849522
-0.0083787
-0.00870497
-0.00883701
-0.00841572
-0.00850947
-0.0087743
-0.00759659
-0.00858494
-0.0088573
-0.0084311
-0.00864388
-0.0088799
-0.00798276
-0.0074025
-0.00718653
-0.00803183
-0.00775568
-0.00751265
-0.00697927
-0.00732679
-0.00669277
-0.00640874
-0.00685719
-0.00732125
-0.00725114
-0.00658586
-0.00748862
-0.007157
-0.00660637
-0.00738358
-0.00674491
-0.0069218
-0.00715822
-0.00659168
-0.00620812
-0.00689128
-0.00661305
-0.00694863
-0.0065715
-0.006573
-0.00556468
-0.00444937
-0.00426274
-0.00615919
-0.000188715
-0.000171523
-0.00653529
-0.00642516
-0.00135349
-0.00667132
-0.00694337
-0.00641611
-0.00393408
-0.00718124
-0.0073187
-0.00795794
-0.0075018
-0.00697283
-0.00801519
-0.00774789
-0.00641141
-0.0072525
-0.00731272
-0.00735195
-0.00656905
-0.00688803
-0.00729196
-0.0053875
-0.00132743
-0.00788719
-0.00798915
-0.00529053
-0.00782997
-0.00791954
-0.00810871
-0.00801319
-0.00774221
-0.00879851
-0.0084272
-0.00857941
-0.00742409
-0.00689169
-0.00787288
-0.00686552
-0.00906883
-0.00852564
-0.00854216
-0.0085202
-0.00848313
-0.00870887
-0.00863495
-0.008628
-0.00744427
-0.00943435
-0.00435211
-0.00881303
-0.0130588
-0.00959766
-0.00908101
-0.0102479
-0.0100562
-0.00953378
-0.00834405
-0.00936827
-0.00905121
-0.00961321
-0.00756026
-0.00828621
-0.00943141
-0.00866205
-0.00890888
-0.00874257
-0.00905801
-0.00783961
-0.0078151
-0.00815823
-0.00804999
-0.00807184
-0.00785502
-0.00808532
-0.00805791
-0.0012673
-0.00772855
-0.00744005
-0.00855624
-0.00247568
-0.00913145
-0.00603573
-0.00787764
-0.00892615
-0.000844956
-0.00020596
-0.00222198
-0.00128158
-0.00675653
-0.00606904
-0.0062462
-0.00600484
-0.00626912
-0.00568581
-0.00618039
-0.00494833
-0.00515303
-0.00449377
-0.00536326
-0.00471294
-0.00525646
-0.00495005
-0.00422791
-0.0045475
-0.00445909
-0.00465724
-0.00443392
-0.00450522
-0.00479731
-0.000450202
-0.00587988
-0.00519618
-0.000358158
-0.00624516
-0.00684103
-0.00675416
-0.00568546
-0.00618002
-0.00600448
-0.00626841
-0.00448435
-0.00478958
-0.00491793
-0.00526129
-0.00495043
-0.00532195
-0.00477645
0.000440687
-0.00442111
-0.00417745
-0.00477657
-0.0050461
-0.00390663
-0.00426651
-0.00490594
-0.00751092
-0.0072264
-0.00770969
-0.00761821
-0.00747636
-0.00721817
-0.00760365
-0.00907247
0.00131479
-0.0083722
-0.00949066
-0.0100496
-0.00959655
-0.00759545
-0.00932096
-0.00902425
-0.00870404
-0.00840636
-0.00829985
-0.00903489
-0.00786477
-0.00892491
-0.00880882
-0.00896366
-0.00878814
-0.00893438
-0.00921128
-0.0089173
-0.00877479
-0.00900286
-0.00881753
-0.0087525
-0.00861591
-0.00869549
-0.00889142
-0.0087252
-0.00853116
-0.00872125
-0.00874147
-0.00866034
-0.00876603
-0.00883881
-0.00890079
-0.00880217
-0.00875726
-0.00882764
-0.00889835
-0.00878051
-0.00835887
-0.00884735
-0.00881028
-0.00889769
-0.00890373
-0.00926104
-0.00838745
-0.0094423
-0.00877103
-0.00943825
-0.00950017
-0.0090502
-0.00962061
-0.00755201
-0.00953728
-0.0100835
-0.00957853
-0.00831979
-0.00873346
-0.00906331
-0.00784429
-0.00842994
-0.0083135
-0.00945908
-0.0086966
-0.00519081
-0.00807785
-0.00220004
-0.00671397
-0.00758862
-0.00831499
-0.00844782
-0.00716643
-0.00744034
-0.00805207
-0.00961759
-0.00727433
-0.004055
-0.00436723
-0.00142565
-0.000891211
-0.00170777
-0.000871054
-0.00613863
-0.00525909
-0.00606789
-0.00578668
-0.0064369
-0.00515871
-0.00603609
-0.00505571
-0.00533805
-0.00518984
-0.00504867
-0.00548714
-0.00529719
-0.00516242
-0.0064168
-0.00728295
-0.00108017
-0.00021231
-0.0072897
-0.00649866
-0.000367745
-0.00606749
-0.00551696
-0.00613854
-0.00515856
-0.00603596
-0.00578854
-0.00643816
-0.00523653
-0.00537772
-0.00509716
-0.00528954
-0.00516288
-0.00505559
-0.00548859
-0.00433106
-0.00106531
-0.00269729
-0.000990056
-0.005669
-0.00544054
-0.00540534
-0.00553257
-0.00511004
-0.00517782
-0.00549331
-0.00503119
-0.0083001
-0.00746783
-0.0060685
-0.0101542
-0.00757782
-0.00935739
-0.00907743
-0.00954066
-0.00837349
-0.00954688
-0.0100815
-0.0078629
-0.0089351
-0.00881546
-0.00945259
-0.00874527
-0.00844096
-0.00832699
-0.00686389
-0.00710674
-0.0073365
-0.00717845
-0.00738437
-0.00706413
-0.00740865
-0.0078336
-0.00794578
-0.00865255
-0.00852229
-0.0085909
-0.00848147
-0.00868419
-0.00858704
-0.00854021
-0.00919454
-0.00952007
-0.00872525
-0.0089828
-0.00882485
-0.00911234
-0.00971317
-0.00976027
-0.00927028
-0.00362528
-0.0107917
-0.00832768
-0.00864704
-0.0079328
-0.00787506
-0.00790047
-0.00841047
-0.00803295
-0.00554986
-0.0083931
-0.0069116
-0.00913142
-0.00659164
0.00188457
-0.00783385
-0.00748676
-0.00696626
-0.00811086
-0.00811712
-0.00766641
-0.00725907
-0.00695043
-0.00725157
-0.00652383
-0.00718245
-0.00675585
-0.006682
-0.00627507
-0.0065358
-0.00713525
-0.0068397
-0.0068094
-0.00664993
-0.00682534
-0.00668711
0.00597774
-0.00623555
-0.00564313
-0.00531023
-0.00535739
-0.0050332
-0.00583605
-0.00522152
-0.00316461
0.000903472
0.000812648
-0.00392292
-0.00619307
-0.00504069
-0.00544222
-0.00475013
-0.00493492
-0.00464604
-0.00503512
-0.00672361
-0.00637402
-0.00620057
-0.00573561
-0.00678877
-0.0064807
-0.00858443
-0.0069717
-0.00832093
-0.00783042
-0.00765441
-0.00724331
-0.00809338
-0.0080863
-0.00652819
-0.0068218
-0.00692174
-0.00671283
-0.00628842
-0.00719557
-0.00676777
-0.00887864
-0.00818363
-0.00877763
-0.00823864
-0.00876956
-0.0082546
-0.00849356
-0.00904338
-0.00866393
-0.00892347
-0.00918697
-0.008882
-0.00893222
-0.00923001
-0.00887043
-0.00874378
-0.00891779
-0.00882861
-0.00938708
-0.00892324
-0.00858179
-0.00838404
-0.00867109
-0.00870138
-0.00727448
-0.00833346
-0.00900324
-0.00850255
-0.00846763
-0.00878271
-0.00884636
-0.00826116
-0.00841346
-0.00860069
-0.00843076
-0.00826826
-0.00861973
-0.0082353
-0.00771583
-0.00821195
-0.00917077
-0.00824963
-0.00666786
-0.00608802
-0.00800402
-0.00636988
-0.00795921
-0.00838656
-0.00789773
-0.00748088
-0.00745414
-0.00782208
-0.00739893
-0.00757609
-0.00765703
-0.00834815
-0.00832243
-0.00742225
-0.00734975
-0.00760535
-0.00789888
-0.00791573
-0.00740906
-0.00795876
-0.00715903
-0.00756851
-0.00765659
-0.00733114
-0.00673204
-0.0065382
-0.0060577
-0.00744321
-0.00625799
-0.00722805
-0.00755125
-0.00553923
-0.00690926
-0.00689288
-0.00632431
-0.00670831
-0.00707893
-0.00667297
-0.00666822
-0.0060158
-0.00650056
-0.00576321
-0.00625593
-0.00573047
-0.00571285
-0.0052837
0.000448764
-0.00118788
-0.00622381
-0.00610018
-0.0068319
-0.0060783
-0.005925
-0.00621489
-0.00791217
-0.00722683
-0.00621658
-0.00698149
-0.00652094
-0.00653144
-0.00687595
-0.00378991
-0.00633205
-0.00740321
-0.00689775
-0.00666863
-0.00664827
-0.00668884
-0.00707665
-0.0057676
-0.00633748
-0.00602695
-0.00571871
-0.00528647
-0.00626477
-0.0057434
-0.00679016
-0.00749261
-0.000922391
-0.000966243
-0.00559239
-0.00588664
-0.00744284
-0.0086409
-0.00835271
-0.00789413
-0.00791068
-0.00734624
-0.00761967
-0.00713958
-0.00771172
-0.00740702
-0.00729132
-0.00671924
-0.00735172
-0.00763492
-0.00528414
-0.00601051
-0.00595173
-0.00576082
-0.00576404
-0.0063073
-0.00522225
-0.00768254
-0.00711281
-0.00739806
-0.00742608
-0.00714716
-0.00733894
-0.00791103
-0.00992991
-0.00963345
-0.00421053
-0.00918943
0.00383146
0.00298156
-0.00742572
-0.00692514
-0.0122467
-0.00226859
-0.00570995
-0.0069856
-0.00807592
-0.00944127
-0.00615714
-0.00707168
-0.00765349
-0.00732642
-0.00328172
-0.00735277
-0.00727971
-0.00659805
-0.0074106
-0.0078567
-0.0074915
-0.00697632
-0.00743561
-0.00799223
-0.00704918
-0.00672319
-0.00697565
-0.00701053
-0.00169206
-0.0067269
-0.00766295
-0.00661028
0.00479467
-0.000534028
-0.00657817
-0.00752699
-0.0056466
-0.00687558
-0.00748653
-0.00663161
-0.00645384
-0.00665198
-0.00690234
-0.00572526
-0.00550861
-0.00523557
-0.00583384
-0.00569357
0.000895385
-0.00371572
0.00616383
-0.00460532
0.00148665
-0.00561721
-0.00760452
-0.00658433
-0.00668092
-0.00648379
-0.00688373
-0.00747585
-0.00571729
-0.00724771
-0.00666062
-0.00576389
-0.00570293
-0.0055016
-0.00522913
-0.00253966
-0.00448745
-0.00498048
-0.00492341
-0.00453241
-0.0031092
-0.00467462
-0.00651248
-0.00629906
-0.00712659
-0.00545183
-0.00642113
-0.00634172
-0.00671839
-0.00414226
-0.00637577
-0.00693669
-0.00655469
-0.00638274
-0.00828322
-0.00588361
-0.00428679
-0.00472806
-0.00442389
-0.00255204
-0.00142385
-0.00234125
-0.0083255
-0.00802227
-0.00792905
-0.00728901
-0.00794836
-0.00760671
-0.00789891
-0.00883073
-0.00571608
-0.00517595
-0.0108421
-0.010676
-0.00396438
-0.00374009
-0.00368658
-0.000728278
-0.00385616
-0.00302006
-0.00641927
-0.00297041
-0.0024802
-0.00500332
0.000614862
-0.00626747
-0.00572822
-0.00607859
-0.00551701
-0.00554641
-0.00606607
-0.00566571
-0.00646109
-0.00508842
-0.00500328
-0.00419996
-0.00515737
-0.00368776
-0.00454645
-0.003956
-0.00418039
-0.00619777
-0.00447943
-0.00476039
-0.00405835
-0.00491675
-0.00379593
-0.00468401
-0.0063309
-0.00579963
-0.00652616
-0.00563274
-0.00633963
-0.00591972
-0.00667628
-0.00447692
-0.00525194
-0.00549299
-0.00497645
-0.00583497
-0.00558624
-0.0043613
-0.00126049
-0.00337608
-0.00561171
-0.00132864
-0.00433796
-0.00434539
-0.00398234
-0.00414063
-0.000552562
-0.00272485
-0.00572517
-0.000561982
-0.00586313
-0.00463336
-0.00480114
-0.00653361
-0.000622895
-0.000387455
0.0121465
-0.00479061
-0.00158302
-0.00313766
-0.00110845
-0.0047336
-0.00374353
-0.00492143
-0.00498479
-0.00318065
-0.00428736
-0.00532147
-0.00455858
-0.00570967
-0.00594549
-0.00528199
-0.00540443
-0.00497233
-0.0056275
-0.00098942
-0.00117291
-0.0019684
-0.00206279
0.000768927
-0.00679864
-0.00571403
-0.00611697
-0.0063682
-0.0055871
-0.00650847
-0.00672354
-0.00718846
-0.00641708
-0.00678624
-0.00622492
-0.00792213
-0.00634025
-0.00649
-9.40442e-05
-0.00293048
-0.0027019
-0.00581353
-0.00185232
-0.0017343
0.00031011
-0.00141396
-0.00550695
-0.00513014
0.00645138
-0.00323522
0.0016968
0.00152255
-0.00391121
-0.00614619
-0.00454827
-0.00503725
-0.00531198
-0.00355015
-0.00537477
-0.00538996
-0.00606234
-0.00481119
-0.00483346
-0.00541867
-0.00549272
-0.00365447
-0.00572524
-9.16716e-05
-0.00104333
-0.000505675
-0.000452777
-0.00212801
-0.00100503
-0.00221178
-0.000813888
-0.00604683
-0.000324765
0.00030457
-0.00638414
0.000244488
-0.00639993
-0.00610062
-0.00454425
-0.00411899
-0.00469115
-0.00508192
-0.00490517
-0.00424844
-0.00479519
-0.00065393
-0.000322285
-0.00216973
-0.00105457
-0.00660247
-0.000457163
-0.00201913
-0.00590202
-0.0065339
-0.0020341
-0.00599908
-0.00103624
-0.00648411
-0.00567918
-0.000964367
-0.00651308
-0.00612651
-0.00607744
-0.00604629
-0.00642804
-0.00632089
-0.00606756
0.00513514
-0.000921121
0.0069064
-0.000684909
-0.0070979
-0.00608258
-0.00643941
-0.00592093
-0.00649442
-0.00548211
-0.00645366
-0.00723493
-0.00541851
-0.00570099
-0.00600641
-0.00522471
-0.00569114
-0.00622838
-0.00153308
-0.00175452
-0.00550882
-0.0051297
-0.00323432
0.00169718
0.00152338
-0.00391058
0.00645553
-0.0060621
-0.00480848
-0.00541847
-0.00483517
-0.00366263
-0.0054925
-0.00572275
-0.00614514
-0.00454504
-0.00531203
-0.00503212
-0.00537305
-0.00354911
-0.00538641
-0.00604577
0.00030547
-0.000322991
-0.00638377
-0.00639783
0.000244206
-0.00610043
-0.000236107
0.00731912
0.000889492
0.000164768
-9.02278e-05
-0.00104337
-0.00050435
-0.000448011
-0.00454167
-0.00411484
-0.00508123
-0.00468896
-0.00424631
-0.00490264
-0.00479362
-0.00103567
-0.00648377
-0.00567838
-0.000964132
-0.000927716
-0.00116283
-0.00135035
-0.000606944
-0.00064922
-0.000314986
-0.00216411
-0.00104942
-0.00651162
-0.0061238
-0.00604511
-0.00607696
-0.006319
-0.00642642
-0.00606679
0.00042282
-0.0072333
-0.00541826
-0.00600636
-0.0057008
-0.00569111
-0.0052235
-0.00622817
-0.00709527
-0.00608079
-0.00592009
-0.00643819
-0.00548016
-0.00649009
-0.00645277
-0.00152522
-0.00175182
-0.00571257
-0.00056183
-0.00585484
-0.00478268
-0.00463506
-0.00652448
-0.000367563
-0.000625639
-0.00478932
-0.00158244
-0.00313744
-0.00110306
-0.00472646
-0.00373848
-0.00498203
-0.00491671
-0.00428434
-0.0031711
-0.00532055
-0.0045547
-0.00570904
-0.00527946
-0.00594397
-0.00496846
-0.00539668
-0.00562526
0.000775697
-0.00680138
-0.00571433
-0.00636846
-0.00611787
-0.00650845
-0.005589
-0.00672301
-0.00719025
-0.00641396
-0.00622461
-0.006783
-0.00633925
-0.00791252
-0.00649045
-8.79028e-05
-0.00269326
-0.00291935
-0.00580077
-0.001721
-0.00184019
0.00032274
-0.00140398
-0.00561632
-0.0013365
-0.00432547
-0.00433045
-0.0039741
-0.00413774
-0.000558153
-0.00271172
-0.00551158
-0.00597521
-0.00919403
-0.00418013
-0.011255
-0.0113135
0.0014695
-0.00533552
-0.0046779
-0.0068677
-0.00793436
-0.00561142
-0.00993245
-0.00122839
-0.00803239
-0.00630807
-0.00751838
-0.00869285
-0.00670604
-0.0100403
-0.00853031
-0.0077796
-0.00797458
-0.00779886
-0.00784622
-0.00783775
-0.00799928
-0.00340634
0.00319012
-0.00701149
-0.00564308
-0.00565362
-0.0087168
0.00167555
-0.00493752
-0.00210485
-0.00815711
-0.00738072
-0.00660521
-0.0125311
-0.00202794
-0.00729014
-0.00738279
-0.00766719
-0.00765022
-0.0072883
-0.00746812
-0.00780088
-0.00998734
-0.00951911
-0.00403562
-0.00910038
0.00388274
0.00323648
-0.00473791
-0.00500291
-0.00477277
-0.00283326
-0.0019305
-0.00308507
-0.00686085
-0.000685421
-0.00133132
-0.00743846
-0.00589823
-0.00625833
-0.00495391
-0.00760425
-0.0075391
-0.00690551
-0.00703403
-0.00848855
-0.00698975
-0.00605184
-0.00678378
-0.00831426
-0.00921327
0.00165215
-0.00715131
-0.00552075
-0.0056419
-0.00682925
-0.00549386
-0.00685846
-0.00512794
-0.00689987
-0.00716215
-0.00686478
-0.00585883
-0.0066676
-0.00857717
-0.00723928
-0.00663001
-0.00809235
-0.00746663
-0.00866069
-0.00735703
-0.0078954
-0.00671259
-0.00794877
-0.00751473
-0.008052
-0.00778496
-0.00775776
-0.00767358
-0.00780072
-0.00779154
-0.00797329
-0.0069543
-0.00673993
-0.0080934
-0.00783331
-0.00702443
-0.00948049
-0.00738339
-0.00676676
-0.00694222
-0.00696579
-0.00754975
-0.00703781
-0.00690357
-0.00726525
-0.00890403
-0.00203927
-0.00839249
-0.00582331
-0.00857858
-0.00765326
-0.00708211
-0.00738805
-0.00685945
-0.00667902
-0.00704157
-0.00691135
-0.00703809
-0.00683119
-0.0062418
-0.0065185
-0.00661466
-0.00549346
-0.00671498
-0.00658893
-0.00634513
-0.00106495
-0.00607085
-0.00606267
-0.00676218
-0.00349987
-0.00599547
-0.00711953
-0.00727283
-0.00741236
-0.00745092
-0.00688309
-0.00703722
-0.00702851
-0.00635198
-0.00301894
-0.00692901
-0.00655202
-0.00671339
-0.00657868
-0.00687904
-0.000602629
-0.00200645
-0.00160799
-0.00545472
-0.00285396
-0.00274347
-0.00515144
-0.00598434
-0.00623528
-0.00599113
-0.00536796
-0.00655137
-0.00612117
-0.00395283
-0.00439186
-0.0040582
-0.0023026
-0.00115859
-0.00206006
-0.00656902
-0.00634578
-0.00722277
-0.0060012
-0.00752
-0.00586035
-0.00751491
-0.00530943
-0.00279286
-0.00453701
-0.00756936
0.00227996
0.000890123
-0.00668481
-0.00675346
-0.00587254
-0.00622036
-0.00380159
-0.00644716
-0.00624357
-0.00571568
-0.00453339
-0.0069631
-0.00579801
-0.00547297
-0.00584078
-0.00661625
-0.00601305
-0.00460308
-0.00566325
-0.0061437
-0.00512142
-0.0061552
-0.0063678
-0.00525244
-0.0049082
-0.00503705
-0.00551489
-0.00577826
-0.00549207
-0.00526462
0.0017166
0.000258961
-0.00226912
0.00282279
-0.000226477
-0.00156657
-0.00524097
-0.000107258
-0.00580588
-0.00564332
-0.00631376
-0.00523338
-0.00569758
-0.0052512
-0.00450259
-0.00547447
-0.00532645
-0.00558708
-0.00535617
-0.00540694
0.00456004
-0.00130825
0.000986444
0.00587073
-0.00375597
-0.00420502
0.00118651
0.00166506
-0.00053626
-0.000499945
-0.00294587
-0.00247033
-0.00122641
-0.00160494
-0.00306203
-0.00551493
-0.00577252
-0.00514521
-0.00510925
-0.00376976
-0.00530162
-0.00593882
-0.00551868
-0.00718661
-0.00611355
-0.00794089
-0.00578601
-0.00597391
-0.00363419
-0.00576705
-0.00126544
-0.00383605
-0.00304092
-0.00173008
-0.00409263
-0.00533738
-0.00211338
0.0032066
0.000717731
0.00202202
0.000696589
-0.00551899
-0.00568218
0.00587447
-0.00542572
-0.00351636
-0.00596232
-0.00357616
-0.00555708
0.000618794
-0.0016972
-0.00148881
-0.000205294
-0.000504413
0.00538955
-0.000262075
-0.00225548
-0.00419878
-0.00502313
-0.00508175
-0.00423111
-0.00313951
-0.00479858
0.00162978
0.00699415
-0.00334849
0.00179214
-0.00366717
0.000986492
0.00587008
-0.00375517
-0.00420496
0.00118659
0.00457098
-0.0013013
-0.000507126
-0.00247206
-0.00295273
-0.00161406
-0.00122828
-0.00307224
-0.00551565
-0.0051468
-0.00577871
-0.00377048
-0.00511442
-0.00531307
0.00165283
-0.000549994
-0.00387816
0.00310417
-0.00302687
-0.00433075
-0.00230149
-0.00376065
-0.00643028
-0.00598393
-0.00720243
-0.00549122
-0.00612544
-0.00794872
-0.00597518
-0.00575294
-0.0056886
-0.00542792
0.00586229
-0.00350928
-0.00357985
-0.00596339
-0.00555569
-0.00498986
-0.00488443
-0.00524454
-0.00530749
-0.00521114
-0.00523158
-0.00499133
-0.00536084
0.00313382
-0.00215697
0.000660496
0.000658597
0.0019757
-0.00557404
0.00262002
0.000584269
-0.00223667
-0.00419968
-0.00508123
-0.00501608
-0.00314381
-0.00422584
-0.00476661
0.00162448
-0.0033308
0.00686066
0.00182663
-0.00369236
0.00540569
-0.00021797
-0.00592171
-0.00588173
-0.00682883
-0.00623545
-0.00354994
-0.00638775
-0.00652121
-0.0064911
-0.00721078
-0.00634476
-0.00602495
-0.00754949
-0.00582937
-0.0075235
-0.00606536
-0.00460067
-0.00614421
-0.00569198
-0.00614348
-0.00518256
-0.00636464
-0.00590273
-0.00455674
-0.00583827
-0.00699702
-0.00588632
-0.00553115
-0.00665465
0.00171094
0.000202612
-0.00233599
-0.000260641
0.00283986
-0.0016038
-0.00532119
-0.00556202
5.13144e-05
-0.00550607
-0.00587541
-0.00520918
-0.00260934
-0.00527049
-0.00453679
-0.00533418
-0.00550479
-0.00537286
-0.00562811
-0.00542108
-0.00526291
-8.9769e-05
-0.00567815
-0.0058217
-0.00529587
-0.0063245
-0.00571624
-0.00473999
-0.00476424
-0.00500723
-0.00192897
-0.0028367
-0.00308048
-0.00686628
-0.0013453
-0.000681081
-0.00744753
-0.00589765
-0.00626066
-0.00496025
-0.00761527
-0.0069193
-0.00754844
-0.00850791
-0.00703958
-0.00699683
-0.0071598
-0.00585326
-0.00685517
-0.00666698
-0.00857469
-0.00662948
-0.00723643
-0.00603955
-0.0067739
-0.00830561
0.00166952
-0.00920214
-0.00714173
-0.00808921
-0.00745833
-0.00735103
-0.00866751
-0.00670081
-0.00789775
-0.00795293
-0.00750981
-0.00804875
-0.00775896
-0.00778616
-0.00779843
-0.00767249
-0.00778966
-0.00641336
-0.00762494
0.00231084
-0.00599009
-0.00580403
-0.00584319
-0.00708413
-0.00797312
-0.00673547
-0.00695039
-0.00809884
-0.00701323
-0.00783728
-0.00948375
-0.00705194
-0.00686882
-0.00740588
-0.00669184
-0.00704714
-0.00703057
-0.00701531
-0.00689529
-0.00640819
-0.00455823
-0.00724841
-0.00584279
-0.00668305
-0.00742026
-0.00729732
-0.00202145
-0.00890132
-0.00837094
-0.0085934
-0.00583047
-0.00765998
-0.00633003
-0.00605984
-0.00108238
-0.00605272
-0.00679279
-0.00601653
-0.00347666
-0.00760025
0.00226118
-0.00164224
0.00195315
-0.00833359
-0.00566875
-0.00705502
-0.00727651
-0.00744829
-0.00743188
-0.00701851
-0.00688918
-0.00701729
-0.00632903
-0.00302475
-0.00655021
-0.00693124
-0.00657941
-0.0067239
-0.0068646
-0.00515043
-0.00598887
-0.00599978
-0.00624187
-0.00657079
-0.00534745
-0.00613623
-0.00395756
-0.0040632
-0.00440391
-0.00207246
-0.00116104
-0.00231116
-0.00550244
-0.00918286
-0.00595173
-0.0112478
-0.00416661
-0.0113062
-0.00468169
-0.00687116
-0.0079372
-0.00561604
-0.00993387
-0.00853015
-0.00778478
-0.00780185
-0.00798225
-0.00783978
-0.00784964
-0.00800194
-0.00120241
-0.00801159
-0.00631966
-0.00868728
-0.00752726
-0.00671923
-0.0100309
-0.00869034
0.00168422
-0.00730202
-0.0073906
-0.00765794
-0.00767714
-0.00747887
-0.00729184
-0.00782359
-0.00496427
-0.00816609
-0.00211833
-0.0066238
-0.00741017
-0.0125633
-0.00210318
-0.00993892
-0.00399163
-0.00947676
0.00330577
0.00391337
-0.00905609
-0.00803822
-0.00721677
-0.00724138
-0.00733293
-0.00678903
-0.00665268
-0.00681428
-0.0062336
-0.00475522
-0.0102625
-0.0108006
0.00227547
0.00308339
-0.00999471
-0.00752645
-0.00682799
-0.00696978
-0.00880887
-0.0090189
-0.00899737
-0.00761925
-0.00818699
-0.00826896
-0.00765413
-0.00931666
-0.00777701
-0.00755169
-0.00921702
-0.00973764
-0.00954304
-0.00898436
-0.0106532
-0.00372477
-0.00886116
-0.00591304
-0.00893479
-0.00817203
-0.00983914
-0.00724907
-0.00844154
-0.00851423
-0.00914306
-0.00814972
-0.00834223
-0.00818227
-0.00863554
-0.00840723
-0.00900558
-0.00786721
-0.00895873
-0.00878124
-0.00860981
-0.00914994
-0.00876649
-0.00882729
-0.00872623
-0.00904516
-0.00863569
-0.00918649
-0.00883136
-0.00867479
-0.00836031
-0.00931386
-0.00815259
-0.00844288
-0.00828586
-0.0091901
-0.00869139
-0.00868025
-0.0085133
-0.00885096
-0.00881587
-0.00877517
-0.00861932
-0.00857772
-0.00849577
-0.0120408
-0.00816367
-0.00355454
-0.00849807
-0.0092887
-0.00824311
-0.00811349
-0.00810885
-0.00820275
-0.00777181
-0.00837144
-0.00796905
-0.00830889
-0.00797782
-0.00730831
-0.0075227
-0.00781335
-0.00776258
-0.00760625
-0.007558
-0.0069805
-0.00461254
-0.00709438
-0.0072247
-0.00764751
-0.00724614
-0.00734964
-0.00857514
-0.00838163
-0.00828668
-0.00797057
-0.00878681
-0.00781501
-0.00769596
-0.00774203
-0.0069134
-0.00828569
-0.00820243
-0.00770847
-0.00840518
-0.0078998
-0.00681444
-0.00624827
-0.00631784
-0.00825044
-0.00851108
-0.00824104
-0.00751511
-0.00716947
-0.00734519
-0.00743243
-0.00672462
-0.00683618
-0.00860611
-0.00859405
-0.00556532
-0.00488733
-0.0105382
-0.0105854
-0.00369169
-0.00137311
-0.00235111
-0.00255151
-0.0060072
-0.00343676
-0.00333356
-0.00592903
-0.00676932
-0.00691186
-0.00658614
-0.00658492
-0.0066865
-0.00596496
-0.00400025
-0.00589208
-0.00670288
-0.00664251
-0.00550398
-0.00763343
-0.00646552
-0.0060759
-0.000470408
-0.000505865
-0.00676102
-0.00544352
-0.00536126
-0.000304438
-0.00206294
-0.00615498
-0.0010826
-0.00640211
-0.00671471
-0.00608506
-0.00707865
-0.00641919
0.000475035
-0.00347913
-0.000568566
-0.0027845
-0.00142408
0.00181147
-0.00596748
-0.00634004
-0.00516204
-0.00601528
-0.00630754
-0.00600136
-0.00598404
-0.00603369
-0.000803872
-0.00618715
-0.00608886
-0.00649612
-0.00597826
-0.00326251
-0.00586045
-0.00577651
-0.00583527
-0.00614735
-0.00659277
-0.00606319
-0.00626113
-0.00519943
-0.00509467
-0.00433967
-0.00559121
-0.00451495
-0.00568657
-0.0051704
-0.00423547
-0.00405536
-0.00166762
0.00220268
0.00326248
-0.00645517
-0.00563534
-0.00536242
-0.00528279
-0.00636398
-0.0065106
-0.00654705
-0.00489622
-0.00503298
-0.0053993
-0.00609693
-0.00553099
-0.00284414
-0.00572564
-0.005667
-0.00507552
0.000391606
-0.00310226
-0.00335677
-0.00703713
0.00443803
-0.00445261
-0.00721158
-0.0068914
-0.00467364
-0.00773594
-0.00598094
-0.00580905
-0.00599237
-0.00594322
-0.00594566
-0.0059773
-0.0058291
-0.00439131
-0.0035207
0.00305745
-0.00297747
-0.00455406
-0.00587533
-0.00193546
-0.002772
-0.00509535
-0.00369329
-0.000422989
-0.0038164
-0.00127936
-0.00189593
-0.00510282
-0.00467917
-0.00546963
-0.00604766
-0.00502515
-0.00727393
-0.00547196
-0.00470529
-0.00441664
-0.00310369
-0.00336275
-0.00674019
0.0020091
-0.000590551
-0.00337221
-0.00695205
0.000826208
-0.000648183
-0.00598792
-0.00577576
-0.00593471
-0.00598636
-0.00597006
-0.00591249
-0.00583021
-0.0027048
-0.00368396
-0.005075
-0.000365474
-0.00115199
-0.00381725
-0.00186956
-0.00431498
0.00316633
-0.0034776
-0.00294019
-0.00579528
-0.0044579
-0.00190647
-0.00505942
-0.00470704
-0.00606086
-0.00546065
-0.00725109
-0.00510933
-0.00546027
-0.000292772
-0.00208662
-0.00603212
-0.00518523
-0.00633756
-0.00602985
-0.0063176
-0.0060155
-0.00600092
-0.00620063
-0.0064334
-0.00107667
-0.00669401
-0.00605087
-0.00646219
-0.00707786
-0.00575895
-0.0057041
-0.00614005
-0.00580735
-0.00610367
-0.00648511
-0.00630207
-0.00603385
-0.000771617
-0.00606129
-0.00617692
-0.00645402
-0.0032331
-0.0059607
-0.00426593
-0.00399217
-0.00165543
0.0032479
0.0020995
-0.00637877
-0.0051026
-0.00504899
-0.00368513
-0.00582713
-0.00523939
-0.00577524
-0.00451142
-0.0056781
-0.0053832
-0.00555236
-0.00604803
-0.00557566
-0.00285397
-0.00556459
-0.00567886
-0.00537491
-0.00637754
-0.00528481
-0.0065413
-0.0049221
-0.00656431
-0.00508407
0.000383428
-0.00134832
-0.0023141
-0.00600103
-0.00252017
-0.00331708
-0.00341517
-0.00592159
-0.0067554
-0.00657143
-0.00689314
-0.00669055
-0.00658212
-0.00594058
-0.00400911
-0.00589557
-0.00665011
-0.00670695
-0.00765056
-0.00550935
-0.00648804
-0.00608881
-0.000493348
-0.0067811
-0.000533884
-0.00546437
-0.00538028
-0.00474434
-0.0107244
-0.0101816
0.00308395
0.00233908
-0.00993411
-0.0077326
-0.00817519
-0.00768241
-0.00832438
-0.00774895
-0.00930774
-0.00760422
-0.00755745
-0.00677747
-0.00882784
-0.00695056
-0.00903178
-0.0090252
-0.0085411
-0.00815865
-0.00919791
-0.00836608
-0.00818917
-0.0083899
-0.00871712
-0.00921285
-0.00973819
-0.00955686
-0.0106699
-0.00898164
-0.00372471
-0.00899966
-0.00781002
-0.00875065
-0.00886513
-0.00857962
-0.00875688
-0.00908769
-0.00857285
-0.00877732
-0.00866225
-0.00901691
-0.00894608
-0.00919107
-0.00874329
-0.0079004
-0.00628616
-0.00334985
-0.00892485
-0.00627738
-0.00868199
-0.00815
-0.00837478
-0.00815689
-0.00932083
-0.00846062
-0.00919815
-0.00829646
-0.00871873
-0.00861866
-0.00849164
-0.00882391
-0.00884006
-0.00864446
-0.00878224
-0.00854609
-0.00772454
-0.007374
-0.00535167
-0.00796215
-0.00808219
-0.00639508
-0.00792775
-0.00849798
-0.00817704
-0.0120621
-0.00360879
-0.00934487
-0.0085992
-0.00828144
-0.00811267
-0.00813841
-0.00786848
-0.00821646
-0.00802321
-0.00837921
-0.00831875
-0.00700566
-0.00709905
-0.00462832
-0.00720486
-0.00771132
-0.00736252
-0.00722453
-0.00941655
-0.00209229
-0.00315545
-0.0117201
-0.00206983
-0.00833423
-0.00840567
-0.00830747
-0.00799994
-0.00834151
-0.00781498
-0.00853618
-0.0080196
-0.00774563
-0.00697097
-0.00823841
-0.00836555
-0.0077462
-0.00789169
-0.00849225
-0.00745038
-0.00716468
-0.0074104
-0.00737319
-0.00721395
-0.00671913
-0.00855606
-0.00678512
-0.00630377
-0.00829638
-0.00636963
-0.00823603
-0.00852502
-0.00858212
-0.00484272
-0.00553083
-0.00363126
-0.0105696
-0.0105229
-0.00799424
-0.00720715
-0.00724593
-0.00734669
-0.00686572
-0.00630162
-0.007334
-0.00701456
-0.00779407
-0.00887781
-0.00851897
-0.0086588
-0.00747866
-0.00694079
-0.00771795
-0.00973084
-0.00914725
-0.0090783
-0.00924829
-0.00902874
-0.00896055
-0.00887863
-0.00868801
-0.00902903
-0.00885475
-0.00884456
-0.00880423
-0.00868446
-0.00897305
-0.00868729
-0.00872474
-0.00884977
-0.00901382
-0.00826545
-0.00894649
-0.00896174
-0.00869135
-0.00851676
-0.00893357
-0.00876099
-0.00874726
-0.00862138
-0.00863064
-0.00880236
-0.00908181
-0.0087677
-0.00867671
-0.00871891
-0.00865555
-0.00900502
-0.00860818
-0.00865639
-0.0077278
-0.00853767
-0.0088908
-0.00847513
-0.00691288
-0.00721643
-0.00785304
-0.00686266
-0.00871636
-0.00754922
-0.008836
-0.00864229
-0.00851116
-0.00877268
-0.00909741
-0.00789572
-0.00531001
-0.00802305
-0.00786318
-0.00795894
-0.00812911
-0.00812434
-0.0102801
-0.00402699
-0.00302996
-0.00935068
-0.0126057
-0.00301675
-0.0092608
-0.00897996
-0.0092355
-0.00851717
-0.00927557
-0.00865326
-0.00845469
-0.00846205
-0.00794451
-0.00819609
-0.00791031
-0.00824328
-0.00804569
-0.0085078
-0.00790681
-0.00561202
-0.00740873
-0.0079051
-0.0069558
-0.00871677
-0.00757191
-0.00794121
-0.0083292
-0.00812284
-0.00811396
-0.00858669
-0.00811971
-0.00809252
-0.00834898
-0.00883034
-0.00897425
-0.00313088
-0.00979724
-0.00838751
-0.00791044
-0.00734595
-0.00807984
-0.00757128
-0.00767269
-0.00753384
-0.00794942
-0.00104027
-0.00302293
-0.00706859
-0.00371808
-0.00729544
-0.00777516
-0.00678706
-0.00732151
-0.00750504
-0.0065565
-0.00137215
-0.00643783
-0.00668635
-0.0069561
-0.00643421
-0.00395318
-0.00842804
-0.00219158
0.00143933
-0.00642184
0.0010687
-0.00908066
-0.00731723
-0.00795216
-0.00796955
-0.00741508
-0.00757237
-0.00740089
-0.0075692
-0.0071274
-0.00701677
-0.00751438
-0.00720629
-0.00564102
-0.00715639
-0.00734495
-0.00537633
-0.00545134
-0.00532628
-0.00660984
-0.00672187
-0.00672181
-0.00503013
-0.00682811
-0.00692688
-0.00725632
-0.00710966
-0.00733144
-0.00697353
-0.00690259
-0.00555056
-0.00773928
-0.00631805
-0.00628716
0.00201323
-0.00853192
-0.00587771
-0.00508574
-0.00596498
-0.0060904
-0.0083902
-0.00593566
-0.00638824
-0.00537834
-0.00130734
-0.000724718
-0.00284516
-0.00327301
-0.00611349
-0.00201983
-0.00235088
0.000543638
-0.00776807
-0.0068
-0.00681602
-0.00646857
-0.0070659
-0.00659338
-0.0062207
0.00456879
-0.00102722
0.00643217
-0.000841975
-0.00771167
-0.00633711
-0.00631836
-0.00628453
-0.00652736
-0.00602135
-0.00620221
-0.00585652
-0.00441643
-0.00436236
-0.00488468
-0.00320581
-0.00453091
-0.00488666
0.0058953
-0.00559717
-0.00401381
-0.00480554
-0.00430496
-0.00432241
-0.00391746
-0.00463133
-0.00304744
0.00137576
-0.00362924
0.00120255
0.00457473
-0.00102468
-0.000829465
0.00643384
-0.00770215
-0.00633487
-0.00628206
-0.00631317
-0.00601936
-0.00652342
-0.00619391
0.000579945
-0.00774958
-0.00678274
-0.00646228
-0.00679475
-0.00658511
-0.00696855
-0.00620711
-0.00560027
-0.00401723
-0.00431891
-0.00482039
-0.00391254
-0.00432363
-0.00462425
-0.00333279
0.00121837
-0.00383486
0.00094107
-0.00585626
-0.00442102
-0.0048947
-0.00434108
-0.00453678
-0.00321272
-0.00485793
0.00593569
-0.000706574
-0.00281903
-0.00326098
-0.00608925
-0.00203592
-0.002337
-0.00557612
-0.0044592
-0.00427133
-0.00617392
-0.000182742
-0.000195546
-0.00101305
-0.0029909
-0.00705175
-0.00727516
-0.00373696
-0.00775323
-0.00676444
-0.0074871
-0.00732481
-0.00711711
-0.00700474
-0.00719909
-0.00752911
-0.00715091
-0.0056248
-0.00733977
-0.00844023
0.00142322
-0.00219609
-0.00910174
0.00106269
-0.00643338
-0.00730148
-0.00793177
-0.00738908
-0.00795543
-0.00738585
-0.00755716
-0.00755645
-0.00538104
-0.00534041
-0.00546665
-0.00662818
-0.00673806
-0.0050428
-0.00674311
-0.00749114
-0.00659414
-0.00714034
-0.00736531
-0.00674355
-0.00717414
-0.00689131
-0.00586014
-0.0050787
-0.00608837
-0.00594575
-0.005928
-0.00835539
-0.00638416
-0.00683309
-0.00689244
-0.00708157
-0.00724439
-0.00690735
-0.00732007
-0.00691187
-0.00559628
-0.00632461
-0.00769974
0.00198477
-0.00634085
-0.00852876
-0.00870188
-0.00888273
-0.00753948
-0.00863244
-0.00853235
-0.00879736
-0.00907523
-0.00845293
-0.00791636
-0.00788371
-0.00816421
-0.0080157
-0.00816586
-0.00847502
-0.0101017
-0.00292374
-0.00394233
-0.00289856
-0.0124214
-0.00919915
-0.00886727
-0.00902129
-0.00854567
-0.00919375
-0.00830771
-0.00937264
-0.00846832
-0.00798063
-0.00739148
-0.00559455
-0.00792428
-0.00694284
-0.00758525
-0.00875184
-0.00883522
-0.00863602
-0.00761282
-0.008925
-0.00846526
-0.00892565
-0.00869217
-0.00792923
-0.00731207
-0.0075612
-0.00808667
-0.00750866
-0.007705
-0.00796396
-0.00792455
-0.00834534
-0.00813565
-0.00814406
-0.0081867
-0.00863952
-0.00817547
-0.00837788
-0.00905399
-0.00886165
-0.00986439
-0.00313736
-0.00843106
-0.00728969
-0.00697379
-0.00902797
-0.00899978
-0.0087211
-0.00891117
-0.00887458
-0.00899048
-0.00886024
-0.00883416
-0.00869519
-0.00872329
-0.0089955
-0.0088278
-0.00875413
-0.00903719
-0.00772561
-0.00975507
-0.00917701
-0.00910345
-0.0092744
-0.00892516
-0.00876193
-0.00862168
-0.00877711
-0.00881763
-0.00863876
-0.00909209
-0.00876525
-0.00862197
-0.00866973
-0.00870508
-0.00864898
-0.0089534
-0.00867757
-0.00828455
-0.00897477
-0.00871497
-0.00898632
-0.00851082
-0.00770138
-0.00855991
-0.00889717
-0.00848491
-0.00720888
-0.0069096
-0.00765329
-0.00755066
-0.00942732
-0.00927129
-0.00915186
-0.00900546
-0.00926066
-0.00922372
-0.00924701
-0.00902477
-0.00878807
-0.00918639
-0.00929664
-0.00917388
-0.00941891
-0.00908634
-0.00922748
-0.00902474
-0.00928871
-0.0090096
-0.0091239
-0.00908266
-0.00903305
-0.00900074
-0.00913312
-0.00894682
-0.0089024
-0.00877365
-0.00913406
-0.0089
-0.00895502
-0.00876061
-0.00850695
-0.0087245
-0.00860428
-0.00865738
-0.00901803
-0.00899873
-0.00910851
-0.0089663
-0.00911014
-0.00897997
-0.00899834
-0.00893244
-0.00823171
-0.00837715
-0.00820134
-0.00871124
-0.00874108
-0.00865707
-0.00848945
-0.00882998
-0.00882787
-0.00866926
-0.00873355
-0.00877128
-0.00888865
-0.00880692
-0.00879293
-0.00881101
-0.00879025
-0.00881663
-0.00872127
-0.00888677
-0.00869716
-0.00878456
-0.0086085
-0.00872545
-0.00862072
-0.00893236
-0.00851368
-0.00877877
-0.0095883
-0.00879911
-0.008977
-0.00886801
-0.00861563
-0.00847958
-0.00861301
-0.00855228
-0.0086318
-0.00861345
-0.00856829
-0.00684238
-0.00681551
-0.0131521
-0.00291933
-0.00908457
0.00130005
-0.00594914
-0.00305651
-0.00889031
-0.00834977
-0.00751648
-0.00451491
0.00198402
-0.00798123
-0.00676503
-0.00657739
-0.00754627
-0.00791843
-0.00819991
-0.00795848
-0.00829903
-0.00781199
-0.00804923
-0.00859513
-0.00879817
-0.00852119
-0.00905523
-0.00855361
-0.0090397
-0.00850134
-0.00870145
-0.00627074
-0.00919521
-0.00806368
-0.00872708
-0.0092208
-0.00733175
-0.00798684
-0.00878661
-0.00639786
-0.00334666
-0.00880703
-0.00828301
-0.00629612
-0.00815232
-0.00884569
-0.00794232
-0.00774844
-0.00808701
-0.00885001
-0.00801681
0.000990639
-0.00542608
-0.00585065
-0.00710044
-0.00826947
-0.00637784
-0.00964848
-0.0081824
-0.00737918
-0.00741597
-0.00710987
-0.00731675
-0.00717153
-0.0074208
-0.00379342
-0.006277
-0.00732643
-0.00926992
-0.00500856
-0.00493067
-0.00526785
-0.0075157
-0.00770006
-0.0072327
-0.00762325
-0.0074809
-0.00760392
-0.00722368
-0.00797244
-0.00561896
-0.00838127
-0.00753553
-0.00814623
-0.00716176
-0.00790147
-0.006331
-0.00587212
-0.0076298
0.00239881
-0.00593905
-0.00687488
-0.00557851
-0.00633382
-0.00640349
-0.00607001
-0.00607221
-0.0061984
-0.00660619
-0.00617508
-0.00734683
-0.00616169
-0.00761906
-0.00619303
-0.00876937
-0.00623196
-0.00713448
-0.00394672
-0.00383405
0.000518382
-0.00738033
-0.00709062
-0.00677517
-0.00657503
-0.00784673
-0.00684741
-0.00660903
-0.00101251
-0.00119387
-0.00197083
-0.00220651
-0.00687628
-0.0061528
-0.0062983
-0.00626571
-0.00660952
-0.0063947
-0.00604391
-0.00442802
-0.00477395
-0.00419681
-0.00504158
-0.00391154
-0.00490265
-0.00430597
0.0117334
-0.0042622
-0.00505944
-0.00519242
-0.00498685
-0.00506614
-0.00463624
-0.00469187
-0.00440822
-0.00125791
-0.00123804
-0.00261684
-0.00660755
-0.00653682
-0.00626154
-0.00619922
-0.00646346
-0.0066109
-0.00598022
-0.00046022
-0.00588125
-0.000357644
-0.00520577
-0.000956474
-0.00101833
-0.00145455
-0.00119262
-0.0085028
-0.00307105
-0.0017198
-0.00777919
-0.00306481
-0.00839745
-0.00789254
-0.000493081
0.00758305
-0.000335261
0.000808078
-0.00258088
-0.00191144
-0.00167768
-0.00267027
0.000222328
-0.00100859
-0.000740742
-0.000189139
-0.00688983
-0.000728538
-0.00129147
-0.00767767
-0.000908509
-0.00687115
-0.00793073
-0.000879186
-0.000212473
-0.00132414
-0.00222236
-0.00661234
-0.00625777
-0.00652764
-0.00619612
-0.00645514
-0.0059784
-0.00662543
-0.00851107
-0.00307334
-0.00778247
-0.00172643
-0.00790118
-0.00840119
-0.00306959
-0.000992101
-0.00108264
-0.00123009
-0.00150189
-0.00250861
-0.00193935
-0.00179627
-0.00249526
-0.00418486
-0.00449846
-0.0045297
-0.00465786
-0.00437935
-0.00483942
-0.00446191
-0.000491383
0.00757677
-0.000296599
0.000803543
-0.0059251
-4.09898e-05
-0.00657108
-0.000251631
-0.00626769
7.97508e-05
-0.00623183
0.000186956
-0.0010076
-0.000744896
-0.000217762
-0.00738001
-0.00675747
-0.00707616
-0.00657506
-0.00779789
-0.00661684
-0.00683952
-0.00100292
-0.00122876
-0.00221243
-0.00199221
-0.00687451
-0.00615311
-0.00626108
-0.00629872
-0.00640217
-0.00660682
-0.0060443
0.0117605
-0.00426076
-0.0050597
-0.00500817
-0.00519189
-0.00464138
-0.0050704
-0.00469279
-0.00442112
-0.00126643
-0.00124678
-0.00262439
-0.00492978
-0.00526613
-0.0074395
-0.00248285
-0.00854387
-0.00913351
-0.00787564
-0.00604239
-0.00892165
-0.00796987
-0.00561872
-0.00753222
-0.00838658
-0.00789744
-0.00716005
-0.00814042
-0.00634351
-0.00602515
-0.0063759
-0.00606218
-0.00617319
-0.00617966
-0.00658054
-0.00629552
-0.00758653
-0.00577074
0.00240074
-0.00681979
-0.00590398
-0.00555466
-0.00739062
-0.0061589
-0.0062215
-0.00761754
-0.00625351
-0.00879774
-0.00718816
-0.00400693
-0.00389607
-0.0130903
-0.00290849
-0.00452092
0.00198363
-0.00798437
-0.00658345
-0.00676583
-0.00756097
-0.00791167
-0.00795826
-0.00819428
-0.00780763
-0.00830082
-0.00805434
-0.00595501
-0.00305038
-0.00888848
-0.0083586
-0.0075163
-0.00932918
-0.00870584
-0.00424986
-0.012914
-0.00895998
-0.00945235
-0.0101858
-0.0085761
-0.00846873
-0.00877497
-0.00905595
-0.00855778
-0.00847636
-0.00903657
-0.00869523
-0.00624104
-0.00804975
-0.00919525
-0.00732151
-0.0092302
-0.00871794
-0.00786952
-0.00806877
-0.0081801
-0.00808468
-0.00793256
-0.00805064
-0.00806761
-0.00805153
-0.00651027
-0.0087988
-0.00341344
-0.00833624
-0.00899698
-0.00633785
-0.00803336
-0.00878717
-0.0076803
-0.00782679
-0.00883328
-0.00798097
-0.00787895
0.00112344
-0.00548155
-0.00133585
-0.00776383
-0.00816966
-0.0073504
-0.00711335
-0.0073764
-0.00720815
-0.00728179
-0.00743296
-0.00376994
-0.00627631
-0.00733855
-0.00926512
-0.00499363
-0.00584193
-0.00703235
-0.00821009
-0.00954317
-0.00635962
-0.00763842
-0.00753326
-0.00943302
-0.00900235
-0.00918344
-0.0092379
-0.00943252
-0.00909914
-0.00928498
-0.00946314
-0.00955673
-0.00905758
-0.00906533
-0.0092846
-0.00905679
-0.00936098
-0.00924089
-0.00877817
-0.00919004
-0.00929015
-0.00917556
-0.00909104
-0.00854581
-0.00855824
-0.00853978
-0.00911676
-0.00907232
-0.00916463
-0.00905833
-0.00849851
-0.00872305
-0.00863954
-0.00860596
-0.00902612
-0.00913163
-0.00912334
-0.00924119
-0.00914874
-0.00919742
-0.0090186
-0.00873227
-0.00867543
-0.00874674
-0.00843962
-0.00885412
-0.00870158
-0.00883134
-0.0085255
-0.00874628
-0.00866276
-0.00868485
-0.00893935
-0.00822315
-0.00819972
-0.00837924
-0.00869973
-0.00880343
-0.00884388
-0.00882017
-0.00883564
-0.00871684
-0.00876858
-0.00882412
-0.00873695
-0.00890348
-0.00870658
-0.00744901
-0.00864858
-0.00852789
-0.00849903
-0.00864649
-0.00855349
-0.00866882
-0.00860665
-0.00960656
-0.00880997
-0.00887977
-0.00898977
-0.00675909
-0.00670761
-0.00784509
-0.00796014
-0.00981469
-0.00910909
-0.00915745
-0.00924777
-0.00888948
-0.00923606
-0.00903058
-0.00909906
-0.00898043
-0.00930675
-0.00902202
-0.00833122
-0.00918092
-0.00929775
-0.00912699
-0.0090787
-0.00925612
-0.00908949
-0.00943271
-0.00898892
-0.00910771
-0.00895295
-0.00898298
-0.00893983
-0.00898045
-0.00909809
-0.00931592
-0.00869636
-0.00880526
-0.00889907
-0.00891782
-0.00879068
-0.00871078
-0.0089344
-0.00900378
-0.00921512
-0.00894618
-0.00879598
-0.00910486
-0.00878338
-0.00898907
-0.00866738
-0.00868228
-0.00870905
-0.00864983
-0.00888546
-0.00854815
-0.00892825
-0.00849624
-0.00905621
-0.00821897
-0.00821706
-0.00850779
-0.00880016
-0.00847958
-0.00876438
-0.00871858
-0.0088427
-0.00872813
-0.00897003
-0.00866821
-0.00856355
-0.00855953
-0.00844087
-0.00865199
-0.00850535
-0.00860112
-0.00824888
-0.00859867
-0.00861764
-0.00853298
-0.0087028
-0.00847706
-0.00875447
-0.00895736
-0.00675372
-0.00667947
-0.00669921
-0.00899284
-0.00781051
-0.0103582
-0.00720889
-0.00502895
-0.00829647
-0.00746834
-0.0101507
-0.00606419
-0.00862202
-0.00825637
-0.00799853
-0.00816756
-0.00812569
-0.00831029
-0.00820249
-0.00222957
-0.00895871
0.000356307
-0.00629906
-0.00863072
-0.00362751
-0.00956362
-0.00687007
-0.00900161
-0.00665676
-0.00948152
-0.00869394
-0.00889502
-0.00878636
-0.00857173
-0.00882153
-0.00849872
-0.00864645
-0.00793895
-0.00801892
-0.00747502
-0.00570465
-0.00694765
-0.00794303
-0.00828536
-0.00774476
-0.00816422
-0.00817286
-0.00793203
-0.00825045
-0.00796889
-0.00776993
-0.00852008
-0.0120948
-0.00345479
-0.00804549
-0.00812555
-0.00951678
-0.00833016
-0.0069092
-0.00739025
-0.00710813
-0.007169
-0.00739929
-0.0074125
-0.00709955
-0.00337579
-0.00677441
0.00325476
-0.00557908
-0.00535876
-0.0123902
-0.00213042
-0.00819211
0.00234402
-0.00481303
-0.00476832
-0.00722551
0.00146144
-0.00681617
-0.00835885
-0.00778183
-0.00672745
-0.00662661
-0.00715911
-0.00653726
-0.00671646
-0.00649561
-0.00723665
-0.0066252
-0.00696591
-0.00677102
-0.00731854
-0.00650048
-0.00461898
-0.00681122
-0.007106
-0.00598361
-0.00657157
-0.00837075
-0.00781186
-0.00161807
-0.00707907
-0.00806168
-0.00501851
-0.00634269
-0.00643486
-0.00685683
-0.00632001
-0.00652951
-0.00639151
-0.00636889
-0.00432659
-0.00105545
-0.000992868
-0.00269237
-0.0042858
-0.0058615
-0.00566061
-0.00516654
-0.00537753
-0.00555809
-0.00532706
0.011047
-0.00432471
-0.0051099
-0.00494711
-0.00430074
-0.00517487
-0.00471009
-0.00314306
-0.00566849
-0.0054066
-0.00541823
-0.00553663
-0.00511264
-0.0054875
-0.00516606
-0.000883168
-0.00124393
-0.00208309
-0.00197489
-0.00615052
-0.00557565
-0.00571012
-0.00554886
-0.00565927
-0.00564127
-0.00638064
0.00192064
-0.00640899
-0.00107088
-0.00728009
-0.000208109
-0.00649578
-0.00728115
-0.000357325
-0.000746596
0.00646513
-0.000938565
-0.000463927
-0.00457932
-0.00489522
-0.00467633
-0.00502047
-0.00510194
-0.00491533
-0.00479569
-0.00278963
-0.00226318
-0.00279405
-0.00207523
-0.000692208
-0.00131594
-0.000641572
-0.00138105
-0.00667497
-0.00105819
-0.00698957
-0.00223373
-0.00723925
-0.00212523
-0.00657649
-0.00551892
-0.00544991
-0.00529732
-0.00536677
-0.00551048
-0.00547613
-0.00534739
6.75941e-05
0.000969846
-0.00018212
-0.00125316
-0.000143469
-0.00543027
-4.68465e-05
-0.00474807
-0.00145383
-0.00092569
-0.0008843
-0.00174929
-0.00279042
-0.00226371
-0.00207667
-0.00279449
-0.000751326
0.00646361
-0.00046905
-0.000945609
-0.00458144
-0.00489652
-0.00502206
-0.00467959
-0.00491654
-0.00510383
-0.004798
-0.006668
-0.00640081
-0.000727976
-0.00224623
-0.00219282
-0.00633537
-0.00655806
-0.000695248
-0.00130541
-0.00063868
-0.00137559
-0.000117793
-0.00542543
-4.37685e-05
-0.0047368
-0.00555253
-0.00544559
-0.00537151
-0.00529994
-0.00547759
-0.00552157
-0.00536142
5.49766e-05
0.000960601
-0.000195648
-0.0012621
-0.00429025
-0.00565513
-0.00585837
-0.00516852
-0.00537775
-0.00532758
-0.00555945
0.0110421
-0.00432859
-0.00511114
-0.00430482
-0.00495264
-0.00471322
-0.00517659
-0.00314601
-0.000885519
-0.0012498
-0.00208668
-0.0019815
-0.00615038
-0.00558224
-0.00555327
-0.0057192
-0.00563871
-0.00566545
-0.00639234
0.00190925
-0.00481408
-0.0047672
-0.00831278
-0.00716586
-0.00844981
-0.00743744
-0.00961874
-0.00804966
-0.00726952
-0.00713919
-0.00652908
-0.00650495
-0.00670383
-0.00662075
-0.00722756
-0.00702024
-0.00721504
0.0014696
-0.00834547
-0.00679757
-0.00661751
-0.00671824
-0.00776724
-0.0068391
-0.00651704
-0.00732469
-0.00460451
-0.00715506
-0.00680911
-0.00594031
-0.00637621
-0.00643314
-0.00629519
-0.00679761
-0.00638947
-0.00654638
-0.00632861
-0.00650874
-0.00833305
-0.00161098
-0.00774215
-0.00805298
-0.00702927
-0.00484101
-0.00410585
-0.00440477
-0.00861447
-0.00799726
-0.008251
-0.00816038
-0.00812866
-0.00819691
-0.0083082
-0.00669397
-0.00898102
-0.00780034
-0.00720526
-0.0103395
0.000369968
-0.00629218
-0.00223224
-0.00895327
-0.00888859
-0.00837162
-0.00925468
-0.00941523
-0.00942247
-0.0087581
-0.00948128
-0.00862856
-0.00363015
-0.00688976
-0.00956211
-0.00949195
-0.0066619
-0.00900847
-0.00864935
-0.00892891
-0.00857043
-0.00878886
-0.00850151
-0.00883756
-0.00866237
-0.00779981
-0.0074107
-0.00789411
-0.00563988
-0.00780555
-0.00689116
-0.00817112
-0.00781972
-0.00816854
-0.00793822
-0.00828487
-0.00796017
-0.0082879
-0.00790792
-0.00848006
-0.0120424
-0.00802084
-0.00343151
-0.00945941
-0.00811778
-0.00820437
-0.00330218
-0.0067582
0.00327286
-0.00554721
-0.00531714
-0.00514016
-0.00806967
-0.0021787
-0.00668273
-0.0075794
-0.00811533
0.00243368
-0.0123272
-0.00203352
-0.0090595
-0.00906884
-0.00929784
-0.00908769
-0.00909279
-0.0090903
-0.00938405
-0.00986029
-0.00912861
-0.00927022
-0.00919283
-0.0092991
-0.00928541
-0.00908024
-0.00915725
-0.00913235
-0.00932398
-0.00950843
-0.008407
-0.00875984
-0.00876077
-0.00868791
-0.00879133
-0.00901973
-0.00902106
-0.00921581
-0.00904598
-0.00902245
-0.00899107
-0.00915392
-0.00902189
-0.00929281
-0.00881156
-0.00898186
-0.00879042
-0.00916037
-0.00900658
-0.00936866
-0.0087518
-0.00896434
-0.00885319
-0.00894138
-0.00880368
-0.00872751
-0.00895375
-0.00886195
-0.00883192
-0.00889918
-0.00879312
-0.00893839
-0.0088227
-0.00881388
-0.00867853
-0.00869746
-0.00866068
-0.00872398
-0.00881753
-0.00842166
-0.00872266
-0.00876401
-0.00874827
-0.00884723
-0.00897791
-0.00889437
-0.00855493
-0.00850703
-0.00893309
-0.00906127
-0.00821018
-0.00821832
-0.00850331
-0.0083626
-0.00885588
-0.00881514
-0.00890565
-0.00861134
-0.00867436
-0.00875499
-0.0085417
-0.00872433
-0.00849483
-0.00890773
-0.0082465
-0.00668131
-0.00661595
-0.00813653
-0.00736463
-0.00801439
-0.00884611
-0.00895504
-0.00880785
-0.00736012
-0.00733046
-0.00866339
-0.00904283
-0.00896479
-0.00921499
-0.00904503
-0.00887818
-0.00867045
-0.0090684
-0.00888215
-0.00918034
-0.00882988
-0.00902212
-0.00898796
-0.0087192
-0.0087103
-0.00895878
-0.00882211
-0.00889698
-0.00787402
-0.0088765
-0.0089157
-0.00875696
-0.0088631
-0.00939472
-0.00860734
-0.00894663
-0.00887648
-0.00878705
-0.00879951
-0.00881651
-0.00884877
-0.0091102
-0.00876269
-0.00775444
-0.00856616
-0.00887951
-0.0085665
-0.00692803
-0.00726426
-0.00664493
-0.00607361
-0.0086266
-0.00873028
-0.0086501
-0.00916766
-0.00890834
-0.0092506
-0.00878312
-0.00889814
-0.00878522
-0.0081849
-0.00823579
-0.00877591
-0.00849163
-0.00823922
-0.00930494
-0.00906673
-0.00813827
-0.00926296
-0.00898706
-0.00932437
-0.00905198
-0.00896916
-0.00877508
-0.00649615
-0.00861905
-0.0097433
-0.0084877
-0.00782999
-0.009553
-0.00327303
-0.00221171
-0.0022189
-0.00833324
-0.0117732
-0.00763452
-0.00747334
-0.0073108
-0.00700019
-0.00759888
-0.00759219
-0.00730339
-0.00734156
-0.00804426
-0.00661164
-0.00782996
-0.00746808
-0.00738705
-0.00811888
-0.00676239
-0.00704815
-0.00444338
-0.00706809
-0.00772666
-0.00723115
-0.00681087
-0.00601131
-0.00147176
-0.00729233
-0.00784961
-0.00749489
-0.007871
-0.00767029
-0.007785
-0.00750022
-0.00643625
-0.00625678
-0.00637639
-0.00570535
-0.00702241
-0.00843805
-0.00646895
-0.0078263
-0.00833951
-0.00780829
-0.00751986
-0.00754655
-0.00778717
-0.00705019
-0.00597145
-0.00729563
-0.00624675
-0.00597476
-0.00705841
-0.00523744
-0.00749321
-0.00760832
-0.00131509
0.00231773
-0.0083574
-0.00553363
0.00193334
-0.00619967
-0.00654947
-0.00622746
-0.00592891
-0.00624181
-0.00497433
-0.00598279
-0.00640906
-0.00667396
-0.00291692
-0.00624401
-0.00674896
-0.00666585
-0.00622109
-0.00596388
-0.00549221
-0.000606629
-0.00547785
-0.00640884
-0.00269447
-0.00550366
-0.000237529
-0.00225972
-0.00637636
-0.00481112
-0.00511617
-0.00704942
-0.000859499
-0.00105875
0.000468715
-0.00288688
-0.00259363
-0.00576515
-0.00156799
-0.0017107
-0.00658284
-0.00457819
-0.00510111
-0.00532541
-0.00530178
-0.00379361
-0.00566863
-0.00316329
0.000905211
-0.00390826
0.000812778
-0.00652615
-0.00488666
-0.00482229
-0.00570059
-0.00520006
-0.00586658
-0.00435947
0.000935481
-0.00618969
-0.00545278
-0.00502709
-0.00472934
-0.00493372
-0.00503517
-0.00464507
0.0052702
-0.00059667
-0.000494269
0.00696042
-0.00652821
-0.00482266
-0.00488694
-0.00570097
-0.00520099
-0.00435922
-0.00586759
0.00597334
-0.00658583
-0.00510208
-0.00458083
-0.00532731
-0.00530264
-0.00567076
-0.00379647
0.0052658
-0.000595601
-0.000495004
0.00696168
-0.00623605
-0.00530383
-0.00564514
-0.00535766
-0.00503723
-0.00522306
-0.00584149
0.000927813
-0.00639045
-0.00483194
-0.00513018
-0.00706512
-0.00087432
-0.00107659
0.000460076
-0.00291738
-0.00260102
-0.00577719
-0.00172049
-0.00157259
-0.0060046
-0.00145703
-0.00550319
-0.0068888
-0.00836337
-0.00655079
-0.00911326
0.00192463
-0.00731343
-0.0074561
-0.00783305
-0.00790632
-0.00761444
-0.00752918
-0.00776848
-0.00598519
-0.00727292
-0.00596248
-0.00627443
-0.0070464
-0.00750728
-0.0052355
-0.0077881
-0.00833444
-0.00753155
-0.00784104
-0.00777963
-0.0075453
-0.00703427
-0.00596233
-0.00623256
-0.00656978
-0.00593979
-0.00632735
-0.00597445
-0.00492865
-0.00654413
-0.00683075
-0.00715288
-0.0067896
-0.00668622
-0.00665641
-0.00682545
-0.00763229
0.00223373
-0.00130134
-0.0054853
-0.00835109
0.00191552
-0.00591609
-0.00553587
-0.00555941
-0.000592907
-0.00632069
-0.00275144
-0.00548147
-0.00638198
-0.00667121
-0.00623062
-0.00292883
-0.0066692
-0.00674141
-0.00621486
-0.00025799
-0.00230079
-0.0091242
-0.00976422
-0.00969996
-0.00361808
-0.00927713
-0.0107829
-0.00895026
-0.00867753
-0.00867627
-0.0091285
-0.00871861
-0.00877398
-0.00952346
-0.00890844
-0.00875969
-0.00860191
-0.00647814
-0.00847183
-0.00974156
-0.00775078
-0.00924762
-0.0089977
-0.00921059
-0.00808797
-0.00896646
-0.00929651
-0.00899629
-0.00759324
-0.00730765
-0.00741989
-0.0070175
-0.00758768
-0.00727971
-0.00765321
-0.0083331
-0.00795474
-0.00887129
-0.00793404
-0.00800079
-0.00772434
-0.00876216
-0.00960865
-0.00212091
-0.00325759
-0.00817426
-0.00210896
-0.0119496
-0.00668474
-0.00707618
-0.0070822
-0.00449749
-0.00726778
-0.00780615
-0.0068363
-0.00724424
-0.00799552
-0.00780873
-0.00657495
-0.00739787
-0.00807625
-0.00729981
-0.00809926
-0.00736616
-0.00796239
-0.00878153
-0.0088947
-0.00873953
-0.00726144
-0.00727022
-0.00902372
-0.00871105
-0.00899441
-0.00873505
-0.00896439
-0.00890679
-0.00881479
-0.00923357
-0.00868381
-0.0090554
-0.00923285
-0.00897787
-0.00885413
-0.00881663
-0.00877225
-0.0087636
-0.00884691
-0.00871979
-0.00907938
-0.00951974
-0.00873157
-0.00898254
-0.00883181
-0.00786394
-0.00776074
-0.00859688
-0.0088987
-0.00859936
-0.00694458
-0.00727894
-0.00663213
-0.006038
-0.007458
-0.00694551
-0.00694628
-0.00696541
-0.00679334
-0.0069361
-0.00797927
-0.00704768
-0.00627503
-0.00583573
-0.00958289
-0.00455726
-0.0115887
-0.0114848
-0.00762771
-0.0069078
-0.00898839
-0.00694174
-0.00900776
-0.00914032
-0.008019
-0.00839004
-0.00801264
-0.00799489
-0.00882289
-0.00796889
-0.00796801
-0.00892817
-0.00893825
-0.00835161
-0.00890582
-0.00856543
-0.00878564
-0.00849801
-0.00981491
-0.00326747
-0.00219577
-0.0119228
-0.00829815
-0.00256741
-0.00765564
-0.00786453
-0.00475404
-0.00794168
-0.00740062
-0.00789653
-0.00817896
-0.00818994
-0.00789225
-0.00764462
-0.00781093
-0.00813172
-0.00811658
-0.00786814
-0.00805965
-0.0032472
-0.0120754
-0.00750449
-0.00942434
-0.00798921
-0.00772222
-0.00821403
-0.00837432
-0.00583606
-0.00757767
-0.0085517
-0.00811839
-0.00722182
-0.00831505
-0.00827228
-0.00808618
-0.00819685
-0.00843258
-0.00836953
-0.00827551
-0.00811468
-0.00790977
-0.00858195
-0.00747387
-0.00870563
-0.00813173
-0.00773737
-0.00827066
-0.00902558
-0.00364242
-0.00664883
-0.00642523
-0.00871205
-0.00920842
-0.00912441
-0.00897001
-0.0087483
-0.00783828
-0.00871706
-0.00883882
-0.00912161
-0.00822072
-0.00892618
-0.0089654
-0.00963284
-0.00290922
-0.00854723
-0.00844777
-0.00807966
-0.00772691
-0.0081683
-0.00807363
-0.00798272
-0.00803769
-0.00816763
-0.00785353
-0.00592034
-0.00811213
-0.00698016
-0.00784432
-0.0087651
-0.00775471
-0.00740085
-0.00711203
-0.00748785
-0.00707688
-0.00799303
-0.00695893
-0.00956574
-0.00991305
-0.00418935
0.00384586
-0.00916102
0.00301514
-0.00675137
-0.000910467
-0.00748407
-0.000959824
-0.00585981
-0.00557115
-0.00502055
-0.00752299
-0.00731004
-0.00718852
-0.00692566
-0.00711883
-0.00908721
-0.00526548
-0.00594528
-0.00599388
-0.00575218
-0.0057028
-0.00521281
-0.00630195
-0.00049736
-0.00182586
-0.00526898
-0.00160447
-0.002379
-0.00277923
-0.0059403
-0.000376698
-0.00722503
-0.00697629
-0.006216
-0.00651914
-0.00653012
-0.00378092
-0.00687477
-0.00623704
-0.00737058
-0.00522706
-0.00647319
-0.00619812
-0.00705223
-0.00668888
-0.00592224
-0.00234025
-0.00474645
0.0019695
-0.00702822
0.000435808
-0.00636222
-0.00656958
-0.00657457
-0.00551971
-0.00677489
-0.00646134
-0.00619612
-0.00531675
-0.00540383
-0.00500328
0.000264598
-0.00568102
-0.00216517
-0.00524826
-0.00452648
-0.00479782
-0.00503909
-0.0048229
-0.00508847
-0.00504525
-0.0048965
-0.00551629
-0.00578292
-0.000532988
-0.00561745
-0.00682961
-0.00572039
-0.00535653
-0.00531538
-0.00530959
-0.00552738
-0.00437662
-0.0053422
-0.00518281
-0.00554248
0.00158991
0.000229491
-0.00197954
0.00267223
-0.00156492
-0.000234659
-0.00458852
-0.00452748
-0.00625579
-0.00305019
-0.00508629
0.00226008
-0.0075118
-0.0033762
-0.0060034
-0.00432379
-0.00233831
-0.00613938
-0.0047026
-0.00212959
-0.00440043
-0.00491776
-0.00459763
-0.00488713
-0.00496856
-0.00478785
-0.00483677
-0.004467
-0.00493893
-0.00536268
-0.00204266
0.000744838
0.00314169
-0.00538491
0.000650413
0.00199666
-0.00619596
-0.00652234
0.0052363
-0.00382324
-0.00698874
-0.00600565
-0.00397018
-0.00239155
-0.0026317
-0.00460494
-0.00452375
-0.00622412
-0.00683253
-0.00610084
-0.00608064
-0.00592528
-0.00791245
-0.00621591
-0.00431973
-0.00232844
-0.00470096
-0.00613301
-0.00491349
-0.00438819
-0.00212275
-0.00625887
-0.00305181
0.00225628
-0.00508805
-0.00600533
-0.00337792
-0.00751589
-0.00460048
-0.00497119
-0.00489212
-0.00479225
-0.00483983
-0.0049432
-0.00447105
-0.00620021
-0.00652052
-0.00382544
0.00523289
-0.00600632
-0.00698665
-0.00397441
-0.00537053
-0.00205048
0.00313126
0.000737995
0.000640855
-0.00539116
0.00198796
-0.00239261
-0.00263529
-0.00594333
-0.000390617
-0.00655128
-0.00744711
-0.00607338
-0.00628029
-0.00723941
-0.00757726
-0.00555476
-0.00592832
-0.00234464
-0.00474799
0.000432067
-0.00703118
0.0019638
-0.00636326
-0.00656749
-0.00551698
-0.00656493
-0.00646047
-0.00677406
-0.00618479
-0.00623733
-0.00734885
-0.00646238
-0.00519957
-0.00705536
-0.00619241
-0.0066691
-0.00453181
-0.0050442
-0.00480164
-0.00482731
-0.00509584
-0.00490149
-0.00505001
-0.0053207
-0.0050109
-0.00542234
0.000255509
-0.00568739
-0.00217025
-0.0052533
-0.00532079
-0.00531405
-0.00438476
-0.00553484
-0.00518765
-0.00534812
-0.00555174
0.00158476
0.00022459
-0.00198803
-0.00157143
0.00266617
-0.000241374
-0.00552189
-0.00579104
-0.00562581
-0.000519616
-0.00572774
-0.00683485
-0.00536251
0.000440774
-0.00119145
-0.00497925
-0.00733226
-0.00752391
-0.00717669
-0.00694208
-0.00906909
-0.00710941
-0.000510317
-0.00529331
-0.0018268
-0.00161828
-0.0023885
-0.00279353
-0.00580535
-0.00624973
-0.0095549
-0.0115658
-0.00453636
-0.0114613
-0.00799122
-0.00802983
-0.00835516
-0.0079433
-0.00879404
-0.0080078
-0.00791946
-0.00758004
-0.00898568
-0.00684419
-0.00691092
-0.00907929
-0.00899918
-0.00836158
-0.00870339
-0.00860446
-0.00725471
-0.00830776
-0.00897668
-0.00851672
-0.00876344
-0.00833615
-0.00891399
-0.00899834
-0.00834369
-0.00857587
-0.00922657
-0.00766955
-0.0078838
-0.00792589
-0.00476811
-0.00788212
-0.00731617
-0.0081795
-0.00817312
-0.00795743
-0.00778925
-0.0076254
-0.00813035
-0.00816065
-0.00786955
-0.00988431
-0.00325016
-0.00219927
-0.00829276
-0.0119388
-0.00259277
-0.00850923
-0.00880459
-0.00874872
-0.00823787
-0.0084145
-0.00851425
-0.0086186
-0.00806738
-0.00323013
-0.00755128
-0.0121161
-0.00770359
-0.00798863
-0.00946116
-0.00817542
-0.00823883
-0.00750787
-0.00577558
-0.0080557
-0.00851416
-0.00716375
-0.00832267
-0.00806027
-0.00829771
-0.00821777
-0.0084184
-0.00819069
-0.00836715
-0.00795403
-0.00754827
-0.00723354
-0.00833556
-0.00747711
-0.00783961
-0.00854408
-0.00841658
-0.00911603
-0.0068191
-0.00386766
-0.00881329
-0.00656227
-0.00947542
-0.00831562
-0.00821565
-0.00862606
-0.00777449
-0.00819152
-0.00821549
-0.00915432
-0.00919827
-0.0088354
-0.00905478
-0.00789467
-0.00877956
-0.00892804
-0.00918142
-0.00850323
-0.00805726
-0.00809307
-0.00764134
-0.00800411
-0.00807871
-0.00800121
-0.00815077
-0.0078447
-0.00808961
-0.0059042
-0.0078295
-0.00693324
-0.00878304
-0.00821324
-0.00897215
-0.00900397
-0.00856232
-0.00291705
-0.00967318
-0.00661299
-0.0080196
-0.00607486
-0.00642206
-0.00789902
-0.00841672
-0.00686604
-0.00693811
-0.0065816
-0.00673882
-0.00800349
-0.00705737
-0.00990846
-0.00504975
-0.0103675
0.00223515
-0.00963979
0.00296407
-0.00553286
-0.00256303
-0.00846489
-0.00688668
-0.00814341
-0.00697366
-0.00768786
-0.00746259
-0.00736756
-0.00784757
-0.00755077
-0.00733313
-0.00784837
0.00213115
-0.00380657
-0.00721916
0.0027318
-0.00579211
-0.00600634
-0.0017187
-0.00840199
-0.00818133
-0.007475
-0.00785928
-0.00700486
-0.00780398
-0.00712135
-0.00762724
-0.0038527
-0.00713747
-0.00612754
-0.00486625
-0.00902857
0.000901749
-0.00554402
-0.00573731
-0.00885102
-0.00519935
-0.0106892
-0.0108687
-0.00399962
-0.00570965
-0.00546311
-0.00538049
-0.0033796
-0.00372674
-0.00258251
-0.00622788
-0.00714825
-0.007053
-0.00693077
-0.00656699
-0.00654045
-0.00700807
-0.00151107
-0.00570596
-0.00243401
-0.00239856
-0.00312366
-0.00359158
-0.00731799
-0.00773257
-0.0074728
-0.00754205
-0.00753273
-0.00733682
-0.00748771
-0.00832119
-0.00151003
0.00206363
0.00141465
-0.00586525
-0.00907403
-0.00647369
-0.00587489
-0.00108776
-0.00659084
-0.00689286
-0.00587089
-0.00407849
-0.00688455
-0.00698263
-0.00709316
-0.00681006
-0.00743748
-0.00698496
-0.00546252
-0.00683396
-0.00717985
-0.0085572
-0.00148737
-0.00815187
-0.00684172
-0.00481002
-0.00725387
-0.00748361
-0.00476512
-0.00670563
-0.00648678
-0.00728294
-0.00700351
-0.0072463
-0.00738356
-0.00699384
-0.00719753
-0.00729467
-0.00696035
-0.0069857
-0.00727284
-0.00703067
-0.00614977
-0.00605028
-0.00625738
-0.0084612
-0.00679372
-0.00667633
-0.00646984
0.00201386
-0.00785908
-0.00616954
-0.00746372
-0.00611846
-0.00677587
-0.00629395
-0.00645825
-0.00612049
-0.00678442
-0.00654173
-0.00665888
-0.00736953
-0.00775017
-0.00703288
-0.00761764
-0.00729128
-0.00714628
-0.00679971
-0.00545625
-0.00783189
-0.00633838
0.00223313
-0.00635618
-0.0089037
-0.00669126
-0.00622089
-0.00499922
-0.00547269
-0.00643063
-0.00632196
-0.0089373
-0.00582949
-0.00560974
-0.00575862
-0.00690912
-0.00695899
-0.00696427
-0.00508001
-0.00414477
-0.00691851
-0.00635968
-0.00656061
-0.00637383
-0.00580782
-0.00827319
-0.00577048
-0.00645065
-0.000214225
0.000311915
-0.0049903
-0.00495514
-0.00473306
-0.00429397
-0.0044146
-0.00141975
-0.00255914
-0.0023526
-0.00664407
-0.00712829
-0.00629364
-0.00545987
-0.00642443
-0.00674331
-0.00634583
-0.00649439
-0.00600747
-0.00064729
-0.00521389
-0.00659867
-0.00641155
-0.00292954
0.000156698
-0.00336061
-0.000589758
-0.0013891
-0.00301142
0.00184165
-0.00578255
-0.00616301
-0.00589471
-0.00553761
-0.00642415
-0.00606943
-0.00644624
-0.00517699
-0.00629601
-0.0054263
-0.00412327
-0.00600211
-0.00517482
-0.00538912
-0.00546192
-0.00535611
-0.00552704
-0.00431246
-0.00576293
-0.00473714
-0.00530209
-0.00547792
-0.00518476
-0.00514828
-0.00635636
-0.0061819
-0.00466444
-0.00637132
-0.00591292
-0.00569755
-0.00577113
-0.00563312
-0.00581746
-0.0062525
-0.00297668
-0.0049161
-0.00416738
-0.00277773
0.00167726
-0.00688939
0.00252204
0.000897274
0.00616618
-0.0037048
0.00150679
-0.00460452
-0.00389493
-0.00613678
-0.00631182
-0.00598564
-0.00597847
-0.00585653
-0.00496809
0.0016202
-0.000272548
-0.000444514
-0.00263625
-0.00289964
-0.00169267
-0.000999584
-0.00712246
-0.000668357
-0.00333359
0.00207593
-0.000667862
-0.00731145
0.00054901
-0.00605881
-0.00610223
-0.00575009
-0.00633925
-0.00602633
-0.00587549
-0.00617132
-0.00732245
-0.00505225
0.0040011
-0.0087825
-0.00493501
-0.00732984
-0.00901563
-0.0055919
-0.00565339
-0.00533189
-0.00631879
-0.00556256
-0.00566385
-0.00806376
-0.00457315
-0.00376617
-0.00344913
0.00312155
-0.00195303
-0.00618188
-0.0044445
-0.00287272
-0.00365065
-0.00497098
-0.00020331
-0.00356804
-0.00211934
-0.00110571
0.00271362
0.000793563
-0.00255295
-0.00498508
-0.00448786
-0.0049273
-0.00453567
-0.00468638
-0.00311109
0.000468616
-0.00213264
-0.00175116
-0.000853138
-0.000202164
0.00500531
-0.000327073
0.00211855
-0.00295482
0.00733694
-0.00319993
0.00227178
-0.00389379
-0.00631432
-0.00613361
-0.00598129
-0.00597726
-0.0049691
-0.00585697
0.00479327
-0.000536271
-0.000447236
-0.00264
-0.00289964
-0.0010101
-0.00169233
0.00162711
-0.000267439
-0.00732054
-0.00505893
-0.00877911
0.00400303
-0.0090119
-0.00733078
-0.00493476
-0.00712439
-0.0006639
0.00207644
-0.00333658
0.000550654
-0.00730485
-0.000668459
-0.00606087
-0.00607438
-0.0063426
-0.00580262
-0.00586814
-0.00605261
-0.00618512
-0.00280881
-0.00365088
-0.000175229
-0.00489971
-0.00209253
-0.00354925
-0.00105413
-0.00559654
-0.00566027
-0.00633108
-0.0053518
-0.00566896
-0.00557141
-0.00807314
-0.00458176
-0.00376715
0.0031191
-0.00345033
-0.00619092
-0.00196023
-0.00444499
0.000454306
-0.00175282
-0.00214174
-0.000854314
-0.000206605
0.00270676
0.00078666
0.00206721
-0.00297271
0.00728635
0.0022509
-0.00323497
0.0050086
-0.000319715
-0.0065995
-0.00700441
-0.00697442
-0.00167166
-0.00672885
-0.00658591
-0.00764614
0.000129322
-0.00336143
-0.000600331
0.00180195
-0.00301337
-0.00138711
-0.00654832
-0.00613486
-0.0055899
-0.0059539
-0.0060212
-0.00626745
-0.00617889
-0.00643692
-0.00595275
-0.00525943
-0.000651847
-0.00657591
-0.00632239
-0.00289002
-0.0054669
-0.00553393
-0.00536552
-0.0043157
-0.00577318
-0.00530984
-0.00474682
-0.00518549
-0.00544176
-0.00631603
-0.00415456
-0.00601413
-0.00540749
-0.00519057
-0.0059214
-0.00570427
-0.00564907
-0.00578237
-0.00626106
-0.0058244
-0.00298844
-0.00492797
-0.00417066
-0.00279177
-0.00690072
0.00166948
0.00250611
-0.00548199
-0.00521118
-0.00638851
-0.00516412
-0.00619959
-0.00636431
-0.00468099
-0.00543492
-0.00569144
-0.00536333
-0.00370809
-0.00335294
-0.00255634
-0.00621318
-0.00704137
-0.00714733
-0.00691089
-0.00656425
-0.00698308
-0.00653641
-0.00149196
-0.00566636
-0.00239026
-0.0024414
-0.0035482
-0.00311497
-0.00706481
-0.00733194
-0.00762439
-0.00328198
-0.0073536
-0.00659941
-0.00726126
-0.00731724
-0.00749753
-0.00771071
-0.00748893
-0.00754226
-0.00745355
-0.00733338
-0.00647299
-0.00589603
-0.00661153
-0.00110277
-0.00690636
-0.00408445
-0.00586771
-0.00690308
-0.00698031
-0.00682287
-0.00711291
-0.00699178
-0.00745057
-0.0054543
-0.0083009
-0.00158293
0.00204441
-0.00588097
0.00140269
-0.00907357
-0.00733977
-0.00736493
-0.00723812
-0.00700408
-0.00702119
-0.00729169
-0.0070087
-0.0068732
-0.00733883
-0.00155071
-0.0086274
-0.00489323
-0.00693524
-0.00822539
-0.00725155
-0.0073775
-0.00657727
-0.0047177
-0.00720752
-0.00643263
-0.00694957
-0.00678813
-0.00626083
-0.00610866
-0.00645778
-0.006535
-0.00665609
-0.00665843
-0.00714663
-0.00665899
-0.00573233
-0.00591067
-0.00651886
-0.00821787
-0.0059909
-0.00678087
-0.00645599
-0.00793854
0.00194681
-0.00754929
-0.00630358
-0.00618875
-0.00746478
-0.00747064
-0.00776268
-0.0067461
-0.00746797
-0.00704866
-0.00787694
-0.00733746
-0.0070501
-0.0076987
-0.00760695
-0.00727198
-0.00681655
-0.0070607
-0.00669106
-0.00621918
-0.00559064
-0.00503636
-0.00628802
-0.00645169
-0.00900441
-0.00585631
-0.0056577
-0.00693725
-0.00576871
-0.0069851
-0.00699404
-0.00511681
-0.00550231
-0.00784369
-0.00644649
-0.00896937
-0.00639106
0.00218213
-0.00575818
-0.00646731
0.000281703
-0.000254812
-0.00493439
-0.00501055
-0.00504356
-0.00993743
-0.010366
-0.00966257
0.00225536
0.00298917
-0.00717308
-0.00750995
-0.00785765
-0.0075151
-0.00806875
-0.00748155
-0.00796044
-0.012323
-0.00232002
-0.00559613
-0.00852768
-0.00261071
-0.00819532
-0.00699588
-0.00795524
0.00210685
-0.00374881
-0.00711684
0.00279223
-0.00592982
-0.00579172
-0.00578226
-0.00793675
-0.00682615
-0.0092911
-0.00625391
-0.00188612
-0.00861473
-0.00374702
-0.00686516
-0.00590889
-0.00873055
-0.00481544
0.000910575
-0.00567628
-0.00121193
-0.00335233
-0.0041538
-0.00457655
-0.00578718
-0.00125222
-9.25948e-05
-0.00183782
-0.00635634
-0.00651028
-0.00580384
-0.00562433
-0.00633835
-0.00660558
-0.00592174
-0.00607645
-0.00602534
-0.0057198
-0.00614651
-0.00609959
-0.00531661
-0.0056216
0.001685
-0.00108259
-0.00099529
-0.001933
-0.00201518
-0.00449888
-0.00551188
-0.00526517
-0.00500279
-0.00585343
-0.00437491
-0.00560275
-0.00417308
-0.00522241
-0.00513596
-0.00433635
-0.00494785
-0.00373072
-0.00440979
-0.00397963
-0.000877755
-0.0023319
-0.000715948
0.011398
-0.00586606
-0.00441479
-0.00469097
-0.0066075
-0.000400698
9.54913e-05
-0.00395198
-0.00417962
-0.0068625
-0.00629207
-0.00631357
-0.00619213
-0.00616398
-0.00662147
-0.00584147
-0.00692525
-0.0061913
-0.0057578
-0.00613383
-0.00589539
-0.00615887
-0.00542549
0.000684402
0.0050769
-0.000344912
-0.000236652
0.00675368
0.000236444
0.000657574
-8.28151e-05
-0.00132853
-0.000841478
-0.00105226
-0.00132371
-0.000718502
1.39615e-05
-0.00501166
-0.00428795
4.21964e-05
-0.00824254
-0.00629016
-0.000873313
-0.00295697
-0.00636159
-0.00793641
-0.00305187
-0.00443541
-0.00479615
-0.00462154
-0.004758
-0.00497244
-0.00483391
-0.00484462
-1.47021e-05
-0.000602359
-0.000282039
-0.00042287
-0.000971187
0.00629587
-0.000228782
-0.000964884
-0.00466303
-0.00502223
0.000266795
0.000752098
-0.00489524
-0.00480565
0.00080181
-0.00209361
-0.00168385
-0.0016235
-0.00212118
-0.00619901
-0.00477609
-0.00447836
-0.00403929
-0.00491283
-0.00466122
-0.00378756
0.00567458
-0.00248917
0.00171681
0.00145566
-0.00300326
-0.00418172
-0.00400253
-0.00693307
-0.0057645
-0.00619648
-0.00617437
-0.0059074
-0.00543149
-0.00616294
-0.00686775
-0.00632003
-0.0062877
-0.00620954
-0.00616774
-0.00584992
-0.00661415
0.00506505
-0.000356253
0.0067505
-0.000261289
0.000683484
-0.00635252
-0.00609456
-0.00572716
-0.00552083
-0.00553789
-0.00568608
-0.006066
1.12788e-05
-0.00503393
-1.76238e-06
-0.00431857
-0.00729981
-0.00629677
-0.00260126
-0.000620862
-0.00745665
-0.00633413
-0.00245261
0.000223201
0.000668613
-0.00133595
-8.48409e-05
-0.000864675
-0.00105785
-0.000752967
-0.00132414
-0.00441497
-0.00461411
-0.00478836
-0.00474377
-0.00496358
-0.00481607
-0.00480623
-0.00506028
-0.00533222
0.00056081
0.000125738
0.000518587
-0.00503955
-0.00537054
-0.00207129
-0.00167626
-0.00210813
-0.00160962
-1.51112e-05
-0.000636748
-0.000469254
-0.000313306
-0.000942337
0.00628248
-0.000926794
-0.000238711
-0.00645503
-0.00499698
-0.00508599
-0.00418743
-0.00515713
-0.00454254
-0.0036804
-0.00257298
0.00169924
-0.00309036
0.00143541
0.00571845
-0.00420406
-0.00406719
-0.000109947
-0.00180671
-0.000733474
-0.00305037
-0.00387145
-0.00647553
-0.00297236
-0.00246153
-0.00605965
-0.00571494
-0.00600816
-0.0061137
-0.00609609
-0.00561027
-0.00528962
0.00170847
-0.00109413
-0.000981362
-0.00200719
-0.00192495
-0.00415435
-0.00512411
-0.00521197
-0.00432601
-0.00493634
-0.00439477
-0.00371339
-0.00397799
-0.000892382
-0.000736308
-0.0023218
0.0113789
-0.00588874
-0.00472769
-0.00445735
-0.00663961
-0.000425054
7.69608e-05
-0.00503617
0.00059411
-0.0040586
-0.00453968
-0.00354102
-0.00354131
-0.00580608
-0.00126869
-0.00281788
-0.00443721
-0.00315327
0.0100405
-0.00262831
0.0080911
-0.00260962
-0.000244043
-0.000268249
-0.00371111
-0.00190519
-0.00246496
-0.0011511
-0.000247094
-0.0020261
-0.00825515
-0.00900434
-0.00666572
-0.00321801
-0.00439123
-0.00479715
-0.00303467
-0.00162346
-0.00438035
0.00833176
-0.00547801
-0.00254761
-0.00544948
-0.000845217
-0.000557493
-0.00456817
-0.00272327
0.00639283
-0.00410691
0.00515479
-0.00455396
-0.00463609
0.00554763
-0.00813234
0.00401667
0.00356603
-0.00214386
-0.00279866
-0.00667152
-0.00127826
0.00272064
0.000379662
0.00126031
-0.000254041
0.000155131
0.00123336
-3.3814e-06
-0.00332708
-0.000236769
-0.00611402
-0.00483701
-0.00280044
-0.00307438
-0.00806543
-0.00836768
-0.00269174
-0.000751652
-0.00291673
-0.00262826
-0.00216853
-0.00215616
-0.00375828
-0.0018121
-0.00356495
-0.00313956
0.000738331
0.00212411
-0.00581163
0.0104593
-0.00392825
-0.00483636
-0.00510048
-0.00364683
0.000902862
0.00433076
-0.000404849
-0.00621217
-0.000736384
0.0033831
-0.00791068
-0.00724346
-0.00439567
0.00104526
-0.00625847
-0.00271245
-0.0046663
-0.000300065
0.00131958
-0.00176305
-0.00536617
-0.0072857
-0.0016604
-0.00605246
-0.00647123
0.00492446
-0.00814631
0.000947827
-0.00574349
-0.00232647
-0.00524223
-0.00526305
0.000263256
-0.00676926
-0.00774919
-0.00741889
-0.0089377
-0.00526903
-0.00681677
0.00580528
0.00384032
-0.00657964
-0.000876088
-0.00151304
-0.00250137
-0.00718537
0.00140915
-0.00701642
0.00494959
-0.00846421
-0.00746153
-0.000219674
0.00542733
-0.00718921
-0.00100117
-0.00541134
0.00475059
-0.00565269
-0.00198874
0.00973269
-0.00351549
-0.00955375
0.00892611
-0.00110842
-0.00913113
-0.00199029
0.00111957
-6.25841e-05
-0.00146914
-0.00441011
-0.00344274
0.00161214
0.00794202
-0.00834417
-0.00244537
-0.00795316
-0.00425365
-0.000399708
-0.00797714
-0.00336184
-0.00808104
-0.00762717
-0.00666278
-0.00129746
-0.000797427
-0.00616404
-0.00201238
-0.00615892
-0.00606086
-0.00712754
-0.00646625
9.88705e-05
0.00108686
-0.00148964
-0.00647902
-0.00604258
-0.00392528
0.00573691
-0.00693833
-0.00747179
0.00247075
0.00186905
-0.00697812
-0.00438242
-0.00502638
-0.00375747
0.00626873
0.00114244
-0.00565728
-0.00559701
-0.00617178
-0.00674762
-0.00599774
-0.00558253
-0.00601471
-0.00674359
-0.000224188
-0.00871516
-0.00666689
0.00180984
-0.00713963
-0.00985672
0.00172693
-0.0071697
-0.00768811
-0.00678003
-0.00567456
-0.0060592
-0.00537841
-0.0095035
-0.00666283
0.00460405
0.00436403
0.004306
-0.00137664
-0.00382182
-0.00459023
-0.00485461
-0.00360888
0.00230844
-0.00399383
0.00482467
-0.000635313
0.0109959
-0.00281848
-0.0035433
-0.00219728
-0.00372703
-0.00342327
-0.00190089
-0.00246863
-0.00290894
-0.00386911
-0.00402807
-0.00297242
-0.00977551
-0.00265853
-0.00245334
-0.00167421
-0.00924741
0.00892751
-0.00724326
-0.0003348
-0.00255522
-0.00492219
-0.00677346
-0.00458782
-0.00814026
-0.00743824
-0.00128346
-0.00602662
-0.00738961
-0.00749252
-0.00211239
-0.00354241
0.00953409
0.00910778
-0.000166387
-0.00542916
-0.00678237
-0.00512768
-0.00541656
-0.00660426
-0.00623754
-0.00533876
-0.00128165
-0.00800042
-0.00765487
-0.00634419
-0.00599523
-0.0070164
-0.00364119
-0.00645232
-0.0041636
-0.00644467
-0.00227857
-0.00551538
-0.00473394
-0.00264556
-0.00583555
-0.00279392
-0.00238917
-0.00162294
0.000564184
-0.00160034
-0.00585327
-0.00617226
-0.00118322
-0.00178819
-0.00454271
0.0038948
-0.00346557
0.00103275
0.000792766
-0.00110531
-0.00470277
0.000323388
-0.000627544
-0.000654313
-0.000926698
-0.00947831
-0.00226287
-0.00207508
-0.00850974
-0.00458139
-0.0021141
-0.0100581
0.000684502
-0.00815119
-0.0045226
-0.00948085
-0.00643151
-0.00141859
-0.00818425
-0.0040432
-0.00991116
-0.00781227
-0.00795428
-0.00344917
-0.0048705
-0.000775401
-0.00890085
-0.00771105
-0.0079006
-0.00613755
-0.0107452
-0.00869149
-0.00713051
-0.00997374
-0.00731653
-0.00686553
-0.00963693
-0.00736612
-0.0068893
-0.00789967
-0.00740352
-0.00757137
-0.00696838
-0.0100016
0.00255481
-0.00689854
-0.00735799
-0.00395824
-0.0068898
-0.00672316
-0.00699173
-0.00701364
-0.0051472
-0.00683415
-0.00562654
-0.00661396
0.00315865
-0.00683346
-0.00654575
-0.00775849
-0.00694007
0.00433809
-0.0085267
-0.0126659
-0.00346519
-0.00713286
-0.00369399
-0.00251994
-0.00648164
0.00669528
-0.00162856
-0.00188258
-0.00886448
-0.000778945
-0.00493531
0.00131168
0.000358645
-0.0046784
-0.000182492
-0.00660342
-0.00097678
-0.00339273
-3.3848e-05
-0.00665946
-0.00441287
-0.00469227
-0.00534522
-0.00683689
-0.00718608
-0.00101951
-0.00324528
-0.005889
-0.00386092
-0.00706017
-0.00102591
-0.00347596
-0.00611322
-0.00293436
-0.00615113
-0.00575016
-0.00581553
-0.00585167
-0.00630239
-0.00574063
-0.00612597
-0.00510193
-0.00200129
0.000665885
8.79727e-05
-6.53603e-05
-0.00242016
0.00112387
-0.00521166
-0.00456676
0.000275107
-0.00467405
-0.00221656
-0.00480964
-0.00503085
-0.000585638
-0.00589794
-0.00046269
-0.00346076
-0.00611355
-0.00573197
-0.00571843
-0.00600928
-0.000149375
0.0024505
0.00311634
0.00102382
-0.00181005
-0.000318042
0.00019671
0.00164607
-0.00268957
-0.0045491
0.000794496
-0.00218243
-0.00253292
0.0006472
0.000705075
-0.00052473
-0.0046595
-0.00580545
-0.00462179
-0.00253867
0.000979854
-0.00429193
-0.00527155
-0.00206217
-0.00619024
-0.00231134
-0.00303567
-0.00337652
-0.00797563
0.00166051
0.00158119
-0.00115682
0.00219159
-0.00220947
0.00210722
0.00467645
0.00127522
0.00296787
0.00383158
0.000532477
0.000529097
-0.00265542
0.000435324
-0.00271013
-0.00476156
-0.00798573
-0.00367507
-0.00624798
-0.0053867
-0.00747263
-0.00526441
-0.00252176
0.00198495
0.00108166
-0.00318152
-0.00467902
-0.00879557
0.00199708
-0.00403988
-0.00808132
-0.00568132
-0.00474834
-0.00754744
-0.00513015
-0.00695003
-0.00663982
-0.0058681
-0.00675131
-0.00531866
-0.00561159
-0.00642187
-0.00606961
-0.00606244
-0.00646707
-0.00625654
-0.00574712
-0.00615781
-0.00580635
-0.0058407
-0.00575099
-0.0063102
-0.00612189
0.00078832
-0.00159256
-0.00281699
-0.000379591
0.000311371
-0.000320105
0.00120966
-0.000542586
-0.000814143
0.00326032
-0.00105851
-0.00364326
1.60944e-05
-0.00591826
-0.00497434
-0.00513292
-0.000509924
-0.00301954
-0.00740905
-0.000662824
-0.00114966
-0.00655461
-0.00621923
-0.00558054
-0.00565206
-0.00622229
-0.00637551
-0.0071038
-0.00571829
-0.00529269
-0.00727903
-0.00729957
-0.00134559
-0.00398704
-0.00356773
-0.00365568
-0.00224845
-0.00541391
-0.00224608
0.00030399
-0.00029855
-0.00255951
-0.00429394
-0.000702236
-0.00292121
-0.00579846
0.000461486
-0.00575344
-0.00515279
-0.0011773
-0.00593154
-0.00309743
-0.00545198
-0.00325127
-0.00609892
-0.00549988
-0.000472117
-0.0057913
-0.00179101
-0.00788346
-0.00203902
5.78016e-05
-0.00792529
-0.00939772
-0.00499818
-0.00444006
-0.00624764
-0.00621144
-0.00995502
-0.00939415
-0.00592937
-0.00749659
-0.00880932
-0.00805235
-0.00849334
-0.00782138
-0.00797836
-0.00735091
-0.00874647
-0.00776505
-0.00789188
-0.00397162
-0.00675474
-0.00621042
0.000595581
-0.00756562
0.00156824
-0.00639038
-0.00846425
-0.0079672
-0.00820958
-0.00558336
-0.00549065
-0.00771752
-0.00515188
-0.00757398
-0.00821443
-0.0048793
-0.0129758
0.00211054
-0.0111871
-0.000164822
-0.00968859
-0.00846996
-0.00976591
0.000632362
-0.0112674
-0.00292659
-0.00294776
-0.00738236
-0.0111333
-0.00568727
-0.0029379
-0.0118056
-0.0124613
-0.00858006
-0.00562406
-0.00714564
-0.00603412
-0.0105877
-0.00868736
-0.0109972
-0.00340643
-0.00724558
-0.00692532
-0.0064852
-0.00942417
-0.00924459
-0.00580574
-0.0071038
-0.00772419
-0.0100421
-0.00919889
-0.00911458
-0.00885093
-0.00893917
-0.00916955
-0.00892883
-0.00827174
-0.00808146
-0.00745663
-0.00838303
-0.00883552
-0.00825818
-0.00881707
-0.00830569
-0.00763738
-0.0114446
0.000106129
-0.00831551
-0.00964448
-0.00838831
-0.008123
-0.00717655
-0.00749836
-0.00857766
-0.00770334
-0.0073377
0.000232383
-0.00755612
-0.0112893
-0.00577997
-0.00752257
-0.00900747
-0.00675097
-0.0113777
-0.00974503
-0.000921791
-0.0101209
-0.00807677
-0.00595572
-0.00765722
-0.00869547
-0.00465966
-0.00184679
-0.00378298
-0.00841668
-0.00750833
-0.00771317
-0.00790637
-0.00734221
-0.00769772
-0.00754095
-0.00770821
-0.00676672
-0.00713049
-0.00674109
-0.00720198
-0.0069189
-0.00711265
-0.00692064
-0.00736037
-0.0078184
-0.0072062
-0.00779289
-0.0071103
-0.00741796
-0.00746073
-0.00564158
-0.00503695
-0.00570726
-0.00636662
-0.00651496
-0.00652794
-0.00649101
-0.00617875
-0.00624402
-0.00603043
-0.00621568
-0.00628772
-0.00626345
-0.00602688
-0.00666075
-0.00692281
-0.00670924
-0.00671032
-0.00637755
-0.00661535
-0.00668514
-0.00559242
-0.00291783
-0.000977306
-0.00476571
-0.00287289
-0.00227972
-0.00534209
-0.00321714
-0.00276783
-0.00295838
-0.00643371
-0.0062468
-0.00612078
-0.00515071
-0.00502852
-0.00446192
-0.0026395
0.00110686
-0.00584764
-0.00409823
-0.00116308
-0.00302178
-0.0058348
-0.00573012
-0.00676212
-0.000168103
0.00178071
-0.00773563
-0.00388643
0.000120065
-0.00665
-0.00116305
-0.00437528
0.0010792
-0.00553291
-0.00801122
0.00165121
-0.00740387
-0.00241539
0.000545892
-0.0042377
-0.00520079
-0.000472531
-0.00329958
-0.00242935
-0.00318881
0.00101758
-0.00517029
0.00243713
0.00654959
0.00230801
0.00729707
-0.00632732
-0.00195307
0.00276571
-0.000909809
-0.0076211
-0.000506796
-0.000159766
0.000127386
-0.00659814
-0.00139476
-0.00670608
-0.00347742
-0.00590736
-0.00770458
-0.00610638
-0.00015177
-0.00168598
0.00755742
-0.00577124
-0.00359451
-0.00310884
0.007337
-0.00548065
-0.00431922
0.00807011
-0.00216058
-0.00718043
-0.00424963
-0.00478728
0.00545646
-0.00491157
-0.000800346
-0.00221727
-0.00185971
-0.00654666
0.000924136
-0.00583092
-0.00645016
-0.00510659
-0.000835427
-0.00640268
-0.00597387
-0.00612219
-0.00653924
-0.00345622
-0.00334329
-0.00567365
-0.00388976
-0.00603945
-0.00629376
0.00103445
0.00130818
-0.00325351
0.000581535
-0.00530989
0.00389514
-0.000273291
0.00301088
0.000134072
-0.00301827
-0.00411136
-0.000593379
-0.00552509
-0.0013122
-0.00408435
-0.00575469
-0.00664696
-0.00636787
-0.00742438
-0.0069917
-0.00782854
-0.00746891
-0.00772118
-0.00750823
-0.0079482
-0.00733801
-0.00772931
-0.00753439
-0.00771797
-0.00736543
-0.00719529
-0.00779086
-0.00711184
-0.00778565
-0.00741695
-0.00744583
-0.00625169
-0.00618949
-0.00604985
-0.00621468
-0.00631213
-0.00629664
-0.00604095
-0.00686287
-0.00674571
-0.00708236
-0.00651292
-0.00684851
-0.00654458
-0.00697151
-0.00504199
-0.0056409
-0.00569829
-0.00636882
-0.00653754
-0.00655555
-0.00651289
-0.00663464
-0.0067195
-0.00694378
-0.00638299
-0.00669504
-0.00662055
-0.00669779
-0.00217825
0.000457317
-0.0059303
-0.0054819
-0.00319834
-0.00514705
-0.00581729
-0.00503127
-0.00519859
-0.00493678
-0.00045547
-0.00636332
-0.00184868
-0.00513739
-0.00610286
-0.00271213
-0.00621504
-0.0058005
-0.00432647
-0.00576653
-0.00446722
0.00156611
-0.00234168
-0.0065505
-0.004203
-0.00664139
-0.00680661
-0.00486686
-0.00573743
-0.00677905
-0.00478537
-0.00497089
-0.00558847
-0.00787858
-0.0076951
-0.00789708
-0.00686157
-0.00707024
-0.00725145
-0.00644717
-0.00779126
-0.00666922
-0.00629096
-0.00872664
0.000676256
-0.00716622
-0.00615261
-0.00699655
-0.00491885
-0.00696218
-0.00688859
-0.00800984
-0.0058213
-0.00701615
-0.00885094
-0.00800818
0.00176269
-0.00856756
-0.0075153
-0.0048519
-0.00769873
-0.00273959
-0.00772329
-0.00312741
-0.00909818
-0.0088636
-0.0049791
-0.00913271
-0.00782762
-0.00996993
-0.00955206
-0.00842848
-0.00785428
-0.00738837
-0.0064272
-0.00694973
-0.00675351
-0.00845739
-0.00744225
-0.00795694
-0.0083824
-0.0072435
-0.00733214
-0.00432262
-0.00677858
-0.00978677
-0.00693203
-0.00872143
-0.0101221
-0.00612382
-0.0115624
-0.00172205
-0.0109446
-0.00854662
-0.00924003
-0.00971835
-0.00885153
-0.00764525
-0.00624386
-0.00876367
-0.00863475
-0.00902603
-0.00868107
-0.00792628
-0.00851052
-0.00908637
-0.00869151
-0.00794327
-0.00824562
-0.00901933
-0.00834235
-0.00810083
-0.00837761
-0.00785411
-0.00733282
-0.00812933
-0.00757498
-0.00669677
-0.00763749
-0.00856816
-0.00820213
-0.00789038
-0.00837079
-0.00755194
-0.00916724
-0.00609967
-0.00857438
-0.0101227
-0.00237078
-0.0103043
-0.000659159
-0.00785128
-0.0117825
-0.0102684
-0.0056194
-0.00726662
-0.0118004
-0.0077941
-0.00734108
-0.00733044
-0.00860387
-0.00790418
-0.00694826
-0.00988326
-0.0113122
-0.00633329
-0.00121017
-0.00857627
-0.00563405
-0.0105033
-0.00783588
-0.0116223
-0.00806575
-0.00800699
-0.00849816
-0.00791607
-0.00831383
-0.00789342
-0.00814227
-0.00864779
-0.00660349
-0.00648135
-0.00629221
-0.00881166
-0.00795527
-0.00823282
-0.0085863
-0.00855485
-0.00713357
-0.00835271
-0.00860883
-0.00730001
-0.00843542
-0.000683174
-0.00859734
0.00507317
-0.00849873
-0.0103133
-0.0077256
0.00626395
-0.00918939
-0.00372174
-0.00674718
-0.00437324
-0.0103359
-0.00758271
-0.00767154
-0.00442289
0.00488852
-0.00760441
-0.004758
-0.00684272
-0.00447511
-0.01123
-0.00679676
-0.00378632
-0.00827024
-0.0101393
-0.0045338
-0.00578052
-0.00503355
-0.00531117
-0.00543946
-0.00579246
-0.00543283
-0.00567522
-0.0038396
0.00318502
0.00669174
-0.005845
-0.00326874
-0.00283618
-0.00432474
-0.00595624
-0.0044706
-0.0058419
-0.00458233
-0.00444201
-0.00628924
-0.00458537
-0.00601188
-0.00443252
-0.00585675
-0.00482583
-0.00537751
-0.00658395
-0.000542592
0.00297912
-0.00373879
0.00297572
0.00182058
-0.00311127
0.00265248
-0.00267373
-0.00578204
0.00907111
0.00103965
0.000825413
-0.00480547
-0.00581878
-0.00613685
0.00149891
-0.00399068
0.00285736
-0.00195619
-0.00455621
-0.00787781
-0.0047495
-0.00633552
-0.00459545
-0.00207666
-0.00338598
-0.00805348
-0.00156378
-0.000665122
-0.00219163
-0.00127932
-0.00665991
0.00147367
0.00193171
-0.00778534
-0.00623728
-0.00197021
-0.00574894
-0.00566518
0.00928702
0.00894614
0.00114647
-0.00558858
0.00755475
-0.00344798
-0.00594559
-0.00648982
0.00397237
-0.0037122
-0.00596362
0.00224314
-0.00851609
-0.00960181
0.000585804
0.000702428
-0.0003129
-0.00714364
-0.00802769
2.17287e-05
-0.00683431
-0.000167852
-0.0061917
-0.00657643
-0.00687849
-0.00658604
-0.00656071
-0.00693931
-0.00656038
-0.0050387
-0.00579192
-0.00531071
-0.00548055
-0.00542856
-0.00579925
-0.00567384
-0.00509744
-0.000563221
-0.00396144
-0.00570889
-0.0033781
-0.00138858
-0.00396961
-0.00731311
-0.0009048
0.00416933
-0.00737008
-0.00394526
-0.00584508
-0.00388077
-0.00252358
-0.00326384
-0.00717118
0.00263459
-0.00334991
-0.00347869
-0.00189515
-0.00316747
-0.00587522
-0.0030269
-0.0037261
-0.00358741
-0.00656901
-0.00285421
-0.00297976
-0.00385192
-0.00395728
-0.00118598
-0.003928
-0.00680797
-0.00687379
-0.00356242
-0.00730553
-0.00466785
-0.00818348
-0.00736648
-0.00452154
-0.00474526
-0.00481888
-0.000907577
-0.00582426
0.00099889
-0.00542743
-0.00178022
-0.00948844
-0.00848925
-0.00897542
-0.00836386
-0.00870808
-0.00841209
-0.00878488
-0.00847459
-0.00797053
-0.00806985
-0.00850641
-0.00786474
-0.00791117
-0.00829071
-0.00813861
-0.00208409
-0.010993
-0.00862025
-0.00530867
-0.00855181
-0.00100353
-0.00847877
-0.00899275
-0.00485556
-0.0106654
-0.0012125
-0.00858748
-0.00357968
-0.0111952
-0.00473404
-0.00876395
-0.00619349
-0.00234282
-0.00938959
-0.00419051
-0.0109193
-0.00403656
-0.00858165
-0.00646911
-0.00295632
-0.00955879
-0.00866037
-0.00668918
-0.00913245
-0.00972094
-0.00953238
-0.0103941
-0.00954826
-0.00913191
-0.0095673
-0.00902681
-0.00929284
-0.00865844
-0.00947493
-0.00871948
-0.00828949
-0.00836439
-0.00872805
-0.00857168
-0.00714321
-0.00806802
-0.00768921
-0.00752002
-0.00879267
-0.00799388
-0.00714001
-0.00683093
-0.00919471
-0.00831096
-0.0083347
-0.00896364
-0.00871089
-0.0086778
-0.00950584
-0.00911134
-0.00913004
-0.0090472
-0.00795374
-0.00808307
-0.00923387
-0.00895328
-0.00868997
-0.00799163
-0.00843335
-0.00911361
-0.00869535
-0.00830353
-0.00858575
-0.00798525
-0.00615026
-0.00876778
-0.0108762
-0.00844722
-0.00779555
-0.00917982
-0.00809013
-0.00862094
-0.00932956
-0.00789277
-0.010537
-0.00852012
-0.00690076
-0.00881355
-0.00677941
-0.007871
-0.00797921
-0.00814712
-0.00805925
-0.00883735
-0.00903032
-0.00858066
-0.00865209
-0.00806634
-0.00851793
-0.00883182
-0.00878037
-0.00809911
-0.00801417
-0.00737249
-0.00667065
-0.00796387
-0.00695431
-0.0103633
-0.00807541
-0.00960886
-0.0101936
-0.00929218
-0.00954984
-0.00734058
-0.0093697
-0.0081187
-0.00864493
-0.00864033
-0.00784228
-0.00921332
-0.00908104
-0.00917005
-0.00916631
-0.00906565
-0.00902975
-0.00881674
-0.00895679
-0.00885383
-0.00907473
-0.00903392
-0.00892832
-0.00902258
-0.00876949
-0.00868088
-0.00913669
-0.0093314
-0.00922212
-0.00908479
-0.00866936
-0.00921556
-0.00896425
-0.00881383
-0.00856192
-0.00849952
-0.00842808
-0.00876823
-0.00824309
-0.00858791
-0.00853546
-0.00900306
-0.00868302
-0.00850609
-0.00872622
-0.00866582
-0.00865637
-0.00822418
-0.00875278
-0.00925982
-0.00888798
-0.00827082
-0.00869795
-0.00902915
-0.00832766
-0.00854447
-0.0089308
-0.00858311
-0.00831779
-0.00849866
-0.00861915
-0.00852442
-0.0088752
-0.00781843
-0.00838068
-0.00945616
-0.00716592
-0.00907037
-0.00814464
-0.00925676
-0.0090022
-0.00827561
-0.00876725
-0.00864728
-0.00881973
-0.00881178
-0.00858082
-0.00900279
-0.00825455
-0.00347429
-0.00912817
-0.00879974
-0.0102899
-0.00867646
-0.00851171
-0.00114238
-0.00890675
-0.00586975
-0.00115047
-0.00594287
-0.00792155
-0.00986292
-0.00742389
-0.00839812
-0.00799838
-0.00809137
-0.0094263
-0.00658814
-0.00880576
-0.00839368
-0.00858266
-0.00753946
-0.00783097
-0.00783705
-0.0076691
-0.00847008
-0.00570537
-0.00727094
0.00148834
-0.00781177
-0.00666156
-0.006402
-0.00816041
-0.00861008
-0.00608396
0.00478337
-0.00945034
-0.00570907
-0.00496239
-0.00610153
0.00261886
-0.0041395
-0.00773433
-0.00850998
-0.00543023
-0.00275992
-0.00703323
-0.00727816
0.00673592
-0.00605412
-0.00307054
-0.00358443
0.00416735
-0.00142065
-0.0029222
-0.00219042
-0.0109723
-0.00211515
-0.00503093
-0.00383636
-0.00372863
-0.00611324
-0.00424816
-0.00548031
-0.00932119
-0.00437299
-0.0054504
-0.00363113
-0.00540192
-0.0035075
-0.00618489
-0.00566956
-0.00653992
-0.00522435
-0.00702802
-0.0074098
-0.00759237
-0.0076299
-0.00677002
-0.00175879
0.000494783
0.00664702
-0.00387688
-0.00305966
-0.00510378
0.000501012
-0.00418908
-0.00505643
-0.000317729
-0.00480739
-0.00412706
-0.00132744
-0.00165667
-0.00365111
-0.00537292
-0.00724607
-0.00212435
-0.005308
0.00689477
-0.00790526
-0.00206035
-0.00528953
-0.00363704
-0.00305558
-0.00111372
0.00312056
-0.000876485
-0.00600667
-0.00637503
-0.00766148
-0.00785331
-0.00310358
-0.00746782
-0.00881774
-0.00564807
-0.00451948
-0.00164816
-0.00673915
-0.00813443
-0.00244263
-0.00741074
-0.00805809
-0.00843477
0.00888419
-0.00118854
-0.000888261
-0.00375083
-0.00713287
-0.000484852
-0.00191877
-0.00620938
0.00797684
-0.00214596
-0.00772833
-0.0071076
-0.00829119
-0.00391008
-0.00818651
-0.00736661
-0.0023593
0.00593558
-0.0013897
-0.00754685
-0.0034042
-0.00530223
-0.0035372
-0.00956716
-0.00995616
-0.0045736
-0.00289212
-0.00715213
-0.00391233
-0.00597097
-0.00779639
-0.00578977
0.00567866
-0.00356897
-0.00372844
6.52018e-05
-0.0084219
-0.00505191
0.00611443
-0.00846565
-0.00757748
-0.0047157
-0.00578424
-0.00644869
-0.00544741
-0.00646315
-0.00678651
-0.011547
-0.00881899
-0.00974683
-0.00876195
-0.00409964
-0.00913363
-0.0058817
-0.00823857
0.000725355
-0.00712805
-0.0069688
-0.00493781
-0.00443861
-7.48898e-05
-0.00409967
-0.00506777
-0.00787357
-0.00809081
-0.00727686
-0.00807768
-0.0066348
-0.00909943
-0.00743677
-0.0088981
-0.00995141
-0.00996476
-0.00912653
-0.00783026
-0.00789532
-0.00460925
-0.0116688
-0.00966301
-0.00506054
-0.00549318
-0.0055648
-0.0119505
-0.00590379
-0.0100078
-0.00709022
-0.00843233
-0.00861533
-0.00904816
-0.00800439
-0.0106442
-0.00774333
-0.00948624
-0.00837227
-0.0099468
-0.00889544
-0.00898796
-0.00902372
-0.0092998
-0.00921229
-0.00936557
-0.00869746
-0.00934377
-0.00328606
-0.00806388
-0.00983729
-0.00833436
-0.00745408
-0.00861402
-0.00856782
-0.00884646
-0.00861469
-0.00863987
-0.00898628
-0.0100833
-0.00816373
-0.0101436
-0.0088416
-0.00563201
-0.00893426
-0.00756176
-0.007844
-0.00833735
-0.00834763
-0.00755759
-0.00852916
-0.00827517
-0.00765165
-0.00806301
-0.00964019
-0.00818042
-0.00461935
-0.00909433
-0.00628292
-0.00912479
-0.00937886
-0.00847581
-0.00897618
-0.00843992
-0.00870692
-0.00775627
-0.00875846
-0.00852729
-0.009785
-0.00901867
-0.0087826
-0.00846059
-0.00983083
-0.00928092
-0.00963079
-0.00743399
-0.00885276
-0.00900123
-0.0089836
-0.00937029
-0.00958315
-0.00887679
-0.00898066
-0.00953089
-0.00882579
-0.00904428
-0.00876331
-0.00905158
-0.00896868
-0.00928955
-0.00935963
-0.00859622
-0.00945327
-0.00919992
-0.00892453
-0.00902521
-0.00889765
-0.00909611
-0.0088995
-0.00903223
-0.00892974
-0.008843
-0.0087254
-0.00883568
-0.00869054
-0.00888679
-0.0087575
-0.00881305
-0.00896529
-0.00882182
-0.00899594
-0.0090896
-0.009077
-0.00896214
-0.00902797
-0.00923702
-0.0091825
-0.00866823
-0.00881113
-0.00892342
-0.0087131
-0.00859569
-0.00782579
-0.00859211
-0.00868305
-0.00885411
-0.00874392
-0.00861726
-0.0090187
-0.00885125
-0.00860195
-0.00849332
-0.00857114
-0.00888552
-0.00746924
-0.00896877
-0.00897264
-0.00872756
-0.00874569
-0.0088885
-0.00889426
-0.00862793
-0.00897227
-0.00872957
-0.00859782
-0.00863466
-0.00880814
-0.00891566
-0.00858075
-0.00868569
-0.00889974
-0.0073525
-0.00844174
-0.00860144
-0.00911241
-0.00825235
-0.00844508
-0.00477722
-0.00643952
-0.00775717
-0.00770247
-0.00124292
-0.00180271
-0.00974173
-0.00718306
-0.00891447
-0.0109984
-0.00641201
-0.00596728
-0.00715172
-0.00600748
-0.00739516
-0.00828415
-0.00422224
-0.00952318
-0.0087011
-0.00863677
-0.00781017
-0.00801958
-0.00361794
-0.00705868
-0.00613106
-0.00744507
-0.00488853
-0.0066665
-0.00558328
-0.00414082
-0.0053523
0.0039602
-0.00889952
-0.00657236
-0.00757989
-0.00597384
-0.00363349
-0.00541719
0.00780916
-0.00523782
-0.00401003
-0.000343996
-0.00280966
0.000336636
-0.00444224
-0.000844179
-0.004461
-0.0047069
-0.00810139
-0.00641827
-0.00408516
-0.0028566
-0.00926891
-0.00526438
-0.00416734
0.000478881
-0.00278535
-0.00603048
-0.00523551
-0.0049704
-0.00676406
-0.00634783
-0.00575588
-0.00627266
-0.0089555
-0.000985809
-0.00720849
-0.00380006
-0.00557403
-0.00280384
-0.00708959
-8.17579e-05
-0.000337815
-0.000418538
-0.000310381
-0.00148724
-0.00253571
-0.00135246
0.00921521
-0.00700722
-0.00233818
-0.00624048
-0.00169283
-0.0071129
-0.001329
-0.00715297
-0.000853457
-0.00596561
-0.00581772
-3.02151e-05
-0.00376741
0.00171508
-0.00601411
-8.36146e-05
-0.00373205
-0.00541463
-0.00681013
-0.000937745
-0.000172806
-0.000280071
-0.00564735
-0.00585576
-0.00245941
-0.00587516
-0.00395577
-0.00173789
-0.00493883
-0.00140591
-0.00386829
-0.00816209
-0.00606051
-0.0049409
-0.00416452
-0.00646102
-0.00605226
-0.00480756
-0.00368663
-0.00152148
0.0024808
-0.00185181
0.000476331
-0.0028595
-0.0089171
-0.00630022
-0.00547657
-0.00282747
-0.0054978
-0.00546237
-0.00271468
-0.00435477
-0.00406945
-0.00363765
-0.00774815
-0.00499328
-0.00430088
-0.00919764
0.0085469
-0.00457767
0.00592452
-0.00184642
-0.00264405
-0.00573031
-0.00673071
-0.00114859
-0.00454679
-0.00555459
-0.00672506
-0.00201638
-0.00566906
-0.0026945
-0.00509377
-0.00406388
-0.00580505
-0.00191479
-0.00471782
-0.00649252
-0.00676162
-0.00344861
-0.00575796
-0.00509673
-0.00595748
-0.0100694
-0.00822111
-0.00758972
-0.00770893
0.00109716
-0.00764113
-0.00779785
-0.000213785
-0.00548964
-0.00580193
-0.00851868
-0.00544765
-0.00856842
-0.00761009
-0.00955548
-0.00891035
-0.00918346
-0.0079688
-0.0096473
-0.00857101
-0.00829861
-0.00813771
-0.00878247
-0.00801271
-0.0102394
-0.0091521
-0.011216
-0.00980283
-0.0035533
-0.00892792
-0.0095546
-0.00820384
-0.0084457
-0.0082937
-0.00882632
-0.00910703
-0.00793118
-0.00535659
-0.00753381
-0.00655951
-0.0090907
-0.00881277
-0.00778147
-0.00844878
-0.00887436
-0.00873313
-0.00805995
-0.00848736
-0.00754737
-0.00823737
-0.00805423
-0.00917414
-0.00779145
-0.00843133
-0.00782902
-0.00847873
-0.0082947
-0.00939173
-0.00679338
-0.0100673
-0.00836263
-0.00945236
-0.00923064
-0.00883793
-0.00917838
-0.00928797
-0.00947446
-0.00892187
-0.00908255
-0.00801313
-0.00954802
-0.00899439
-0.00869874
-0.00899741
-0.00892651
-0.00932076
-0.00855887
-0.00896907
-0.00905837
-0.00888212
-0.00933433
-0.00906646
-0.00915201
-0.0095788
-0.00884472
-0.00889456
-0.00922529
-0.0089414
-0.00911976
-0.00806465
-0.0093048
-0.00721955
-0.00902563
-0.00890678
-0.00895617
-0.00893589
-0.00904952
-0.00902776
-0.00893143
-0.00918631
-0.00958745
-0.00912546
-0.00980035
-0.00970483
-0.00883888
-0.00908173
-0.00876533
-0.00919396
-0.00903086
-0.00913501
-0.00873624
-0.00848616
-0.00951676
-0.00902386
-0.00976853
-0.0091645
-0.00938438
-0.0100592
-0.00916615
-0.00765808
-0.00918146
-0.00871345
-0.00856391
-0.00834919
-0.00863782
-0.00890869
-0.00853467
-0.00787433
-0.00789782
-0.00882304
-0.00772995
-0.00849989
-0.0083826
-0.00878654
-0.00788804
-0.00800276
-0.00870875
-0.00850481
-0.0086988
-0.0077542
-0.00865948
-0.00852013
-0.00888365
-0.00787114
-0.0088335
-0.00916214
-0.00916093
-0.00910062
-0.00988291
-0.00953576
-0.00660969
-0.00870893
-0.00576853
-0.00324811
-0.0128176
-0.00971077
-0.00854998
-0.00971906
-0.00481056
-0.0123613
-0.00972636
-0.00964147
-0.00780487
-0.00942583
-0.00913607
-0.0112264
-0.00668093
-0.00862079
-0.0108391
-0.00896917
-0.00867384
-0.00859838
-0.00882039
-0.00870772
-0.00840318
-0.00855056
-0.00805533
-0.00854325
-0.00803251
-0.00832864
-0.0077003
-0.00820215
-0.00820108
-0.00795158
-0.0117271
-0.00552754
-0.0118512
0.00174586
-0.00142124
-0.0109092
-0.0116818
-0.00825569
-0.00984989
-0.00135389
-0.00580567
-0.00597238
-0.00676898
-0.00846292
-0.00768767
-0.00491568
-0.00624209
-0.00547478
0.000535257
-0.00831166
-0.0056876
-0.00858704
-0.00666275
-0.0123483
-0.00406541
-0.00664988
-0.00976895
-0.00906651
-0.00465662
-0.00500953
0.00137945
-0.00941237
-0.00700364
-0.00484583
-0.00785533
0.00472431
-0.0076117
0.00745543
-0.00533022
0.00448399
-0.00582468
-0.00679056
-0.00596773
-0.00649263
-0.00597105
-0.00635067
-0.0062176
-0.00575075
-0.00532957
-0.00521738
-0.00571635
-0.00552892
-0.00532847
-0.00557384
-0.00672786
-0.00762627
0.00674089
-0.00544522
-0.00796031
-0.00649045
-0.00266087
-0.0066121
-0.00360433
0.0008581
-0.00292175
-0.00587888
-0.00778976
-0.00282522
-0.00664714
-0.00353556
-0.00479668
-0.00628641
-0.00715581
-0.00146007
-0.00646858
-0.0042621
-0.00341571
0.00102981
-0.00270699
0.000285727
-0.00518591
-0.00184837
-0.00832036
-0.00658213
-0.00490008
-0.00425903
-0.00152621
-0.00366381
-0.00372871
-0.00286913
-0.00448985
-0.00526617
-0.00420527
-0.00208797
0.00216509
0.00798055
0.00925167
-0.00415807
-0.00407212
-0.00358678
-0.00771585
-0.0024249
-0.00297899
-0.00482534
-0.0081284
-0.00246373
-0.00760621
0.00436354
-0.00290266
-0.00773208
0.00266538
-0.00514545
-0.00153598
-0.00403461
-0.00857608
-0.00381377
-0.00362721
-0.00588224
-0.00931962
-0.00385527
-0.00394485
-0.00535627
-0.00376116
-0.0096458
-0.00531971
0.00335119
-0.00324059
-0.000373941
0.00911904
0.00868409
0.00919981
-0.00774546
-0.00410561
-0.00376224
-0.0082107
-0.00563461
-0.00513954
-0.00270932
-0.00348866
-0.0009418
-0.00413095
-0.00422164
-0.00279962
-0.00402538
-0.00442316
0.0086993
-0.00292383
-0.00257389
-0.00419124
0.00523128
-0.00395314
-0.00690669
-0.00692377
-0.00114433
-0.00266293
-0.00394407
-0.00502556
-0.00367952
0.00591109
-0.00391938
-0.00698178
-0.00358809
0.00440497
-0.00270905
-0.00582946
-0.00597683
-0.00679926
-0.00598115
-0.00648334
-0.00636177
-0.00622012
-0.00576073
-0.00522362
-0.00532098
-0.00554656
-0.00571732
-0.00532374
-0.00557791
-0.00563404
-0.00704573
-0.00598456
-0.00609987
-0.0057633
-0.00620009
-0.00554867
-0.00532055
-0.000284007
0.00607361
-0.00871431
-0.00908662
-0.00595352
0.00444417
-0.00733821
-0.000659824
-0.00793076
-0.00691521
0.00100511
-0.00615106
-0.00554897
-0.00682722
-0.00271012
-0.00618731
-0.0036587
-0.00141216
0.00576375
0.00359654
-0.00634078
-0.00548001
-0.00529805
-0.00295589
-0.00721219
-0.00628643
-0.0101397
-0.00151946
-0.0113415
-0.00966918
-0.00110236
-0.00138677
-0.00589348
0.000528339
-0.00857773
-0.00894299
-0.00859424
-0.0086619
-0.00867707
-0.00877647
-0.00840173
-0.0085231
-0.00808424
-0.0080414
-0.00853725
-0.00771985
-0.00828649
-0.00814658
-0.00815037
-0.00599527
-0.0102226
-0.0105647
0.000261187
-0.000396955
-0.0110469
-0.00605576
-0.0130742
-0.0124802
-0.00894334
-0.00193992
-0.00223241
-0.00389701
-0.0124825
-0.00535663
-0.00918653
-0.0090603
-0.00903962
-0.00956617
-0.00898748
-0.00860117
-0.00976815
-0.00951014
-0.01064
-0.0097588
-0.00605959
-0.00954854
-0.00935588
-0.00933465
-0.00976721
-0.0102321
-0.00918859
-0.00975268
-0.00914561
-0.00957712
-0.00956509
-0.0100086
-0.00820747
-0.00927031
-0.00880196
-0.00914498
-0.00898578
-0.00888366
-0.00831422
-0.0089165
-0.00830567
-0.00904949
-0.00873197
-0.00731892
-0.00815673
-0.00436643
-0.0103394
-0.007229
-0.00831607
-0.0106745
-0.0107098
-0.00734214
-0.00488742
-0.00711848
-0.00744323
-0.00771869
-0.00727961
-0.00976158
-0.00786822
-0.00850559
-0.00568595
-0.00440624
-0.00753217
-0.0100287
-0.00912085
-0.00848909
-0.00862499
-0.00484404
-0.00549804
-0.00263465
-0.00647435
-0.0109894
-0.00606423
-0.00283886
-0.00556422
-0.00774149
-0.00655682
-0.00713321
-0.00698674
-0.00669292
-0.0083778
-0.00856382
-0.00797654
-0.00975107
-0.00804081
-0.0074237
-0.00876076
-0.00762386
-0.0102654
-0.00656486
-0.00697051
-0.00685127
-0.00525655
-0.00777765
-0.00463709
-0.00563845
-0.0058489
-0.00616385
-0.00561421
-0.00534388
-0.00720316
-0.00819188
-0.00788511
-0.00778641
-0.00760911
-0.00747385
-0.00642087
-0.00802115
-0.00793986
-0.0068198
-0.00687988
-0.00772123
-0.00810374
-0.00749387
-0.00558637
-0.00219155
-0.00115851
-0.00600739
-0.00719281
-0.00783103
-0.00305252
-0.000257037
-0.00662383
-0.00678484
-0.00635817
-0.00776242
-0.00741441
-0.00776165
-0.00769052
-0.00779034
-0.00776185
-0.00757563
-0.00789545
-0.00773749
-0.00777657
-0.00765826
-0.00721528
-0.00740219
-0.00733375
-0.00742763
-0.00771985
-0.00732149
-0.00719106
-0.00686605
-0.00665741
-0.0069631
-0.00676299
-0.00654272
-0.00663622
-0.00665733
-0.00704283
-0.00683585
-0.00692565
-0.0069553
-0.00672085
-0.0067709
-0.00702702
-0.00591758
-0.00563174
-0.00544197
-0.00650422
-0.00686737
-0.00636598
-0.00663238
-0.00632406
-0.00659745
-0.00629177
-0.00651355
-0.00639578
-0.00639178
-0.00615189
-0.00399076
-0.00453351
-0.00307335
-0.00606305
0.00543174
-0.00634097
-0.0058675
-0.00489679
-0.00879701
-0.00669896
-0.00735666
0.00454401
-0.0054774
-0.00635735
-0.00696092
-0.00383739
-0.00629092
-0.00618216
-0.00648351
-0.00458986
-0.00230227
-0.00331645
-0.00515627
-0.00659872
-0.000323791
-0.00610092
0.00035284
-0.00553316
-0.00604694
-0.00857135
-0.00600379
-0.0079648
-0.00679674
-0.00517643
-0.00533615
-0.00607504
-0.00697397
-0.00208967
0.00117173
-0.00223659
-0.000652562
0.000583742
-0.00173685
0.000509057
-0.00143779
-0.000199254
0.00686728
0.000557948
0.00823166
0.000429657
-0.00368688
-0.0044525
0.000845652
-0.00408261
-0.00414073
-0.000688709
-0.0036009
0.000276698
-0.00477721
0.00646002
0.00542814
-0.00486419
-0.00437394
-0.0038641
-0.00434401
0.00476748
-0.00377738
-0.00249041
0.00273629
-0.00414825
0.00664279
-0.00384467
-0.00394782
-0.00486329
-0.0028053
0.0093867
0.00984083
-0.00430835
0.00680038
-0.00370974
-0.005395
-0.00398838
0.0103651
-0.00411188
-0.00399782
-0.00541351
-0.00416625
-0.00504921
-0.00423597
0.00966755
-0.00402548
-0.00395896
-0.00408636
-0.00475742
0.0105513
-0.00378634
0.0107641
-0.00372933
0.00288684
0.00889407
0.000917283
-0.00334336
0.00660393
-0.00541224
-0.00160915
-0.00465919
-0.00460387
-0.00466411
0.000181168
-0.000224393
-0.00430685
-0.00547236
0.00209067
0.00741165
-0.00462724
0.00287722
0.000215498
-0.00443883
-0.00647097
0.00189522
0.000116341
-0.00509284
0.00324838
-0.00630947
-0.00822389
-0.00856094
-0.00772291
-0.00205673
-0.00187424
-0.00133705
-0.0013997
-0.00677239
-0.00101144
-0.000425763
-0.0065752
-0.00548993
-0.00758593
-0.00770894
-0.00558901
-0.00778539
-0.00670677
-0.00622892
-0.00551482
-0.00689387
-0.00594595
-0.00849572
-0.00683501
-0.0062469
-0.00639909
-0.00746609
-0.00788822
-0.00743457
-0.00737876
-0.00782896
-0.00755851
-0.00763473
-0.00720073
-0.00732788
-0.00737893
-0.00740661
-0.00770118
-0.00729699
-0.00718951
-0.00660488
-0.00634551
-0.00675965
-0.00737123
-0.00778524
-0.0077368
-0.00767916
-0.00777018
-0.00756802
-0.00773139
-0.00790889
-0.00772204
-0.00775972
-0.00764159
-0.00668169
-0.006905
-0.00699525
-0.00656274
-0.00677782
-0.00664744
-0.00667446
-0.00634409
-0.00630114
-0.00662082
-0.00653654
-0.00640555
-0.0064073
-0.00616454
-0.00703718
-0.00691971
-0.00681299
-0.00696746
-0.00671232
-0.00678692
-0.00703066
-0.00595588
-0.00546151
-0.0056233
-0.00689278
-0.00653573
-0.0063562
-0.00665979
-0.00902745
-0.00807864
-0.00663769
-0.00184043
-0.00741242
-0.0116833
-0.00594074
-0.0090367
-0.00660743
-0.00665677
-0.0084635
-0.0123136
-0.00678779
-0.00717382
-0.00703715
-0.00778016
-0.00295391
-0.00779483
-0.00481777
-0.00687763
-0.00488055
-0.00123363
-0.00499183
-0.00922879
-0.00879202
-0.00712997
-0.00438447
-0.00539376
-0.00890721
-0.00757213
-0.00890384
-0.00737636
-0.00724309
-0.00776506
-0.00682
-0.0071087
-0.00618117
-0.0106956
-0.00758202
-0.00750564
-0.0105441
-0.00539115
-0.00914519
-0.00682655
-0.00960243
-0.00933173
-0.00761484
-0.00690268
-0.00851097
-0.0103197
-0.00634937
-0.0110724
-0.00667397
-0.00818622
-0.00880583
-0.00893741
-0.010403
-0.0109907
-0.0088053
-0.0105383
-0.00829235
-0.00895471
-0.00866465
-0.0080199
-0.008298
-0.00671621
-0.0108882
-0.00829715
-0.00783827
-0.00960896
-0.00713746
-0.00826788
-0.00892228
-0.00804628
-0.00733044
-0.00893853
-0.0084616
-0.00731107
-0.00840752
-0.00748079
-0.00879785
-0.00887627
-0.00915361
-0.00832911
-0.00756912
-0.00808955
-0.00710649
-0.00799405
-0.00709671
-0.00822401
-0.00880568
-0.00910294
-0.00908333
-0.00966861
-0.0088709
-0.00875504
-0.00510103
-0.00867624
-0.00798269
-0.00956814
-0.00786476
-0.00843121
-0.0088756
-0.00893112
-0.00834526
-0.00857129
-0.00433872
-0.00520857
-0.00963736
-0.00964014
-0.00917911
-0.00606041
-0.00929555
-0.00442511
-0.00946967
-0.0098729
-0.0132475
-0.0122741
-0.00900914
-0.00497477
-0.00572744
-0.00448803
-0.00884805
-0.00808054
-0.00540089
-0.00773615
-0.000652473
-0.00699214
-0.00453159
-0.00884997
-0.00828972
-0.00840172
-0.00837245
-0.0077302
-0.0085748
-0.000137655
-0.00254637
-0.00577866
-0.0096971
-0.00589379
-0.0088211
-0.00825469
-0.00888132
-0.00114061
-0.00657835
-0.00897621
-0.00247491
-0.00566393
-0.00528497
-0.00705755
-0.00546572
-0.00755234
-0.00527868
-0.00926028
-0.00539279
-0.0111109
-0.00145471
-0.0086333
-0.0010791
-0.00902783
-0.00407657
-0.0106207
-0.00148163
-0.00504092
-0.00437362
-0.00343164
-0.00656562
-0.0046676
-0.00431531
-0.00639773
-0.00443641
-0.00382948
-0.00412368
-0.00708816
-0.0075411
-0.00750505
-0.00663425
-0.00624842
-0.00610148
-0.00851681
-0.00627787
-0.000832022
-0.00366401
-0.00504061
-0.00617792
-0.00889748
-0.00654599
-0.0063106
-0.00668352
-0.00168654
-0.00692234
-0.00524927
-0.00503285
-0.00436462
-0.00526556
-0.00561367
-0.00883371
-0.00679081
-0.00121471
-0.00732691
-0.00176354
-0.000939592
0.00104933
-0.00656995
-0.00679053
-0.00592731
-0.00657347
-0.00657313
-0.00634716
-0.00639617
-0.00611125
-0.00516387
-0.00527663
-0.00605971
-0.00570958
-0.00563122
-0.00591662
-0.000384296
-0.00125869
-0.00230163
-0.00316962
-0.00244125
-0.00424547
-0.000803373
-0.00197814
-0.00412321
-0.000923182
-0.000527044
-0.00424256
-0.00404918
-0.00113138
-0.00234678
-0.00556904
-0.00518648
0.000241505
-0.00429656
-0.00402088
-0.00179756
-0.0056174
-0.00408286
-0.00553136
-0.00427099
-0.00022502
-0.00549447
0.00516623
-0.00172975
0.00417233
-0.00164003
-0.00434831
-0.00764229
-0.00549691
-0.00629577
0.00173483
-0.00601504
-0.00447509
-0.00254823
-0.00494411
-0.00491507
-0.00905455
-0.00262211
-0.00719492
-0.00273686
-0.00400885
-0.000954299
-0.00132699
-0.00431332
0.000413278
-0.00341332
-0.00379233
-0.00497571
-0.0022494
-0.00341645
-0.000690327
-0.00471552
-0.00060985
-0.00474911
0.000433125
-0.000137807
0.00584361
-0.00406058
-0.00655394
0.00307758
-0.00110145
-0.00120429
-0.00508327
-0.000864024
-0.00511109
-0.00199862
-0.00600418
-0.00476442
-0.000659278
0.0039394
-0.00174065
0.00307776
-0.00587497
-0.000647424
-0.000116072
-0.00106457
-0.00658688
-0.00594215
-0.00680779
-0.00654992
-0.00658444
-0.00633006
-0.00640349
-0.00611762
-0.00528763
-0.00519334
-0.00570961
-0.00605231
-0.00564095
-0.00591426
-0.00394837
0.000886924
0.000626564
-0.000600405
-0.00352806
-0.000608522
-0.00409632
-0.00327033
-0.00393674
-0.00535209
-0.000693729
-0.000857573
-0.00828682
-0.00684439
-0.00301214
-0.00524579
-0.0068716
-0.0051867
-0.006639
-0.00729243
-0.00704773
-0.00729506
-0.00318081
-0.00682458
-0.00486578
-0.00562404
-0.00361269
-0.00488507
-0.00370353
-0.0063839
-0.00459671
-0.000753178
-0.00268004
-0.00473153
-0.00277027
-0.00103315
-0.00491038
-0.00134937
-0.00135683
-0.00239262
-0.0114705
0.00205762
0.0013148
-0.00832145
0.000399386
-0.0061005
-0.00617494
0.00207041
-0.00718819
0.00324834
-0.00442436
-0.00539493
-0.0128727
0.00132317
-0.00790011
-0.0116526
-0.00956397
-0.00567696
-0.0111823
-0.0133439
0.00303272
-0.00744856
-0.0123642
-0.00984434
-0.00541689
-0.0112706
-0.00815388
-0.00270189
-0.00577349
-0.00560217
-0.00717457
-0.00673207
-0.0064292
-0.0102219
-0.000923281
-0.000473555
-0.00399962
-0.00929327
-0.00912641
-0.00780805
-0.00494047
-0.00459958
-0.00728046
-0.00804313
-0.00810168
-0.00418936
-0.0013717
-0.00110568
-0.00430864
-0.00332849
0.00179925
-0.00784851
0.00208887
-0.0054398
-0.00651544
-0.00231948
0.00304523
-0.0044694
-0.00299303
-0.00785931
-0.0106904
-0.00504994
-0.00350359
-0.00416144
-0.00211636
-0.00712553
-0.00704623
-0.00549132
-0.0070922
-0.00344132
-0.00479441
-0.00599641
-0.0025447
-0.0053955
-0.00899653
-0.0102317
0.0032526
-0.00647918
0.00221831
-0.010125
0.00140332
-0.00148708
-0.00748587
-0.00239926
-0.00163567
-0.00657764
-0.00388128
-0.00377192
-0.00735095
-0.00668595
-0.00439822
-0.00663764
-0.00132081
-0.00625324
-0.00325072
-0.00528896
-0.00623952
-0.00270103
-0.00584545
-1.82304e-05
-0.0061632
-0.00371384
-0.00288175
-0.00435009
-0.00237087
-0.000827655
0.000154976
-0.00684461
-0.0069493
-0.0036167
-0.00778949
-0.00599172
-0.00644606
-0.00552573
-0.00740361
-0.00846569
-0.00806066
-0.00441032
-0.00822823
-0.00693466
-0.00529465
-0.00574132
-0.00811739
-0.00605556
-0.00566502
-0.00623999
-0.00550729
-0.00674813
-0.00360605
-0.00410134
-0.00515213
-0.00296154
-0.00824826
-0.00436755
-0.00199069
-0.00609783
-0.00918293
0.00586394
-0.00513092
-0.00342902
-0.00396725
-0.00586623
-0.00324693
-0.0044397
-0.00450864
-0.00440456
0.00111338
-0.00498041
-0.00829794
-0.00412126
-0.003725
-0.00336411
-0.00484363
-0.00548776
-0.00441171
-0.00421773
-0.00484841
-0.0048179
0.000545645
0.00117277
-0.00501171
0.000555177
-0.000146332
-0.00133756
0.00289254
-0.00353365
-0.00277592
-0.00348881
0.00207853
-0.00130036
-0.00622517
0.00381384
-0.00197173
-0.00585539
-0.00583087
-0.00443509
-0.0016361
0.00843244
-0.00476523
-0.00387339
-0.00634592
-0.00713273
-0.00670789
-0.00488474
0.00336182
-0.00455914
-0.00615389
-0.00756174
-0.00309679
0.00426102
-0.00436335
-0.000799697
-0.00556647
-0.00696193
-0.00240827
-0.00425671
-0.00296957
-0.00778491
-0.00777763
-0.00307219
0.000351994
-0.00220054
-0.0011563
-0.000128786
-0.00630266
-0.00665974
-0.00509583
-0.00288538
-0.00741878
-0.00569136
-0.000635979
0.00580577
-0.00780442
0.00427783
-0.00510314
-0.000617714
-0.0055607
-0.00331924
0.00635127
-0.00259908
-0.00261436
-0.00480939
0.00622649
-0.00236577
-0.00294949
0.00616185
-0.00103628
-0.00434593
-0.00195329
-0.000962539
-0.00458087
0.00217291
-0.00158093
0.00460085
0.0051341
-0.00596125
-0.00580796
-0.00534816
-0.0064839
-0.00561028
-0.00601958
-0.00592127
-0.00736179
0.00297727
0.00511263
-0.00724701
-0.00166871
-0.00653021
0.00310138
-0.00632146
-0.00154666
-0.00609559
0.00326196
-0.00818639
0.00307662
-0.00800294
0.0034217
-0.00111444
0.00219582
-0.00536923
-0.00643136
-0.00474016
-0.00131759
0.00464906
0.00235493
-0.00346375
0.00134105
-0.00747207
-0.00679826
-0.00280199
-0.00713609
-0.00625093
-0.00786905
-0.000344203
-0.00581603
-0.0053196
0.00770481
0.00109515
-0.00511889
-0.00172935
-0.00329802
-0.00649706
-0.00836458
-0.00687105
-0.00312667
-0.00637265
-0.00747765
0.000918716
-0.002723
-0.00360168
0.0065189
0.00109635
0.000551014
-0.00555231
-0.00322254
-0.00821861
-0.00736028
-0.00530242
-0.00583191
-0.00565351
-0.00272264
-0.00654163
-0.00616571
-0.000832014
-0.00515695
-0.0076976
0.00567732
-0.00795536
-0.0039598
-0.00572783
-0.00539783
-0.00597705
-0.00157178
-0.00477597
0.00370115
-0.00780312
-0.00150644
-0.00323783
-0.000482567
-0.00394691
-0.00651662
-0.00254507
0.00246951
0.00389611
-6.26377e-05
-0.00432916
-0.00479037
-0.00189423
-0.00187846
-0.00342459
-0.00442078
-0.00198323
-0.00357987
-0.0016362
-0.00534129
-0.0101049
-0.00588628
-0.00680635
-0.00596418
-0.0087238
-0.00746023
-0.00809435
-0.0043951
-0.0017706
-0.0081635
0.00602637
-0.00441632
-0.00875757
-0.00552547
-0.00849805
-0.00744576
-0.00747832
-0.00778724
-0.00839225
-0.00411776
-0.00805579
0.00399269
-0.00672615
-0.00953683
-0.00823369
-0.00729836
-0.00688892
0.00384223
-0.00626435
-0.00473132
-0.00503866
-0.00594834
-0.00161429
-0.00522008
-0.00623277
-0.00391626
-0.000576702
-0.00640498
-0.00543135
-0.000316179
-0.00574393
-0.000495504
-0.00720594
-0.00455218
-0.00737503
-0.00599317
-0.000757802
-0.00480309
-0.0019006
-0.00486316
-0.00166564
-0.00573434
-0.00582709
-0.00733984
-0.00382524
-0.00524413
-0.00890292
-0.00494011
-0.0031795
-0.00549218
-0.00558486
-0.0067604
-0.00440107
-0.00664469
0.00408278
0.00532664
-0.00618624
-0.00251833
-0.00763653
-0.00691656
-0.00488303
-0.00421648
-0.00950968
0.00426897
0.00548324
-0.00634609
0.00195834
-0.0113851
0.000657864
-0.00513768
-0.00519603
-0.00516027
0.000754453
-0.00167244
-0.00644679
-0.00597005
-0.00210553
0.00479779
-0.00648071
-0.0081443
-0.00301011
-0.00385108
-0.00655072
-0.00769037
-0.00657788
0.00318339
-0.00737961
-0.00506311
-0.00569718
-0.00541351
-0.00402714
-0.00707141
-0.00469551
-0.00896849
-0.00499813
0.00524993
-0.00657623
-0.00690791
-0.00425265
-0.00478975
0.00453731
-0.00926813
-0.00698387
0.00209837
-0.00587809
0.0043942
-0.00926757
-0.00578974
-0.005126
-0.00503368
-0.00938872
-0.00812869
-0.00615821
-0.00342142
-0.00376274
-0.0043967
-0.00299141
-0.00806442
-0.00639497
-0.0080468
-0.00580493
-0.0042052
-0.0080191
-0.00641178
-0.00295766
-0.00574328
-0.00938113
0.0028783
-0.00700159
-0.0105354
-0.00294881
0.00458465
-0.0023515
-0.00776128
-0.00363782
-0.00534006
-0.00368406
-0.00955443
-0.00990618
-0.00518466
-0.00306513
-0.00706547
-0.00379426
-0.0080261
-0.00627567
-0.0060264
0.00539967
-0.00447924
-0.00438081
-0.000494157
-0.00952663
0.00570633
-0.0094703
-0.00589122
-0.0082187
-0.00545943
-0.00615199
-0.00756746
-0.00702901
-0.00773419
-0.00595909
-0.00515341
-0.00533694
-0.00211452
-0.00624238
-0.00621768
-0.00741513
-0.00157042
-0.005185
-0.00149213
-0.00619515
-0.00767527
-0.00570031
-0.00295319
-0.00276573
-0.00580821
-0.00627868
-0.000849754
-0.00509766
-0.00738573
-0.00141669
-0.00631381
-0.00779821
-0.00460961
-0.00548235
-0.00368356
-0.00728144
-0.0064526
-0.00720066
-0.00665769
-0.00501328
-0.00592874
0.00394219
-0.00945218
-0.00817461
-0.00660731
-0.00618625
-0.00586522
-0.00405225
0.00203611
-0.00728799
0.00185356
-0.00636928
-0.0054981
0.00335956
-0.00226428
-0.00420601
-0.0030912
-0.00759174
-0.00461372
-0.0106264
-0.00570624
0.00491829
-0.0026967
-0.00381073
-0.00633355
-0.00666652
-0.00145885
-0.00511318
-0.00598636
-0.00247946
-0.00657039
-0.00666539
-0.00319895
-0.00602226
-0.00476338
-0.00670137
-0.00275511
-0.00552052
-0.00735317
-0.00412045
-0.0067419
-0.0071867
-0.00150817
-0.00525535
-0.0101812
-0.00206098
-0.00901124
0.00555111
-0.00915934
-0.00513983
-0.00620889
-0.00707499
-0.00890766
-0.00612996
-0.00449182
-0.00850295
-0.00768707
0.00380234
-0.00655988
-0.00815199
0.00390282
-0.00956091
-0.0068707
-0.00702258
-0.00744183
-0.00830663
-0.00548799
-0.00857967
-0.00717045
-0.00761022
-0.00401497
-0.00839259
-0.00771252
-0.00783367
0.00472424
-0.00767333
-0.005743
-0.000570561
0.00560912
-0.00880786
-0.00896531
-0.00559466
0.00429878
-0.0068815
-0.000883663
-0.00633259
-0.00742929
0.000550915
-0.00707979
-0.00675123
-0.0071985
-0.00425912
-0.00364317
-0.00639639
-0.00231791
0.00539726
0.00375118
-0.00635295
-0.00576936
-0.00298005
-0.005172
-0.00328776
-0.00144445
-0.00432303
-0.00394365
-0.00236846
-0.00122483
-0.00165737
-0.00316094
-0.00510784
-0.00536673
-0.00519129
0.000236167
0.000455655
-0.00589283
-0.00540457
-0.00024139
0.00288828
-0.00139535
0.00189536
0.00340462
-0.0087696
-0.0034817
-0.00218482
-0.00842661
-0.00429547
-0.00590825
-0.00632236
-0.005605
-0.001773
-0.00663106
-0.00294702
-0.00641387
-0.000515445
-0.00590862
0.00576188
-0.00789106
-0.00505949
0.00408658
0.000324136
-0.00118137
-0.00700318
-0.00357159
0.00155919
-0.00308201
0.00832036
-0.00523424
0.00478152
0.0046018
0.00436029
0.00430062
-0.00248588
-0.00206529
-0.00419052
0.00571963
-0.00426061
-0.00660744
-0.00655746
-0.00363663
-0.000673101
-0.00240451
-0.00508878
-0.0040272
-0.00413257
0.00603358
-0.00694182
-0.00364306
-0.00298891
0.00442527
-0.0048014
0.00653601
0.00210493
-0.00667613
-0.00375725
-0.0042486
-0.00514458
-0.00649631
-0.00478292
-0.00630745
-0.00547392
-0.00588202
-0.00699751
-0.00478124
-0.00617691
-0.0049468
-0.00621904
-0.00506529
-0.00475763
-0.00660292
0.00244044
0.00189251
-0.00339617
-0.000977786
0.00282008
-0.00403303
-0.00393123
-0.00556483
-0.00311716
-0.00430267
-0.00261875
-0.00867612
-0.0041711
-0.00662451
-0.0101225
0.00505963
-0.00560844
-0.00405851
-0.00650758
-0.00457559
-0.00362562
-0.0043309
-0.00455734
0.000547889
-0.00434724
-0.00524339
-0.00865953
-0.00404444
-0.00438417
-0.00624633
-0.00515658
-0.00422461
-0.00605728
-0.00201069
-0.00461525
-0.00690738
-0.00443653
-0.00238449
-0.00508705
-0.00788981
-0.00154685
0.00383112
-0.00772896
-0.00479623
-0.00438428
-0.006545
-0.00343129
-0.00337131
-0.00750237
0.00169179
-0.00371555
-0.00437406
-0.0026478
-0.00385231
-0.00616089
-0.00483999
-0.00452549
-0.00321629
-0.00516057
-0.00686514
-0.00769503
-0.00348212
-0.00498697
-0.00552414
-0.00537143
0.00790722
-0.0002398
-0.00449827
-0.00535705
0.000668197
-0.00273709
-0.0011371
-0.00469605
-0.00464523
-0.00461458
-0.000303871
-0.00316655
-0.0043015
-0.00808516
-0.00421569
-0.0060322
-0.00269043
-0.00520098
-0.00889048
-0.00138237
-0.00382669
-0.00486515
-0.00459601
0.00230257
-0.00361459
-0.00399851
0.00482404
-0.000636066
0.0109941
-0.00282425
-0.00354851
-0.00373146
-0.0022024
-0.0034292
-0.00190654
-0.00247332
-0.00168089
-0.00925987
0.00891867
-0.00725203
-0.00256456
-0.000340357
-0.00492811
-0.00291262
-0.00387201
-0.00402893
-0.00297677
-0.0097768
-0.00266202
-0.00245687
-0.00249299
-0.00145197
-0.0058113
-0.00436338
-0.00088851
-0.00410266
-0.00517706
-0.00379185
-0.00141884
0.00242745
-0.00115863
-0.00261253
0.000710507
-0.00876238
-0.00683871
-0.00539911
-0.00450581
-0.00523728
-0.00690323
-0.00658822
0.00867417
-0.00888674
-0.00620606
-0.00280053
-0.00544276
-0.00239362
-0.00571351
-0.00537377
-0.00443649
-0.00424845
-0.006985
-0.00377493
-0.00895849
-0.00457789
-0.00491367
-0.00416905
-0.00410705
-0.00599311
-0.00289798
-0.00857621
-0.0056307
-0.00378619
-0.00442314
-0.0060805
-0.00414347
-0.00659427
-0.00636951
-0.00421372
-0.00646496
-0.0059638
-0.00835219
-0.00612288
-0.00631869
-0.00631568
-0.00721539
-0.00591991
0.00700849
-0.00706113
-0.0071501
-0.00329845
-0.00591256
-0.00331627
0.00477357
-0.0106071
-0.00187493
-0.000985724
-0.00249501
-0.00169059
-0.00677226
-0.00458388
-0.00743085
-0.00813791
-0.00602472
-0.0012836
-0.00738533
0.00911068
-0.000162863
-0.00749099
-0.00211391
-0.00354263
0.00953289
-0.00542723
-0.00678078
-0.00541663
-0.00512686
-0.00660328
-0.00623505
-0.00533661
-0.00128053
-0.00415989
-0.00643632
-0.00227991
-0.00551348
-0.00264075
-0.00472887
-0.00583113
-0.00799973
-0.00765378
-0.00634607
-0.00599463
-0.00701625
-0.00364252
-0.00645042
-0.00612603
-0.00282975
-0.00763628
-0.00781671
-0.00872176
-0.00552015
-0.00697596
-0.00849248
-0.00113458
0.00886143
-0.00449623
-0.00155559
-0.00606635
-0.00823742
-0.00755562
-0.00207665
-0.00755347
-0.000624025
-0.00362175
-0.000606199
-0.00688535
0.00801334
-0.005676
-0.00166584
-0.00219546
-0.00816155
-0.00842169
-0.00737076
-0.00731957
-0.0080551
-0.00392908
-0.00657573
-0.00674241
-0.00593039
-0.00769007
-0.00674873
-0.00688119
-0.00716184
-0.0079784
-0.00843142
-0.00438565
-0.00896013
-0.00702655
-0.00660763
-0.0077596
-0.00748611
-0.00902173
-0.00440155
-0.00791143
-0.00766798
-0.0057731
-0.00732858
-0.0023964
-0.00279656
-0.00162726
0.00055165
-0.00160264
-0.00617825
-0.00585796
-0.00118889
-0.00179306
-0.00454801
-0.00111523
-0.0047092
0.000315654
-0.000634484
0.00389631
-0.00346791
0.00102224
0.000791752
0.000481503
-0.00619142
0.000536064
-0.00674425
0.0064609
-0.0080473
-0.00608469
-0.00823452
-0.00331827
-0.00653206
-0.00631837
-0.00407535
-0.00278116
0.00041581
-0.00284492
-0.00789695
-0.00589525
-0.00447574
-0.00433007
-0.00254805
0.00055798
-0.000259681
-0.00619735
-0.00391198
-0.00532842
-0.00676248
-0.0016153
-0.00745227
-0.00649232
-0.000717704
-0.00165577
-0.000847177
-0.00708031
-0.00603018
-0.00322566
-0.00338262
-0.0058252
-0.00434832
-0.00621373
-0.00557834
-0.000610028
-0.00635142
-0.00289656
-0.00581692
-0.00299572
-0.00648834
-0.00579291
-0.00621787
8.52492e-05
-0.00304945
-0.00250527
-0.00388873
-0.00187049
-0.000966687
0.000320093
-0.00635192
-0.00747281
-0.00696219
-0.00666313
-0.006444
-0.00652552
-0.00666294
-0.00657401
-0.00651406
-0.00271367
-0.00641408
-5.24319e-05
-0.00709008
-0.0060428
-0.00558078
-0.00642949
0.00101547
0.00758769
-0.00338848
-0.00188581
-0.00565444
-0.00224286
-0.00377594
0.000856349
0.0015136
0.00646215
-0.00601078
-0.00823935
-0.0027661
-0.0067616
0.000955695
-0.00760303
-0.00593793
-0.00221534
0.000338088
-0.00219741
0.000507194
-0.000833812
-0.00184848
0.000207115
-0.00176137
0.00177312
0.0078528
-0.000150691
-0.00443303
0.00603468
-0.00599802
-0.00297215
-0.00438995
-0.00606925
-0.000178663
-0.00444624
-0.000552828
-0.00416931
-0.00549081
0.00226233
0.0031695
0.00688679
-0.00460294
-0.00091751
-0.00554841
-0.00630927
0.00196611
4.5359e-05
0.00332376
-0.00483261
0.00273932
-0.0028868
0.00210435
0.00113117
0.00658016
-0.00704218
-0.00277831
0.00282104
0.00297426
0.00705866
-0.000216734
-0.00110247
-0.00827982
-0.000474947
0.000794147
-0.00400562
0.00444814
-0.00383278
-0.0087961
-0.00416528
0.000536305
-0.00369387
-0.00159823
-0.00130051
-0.00577078
-0.00219999
-0.00683028
-0.00364476
-0.00739242
-0.00448506
-0.00171814
0.00441138
-0.00920581
0.00294474
-0.00139048
-0.00717859
0.00526517
-0.00408957
-0.00693183
-0.000911343
-0.00649977
-0.00642539
-0.00507228
-0.00758828
-0.00514738
-0.00340743
-0.00036981
-0.00239883
0.00561039
-0.00717477
-0.00458944
-0.0045101
-0.00509836
0.00523845
-0.00688601
0.0067943
-0.00277084
-0.0077349
-0.00497819
0.00480019
-0.00551511
-0.00572167
-0.0066097
0.00308178
-0.00661244
0.00532466
-0.000493453
-0.00864443
-0.00813611
0.00269601
0.0027744
-0.00841559
-0.000482101
-0.000647035
0.0010505
-0.00843365
-0.00776816
0.0037992
-0.0012199
-0.00746809
-0.00744895
0.00278196
0.00309787
-0.00752509
-0.00460851
-0.00610386
-0.00831367
-0.000833746
-0.000914035
-0.00362335
-0.00436431
0.00196325
0.00883342
0.00829221
-0.00368354
-0.00391488
-0.00449211
-0.00300044
-0.0055337
-0.00430455
-0.00168022
-0.00757688
-0.00266473
0.00326255
-0.00807543
0.00284051
-0.00306564
-0.0075073
-0.00402665
-0.0035387
-0.00748144
-0.00359006
-0.00180858
-0.00511258
-0.00252851
0.00580394
0.00383771
-0.000878604
-0.00658113
-0.00151423
-0.00250296
0.00141022
-0.00718507
-0.00701613
-0.00541121
0.00475079
-0.00565362
0.00494936
-0.00846363
-0.00746152
-0.000219223
0.00542751
-0.00718968
-0.00100115
-0.00533799
-0.00856434
-0.00132382
-0.00340201
-0.00321022
-0.00541054
-0.00341383
0.00273947
-0.00367022
0.00812396
-0.000112628
0.00806498
0.00841701
-0.0102766
-0.00406925
-0.0037432
-0.00536825
-0.00507906
-0.00414884
-0.0108058
0.00806805
-0.00838823
-0.00361927
-0.00850413
-0.00361014
-0.00255607
-0.00459636
-0.00613526
-0.00375952
-3.3549e-05
-0.00327832
-0.00404066
-0.00368987
-0.00380475
-0.00328196
-0.00221885
-0.00463809
-0.00481989
-0.00782019
-0.00245558
-0.00446133
-0.00641017
-0.00386428
-0.00754003
-0.00305038
-0.00305583
-0.00146634
-0.00338287
-0.00709978
-0.00724325
-0.00834161
-0.00148728
-0.00221968
-0.00260777
-0.00564977
-0.00798746
0.000392503
0.000632032
7.59909e-05
0.000311604
-0.00840606
-0.000524152
-0.00305252
-0.00631993
-0.00463833
-0.0022217
-0.00672314
-0.00168806
-0.00263016
-0.000311836
-0.00268021
0.0104036
-0.00698695
-0.00199099
0.0011185
-0.00146967
-6.36964e-05
-0.00198817
0.00973013
-0.00351589
-0.00955348
-0.00110755
0.00892547
-0.0091316
-0.00441065
-0.00344543
0.00160948
-0.00244702
0.00794049
-0.00834642
-0.00594628
-0.000853056
-0.000515009
-0.006245
-0.000168069
-0.00568113
-0.00634517
-0.00553065
0.000434197
0.00217832
-0.00349948
0.000480767
-0.00353011
-0.00567932
-0.00527517
-0.00679573
-0.000183561
0.000229854
0.00032096
-0.0056068
-0.00567555
-0.00334454
-0.00537672
-0.00450473
0.000201027
-0.00180339
0.000409092
0.00661611
-0.00409254
-0.00656106
-0.00565895
-0.00759138
-0.0072841
-0.00795718
-0.00778394
-0.00685622
-0.00553285
-0.000938819
-0.00456203
-0.00527673
-0.00666451
-0.00130089
-0.000799158
-0.00616557
-0.00606285
-0.00201385
-0.00616079
-0.00795451
-0.00425455
-0.000400741
-0.00797763
-0.00808176
-0.00336341
-0.00762827
-0.00712932
-0.00646852
0.001085
9.72196e-05
-0.00604465
-0.00149155
-0.00648083
-0.00187769
-0.00187781
-0.00575866
-0.00390936
-0.00792075
-0.00262412
0.00641841
-0.00597534
-0.00239741
-0.00597769
-0.0085525
-0.00437641
-0.00380423
-0.00160858
0.0026853
-0.00142124
-0.00684908
-0.00515197
-0.00246049
0.00333928
0.00119102
0.00953925
0.00128674
-0.00419002
0.00201114
-0.00314028
0.00364556
-0.00514583
-0.00557787
-0.00392701
0.00573444
-0.00747321
-0.00693914
0.00186663
0.00246855
-0.00697978
-0.00375944
0.00626643
-0.00565893
0.00113998
-0.00438209
-0.0050272
-0.00559746
-0.00617232
-0.00599876
-0.0067478
-0.00558322
-0.0060158
-0.0067438
-0.000225411
-0.00769007
-0.00678236
-0.00567663
-0.00606067
-0.00950549
-0.00538025
-0.00666592
-0.00871539
-0.00666665
0.00180939
-0.00713991
-0.00985754
0.00172612
-0.00717002
0.00189622
-0.0055539
0.00239493
-0.00747819
-0.00508172
-0.00171148
-0.00500378
0.0097757
0.0094993
0.00193615
-0.00483759
0.00819639
-0.00315501
-0.00558261
0.00458506
-0.00604938
0.00277797
-0.00557448
-0.00362053
-0.00600124
-0.00594876
-0.00160057
0.00810411
-0.00538133
-0.0061883
-0.00504375
-0.00667914
-0.00638008
0.00348297
-0.0051991
-0.0069118
-0.00612142
-0.00517223
-0.00622657
-0.00579361
-0.00685086
-0.00560122
-0.00603167
-0.0061561
-0.00602023
-0.00151023
0.00617989
-0.000425155
0.00725216
-0.000819294
-0.00455183
-0.000205212
-0.00574088
-0.00526761
-0.00452479
-0.00109147
-0.00374241
-0.00544281
-0.000718491
0.00588965
-0.00366194
0.00190113
0.00462312
-0.00534325
-0.00510491
-0.00422032
0.0044378
-0.00500573
-0.00463465
-0.00575118
0.00565537
-0.00432569
-0.00484677
-0.00588254
0.00846049
-0.00423333
0.000258341
0.00330291
-0.000644264
-0.00231098
-0.00273612
-0.00231658
0.00294346
-0.000468127
-0.0052827
0.00502146
-0.00518253
-0.000942567
0.00889518
-0.00527912
0.00599792
-0.00503166
-0.00614788
-0.00434161
0.00969737
-0.00484033
-0.00430889
-0.00481847
-0.00611126
-0.00593946
-0.00476476
0.00917942
-0.00413181
-0.00418134
-0.00465293
-0.00566784
0.0094587
-0.00563296
-0.00543372
0.00953857
0.000486901
-0.00240445
-0.00214362
-0.00100154
0.0062498
-0.00360228
0.00627686
-0.00274119
-0.000678433
-0.000940742
-0.000154407
0.00369195
-0.00327819
0.00631321
0.00517366
0.000114904
0.00560947
-0.00717593
-0.00458972
-0.00451043
-0.00688717
0.00523777
-0.00509853
-0.000368366
-0.0023981
0.00679105
-0.00277661
-0.0049797
-0.00773893
-0.00572406
-0.00551883
0.00479492
-0.00661039
0.00308234
0.00532212
-0.00660823
-0.000493508
-0.00864494
0.00269562
-0.00813747
-0.000482417
0.00277322
-0.0084165
-0.00744859
0.0027812
-0.00752563
0.00309726
-0.000649989
0.00104794
-0.00843622
-0.00777355
0.00379558
-0.0012204
-0.00747259
0.00298111
0.007054
0.00112821
0.006605
-0.00703138
0.0028463
-0.00281813
-0.000220826
-0.00828026
-0.00109188
0.000804404
-0.000472481
-0.00400672
0.00445048
-0.00382899
-0.0087958
-0.00416058
0.000551253
-0.0015885
-0.00370801
-0.00130947
-0.00581489
-0.00218723
-0.00678845
-0.00736243
-0.0036697
-0.00451371
-0.00921159
0.00294348
-0.00138764
-0.0071832
0.00526269
-0.0040913
-0.00693776
-0.00173038
0.00438208
-0.000905805
-0.0065012
-0.0050738
-0.00641554
-0.00514142
-0.00758035
-0.00341129
-0.00533656
-0.00856375
-0.00340132
-0.00132227
-0.00540968
-0.00320897
-0.00341243
0.00806556
0.00841773
0.00274063
-0.00366932
-0.000111971
0.00812517
-0.0102756
-0.00406878
-0.00536728
-0.00374216
-0.00414805
-0.0108054
-0.00507766
0.00806953
-0.00375903
-3.30361e-05
-0.00327831
-0.00403816
-0.00368927
-0.00328199
-0.00380304
-0.00838622
-0.00361781
-0.00850312
-0.0036099
-0.00613456
-0.00255432
-0.00459561
0.0051576
-0.00463527
-0.00454945
0.00555176
-0.0081315
0.00402281
0.00356945
-0.00128
0.00271973
-0.00213901
-0.00279766
-0.00666983
-0.00460772
-0.00610242
-0.000832262
-0.00830915
-0.00362215
-0.000911247
-0.00436253
0.00196548
0.00829495
0.00883572
-0.00368226
-0.00391099
-0.00299799
-0.00449126
-0.00167909
-0.00552911
-0.0043036
-0.00402535
-0.00353744
-0.00747876
-0.00358813
-0.00511052
-0.00252753
-0.00180588
-0.00757614
-0.00266075
0.00326586
-0.00807022
0.00284306
-0.00750512
-0.00306278
-0.00724644
-0.00834581
-0.00148829
-0.00222223
-0.00564867
-0.00260846
-0.00801314
-0.00220048
-0.00460684
-0.00779547
-0.00480801
-0.0063826
-0.00244828
-0.00443755
-0.00385906
-0.00754192
-0.00304079
-0.00305057
-0.0033755
-0.00146381
-0.00710524
-0.0055306
0.000435462
0.0021787
-0.00350023
-0.00353059
0.000481128
-0.00567952
-0.00594532
-0.000852485
-0.00051495
-0.00624379
-0.0063435
-0.00016806
-0.00568086
-0.00527468
-0.00679581
0.000230828
-0.000181942
-0.00567704
0.000322033
-0.00560479
0.00123453
-1.69598e-06
-0.000236098
-0.00332577
0.000379506
0.00125917
-0.000256041
0.000154969
-0.00611009
-0.00483111
-0.00307122
-0.00279542
-0.00806167
-0.00836293
-0.00269014
-0.000750666
-0.00291525
-0.00216692
-0.00262743
-0.00840524
-0.000523324
-0.00305212
-0.00631901
-0.00222116
-0.00672329
-0.00463769
0.000392256
0.000630303
7.58812e-05
0.000310674
-0.00168703
-0.00262986
-0.000310668
0.0104045
-0.00698497
-0.00267958
-0.00791995
-0.00262397
0.00641921
-0.00597497
-0.00597685
-0.00239715
-0.00855225
-0.00187628
-0.00187479
-0.00390742
-0.00575589
-0.00437499
-0.00380212
-0.00160696
-0.00684717
0.00268658
-0.00141932
-0.00313782
0.00073938
0.00212559
-0.00581004
-0.00483453
0.0104603
-0.00392705
-0.00215406
-0.00375601
-0.00181086
-0.00356223
-0.00509832
-0.00364431
0.000904373
-0.00621027
0.00433237
-0.000402355
-0.00179913
0.000413399
-0.00408905
0.00662158
-0.0033405
-0.00537431
-0.00450147
0.000204899
-0.00655684
-0.00565401
-0.00728066
-0.00758871
-0.00685333
-0.00795233
-0.00777922
-0.00552935
-0.000936318
-0.0052738
-0.00455897
0.00189617
-0.00555384
-0.0074775
0.00239613
-0.00508028
-0.00171112
0.00977503
-0.00500789
0.00949713
-0.0031577
-0.0055843
0.00458523
-0.00604867
0.00277877
-0.00361973
-0.00557648
0.00193638
-0.00483995
0.00819479
-0.000728717
0.00338718
-0.0072403
-0.00790572
0.00104932
-0.0043904
-0.00625434
-0.00270843
-0.000297351
-0.00466292
0.00132576
-0.00175971
-0.0072819
-0.00536015
-0.00165409
-0.00604879
-0.00646673
0.000268254
-0.00676606
-0.00774579
-0.00741518
-0.00526562
-0.00893491
-0.00681256
0.00493065
-0.00814365
0.000956947
-0.00574073
-0.00232021
-0.00524027
-0.00525995
-0.00515011
0.00334393
-0.00245546
0.00119118
0.00954481
0.00129566
-0.00418389
-0.00514339
-0.00557576
0.00201662
-0.00313069
0.00365554
-0.00622782
-0.00579676
-0.00685308
-0.00560499
-0.00603357
-0.00615774
-0.00602327
-0.00599697
-0.00593949
0.00811335
-0.00158813
-0.00617862
-0.00504454
-0.00537139
-0.00667655
-0.0063815
0.00348738
-0.0052026
-0.0069108
-0.00612145
-0.00517675
0.00888371
-0.00530572
-0.00504036
0.00598093
-0.00615462
-0.00434223
-0.00483925
0.00969007
-0.00482556
-0.0061118
-0.00431426
0.00944452
-0.0056309
0.00953516
-0.00544413
-0.00594546
-0.00477376
0.00917309
-0.00414051
-0.00465924
-0.00418681
-0.00567589
-0.00215984
-0.00100116
0.00625002
-0.00361098
-0.00273313
0.00626118
-0.000690447
0.000459166
-0.00241602
-0.000954055
-0.000177957
-0.00328706
0.00366887
0.00516178
0.00629039
0.000104803
-0.00152746
0.00614382
-0.000442089
0.00725721
-0.00080183
-0.00455571
-0.00573831
-0.000192138
-0.00526536
-0.00452006
-0.0010883
-0.00377119
0.00587265
-0.00070223
-0.00544716
0.00461418
-0.00535266
-0.00510554
-0.00422759
-0.00500664
0.00441513
-0.00464362
-0.00367087
0.00190553
-0.0057622
0.00562743
-0.00485475
-0.00435254
-0.00425265
0.00843529
-0.00589184
-0.00235806
0.00287746
0.000211408
0.00327209
-0.000686222
-0.00235902
-0.00277702
-0.000484386
0.00498701
-0.00531643
-0.00521709
-0.000992051
0.0028195
-0.00139684
0.00202284
0.00340133
-0.00875673
-0.00216884
-0.00345157
-0.00295421
-0.00646526
-0.000523209
-0.00591106
-0.00788717
0.00576079
-0.00502053
-0.00855853
-0.00427991
-0.00591306
-0.00650508
-0.00574082
-0.0017658
-0.00679388
0.00410258
0.000353876
-0.00125697
-0.00349511
-0.00722782
0.00135015
-0.00309554
-0.00509189
-0.00534766
-0.00518684
0.000229176
0.000488005
-0.00593392
-0.00551279
-0.000290003
-0.00206309
-0.00248284
-0.0041906
0.00572471
-0.00425658
-0.00655544
-0.00660196
-0.000668311
-0.00240222
-0.00363269
-0.00694192
-0.00363705
0.00443038
-0.00298691
-0.00508639
-0.00401932
0.00604118
-0.00413021
0.00832281
-0.00522997
0.00479513
-0.00605236
-0.00461489
-0.00200332
-0.00691568
-0.00443485
-0.00509427
-0.00236881
-0.00786427
-0.001534
-0.00771704
0.00384955
-0.0043669
-0.00652915
-0.00477819
-0.00435819
-0.00264208
-0.00384614
-0.00616333
-0.00483157
-0.00321121
-0.00452451
-0.003419
-0.0033409
0.0016998
-0.00748514
-0.00369202
-0.0051589
-0.00768926
-0.00686224
-0.00347232
-0.0049859
-0.00536869
-0.00551661
-0.004807
0.00211152
0.00653392
-0.00667792
-0.00424533
-0.00376705
-0.00477567
-0.00614692
-0.00491704
-0.00618229
-0.00507024
-0.00473186
-0.00659018
-0.00514423
-0.00650432
-0.00478889
-0.00631525
-0.0054737
-0.00701164
-0.00588739
-0.000972665
0.00284277
-0.00402173
0.00243936
0.00188755
-0.00340474
-0.00393313
-0.00311573
-0.00556652
-0.00429607
-0.0026216
-0.00416569
-0.00867907
-0.00662809
-0.0101316
-0.00560474
0.00506004
-0.00650856
-0.00457476
-0.00406373
-0.00524561
-0.00865964
-0.00403892
-0.00438021
-0.00624914
-0.00515571
-0.00422253
-0.00362707
-0.00433646
0.00054908
-0.00435051
-0.00456282
-0.00249125
-0.00144905
-0.00435915
-0.00581174
-0.00409916
-0.000890483
-0.0051695
0.00242762
-0.00116
-0.00261179
0.000709256
-0.00379281
-0.00142178
-0.00876383
-0.00684039
-0.00450467
-0.00539776
-0.00690564
-0.00658965
-0.00523464
0.00867453
-0.0044374
-0.00424608
-0.00698574
-0.00377306
-0.00895821
-0.00491562
-0.00457519
-0.0088904
-0.00620654
-0.00280473
-0.00544171
-0.00537953
-0.00240269
-0.00570958
-0.00281014
-0.00313547
-0.00442616
0.0100458
-0.00261205
0.00810091
-0.00259915
-0.00370096
-0.00189622
-0.00245313
-0.000236461
-0.000254303
0.00790873
-0.000233626
-0.00534841
-0.00448913
0.00066995
-0.00272287
-0.0046936
-0.00111827
-0.0046431
-0.00429889
-0.00808107
-0.00421669
-0.00603622
-0.00520233
-0.008886
-0.00269005
-0.00460738
-0.000286436
-0.00315755
-0.0041646
-0.00411277
-0.00288533
-0.00598831
-0.00377994
-0.0085643
-0.00563765
-0.00442113
-0.00606373
-0.00413464
-0.00660272
-0.0063573
-0.00646186
-0.00422043
-0.00596226
-0.00832887
-0.00609877
-0.00632266
-0.00720018
-0.00591852
-0.00631637
-0.00612395
-0.00283351
-0.00781663
-0.00763301
-0.00551952
-0.00872231
-0.00697232
-0.00849046
-0.00113057
0.00886632
-0.00449276
-0.00155203
-0.00823392
-0.0060595
-0.00207324
-0.00754877
-0.00755063
-0.0021923
-0.00816092
-0.00841864
-0.00736871
-0.00731651
-0.00392475
-0.00805257
-0.000619275
-0.00361571
-0.000601458
-0.00687745
-0.00166031
0.00801792
-0.00566852
-0.00116962
-0.000256784
-0.00826679
-0.0020275
-0.00901298
-0.00667402
-0.00438876
-0.00321482
-0.00479562
0.00831961
-0.00549063
-0.00254537
-0.00545879
-0.000565081
-0.000849883
-0.00457922
-0.00303734
-0.00162442
-0.00438001
0.0070005
-0.00715052
-0.00706181
-0.00329942
-0.00591923
-0.00332161
0.00475874
-0.000991844
-0.00250525
-0.0017046
-0.0106139
-0.0018892
-0.00657591
-0.00675744
-0.00594043
-0.00768542
-0.00676076
-0.00716457
-0.00688089
-0.00798653
-0.00843804
-0.0089593
-0.00438115
-0.00660965
-0.0077656
-0.0070367
-0.00748889
-0.00903502
-0.00439762
-0.00790864
-0.00578124
-0.00732946
-0.00767271
0.00048324
-0.00618764
0.000555363
-0.00272049
0.00639825
-0.00410819
-0.00634948
-0.00696057
-0.00746968
-0.00665994
-0.00644192
-0.00666311
-0.00651995
-0.00657557
-0.00271886
-0.00650964
-0.00641415
-5.38077e-05
-0.00604686
-0.00708846
-0.00558542
-0.00643011
0.0075839
0.00103838
-0.00565205
-0.00339489
-0.00189477
-0.00601109
-0.00824182
-0.00276557
-0.00676638
-0.00593704
0.000946955
-0.00760988
-0.00224958
-0.00378124
0.000867248
0.00151554
0.00645225
-0.00672792
-0.0080423
0.00647242
-0.00607479
-0.0082317
-0.00652203
-0.00330425
-0.00631047
-0.00408141
0.000403832
-0.00278511
-0.00590197
-0.00285528
-0.00789125
-0.00619043
-0.0039069
-0.00532411
-0.00676132
-0.00745488
-0.00162058
-0.00648654
-0.00445194
-0.00433823
-0.00253997
-0.000250537
0.000559512
-0.000703998
-0.000850377
-0.00164355
-0.00707194
-0.00321162
-0.00601801
-0.00288335
-0.00581496
-0.00298922
-0.00647949
-0.00578247
-0.00621443
0.000102992
-0.00338673
-0.00580056
-0.00435325
-0.00620606
-0.00557989
-0.00634845
-0.000610034
-0.00186392
-0.000972785
0.000332802
-0.0030473
-0.00250614
-0.00388823
0.00179159
0.00786998
-0.00440347
-0.000143592
-0.00052733
-0.00415926
-0.0054616
0.00228643
-0.00460349
0.00692585
0.00323784
0.00601915
-0.00600107
-0.00298036
-0.00438155
-0.00441814
-0.00606814
-0.000188104
-0.000936647
-0.00552173
-0.00630712
7.28129e-05
0.00194956
-0.00483515
0.0033165
0.00272001
-0.00289934
0.00218297
-0.00220729
0.000340361
-0.00218947
-0.000834555
-0.00185537
0.00052512
0.000191004
-0.00176605
-0.00514677
-0.00520086
-0.0051649
-0.00645516
-0.00168106
0.000747797
-0.00597362
-0.00211524
0.00478587
-0.00648139
-0.00301311
-0.00815667
-0.00569479
-0.00541772
-0.00402926
-0.00707568
-0.00897155
-0.00469888
-0.00499713
-0.00384642
-0.00654288
-0.00769061
-0.00657062
0.00317065
-0.00736896
-0.00505854
0.00524717
-0.00658119
-0.00690987
-0.00479349
-0.00424397
0.0045229
-0.00927089
0.00199182
-0.0113737
0.00066286
-0.00295251
0.00454156
-0.00235192
-0.00776855
-0.00364269
-0.00532898
-0.00956157
-0.00369285
-0.00990279
-0.00517362
-0.00305872
-0.00704221
-0.00626533
-0.00379447
-0.00801187
-0.00450172
-0.00438131
-0.000482442
-0.00953645
0.00571399
-0.00590072
-0.0094945
-0.00604022
0.00537242
-0.00820662
-0.00546681
-0.0075495
-0.00612472
-0.00594359
-0.00772597
-0.00700896
-0.00514726
-0.00536807
-0.0062358
-0.0021413
-0.0062156
-0.00741354
-0.00518812
-0.00155572
-0.00767268
-0.00148349
-0.00619225
-0.0062838
-0.000852824
-0.00509749
-0.00738577
-0.00779733
-0.00141585
-0.00632492
-0.00569327
-0.00298542
-0.00279615
-0.00580744
-0.00585185
0.00437884
-0.00923959
-0.00512119
-0.00576911
-0.00695525
0.00213551
-0.00504681
-0.00809357
-0.00937398
-0.00340899
-0.00613761
-0.00296844
-0.00806538
-0.00638369
-0.00803273
-0.00579751
-0.00418498
-0.00801522
-0.00374092
-0.00437889
-0.0063842
-0.00297234
-0.00936396
-0.0057188
-0.00700248
0.00290822
-0.0105203
-0.00572587
0.0048546
-0.00384376
-0.00275462
-0.00633796
-0.00666536
-0.00512101
-0.00144048
-0.0024622
-0.0065715
-0.00598393
-0.00670874
-0.00272244
-0.00552359
-0.00734649
-0.00410138
-0.00718591
-0.00674967
-0.00667517
-0.00322886
-0.00602546
-0.0047995
-0.00150934
-0.00526382
-0.010216
-0.00204791
-0.00901586
0.00556917
-0.00514459
-0.00914072
-0.00622766
-0.0070771
-0.00898782
-0.0061674
-0.00457171
-0.00853305
-0.00771635
-0.00816035
0.00394405
-0.00954192
-0.00686809
-0.00831198
-0.006999
-0.00745438
0.00382447
-0.00653312
-0.00549881
-0.00856504
-0.0076258
-0.00723616
-0.00841112
-0.00405322
-0.00775078
-0.00366652
-0.00727943
-0.00644355
-0.00720022
-0.00499777
-0.00593091
-0.00664851
-0.00459222
-0.00547716
0.00396002
-0.00944135
-0.00659339
-0.00818543
-0.00406329
-0.00587851
-0.00617725
0.00186244
-0.00640549
-0.00552225
0.00327252
-0.00228198
0.00205778
-0.00731158
-0.00421397
-0.00761574
-0.00308283
-0.00467027
-0.0106224
-0.00580814
-0.000558189
-0.00880777
0.00561192
0.00058308
-0.00705408
-0.00673233
-0.00725893
-0.00642618
-0.00367577
-0.00419583
-0.00898932
-0.00558067
0.00425075
-0.00697288
-0.00747063
-0.000914853
-0.00637894
-0.00231763
0.00537799
0.00378036
-0.00571168
-0.00638005
-0.00519729
-0.00297052
-0.00328296
-0.00142612
-0.00434328
-0.00236521
-0.00396101
-0.00122669
-0.00153545
-0.00308254
-0.00787463
0.00465171
-0.00761752
-0.00374695
-0.00450602
-0.00464498
-0.00165135
-0.00180307
-0.00178833
-0.00676432
-0.00556868
-0.0103702
-0.00967586
-0.000946605
-0.0118913
-0.000275806
-0.00120091
-0.00589466
-0.00837563
0.000196752
-0.00166629
-0.00584674
-0.00599732
-0.0102558
-0.00949732
-0.00181117
-0.0123013
-0.00193863
-0.00142024
-0.00948938
-0.0109464
-0.00478132
-0.00316125
-0.0119639
-0.00934831
-0.00584983
-0.00937544
-0.00148896
-0.00926994
-0.00960013
-0.00499873
-0.0113099
-0.00158188
-0.00893079
-0.00469449
-0.0123442
-0.00590255
-0.00998532
-0.00335004
-0.0105353
-0.00744814
-0.00531462
-0.0118678
-0.00515077
-0.0100133
-0.0040964
-0.0107725
-0.00752152
-0.0102945
-0.000779225
-0.00127852
-0.00959531
-0.00958138
-0.00431015
-0.00854103
-0.00518447
-0.00559358
-0.00896055
-0.00884765
-0.00798912
-0.00204268
-0.00788556
5.60546e-05
-0.00792815
-0.00940162
-0.00500633
-0.00444834
-0.00626002
-0.00995902
-0.00621985
-0.00940455
-0.00593847
-0.00750385
-0.00777008
-0.00789836
-0.00881331
-0.00805351
-0.00849477
-0.00782513
-0.00798312
-0.0073529
-0.00874937
-0.00470215
-0.00561646
-0.00986203
-0.00700849
-0.00803315
-0.00698573
0.0017804
-0.00707707
0.000766419
-0.00741069
-0.00524817
-0.00561443
-0.00820898
-0.00836901
-0.00508625
-0.00176093
-0.00959951
-0.00179521
-0.0065487
-0.0100057
-0.00713337
-0.00605131
-0.00768139
-0.00964073
-0.00692363
-0.00804848
-0.00833157
-0.00806524
-0.00869844
-0.00865363
-0.0091523
-0.00840948
-0.00871485
-0.00827502
-0.00838714
-0.00627685
-0.00906136
-0.00588022
-0.00609791
-0.00972226
-0.00883992
-0.00840152
-0.00904018
-0.001338
-0.0067402
-0.00257299
-0.00923804
-0.0062725
-0.00598423
-0.00775428
-0.00828632
-0.00608134
-0.00746071
-0.00905411
-0.00990321
-0.010024
-0.0090799
-0.00803115
-0.00820559
-0.00397096
-0.00620269
-0.00675176
0.000598999
-0.00755803
0.00157388
-0.00637892
-0.00845691
-0.00795615
-0.00820969
-0.00558021
-0.00548406
-0.00770988
-0.0051472
-0.00756705
-0.0110084
-0.00863313
-0.00848625
-0.00944639
-0.00446047
-0.0039832
-0.00379258
-0.00892092
-0.00561239
-0.00796712
-0.0066839
0.000990165
-0.00691009
0.000288442
-0.00376508
-0.00478992
-0.00769386
-0.00691831
-0.00764492
-0.00881932
-0.00654896
-0.00778327
-0.00491936
-0.00653381
-0.00819397
-0.00147751
-0.00804902
-0.00176502
-0.0100201
-0.00731763
-0.00882738
-0.0110254
-0.00632386
-0.00581513
-0.00715854
-0.00603651
-0.00731566
-0.0128969
-0.00968278
-0.0121627
-0.00869423
-0.00464923
-0.0051377
-0.00468957
-0.00977012
-0.00641164
-0.00790796
-0.00761279
-0.00140738
-0.0078879
-0.000862462
-0.00274251
-0.00406772
-0.00858699
-0.00802353
-0.00802982
-0.00745511
-0.00842174
-0.00784937
-0.00816412
-0.00272149
-0.00634016
-0.00644882
-0.00655566
-0.00683039
-0.00820142
-0.00821868
-0.012964
-0.00487639
0.0021084
-0.0111825
-0.000169651
-0.0112476
-0.00968817
-0.00846424
-0.00974476
0.000605908
-0.00869456
-0.00780232
-0.0114169
-0.00524602
0.00179507
-0.0116042
-0.00100359
-0.0105419
-0.0117213
-0.00818751
-0.0096958
-0.0012766
-0.00851638
-0.00620783
-0.0104143
-0.010816
0.000166319
-0.000528707
-0.0112662
-0.00587505
-0.0128372
-0.0121826
-0.00886829
-0.00162368
-0.00187508
-0.0104565
0.0028503
0.0030155
-0.00711968
0.00417062
-0.00490529
-0.00373743
0.00220294
-0.00803575
0.00100722
-0.00568906
-0.00531761
-0.012353
0.00364644
-0.0114746
-0.00675285
-0.0104921
-0.00471716
-0.00873133
-0.0119043
0.00198199
-0.0110203
-0.00705736
-0.0103302
-0.00488606
-0.00852233
-0.00927197
-0.00875158
-0.00713655
-0.00441275
-0.00535277
-0.00279146
-0.0052806
-0.00184157
-0.00170087
-0.00164418
-0.00184003
-0.000964586
-0.00578571
-0.00803713
-0.0071013
-3.05924e-06
-0.00294428
-0.00362391
6.85071e-05
-0.00590219
-0.00492932
-0.00507399
-0.000495817
-0.00299257
-0.00596883
-0.00775018
-0.00787652
-0.00181209
-0.0012232
-0.00710642
-0.00136185
-0.00131047
-0.00678559
-0.00112019
5.656e-05
-0.00610245
-0.00577163
-0.00741888
-0.00595107
-0.00796536
-0.00634309
-0.00681759
-0.00763381
-0.00561017
-0.00615265
-0.00818574
-0.00566039
-0.00588077
-0.0059554
-0.00624076
-0.00680579
-0.0019802
-0.00425373
-0.00621627
-0.00426088
-0.00354729
-0.00567031
-0.00387041
-0.00322363
-0.00404273
-0.00753844
-0.00712223
-0.00738389
-0.00624766
-0.00539892
-0.00620645
-0.00900006
-0.00115879
-0.00436849
-0.00663361
-0.00954892
-0.00540028
-0.00681423
-0.00506673
-0.00575578
-0.00609855
-0.00952798
-0.00208562
-0.00762637
-0.0070177
-0.00683558
-0.00201118
-0.00717397
-0.00723692
-0.00572736
-0.00535807
-0.00782892
-0.00239715
-0.00132818
-0.00319782
-0.000801719
-0.00714766
-0.00686939
-0.00428662
-0.00634858
-0.00719628
-0.00603934
-0.00609025
-0.0059456
-0.00118706
-0.00279568
-0.00764347
-0.00572214
-0.00682634
-0.00357242
-0.00708531
-0.00612328
-0.00511219
-0.00659571
-0.00520534
0.000825863
-0.00318563
-0.00605531
-0.00900971
5.81973e-05
-0.00624841
-0.00599522
-0.00923694
-0.00725401
-0.00768466
-0.00540673
-0.00686679
-0.00959714
-0.00514358
0.000971619
-0.00567599
-0.00547102
-0.00995111
-0.00749128
-0.0062593
-0.00895135
-0.0125509
-0.00701598
-0.0102146
-0.00458176
-0.00729308
-0.00740609
-0.000662476
-0.00114325
-0.00656127
-0.0056563
-0.00621619
-0.00558511
-0.00621978
-0.00637755
-0.0057138
-0.00710218
-0.00729737
-0.00528797
-0.00727852
-0.00784455
-0.00372498
-0.00824482
-0.00898857
-0.00756182
-0.00739528
-0.00823849
-0.00689328
0.00200858
-0.00609343
-0.00748963
-0.00818956
-0.00766432
-0.00606234
-0.00859634
-0.0072693
0.00682007
-0.00809371
-0.00801163
0.0054671
-0.00992098
-0.00649512
-0.00356679
-0.00772759
-0.00407379
-0.00974811
0.005356
-0.00737818
-0.00648022
-0.00408304
-0.0106941
-0.00410612
-0.00323491
-0.00644455
-0.0100673
-0.0039992
-0.00719311
-0.00388801
-0.00728487
-0.00607088
-0.00242487
-0.00334073
-0.00253717
-0.000787578
-0.00347575
-0.00344171
-0.00640038
-0.00671363
-0.00289418
-0.00707787
-0.00426694
-0.00782321
-0.00709097
-0.00134411
-0.00357649
-0.00397932
-0.00225188
-0.00364749
-0.00541515
-0.00254423
-0.00424476
-0.000669388
-0.00223818
0.00029787
-0.000284247
-0.00310478
-0.00547246
-0.00321593
-0.00610365
-0.000474493
-0.00549214
-0.00580172
-0.00291147
-0.00578419
0.000468544
-0.0057468
-0.00514019
-0.00115905
-0.00592271
0.000545379
-0.00223806
-0.00359393
-0.00502329
0.000161959
-0.00335608
-0.000667855
-0.00382237
-0.00285609
-0.0043334
-0.00604245
0.00561883
-0.00588086
-0.00602014
-0.00494016
-0.00901636
-0.0067663
-0.0055797
0.00448448
-0.00745477
-0.0065588
-0.00703245
-0.00398003
-0.00643421
-0.00637795
-0.00669654
-0.00478304
-0.00225514
-0.00336117
-0.00517704
-0.00398379
-0.00312034
-0.00204636
-0.00543654
-0.00329748
-0.00311533
-0.00496754
-0.00295439
-0.00237268
-0.00278872
-0.00606324
-0.00640744
-0.00618029
-0.00521539
-0.00515101
-0.0047393
-0.00660429
-0.00385984
-0.00226447
-0.00558254
-0.00543697
-0.00356163
-0.0056407
-0.00192743
-0.00348828
-0.00240167
0.00082368
-0.00310532
-0.00504336
-0.00581675
-0.00588993
-0.00168894
-0.00582897
-0.00559845
-0.00398906
-0.00346834
-0.00109627
-0.0011139
-0.00323515
-0.000649429
-0.0045717
-0.00106998
-0.000998101
-0.00215951
0.00186117
-0.00120387
-0.00509404
-0.00462916
-0.00113363
-0.000243548
0.00401043
0.00360867
-0.0053332
0.000232548
-0.000927853
-0.000877175
-0.0015942
-0.000814913
-0.00181698
-0.00252117
-0.0044939
-0.00142556
-0.00100854
-0.00472917
-0.00280486
-0.00377262
-0.00318463
-0.0011889
-0.00481014
-0.00458044
-0.00229627
-0.00458123
-0.00585834
-0.000971576
-0.00479343
-0.00599081
-0.0044911
-0.00187024
-0.00297818
-0.00606554
-0.000376298
-0.00483232
-0.00556248
0.000234925
-0.00199199
-0.00320391
-0.000780301
-0.000783583
-0.000304863
0.000745462
-0.00156122
-0.00159022
-0.00197726
0.0027257
-0.00475953
0.000138233
0.000359327
-0.00144518
-0.00401518
-0.00153824
-0.00444994
-0.00417875
-0.0036552
-0.0010966
-0.00108399
-0.00565234
-0.00604604
-0.00047542
0.000712699
-0.00562845
-0.00820692
-0.00569317
-0.00558208
-0.00592596
-0.00758132
-0.00483641
-0.00605309
-0.00642853
-0.00536013
-0.00539526
-0.00249376
0.00109655
0.00195227
-0.00476596
-0.00790702
-0.00364391
-0.0062686
-0.00752584
-0.00537241
-0.00518782
-0.00314585
-0.00500186
0.00181801
-0.00890744
-0.00577896
-0.00405778
-0.0083167
-0.00477425
-0.00758979
-0.00519967
-0.00693785
-0.00595874
-0.00670267
-0.00675069
-0.00224295
-0.00490007
0.000192727
-0.00198426
-0.00502812
0.00189959
-0.00327347
0.00244391
-0.00639293
-0.00167506
-0.00348382
0.00181383
0.000859121
-0.00592336
-0.00398155
-0.000620005
-0.00737269
0.00146963
-0.00483896
-0.00493903
-0.00608406
0.0026746
0.000712021
-0.00283709
-0.00685456
0.000338277
-0.000712537
-0.00110998
-0.00545262
0.0017072
-0.00572964
-0.00512941
0.000114123
-0.00550539
-0.00404243
-0.00509203
-0.00536502
0.00203923
0.00194126
-0.0025747
0.00174504
-0.00459674
-0.00499785
-0.00526322
-0.00285697
-0.00580068
-0.0028806
-0.00484573
-0.00239764
0.000876854
-0.00278045
-0.00151936
-0.000283874
0.000364717
-0.000279527
-0.000573402
-0.000816011
0.00325409
-0.00106973
0.00126699
-0.000140378
-0.000956124
-0.00209196
-0.00289224
-0.0022578
-0.00053726
-0.00403945
-0.00187725
-0.00408729
-0.000941785
-0.00417865
-0.000498524
-0.00373978
-0.000916312
-0.00217791
-0.00526083
0.000372001
-0.00499882
-0.00395506
-0.0037775
-0.0016959
-0.00406208
-0.00542381
-0.0054235
-0.00030852
-0.00404068
0.00232151
-0.00379923
0.000973732
0.000594971
-0.000504823
-0.00331747
-0.000557333
-0.00371758
-0.0028887
-0.00366399
-0.000319318
-0.000448838
-0.00484248
-0.000627523
-0.00422128
-0.00456755
-0.000612502
0.00449447
0.000813958
-0.000539196
0.00425367
-0.00490256
0.000983241
-0.000211875
0.00550393
-0.00435125
0.00567309
0.00042788
-0.00421624
-0.00303739
-0.00171161
-0.0041639
-0.00484852
-0.00696534
-0.00588861
0.00170777
-0.00596937
-0.00011136
-0.000379734
-0.0036743
-0.00329767
-0.00151795
-0.00819001
-0.00688618
-0.00187392
-0.00033524
0.000124401
-0.00399319
0.000532489
0.0014595
-0.00388302
0.00134417
0.00728991
-0.00289282
0.00508978
-0.00488581
-0.000425698
-0.00027671
-0.00411507
-0.00420065
-0.000338746
-0.00141901
0.00142265
-0.000184577
0.00212232
-0.000835227
0.000604693
-0.00359914
-0.00542761
-0.00326463
-0.000161464
-0.00350435
-0.00303544
-0.00154468
-0.000202462
-0.000409898
-0.00166355
-0.00562749
-0.00575541
-0.00703974
-0.00382143
-0.00534032
-9.03023e-05
-0.00467326
-0.000275629
-0.00401776
-0.00394095
-0.00538444
-0.00374807
-0.00304819
0.000505864
0.000677596
-0.00215501
0.00119916
-0.00323152
0.00093328
0.00348385
7.26482e-06
0.00290327
0.00178526
-0.000507433
-0.000173668
-0.00362852
-0.00361016
-0.000597687
-0.00527621
-0.00206196
-0.00619716
-0.00230846
-0.00797647
-0.00304062
-0.00337347
-0.0040371
0.000723251
-0.0011399
-0.00207385
-0.00203963
0.00232022
-0.00399386
-0.00527833
-6.44249e-05
-0.00214532
-0.00528919
-0.00626269
-0.00470344
-0.00474555
0.00164902
-0.00117301
0.00156352
0.00217773
-0.00223362
0.00209817
0.00467116
0.00128546
0.00383406
0.00295629
0.000531677
0.000522553
-0.00265381
0.00041106
-0.00271867
-0.00417487
0.000587961
-0.00304401
-0.00351666
-0.00212478
-0.00469293
-0.0031983
0.00628649
-0.00396921
0.000751103
0.00590847
-0.00089927
-0.00366196
-0.00445292
-0.00631373
0.00199744
-0.00505449
-0.00507455
-0.00344565
-0.0021949
0.000315265
0.000403311
-0.00327817
-0.00298308
-0.0078133
-0.000927488
-0.000250032
-0.0015406
-0.00627819
0.000751459
0.00124465
-0.00335553
0.00199853
-0.00328843
0.00194767
0.00792946
-0.00243663
0.00516564
-0.00462163
2.69319e-05
0.000267597
-0.00356285
-0.00365009
5.11404e-05
0.000123849
0.000529044
-0.00399833
0.00145565
-0.00388581
0.00134347
0.00728927
-0.00289523
-0.00488791
0.00508811
-0.000428234
-0.000279226
-0.00411565
-0.000339456
-0.00420326
-0.00435891
0.00548952
0.00567082
0.00042116
-0.00421997
-0.00303435
-0.00170172
-0.0041609
-0.00695606
-0.00485174
-0.00596022
-0.00587283
0.00170208
-0.00367967
-0.00330119
-0.00152028
-0.00819497
-0.00187428
-0.000343681
-0.00688574
-0.000117742
-0.00038202
0.000497123
0.000671205
-0.0021704
-0.00323959
0.00118457
0.000924707
0.00347257
-8.88964e-06
0.001774
0.00288616
-0.000511714
-0.000176623
-0.00362967
-0.000599333
-0.00361335
-0.00144453
0.00140184
0.00210069
-0.000214726
-0.00305693
-0.00156245
-0.000861973
0.000592863
-0.00361772
-0.00544559
-0.00353111
-0.000185503
-0.00328023
-0.00022739
-0.000443937
-0.00169763
-0.00565086
-0.00706951
-0.00577425
-0.000117433
-0.00537465
-0.00384733
-0.0046899
-0.000306631
-0.00403888
-0.0039729
-0.00376338
-0.00307457
-0.00541406
-0.00590131
-0.000467854
-0.00345035
-0.0061162
-0.00601213
-0.00573258
-0.00571778
-0.00528269
-6.92441e-05
-0.00216873
-0.00529383
-0.00474233
-0.00626747
-0.00471624
-0.00406138
0.000687839
-0.00118153
-0.00209766
0.00227473
-0.00401109
-0.00208075
0.00245014
-0.000134211
0.00311313
0.00103394
-0.00182647
-0.000353619
0.000176997
0.00159775
-0.00455871
-0.00271745
0.000764569
-0.00222195
-0.00253006
-0.000512599
-0.00464941
-0.00580931
-0.00462304
0.000980655
-0.00255775
-0.00426683
0.000625241
0.000713276
0.000771963
0.00125446
-0.00332375
-0.00324734
0.00205456
0.00188279
0.00792118
-0.00248135
0.0051794
-0.0046587
3.01586e-05
0.000261116
-0.00356224
6.48189e-05
-0.00363037
-0.00414286
0.000643479
-0.00304109
-0.00349451
-0.002088
-0.0031559
-0.0046689
0.00635249
-0.00385341
0.00602876
0.000815185
-0.00342037
-0.00216341
-0.000900739
-0.00362885
-0.00444495
-0.0063129
-0.00507042
0.001997
-0.00504434
0.000316633
0.000419995
-0.00327075
-0.00293097
-0.000989741
-0.00780353
-0.00152988
-0.000240825
-0.0062625
-0.00122268
-0.00462553
-0.00508226
-0.00019071
0.00399926
-0.0011335
-0.000862629
0.00356584
-0.00531988
-0.000891575
0.000202607
0.00181245
0.000217725
-0.00200368
-0.00324456
-0.000353158
-0.000795858
-0.000803409
0.000731022
-0.00157143
-0.00165469
0.00266084
-0.00203742
-0.00480224
8.89027e-05
0.000308998
-0.00148456
-0.00159465
-0.00406189
-0.00448606
-0.00419973
-0.00368665
-0.00569737
-0.00111111
-0.00110819
-0.0015747
-0.000787851
-0.00178805
-0.00254117
-0.00453088
-0.00144635
-0.00475071
-0.00105676
-0.00280821
-0.00376975
-0.00318926
-0.00120331
-0.00480921
-0.00455507
-0.00230113
-0.0045977
-0.00589007
-0.00097969
-0.00477798
-0.00602019
-0.00446338
-0.00183554
-0.00601815
-0.0029491
-0.00481488
-0.000351638
-0.00555932
0.0011973
-0.000809711
-0.00503178
0.000243941
-0.000268966
-0.00475185
-0.00669578
-0.00104557
-0.00315326
8.80285e-05
-0.00449521
-0.00665213
-0.00394155
-0.00714255
-0.00107324
-0.00353575
-0.00621754
-0.00299704
-0.00478555
-0.00546268
-0.00687039
-0.00725008
-0.00106605
-0.00335769
-0.00600402
-0.00591808
-0.000465824
0.000779304
-0.00560279
-0.0055854
-0.00820052
-0.00554671
-0.00582412
-0.00716088
-0.00624321
-0.00474933
-0.00533836
-0.0055115
-0.00641212
-0.00549479
0.00169309
-0.00575839
-0.00515754
-0.00552782
0.000116584
-0.00407789
0.000391937
-0.00104718
-0.000679499
-0.00513154
-0.00536209
0.00194317
0.00204119
-0.00461209
-0.00258915
0.00171927
-0.00499938
-0.00530801
-0.00286976
-0.00588498
-0.00241898
-0.00289385
-0.00490229
-0.00511557
-0.00199454
0.000664587
8.90868e-05
-0.00243245
-5.74997e-05
0.00110703
-0.00522214
-0.00458719
-0.00467069
0.000262096
-0.00504227
-0.00221004
-0.00483178
0.000125008
-0.00223281
-0.00494354
-0.00195614
0.0018888
-0.00504286
-0.00327964
0.00240391
-0.00640203
-0.00171717
0.00173534
-0.00351202
-0.00496923
-0.00611445
0.00259225
0.000635617
-0.00287648
-0.00687353
0.000875567
-0.00592902
-0.00399332
-0.000632972
-0.00739555
-0.00484306
0.00147203
-0.000683059
-0.00381039
0.00098897
0.00064732
-0.000505632
-0.0005525
-0.00331189
-0.00371188
-0.00291084
-0.00366873
-0.000334698
-0.00482683
-0.000444876
-0.000578593
-0.00424898
-0.00458232
0.00449264
-0.000599031
0.000757938
-0.000592408
0.00421971
-0.00499552
0.000932062
-0.000303896
-0.000213636
-0.00104121
-0.00207593
-0.00288154
-0.00225728
-0.00402304
-0.000514741
-0.00186005
-0.00406054
-0.000963316
-0.000467188
-0.0041627
-0.00379192
-0.000987754
-0.00223637
-0.00529983
-0.00503351
0.000294627
-0.00401706
-0.00384469
-0.00177717
-0.00550544
-0.00416978
-0.00412038
-0.000404666
-0.00546975
0.00228952
-0.00281424
-0.0016345
-0.00529543
-0.00185003
-0.00170943
-0.00596109
-0.00788285
-0.00775511
-0.00121605
-0.00181437
-0.00710507
-0.00110613
0.000108682
-0.00605589
-0.00136754
-0.0013084
-0.00678641
-0.00559646
-0.00613947
-0.00817067
-0.00561541
-0.00587254
-0.00619817
-0.00593193
-0.00577175
-0.00742482
-0.00594812
-0.00797127
-0.00763089
-0.00634825
-0.00681938
-0.00184599
-0.000962856
-0.00579319
-0.00803572
-0.00710275
-7.67992e-06
-0.00294917
-0.00321764
-0.00717527
-0.000818209
-0.00688429
-0.00431577
-0.00721648
-0.00636075
-0.00607198
-0.00612523
-0.00600801
-0.00283343
-0.00769392
-0.00121578
-0.00574349
-0.00683932
-0.00358493
-0.0070968
-0.00613791
-0.00512821
-0.00661139
-0.00523192
0.000802147
-0.00320603
-0.00681586
-0.00426547
-0.00198684
-0.00567985
-0.00388066
-0.00323352
-0.00621985
-0.00427306
-0.00354707
-0.0040517
-0.00754485
-0.00739346
-0.00712772
-0.0062556
-0.00621572
-0.0054045
-0.0089975
-0.00436946
-0.00116242
-0.00664003
-0.00954613
-0.00681792
-0.0054024
-0.00506201
-0.00575359
-0.00609981
-0.00208669
-0.00763255
-0.00952063
-0.00700383
-0.00681456
-0.00199949
-0.0071586
-0.00721246
-0.00534899
-0.00571187
-0.00782091
-0.00132538
-0.00238977
-0.000923396
-0.00947183
-0.000646331
-0.00225908
-0.00850455
-0.00207255
-0.00457794
-0.00210703
-0.0100545
0.000679414
-0.00452022
-0.00814807
-0.00780658
-0.00794469
-0.00344118
-0.00486189
-0.00889335
-0.000765362
-0.00770204
-0.00947875
-0.00643091
-0.00141573
-0.00818615
-0.00403878
-0.00991252
-0.00623782
-0.00598469
-0.00922957
-0.00724448
-0.00540126
-0.00685645
-0.00767225
-0.00604859
-0.00900092
6.79769e-05
-0.00958591
-0.00513395
-0.00566941
0.000982539
-0.00994764
-0.00747935
-0.00545894
-0.00625533
-0.00894735
-0.0125499
-0.00701287
-0.0102088
-0.00728895
-0.00457788
-0.00788968
-0.0061243
-0.0107457
-0.00868962
-0.00996618
-0.00712053
-0.0073114
-0.0078397
-0.00371344
-0.00823864
-0.00898805
-0.00738435
-0.00755872
-0.00823608
-0.0068723
-0.00965469
-0.00736823
-0.00689997
-0.00742805
-0.00791477
-0.00758437
-0.00689351
0.00200563
-0.00609727
-0.0074863
-0.00768502
-0.0081838
-0.00606408
-0.00619678
-0.00249108
-0.00335575
-0.00260218
-0.00353289
-0.000806864
-0.00353733
-0.00644715
-0.00646383
-0.00700454
-0.00286781
-0.00701914
-0.00421294
-0.0078969
-0.00697299
-0.00736319
-0.00397885
-0.00681982
-0.00715396
-0.00675787
-0.00699142
-0.00693673
-0.0100233
0.00262118
-0.00513313
-0.00649198
-0.00660757
-0.00551917
-0.00641235
0.00315149
-0.00673347
-0.007745
-0.00695377
0.00433171
-0.00855973
-0.0126717
-0.00345674
-0.00710607
-0.00732177
0.00678053
-0.00859097
-0.00812223
0.00543615
-0.00802467
-0.00995238
-0.00650644
-0.00346722
-0.00774537
-0.00978636
-0.00407237
-0.00327618
-0.00649837
-0.0101058
-0.00401873
-0.0039323
-0.00732161
-0.00722774
0.00532946
-0.00736472
-0.00646831
-0.00409561
-0.0106911
-0.00414013
0.000534986
-0.0022561
-0.00360543
-0.00502591
0.000146429
-0.00337327
-0.000672959
-0.00368934
-0.0025252
-0.00646581
0.00668053
-0.00162493
-0.00188125
-0.00885382
-0.00660959
-0.0022743
-0.00386727
-0.00558568
-0.00544502
-0.00564401
-0.00356709
-0.00193855
-0.00349005
-0.00241286
-0.00505974
0.000816081
-0.00311345
-0.00582889
-0.00590248
-0.00170104
-0.00583895
-0.00561095
-0.00399947
-0.00347813
-0.00110848
-0.00112126
-0.00324878
-0.00381814
-0.00432447
-0.00284555
-0.00604573
0.00563332
-0.00602142
-0.00587606
-0.00492877
-0.00899164
-0.0067527
-0.0074313
-0.00555805
0.00448252
-0.00654519
-0.00701488
-0.00398492
-0.00643121
-0.00636624
-0.00477193
-0.00669055
-0.0022566
-0.00517627
-0.0033627
-0.00398953
-0.00205295
-0.00311823
-0.00497297
-0.00295685
-0.00238002
-0.00544056
-0.00330451
-0.00311844
-0.00278759
-0.00606996
-0.00618395
-0.00640812
-0.0052155
-0.00474413
-0.00514929
-0.000646942
-0.00214598
-0.00458137
-0.00101311
-0.00108152
-0.00374073
-0.00462874
-0.0016391
-0.00180355
-0.00447759
-0.00675745
-0.010368
-0.00556299
-0.000938782
-0.0118876
-0.00967383
-0.00119834
-0.00589174
0.000203263
-0.00837277
-0.000267944
-0.00316342
-0.0119721
-0.00934441
-0.00584139
-0.00937145
-0.00926507
-0.00147925
-0.00959247
-0.00498654
-0.0113166
-0.00892326
-0.00157198
-0.00469875
-0.0123482
-0.00590513
-0.0099971
-0.00335354
-0.00745218
-0.0105424
-0.00531271
-0.0118773
-0.0100289
-0.00515118
-0.00751609
-0.0107775
-0.00409974
-0.0102949
-0.000777234
-0.00128088
-0.00959213
-0.00431189
-0.00958174
-0.00854308
-0.00518131
-0.00559026
-0.00896056
-0.00885179
-0.00798797
-0.00165775
-0.00584424
-0.00599362
-0.0102789
-0.00950889
-0.00180272
-0.0123296
-0.00193405
-0.00140879
-0.00948706
-0.0109273
-0.00478262
-0.00470388
-0.00986693
-0.00561941
-0.00700845
-0.00803513
-0.0069872
0.00178297
-0.00707416
0.000768417
-0.00740845
-0.00525124
-0.0056165
-0.008216
-0.0050904
-0.00837457
-0.00745543
-0.00904919
-0.00989012
-0.0100189
-0.00802582
-0.00907381
-0.00820141
-0.00175673
-0.00959635
-0.00654618
-0.00178854
-0.00603501
-0.00765099
-0.00962017
-0.00688953
-0.00830747
-0.00804877
-0.00802876
-0.00999848
-0.00712534
-0.00868277
-0.00864536
-0.00914693
-0.00840562
-0.00824601
-0.00870665
-0.00905301
-0.00627354
-0.00838239
-0.00588196
-0.00610706
-0.00972679
-0.00840529
-0.00883748
-0.00904478
-0.00134714
-0.00672881
-0.00257271
-0.00922734
-0.00627665
-0.00598718
-0.00776116
-0.00828996
-0.00608613
-0.00864703
-0.0110207
-0.00848398
-0.00946606
-0.00445329
-0.00397742
-0.00377901
-0.00890358
-0.00795982
-0.00561421
0.00100846
-0.00689378
-0.00668999
-0.00478506
-0.0076952
-0.0069145
-0.00764952
-0.00882677
-0.00777573
-0.00655916
0.000285045
-0.00376962
-0.00818619
-0.00273632
-0.00636201
-0.00646504
-0.00656611
-0.00685248
-0.00822551
-0.00492372
-0.00654249
-0.00820421
-0.00805866
-0.00149158
-0.00179559
-0.0100372
-0.00734644
-0.0110759
-0.00885288
-0.0063327
-0.0058289
-0.00716689
-0.00604458
-0.00732777
-0.0129112
-0.00970661
-0.00872607
-0.0121927
-0.00472002
-0.00979103
-0.00644965
-0.00793617
-0.00764684
-0.00141162
-0.00791433
-0.00468601
-0.00520616
-0.000881153
-0.00276433
-0.00410275
-0.00861582
-0.00809788
-0.00806878
-0.00846153
-0.00749057
-0.00789864
-0.00871961
-0.0062114
-0.0104183
-0.0108391
0.000175213
-0.0112906
-0.00056834
-0.00588126
-0.0128747
-0.0122072
-0.00162388
-0.0088971
-0.00190655
-0.0104527
0.00285296
0.00305639
-0.00712292
0.00415193
-0.00374267
-0.00488038
0.0022261
-0.00802944
0.000949354
-0.00563259
-0.00533001
-0.0123413
0.00366293
-0.0114839
-0.00678799
-0.00873054
-0.0104858
-0.00472988
-0.0119175
0.00194412
-0.00706829
-0.0110708
-0.0048918
-0.0103638
-0.00855199
-0.00778912
-0.0114359
-0.00527399
-0.0115841
-0.00101008
0.00176359
-0.0105743
-0.0117675
-0.00823522
-0.00130207
-0.00979414
-0.00858529
-0.00924689
-0.00711628
-0.00529056
-0.00440376
-0.00880658
-0.00361526
-0.0125344
-0.00511637
-0.00944876
-0.00965925
-0.00896336
-0.00754092
-0.00872773
-0.0081269
-0.00878739
-0.00781357
-0.00869623
-0.00961667
-0.0098099
-0.00980433
-0.00522428
-0.00958202
-0.00901977
-0.00586864
-0.0093675
-0.0103819
-0.00882135
-0.00832691
-0.00898024
-0.00929141
-0.00937186
-0.00888305
-0.00884878
-0.00962662
-0.00984643
-0.00622755
-0.00922813
-0.00456214
-0.00924385
-0.00558225
-0.0100509
-0.00771372
-0.00313262
-0.00912647
-0.00498425
-0.00885519
-0.00914006
-0.0078409
-0.0099525
-0.00954736
-0.0084041
-0.00784836
-0.00738651
-0.00780629
-0.00734283
-0.0069081
-0.00895745
-0.0084536
-0.00832035
-0.00825502
-0.00719547
-0.00897219
-0.00793465
-0.00757768
-0.00878533
-0.00947019
-0.00316636
-0.00930832
-0.010408
-0.00981067
-0.00388461
-0.00839805
-0.00993177
-0.00879138
-0.00787785
-0.00872197
-0.00901963
-0.0089019
-0.00928079
-0.00867533
-0.00901549
-0.0101373
-0.008219
-0.0100374
-0.00897047
-0.00586241
-0.00906349
-0.00852269
-0.00819487
-0.0089018
-0.00804471
-0.00892985
-0.00869844
-0.00856857
-0.00827154
-0.00833935
-0.010011
-0.00505868
-0.00933562
-0.00835635
-0.00823264
-0.00784161
-0.00718042
-0.00950139
-0.00884953
-0.00916476
-0.00785737
-0.00849352
-0.00780085
-0.00898388
-0.00907888
-0.00852893
-0.00749011
-0.00754429
-0.00845903
-0.00841014
-0.00728864
-0.00860669
-0.00864759
-0.00750484
-0.00823098
-0.00893676
-0.00644297
-0.00695165
-0.00673888
-0.00845958
-0.00793429
-0.00742295
-0.0083895
-0.00722453
-0.00731298
-0.00431244
-0.00678834
-0.00974553
-0.00690897
-0.00871531
-0.010112
-0.0060984
-0.00497669
-0.0111134
-0.00409477
-0.0108457
-0.00920478
-0.00490667
-0.00448461
-0.00548568
-0.00640056
-0.00963588
-0.00814798
-0.00786048
-0.00766115
-0.00548467
-0.00747013
-0.00658461
-0.00854722
-0.00890965
-0.00753099
-0.0082442
-0.0085944
-0.00759965
-0.00875063
-0.00798559
-0.00725449
-0.00806236
-0.00762035
-0.00902692
-0.00802721
-0.00853153
-0.00808197
-0.00821228
-0.00962633
-0.00860749
-0.00594701
-0.0101887
-0.00727917
-0.00941491
-0.00887
-0.00719081
-0.00744924
-0.00627483
-0.0104816
-0.00825229
-0.00745877
-0.0109144
-0.00526498
-0.00714123
-0.0088681
-0.00662614
-0.0107284
-0.00846953
-0.0100218
-0.00848813
-0.00803546
-0.00779466
-0.00760914
-0.0084558
-0.010507
-0.00624189
-0.0083995
-0.00753863
-0.0102475
-0.0101561
-0.00817069
-0.0114834
-0.0016961
-0.0111065
-0.00682869
-0.0076793
-0.00402838
-0.00944875
-0.00700184
-0.0102746
-0.0077508
-0.010674
-0.00756639
-0.00516662
-0.0070892
-0.00755133
-0.007927
-0.00792584
-0.0101892
-0.00609248
-0.00807668
-0.00875234
-0.00423478
-0.00734481
-0.0103438
-0.00876397
-0.00909752
-0.00895268
-0.00491984
-0.00815231
-0.00842165
-0.00701868
-0.00707241
-0.00654408
-0.00669717
-0.00646417
-0.0064125
-0.00773094
-0.0061915
-0.00499065
-0.00957051
-0.010126
-0.00510242
-0.00242786
-0.0065293
-0.0059448
-0.0109869
-0.00548845
-0.0029603
-0.00653405
-0.00413602
-0.00666
-0.00682802
-0.00484869
-0.005725
-0.00677595
-0.00476418
-0.00499038
-0.00554837
-0.00777272
-0.00771759
-0.00789106
-0.00685729
-0.00700267
-0.00720202
-0.0086639
-0.00137842
-0.00767565
-0.006275
-0.0112912
-0.00563306
-0.00689935
-0.00858232
-0.00626776
-0.00643588
-0.0120208
-0.00653707
-0.00791849
-0.00686917
-0.00682562
-0.00282729
-0.00759835
-0.00751863
-0.00457722
-0.00657815
-0.00447165
-0.000896239
-0.00461804
-0.00671103
-0.00847293
-0.00954152
-0.00250424
-0.00540785
-0.00915774
-0.00444211
-0.00693428
-0.00695906
-0.00712255
-0.00516187
-0.00547297
-0.00796525
-0.00658527
-0.00605395
-0.00792645
-0.00630189
-0.00641922
-0.00673423
-0.0088749
-0.00772307
-0.00855359
-0.00828808
-0.00647615
-0.00833389
-0.0088372
-0.00850691
-0.00814055
-0.00787791
-0.00771725
-0.00642839
-0.00824733
-0.00766167
-0.0075202
-0.00856029
-0.00751277
-0.00708018
-0.00982372
-3.6995e-05
-0.00823378
-0.00719361
-0.00784197
-0.00580101
-0.00789071
-0.00788511
-0.00901072
-0.00663145
-0.00776596
-0.00932226
-0.0086995
0.000943922
-0.00865787
-0.00868381
-0.00580981
-0.00874941
-0.00376252
-0.00570524
-0.0125655
-0.00299931
-0.0089894
-0.00908195
-0.00957416
-0.00893057
-0.00933366
-0.00653091
-0.00849219
-0.00773697
-0.00917438
-0.0110164
-0.00910146
-0.0108265
-0.00662202
-0.00864877
-0.0095278
-0.00864836
-0.00452661
-0.0093016
-0.00945958
-0.0120011
-0.0094653
-0.00894174
-0.00687114
-0.00691611
-0.00689545
-0.00889274
-0.00832079
-0.00899715
-0.00945165
-0.00962724
-0.00807996
-0.0091648
-0.00840244
-0.00933549
-0.00938734
-0.00843712
-0.00707481
-0.00863562
-0.00812101
-0.00835938
-0.00813486
-0.00834228
-0.00739643
-0.00276635
-0.00806267
-0.0085826
-0.00778962
-0.00761602
-0.00960772
-0.00949419
-0.00945106
-0.00706187
-0.000111419
-0.0108794
-0.00972455
-0.00203161
-0.000500507
-0.00738083
-0.00950908
-0.00485148
-0.0109296
-0.00660148
-0.00657688
-0.00602598
-0.00897587
-0.00561921
-0.0103775
-0.00466612
-0.00711234
-0.00742154
-0.0112943
-0.00680872
-0.0077465
-0.00662286
-0.00681602
-0.00590095
-0.00633054
-0.00657905
-0.0059474
-0.00780199
-0.00780497
-0.00709766
-0.00897408
-0.00690289
-0.00735822
-0.00799068
-0.00958645
-0.00701503
-0.00640145
-0.00776053
-0.00628799
-0.00667656
0.000682172
-0.00872754
-0.00713094
-0.00699823
-0.00881915
-0.00792212
-0.00759262
0.00169622
-0.00852874
-0.00621921
-0.00705129
-0.00496922
-0.00698278
-0.00693313
-0.00808735
-0.00583741
-0.00484912
-0.00775571
-0.00272586
-0.00576354
-0.00559692
-0.00340325
-0.00573719
-0.00367998
-0.00395047
-0.00582473
-0.00371728
-0.0048373
-0.00449407
-0.00693666
-0.00670975
-0.00668489
-0.00571237
-0.0062497
-0.00608139
-0.00642803
-0.00678821
-0.00665599
-0.00502415
-0.00459245
-0.00760778
-0.00562353
-0.00582016
-0.00619896
-0.00584825
-0.00550904
-0.00741831
-0.00796875
-0.00783296
-0.00755659
-0.00723188
-0.00609524
-0.00724188
-0.00784378
-0.00816118
-0.00704857
-0.00798245
-0.00742081
-0.00831688
-0.00584665
-0.00755072
-0.00466671
-0.00162304
-0.00602763
-0.0104021
-0.00525586
-0.00233599
-0.00486672
-0.00816357
-0.00096164
-0.00593375
-0.0072705
-0.00512793
-0.0108899
-0.00674635
-0.006221
-0.00603403
-0.0021298
-0.00669164
-0.00661619
-0.00584744
-0.00398956
-0.00791705
-0.00561178
-0.00573766
-0.00594791
-0.0113491
-0.00734366
-0.00385171
-0.00397026
-0.000352655
-0.00383662
-0.00111555
-0.000744584
-0.00409647
-0.00295239
-0.00479571
-0.00285007
-0.0038969
-0.00555962
-0.00362881
-0.00300138
-0.00599031
-0.00386993
-0.00374437
-0.00342977
-0.00665691
-0.00666721
-0.00688518
-0.00580927
-0.00536458
-0.0057271
0.000121002
-0.00305966
-0.00412598
-0.000642566
-0.00552204
-0.0013301
-0.004112
-0.00790143
-0.0048487
-0.00663099
-0.00291382
-0.00450753
-0.00654519
-0.00686986
-0.00651942
-0.00626331
-0.00228168
-0.00640473
-0.0060669
-0.00404195
-0.00467916
-0.00309039
-0.00443811
-0.00318471
-0.00429449
-0.000204001
-0.00589801
-0.00201454
-0.00404091
-0.00187723
-0.00454449
-0.00310984
-0.00740722
-0.00228961
0.00607673
-0.00976738
-0.00273093
-0.00484265
-0.00378035
-0.00689475
-0.00542075
-0.00668985
0.00474829
-0.00713499
-0.00736175
-0.00762707
-0.00447062
-0.00693071
-0.00700231
-0.00728574
-0.00539991
-0.00589229
-0.0098272
-0.00758832
0.0036613
-0.00648782
-0.00838286
-0.0031315
-0.00410287
-0.00589666
-0.00202566
-0.00445505
-0.00419939
-0.00419786
-0.00295057
-0.0060033
-0.00312903
-0.000653008
-0.0012551
-0.00335724
-0.00465386
-0.00126316
-0.0037737
-0.00618409
-0.000297606
-0.00613308
-0.00195126
-0.00645032
-0.0059395
-0.00400816
-0.00614782
-0.00358024
-0.00688881
-0.00127259
-0.00657445
-0.00637202
-0.00218632
0.000462965
-0.00548048
-0.00592983
-0.00513959
-0.00320184
-0.00585376
-0.00512116
-0.00608929
-0.00269819
-0.00620387
-0.00578549
-0.00575585
-0.00431109
-0.00501992
-0.00520611
-0.00494307
-0.00636058
-0.000440198
-0.00184641
-0.00446049
-0.00233183
0.00158258
-0.00265714
0.00093647
-0.00511073
-0.00431396
-0.00417786
-0.00207467
0.000113469
-0.00818292
-0.000508415
-0.00574738
-0.00353172
-0.00458119
-0.00880061
-0.00588177
-0.0062363
-0.00597146
-0.00134703
-0.00639183
-0.00653538
-0.0046656
-0.00489666
-0.00432379
-0.00496692
-0.00556715
-0.00692279
-0.00863855
-0.001375
-0.00703572
-0.000651023
-0.00147315
-0.000865922
-0.00054234
-0.00495313
-0.00644553
-0.0074582
-0.00211839
0.000869008
-0.00531115
-0.00712184
-0.00684298
-0.000588575
-0.00077734
-0.00629482
-0.000640274
0.000222788
-0.00564564
-0.000812276
-0.000742277
-0.00633924
-0.00507685
-0.00564166
-0.007758
-0.00528282
-0.00536502
-0.00540616
-0.00582237
-0.00508148
-0.00663751
-0.00522413
-0.0073052
-0.00551099
-0.00602737
-0.00711639
0.00207999
-0.00358307
0.00137668
-0.00236763
-0.0027251
0.000156005
-0.00229458
-0.000174316
-0.00111493
-0.000601953
-0.00247453
-0.00137136
-0.00492635
0.00149892
-0.00643796
0.00237579
-0.00514239
0.00570391
0.00548007
-0.00653144
-0.00506048
-0.00299947
-0.000744826
-0.00509255
-0.00629764
0.00128305
0.00696872
-0.00517386
-0.000778785
-0.00697
-0.00080947
0.00118641
0.00272155
-0.00552233
-0.0010799
-0.00592717
-0.00082117
-0.00183766
-0.00219537
-0.00653917
0.000918685
-0.00646505
-0.00591681
-0.00507685
-0.00082533
-0.0063937
-0.00593987
-0.00604271
-0.00328071
-0.00646999
-0.00372919
-0.00326473
-0.0057634
-0.00621964
-0.00642484
0.00088347
0.00118101
0.000562323
-0.00339217
-0.00556346
-0.00579363
-0.00285027
-0.000750548
-0.00016626
0.000352141
-0.0032766
-0.0009479
-0.00592334
-0.00563464
-0.000426956
-0.00575352
-0.00551519
-0.00300537
-0.00588745
0.000962078
0.000318341
-0.00378497
-0.00599425
0.00173285
-0.000324606
-0.00424423
-0.00321133
-0.00661579
-0.00291883
-0.000610633
-0.00208746
-0.00575805
-0.00389461
-0.00453285
-0.00626502
-0.00618706
-0.00517994
-0.000187544
-0.00237017
-0.000442309
-0.00251717
0.000406711
-0.00367939
-0.00615956
-0.00206123
0.00275606
0.00156744
-0.00416603
-0.00693962
-0.00306567
-0.0054255
-0.00506469
-0.00497232
-0.00655123
-0.00438424
-0.00674706
-0.0041481
-0.00659404
-0.00593877
-0.00527758
-0.00650244
-0.00265986
-0.00428451
0.00271316
-0.00760651
-0.00506683
-0.00716019
-0.00305559
-0.00548556
0.000341484
-0.00504594
0.00123009
-0.00483761
-0.00756831
-0.00512391
-0.00493701
-0.0067096
-0.00411299
-0.00563988
-0.00564313
-0.00493259
-0.00476915
0.00397818
-0.000261865
0.0030276
-0.00460943
-0.00454085
-0.00467444
0.000587487
-0.00498347
0.00100139
-0.00490436
0.000211848
-0.00239919
-0.00594514
-0.00539057
0.000423548
-0.00475338
0.0064339
-0.00713667
-0.00784266
-0.00394023
-0.00578828
-0.00514259
-0.00585664
-0.00484266
-0.00127193
0.00456763
-0.00776346
-0.000763752
-0.00244179
-0.000255598
-0.00305633
-0.00629346
-0.00243198
0.00250496
0.00474906
0.000731417
-0.00341105
0.00186226
-0.000301103
0.00297424
-0.00101482
-0.0035254
-0.00263107
-0.00117988
0.00417666
-0.0059232
-0.00204539
-0.00579843
-0.000496471
-0.00366771
-0.00286911
-0.00231758
-0.0044292
0.0059972
0.00597563
-0.00203175
-0.00340872
-0.00191135
-0.00090406
0.00304308
-0.00412726
0.00561282
0.004523
-0.00101755
-0.00208944
0.00533463
-0.00126292
-0.00593436
-0.00499837
-0.00158085
-0.00390372
-0.00145755
0.00546802
-0.00575486
0.00661452
-0.00124374
-0.00520098
-0.00085669
-0.00636077
-0.00429364
0.00118841
-0.0063285
0.00496057
-0.00468784
-0.00506548
0.00786893
-0.00490047
-0.0063383
0.00401132
-0.00608687
-0.0057847
-0.00529599
0.0037883
-0.00561543
-0.00560102
0.00808295
-0.0061307
-0.00558124
0.00492127
-0.00697554
-0.00549664
-0.00558322
0.00893285
-0.00563572
-0.00689784
-0.00553918
0.00888082
-0.00575527
-0.00569228
0.00914101
-0.00678127
-0.00558015
-0.00537453
0.00823847
-0.00663047
-0.00545989
-0.00557401
-0.00658936
-0.00138669
-0.00668944
-0.00347423
-0.00610041
-0.00589329
-0.00769603
-0.00590886
-0.000767565
-0.00551101
-0.00370394
-0.00656345
-0.0051454
-0.00597929
-0.00512061
-0.001731
-0.00191834
-0.00618103
-0.00326026
-0.00765862
-0.00308997
-0.000235362
-0.00167189
0.00772914
-0.00581014
-0.0031301
-0.00363532
0.00732804
-0.00544772
-0.00439545
0.008097
-0.00221702
-0.00721822
-0.00434039
0.0053916
-0.00481439
-0.00499598
-0.00315177
0.00428285
-0.00288037
6.18267e-06
-0.00516338
-0.00156247
-0.00631167
-0.00735155
-0.00272297
-0.00372358
-0.0084108
-0.00338105
0.00103803
-0.000698698
-0.0025288
-0.000703147
0.00576355
0.000998163
-0.00688013
-0.00610738
-0.00462667
-0.00730258
-0.0022333
-0.0048029
-0.00917223
0.0024457
-0.000759719
-0.00541792
-0.00628806
0.00472342
-0.00301372
-0.00675365
0.00236856
0.00611826
-0.00665297
-0.000931996
-0.0057085
0.00471919
-0.00554044
0.00524139
-0.0011208
-0.00522978
-0.00706091
0.00465498
0.00506917
-0.00708079
-0.000539914
0.00179726
-0.00586791
-0.00635694
-0.000219838
0.00503218
-0.00454994
-0.000497976
-0.00367326
-0.0028665
-0.00231693
0.00599521
-0.00442702
-0.00202945
-0.00341329
0.005979
-0.00190565
-0.000892483
0.00304515
-0.00412303
-0.00101464
0.00561633
0.00453168
-0.00340258
0.00187716
-0.000285757
-0.00100022
0.00298763
-0.00260813
-0.00351985
-0.00117227
0.00418657
-0.00590665
-0.00577662
-0.00202739
0.00809235
-0.00611204
-0.00557646
0.00493483
-0.0069718
-0.00549284
-0.00559108
0.00893877
-0.00690732
-0.0056294
-0.00553015
0.00888944
-0.00577363
0.00914635
-0.00568908
-0.00677439
-0.00557644
0.0082408
-0.00537202
-0.00545577
-0.00662492
-0.00557053
-0.00207166
0.00536337
-0.00124755
-0.00593176
-0.00498073
-0.00388655
-0.00155846
0.00548003
-0.00573745
-0.00145832
0.00662616
-0.00124136
-0.00518042
-0.000845048
-0.00635521
-0.00632237
0.00497618
-0.0046686
-0.0050582
0.00788132
-0.00488624
-0.0063306
-0.00427393
0.00118625
0.00401552
-0.00607834
-0.00529477
-0.0057731
-0.005609
0.00380898
-0.00560116
-0.00520937
-0.000471508
-0.00331483
-0.00242015
-0.00517193
-0.0031998
0.00102369
-0.00500431
-0.00164229
-0.0019025
-0.00611036
-0.0029731
-0.00320573
-0.00760678
-0.00589425
-0.000632528
-0.0054283
-0.00360071
-0.00511024
-0.00591568
-0.00645044
0.00257465
0.00664216
0.00228567
-0.00627586
0.00730853
-0.00194967
0.00284317
-0.000737328
-0.00767038
-0.000541802
-0.000184174
0.00023098
-0.00670382
0.00263892
0.00606516
-0.00658355
-0.000939143
-0.00577424
0.00463723
-0.00554585
-0.00530386
-0.00114149
0.00495904
-0.00703117
0.00463312
0.00483769
-0.00705826
-0.000583852
0.00186611
-0.00637075
-0.00584503
-0.00460963
0.0049597
-0.000331509
-0.00317751
0.00438417
-0.00297935
-5.31625e-05
-0.00515687
-0.0062776
-0.00157896
-0.00373095
-0.00732976
-0.00269032
-0.00840692
-0.00332422
0.000969116
-0.00253581
-0.000771463
0.000952124
-0.00674161
-0.00608233
-0.00466084
-0.00224369
-0.0072328
-0.00480443
-0.000706481
0.00581106
-0.00910906
0.00260047
-0.00539807
-0.000768898
-0.00307908
0.00485593
-0.00627157
0.00208572
-0.00357657
0.00143343
-0.00131111
-0.00487208
-0.00636838
0.00159918
0.00575632
0.00243517
-0.00505421
0.00127668
0.00696878
-0.00516577
-0.000773423
0.0054348
-0.00654002
-0.00500722
-0.00302994
-0.000691319
-0.0050808
-0.00627702
-0.00695678
-0.000653044
0.00130378
0.00286168
-0.00543094
-0.00107816
-0.00594576
-0.00234338
-0.00269524
0.000161731
-0.00226102
-0.000205073
-0.00114239
-0.000547512
-0.00247181
-0.00114108
-0.00265519
0.00110995
-0.00583397
-0.0040565
-0.00302342
-0.00584625
-0.0056931
-0.00671841
0.00177964
-0.000149716
-0.00389291
-0.00762397
0.00157557
-0.00736758
-0.0024577
0.00054081
-0.00425062
9.02676e-05
-0.00659225
-0.00114092
-0.00435962
0.00106878
-0.00550705
-0.00800318
-0.00572105
-0.00282715
-0.000165105
-0.000724803
-0.000928024
0.000384055
-0.00323604
-0.00587517
-0.00552619
-0.000442316
-0.00571329
-0.0029561
-0.00545488
-0.00577954
-0.00205471
0.00272247
0.00150377
-0.0041858
-0.00699645
-0.00540944
-0.00299399
-0.00491181
-0.00648889
-0.00498636
-0.00440985
-0.00683239
-0.00661817
-0.00425731
-0.00645812
-0.00599603
-0.00542967
-0.00262619
-0.00446474
0.00270093
-0.00740805
-0.00286769
-0.00517417
-0.00690747
0.00180022
0.00105446
0.00041606
-0.00376823
-0.00591987
-0.000295444
-0.00425741
-0.0031418
-0.00653438
-0.000591868
-0.00285189
-0.00564793
-0.00204002
-0.00039249
-0.00260084
0.000497264
-0.00359095
-0.00604066
-0.00389474
-0.00458367
-0.00624379
-0.00617791
-0.00508548
-0.00245728
-0.000149532
-0.00549438
0.000314461
0.00125734
-0.00502291
-0.00753277
-0.00514506
-0.00487171
-0.00496281
-0.00681811
-0.00402669
-0.00567103
-0.00548822
-0.00501928
-0.00478929
-0.00238166
-0.00593291
0.000382464
-0.00535433
0.00645879
-0.00710685
-0.00469486
0.0045447
-0.00773263
-0.00246531
-0.000799877
-0.00783822
-0.00392105
-0.00573713
-0.00513168
-0.00127202
-0.00584068
-0.00482534
-0.000252437
-0.00311675
-0.00610223
-0.00239863
0.00259915
0.00475235
0.00070749
-0.00460259
-0.0045428
-0.00467266
-0.00497086
0.00100138
0.000590919
-0.00491002
0.000209087
-0.0079003
-0.0048431
-0.00290391
-0.00662941
-0.00654032
-0.00450677
-0.00686054
-0.00307412
-0.00442676
-0.00316975
-0.00018745
-0.00427616
-0.00589092
-0.00651754
-0.00627419
-0.00228666
-0.00641253
-0.00607461
-0.00404917
-0.00468044
-0.00200882
-0.00403414
-0.00187792
-0.00479669
-0.00284958
-0.00389492
-0.00556714
-0.00363805
-0.00300562
-0.00598013
-0.00386637
-0.00373287
-0.00342867
-0.00665613
-0.00666851
-0.00687846
-0.0058121
-0.00536527
-0.00572404
-0.00200094
-0.00444074
-0.00418083
-0.00416899
-0.00598521
-0.00292119
-0.00309671
-0.00062564
-0.00121148
-0.00332534
-0.0046189
-0.00123277
-0.00375566
-0.00615702
-0.000288809
-0.00609845
-0.00191721
-0.00592813
-0.00642318
-0.00398833
-0.00612136
-0.00686304
-0.00354783
-0.00634594
-0.0065447
-0.0012387
-0.00453629
-0.00309747
-0.00738307
0.00611733
-0.00227052
-0.00269267
-0.00976283
-0.00483236
-0.00689441
-0.00376052
-0.00540968
-0.00668279
-0.00712747
0.00477561
-0.0073571
-0.0076428
-0.00691447
-0.0044778
-0.00698827
-0.00538336
-0.00729123
-0.00587433
-0.00978994
-0.00755694
-0.00644093
0.00365147
-0.00834914
-0.00313511
-0.00589163
-0.00410755
-0.00267552
0.000913342
-0.00512044
-0.00433302
-0.00416381
-0.00209198
0.000104189
-0.00560058
-0.002927
-0.000983368
-0.00477367
-0.00288068
-0.00228762
-0.00533654
-0.00322392
-0.00276547
-0.00296467
-0.00643807
-0.00625434
-0.00612833
-0.00516055
-0.0050335
-0.0044672
-0.00532596
-0.00715021
-0.00687696
-0.000614024
-0.0063068
-0.000812243
-0.000671329
0.000202256
-0.00567694
-0.000842044
-0.000782786
-0.00635957
-0.00510141
-0.0056654
-0.00776738
-0.00532679
-0.00585905
-0.00537741
-0.00542325
-0.00510323
-0.0066658
-0.00731908
-0.0052594
-0.00602661
-0.00553646
-0.00713823
-0.00817816
-0.00574893
-0.000522141
-0.00354244
-0.00458667
-0.00587314
-0.00880553
-0.0062207
-0.00594599
-0.0063769
-0.0013258
-0.00649448
-0.00465993
-0.00486678
-0.00430432
-0.00493199
-0.00557008
-0.00138012
-0.0086111
-0.00692311
-0.00702655
-0.000653444
-0.00145289
-0.000889651
-0.000549988
-0.00497624
-0.00747845
-0.00645334
0.00084549
-0.00214393
-0.00778577
-0.00506216
-0.00617693
-0.0100735
-0.00950724
-0.00880812
-0.00146864
-0.00642752
-0.00777225
-0.00576242
-0.0113784
-0.00726253
-0.00688599
-0.00680416
-0.00282171
-0.00753405
-0.00744488
-0.00658613
-0.00458799
-0.00856465
-0.0062165
-0.0063921
-0.00782937
-0.0119997
-0.00650719
-0.00452944
-0.00469138
-0.000913326
-0.00523622
-0.00238977
-0.00658568
-0.00590027
-0.0109654
-0.00551014
-0.00298122
-0.0075434
-0.00748405
-0.00858943
-0.00709937
-0.00978246
-0.00819698
-0.000161193
-0.0071396
-0.00782218
-0.00788528
-0.00578769
-0.00785457
-0.00662575
-0.00894994
-0.00761922
-0.00931464
-0.00860482
-0.00862758
0.00103169
-0.00855552
-0.0057369
-0.00373154
-0.00862419
-0.00674807
-0.00842234
-0.00955064
-0.00541786
-0.00249199
-0.00450683
-0.0091729
-0.00704257
-0.00710493
-0.00721325
-0.00527257
-0.00807757
-0.00556492
-0.00663062
-0.00599904
-0.00792745
-0.0063091
-0.00639589
-0.006718
-0.00893811
-0.00783029
-0.00853662
-0.00837629
-0.00652951
-0.00844572
-0.0088256
-0.00855139
-0.00824566
-0.00780579
-0.00786292
-0.00832677
-0.00646028
-0.00766072
-0.00293064
-0.0073757
-0.0111211
-0.00568872
-0.00290777
-0.00289252
-0.0117731
-0.0124891
-0.0085508
-0.00712852
-0.00558844
-0.0105916
-0.00602521
-0.00645628
-0.00944703
-0.00921401
-0.00578501
-0.00776083
-0.00706265
-0.00994594
-0.00866607
-0.0109861
-0.00344354
-0.00722614
-0.00693514
-0.00572885
-0.00302187
-0.0125228
-0.00901448
-0.00906014
-0.00894988
-0.00966961
-0.00867692
-0.00936832
-0.00655889
-0.00777368
-0.00901235
-0.00910098
-0.0109978
-0.00664284
-0.00860187
-0.0107777
-0.00958884
-0.00856593
-0.00452907
-0.00946909
-0.00944943
-0.00950143
-0.0120966
-0.00892911
-0.00680977
-0.00682059
-0.00687643
-0.00894489
-0.00884706
-0.00829648
-0.00949668
-0.00966441
-0.00812346
-0.00923323
-0.00847529
-0.00945694
-0.00937628
-0.00919516
-0.00910939
-0.00885402
-0.0089528
-0.00891314
-0.00916791
-0.00829909
-0.00845244
-0.00707758
-0.00863597
-0.00814575
-0.00813446
-0.00837656
-0.00836852
-0.00810608
-0.0074167
-0.00840697
-0.00878659
-0.00880035
-0.00827247
-0.00831758
-0.00738551
-0.00276137
-0.00811964
-0.00850872
-0.0077145
-0.007815
-0.00955716
-0.00757143
-0.0115971
0.000136594
-0.00830304
-0.00967785
-0.00809259
-0.00841674
-0.00725796
-0.00748762
-0.00852275
-0.00783958
-0.00740851
-0.00759232
0.000177893
-0.0076288
-0.0114089
-0.00584916
-0.00897635
-0.00673347
-0.0113103
-0.00959455
-0.00097073
-0.010107
-0.00798855
-0.00936416
-0.00704594
-0.000115152
-0.0108406
-0.00943795
-0.0096196
-0.00192429
-0.000383267
-0.0073083
-0.00486456
-0.00956008
-0.00653527
-0.0108793
-0.00468584
-0.00707292
-0.00736707
-0.0113126
-0.00767096
-0.00671698
-0.00685499
-0.00664784
-0.00610526
-0.0088875
-0.00555446
-0.0104435
-0.00675349
-0.00590098
-0.0064856
-0.00621926
-0.00762625
-0.0077271
-0.0059517
-0.00688104
-0.00883866
-0.0066749
-0.00729922
-0.00921161
-0.0068486
-0.00793146
-0.00580788
-0.00560713
-0.00346993
-0.0057484
-0.00367754
-0.00393536
-0.00583251
-0.00371865
-0.0048801
-0.00451305
-0.00706652
-0.00673329
-0.00670254
-0.00572041
-0.00629871
-0.00615302
-0.00593024
-0.00772833
-0.00864548
-0.00467166
-0.00185365
-0.00369321
-0.00837731
-0.00821212
-0.0060677
-0.000981621
-0.00724016
-0.00520128
-0.00686013
-0.0108899
-0.00620279
-0.00600857
-0.00668851
-0.00211068
-0.00658996
-0.0058657
-0.00395978
-0.00792704
-0.00558974
-0.00571957
-0.00595742
-0.011355
-0.00734464
-0.00385017
-0.00399708
-0.000338841
-0.00636716
-0.00677891
-0.00665632
-0.00497868
-0.00757944
-0.00453538
-0.00557393
-0.00574433
-0.00614695
-0.00581007
-0.00550041
-0.00738841
-0.00792037
-0.0077455
-0.00750521
-0.00716693
-0.00723003
-0.00603867
-0.00779512
-0.00806269
-0.00706391
-0.00743598
-0.00790806
-0.0075458
-0.00579558
-0.00819806
-0.00470607
-0.00162384
-0.00606166
-0.00526956
-0.0103714
-0.004891
-0.002326
-0.00379623
-0.000695911
-0.00106833
-0.00289721
-0.00405509
-0.00360132
-0.012622
-0.00523336
-0.00946627
-0.00974136
-0.00898137
-0.00813393
-0.00877784
-0.00760322
-0.00881542
-0.00789079
-0.00880087
-0.00968634
-0.00992541
-0.00985173
-0.00904824
-0.00533647
-0.00965119
-0.00832735
-0.00898401
-0.00932194
-0.00927188
-0.00885531
-0.00890035
-0.00945078
-0.00589406
-0.00937788
-0.0104257
-0.0087774
-0.00987535
-0.00631837
-0.00915008
-0.00923727
-0.0045352
-0.00550883
-0.00998001
-0.00783204
-0.00735976
-0.00694257
-0.00897431
-0.00835
-0.00849589
-0.00722507
-0.00900845
-0.00830026
-0.00795311
-0.00761518
-0.0088054
-0.00948962
-0.00318452
-0.0104462
-0.00933178
-0.00963065
-0.00377697
-0.00822919
-0.00983538
-0.0087794
-0.00867453
-0.0078662
-0.00884549
-0.00925459
-0.00904212
-0.0085747
-0.00881399
-0.0100598
-0.00984043
-0.00808934
-0.00890484
-0.00853357
-0.00817738
-0.00885119
-0.00801608
-0.00870264
-0.00881784
-0.00885516
-0.00575539
-0.00843448
-0.00832772
-0.00998542
-0.00836507
-0.0084456
-0.00915313
-0.00496979
-0.00815593
-0.00777856
-0.00716433
-0.00942409
-0.00915335
-0.00952143
-0.0081046
-0.00873289
-0.00803346
-0.00934805
-0.00945645
-0.00854196
-0.00750864
-0.00756839
-0.00853315
-0.00852099
-0.00739687
-0.00884053
-0.00876734
-0.00818801
-0.00764095
-0.00916559
-0.00494301
-0.011123
-0.00405836
-0.00919687
-0.0109052
-0.00446755
-0.00494046
-0.00547736
-0.00640037
-0.00963355
-0.00786455
-0.00816085
-0.00771596
-0.00543111
-0.00746666
-0.00654764
-0.00866011
-0.00913287
-0.00766245
-0.00820142
-0.00880747
-0.00883822
-0.0075939
-0.00807282
-0.0072505
-0.00761734
-0.00815676
-0.0091204
-0.00794817
-0.00803937
-0.00859102
-0.00869696
-0.00957178
-0.0082091
-0.00597674
-0.0100529
-0.00727693
-0.00947327
-0.00890503
-0.00750504
-0.00715444
-0.00826412
-0.00628225
-0.0104786
-0.00737647
-0.0107406
-0.00518441
-0.00702909
-0.00875118
-0.00841427
-0.00997933
-0.00854101
-0.00798343
-0.00841228
-0.00775617
-0.00745232
-0.00660618
-0.0106796
-0.0104777
-0.00617915
-0.00767041
-0.00844825
-0.0100989
-0.0102178
-0.00825424
-0.00674525
-0.00768427
-0.00958066
-0.00400408
-0.0103191
-0.00775454
-0.00690988
-0.00756347
-0.00793427
-0.00789229
-0.0103012
-0.0087928
-0.0080648
-0.00614488
-0.0105272
-0.00747295
-0.00701095
-0.00500595
-0.00416317
-0.00732233
-0.0101586
-0.00901737
-0.00864337
-0.00888163
-0.00489589
-0.008187
-0.00844444
-0.00704044
-0.00657764
-0.00710314
-0.00671949
-0.00640701
-0.00638887
-0.00885034
-0.00755894
-0.00897291
-0.00772911
-0.0071989
-0.00722639
-0.00664083
-0.00683926
-0.0122901
-0.00250694
-0.0118378
-0.00811857
-0.00861309
-0.0106857
-0.00825259
-0.006443
-0.00914445
-0.008653
-0.0112474
-0.00822205
-0.00783865
-0.00566501
-0.00743933
-0.00830809
-0.010472
-0.00458579
-0.0112102
-0.00855967
-0.00758389
-0.00935245
-0.00540991
-0.0047061
-0.0101416
-0.00800891
-0.00917683
-0.0094893
-0.00661321
-0.0099998
-0.00817633
-0.00872012
-0.00662284
-0.00966994
-0.00918888
-0.00959247
-0.0104312
-0.00958896
-0.00915997
-0.00963725
-0.00902401
-0.00928078
-0.00870954
-0.00954985
-0.00876575
-0.00842201
-0.00881123
-0.00847267
-0.00865489
-0.00716925
-0.00819875
-0.00779521
-0.00765359
-0.00886934
-0.00807915
-0.00724531
-0.00684028
-0.00910494
-0.00936773
-0.00906023
-0.00888692
-0.00846796
-0.00947514
-0.0087493
-0.00948619
-0.0104734
-0.00595959
-0.00990302
-0.00917031
-0.00916387
-0.00981848
-0.00977296
-0.00828124
-0.00933516
-0.00857146
-0.00868119
-0.00979076
-0.0101976
-0.00988866
-0.00902263
-0.00943732
-0.00963415
-0.00924399
-0.00978409
-0.00646195
-0.00883577
-0.00824167
-0.00808805
-0.00911629
-0.00829574
-0.00917349
-0.00918536
-0.00933675
-0.00950051
-0.00830954
-0.00863322
-0.00928625
-0.00938693
-0.0094847
-0.00813468
-0.00867971
-0.00950862
-0.00914502
-0.00834396
-0.00841228
-0.00679201
-0.00950584
-0.0115922
-0.00888506
-0.00832036
-0.0100575
-0.00861118
-0.00933194
-0.0100378
-0.00787898
-0.0114783
-0.00723173
-0.00887465
-0.00914448
-0.00685144
-0.00817009
-0.00813819
-0.0085849
-0.00871682
-0.00943283
-0.0091011
-0.009089
-0.00855789
-0.00922879
-0.0090153
-0.00909252
-0.00908974
-0.00878796
-0.00920244
-0.00889798
-0.00920382
-0.00875966
-0.00623968
-0.00834717
-0.00915046
-0.00902911
-0.00845179
-0.00881217
-0.00811951
-0.00890518
-0.00918843
-0.00991351
-0.00770622
-0.0091921
-0.00853884
-0.00955624
-0.00890527
-0.00877228
-0.0082477
-0.00953032
-0.00970992
-0.00918681
-0.00829656
-0.00845253
-0.00887344
-0.00948849
-0.00902803
-0.00868015
-0.00879679
-0.00910492
-0.00787109
-0.0089521
-0.00895394
-0.0079795
-0.00919694
-0.0089663
-0.0096204
-0.00846379
-0.0084623
-0.00843801
-0.00893804
-0.00912075
-0.0085091
-0.00936991
-0.00857144
-0.00913442
-0.00828176
-0.00937318
-0.00881604
-0.00878558
-0.00929774
-0.00821868
-0.00848526
-0.00878102
-0.00885632
-0.00867731
-0.00867071
-0.00838318
-0.0085466
-0.00844261
-0.00919516
-0.00712977
-0.00908888
-0.00917677
-0.00809235
-0.00892511
-0.00865317
-0.00898255
-0.00912933
-0.0088786
-0.00922233
-0.00947991
-0.00870728
-0.00888046
-0.00868818
-0.00892719
-0.00879733
-0.00878359
-0.00884944
-0.00892919
-0.00887979
-0.00861498
-0.00901576
-0.00943284
-0.0097069
-0.00895422
-0.00969835
-0.00908008
-0.00890579
-0.00890903
-0.00894386
-0.00922741
-0.00919291
-0.00751602
-0.00946802
-0.00878139
-0.0086471
-0.00874092
-0.00877125
-0.00891367
-0.00889776
-0.00927651
-0.00899536
-0.00972798
-0.00892541
-0.00992864
-0.00891289
-0.00916678
-0.00947392
-0.00767518
-0.00934162
-0.00881742
-0.00929706
-0.00941376
-0.00724593
-0.00852984
-0.00770461
-0.00877423
-0.00767684
-0.00809066
-0.00843744
-0.00796777
-0.00901009
-0.0084963
-0.00841174
-0.00842284
-0.00827038
-0.00884849
-0.00816238
-0.00765801
-0.0106097
-0.00818155
-0.00964281
-0.00916491
-0.00867312
-0.00848328
-0.00883991
-0.00875352
-0.0085583
-0.00892182
-0.00834303
-0.0089134
-0.0086153
-0.00916207
-0.00856348
-0.0086583
-0.00853466
-0.00848796
-0.00752434
-0.00832591
-0.00859715
-0.00885049
-0.00914848
-0.00761414
-0.00832934
-0.00893903
-0.00875813
-0.00884625
-0.00890795
-0.00883384
-0.00845851
-0.00895417
-0.00845129
-0.00869197
-0.00847472
-0.00855919
-0.00846983
-0.00858839
-0.00837588
-0.008688
-0.00882722
-0.00909802
-0.00899131
-0.00914076
-0.00883199
-0.00875155
-0.00890545
-0.0084888
-0.00875397
-0.00900895
-0.00858802
-0.00883767
-0.00919893
-0.00882511
-0.00910976
-0.00759438
-0.00908761
-0.00896138
-0.00880874
-0.00873399
-0.00876708
-0.00894476
-0.00915867
-0.00877025
-0.00898535
-0.00882333
-0.00868561
-0.00713342
-0.00902764
-0.00795983
-0.00864825
-0.00883259
-0.0089698
-0.00877288
-0.00909349
-0.00860819
-0.00884796
-0.00789816
-0.00618793
-0.0107013
-0.00877325
-0.00780111
-0.00826929
-0.00911688
-0.00814759
-0.00859294
-0.0093522
-0.00776931
-0.00693819
-0.0106069
-0.00843412
-0.00886415
-0.00678314
-0.00800644
-0.00795072
-0.007898
-0.00807378
-0.00884483
-0.00884698
-0.00846012
-0.00806353
-0.0084855
-0.00840007
-0.00830622
-0.00896912
-0.00585031
-0.00852935
-0.00992751
-0.00892226
-0.0087618
-0.00804928
-0.0085675
-0.00803219
-0.00834633
-0.0070584
-0.00803391
-0.00914697
-0.00873215
-0.00888989
-0.00850989
-0.00867893
-0.00891658
-0.00819519
-0.00783361
-0.00678644
-0.00649081
-0.00730332
-0.00704618
-0.00831671
-0.00754462
-0.00777128
-0.00853647
-0.0077043
-0.00871137
-0.00837518
-0.00880323
-0.0080029
-0.00801701
-0.00863372
-0.0080911
-0.00839779
-0.0076176
-0.00818181
-0.00873202
-0.00896565
-0.00787468
-0.00885782
-0.00625091
-0.00952462
-0.00797491
-0.00857308
-0.00877338
-0.00803571
-0.00870157
-0.0081319
-0.00895278
-0.00837412
-0.00841504
-0.00865414
-0.0081855
-0.0084907
-0.00889248
-0.00779855
-0.0082386
-0.00897413
-0.00996278
-0.00553605
-0.00932667
-0.00844702
-0.00871757
-0.00908613
-0.00918481
-0.00778332
-0.00831822
-0.00786605
-0.00877145
-0.00908559
-0.00963571
-0.00950506
-0.00858423
-0.00886674
-0.00899238
-0.00867614
-0.00886878
-0.00812867
-0.00888076
-0.00803015
-0.0073885
-0.00674991
-0.00790495
-0.00693883
-0.00785662
-0.0084366
-0.00857097
-0.00872107
-0.00907067
-0.00820696
-0.00845284
-0.00524852
-0.00885753
-0.00826701
-0.00979444
-0.00801333
-0.00896176
-0.00923877
-0.00914453
-0.0045843
-0.00849629
-0.0088841
-0.00491903
-0.00944802
-0.00935122
-0.00859938
-0.00584087
-0.0038912
-0.00889848
-0.00309387
-0.011644
-0.00454478
-0.00950206
-0.00947706
-0.0113409
0.00188366
0.00129429
-0.00876663
0.000247511
-0.00642607
-0.00623558
0.00213712
-0.00783571
0.0034459
-0.00571292
-0.00447331
-0.0128714
0.0010577
-0.0116109
-0.00803832
-0.0112441
-0.00600983
-0.00937187
-0.013289
0.00278887
-0.0123644
-0.00755708
-0.0112799
-0.00569346
-0.00967163
-0.00850086
-0.00627515
-0.0122254
-0.00198841
0.00084112
-0.0122749
-0.0126074
-0.0093709
-0.00245097
-0.0110218
-0.011499
-0.00863708
-0.00553245
-0.0135149
-0.000958557
0.00142949
-0.0115953
-0.0104483
-0.0090252
3.1341e-05
-0.0101626
-0.0118223
-0.00714507
-0.0115601
-0.0112453
-0.0120309
-0.00156406
-0.000628783
-0.00688173
-0.0130654
-0.0136382
-0.00287069
-0.00254158
-0.00965446
-0.00778721
-0.00660395
-0.007002
-0.0068725
-0.00816634
-0.00855313
-0.00645389
-0.00782896
-0.00968593
-0.00701328
-0.00796302
-0.00980906
-0.00841332
-0.00721095
-0.00830147
-0.000580122
-0.0126837
-0.00887663
-0.0104003
-0.00922293
-0.00884621
-0.00813069
-0.00797477
-0.00926119
-0.00943694
-0.00744285
-0.0120605
-0.010333
-0.0107056
-0.00166076
-0.00878722
-0.0088811
-0.00851255
-0.000565694
-0.008538
-0.00670458
-0.0124284
-0.00874217
-0.00238007
-0.0109742
-0.00199138
-0.0104272
-0.00664009
-0.00493271
-0.00207511
-0.00557894
-0.00836863
-0.00541756
-0.00839961
-0.00942214
-0.0064037
-0.00663737
-0.00769552
-0.00999773
-0.00241613
-0.00602184
-0.00637837
-0.0111623
-0.00764349
-0.00598501
-0.00479784
-0.00931609
-0.00505471
-0.00506333
-0.0119346
-0.00225153
-0.00818864
-0.00824224
-0.00870473
-0.00821739
-0.00574234
-0.00786125
-0.0086234
-0.00895443
-0.00786423
-0.00364458
-0.00868003
-0.0113473
-0.00883235
-0.00895104
-0.007096
-0.00863093
-0.0104423
-0.00844671
-0.0100792
-0.00785569
-0.00589957
-0.00217234
-0.0110356
-0.00901892
-0.0048998
-0.0106595
-0.00128206
-0.00859958
-0.00866235
-0.0053651
-0.00857488
-0.00851739
-0.00108366
-0.00425339
-0.01093
-0.0040528
-0.00862205
-0.00303901
-0.00648244
-0.00960255
-0.00364941
-0.0112399
-0.00479944
-0.00880949
-0.00623705
-0.00243315
-0.00944276
-0.00059881
-0.00535652
-0.0094487
-0.00540441
-0.00137404
-0.0114323
-0.00883846
-0.000739833
-0.00879121
-0.00410415
-0.0102386
-0.00162965
-0.0100564
-0.000730401
-0.000264426
-0.00372799
-0.0091878
-0.00916019
-0.0081649
-0.00504968
-0.00476839
-0.00831434
-0.0083866
-0.00755304
-0.00649566
-0.00976954
-0.00554323
-0.00874846
-0.0107286
-0.00116567
-0.00105538
-0.00535292
-0.00807867
0.00108932
-0.000256214
-0.00375002
-0.00463338
-0.00177197
-0.00418599
-0.00151165
-0.00289126
-0.00198634
-0.00337878
-0.00873849
0.00379422
-0.0083978
-0.000113286
-0.00706545
-0.00723065
-0.00708102
-0.00431197
-0.00646626
-0.00430023
-0.0101543
-0.00645576
-0.00771765
0.00336617
-0.00721295
-0.00823412
-0.00184569
-0.00646003
-0.00159591
-0.0100475
0.00498166
0.00301494
-0.00590465
-0.00707625
-0.00302914
-0.00558138
-0.00287417
0.00458844
-0.00660017
-0.00288786
-0.00301094
-0.00388716
-0.00396277
-0.00398582
-0.00121051
-0.006834
-0.00690024
-0.00358238
-0.00732655
-0.00821727
-0.00468953
-0.00738347
-0.00754653
0.00214586
-0.0106587
-0.00782109
-0.00823601
-0.00489428
-0.00752552
-0.00784483
-0.00754053
-0.00808046
-0.00823862
-0.00728509
0.00372353
-0.00904484
-0.00394766
-0.0132993
-0.00766145
-0.00561659
-0.00662251
-0.00601542
-0.00717654
-0.00703168
0.00253805
-0.00694821
-0.00161311
-0.00785083
-0.00112487
-0.00383259
-0.000375283
-0.00897064
-0.00043304
-0.00731592
-0.00769907
-0.00452703
-0.00302616
-0.00740922
-0.000411864
-0.00844925
-0.00866759
-0.00569043
-0.00713322
-0.000459398
-0.00888167
-0.00350114
-0.00148067
-0.00937939
0.00155377
-0.00369557
-0.00732521
-0.00685059
-0.000428939
-0.00623929
-0.000414681
-0.00521045
-0.00498487
-0.0058288
-0.0054322
-0.00560192
-0.00508756
-0.00666777
-0.00635037
-0.00673732
-0.0049096
-0.00539761
0.00107247
-0.00865314
-0.0054323
-0.0053085
-0.00828376
-0.00649078
-0.00617879
-0.00444734
-0.00696999
-0.00555859
-0.00840477
-0.0121344
-0.00638819
-0.00374643
-0.00970154
-0.00636942
-0.00890079
-0.00470675
0.00190531
-0.0048021
-0.00492174
-0.00700607
-0.00890974
-0.00452016
-0.00481996
-0.00474447
-0.000894254
-0.00582768
0.00102359
-0.00543107
-0.00176742
0.00228329
-0.0105567
0.00168684
-0.00545575
-0.00525105
-0.00662642
-0.00336259
-0.0047309
-0.00424452
-0.00841328
-0.00356
-0.00563357
-0.00593847
-0.00742978
-0.00452196
0.00365248
-0.00687487
0.00487217
-0.00631464
-0.002713
-0.00791599
-0.00683454
-0.00442886
-0.00375959
-0.00901289
0.00468422
0.00600455
-0.00619792
-0.00147169
-0.00154866
-0.0025296
-0.00796342
-0.00395689
-0.00690532
-0.00323815
-0.00569468
-0.00297106
-0.00646942
-0.00592381
-0.000237583
-0.00628807
-0.00382418
-0.00646793
-0.00458247
-0.00672429
-0.00608833
-0.00111848
-0.00677263
-0.00231223
-0.000984282
-0.000126697
-0.00377387
-0.00297135
-0.00461795
4.6716e-05
-0.00685746
-0.000204466
-0.00721451
-0.00733655
-0.00742895
-0.00326578
-0.00800407
-0.000812553
-0.00646804
-0.00592981
-0.00664267
0.000540124
0.00688608
-0.00214863
-0.00399721
-0.0060021
-0.0026868
-0.00396586
0.00621243
0.000936378
0.00021756
-0.00642469
-0.00866905
-0.00309407
-0.00710393
0.00034853
-0.00806719
-0.00618957
-0.00342756
0.00552354
-0.00453936
-0.00792522
0.00544132
-0.00686508
-0.00901915
-0.00424277
-0.00936434
-0.0074992
-0.00803241
-0.00522084
-0.00418242
-0.000410457
-0.00926811
-0.00422979
-0.00716945
-0.00556662
-0.00496647
-0.000273715
-0.00110502
-0.00382057
-0.00744679
-0.00481693
-0.0059031
-0.00747428
-0.00291537
-0.00745355
-0.00801519
-0.003613
-0.00328615
-0.00256445
-0.000156107
-0.00245254
-0.00681738
-0.00680224
-0.00503883
-0.00217954
-0.00253323
0.00301893
-0.00400865
0.000167564
7.6121e-05
-0.00190368
-0.00492035
-0.00121062
1.45002e-06
-0.00701143
-0.00735765
-0.00765175
-0.00847219
-0.00721348
-0.00735906
-0.00752619
-0.00508522
-0.000565424
-0.00570671
-0.00396772
-0.00138097
-0.00338202
-0.00397037
-0.00727854
-0.000886065
0.00419193
-0.00739577
-0.0058102
-0.00393771
-0.00385706
-0.00251658
-0.0032601
-0.00334844
-0.00716934
0.00263928
-0.00347185
-0.00188048
-0.00318948
-0.00588527
-0.00303667
-0.00374581
-0.003598
0.00467441
0.00465759
0.00548957
-0.00360484
-0.00524286
-0.00386169
-0.00291068
-0.00776544
-0.00235754
-0.0042431
-0.00657793
-0.00930324
0.00544386
-0.00572839
-0.00455685
-0.00360024
-0.00659582
-0.00349519
-0.00429414
-0.00425231
-0.00435062
0.00043737
-0.00551899
-0.00868746
-0.00411824
-0.00462848
-0.0039644
-0.00607006
-0.00528848
0.00863915
-0.00476274
0.00421844
-0.00531917
-0.0031486
-0.00770658
-0.00671684
-0.00502609
-0.00563318
-0.00494019
-0.00221735
-0.00214741
-0.00381526
0.00487097
-0.00466512
-0.00613702
-0.00735015
-0.00394144
-0.00251475
-0.00149946
-0.00659615
-0.00330264
-0.0026155
0.0044921
-0.00514657
-0.00493405
-0.00403047
0.0047218
-0.00642149
-0.00610577
0.00757149
-0.00203133
-0.00668736
-0.00557082
-0.00557567
-0.00713219
-0.00708857
0.00302997
-0.00576633
-0.0076528
-0.00551848
-0.00659487
0.00147204
0.00192903
-0.00624681
-0.00778513
-0.00196728
-0.00575454
-0.00566652
0.00927608
0.00894654
0.00114436
-0.00558942
0.00755517
-0.00344729
-0.00594646
-0.00649314
0.00397331
-0.00371572
-0.00596173
0.00224267
-0.00675276
-0.00654099
-0.00642471
-0.00750077
-0.00703115
-0.00663663
-0.0067802
-0.00161333
-0.00814839
0.00268105
-0.00769816
-0.00491265
-0.00703669
0.000536566
0.000622569
-0.0020882
-0.00697951
-0.00736598
-0.00593173
-0.00290087
-0.00745323
-0.00299951
-0.00477257
-0.000170154
0.00403831
-0.00826107
0.000473803
-0.00649919
-0.00556832
-0.00330819
-0.00614613
-6.26621e-05
-0.00701127
-0.00769334
-0.00782344
-0.00891985
-0.00734185
-0.0052487
-0.0039677
0.00486339
-0.00698674
-0.00763748
0.00188079
0.00154062
-0.007061
-0.00477049
-0.00515649
-0.00427794
0.00598919
-0.00592189
0.00079973
-0.00652107
-0.0064395
-0.00783086
-0.00639487
-0.00758277
-0.0065776
-0.00637328
-0.000549695
-0.00897639
-0.00665534
0.00143398
-0.0075615
0.00132447
-0.00747082
-0.0101385
-0.00804726
-0.00731638
-0.00600902
-0.00656683
-0.00963488
-0.00715203
-0.00589296
-0.00383469
-0.00455484
0.00359644
-0.00778933
0.00442978
0.00490733
0.00385823
-0.00184232
0.00201769
-0.00191771
-0.00171849
-0.00625433
-0.00840053
-0.00961472
0.000792511
0.000715105
-0.00792702
-0.000293748
-0.00712175
0.00649295
-0.000842535
0.00300645
-0.00623643
-0.00189592
-0.00132078
0.00391433
-0.00774905
-0.00773545
-0.00654399
0.00598539
-0.00664225
0.00578577
-0.00836337
-7.01888e-05
-0.00792394
-0.00086778
-0.00759554
0.00638732
-0.00383734
-0.00870484
-0.00622806
-0.000980789
-0.00121554
-0.00441472
-0.00255179
-0.00343702
-0.00456292
-0.00370264
-0.00285488
-0.00421529
-0.00118008
-0.00635657
0.000572706
0.00706796
0.00718821
-0.0072103
-0.00253197
0.00386773
-0.00748423
-0.00256503
0.00320862
-0.00734408
-0.00365155
-0.00300323
-0.00338244
-0.00856411
-0.00217504
-0.00511403
-0.00293481
-0.00439852
-0.00821071
-0.0037428
-0.00127671
-0.00529886
-0.00223181
-0.00325648
0.00892107
0.00960269
0.00276101
-0.0039496
0.0073573
-0.000388218
-0.00956058
-0.00370077
-0.00532831
-0.00377872
-0.00509835
-0.0100617
-0.0037872
0.00874462
-0.00337846
-0.000965258
-0.00431936
-0.00395463
-0.00462463
-0.00377546
-0.00282992
-0.00777542
-0.00350892
-0.00872364
-0.00344203
-0.00253706
-0.00463972
-0.00571072
-0.00675186
-0.00654024
-0.00750093
-0.00642234
-0.00678123
-0.0070298
-0.00663256
0.00266801
-0.00576764
-0.00264696
0.00909315
0.00106663
0.000865064
-0.0047851
-0.00580973
-0.00612678
0.00153767
-0.00395459
0.00289056
-0.00640144
-0.00610036
0.0075925
-0.00199502
-0.00556794
-0.00666835
-0.00554204
-0.00711518
-0.0070886
-0.00576396
0.00303669
-0.0055186
-0.00658576
-0.00764927
-0.00395995
-0.00698269
0.00488295
-0.00761804
0.00188834
-0.00705027
0.00155647
-0.00476798
-0.00515338
-0.00651764
-0.0064373
-0.00782784
-0.0063899
-0.00636465
-0.0065761
-0.00757642
-0.00425927
0.00601042
0.000822933
-0.00590187
-0.0089733
-0.00665425
0.00143284
-0.00755648
0.00132797
-0.0101366
-0.00746893
-0.00053993
-0.00803421
-0.00729132
-0.00655626
-0.00598819
-0.00587728
-0.0071389
-0.00961589
-0.00157437
0.00270574
-0.0081173
-0.00766634
-0.00487717
0.000560724
-0.00700082
-0.00297195
-0.000137453
-0.00474511
0.000632176
-0.00209753
-0.00694855
-0.00735467
-0.00742298
-0.00293155
-0.0058975
0.00405074
-0.00820902
0.000540043
-0.00643229
-0.00553455
-0.0061083
-0.00328674
-3.74172e-05
-0.00696611
-0.00779075
-0.00767882
-0.00522197
-0.00732135
-0.00888771
0.00624826
-0.000986314
-0.00633096
0.00297725
-0.00212573
-0.00142254
0.00362784
-0.00775542
-0.00772428
-0.00666117
0.00576814
-0.00672796
0.00552476
-0.00843869
-0.000114535
-0.00792354
-0.000954047
0.00623993
-0.0075582
-0.00200369
-0.00459284
-0.00793011
-0.00470358
-0.00461952
-0.00639299
-0.00207936
-0.00339867
-0.00805638
-0.000794752
-0.00160894
-0.00671858
-0.00224029
-0.00133192
-0.00392311
0.0037588
-0.00451528
-0.00779175
0.00454434
0.00497162
0.00392079
-0.00191359
0.0020406
-0.00192845
-0.00169438
-0.00627587
-0.0044943
-0.00366966
-0.00828485
-0.00134652
-0.00519618
-0.00321388
-0.00227862
0.00843579
0.00931132
-0.00957576
-0.00375832
-0.00534912
-0.0038297
-0.0100752
-0.00513565
-0.00388455
0.00233383
-0.00416187
0.00702117
-0.000652261
-0.00340009
-0.000850538
-0.00421903
-0.00393472
-0.0028419
-0.00438798
-0.00373053
0.00829135
-0.00791972
-0.003498
-0.00342521
-0.00874606
-0.00461797
-0.00254043
-0.00582685
-0.00381797
-0.00621602
-0.00867045
-0.000962797
-0.00113392
-0.00256908
-0.00442064
0.000581381
0.0069648
0.00730151
-0.00342507
-0.00454955
-0.00370825
-0.00290408
-0.00117452
-0.00419993
-0.00632946
-0.00716509
-0.00252594
0.00391981
-0.00748962
0.00328539
-0.00734174
-0.00252571
-0.00364497
-0.00299518
-0.00850015
-0.00337923
-0.0051066
-0.002167
-0.00282916
-0.00719967
-0.00730021
-0.00324131
-0.00737094
-0.000830167
-0.00799526
-0.00647133
-0.00589447
-0.00661784
0.000499173
0.00689142
-0.00404241
-0.00213181
-0.00597909
-0.00268546
-0.00394579
0.000182572
0.00615111
0.000999085
-0.0064219
-0.00858559
-0.0030376
-0.00708017
0.000325369
-0.00616272
-0.00805797
-0.00146945
-0.0015405
-0.00792105
-0.00252121
-0.00393538
-0.00687144
-0.00321222
-0.0056889
-0.00297948
-0.00646144
-0.00593507
-0.000269136
-0.00629639
-0.00379029
-0.00645197
-0.00669366
-0.00454975
-0.00606707
-0.00672486
-0.00107865
-0.00231752
-0.000986326
-9.09306e-05
-0.0037727
-0.0029383
-0.00458676
-0.00361665
-0.00322181
-0.00252771
-0.000246816
-0.00250202
-0.0067591
-0.00681128
-0.00258162
-0.0022158
-0.00499896
0.00298279
-0.00394258
8.34754e-05
0.000175861
-0.00182993
-0.00494027
-9.03421e-05
-0.00116691
-0.00695211
-0.0076547
-0.00732329
-0.00848811
-0.00722863
-0.00753173
-0.00733243
-0.00338168
0.0055663
-0.00452902
-0.00789322
-0.00683084
0.00545118
-0.00900003
-0.00419092
-0.00747996
-0.00937137
-0.00800713
-0.00520508
-0.00416636
-0.00039636
-0.00422039
-0.00924803
-0.00715656
-0.00552276
-0.00492038
-0.00107434
-0.00382504
-0.000226971
-0.00745078
-0.00480073
-0.00745005
-0.00586278
-0.00743707
-0.00291671
-0.00800923
0.00466406
0.00463015
0.00550606
-0.00384402
0.00318394
-0.00584768
0.00669342
-0.00327406
-0.0028378
-0.00432944
-0.00596651
-0.00447996
-0.00584967
-0.00459286
-0.00629202
-0.0044506
-0.00458765
-0.00602002
-0.00585859
-0.00442705
-0.00483668
-0.00538025
-0.00658392
-0.000546483
0.00296743
-0.00374322
0.00297484
0.00182162
-0.00311286
-0.00531419
-0.00771147
-0.00314913
-0.00671135
-0.00502277
-0.00493669
-0.00563138
-0.00222467
-0.00214408
-0.00381128
0.00489241
-0.0046425
-0.00615116
-0.00734949
-0.00249078
-0.00393651
-0.00147534
-0.00658066
-0.00328729
0.00453134
-0.00259101
-0.00514694
-0.00492788
-0.004025
0.00474195
-0.00360748
-0.00386249
-0.00523884
-0.00291325
-0.0077673
-0.0042494
-0.00235677
-0.00657954
-0.00929799
0.00543953
-0.00573625
-0.00659848
-0.00359745
-0.00455641
-0.00349221
-0.0042951
-0.00425418
0.000441233
-0.0043454
-0.00552081
-0.00869275
-0.00462471
-0.00412809
-0.00528871
-0.00607552
-0.00395967
0.00863088
-0.00477276
0.00421092
-0.00373495
-0.00173831
-0.00461662
-0.0014977
-0.00286157
-0.00415877
-0.0019772
-0.00335414
-9.44803e-05
-0.00704032
-0.00704324
-0.00721528
-0.00427318
-0.00429227
-0.00646013
-0.00643447
-0.0015682
-0.0100209
0.00500121
-0.0101611
-0.00646222
-0.0077257
0.00335732
-0.00722122
-0.00823739
-0.00184618
-0.00282481
0.00462779
0.0030186
-0.00589346
-0.00708368
-0.00301362
-0.00557697
-0.00875797
0.0037859
-0.0084035
-0.00769353
0.00628931
-0.00859878
0.00505846
-0.00848202
-0.0103159
-0.0091897
-0.0036961
-0.00671829
-0.010301
-0.0043416
-0.00439134
-0.00753882
-0.00763285
-0.0067675
-0.00377237
-0.0082537
-0.0101229
-0.0045186
0.00485685
-0.00761964
-0.00474983
-0.00688631
-0.00446641
-0.0112488
-0.00754885
0.00213155
-0.0106746
-0.00783255
-0.00825082
-0.00489668
-0.00752787
-0.00755011
-0.00809426
-0.00786308
-0.00561644
-0.0066093
-0.00602745
-0.00718449
0.00252382
-0.00703177
-0.00695477
-0.00823937
-0.00729393
0.00368907
-0.00904383
-0.00395702
-0.00765523
-0.0133001
-0.00686829
-0.000454934
-0.00626001
-0.000432052
-0.00583769
-0.00523618
-0.00501126
-0.00543176
-0.00560238
-0.00508871
-0.00666475
-0.00491375
-0.00636001
-0.00674097
-0.000396806
-0.00899501
-0.00161394
-0.0078452
-0.00114468
-0.00383118
-0.000443996
-0.00733027
-0.00771893
-0.00305151
-0.00455449
-0.000461744
-0.00846615
-0.0074307
-0.00153155
-0.00939364
0.00154765
-0.00371855
-0.00732609
-0.00865778
-0.00566016
-0.00715083
-0.00048968
-0.00882951
-0.00351883
-0.00537889
-0.00865914
0.00101347
-0.00542211
-0.00529145
-0.00826136
-0.00647249
-0.00616428
-0.00442241
-0.00697094
-0.00889362
-0.00472637
0.00190105
-0.00480584
-0.00495398
-0.00702953
-0.00890634
-0.00552794
-0.00837316
-0.0121019
-0.00636031
-0.00968899
-0.00634495
-0.00375334
-0.00542211
-0.00524559
-0.00335877
-0.00662528
-0.00424402
-0.00840434
-0.00470992
0.00484299
-0.00630354
-0.00792364
-0.00270271
-0.00352491
-0.00562291
-0.00592831
-0.00738514
-0.00684519
-0.00450114
0.00369552
0.00598366
-0.00619521
-0.00680553
-0.00442018
-0.00375094
0.00468126
-0.00899463
0.00231523
-0.0105681
0.00170539
-0.0113135
0.00191105
0.00216372
-0.00783537
0.00342124
-0.00569025
-0.00447587
0.00131713
-0.00873088
0.000301387
-0.00619386
-0.00638541
-0.0132469
0.00280918
-0.0123539
-0.00755117
-0.011254
-0.00964481
-0.00567318
-0.0128454
0.0011164
-0.0115379
-0.00801262
-0.00934904
-0.0111833
-0.00597225
-0.00940017
-0.00862634
-0.00552246
-0.0134801
-0.0115765
0.00142467
-0.000928499
-0.0104283
-0.00901283
-0.0101873
7.29603e-05
-0.01179
-0.00710149
-0.011215
-0.0115248
-0.0119927
-0.000588168
-0.00150246
-0.00683751
-0.0135978
-0.0130286
-0.0024967
-0.00281481
-0.00961389
-0.0084673
-0.00615748
-0.0121537
-0.00193345
0.000900529
-0.0122424
-0.0125494
-0.00922028
-0.00238199
-0.010906
-0.0114212
-0.0102722
-0.00066815
-0.00785662
-0.0117228
-0.0101388
-0.00246734
-0.0102198
-0.00557301
-0.00735664
-0.00785509
-0.0118974
-0.00859198
-0.00744002
-0.00736131
-0.00116273
-0.00855205
-0.00562008
-0.0104051
-0.00779334
-0.0115768
-0.00782947
-0.00696209
-0.00998441
-0.0113178
-0.00635253
-0.00779152
-0.00659412
-0.00693972
-0.00696259
-0.00852594
-0.00821956
-0.0064623
-0.00796545
-0.00974189
-0.00725714
-0.00826997
-0.0100153
-0.00757369
-0.008622
-0.00819227
-0.012551
-0.000464809
-0.00863737
-0.0102262
-0.00908728
-0.00874905
-0.00909946
-0.00784122
-0.00792788
-0.00886426
-0.00844073
-0.000460259
-0.00839233
-0.0123327
-0.00656422
-0.00869483
-0.00922917
-0.00748477
-0.0120092
-0.010318
-0.0105127
-0.00872211
-0.00161872
-0.00868513
-0.00659995
-0.0064798
-0.00634105
-0.00790611
-0.00881372
-0.00827655
-0.00866605
-0.00865643
-0.00729964
-0.0084598
-0.00864143
-0.00743836
-0.00860917
-0.00206269
-0.0104427
-0.00666486
-0.00499215
-0.0024035
-0.010939
-0.00214845
-0.00563163
-0.00842923
-0.00842512
-0.005422
-0.00641942
-0.00672581
-0.00943115
-0.0112042
-0.00762603
-0.00599438
-0.00488802
-0.00931886
-0.00514653
-0.00776856
-0.0101692
-0.00257082
-0.00607311
-0.00646606
-0.00508431
-0.0119828
-0.00232081
-0.00823277
-0.00826733
-0.00866442
-0.00821248
-0.0079229
-0.0057623
-0.00871857
-0.00709828
-0.00867349
-0.0104517
-0.00846341
-0.0101434
-0.00783776
-0.00593686
-0.00899439
-0.0079158
-0.00365936
-0.00869723
-0.00884577
-0.00893364
-0.0113921
-0.000525704
-0.000674452
-0.0099864
-0.000137433
-0.000607236
-0.0036288
-0.00909569
-0.00912517
-0.00818623
-0.0047344
-0.00503186
-0.00763725
-0.00837382
-0.00833407
-0.00645576
-0.0097802
-0.00544263
-0.0107278
-0.00855758
-0.00110881
-0.000905739
-0.00528679
0.00116384
-0.0079591
-0.000228277
-0.00537592
-0.00951492
-0.0053652
-0.0114721
-0.00884659
-0.00135732
-0.00064433
-0.00881127
-0.00420809
-0.0102044
-0.00159475
-0.0087648
-0.00900521
-0.00749383
-0.00714483
-0.00720768
-0.00767716
-0.00684579
-0.00693628
-0.0121762
-0.00243124
-0.011942
-0.0080548
-0.00856967
-0.00836879
-0.0105864
-0.00872876
-0.00644631
-0.00895526
-0.00739206
-0.00842637
-0.0105539
-0.00457266
-0.00865594
-0.011262
-0.0075882
-0.0111761
-0.0079337
-0.0077036
-0.00559776
-0.00481594
-0.0104158
-0.00812079
-0.00969224
-0.00936274
-0.00923621
-0.00531101
-0.00921455
-0.00940439
-0.00884928
-0.00920907
-0.00951579
-0.00852104
-0.00901748
-0.00959544
-0.010604
-0.00601068
-0.0100023
-0.00993266
-0.00925058
-0.00930149
-0.00970943
-0.00812029
-0.00863556
-0.00925308
-0.00856091
-0.0100923
-0.0104
-0.0100113
-0.00925353
-0.00952466
-0.00971648
-0.00982242
-0.00675573
-0.0101653
-0.00831827
-0.00846574
-0.00951328
-0.00683436
-0.0116067
-0.00891593
-0.0101273
-0.00838695
-0.00837826
-0.0089579
-0.0099285
-0.00778976
-0.00859399
-0.0113607
-0.00710268
-0.00888917
-0.00671903
-0.00804823
-0.00793833
-0.00844273
-0.00867005
-0.00967534
-0.00921184
-0.00913283
-0.00905536
-0.00932033
-0.00864388
-0.00914762
-0.00876097
-0.00928868
-0.00916704
-0.00897977
-0.00872964
-0.00928121
-0.00977851
-0.00658037
-0.00901275
-0.00840395
-0.00803804
-0.0091752
-0.00833685
-0.0091939
-0.00922196
-0.00942004
-0.00959056
-0.00832566
-0.00868146
-0.00949161
-0.00942728
-0.00963162
-0.008142
-0.00866469
-0.00956882
-0.00914093
-0.00838464
-0.00906963
-0.00972061
-0.00847669
-0.00862902
-0.00916008
-0.00840997
-0.00897446
-0.00858194
-0.00967602
-0.00926116
-0.00876012
-0.00762349
-0.00627925
-0.00869507
-0.00867813
-0.00903352
-0.00862492
-0.00789581
-0.00837252
-0.00626555
-0.00842263
-0.00906962
-0.00918046
-0.00849031
-0.00884284
-0.00818651
-0.00898212
-0.00922187
-0.00994101
-0.00774787
-0.0091767
-0.0085806
-0.00959585
-0.00893063
-0.00881652
-0.00953658
-0.00975061
-0.00830095
-0.00852378
-0.00855846
-0.00938454
-0.00915897
-0.00827194
-0.00885962
-0.0093897
-0.00849714
-0.00879499
-0.00884984
-0.00868565
-0.00838911
-0.00854457
-0.00868254
-0.00879751
-0.00822975
-0.0093101
-0.00842956
-0.0091379
-0.00708698
-0.00901103
-0.00805154
-0.00914255
-0.00887592
-0.00867028
-0.00900125
-0.00889475
-0.00913958
-0.00871999
-0.00949239
-0.00923837
-0.00889766
-0.0089536
-0.0087074
-0.00882749
-0.00880497
-0.00894935
-0.00886489
-0.00889789
-0.00863239
-0.00971527
-0.00909735
-0.00892937
-0.00893982
-0.00897166
-0.00924031
-0.00921335
-0.00903385
-0.00944928
-0.00971648
-0.00898236
-0.00948817
-0.00881595
-0.00868002
-0.00876114
-0.00880833
-0.00893165
-0.00891553
-0.00753067
-0.00929376
-0.00901461
-0.00895166
-0.00974142
-0.00893801
-0.00993122
-0.00919262
-0.00880559
-0.00813679
-0.00767987
-0.0108337
-0.00927179
-0.00813572
-0.00982613
-0.00875619
-0.00844378
-0.00886187
-0.00894426
-0.00831572
-0.00869059
-0.00895541
-0.00911655
-0.00872713
-0.0082826
-0.00795632
-0.00905116
-0.00836164
-0.00807017
-0.00837048
-0.00775567
-0.00734807
-0.00822032
-0.00755572
-0.00671424
-0.00764218
-0.00858365
-0.00823129
-0.00838282
-0.00792594
-0.00757074
-0.00952902
-0.00936631
-0.00769704
-0.00889773
-0.00931488
-0.00951415
-0.0073666
-0.00853741
-0.00776185
-0.00879008
-0.00770432
-0.00815049
-0.00889964
-0.00916524
-0.00859481
-0.00856616
-0.00863002
-0.00849346
-0.00853382
-0.00752417
-0.00833192
-0.00833965
-0.00895854
-0.00877441
-0.00886347
-0.00884303
-0.00847301
-0.00893043
-0.0086061
-0.00886209
-0.00762256
-0.00916589
-0.00844189
-0.00869453
-0.00847928
-0.00856972
-0.0085911
-0.0084502
-0.00838335
-0.00895467
-0.0086922
-0.00882862
-0.00899896
-0.00911509
-0.00875916
-0.00883884
-0.00915804
-0.00890653
-0.00874217
-0.00848356
-0.00900406
-0.0085824
-0.00916463
-0.00884262
-0.00909368
-0.00895847
-0.00877708
-0.00874064
-0.00875784
-0.00894248
-0.00915588
-0.00883239
-0.00911568
-0.0075975
-0.00877062
-0.00895578
-0.00877599
-0.00864015
-0.00711098
-0.00900232
-0.00793585
-0.00866226
-0.00883184
-0.00877292
-0.00898208
-0.00860061
-0.00910532
-0.00885265
-0.0082668
-0.00891101
-0.00848325
-0.00586114
-0.00994953
-0.00884106
-0.0086789
-0.00807947
-0.00856768
-0.00806223
-0.00836854
-0.00794918
-0.0070244
-0.00912669
-0.00868099
-0.00844093
-0.00888683
-0.00864597
-0.00818998
-0.00895662
-0.0078013
-0.00671958
-0.00655816
-0.00727369
-0.00700569
-0.00824309
-0.00936425
-0.0061539
-0.00856113
-0.00870825
-0.00815541
-0.00896185
-0.00879168
-0.00823228
-0.00847757
-0.00899368
-0.00850191
-0.00824075
-0.00870718
-0.00870176
-0.00883908
-0.00839714
-0.00792624
-0.00901606
-0.00982446
-0.00550375
-0.00932767
-0.00844776
-0.00864524
-0.00902735
-0.00920817
-0.00773832
-0.0082654
-0.00789889
-0.00874025
-0.00936464
-0.00982027
-0.0085086
-0.00959601
-0.0090701
-0.00903738
-0.00875913
-0.00755966
-0.0078702
-0.00847542
-0.00765516
-0.00871171
-0.0083005
-0.00879218
-0.00799259
-0.00853272
-0.00799329
-0.00794624
-0.00824736
-0.00755668
-0.00792542
-0.00881995
-0.00894839
-0.00883316
-0.00785881
-0.00637899
-0.00960433
-0.00803915
-0.00779123
-0.00841443
-0.00858913
-0.00851705
-0.00810004
-0.00837199
-0.00899003
-0.00799985
-0.00897264
-0.00925728
-0.00915206
-0.00887522
-0.00845926
-0.00459576
-0.00522394
-0.00885062
-0.00980467
-0.00820623
-0.00931445
-0.00862047
-0.00589015
-0.00384496
-0.00888984
-0.00488435
-0.00942052
-0.00314347
-0.011633
-0.00459019
-0.00472071
-0.0115431
-0.00972281
-0.00512396
-0.00548726
-0.00564006
-0.0120918
-0.00589184
-0.0101181
-0.00715499
-0.00845843
-0.0085717
-0.00629992
-0.0113783
-0.00795167
-0.00792358
-0.0115372
-0.0058025
-0.00760049
-0.0098847
-0.0101916
-0.00965208
-0.00754029
-0.0079175
-0.0109165
-0.0067752
-0.00877985
-0.00693584
-0.0113271
-0.0110166
-0.00705042
-0.00884313
-0.00836096
-0.0110957
-0.0108608
-0.00903798
-0.00925251
-0.0106456
-0.00900385
-0.0084363
-0.00831378
-0.00819899
-0.00881885
-0.00695734
-0.00756863
-0.00788305
-0.00942502
-0.00836002
-0.00876147
-0.00835634
-0.0096495
-0.0082204
-0.00525122
-0.00735831
-0.0107533
-0.00803164
-0.0110563
-0.0069908
-0.00992555
-0.00830678
-0.00608468
-0.00714216
-0.00817138
-0.00954261
-0.00965301
-0.00925254
-0.00822941
-0.00847986
-0.00959784
-0.00943517
-0.00975685
-0.00879292
-0.00906433
-0.0093951
-0.0102935
-0.00899441
-0.00947737
-0.00901653
-0.0081943
-0.00865297
-0.00914369
-0.00922857
-0.00921468
-0.00878663
-0.009284
-0.00887429
-0.00957894
-0.00920934
-0.00952608
-0.00956325
-0.00941931
-0.00930646
-0.00999674
-0.00943103
-0.00928099
-0.00902209
-0.00802252
-0.00978592
-0.00909017
-0.00940135
-0.00945324
-0.00945583
-0.00731819
-0.00855901
-0.00951806
-0.00922258
-0.00926292
-0.00932594
-0.00938217
-0.00931049
-0.00899401
-0.0100158
-0.00908693
-0.00840972
-0.0107135
-0.00768462
-0.00992155
-0.00982308
-0.00861056
-0.00869031
-0.00842011
-0.00893016
-0.00951229
-0.00904578
-0.00933274
-0.00851479
-0.0097829
-0.00835127
-0.00913036
-0.00928015
-0.00912259
-0.0100389
-0.00877115
-0.00879533
-0.00865095
-0.0077265
-0.00851352
-0.00814099
-0.00758023
-0.00893587
-0.00890097
-0.00912318
-0.00855395
-0.00849604
-0.00942717
-0.00978776
-0.00906215
-0.00898504
-0.00989249
-0.00897888
-0.00929462
-0.00915873
-0.00902734
-0.00883341
-0.00814432
-0.00925316
-0.00838809
-0.0090663
-0.00927499
-0.0094693
-0.00942096
-0.00925661
-0.00922184
-0.00958155
-0.00957844
-0.00991643
-0.00934079
-0.00929046
-0.00949597
-0.00954844
-0.00943739
-0.00924598
-0.00974768
-0.0094699
-0.00949168
-0.00908248
-0.00913892
-0.0092359
-0.00903271
-0.00941349
-0.00883179
-0.00812776
-0.00912909
-0.0093688
-0.00901666
-0.00862027
-0.00860768
-0.00911119
-0.00922962
-0.00914446
-0.00905907
-0.00925267
-0.00883866
-0.00932999
-0.009066
-0.00897921
-0.00899728
-0.00928924
-0.00904438
-0.00935906
-0.00913834
-0.00914531
-0.00852794
-0.00930743
-0.0084013
-0.00868088
-0.00843036
-0.00855296
-0.00888158
-0.00898343
-0.00921286
-0.00935849
-0.00888328
-0.00872122
-0.00927631
-0.00907785
-0.00942753
-0.009105
-0.00892258
-0.00920303
-0.00932961
-0.0090515
-0.00898404
-0.00911927
-0.00899341
-0.00911879
-0.00907468
-0.00899255
-0.0091046
-0.00915944
-0.00928487
-0.00917751
-0.00916841
-0.00928755
-0.00907274
-0.00917353
-0.00938902
-0.00923584
-0.00925681
-0.0092102
-0.00930037
-0.00940411
-0.008928
-0.00922065
-0.00886941
-0.00878786
-0.00904301
-0.0087528
-0.00859821
-0.00869018
-0.00878034
-0.00872845
-0.00869907
-0.00898195
-0.00889135
-0.00886355
-0.00887871
-0.00879108
-0.00867231
-0.00871841
-0.00867534
-0.00864926
-0.0087
-0.00863125
-0.00871804
-0.00857224
-0.00868784
-0.00874847
-0.00881881
-0.00902407
-0.00901927
-0.00886212
-0.00885981
-0.00897013
-0.00885286
-0.0087419
-0.00863421
-0.00876787
-0.00894012
-0.00869161
-0.00888369
-0.00883806
-0.00892786
-0.0091151
-0.00889126
-0.00899638
-0.00898633
-0.00857673
-0.0091217
-0.0088657
-0.00866487
-0.00906047
-0.00860548
-0.00887319
-0.00873548
-0.00875876
-0.00825643
-0.00873762
-0.00884782
-0.00944007
-0.00886418
-0.0082774
-0.00739955
-0.00859031
-0.00624603
-0.00893066
-0.00891554
-0.00813598
-0.00857731
-0.00843734
-0.00898371
-0.00921916
-0.0083793
-0.0087674
-0.00880797
-0.0087004
-0.0097385
-0.00931732
-0.00872636
-0.00892991
-0.00789193
-0.0085581
-0.00908368
-0.00899721
-0.00812526
-0.0087034
-0.00868681
-0.00861563
-0.00885211
-0.00870726
-0.00866539
-0.00876074
-0.00915574
-0.00934794
-0.00968318
-0.00882146
-0.00872464
-0.00853678
-0.00976402
-0.00880748
-0.00868783
-0.00868317
-0.00914123
-0.00900987
-0.00890793
-0.00746548
-0.0094716
-0.00874623
-0.00957994
-0.00871943
-0.00980593
-0.00914747
-0.00876234
-0.00924488
-0.0087165
-0.00852568
-0.00866438
-0.00876342
-0.00854678
-0.0088587
-0.0060242
-0.00894283
-0.00808873
-0.0089635
-0.00868284
-0.0081326
-0.0073179
-0.0088053
-0.00891521
-0.00961285
-0.00701872
-0.00898417
-0.00819334
-0.00954569
-0.00865717
-0.00864369
-0.00947912
-0.00907313
-0.00812711
-0.00863459
-0.00925319
-0.00804727
-0.0076882
-0.00863737
-0.00875138
-0.007951
-0.00945346
-0.0033572
-0.00813043
-0.00867451
-0.00896008
-0.0099856
-0.00816064
-0.0101393
-0.0098598
-0.00838504
-0.00747089
-0.00862145
-0.0088299
-0.00858283
-0.00867272
-0.00889465
-0.00565263
-0.00836524
-0.00770428
-0.00811703
-0.00975919
-0.00477898
-0.00831364
-0.00906829
-0.00903295
-0.00766859
-0.00790242
-0.00840435
-0.0083912
-0.00764632
-0.00858042
-0.0091006
-0.00484287
-0.00897724
-0.00787944
-0.00914011
-0.00715798
-0.00269795
-0.00901857
-0.00825745
-0.00886295
-0.00699744
-0.00744168
-0.00792993
-0.00732495
-0.00930112
-0.00680074
-0.00800719
-0.00850491
-0.00773398
-0.00722122
-0.00831033
-0.00701454
-0.00833825
-0.00780469
-0.00682729
-0.00827846
-0.00816618
-0.00839967
-0.00790952
-0.00691914
-0.00795233
-0.0073652
-0.00721253
-0.00796769
-0.00727772
-0.00690039
-0.0064283
-0.00864687
-0.00788194
-0.00796956
-0.00754771
-0.00859762
-0.00687568
-0.00749395
-0.00682497
-0.00824199
-0.00885564
-0.00247128
-0.00871208
-0.0100491
-0.0135017
-0.0100842
-0.00927737
-0.0126808
-0.00538357
-0.0101496
-0.00710405
-0.00894412
-0.00853256
-0.00189999
-0.00836523
-0.00530053
-0.00600406
-0.00151163
-0.00341514
-0.00476087
-0.00915138
-0.00889204
-0.0087074
-0.00854751
-0.00916279
-0.00804832
-0.011524
-0.00881824
-0.009772
-0.00876607
-0.00412066
-0.00915101
-0.00591353
-0.00826832
-0.00714509
0.000698914
-0.00699648
-0.00494063
-0.00444636
-0.000100034
-0.00412421
-0.00508091
-0.00788505
-0.00810444
-0.00728565
-0.00809183
-0.00666371
-0.00909838
-0.00885146
-0.00327433
-0.00706339
-0.00687428
-0.00857099
-0.00758392
-0.00704986
-0.00558965
-0.00856076
-0.00713476
-0.0019927
-0.00857539
-0.00256684
-0.0108681
-0.00782177
-0.0117771
-0.00961738
-0.00721367
-0.00665414
-0.00824979
-0.00835217
-0.00677996
-0.00441004
-0.00678729
-0.00661102
0.000421093
-0.00780638
0.00081641
-0.00742367
-0.00891289
-0.00880816
-0.00862898
-0.00641109
-0.00624006
-0.00843291
-0.00826564
-0.00594399
-0.00877979
-0.00796848
-0.00927848
-0.00870775
-0.00895205
-0.00938454
-0.00874729
-0.00868747
-0.00876781
-0.00860424
-0.00834
-0.00877605
-0.00857492
-0.00792985
-0.00815777
-0.00665834
-0.00775674
-0.00836084
-0.0078913
-0.00803215
-0.00792709
-0.00742073
-0.00889236
-0.00995561
-0.00992023
-0.00785266
-0.00912369
-0.00777405
-0.000825813
-0.00686994
-0.00699014
0.00109508
-0.00454419
-0.00684626
-0.0104969
-0.00695175
-0.00647496
-0.00727807
-0.0099697
-0.00850524
-0.00426838
-0.00796152
-0.00779483
-0.00804087
-0.00674429
-0.00722439
-0.00749129
-0.00757521
-0.00622497
-0.00758483
-0.00543887
-0.00929405
-0.00571092
-0.00826728
-0.00792102
-0.00856707
-0.00104518
-0.00639955
-0.00223777
-0.00885839
-0.00577427
-0.00552735
-0.00725777
-0.00565974
-0.00770433
-0.00406379
-0.00891816
-0.00490072
-0.00640619
-0.00711224
-0.00617901
0.00235984
-0.006406
0.00162684
-0.00687411
-0.00452662
-0.00484746
-0.00763431
-0.00747377
-0.00465406
0.00138889
-0.00712269
-0.00598776
-0.00277873
0.00272509
0.00137802
-0.00788484
-0.00480049
-0.00820188
-0.00354429
-0.0112501
-0.00540449
-0.00221784
-0.00588403
-0.0108939
-0.00685897
-0.00751037
-0.00961399
-0.0066809
-0.00910468
-0.00512204
-0.00836042
-0.00280052
-0.00982519
0.00491271
-0.00990676
-0.00582413
0.00296688
-0.00699108
-0.00608399
-0.00911343
-0.00782275
-0.00799841
-0.0046714
-0.00901578
-0.00826121
-0.00876892
0.00337777
-0.0102184
-0.00742878
-0.00743878
-0.00804533
-0.00888196
-0.00508747
-0.00628114
-0.00459515
-0.00811673
-0.00816017
-0.00766303
-0.00697846
-0.00747871
-0.00602797
0.00312027
-0.00993931
-0.00839993
-0.0072404
-0.00625708
-0.00483161
-0.00669111
-0.00651504
0.00413526
-0.00444681
-0.00370352
-0.00775572
-0.00811595
-0.00611511
-0.00256075
-0.00365135
-0.00821941
-0.00748906
-0.00766229
-0.00339144
-0.00797165
-0.00633238
-0.00738014
-0.00509129
-0.0082743
-0.00766487
-0.00439347
-0.00578644
-0.00709029
-0.00776535
-0.0103452
-0.00728148
-0.00771411
-0.00797901
-0.00820657
-0.00858841
-0.00716611
-0.00547223
-0.0079332
-0.00987845
-0.00674902
-0.00916366
-0.00618425
-0.00707034
-0.00286263
-0.00833493
-0.007377
-0.00748875
-0.00650537
-0.00655815
-0.0023278
0.00592497
-0.00135351
-0.0100035
-0.0045926
-0.00293473
-0.0071454
-0.00781062
-0.00395438
-0.00597101
-0.0075799
-0.00339924
-0.00530121
-0.00956675
-0.00355397
-0.00577701
0.00573364
-0.00761967
-0.00474468
-0.0057753
-0.00643899
-0.00646953
-0.00544118
-0.00683196
-0.00356862
-0.00369186
6.25841e-05
-0.00844696
-0.00506657
0.00615977
-0.00845761
-0.0031115
-0.00379131
-0.0022025
-0.00729805
-0.00700488
-0.00547574
-0.00348927
-0.00714998
-0.00462604
-0.0054384
-0.00186599
-0.00504197
-0.0083456
0.00370982
-0.00960336
-0.0058058
-0.00441674
-0.00416529
-0.00545748
-0.00103359
-0.00547554
-0.00679881
-0.00427751
-0.000798444
-0.000659713
-0.00693813
-0.00547862
-0.00562096
-4.06433e-05
-0.00685149
-0.00431311
-0.00560015
-0.000568825
-0.00720561
-0.0047601
-0.00178785
-0.00154524
-0.00469128
-0.00842144
-0.00915853
-0.00950689
-0.00511551
-0.00719011
-0.008328
-0.00773712
-0.0078545
-0.00913804
-0.00504456
-0.0083909
-0.00608838
-0.00828368
-0.00758131
-0.00640813
-0.00765989
-0.00313954
-0.00790824
-0.00887395
-0.0074766
-0.00564672
-0.00455544
-0.00165162
-0.00668513
-0.00810848
-0.00743579
-0.0024417
-0.0080197
-0.00837448
0.00898327
-0.00106038
-0.000937921
-0.0037148
-0.000485109
-0.00707278
0.00792014
-0.00192198
-0.00616621
-0.0021543
-0.00776859
-0.00712418
-0.00822751
-0.00388137
-0.00819716
-0.00731566
-0.00167551
-0.00198425
-0.0002735
-0.00810625
-0.00653959
-0.00954474
-0.00415882
-0.00476376
-0.00508672
-0.00308636
-0.00237835
-0.00458276
0.00778436
-0.00611717
-0.00623594
-0.00334305
-0.00211498
-0.00488631
-0.001415
-0.00715313
-0.00676944
-0.00818198
-0.00672493
-0.00794288
-0.00742001
-0.00741883
-0.00664297
-0.00469525
-0.00775834
-0.00737844
-0.00127326
-0.00624526
-0.00727846
-0.00727282
-0.00152625
0.010037
-0.00341129
0.00870266
-0.000695079
-0.0057683
-0.00678321
-0.00551339
-0.00575109
-0.00596231
-0.00696934
-0.00653277
-0.000918347
-0.00771502
-0.0066968
-0.00580628
-0.00583219
-0.00342634
-0.00623306
-0.00680607
-0.00445377
-0.00740749
-0.00255639
-0.00620062
-0.00308346
-0.00649981
-0.00516126
-0.00314857
-0.0041829
-0.00238401
-0.00283096
0.0100722
0.00697867
-0.00322275
-0.0046271
-0.00298516
-0.00323987
8.1339e-05
-0.000532854
-0.00210738
-0.00525991
-0.00344422
-0.00479641
0.0019966
-0.00472925
-0.00365229
-0.00350319
-0.00425692
-0.00476769
-0.00310774
-0.00284391
-0.00357937
-0.00352401
0.00423957
0.010233
-0.00118015
-0.00282368
-0.0104664
0.00839865
-0.0085318
-0.00177087
-0.00328948
-0.00631319
-0.00380998
-0.00407819
-0.00346327
-0.00418643
-0.00316373
-0.00314596
-0.00970402
-0.00533718
-0.00775999
-0.00543583
-0.00546813
-0.00519581
-0.00562161
-0.00631055
0.00840362
-0.00414317
-9.80016e-05
-0.00483175
-0.00226352
0.00105778
-0.000707667
-0.00394872
-0.00388794
-0.0041852
0.000246708
-0.00248146
-0.00393127
-0.00712533
-0.00542224
-0.00341028
-0.00814132
-0.00463913
-0.00205534
-0.00225678
-0.00111394
-0.00384163
-0.00518441
-0.00369035
-0.000561084
-0.00449056
0.00235876
-0.00196001
-0.00312296
0.000203403
-0.00295613
-0.000879338
-0.00806726
-0.00621304
-0.00413456
-0.00454657
-0.00446646
-0.00597788
-0.00622022
0.00880772
-0.00418988
-0.00396914
-0.00711933
-0.00361615
-0.00891225
-0.00401546
-0.00491214
-0.0081392
-0.00525481
-0.00211992
-0.00441099
-0.0018071
-0.00481734
-0.00473238
-0.00133577
-0.00167977
-0.00539296
-0.00366706
-0.0072578
-0.00212516
0.00689491
-0.00530662
-0.00790724
-0.00206847
-0.0052934
-0.00365167
-0.0030692
-0.00111612
-0.000886211
0.00310308
-0.00601819
-0.00179823
-0.00326341
-0.00305697
-0.00162641
-0.00386101
-0.000692549
0.00124239
-0.00744673
-0.0052741
0.00980309
-0.00615123
-0.0048082
-0.00306419
0.000550489
0.000163196
0.00382752
-0.00621118
-0.00867438
-0.00462432
-0.000124287
-0.00767138
-0.00382801
-0.00728124
-0.00884888
-0.00855284
-0.00261101
-0.00177359
-0.00799098
-0.00301718
-0.00781797
-0.00796554
-0.00788881
-0.00586335
0.000321098
0.000599096
-0.00197838
-0.00606797
-0.00635005
-0.00683177
-0.00545946
-0.00370381
-0.00373349
-0.00317135
-0.00943899
-0.00824577
0.000713005
-0.000711612
-0.00417749
-0.000606241
9.53625e-05
0.000839357
-0.000714206
0.000146036
-0.00122602
-0.00273225
-0.00225122
-0.00269395
-0.00237452
0.000672457
-0.000871421
-0.00172135
-0.000555388
0.0113888
-0.00343524
-0.00769488
-0.00742829
0.0101486
0.000316704
-0.00330623
-0.00311012
0.00107584
-0.00202695
-0.00769964
0.00844004
0.000501358
1.90121e-05
-0.000137082
3.49685e-05
-0.00775766
0.000208058
-0.00285324
-0.00611592
-0.00679535
-0.00176496
-0.00372321
-0.00157557
-0.00276983
-0.000542643
-0.00251894
-0.00726217
0.0107564
-0.00616566
-0.000264899
0.00167129
-0.00302115
-0.00338191
-0.000357621
-0.00621683
-0.00638523
-0.00152827
-0.00115658
-0.00750435
-0.00613629
-0.000978415
-0.00763743
-0.00533657
-0.00719275
-0.000144815
-0.000696718
-0.00576986
-0.00561095
-0.000239048
-0.00176266
0.000516099
-0.00386411
0.0066508
-0.00651754
-0.00519129
-0.00704142
-0.0074224
-0.00760347
-0.00755328
-0.00676986
-0.00309813
-0.00514773
0.000433431
-0.0042227
-0.00506333
-0.000315805
-0.00480336
-0.0041405
-0.00867767
-0.00462391
-0.0076735
-0.000126799
-0.00728116
-0.00885225
-0.00383753
-0.00856617
-0.0026224
-0.0017969
-0.00801592
-0.00798121
-0.00302758
-0.0078366
-0.00789944
-0.00585425
0.000311445
0.00057331
-0.00606304
-0.00199442
-0.00635689
-0.00182888
-0.00329892
-0.00309477
-0.00165602
-0.00391098
-0.000737107
0.00120421
-0.00748136
0.00975092
-0.0061785
-0.00532924
-0.00483467
-0.00306459
0.000519101
0.00378578
0.000156128
-0.00622548
-0.00245083
0.000584702
-0.00102294
-0.00179677
-0.00106073
0.0109869
-0.0087849
-0.00381013
0.00961701
0.000151076
-0.00870408
-0.00368762
-0.00362907
0.000923474
0.00814992
-0.00223724
-0.00832787
0.000686503
-0.000712568
-0.00415714
-0.000611292
-0.00679345
-0.00541779
-0.00371788
-0.00373439
-0.00940232
-0.00317696
-0.0082039
0.000105723
0.000850489
0.000183974
-0.000719478
-0.00123517
-0.00293306
-0.00230982
-0.00270302
-0.00575232
-3.89589e-05
-0.00349617
0.00146165
-0.0059808
-0.00388282
-2.63582e-05
-0.00555189
-0.000563845
-0.000297738
-0.00584156
-0.00523007
-6.44791e-05
-0.00600128
-0.00523493
-0.00730365
-0.000140666
-0.00031395
-0.00596601
-0.00559725
0.000104163
0.000495359
4.31997e-05
7.17481e-05
-0.000123722
-0.00759901
0.0002392
-0.00259922
-0.00561839
-0.00628907
-0.00165941
-0.00372059
-0.00145936
-0.00296686
-0.00027058
-0.00253575
-0.00719351
0.0109947
-0.00703311
0.00676339
-0.00727603
-0.0030163
-0.00607072
-0.00360755
0.00415164
-0.00143469
-0.00293323
-0.00221014
-0.0109681
-0.0021235
-0.00839804
-0.00913488
-0.00948551
-0.00509583
-0.00830534
-0.00717752
-0.00771015
-0.00783716
-0.0091276
-0.00503749
-0.00838288
-0.00607359
-0.00757285
-0.00826257
-0.00669744
-0.00771183
-0.00470028
-0.00735875
-0.00132904
-0.00727751
-0.00628825
-0.00726829
-0.00156494
0.00999559
-0.00342868
-0.00578641
-0.00675759
-0.00553024
-0.00577817
-0.00651608
-0.00698564
-0.0059806
0.00874945
-0.000666401
-0.00776745
-0.00666095
-0.005899
-0.00583366
-0.00349656
-0.00687438
-0.0062321
-0.000903121
-0.0044775
-0.00742827
-0.00623533
-0.0025721
-0.00515409
-0.00652664
-0.00312766
-0.00169606
-0.000259476
-0.00196777
-0.00809034
-0.00956986
-0.00652079
-0.00415691
-0.00477308
-0.00509177
-0.00309498
-0.0023784
-0.00458929
0.0077288
-0.0061317
-0.00337246
-0.00624841
-0.00145888
-0.00488442
-0.00216075
-0.00715243
-0.00678
-0.00818234
-0.00672727
-0.00741818
-0.00743316
-0.00794433
-0.0020808
-0.00524917
-0.00478283
-0.00343767
-0.0047111
0.00201286
-0.00362969
-0.00347257
-0.00422121
-0.00475628
-0.00309067
-0.00356205
-0.0028147
-0.00347149
0.0042564
-0.00115664
0.0102444
-0.0027984
-0.0104492
-0.0085241
0.00841811
-0.00629886
-0.00175367
-0.00326065
-0.00378401
-0.00406146
-0.00347081
-0.0041426
-0.00315447
-0.00965924
-0.00311038
-0.00502832
-0.0038341
-0.00373229
-0.00611677
-0.00547755
-0.0042483
-0.00932122
-0.00436611
-0.00544625
-0.00363624
-0.00540229
-0.00350286
-0.00618931
-0.00565792
-0.00313857
-0.00237983
-0.00416852
0.0100724
-0.00281998
0.00699615
-0.00320965
-0.00462408
-0.00298814
-0.00323857
0.000107535
-0.000514332
-0.00224428
-0.00383682
-0.00111366
-0.00517767
-0.00368148
-0.004478
-0.000560711
0.00235028
-0.0019609
0.000197139
-0.00312218
-0.0080946
-0.00624968
-0.00413273
-0.00453503
-0.00601096
-0.00445581
-0.00624948
-0.00296174
-0.000884207
-0.00419273
-0.00395771
-0.00712143
-0.00362615
-0.00492641
-0.00890675
-0.00401269
0.00880644
-0.00813927
-0.00524707
-0.00439989
-0.00213519
-0.00479911
-0.00182175
-0.0047416
-0.00532991
-0.00774282
-0.00546165
-0.00545179
-0.00518619
-0.0062902
-0.00563528
0.00842816
-8.82061e-05
-0.00412561
-0.00480724
0.00106483
-0.00223303
-0.000686
-0.00393224
-0.0038692
-0.00415398
0.000268044
-0.00245244
-0.00390982
-0.00710331
-0.00340109
-0.00539046
-0.00463037
-0.00810562
-0.00203075
-0.00221698
-0.00588716
-0.0108888
-0.00278163
-0.00980623
0.00494685
-0.00989466
-0.00580649
-0.00685883
-0.00751245
-0.00962238
-0.00669322
-0.00836315
-0.00909945
-0.00512966
0.0029726
-0.00698297
-0.00875315
0.00339602
-0.0101985
-0.00741469
-0.00741539
-0.00886704
-0.00803696
-0.00608825
-0.00911335
-0.00783248
-0.00799577
-0.00826125
-0.00467475
-0.00901834
0.0013736
-0.00713685
-0.0059973
0.00271275
-0.00278541
0.00137779
-0.00788985
-0.0048038
-0.00820765
-0.00354753
-0.00541129
-0.011249
-0.00650457
0.00413624
-0.00443714
-0.00370094
-0.00775076
-0.00811506
-0.00611415
-0.0025471
-0.00821673
-0.0036376
-0.00748374
-0.0076575
-0.00337396
-0.00796084
-0.0063281
-0.00826817
-0.00737478
-0.00507707
-0.00765586
-0.00438696
-0.00578217
-0.00708264
-0.00508612
-0.00627928
-0.00459366
-0.00811542
-0.0081563
-0.00765864
-0.00697517
-0.00747633
-0.00602641
0.0031211
-0.0099373
-0.00840223
-0.00723925
-0.00626184
-0.00482878
-0.0066904
-0.00726627
0.00149376
-0.00666172
-0.00780576
-0.00639778
-0.00816346
-0.00860281
-0.00776138
-0.0103448
-0.00771153
-0.00727598
-0.0085845
-0.00797325
-0.00820104
-0.00719223
-0.00547444
-0.00983467
-0.00786877
-0.0062046
-0.00676119
-0.00906823
-0.00706735
-0.00288255
-0.00732671
-0.00830738
-0.00649975
-0.00654267
-0.0075014
-0.00605207
0.00490208
-0.0094459
-0.00489787
-0.00570762
-0.0061471
0.00255652
-0.00408233
-0.00774795
-0.0084975
-0.00273609
-0.00542635
-0.00442271
-0.00414674
-0.00547139
-0.00100417
-0.00549372
-0.00680078
-0.0042613
-0.000845743
-0.00548414
-0.00694589
-0.000698597
-0.00563531
-6.20885e-05
-0.00684566
-0.00429092
-0.0056088
-0.00720757
-0.000596924
-0.00476309
-0.00173393
-0.00467571
-0.00150641
-0.00314068
-0.0038402
-0.00218243
-0.00730932
-0.00704916
-0.00544602
-0.00717555
-0.0045811
-0.00348495
-0.00537897
-0.00178073
-0.00505267
-0.00840636
-0.00962153
0.0037905
-0.00573626
-0.00883434
-0.00329012
-0.0068459
-0.00704916
-0.00701485
-0.00853952
-0.00758322
-0.0135617
-0.0101161
-0.00931383
-0.0126927
-0.00538235
-0.0101401
-0.00706238
-0.00890549
-0.00189492
-0.00836224
-0.00853264
-0.00530117
-0.00601186
-0.00149821
-0.0034238
-0.00477123
-0.00917534
-0.00886824
-0.00868734
-0.00918357
-0.00806252
-0.00853294
-0.00441806
-0.00678811
-0.00662229
0.000415536
-0.00781544
0.000812351
-0.0074193
-0.00891388
-0.00880239
-0.00862879
-0.00641992
-0.0062474
-0.00844304
-0.0059513
-0.00827736
-0.00559977
-0.00859933
-0.00714784
-0.00200217
-0.00859861
-0.00257572
-0.0108661
-0.00781265
-0.0117834
-0.00962018
-0.00722181
-0.00666669
-0.00825215
-0.00836339
-0.00678378
-0.00820226
-0.00342427
-0.00881066
-0.00906785
-0.0101747
-0.00868121
-0.00851367
-0.00877288
-0.00793261
-0.00870676
-0.00926748
-0.0087491
-0.00893241
-0.00939758
-0.00872898
-0.00881455
-0.00838154
-0.00866229
-0.00797342
-0.00890741
-0.00865037
-0.00798524
-0.00661238
-0.00832133
-0.00771434
-0.00794982
-0.00786875
-0.00778469
-0.000802275
-0.00690189
-0.00704411
0.00106787
-0.00451166
-0.00680797
-0.0104345
-0.00697051
-0.00730314
-0.00644466
-0.00989043
-0.00847834
-0.00425847
-0.00796305
-0.00782695
-0.00802725
-0.00676226
-0.00723262
-0.00749077
-0.00764953
-0.00759629
-0.00618662
-0.00109799
-0.00882676
-0.00582456
-0.00115337
-0.00600357
-0.00794427
-0.00988266
-0.00737857
-0.00818796
-0.00852354
-0.00797153
-0.00947128
-0.00661241
-0.00879133
-0.00843511
-0.00858197
-0.00762276
-0.00783963
-0.00784337
-0.00857514
-0.00765665
-0.00568098
-0.00403815
-0.00887618
-0.00481348
-0.00639445
-0.00708108
-0.00614061
0.00235883
-0.00637618
-0.00686388
0.00172619
-0.00451219
-0.00479676
-0.00761934
-0.0074615
-0.00464393
-0.00548596
-0.00927116
-0.00569543
-0.00835943
-0.00797785
-0.00864995
-0.000972796
-0.00639597
-0.00890779
-0.00223959
-0.00581965
-0.00553144
-0.00732199
-0.00777098
-0.00568912
-0.00642412
-0.0112466
-0.00795938
-0.01034
-0.00981176
-0.00757819
-0.00796267
-0.00684765
-0.0110331
-0.00879861
-0.00783489
-0.0112964
-0.00584742
-0.00973196
-0.00741569
-0.00702006
-0.0113962
-0.00931697
-0.0106353
-0.00896874
-0.00839161
-0.00836605
-0.00878904
-0.00812973
-0.0111214
-0.00712662
-0.00895275
-0.00833323
-0.00898075
-0.0110854
-0.0109544
-0.00692023
-0.00754417
-0.00783685
-0.00940788
-0.00833618
-0.00875984
-0.00820092
-0.00958753
-0.00833306
-0.00517112
-0.00725075
-0.0106604
-0.00798753
-0.0109065
-0.00981199
-0.00693185
-0.00822739
-0.00605703
-0.00713715
-0.00815116
-0.00931573
-0.00938015
-0.00876761
-0.00803136
-0.00833684
-0.00933019
-0.00924819
-0.00955879
-0.0088015
-0.00903747
-0.00910459
-0.0102525
-0.00891686
-0.00928055
-0.00886479
-0.0080747
-0.00856734
-0.00896718
-0.0105813
-0.00990494
-0.00821483
-0.00953661
-0.010365
-0.00945801
-0.00734759
-0.00950619
-0.00812306
-0.00878447
-0.00892343
-0.00805668
-0.0092572
-0.00924408
-0.00929752
-0.00879184
-0.00957948
-0.00890343
-0.00922662
-0.00956049
-0.00959003
-0.00948624
-0.00933332
-0.00946617
-0.00932176
-0.0100376
-0.00903442
-0.0098161
-0.00804286
-0.00912254
-0.00945074
-0.00953301
-0.00951955
-0.00859674
-0.00956647
-0.00736342
-0.00926383
-0.00930187
-0.00935319
-0.00940442
-0.00904218
-0.010059
-0.00933609
-0.00883171
-0.00842504
-0.0089456
-0.00897108
-0.00873453
-0.00876379
-0.0086169
-0.010019
-0.00951294
-0.00844095
-0.00954488
-0.0105755
-0.00923593
-0.00842104
-0.00872963
-0.00870732
-0.00800992
-0.00826293
-0.00836448
-0.00782864
-0.00922151
-0.00937691
-0.00903075
-0.00982225
-0.00858983
-0.00875829
-0.00984303
-0.00901022
-0.00907893
-0.0098979
-0.00900354
-0.00924183
-0.00935388
-0.00902735
-0.0088344
-0.00815936
-0.00924968
-0.0092935
-0.00950493
-0.00945194
-0.00929755
-0.00923019
-0.00959502
-0.00961515
-0.00844448
-0.00913825
-0.00936705
-0.00931909
-0.00951556
-0.00959119
-0.00946132
-0.00927779
-0.00976426
-0.00996254
-0.00954392
-0.00951493
-0.00924329
-0.00918224
-0.00914443
-0.00930991
-0.00951421
-0.00909061
-0.00904957
-0.00883663
-0.00898466
-0.00906433
-0.0088683
-0.00909952
-0.00923521
-0.00909128
-0.00918604
-0.00917616
-0.00895137
-0.00902516
-0.0087843
-0.00869869
-0.00916139
-0.00936237
-0.00923446
-0.00912058
-0.00912185
-0.00923839
-0.00908167
-0.0091425
-0.00925524
-0.00892375
-0.00921692
-0.0094408
-0.00935592
-0.00906855
-0.00902131
-0.0089847
-0.00931937
-0.00908212
-0.00911971
-0.00920461
-0.00849873
-0.00839583
-0.0086656
-0.00853255
-0.00843569
-0.00890242
-0.00902473
-0.00923094
-0.00939584
-0.00929594
-0.00872715
-0.00892419
-0.00907191
-0.0094656
-0.00912896
-0.00895882
-0.00933668
-0.00918561
-0.00905135
-0.00911275
-0.0091885
-0.00912474
-0.00905539
-0.00917166
-0.00913704
-0.00909766
-0.00922107
-0.00928287
-0.00917179
-0.00930492
-0.00920603
-0.00907619
-0.00911845
-0.00934859
-0.00912793
-0.00927342
-0.00915672
-0.00941938
-0.00916357
-0.00869436
-0.00922649
-0.00898161
-0.00882972
-0.00861666
-0.00856982
-0.00888775
-0.0084269
-0.00827455
-0.00867174
-0.00858436
-0.00904107
-0.0086975
-0.00851164
-0.00874793
-0.00868328
-0.00869265
-0.00905074
-0.0087358
-0.0085992
-0.00869501
-0.00872513
-0.00869778
-0.00877619
-0.0089388
-0.00922888
-0.0087942
-0.008881
-0.00898867
-0.00890143
-0.00888551
-0.00887194
-0.00880004
-0.00867738
-0.00872904
-0.00868199
-0.00861565
-0.00873967
-0.00880172
-0.00857733
-0.00881285
-0.00859015
-0.00858931
-0.00877611
-0.00897208
-0.00898271
-0.00883281
-0.00882915
-0.0088812
-0.00881575
-0.00869263
-0.00859257
-0.00870235
-0.00890213
-0.00867207
-0.00879069
-0.00878804
-0.00893801
-0.00912815
-0.00890253
-0.00901273
-0.00899822
-0.00859042
-0.00912997
-0.00886301
-0.00904549
-0.00867592
-0.00861139
-0.00887738
-0.0087318
-0.00873906
-0.00874696
-0.0088259
-0.00826119
-0.00932745
-0.00841114
-0.00887817
-0.00888079
-0.00921515
-0.008713
-0.00997538
-0.00883153
-0.00889173
-0.00792275
-0.00858671
-0.00809517
-0.00917535
-0.00909726
-0.00825102
-0.00877417
-0.00892742
-0.00931818
-0.0087179
-0.00830097
-0.00906874
-0.00831392
-0.00852763
-0.00891741
-0.00858681
-0.00861509
-0.00829629
-0.00849292
-0.0085416
-0.00888939
-0.00784538
-0.00837455
-0.00943777
-0.00905969
-0.00716149
-0.00899955
-0.00812357
-0.00926622
-0.00828851
-0.00878807
-0.00866194
-0.00883687
-0.00858464
-0.00882679
-0.0090308
-0.00948972
-0.00819835
-0.00887613
-0.00854565
-0.00743569
-0.0063098
-0.00906511
-0.00895135
-0.00823081
-0.00859253
-0.00845857
-0.00907907
-0.00880635
-0.00929862
-0.0080837
-0.0078106
-0.00878747
-0.0088287
-0.00803848
-0.00873112
-0.00863324
-0.00874171
-0.00890727
-0.00873542
-0.00879317
-0.00870969
-0.00918063
-0.00936512
-0.00883121
-0.00970781
-0.00978247
-0.0088178
-0.00870881
-0.00869768
-0.00902406
-0.0089308
-0.00915698
-0.00875289
-0.00856125
-0.00950111
-0.00876393
-0.00959853
-0.00874045
-0.00916184
-0.00983866
-0.00878748
-0.0074914
-0.00927555
-0.00876517
-0.00868809
-0.00855331
-0.0088872
-0.00858577
-0.00879251
-0.00610105
-0.00808809
-0.00895463
-0.00894988
-0.00827813
-0.00868576
-0.00754402
-0.00882927
-0.00897303
-0.00971453
-0.00720651
-0.0091422
-0.00821127
-0.00955828
-0.00870551
-0.00864997
-0.00919384
-0.00949469
-0.00813344
-0.00913807
-0.00483886
-0.00895812
-0.00784427
-0.00912859
-0.0071285
-0.00273317
-0.00891297
-0.00817619
-0.00881984
-0.00694122
-0.00743188
-0.00775582
-0.00727183
-0.0091664
-0.00675277
-0.00803558
-0.00855296
-0.00784137
-0.00746801
-0.00845993
-0.00832065
-0.0071607
-0.00779172
-0.00687286
-0.00823332
-0.0081591
-0.00788226
-0.00834563
-0.00698688
-0.00780504
-0.00739178
-0.00792735
-0.00719093
-0.00716984
-0.00677464
-0.00637036
-0.00857824
-0.00780376
-0.00794157
-0.00848791
-0.00749922
-0.00682885
-0.00740621
-0.00673533
-0.00813565
-0.00871252
-0.00992924
-0.00240239
-0.00864019
-0.0076178
-0.00954307
-0.00891969
-0.00921566
-0.00962129
-0.00797617
-0.00860559
-0.00832807
-0.00815651
-0.00879955
-0.00804532
-0.0103066
-0.00916453
-0.0111888
-0.00984942
-0.0035698
-0.00838498
-0.00790754
-0.0074809
-0.00934025
-0.0090404
-0.00961047
-0.00814471
-0.00865721
-0.0092836
-0.00800065
-0.00949046
-0.00892738
-0.00809795
-0.00908893
-0.00792755
-0.00867366
-0.0075592
-0.00871492
-0.00881894
-0.00778806
-0.00846709
-0.00936811
-0.00772187
-0.00296788
-0.00964231
-0.00953315
-0.00579344
-0.00843528
-0.00973282
-0.0101581
-0.00958115
-0.00880176
-0.00757033
-0.00809975
-0.0100072
-0.00376446
-0.0083536
-0.00898433
-0.00952823
-0.0106214
-0.0108524
-0.00854658
-0.0102061
-0.00897836
-0.00919623
-0.00811035
-0.00912892
-0.00946577
-0.0091763
-0.00855598
-0.00819606
-0.0100084
-0.00859095
-0.00924638
-0.00524419
-0.00886945
-0.00913962
-0.00839617
-0.00883055
-0.00838538
-0.0088163
-0.00793389
-0.00894279
-0.00913532
-0.00598978
-0.00930163
-0.00905522
-0.00900312
-0.00910249
-0.00912959
-0.00934888
-0.00918405
-0.00927746
-0.00904036
-0.00992595
-0.00934274
-0.00918039
-0.00942432
-0.00945391
-0.00953635
-0.00931963
-0.00909293
-0.00954612
-0.00895223
-0.0098696
-0.0097495
-0.00901557
-0.00887811
-0.00908773
-0.00894985
-0.00929919
-0.00939894
-0.00789807
-0.00940956
-0.00942978
-0.00941828
-0.00989626
-0.00934812
-0.00929125
-0.0101729
-0.00895858
-0.00916148
-0.00837883
-0.00851712
-0.00855383
-0.00858498
-0.00900017
-0.00946514
-0.00853467
-0.010108
-0.00795504
-0.00881753
-0.00675793
-0.00914865
-0.00844338
-0.00912724
-0.00944748
-0.0085106
-0.00898271
-0.00890315
-0.00951264
-0.00932449
-0.00903191
-0.00959537
-0.00863119
-0.00920674
-0.00908948
-0.00865872
-0.00987004
-0.00958783
-0.00917425
-0.00916239
-0.0093722
-0.00919209
-0.00967351
-0.00928158
-0.00939451
-0.00936478
-0.00947514
-0.00935794
-0.00994861
-0.00922792
-0.0101641
-0.00915487
-0.00992045
-0.00768948
-0.00959649
-0.00981651
-0.00952671
-0.00874358
-0.00961497
-0.00866586
-0.00880776
-0.00948195
-0.00955686
-0.0103471
-0.00917999
-0.00903915
-0.00872289
-0.00879116
-0.00758381
-0.00835255
-0.00908073
-0.00918767
-0.00910676
-0.00918172
-0.00912724
-0.00918085
-0.0091502
-0.00907033
-0.00921751
-0.00901502
-0.00894954
-0.00917038
-0.00892396
-0.00895351
-0.00910101
-0.00905713
-0.00916799
-0.00925307
-0.00934441
-0.00926948
-0.00934758
-0.00926761
-0.00923118
-0.00929937
-0.00896719
-0.00917197
-0.0092435
-0.00921545
-0.00947217
-0.00927163
-0.00903151
-0.00948742
-0.0091144
-0.00898964
-0.00903788
-0.00923194
-0.00940875
-0.00922229
-0.00916806
-0.00916783
-0.0092208
-0.00905873
-0.00908122
-0.0088049
-0.00900344
-0.00905443
-0.00880102
-0.00904444
-0.00872056
-0.00899184
-0.00913598
-0.00894847
-0.00899735
-0.00939646
-0.00921693
-0.00906959
-0.0094763
-0.00916861
-0.00904317
-0.00886422
-0.00863961
-0.00890357
-0.00878751
-0.00889001
-0.00865049
-0.00850874
-0.00873267
-0.00901388
-0.00883441
-0.00882505
-0.00921175
-0.0088461
-0.00854326
-0.00883715
-0.00875606
-0.00885263
-0.0089737
-0.00844061
-0.00903242
-0.00873802
-0.00896836
-0.00866557
-0.00834824
-0.00931229
-0.00940092
-0.00930324
-0.00923582
-0.00915596
-0.00901963
-0.00900915
-0.00906789
-0.00854686
-0.00908356
-0.00908393
-0.00917843
-0.00896301
-0.0088573
-0.00912945
-0.0089636
-0.00901858
-0.0090172
-0.00920412
-0.00862838
-0.00861435
-0.00872151
-0.00874782
-0.00861982
-0.00896777
-0.00899933
-0.00884542
-0.00891204
-0.00889482
-0.00924002
-0.00845912
-0.00780737
-0.00867144
-0.00853549
-0.00945997
-0.00879171
-0.00874656
-0.00863383
-0.00721429
-0.00831372
-0.00847485
-0.00897327
-0.00800103
-0.00820213
-0.0091247
-0.00759657
-0.00841881
-0.00807804
-0.00842088
-0.00845295
-0.00924799
-0.00840934
-0.00899373
-0.00833522
-0.00843643
-0.00906115
-0.00853504
-0.00913041
-0.00865692
-0.0090444
-0.0085203
-0.00926153
-0.00859602
-0.00900755
-0.00737835
-0.00870598
-0.00843546
-0.00845286
-0.00851683
-0.00851765
-0.008667
-0.00861545
-0.00856156
-0.0086953
-0.00873393
-0.00842234
-0.00918656
-0.00848121
-0.00856064
-0.00862762
-0.00881788
-0.008759
-0.00867876
-0.00789549
-0.00696323
-0.00904052
-0.00740876
-0.00930859
-0.00910748
-0.00902721
-0.00873863
-0.00941052
-0.0070538
-0.00848873
-0.00763279
-0.00847366
-0.0075936
-0.0078199
-0.00883887
-0.00786118
-0.00731128
-0.0104144
-0.00936093
-0.0079682
-0.00916968
-0.00866623
-0.00864763
-0.00863513
-0.00871298
-0.00842665
-0.00876151
-0.00850418
-0.00779981
-0.00539015
-0.00747604
-0.00655974
-0.00880993
-0.00864345
-0.00752789
-0.00835404
-0.00793096
-0.00863281
-0.00865577
-0.00829364
-0.00747035
-0.0081297
-0.00795888
-0.0089695
-0.00790546
-0.00847947
-0.00800738
-0.00831387
-0.00852905
-0.00935943
-0.006736
-0.0084372
-0.00797118
-0.00723697
-0.00718739
-0.00753049
-0.00834029
-0.006253
-0.00676287
-0.00397463
-0.00668452
-0.00670079
-0.00938267
-0.00605101
-0.00987478
-0.00834172
-0.00589265
-0.010391
-0.0072223
-0.00718839
-0.01024
-0.00486784
-0.00841776
-0.00681973
-0.00940959
-0.00917607
-0.00780921
-0.00705672
-0.00627364
-0.00871656
-0.0103454
-0.0104817
-0.00618792
-0.00744504
-0.00817892
-0.00791226
-0.0100915
-0.0102158
-0.00853225
-0.0103327
-0.00828853
-0.00874702
-0.00777527
-0.00798456
-0.00873619
-0.00664046
-0.0107164
-0.004827
-0.0109639
-0.00382977
-0.00927534
-0.0108333
-0.00492143
-0.00441554
-0.00548784
-0.00626994
-0.00961335
-0.00809166
-0.00783929
-0.006388
-0.00645312
-0.00992296
-0.00884375
-0.00927755
-0.00942365
-0.00180524
-0.00684003
-0.00960907
-0.00276592
-0.00670167
-0.00626757
-0.0084135
-0.00648833
-0.00877582
-0.00509783
-0.00596127
-0.0100708
-0.00822464
-0.00759191
-0.00770897
0.0010938
-0.00764574
-0.00779674
-0.000216371
-0.00548823
-0.00580518
-0.00851357
-0.0054438
-0.00856801
-0.00938115
-0.00169848
-0.00171713
-0.00652456
-0.00992021
-0.00742893
-0.00680157
-0.00875536
-0.0081667
-0.0106485
-0.00873628
-0.00919139
-0.00935979
-0.00942444
-0.00836542
-0.00883742
-0.00859905
-0.00627349
-0.00906462
-0.00883266
-0.00957295
-0.0094057
-0.00804347
-0.00220649
-0.000476469
-0.00818924
-0.00962686
-0.0053016
-0.00528653
-0.00708406
-0.00778692
-0.0112143
-0.00850677
-0.0100827
-0.0067704
-0.00944992
-0.0081332
-0.00907016
-0.00827289
-0.00801895
-0.00904673
-0.00860903
-0.00862849
-0.00847024
-0.00821207
-0.00965765
-0.010764
-0.0108014
-0.00880186
-0.00860105
-0.00983304
-0.00924137
-0.00909251
-0.00865806
-0.00864182
-0.00826028
-0.00857528
-0.00940262
-0.0081096
-0.00732494
-0.0086059
-0.00812874
-0.00831472
-0.00871832
-0.00821951
-0.00761619
-0.00288835
-0.00840023
-0.00815382
-0.00945782
-0.00789668
-0.0079924
-0.00373884
-0.00592256
-0.00626178
-0.00726083
0.00101218
0.00202275
-0.0060547
-0.00763372
-0.0077245
-0.0073475
-0.00581118
-0.00551662
-0.00778086
-0.00530646
-0.00772065
-0.00952668
-0.0128012
-0.0117825
-0.0086789
-0.00476406
-0.00538143
-0.00469784
-0.00943978
-0.00776441
-0.00614633
-0.00116166
-0.00768442
-0.00754248
-0.00431717
-0.00850803
-0.00803112
-0.00803297
-0.00746517
-0.00796543
-0.00842967
-0.000549536
-0.00264731
-0.00803843
-0.00251531
-0.00610127
-0.00611648
-0.00677646
-0.00622289
-0.00777747
-0.00843579
-0.0108074
-0.00851151
-0.00915387
-0.00385386
-0.00338958
-0.00333945
-0.00836071
-0.00740732
-0.00529389
-0.00625362
-0.00632349
0.00149655
-0.00454134
-0.00739988
-0.00621135
-0.0074044
-0.00859515
-0.00625812
-0.00711003
0.000448499
-0.0033871
-0.00356535
-0.00855412
-0.00716785
-0.00858347
-0.00845592
-0.00477284
-0.00641085
-0.00430783
-0.0048634
-0.0068984
-0.00314382
-0.00996227
-0.00626646
-0.0110019
-0.00751497
0.00242635
-0.00543343
-0.00542437
-0.00243594
-0.00604037
-0.00658688
-0.00801839
-0.00196734
-0.00529993
-0.00705647
-0.00155596
-0.00789214
-0.00620628
-0.00342115
-0.00648701
-0.00313046
-0.00623677
-0.000240775
-0.00497697
-0.00654287
-0.00116673
-0.00571229
-0.00771971
-0.00725573
0.00181876
-0.00673602
-0.00987826
0.00439993
-0.00551681
-0.00638622
-0.00498753
-0.00949485
-0.00821529
-0.00326512
-0.006312
-0.00249047
0.00499341
-0.00156082
-0.0100113
-0.0048792
-0.00742518
-0.00298995
-0.00789816
-0.00633042
-0.00392974
-0.00736422
-0.00332464
-0.00497365
-0.00928093
-0.0035913
-0.00757178
-0.00510868
-0.00697388
-0.0060208
-0.00706661
-0.00649223
-0.00574809
-0.00374432
-0.00343636
-0.00831291
0.000432455
-0.00841588
0.00671109
-0.00502141
-0.00592592
0.0055262
-0.00824033
-0.00664022
-0.00914202
-0.0109762
-0.00760283
-0.0105867
-0.00742374
-0.00658128
-0.00921672
-0.00588484
-0.0066886
-0.00750739
-0.0067416
-0.00679925
-0.00656038
0.00238586
-0.00686569
-0.00556379
-0.00565619
-0.00751789
-0.00716369
-0.00458356
0.0058773
-0.00189703
-0.00261446
-0.00578361
-0.0067388
-0.00110461
-0.00453754
-0.00675194
-0.00557666
-0.00199125
-0.0057081
-0.0027558
-0.00412119
-0.00513022
-0.00586555
-0.00192359
-0.00470577
-0.00653852
-0.00680622
-0.00344904
-0.00579646
0.00226646
-0.00687032
0.00207189
-0.0052715
-0.00627369
-0.00190006
0.00384261
-0.00370461
-0.00283614
-0.00732363
-0.0103306
-0.00423546
-0.000792469
-0.00468589
-0.0092947
-0.00538357
-0.00661802
-0.00596116
-0.00838665
-0.00702615
-0.00388127
-0.00776027
-0.00138229
-0.00813211
0.00598832
-0.00431148
-0.00829879
-0.00481764
-0.00804583
-0.00678964
-0.00707777
-0.00708121
-0.00759618
-0.0035266
-0.00746423
0.00461661
-0.00601654
-0.00903401
-0.00659535
-0.00650056
-0.00740009
0.00441354
-0.00590375
-0.00546161
-0.00733914
-0.0055303
-0.0053007
-0.00651897
-0.00565333
-0.00499151
-0.00244331
-0.00585003
-0.00173361
-0.00394211
-0.00140777
-0.00491866
-0.00384601
-0.00369106
-0.0015328
-0.00817505
-0.00609133
-0.00491797
-0.00415319
-0.00607691
-0.00648846
-0.00479256
0.00248542
-0.00185253
0.000469504
-0.00285861
-0.00891782
-0.00626721
-0.00284037
-0.00544929
-0.00273022
-0.00551992
-0.0054449
0.00851284
-0.00435056
-0.00406113
-0.00363168
-0.00775343
-0.00501246
-0.00428981
-0.00917954
-0.0035836
-0.00247882
-0.00245921
-0.00189608
0.00946872
0.0081342
-0.0023827
0.000491934
-3.22827e-05
-0.00311717
-0.00218036
-0.0020993
-0.00463304
-0.00355487
-0.00555251
-0.0028992
-0.00571103
-0.00817045
-0.00362491
-0.00398956
-0.00488001
-0.00535021
-0.00324511
-0.00357554
-0.00538295
-0.0052174
-0.00145868
-0.00381748
-0.00418305
-0.00430582
-0.0033215
0.00209913
-0.00401891
0.00385568
0.0104906
-0.00153635
-0.0029147
-0.00342075
-0.0026075
-0.00414559
-0.00296434
-0.00335935
-0.00216364
-0.00364171
-0.00407137
-0.00470762
-0.00314673
-0.00311525
-0.00285199
-0.00975526
-0.00178156
-0.00843855
0.00871817
-0.00704513
-0.00259815
-0.00517206
-0.000824576
-0.000922808
-0.00774375
-0.00125444
0.00047197
-0.00598426
-0.00839927
-0.00427458
-0.00330949
-0.00453206
0.00880414
-0.00566906
-0.00546158
-0.00223512
-0.00431559
-0.0011793
-7.92478e-05
-0.00231273
-0.00166781
-0.00401352
-0.00551391
-0.00689246
-0.0035639
-0.00715355
-0.0049602
-0.00632584
0.000179653
0.009269
-6.92124e-05
-0.00497859
-0.00686747
-0.00516286
-0.00500957
-0.00612002
-0.00552465
-0.00675167
-0.00683773
-0.00125299
0.0106111
-0.00328078
-0.0033687
-0.00662227
-0.00157894
-0.00483511
-0.00423755
-0.00178602
-0.00513641
-0.000490045
-0.0063575
-0.00616467
-0.00537942
-0.00458347
-0.00570786
-0.00177854
-0.00601534
-0.00691678
-0.00718218
-0.00393928
-0.00799282
-0.0067404
-0.00618044
-0.00569856
-0.00656738
-0.00754571
-0.00723853
-0.00381191
-0.0062706
-0.00715914
-0.00460235
-0.00615968
0.00753778
-0.00613456
-0.00490289
-0.00241802
-0.00274125
0.00531415
-0.00977726
-0.00100931
-0.000170881
-0.00174929
-0.000941619
-0.00544409
-0.00212041
-0.00720989
-0.00676236
-0.0044006
-0.0079431
-0.00641701
-0.00757029
0.000119915
0.0100049
-0.00371743
-0.000906441
-0.00641477
-0.00516452
-0.00656801
-0.00610687
-0.00161841
-0.000996976
-0.00673195
-0.00653188
-0.00607056
-0.00561481
-0.00693701
-0.00220314
-6.74808e-05
-0.00264998
0.00041814
-0.00589866
0.00872469
-0.00491834
-0.000964558
-0.00622635
-0.00167585
-0.00708985
-0.00130581
-0.00594675
-0.00713728
-0.000834137
-0.00581112
-2.67291e-05
0.00172104
-0.00376322
-0.00601211
-7.4038e-05
-0.00372567
-0.00540416
-0.00680357
-0.000919507
-0.00015852
-0.00563439
-0.000262121
-0.0058524
3.49977e-05
0.000370969
4.00379e-05
-0.00144227
-0.00670312
-0.00448612
-0.00313833
-0.00319179
-0.0086922
-0.00852232
-0.00284555
0.00118347
-6.53209e-05
-0.00384972
-0.000219635
-0.0005871
-0.0029192
-0.00217348
-0.00220871
-0.00166605
0.0107437
-0.00337212
-0.00953975
0.00967897
-0.00901149
-0.000781192
-0.00263881
0.000609766
-0.00201007
-0.00100888
-0.00421167
-0.00351008
0.0013436
0.00830556
-0.0083397
-0.00278069
-0.00254286
0.000715337
-0.00558588
0.00262716
0.0111439
-0.00337968
-0.00420688
-0.00179862
-0.00295722
-0.00155564
-0.0027861
-0.00455525
-0.00270189
0.00161609
0.00514075
-0.00518207
0.000255173
-0.00676364
-0.00163564
-0.00703804
-0.000626337
-0.00727747
-0.00591386
-0.00193352
-0.00686544
-0.00412972
5.27223e-05
-0.00683752
-0.00629976
-0.00315674
-0.00712933
-0.00608056
-0.00504124
0.00148139
0.00087603
-0.00473256
-0.00504496
-0.00116283
-0.00245964
-0.00467392
0.0010273
-0.00371677
-0.00530341
-0.00418517
-0.00637067
-0.00592482
-0.00612148
-0.00588684
-0.00661571
-0.000882425
0.00156841
-0.00303554
0.00769338
-0.00449454
-0.000176938
-0.00378377
-0.00440294
-0.00715876
-0.00222451
0.00685915
-0.00520791
-0.00508412
-0.00205615
-0.0076758
-0.00109505
-0.000775364
-0.00474509
-0.00302548
-0.00362659
-0.00283377
-0.000804319
-0.00588846
-0.000533993
0.00334774
-0.00898478
-0.00101786
-0.00723998
-0.00382487
-0.00711201
-0.00562144
-0.00283368
-9.43789e-05
-0.000338117
-0.000420538
-0.000316571
-0.00149733
-0.00253954
-0.00137136
-0.0070203
0.00919174
-0.002335
-0.00166618
0.0107385
-0.00953252
-0.00338081
-0.00901422
-0.000784105
0.00967427
-0.00263865
0.000609257
-0.00100918
-0.00200989
-0.00421513
-0.00351225
0.00133806
-0.00834204
0.00829515
-0.00278008
3.16754e-05
0.000372416
3.60143e-05
-0.00144126
0.00118216
-6.73482e-05
-0.000220233
-0.00385421
-0.00670581
-0.00448838
-0.0031428
-0.00319537
-0.00285005
-0.00852502
-0.00869517
-0.000585797
-0.00291682
-0.00216898
-0.00220724
-0.00681632
-0.00140511
-0.00633894
-0.000791608
-0.00204982
-0.00644671
-0.0060608
-0.0071903
-0.00420135
-0.00695963
-7.73878e-05
-0.00332076
-0.00728404
-0.00655378
-0.00638584
-0.0051236
0.00132082
0.00075826
-0.00134284
-0.0049974
-0.00523576
-0.00262672
0.000664538
-0.00546612
0.00249876
-0.00345622
-0.00436646
0.0110647
-0.00180107
-0.00295954
-0.00278834
-0.00155438
-0.0045741
-0.00269852
0.0015482
-0.0052332
0.000254496
0.00508715
-0.00711053
-0.00220779
-0.00521671
0.00681068
-0.00763736
-0.00511004
-0.00205455
-0.00107249
-0.000762271
-0.0047281
-0.0030154
-0.00358446
-0.00282056
-0.000819507
-0.00587735
-0.000508067
0.00337132
-0.00246996
-0.00468356
-0.00372309
0.00101212
-0.000885238
0.0015705
-0.00303065
0.00768943
-0.00533278
-0.00418934
-0.00638632
-0.00593328
-0.00589866
-0.00613644
-0.00662849
-0.00449275
-0.000166558
-0.00378323
-0.00439548
0.00777318
-0.00524805
-0.000339243
-0.00400681
0.00034189
-0.00281446
-0.00445547
-0.00085298
-0.0044743
-0.00473231
-0.00811978
-0.00409136
-0.00643713
-0.00525987
-0.00288403
-0.00928244
-0.0041787
0.000469467
-0.00279319
-0.00546665
-0.0073205
-0.00552019
-0.0053027
-0.00650498
-0.00499522
-0.00566043
-0.00147109
-0.00419172
-0.0038195
-0.00431539
-0.00334181
-0.00402575
0.00210426
0.00384414
0.0104929
-0.00154586
-0.00292469
-0.00342637
-0.00261218
-0.00415185
-0.00217156
-0.00336655
-0.00297018
-0.00365542
-0.00407973
-0.0047139
-0.00315091
-0.00313213
-0.00976758
-0.00285873
-0.00179078
-0.00844796
-0.00705064
0.00872193
-0.000823917
-0.00517896
-0.00259769
-0.00247402
-0.00358154
-0.00246393
0.00947478
-0.00189562
0.00811093
-0.0023955
0.000475334
-4.41045e-05
-0.00312298
-0.00218923
-0.00210247
-0.00463513
-0.00355622
-0.00555086
-0.00289627
-0.00816677
-0.00571515
-0.00362479
-0.00399157
-0.00486684
-0.00534988
-0.00323977
-0.00538214
-0.00521121
-0.00357927
-0.00552189
-0.0068887
-0.00714928
-0.00356306
-0.00631923
-0.00495941
0.000176126
-0.00499232
-0.0068909
-0.00514513
-0.00501973
-0.00550859
-0.00614027
-0.00676979
0.00926485
-7.47008e-05
-0.00684171
-0.00126225
-0.00328838
0.0106047
-0.00337789
-0.00662374
-0.00482367
-0.00161126
-0.00511734
-0.00425064
-0.00179236
-0.00636732
-0.00615536
-0.00537431
-0.00460276
-0.00569788
-0.00603545
-0.00178587
-0.000495416
-0.00601709
-0.00522574
-0.00496084
-0.00673462
-0.00632151
-0.00573517
-0.00624898
-0.000918425
-0.00773113
0.00047746
-0.00124336
-0.00838358
-0.00597784
-0.00425927
-0.00326585
-0.00451647
0.00882665
-0.00565011
-0.00222871
-0.00543377
-0.00115278
-6.3496e-05
-0.00429767
-0.00227417
-0.00161935
-0.00398938
-0.00544562
-0.00720795
-0.0021218
-0.00676506
-0.0044013
-0.00641738
-0.00794717
-0.00757905
0.00999287
0.000112623
-0.00372218
-0.000910896
-0.00642452
-0.00516016
-0.00611426
-0.00656782
-0.0016217
-0.00100233
-0.00673184
-0.00654551
-0.00607546
-0.00221412
-0.00562019
-0.00694077
-7.10237e-05
-0.00265174
-0.00589602
0.000416115
-0.00491597
0.00871807
-0.000966645
-0.00692507
-0.00722771
-0.0039323
-0.00800796
-0.00571314
-0.00619768
-0.00676065
-0.0065628
-0.00755981
-0.00721576
-0.00381277
-0.00625282
-0.00462116
-0.00714379
0.00753492
-0.00614725
-0.00613784
-0.00242965
-0.00489905
-0.0027528
0.00531755
-0.00975398
-0.00100076
-0.000172454
-0.00176073
-0.000943192
-0.00542743
-0.00541638
-0.00242715
-0.00603481
-0.00658071
-0.00801777
-0.00195413
-0.00529524
-0.00154337
-0.00705038
-0.00789054
-0.00619999
-0.00341345
-0.00648041
-0.00312226
-0.00623083
-0.000230252
-0.00497042
-0.00654063
-0.00115484
-0.00771221
-0.0057078
-0.00355856
-0.00855823
-0.00716233
-0.00857631
-0.00477105
-0.006404
-0.00845374
-0.00430187
-0.00485605
-0.00688832
-0.00313926
-0.00995514
-0.00625852
-0.0075091
0.0024318
-0.0109851
-0.00248311
0.00500327
-0.00155162
-0.00736453
-0.00332184
-0.00497433
-0.00927861
-0.00358845
-0.0100081
-0.00487943
-0.00742283
-0.0029885
-0.00789514
-0.00632744
-0.00392544
-0.00374057
-0.00342437
-0.00830946
0.000436722
-0.00502012
-0.00840969
0.00672121
-0.0075666
-0.00510018
-0.00696643
-0.00601578
-0.00705782
-0.00648553
-0.00574624
-0.00592169
0.00553266
-0.00724994
0.00182603
-0.00672643
-0.00987496
0.00440215
-0.00551184
-0.00637902
-0.00498082
-0.00948842
-0.00820936
-0.00325824
-0.00630445
-0.00828106
-0.00421777
-0.00869568
-0.00952017
-0.00863691
-0.00780239
-0.00801439
-0.00823262
-0.00663269
-0.0109697
-0.00913709
-0.00741594
-0.00759591
-0.0105812
-0.00659572
-0.00919801
-0.00668167
-0.00578638
-0.0067865
-0.00748626
-0.00665928
-0.00661229
0.00238186
-0.00559378
-0.00682401
-0.00755077
-0.00714385
-0.00564622
-0.0036026
-0.00706257
-0.0061048
-0.00737115
-0.00552545
-0.00488589
-0.00667567
-0.00420407
-0.00538291
0.00398475
-0.00885392
-0.00645483
-0.00753999
-0.00353331
-0.00597696
-0.00535469
-0.000857527
-0.00467641
-0.00932535
-0.00141353
-0.00818198
0.00601292
-0.00834418
-0.00434505
-0.00541528
-0.00664275
-0.00591525
-0.00833504
-0.00776956
-0.00706189
-0.00381281
-0.00745225
0.00462817
-0.00599202
-0.00900729
-0.00657913
-0.00740516
-0.00646375
-0.00480165
-0.00803981
-0.00677648
-0.00703189
-0.00752558
-0.00709463
-0.00349743
0.00432229
-0.00595463
0.00216084
-0.00688533
0.00209424
-0.005233
-0.00619182
-0.00191904
0.0039923
-0.00364971
-0.00288658
-0.00736292
-0.0104468
-0.00414983
-0.00638391
-0.00645644
-0.0099232
-0.00884212
-0.00927181
-0.00941192
-0.0017887
-0.00682419
-0.00275223
-0.00958323
-0.00669864
-0.00626485
-0.00841347
-0.00648837
-0.0087731
-0.00803321
-0.00220052
-0.000473304
-0.00818484
-0.00962089
-0.00529562
-0.00528228
-0.00706841
-0.00778232
-0.0112065
-0.00676027
-0.010077
-0.00849581
-0.00944205
-0.00812119
-0.00906024
-0.00826626
-0.00801014
-0.00860063
-0.00903914
-0.00862826
-0.0084605
-0.00821016
-0.00965698
-0.0107947
-0.0107623
-0.00859693
-0.00880497
-0.00983087
-0.00937906
-0.0016878
-0.00170836
-0.00652054
-0.00990884
-0.00742154
-0.00680339
-0.00876297
-0.00816887
-0.0106497
-0.00873706
-0.00918933
-0.00935958
-0.00942749
-0.00836735
-0.00882907
-0.00859601
-0.00627321
-0.00906416
-0.00882682
-0.00956826
-0.00941383
-0.00888168
-0.00732737
-0.00858207
-0.00841042
-0.00908347
-0.00822441
-0.0084256
-0.00922773
-0.00907532
-0.00862876
-0.00864021
-0.0093888
-0.00824313
-0.00856491
-0.00799197
-0.0072812
-0.00804679
-0.00848983
-0.00812058
-0.00825182
-0.00860553
-0.0075835
-0.00284962
-0.00809438
-0.00834285
-0.00781445
-0.00791275
-0.00946041
-0.00369798
-0.00590089
-0.00623916
-0.00724898
0.00106917
0.00211579
-0.00602771
-0.00758695
-0.00733114
-0.00764803
-0.0057986
-0.00549866
-0.00777421
-0.00772211
-0.00530043
-0.00476105
-0.00641949
-0.00773861
-0.00773504
-0.00120984
-0.00173167
-0.00971615
-0.00709382
-0.0088409
-0.0109136
-0.00641062
-0.00596287
-0.0072108
-0.00745732
-0.00601777
-0.00804222
-0.00251319
-0.00608417
-0.00603233
-0.00774423
-0.00622418
-0.00676313
-0.00846957
-0.0108135
-0.00853601
-0.00920032
-0.00381913
-0.00335708
-0.00325721
-0.00828214
-0.00732593
-0.00526138
-0.00622822
-0.00619817
0.0015668
-0.00454761
-0.00751313
-0.00613984
-0.00738183
-0.00705044
-0.00861661
-0.0063349
0.000468255
-0.00336984
-0.00950987
-0.012804
-0.0117646
-0.00869405
-0.00467474
-0.00529192
-0.00466317
-0.00939581
-0.00771194
-0.00611012
-0.00766758
-0.00749178
-0.00111066
-0.00430924
-0.00847883
-0.00801494
-0.00800759
-0.00797554
-0.00745391
-0.00839504
-0.000532694
-0.00263522
-0.0083801
-0.00793348
-0.00744573
-0.00948298
-0.00893302
-0.00938626
-0.00791855
-0.00829543
-0.00928334
-0.009136
-0.00782378
-0.0088097
-0.0079924
-0.00784659
-0.00892769
-0.00869534
-0.00778005
-0.00879002
-0.00896559
-0.00925237
-0.00778605
-0.00871858
-0.00770376
-0.00296398
-0.00964493
-0.00956012
-0.00581245
-0.00973653
-0.00850123
-0.0100843
-0.00956939
-0.00884463
-0.0080981
-0.00756817
-0.0102486
-0.00383945
-0.00863264
-0.0102946
-0.0089937
-0.00920398
-0.00808904
-0.00949703
-0.00914829
-0.00916934
-0.00902123
-0.00949934
-0.0104221
-0.0108883
-0.00859524
-0.00931256
-0.00838216
-0.00885381
-0.00840263
-0.00897627
-0.00891836
-0.0079362
-0.00874281
-0.00854133
-0.0102675
-0.00848894
-0.0096444
-0.0055005
-0.00894983
-0.00916679
-0.00592854
-0.00641558
-0.00930442
-0.00865479
-0.00963872
-0.00838973
-0.00918503
-0.00865506
-0.00728798
-0.00875474
-0.00866445
-0.00992829
-0.00892895
-0.00917272
-0.00922069
-0.00862851
-0.00999367
-0.00986365
-0.00713199
-0.008996
-0.00947625
-0.00915348
-0.00922969
-0.00909205
-0.00945943
-0.00928354
-0.00933277
-0.0100068
-0.00939601
-0.00922089
-0.00948619
-0.00958297
-0.00938064
-0.00952944
-0.00938932
-0.00912738
-0.00914791
-0.00960951
-0.0099609
-0.00898705
-0.00991629
-0.00913666
-0.00918465
-0.00901155
-0.00942529
-0.00949928
-0.00912539
-0.00947138
-0.0095218
-0.00947329
-0.009997
-0.0093569
-0.0103186
-0.00940106
-0.00802292
-0.00938759
-0.00848834
-0.00853708
-0.00907078
-0.00898167
-0.00932991
-0.00996352
-0.00890333
-0.00881507
-0.00871454
-0.0070649
-0.00914643
-0.00809613
-0.00880026
-0.00872108
-0.00969097
-0.0103051
-0.0088801
-0.00810281
-0.00654273
-0.00894998
-0.00842888
-0.00889419
-0.00957594
-0.00814081
-0.00884208
-0.00904483
-0.00947786
-0.00961159
-0.00925918
-0.00975485
-0.00932639
-0.00876876
-0.00916818
-0.0087794
-0.00995358
-0.00967331
-0.00924826
-0.00922973
-0.00946564
-0.00928987
-0.00975798
-0.00936817
-0.00950065
-0.00946257
-0.00955081
-0.00944393
-0.0101127
-0.00932637
-0.010264
-0.00926201
-0.0100763
-0.00971459
-0.00773472
-0.00964909
-0.00991218
-0.00883551
-0.00902353
-0.00902485
-0.0094037
-0.00959131
-0.00901302
-0.00890774
-0.00951112
-0.00886314
-0.00908268
-0.00878245
-0.00910313
-0.00898603
-0.00928072
-0.00933914
-0.00860264
-0.00943136
-0.00922799
-0.00914612
-0.00922223
-0.00913216
-0.00916444
-0.0091071
-0.00913913
-0.00922466
-0.00902158
-0.00897829
-0.00894723
-0.00918692
-0.00906751
-0.00898202
-0.00911405
-0.00917608
-0.00923248
-0.00928825
-0.00928132
-0.00929572
-0.00925579
-0.00925439
-0.00935423
-0.00902456
-0.00931325
-0.00922899
-0.0095255
-0.00916823
-0.00904298
-0.00907624
-0.00945702
-0.00927132
-0.00926389
-0.00925253
-0.00950053
-0.00906073
-0.00931111
-0.00920589
-0.00917782
-0.00925434
-0.00908452
-0.00911425
-0.00882803
-0.00908791
-0.00902635
-0.00907963
-0.00874681
-0.00882515
-0.00902135
-0.00916189
-0.00897734
-0.0090214
-0.00943666
-0.00924147
-0.00909801
-0.00921059
-0.00907496
-0.0095054
-0.00893228
-0.00901456
-0.0088918
-0.00910843
-0.0090494
-0.00888267
-0.00893671
-0.00887428
-0.00874698
-0.00871503
-0.00886069
-0.00892523
-0.00878545
-0.00883617
-0.00898399
-0.0088377
-0.00901119
-0.00911149
-0.00909987
-0.00897794
-0.00904543
-0.00887807
-0.00865215
-0.00891239
-0.00880728
-0.00866038
-0.00890179
-0.00852454
-0.00874541
-0.00902773
-0.00883757
-0.00884939
-0.00922935
-0.00885899
-0.00856284
-0.00884815
-0.00886737
-0.00877171
-0.00898594
-0.00845337
-0.00875821
-0.00905002
-0.00835815
-0.00899158
-0.00867943
-0.00931877
-0.00940516
-0.00924269
-0.00930718
-0.00916616
-0.00903158
-0.00902675
-0.00908421
-0.00909479
-0.0085594
-0.00909243
-0.00919059
-0.00897295
-0.00886907
-0.00920737
-0.00861276
-0.00862016
-0.00871877
-0.00874927
-0.00861905
-0.00895836
-0.00913486
-0.00896752
-0.00902483
-0.00901771
-0.00900857
-0.00885876
-0.00892435
-0.00890585
-0.00873754
-0.00844364
-0.0095138
-0.00861342
-0.00866716
-0.00910526
-0.00858648
-0.0092676
-0.0091828
-0.00885202
-0.00872471
-0.00873263
-0.0089286
-0.00864049
-0.00868947
-0.00886297
-0.00875211
-0.00863524
-0.00861119
-0.00902902
-0.00885908
-0.00784147
-0.00860945
-0.00850279
-0.00858379
-0.00889555
-0.00748509
-0.00899066
-0.00897351
-0.00876139
-0.00874015
-0.00864111
-0.00891147
-0.00889764
-0.00874262
-0.00861761
-0.00865529
-0.00881757
-0.00858751
-0.00892351
-0.00870655
-0.0089962
-0.00921063
-0.00842168
-0.00859575
-0.00779231
-0.00940895
-0.00852522
-0.00892316
-0.00886621
-0.0087092
-0.0072242
-0.00827004
-0.00902757
-0.00845601
-0.00822138
-0.00913288
-0.00798588
-0.00758981
-0.00857956
-0.00806112
-0.00911378
-0.00799057
-0.00747771
-0.0106525
-0.00960458
-0.00814809
-0.00929784
-0.00889043
-0.00853796
-0.00885235
-0.00885883
-0.0085691
-0.00873406
-0.00875813
-0.0091017
-0.00918998
-0.00859346
-0.00869992
-0.00909269
-0.00930033
-0.00856433
-0.00861028
-0.00738981
-0.0090299
-0.00871952
-0.00842732
-0.00846477
-0.00849396
-0.00867066
-0.00862521
-0.00851402
-0.00858865
-0.0087239
-0.00874753
-0.00844031
-0.00849477
-0.00921476
-0.00858622
-0.00864987
-0.00884323
-0.00865835
-0.00873814
-0.00906476
-0.00697982
-0.00788721
-0.0092453
-0.00737836
-0.00904138
-0.00870594
-0.00899669
-0.00959955
-0.00724004
-0.00845971
-0.00764184
-0.00847036
-0.00764776
-0.00781417
-0.00672752
-0.00839951
-0.00795895
-0.00719424
-0.00752825
-0.00715548
-0.00832638
-0.00622025
-0.00671038
-0.00397332
-0.00667068
-0.00664468
-0.00938434
-0.0060575
-0.00835132
-0.00984927
-0.00593633
-0.0102527
-0.00718418
-0.00942359
-0.00928515
-0.00785304
-0.00706793
-0.010355
-0.00873959
-0.00627768
-0.00724095
-0.0101721
-0.00484318
-0.00679572
-0.00837761
-0.00846274
-0.0103014
-0.00825455
-0.00881753
-0.00765639
-0.00875296
-0.00795533
-0.0105423
-0.00608795
-0.00739596
-0.00816092
-0.0100658
-0.00790325
-0.010237
-0.00667999
-0.0107674
-0.00481841
-0.0109647
-0.00389788
-0.00939725
-0.010901
-0.00447006
-0.00498319
-0.0055162
-0.00625987
-0.00969039
-0.00784155
-0.00812463
-0.00391073
-0.0125303
-0.0053904
-0.00583417
-0.00944544
-0.010432
-0.00873869
-0.00874121
-0.00948331
-0.00978457
-0.00980155
-0.00946456
-0.00542942
-0.00912601
-0.00855894
-0.00913334
-0.00942904
-0.00952898
-0.00918002
-0.00975301
-0.00916637
-0.00560772
-0.0100964
-0.0102582
-0.00664714
-0.00966679
-0.00492194
-0.00980391
-0.00939482
-0.00891698
-0.00971802
-0.00770712
-0.00805175
-0.00866726
-0.00890268
-0.00788375
-0.00826585
-0.00818706
-0.0092336
-0.0082631
-0.00877384
-0.00939873
-0.00921768
-0.00829633
-0.0084726
-0.00957196
-0.00917082
-0.00955052
-0.00835125
-0.00954779
-0.00883219
-0.00933819
-0.0083072
-0.00928382
-0.00937084
-0.00933724
-0.00958711
-0.00908375
-0.00864056
-0.00912497
-0.009645
-0.00964966
-0.010377
-0.0100978
-0.0059869
-0.00931457
-0.00967361
-0.00924995
-0.00985344
-0.0101856
-0.0099893
-0.00915138
-0.00947461
-0.00919159
-0.00971434
-0.0101044
-0.00825528
-0.00885652
-0.00927895
-0.0090694
-0.00916028
-0.00943987
-0.00922276
-0.00891777
-0.00932743
-0.00905052
-0.00890395
-0.00960507
-0.00646914
-0.00894627
-0.00871021
-0.00663539
-0.00924573
-0.00967909
-0.00958658
-0.0104725
-0.00944929
-0.00902949
-0.00941946
-0.00898002
-0.00904572
-0.00845902
-0.0094741
-0.00918971
-0.00878741
-0.00868598
-0.00920395
-0.00897462
-0.00852606
-0.00762082
-0.00777806
-0.00751135
-0.00891878
-0.00833306
-0.00749914
-0.00702425
-0.00839503
-0.0112927
-0.0095213
-0.00649353
-0.0100099
-0.00820572
-0.00889415
-0.00893136
-0.00923733
-0.0079043
-0.0102359
-0.00747151
-0.00900941
-0.0119138
-0.0086487
-0.00950505
-0.00905425
-0.00915485
-0.00887367
-0.00864837
-0.00894824
-0.00954751
-0.00724856
-0.00882281
-0.00837249
-0.00847262
-0.00951848
-0.00889121
-0.00893946
-0.00942811
-0.00880137
-0.00893654
-0.00918172
-0.00895404
-0.00886197
-0.00780603
-0.00922865
-0.00901429
-0.0091436
-0.00891292
-0.00898117
-0.00919204
-0.00918361
-0.00888348
-0.00813978
-0.00873314
-0.0090423
-0.00892936
-0.00918844
-0.00903905
-0.00891049
-0.00923266
-0.00897349
-0.0096208
-0.00922457
-0.00908784
-0.00881893
-0.00885234
-0.00905594
-0.00874148
-0.00911713
-0.00781784
-0.00991412
-0.009594
-0.00977427
-0.00919595
-0.00924868
-0.0071348
-0.00887487
-0.00759459
-0.00814695
-0.0088307
-0.00795994
-0.00966341
-0.00793932
-0.00866227
-0.00878334
-0.00882192
-0.00978305
-0.00883592
-0.00887172
-0.0088578
-0.00750371
-0.00863415
-0.00863242
-0.00905639
-0.0082366
-0.00951845
-0.0083747
-0.00774429
-0.00864114
-0.00827133
-0.00895116
-0.00778455
-0.0102735
-0.00754333
-0.0095624
-0.00958297
-0.00834606
-0.00897605
-0.00867926
-0.00922212
-0.00922447
-0.00897682
-0.00872808
-0.00920567
-0.0088097
-0.00839805
-0.009513
-0.00880844
-0.00890815
-0.00867128
-0.00888833
-0.00864983
-0.00895216
-0.00926639
-0.0089525
-0.00920328
-0.00903825
-0.00845438
-0.00872102
-0.00810592
-0.0093414
-0.00911725
-0.00877488
-0.00877613
-0.00933654
-0.00885929
-0.00906461
-0.00900937
-0.0089154
-0.00889252
-0.00904929
-0.00893507
-0.00924834
-0.00948316
-0.009006
-0.00891739
-0.00986442
-0.00937731
-0.0074102
-0.00850137
-0.00945331
-0.0096
-0.00624787
-0.00928986
-0.00903972
-0.008636
-0.00884993
-0.00857489
-0.00825974
-0.00746726
-0.00867463
-0.0080396
-0.00932436
-0.0083578
-0.00814015
-0.00930419
-0.00779479
-0.00890585
-0.0101359
-0.00769728
-0.00928884
-0.00907448
-0.00976325
-0.00845878
-0.00762169
-0.0087801
-0.00659614
-0.00938109
-0.00939095
-0.00844317
-0.00894824
-0.00867877
-0.00941477
-0.00916821
-0.00962547
-0.00863667
-0.00850965
-0.00910791
-0.00910527
-0.00849943
-0.00969045
-0.00851204
-0.00915533
-0.00927153
-0.0104853
-0.00887222
-0.0097945
-0.00912609
-0.00912024
-0.00809195
-0.00862049
-0.00966626
-0.00915072
-0.00844097
-0.00909291
-0.00610141
-0.00880409
-0.00877526
-0.00888163
-0.00888892
-0.0083227
-0.00914796
-0.00834717
-0.00853815
-0.00793
-0.0103778
-0.00605557
-0.00884131
-0.0077462
-0.00907533
-0.00825388
-0.00844328
-0.00881753
-0.00808806
-0.00956286
-0.00865772
-0.00726166
-0.0111672
-0.0082264
-0.00874608
-0.0091108
-0.00848157
-0.00848943
-0.00821168
-0.00840223
-0.00898712
-0.00676314
-0.00816032
-0.00787884
-0.00821487
-0.00645446
-0.00951848
-0.007928
-0.00843745
-0.00867377
-0.00854588
-0.00881729
-0.00841116
-0.0079825
-0.00910028
-0.0087327
-0.00942701
-0.00913788
-0.00531
-0.00864877
-0.00828919
-0.00849296
-0.00889188
-0.00957011
-0.00848964
-0.00929391
-0.00835188
-0.00890104
-0.00877266
-0.00923913
-0.00787398
-0.00803185
-0.00841333
-0.0088889
-0.00834268
-0.00909581
-0.0087318
-0.00590059
-0.0100535
-0.00902349
-0.00880954
-0.00807705
-0.00871338
-0.00822344
-0.00849813
-0.00814183
-0.00709189
-0.00911138
-0.00866876
-0.00850556
-0.0088021
-0.00870745
-0.00891897
-0.00807488
-0.00792386
-0.00688147
-0.00665961
-0.0072671
-0.00695757
-0.00826846
-0.0107417
-0.00740431
-0.00500003
-0.00720656
-0.00730365
-0.00811301
-0.00427565
-0.0102554
-0.00831413
-0.00727933
-0.0106324
-0.00743112
-0.00771596
-0.0096841
-0.00745087
-0.00792216
-0.00841182
-0.00572523
-0.00863354
-0.00488179
-0.00430834
-0.00744308
-0.00992243
-0.00903878
-0.00842561
-0.0115692
-0.00206936
-0.0110774
-0.00790298
-0.00677391
-0.00804364
-0.00650764
-0.00682425
-0.00630835
-0.00630644
-0.00622362
-0.00591573
-0.00616417
-0.0102886
-0.0121843
-0.00229853
-0.00956885
-0.00217664
-0.00168138
-0.00952533
-0.00469248
-0.0111232
-0.00723902
-0.00629741
-0.0101552
-0.0113744
-0.00153406
-0.00967599
-0.00110739
-0.00138002
-0.00590024
0.000512822
-0.00857529
-0.0106263
-0.00154066
-0.00128869
-0.00979629
-0.00983197
-0.00456406
-0.00861633
-0.00577188
-0.00576963
-0.00818477
-0.00886332
-0.00890011
-0.00151739
-0.00140939
-0.00310718
-0.0117595
-0.00983966
-0.0056859
-0.0115672
-0.00938497
-0.00222206
-0.00940133
-0.00632113
-0.00939678
-0.00935945
-0.00195409
-0.00511498
-0.0117831
-0.00958504
-0.00490313
-0.0105172
-0.00393625
-0.00727684
-0.00447072
-0.0120569
-0.00949385
-0.00562374
-0.0102039
-0.00317224
-0.00712871
-0.00299164
-0.00310739
-0.0119219
-0.00310042
-0.00771042
-0.0114372
-0.00592859
-0.00873819
-0.0109039
-0.00316629
-0.00731716
-0.00681569
-0.0122778
-0.00864637
-0.00562211
-0.00697272
-0.00600202
-0.0104664
-0.00663994
-0.00939281
-0.00605207
-0.00952652
-0.00745048
-0.0102306
-0.0076877
-0.00922971
-0.00723593
-0.0071666
-0.00711518
-0.00867503
-0.00904971
-0.00933738
-0.00934876
-0.00952892
-0.00913713
-0.00800081
-0.00933571
-0.00929056
-0.00831887
-0.0081687
-0.00962304
-0.00802134
-0.00857505
-0.00860124
-0.00725078
-0.00738282
-0.00757878
-0.0117648
0.000183638
-0.00877612
-0.00690763
-0.00982871
-0.0114499
-0.00819481
-0.00104105
-0.00991119
-0.00785472
-0.00736975
-0.00796848
0.000132971
-0.0114083
-0.00789894
-0.00586902
-0.00676221
-0.00571444
-0.00632596
-0.00649726
-0.00752466
-0.00594062
-0.00794986
-0.00705816
-0.00909491
-0.00737793
-0.00689591
-0.00700149
-0.00791967
-0.00963032
-0.00955074
-0.00958619
-0.00194853
-0.0094025
-0.0069038
-4.78998e-05
-0.0107326
-0.00666831
-0.00611878
-0.00889945
-0.00566401
-0.0102729
-0.000367161
-0.00721954
-0.00964057
-0.00482644
-0.0108774
-0.00641268
-0.00479165
-0.00714657
-0.0110549
-0.00742834
-0.00654603
-0.00785164
-0.00673871
-0.00604756
-0.010569
-0.0102661
-0.000410754
0.000196306
-0.0110547
-0.00605921
-0.0125075
-0.0130528
-0.00223974
-0.00889353
-0.00195308
-0.00790373
-0.0131288
-0.00518966
-0.0111966
-0.000474719
0.00217197
-0.0113641
-0.0097549
-0.00828915
0.000822562
-0.00954745
-0.00853062
-0.0104721
0.00276759
0.00221672
-0.00781914
0.00109969
-0.00527047
-0.00549779
0.00303869
-0.00687062
0.00420445
-0.00358337
-0.00467717
-0.0118761
0.0019577
-0.00714651
-0.0108445
-0.0083917
-0.0049957
-0.0102709
-0.0124378
0.00365909
-0.00686759
-0.0114842
-0.00475128
-0.0104323
-0.00877987
-0.00868785
0.00176282
-0.0108025
0.00135589
-0.00326789
-0.00608319
-0.00753587
-0.00606862
-0.00685401
0.00357913
-0.00453968
0.0048818
-0.00584924
-0.00815113
-0.00255
-0.00540172
-0.0051582
-0.00706597
-0.00397978
-0.00468832
-0.00479255
-0.00882399
-0.0066429
-0.00391625
-0.0047149
0.00446292
-0.00915715
0.0051359
-0.00642653
-0.00489169
-0.00498681
-0.00535605
0.000632718
-0.00629225
-0.00163839
-0.00587184
-0.00197132
-0.000128685
-0.00198166
-0.00160962
-0.00840785
-0.00424435
-0.00116861
-0.00902687
-0.00901308
-0.00594698
-0.000872427
-0.00748413
-0.00356409
-0.00934121
-0.00158993
-0.00942492
0.0009284
-0.0075455
-0.00402214
-0.00774727
-0.00795465
-0.00475112
-0.00344979
-0.000607108
-0.00756704
-0.00867522
-0.00730306
-0.000702468
-0.00106376
-0.00663299
-0.00628918
-0.00532641
-0.00524987
-0.00582361
-0.00595227
-0.00698768
-0.00550655
-0.00496481
-0.00683656
-0.00711367
-0.0069719
-0.00723872
-0.00686626
-0.00403392
-0.00676136
-0.006925
-0.00721262
-0.00669426
-0.00992605
0.00298002
-0.00727222
-0.00672256
-0.00818634
0.00431948
-0.00675295
-0.0124117
-0.00314088
-0.00473615
-0.00581642
-0.00647809
-0.00533305
0.00316113
-0.00606281
-0.00617718
-0.00841136
-0.00817394
-0.007864
0.00539825
-0.00990788
-0.00689255
0.00715877
0.00540009
-0.00717139
-0.00654396
-0.00409613
-0.0105526
-0.00421046
-0.00582041
-0.00303827
-0.00729654
-0.00365601
-0.00932192
-0.0030851
-0.0062179
-0.00414598
-0.00968794
-0.0073858
-0.00352606
-0.00724539
-0.00581326
-0.00230254
-0.00297725
-0.00185581
-0.00298152
-0.000421343
-0.0030939
-0.00604257
-0.00571142
-0.00639959
-0.00222345
-0.00649861
-0.0071569
-0.00361358
-0.0089619
-0.0059178
0.0044873
-0.00729792
-0.00686695
-0.000559916
-0.00783756
-0.00531368
-0.000278314
-0.00872458
0.00609178
0.00102575
-0.0061339
-0.00663774
-0.00555228
-0.0026886
-0.00608516
-0.00358513
0.00369871
-0.00633329
-0.00535549
-0.00518631
-0.00279615
-0.00145372
0.00574314
-0.003212
-0.00395276
-0.000596764
-0.00093717
-0.00375893
-0.00217984
-0.00128108
-0.00287729
-0.00344576
-0.00323706
-0.00530418
-0.00425307
-0.00221183
-0.00382061
-0.00837799
-0.00597224
-0.00929477
-0.00524787
0.00533934
-0.0061213
-0.00369997
-0.00365279
-0.00463886
-0.00890265
-0.00406272
-0.00386372
-0.0057298
-0.00342377
-0.00478942
-0.00333492
-0.00442556
0.000631043
-0.00430105
-0.00424759
-0.00292331
-0.00257332
-0.00418911
0.00523369
-0.00394792
-0.00690289
-0.00692054
-0.00265897
-0.00114102
-0.00394086
-0.00502052
-0.00367514
0.00591043
-0.00391466
-0.00697869
-0.00358552
0.00440812
-0.00270595
-0.00503934
-0.0071022
-0.00346757
-0.00753283
-0.00532741
-0.00501586
-0.00525574
-0.00478459
0.00598149
-0.00701605
0.0014093
-0.00373315
-0.00450844
-0.00514132
-0.00666719
-0.00480922
-0.00607141
-0.00533543
-0.00602361
-0.00726169
-0.005129
-0.00697955
-0.00643263
-0.00546459
-0.00546707
-0.00713067
-0.00571487
0.00215494
0.00146981
-0.00372612
-0.00120631
0.00195006
-0.00448583
0.00432539
0.00325034
0.00353397
-0.00579497
-0.0067249
-0.00446564
-0.00189619
-0.00471304
-0.00212628
-0.0042067
-0.00826203
-0.00147767
-0.00782394
0.00305546
-0.00470748
-0.00700568
-0.00539053
-0.00439467
-0.00313737
-0.00592045
-0.00417477
-0.00414578
-0.00476955
-0.0027365
-0.00359573
-0.00408779
-0.00392263
0.00206609
-0.00848622
-0.00246401
0.00641625
-0.00394151
-0.00562812
-0.00703752
-0.00609416
-0.00597723
-0.0061913
-0.00575519
-0.0055431
-0.00204766
-0.00213746
-0.00128537
0.000597506
-0.00175372
-0.00571004
-0.00604932
-0.00165349
-0.00425384
-0.00142093
-0.000835464
-0.0040572
0.000826034
-0.000353784
0.00438271
-0.00337168
0.00116235
0.000617963
0.000185107
-0.00122504
-0.00635549
-0.000560407
-0.0052238
-0.00254436
-0.00206378
-0.00583886
-0.0028884
-0.00536815
-0.00516136
-0.00459385
0.000231905
-0.00175053
-0.00536879
-0.00538081
-0.00162887
-0.00519283
0.000724794
-0.00475124
-0.0021084
-0.00129983
-0.00282673
-0.000812188
0.000422838
0.00135039
-0.00623332
-0.00591151
-0.00181122
-0.00613563
-0.00537939
-0.00646123
0.000691584
-0.00506611
-0.00498639
0.00836637
0.00126533
-0.00275251
-0.00468842
-0.000986597
-0.00553396
-0.00720772
-0.00582992
-0.00199335
-0.00662495
0.00189777
-0.00511718
-0.00174103
-0.00251836
0.00233126
0.00104615
0.00737509
0.000886627
-0.00550197
0.000617511
-0.00514486
-0.00153381
-0.00857319
-0.0040372
-0.00362595
-0.00381335
-0.00588192
0.00335367
-0.00323916
0.00912117
-0.000372962
-0.00931844
-0.00385723
-0.00394207
-0.00535521
-0.00964157
-0.00376053
-0.00531868
0.00868431
0.00921318
-0.00774466
-0.00410498
-0.00820996
-0.00376215
-0.00270867
-0.00563429
-0.00513902
0.00870116
-0.00348985
-0.000941277
-0.00413369
-0.00422196
-0.00280344
-0.00402542
-0.00442414
-0.00478758
0.00509779
-0.00573591
0.00542334
-0.00875755
0.0044353
0.00365797
-0.00261499
-0.00290054
-0.00732005
-0.00172867
0.00226516
-0.00313758
-0.00519295
-0.0048541
-0.00885897
-0.00535879
-0.0025434
-0.00685405
-0.00443341
-0.00812153
-0.00418235
-0.00378987
-0.00199199
-0.00743891
-0.00417104
0.00535873
0.00376769
-0.00676806
-0.00180994
-0.00178404
-0.0028699
-0.00815703
0.0014968
-0.00804697
0.00461445
-0.00852476
-0.00825789
-0.00045514
-0.00783266
-0.00137544
0.00523579
-0.00584783
0.00451912
-0.00645914
-0.00790439
-0.00985596
-0.00177623
-0.00178973
-0.00843189
-0.00758715
-0.00219066
-0.000512436
-0.00699875
-0.00743208
0.00382216
-0.0062342
0.00148627
-0.00401491
0.0013966
-0.00141177
-0.00643389
-0.00609571
-0.00671374
-0.00535027
-0.00204528
-0.00204718
-0.00410586
7.31212e-05
0.000687222
-0.00634752
-0.00676704
-0.00696456
-0.00664842
-0.00825281
-0.00468062
0.00487357
-0.00756765
-0.00585361
0.000742622
-0.00548673
-0.00258513
-0.00506552
-0.00296327
-0.00700824
0.00618418
-0.00590925
0.00268017
-0.00635998
0.00307828
-0.00348923
0.00721253
0.00150486
-0.00509627
-0.0051275
-0.00523499
-0.00543038
-0.00697743
-0.00526612
-0.00673743
-0.00505269
-0.0037416
-0.00414906
-0.00702384
-0.00650945
-0.00464093
-0.00559697
-0.00472621
-0.00884373
-0.00639752
0.000102884
-0.00752338
-0.00555476
-0.00648626
0.00253397
-0.00650185
0.00242565
-0.00853081
-0.00516222
-0.00440257
-0.000733366
0.00902122
-0.00381308
-0.00454147
-0.00532813
-0.00607861
-0.00573043
0.00418114
-0.00452944
-0.00430674
-0.00644911
-0.00534619
-0.00187212
-0.00497727
0.00386314
0.00141291
0.0101751
0.00150526
-0.00395707
0.00238212
-0.0029431
0.00389483
-0.00439232
-0.00508278
-0.00508634
-0.00496489
-0.00487976
-0.00596006
-0.00517141
-0.00490728
-0.00524879
0.00235076
-0.00535326
-0.00658702
0.00322447
-0.00461031
-0.000796895
0.0106408
-0.00420287
0.0103912
-0.00238188
-0.0045783
0.00492392
-0.00512069
0.00343108
-0.00464493
-0.00267938
0.0028431
-0.00428703
0.00893877
-0.00518914
-0.00185102
-0.00658484
-0.00832348
-0.00426132
-0.00490327
-0.00152971
0.00215951
0.00924749
0.00797284
-0.00366694
-0.00373188
-0.00287271
-0.00449266
-0.00420833
-0.00526927
-0.00209099
-0.00416125
-0.00407363
-0.00772114
-0.00358938
-0.0048287
-0.00242982
-0.00298159
-0.00813157
-0.00246641
-0.00760757
0.00436128
-0.00290477
-0.00773486
0.00266286
0.00535965
-0.00676661
0.00376614
-0.00180836
-0.00178355
-0.00286922
-0.00816302
0.00149523
-0.00804981
0.00461522
-0.00852348
-0.00825137
-0.000446221
-0.00783148
0.00523708
-0.0013749
-0.00584737
0.00451875
-0.00645838
-0.00790373
-0.00985632
-0.00179043
-0.0017771
-0.0075861
-0.00843265
-0.00219133
0.00509446
-0.00479051
-0.00573958
0.00541958
-0.00875996
0.00443366
0.00365604
-0.0026172
-0.00290119
-0.00732115
-0.00173
0.002263
-0.00313939
-0.0051951
-0.00485686
-0.00886149
-0.00254587
-0.00536108
-0.00685595
-0.00443507
-0.00812251
-0.00379013
-0.00418418
-0.00743985
-0.00199375
-0.00417316
-0.00296941
-0.00700939
-0.0059136
0.00618225
-0.00636276
0.00267676
0.00307452
-0.00513741
-0.00523599
-0.00543341
-0.00697247
-0.00673774
-0.00527229
-0.00505617
-0.00349253
0.00721623
0.0015042
-0.00509884
-0.00374797
-0.00415195
-0.00703198
-0.00651205
-0.00560287
-0.00464034
-0.00639543
-0.0047475
-0.0088486
-0.00753123
-0.00555866
-0.00648846
0.00253156
-0.0065083
-0.00853224
0.00242125
9.85179e-05
-0.00051153
-0.00699236
0.00382252
-0.00743042
0.00148823
-0.00622859
-0.00401413
-0.00204742
-0.00410909
7.15108e-05
0.00139513
-0.00141539
-0.00645711
-0.00608582
-0.00535738
-0.00670956
-0.00204508
0.000685343
-0.00634098
-0.0069719
-0.00674511
-0.00825864
-0.00468292
-0.00664065
0.00487264
-0.00756811
-0.00584804
0.000743894
-0.00548174
-0.00506679
-0.00258341
-0.00508673
-0.00496801
-0.00596238
-0.00488021
-0.00524554
-0.00491027
-0.00517191
0.00234926
-0.0065879
-0.00535565
0.00322253
-0.00461198
-0.000797269
0.010647
-0.00420565
0.0103924
-0.00238763
-0.00458072
0.00491216
-0.00512148
-0.00268088
0.00342702
-0.00464888
0.0028406
-0.00429039
0.00893748
-0.00516524
-0.00440681
-0.000738233
0.00901783
-0.00533174
-0.00454516
-0.00381736
-0.00608116
-0.0057341
-0.00453101
0.00417841
-0.00534716
-0.00645415
-0.00430997
-0.00497957
-0.0018729
0.00386106
0.00141206
0.0101729
0.00150176
-0.00395982
0.00238018
-0.00294677
0.00389229
-0.00439484
-0.0050868
-0.00504213
-0.00710373
-0.00753481
-0.0034711
-0.00501775
-0.0053305
-0.00525877
0.00745354
-0.00533392
0.00447059
-0.00345138
-0.0032384
-0.004259
-0.00531138
-0.0038229
-0.00221621
-0.00838613
-0.00597464
-0.00928898
-0.00524102
0.0053406
-0.00369982
-0.00612206
-0.00364559
-0.00464121
-0.00890322
-0.00386475
-0.00406136
-0.00342549
-0.00479235
-0.00572856
-0.0033415
-0.00443154
0.000624008
-0.00425435
-0.00429957
0.00432267
0.0032481
0.00353267
-0.00579812
-0.00447087
-0.00672866
-0.00189963
-0.00471841
-0.00420986
-0.00213199
-0.00826402
-0.0014801
-0.00782731
0.00305167
-0.00700912
-0.00470822
-0.00539613
-0.00439655
-0.00314033
-0.00592306
-0.00417759
-0.00273904
-0.0041481
-0.00477213
-0.00360207
-0.00408864
0.00206181
-0.00392921
-0.00849174
-0.00479
-0.00702
0.00597384
0.00140545
-0.00374212
-0.00451738
-0.00515539
-0.00667746
-0.00608972
-0.00482365
-0.00535208
-0.00727136
-0.00603168
-0.00514255
-0.00698721
-0.00644446
-0.00547391
-0.00547826
-0.00713784
-0.00572449
0.00214576
0.00146165
-0.00373525
-0.00121443
0.00194465
-0.0044925
-0.00205612
-0.0021428
-0.00128983
0.000601466
-0.00175617
-0.00570307
-0.00603899
-0.00424854
-0.00165348
-0.00141885
-0.000844297
-0.00405348
-0.000354334
0.000828226
0.00437825
-0.00336773
0.00116142
0.000622183
-0.00673976
-0.00763591
-0.00544873
0.00672749
-0.00650025
-0.00797637
-0.00266505
-0.00663722
-0.00364313
0.00085087
-0.00294044
-0.00781268
-0.00590702
-0.00283821
-0.00666357
-0.00354526
-0.00629927
-0.00481062
-0.00648364
-0.00717186
-0.00147308
-0.00428084
-0.00341217
0.00102659
-0.00272914
0.000277945
-0.00247389
0.00640282
-0.003958
-0.00623944
-0.00181739
-0.00591682
-0.0061431
-0.00538456
0.000685333
-0.00646854
-0.00506958
-0.00499254
0.00836076
0.00126057
-0.000991378
-0.00469189
-0.00275694
-0.00553688
-0.00721411
-0.00583485
-0.00199888
-0.00663057
-0.00512044
0.00189235
-0.00174655
-0.00252038
0.00737092
0.00104193
0.00232592
0.00088301
-0.00550781
0.000614298
0.000176127
-0.00635969
-0.00123819
-0.000569206
-0.00523103
-0.00255178
-0.0020609
-0.00588218
-0.00537684
-0.0028812
-0.00516944
-0.00459205
0.000230184
-0.00175586
-0.00537012
-0.00538707
-0.00163213
-0.00519786
-0.00475308
0.000717099
-0.00210642
-0.0012804
-0.00282726
-0.000818702
0.000420557
0.00134296
0.00489619
-0.00584172
-0.00813986
-0.00254023
-0.00326699
-0.00605424
-0.00752235
-0.00605216
-0.00454542
-0.00683793
0.00359278
-0.00542604
-0.00518503
-0.00401351
-0.00713648
-0.00484613
-0.00884473
-0.00474621
0.00511801
-0.00643252
-0.0066872
-0.00394158
-0.00478192
-0.0092174
0.00440366
0.00178072
-0.0108014
0.0013596
-0.00490049
-0.00537449
-0.00501302
-0.00163807
0.000595948
-0.00628371
-0.00584878
-0.00189027
-0.00577427
-0.00594023
-0.00676436
-0.0084707
-0.00628111
-0.00766126
-0.00487176
-0.00544913
0.000564662
-0.00835813
-0.00906901
-0.00477105
-0.00500161
0.00132583
-0.00703144
-0.00939405
-0.00490634
-0.00561866
-0.00867882
-0.00663985
-0.012387
-0.00404413
-0.00657626
-0.00986134
-0.00731812
-0.000747589
-0.00102626
-0.00662166
-0.0052876
-0.00626116
-0.00530293
-0.00579645
-0.00591826
-0.00688261
-0.00545491
-0.00674956
-0.00488831
-0.00702231
-0.00024454
-0.00110838
-0.0090293
-0.00202568
-0.00159148
-0.00842786
-0.00427704
-0.0016495
-0.00957155
0.000902058
-0.00766383
-0.00402108
-0.00904747
-0.0059909
-0.000921325
-0.00748813
-0.00367874
-0.00943392
-0.00773183
-0.00795651
-0.00344661
-0.00476559
-0.00869405
-0.00761702
-0.000557849
-0.00700261
-0.00724508
-0.00689249
-0.00419561
-0.00690926
-0.00716818
-0.00675708
-0.00669669
0.00292372
-0.00983836
-0.00476586
-0.00604652
-0.00648613
-0.00534751
-0.00615307
-0.006178
0.00320013
-0.00719235
-0.00669329
-0.00807463
0.00431487
-0.00674885
-0.00313278
-0.0123365
-0.00569561
-0.00223562
-0.0029562
-0.00174321
-0.00290866
-0.00036481
-0.00300632
-0.00597871
-0.00601079
-0.00625168
-0.00226955
-0.00653644
-0.00715582
-0.00355736
-0.00850511
-0.00683246
0.00714144
-0.00814589
-0.00785801
0.0054107
-0.00984611
-0.00589958
-0.00316439
-0.00728522
-0.00368198
-0.00940703
0.00535468
-0.00720868
-0.00659436
-0.00407356
-0.0106278
-0.00418116
-0.00304123
-0.00608632
-0.00960363
-0.00409839
-0.00350139
-0.00726745
-0.00718651
-0.00785129
0.00475258
-0.00762449
-0.00324619
-0.000611066
-0.00409319
-0.00385799
-0.00219705
-0.000961846
-0.00136424
-0.0029005
-0.0106214
-0.00129799
-0.00155135
-0.00982965
-0.00981288
-0.00457438
-0.00861575
-0.00576412
-0.00577243
-0.00888763
-0.00818603
-0.00887044
-0.00592112
-0.00617056
-0.0102889
-0.00229884
-0.00957434
-0.0121766
-0.00217481
-0.00169267
-0.00953149
-0.0111289
-0.00470314
-0.00140618
-0.00310825
-0.0117663
-0.00938981
-0.00630559
-0.00942248
-0.00935245
-0.00193949
-0.00983129
-0.0056676
-0.0115547
-0.0093714
-0.00221335
-0.0044636
-0.0120612
-0.00949317
-0.00562903
-0.00713122
-0.0102107
-0.00317289
-0.00511061
-0.0117874
-0.00958001
-0.00489331
-0.0105161
-0.00393018
-0.00727232
-0.00150613
-0.00916412
-0.00912926
-0.00908971
-0.00981813
-0.00658172
-0.00952807
-0.00870673
-0.00579747
-0.00326376
-0.0128565
-0.007833
-0.00944388
-0.00915444
-0.0112371
-0.00864002
-0.0067039
-0.0108533
-0.00969842
-0.00868893
-0.00971562
-0.00486235
-0.0123551
-0.0097078
-0.00971085
-0.00301775
-0.0030734
-0.0076976
-0.0114373
-0.00592194
-0.00307905
-0.0119314
-0.0122707
-0.0086401
-0.00562938
-0.0069602
-0.00599966
-0.0104494
-0.00871158
-0.0109031
-0.00319149
-0.00736394
-0.00680506
-0.0065983
-0.00946485
-0.00951992
-0.00603823
-0.00770668
-0.0102035
-0.00744502
-0.00915124
-0.00717895
-0.00713209
-0.00706061
-0.00903308
-0.00863333
-0.00920339
-0.00932682
-0.00960406
-0.00913047
-0.00791906
-0.00923155
-0.00831042
-0.00933296
-0.00829548
-0.00976515
-0.00807649
-0.00873617
-0.00728283
-0.00880554
-0.00744706
-0.00766382
0.000210695
-0.011668
-0.00776619
-0.00724212
-0.00800239
0.000208323
-0.0078569
-0.00567102
-0.0113105
-0.00885213
-0.00709666
-0.00996616
-0.0116252
-0.00834435
-0.0100004
-0.00096295
-0.006758
-0.00568346
-0.00638554
-0.00646899
-0.00801787
-0.00594131
-0.00746266
-0.00722346
-0.0092233
-0.00749827
-0.00710933
-0.00722622
-0.00989192
-0.0079477
-0.00950718
-0.00941177
-0.0069454
-5.40228e-05
-0.0107714
-0.00949129
-0.00191464
-0.000365205
-0.00713788
-0.00960787
-0.00483097
-0.0108553
-0.00640616
-0.00677109
-0.00644171
-0.00911703
-0.00578343
-0.0104426
-0.00483791
-0.00708608
-0.00739466
-0.0109522
-0.00786582
-0.00655366
-0.00674115
-0.00789723
-0.0131797
-0.00518294
-0.000458197
-0.011207
0.0021858
-0.0114221
-0.00969807
-0.00823553
0.000902605
-0.00951996
-0.00794129
-0.0117255
-0.00562263
-0.00146613
-0.0118426
0.00176092
-0.0109246
-0.0117256
-0.0083229
-0.00141382
-0.0098201
-0.0104695
0.0028032
0.00309412
-0.00689057
0.00423071
-0.00464255
-0.0035973
0.00222044
-0.00787602
0.00106607
-0.00549936
-0.00533125
-0.0124229
0.00371205
-0.00686381
-0.0114528
-0.0047323
-0.00877128
-0.0103924
-0.0119084
0.00194229
-0.00715574
-0.0109071
-0.00498349
-0.00848162
-0.0103332
-0.00865848
-0.0086115
-0.00866823
-0.00947304
-0.00976733
-0.00973229
-0.00535241
-0.00948498
-0.00901732
-0.00583659
-0.0094791
-0.00872462
-0.0104815
-0.00853641
-0.00907837
-0.00944921
-0.00937208
-0.00971362
-0.00909737
-0.00908237
-0.0101981
-0.00659001
-0.00966689
-0.00966115
-0.00491669
-0.00554679
-0.0100326
-0.00935867
-0.00966822
-0.00883584
-0.00866814
-0.00760385
-0.00798095
-0.00891752
-0.00787545
-0.00911333
-0.009283
-0.00887267
-0.00920737
-0.00896079
-0.00938392
-0.00882056
-0.00669548
-0.0101228
-0.00805061
-0.00801893
-0.00809176
-0.00923668
-0.00837338
-0.00886527
-0.00950445
-0.00928759
-0.00857402
-0.00971137
-0.00837827
-0.00912829
-0.00968357
-0.00847943
-0.00962261
-0.0088284
-0.00943868
-0.0094372
-0.00835642
-0.00875895
-0.00934309
-0.00670485
-0.00977195
-0.00975981
-0.0105378
-0.00939404
-0.00895135
-0.00897966
-0.00935453
-0.00900952
-0.009407
-0.00835346
-0.00917097
-0.00871645
-0.00864988
-0.00916159
-0.00892801
-0.00759524
-0.00851457
-0.00778839
-0.00749964
-0.00900109
-0.00831701
-0.00747894
-0.00699762
-0.00829764
-0.00946396
-0.0112383
-0.00652686
-0.00987858
-0.00875385
-0.00811778
-0.00894873
-0.00915755
-0.00787311
-0.0101609
-0.00738288
-0.0089741
-0.0119403
-0.00858207
-0.00936126
-0.00913788
-0.0091704
-0.00898023
-0.00851847
-0.0089899
-0.00951449
-0.00720464
-0.00825437
-0.00873689
-0.00850091
-0.0095115
-0.00628085
-0.00896839
-0.00949468
-0.00924372
-0.00919446
-0.00886112
-0.00952461
-0.00932204
-0.00895195
-0.00905103
-0.008776
-0.0090396
-0.00897496
-0.00901133
-0.00936792
-0.008636
-0.0091112
-0.00805175
-0.00957526
-0.00910111
-0.00891759
-0.00908951
-0.00936159
-0.0088745
-0.00918845
-0.00961459
-0.00893741
-0.00930781
-0.00900663
-0.00918316
-0.00936592
-0.00811363
-0.00728034
-0.00952226
-0.00892605
-0.00942527
-0.00895272
-0.00894275
-0.00882069
-0.00918812
-0.00903092
-0.00915296
-0.00892281
-0.00898524
-0.00919901
-0.00889348
-0.00919793
-0.00897759
-0.00888607
-0.00925107
-0.00783377
-0.00814076
-0.00872726
-0.00906366
-0.00895353
-0.00905364
-0.00921039
-0.00925323
-0.00898808
-0.00893937
-0.0092208
-0.00908917
-0.00881398
-0.0088289
-0.00873509
-0.00911312
-0.00904067
-0.00962597
-0.00886217
-0.00771978
-0.0100714
-0.00744653
-0.00823007
-0.00945381
-0.00931701
-0.00912044
-0.00878121
-0.00910864
-0.00937137
-0.0093811
-0.00875137
-0.00896402
-0.00884182
-0.00833725
-0.00876014
-0.00939349
-0.00862096
-0.00880643
-0.00887052
-0.00986343
-0.00780717
-0.00953573
-0.00974742
-0.0090484
-0.00912999
-0.00688612
-0.00886482
-0.00756606
-0.00803129
-0.00888722
-0.00788399
-0.00961314
-0.00864129
-0.0079531
-0.00878551
-0.00881897
-0.00973401
-0.00888457
-0.00883528
-0.00888275
-0.00747528
-0.00861924
-0.00861848
-0.00904615
-0.00823392
-0.00947858
-0.00837856
-0.00773017
-0.00853333
-0.0082227
-0.00900709
-0.00890037
-0.00892652
-0.00895921
-0.00901704
-0.00904514
-0.00891937
-0.00969524
-0.00883888
-0.00908001
-0.00875693
-0.00913217
-0.00918973
-0.00902768
-0.00918063
-0.00958629
-0.00912688
-0.00979219
-0.0087158
-0.00846988
-0.00950602
-0.00901559
-0.00916259
-0.0097675
-0.00916319
-0.00938136
-0.0100423
-0.00915075
-0.00867722
-0.00854146
-0.00830765
-0.00889042
-0.0086083
-0.00849783
-0.00764487
-0.00863729
-0.0089419
-0.00894776
-0.00926028
-0.00902003
-0.00919471
-0.00843728
-0.00910253
-0.0087586
-0.00876626
-0.00932894
-0.00904901
-0.00900099
-0.00884027
-0.00871877
-0.0093366
-0.00809722
-0.008907
-0.00888459
-0.00890797
-0.00904809
-0.00947819
-0.0089927
-0.0092379
-0.00890075
-0.00983921
-0.00932856
-0.00736431
-0.00944825
-0.00957452
-0.00846625
-0.00936897
-0.0095863
-0.00840717
-0.00875459
-0.0087201
-0.00909356
-0.00910561
-0.00978969
-0.0085868
-0.00931672
-0.00925106
-0.0106707
-0.0089335
-0.00966882
-0.00912327
-0.00895012
-0.0085555
-0.00804526
-0.00919748
-0.0096518
-0.00841795
-0.0062232
-0.0090417
-0.00928017
-0.00862468
-0.00883944
-0.00854153
-0.00813875
-0.00740536
-0.00858716
-0.00803148
-0.00930035
-0.00834191
-0.00813421
-0.00780153
-0.00927365
-0.00887218
-0.0101694
-0.00772269
-0.00929332
-0.00972385
-0.00905245
-0.00841205
-0.00759122
-0.00872047
-0.00669051
-0.00942674
-0.00937272
-0.00848441
-0.00896684
-0.00860252
-0.00936888
-0.00809087
-0.01056
-0.00867759
-0.00594203
-0.00914552
-0.00780353
-0.00832495
-0.00838927
-0.00878688
-0.00808923
-0.00953563
-0.0110242
-0.00861297
-0.00719498
-0.00823409
-0.00890795
-0.00850703
-0.00919699
-0.00849552
-0.00856067
-0.00825464
-0.00909589
-0.00682946
-0.00824906
-0.00833143
-0.00794963
-0.0079143
-0.00790121
-0.00881945
-0.00772967
-0.00850346
-0.00837515
-0.00874373
-0.00868888
-0.00788896
-0.00798026
-0.00852157
-0.00868168
-0.00868541
-0.00774795
-0.00836748
-0.00874862
-0.00869476
-0.00779809
-0.00920185
-0.0062107
-0.00883344
-0.00862163
-0.00849728
-0.0088303
-0.00894545
-0.00862517
-0.00911763
-0.00811662
-0.00876439
-0.00930606
-0.00923796
-0.00521377
-0.00831509
-0.00868158
-0.00834315
-0.00909025
-0.00960408
-0.00848081
-0.00933952
-0.00905821
-0.00827949
-0.00887288
-0.00931884
-0.00786936
-0.00883116
-0.00848905
-0.00811411
-0.00825206
-0.00859488
-0.00901924
-0.00593105
-0.0100072
-0.00893545
-0.00877823
-0.00810583
-0.00827182
-0.00873636
-0.00852854
-0.00813188
-0.00708693
-0.00906239
-0.00863472
-0.00846308
-0.00879975
-0.00869641
-0.00890692
-0.00806655
-0.0078741
-0.00688214
-0.00668008
-0.00722512
-0.00691909
-0.00824833
-0.00651148
-0.00949378
-0.00793328
-0.0117293
-0.00213077
-0.0112305
-0.00789617
-0.00790331
-0.00676999
-0.00678091
-0.00625057
-0.00651545
-0.00633666
-0.00623143
-0.00896518
-0.00763658
-0.00896288
-0.00726462
-0.00744234
-0.0078242
-0.00681888
-0.00707205
-0.0113345
-0.00777111
-0.00773893
-0.00517466
-0.00799971
-0.00844803
-0.0106268
-0.0081209
-0.00926001
-0.00626367
-0.0084462
-0.00737252
-0.00816504
-0.00426314
-0.0104964
-0.0110332
-0.00732721
-0.00855083
-0.00939269
-0.00535573
-0.0045623
-0.010194
-0.00769102
-0.00919406
-0.00933947
-0.0115924
-0.00225678
-0.0115308
-0.00616883
-0.0108453
-0.00768128
-0.00755553
-0.0106659
-0.0054785
-0.00930379
-0.00685462
-0.00961289
-0.00932142
-0.00688425
-0.00764269
-0.00848551
-0.0102934
-0.00632316
-0.0110211
-0.00672437
-0.00874289
-0.00819408
-0.0109674
-0.00888118
-0.0105019
-0.00668674
-0.0109518
-0.00885501
-0.0106774
-0.00835719
-0.00895839
-0.00867826
-0.00812656
-0.00834881
-0.00806442
-0.0055487
-0.00687992
-0.00763706
-0.00926567
-0.00918269
-0.0090361
-0.00779446
-0.00905538
-0.00824651
-0.00898408
-0.00939217
-0.00830283
-0.00911519
-0.00852492
-0.00905511
-0.0087193
-0.00967528
-0.00854571
-0.00765967
-0.00814064
-0.00842803
-0.00363909
-0.0109402
-0.00918762
-0.00493659
-0.00425549
-0.00513935
-0.0113491
-0.00572299
-0.00975898
-0.0067007
-0.0083201
-0.00795996
-0.00711536
-0.00868943
-0.00825526
-0.00776458
-0.00792184
-0.00750301
-0.00882394
-0.00650953
-0.00706862
-0.00441466
-0.00686005
-0.00719229
-0.00999946
-0.00635042
-0.0103242
-0.00896183
-0.00834718
-0.00793077
-0.00967077
-0.00723152
-0.00818227
-0.00875487
-0.00799463
-0.00726606
-0.00727963
-0.00874707
-0.00830405
-0.00836355
-0.00748549
-0.00878558
-0.00878504
-0.00751898
-0.00893371
-0.00844053
-0.00814881
-0.00717073
-0.00800235
-0.0072017
-0.00989422
-0.00363976
-0.00828334
-0.00892641
-0.00913632
-0.0106518
-0.0107595
-0.00818518
-0.0103737
-0.00833508
-0.00761239
-0.00895076
-0.00910737
-0.00860522
-0.0090332
-0.00838602
-0.0080259
-0.00840993
-0.00969994
-0.0086661
-0.00488609
-0.00909412
-0.00919091
-0.00573186
-0.00955951
-0.00806366
-0.0086272
-0.00813744
-0.00884666
-0.00779334
-0.00870703
-0.00660564
-0.00853989
-0.00787671
-0.00842525
-0.00684037
-0.00779094
-0.00875494
-0.00770483
-0.00731749
-0.00800869
-0.00754604
-0.00959794
-0.0086863
-0.00942734
-0.00300997
-0.0106256
-0.00917536
-0.00494244
-0.00904439
-0.00808571
-0.00930474
-0.00735781
-0.0027394
-0.00959364
-0.00845318
-0.00920433
-0.00714942
-0.00758684
-0.00519892
-0.00878647
-0.00816797
-0.00961903
-0.0082491
-0.00878368
-0.00907757
-0.00911806
-0.00889199
-0.00967567
-0.00873632
-0.00788014
-0.0084568
-0.0089504
-0.00892335
-0.00837696
-0.00859886
-0.00437372
-0.00523223
-0.00970279
-0.00963512
-0.00916609
-0.00601404
-0.00927157
-0.00440063
-0.00894027
-0.00823218
-0.00909961
-0.0074267
-0.00696479
-0.00822023
-0.00821961
-0.00728508
-0.0028596
-0.0115745
-0.00482876
-0.00492311
-0.00408164
-0.0049219
-0.00212649
-0.00193557
-0.00713358
-0.00734754
-0.00754207
-0.00520594
-0.00825027
-0.00587619
-0.00671761
-0.00620052
-0.00809398
-0.00650046
-0.00663386
-0.00679662
-0.00876188
-0.00771592
-0.00850138
-0.00820107
-0.00633792
-0.00883935
-0.0083384
-0.00877147
-0.00859738
-0.00813838
-0.00823088
-0.00785536
-0.00857517
-0.00696562
-0.00907779
-0.00812238
-0.00185813
-0.0066481
-0.0117021
-0.00749813
-0.00596802
-0.00907193
-0.00663004
-0.00669281
-0.00682553
-0.00849363
-0.0123428
-0.00717814
-0.00705872
-0.00295799
-0.00781161
-0.00782991
-0.00482372
-0.00687575
-0.00491244
-0.00125428
-0.00500652
-0.00711869
-0.00850704
-0.0100358
-0.0024043
-0.00543323
-0.00954833
-0.00469889
-0.00659595
-0.00433299
-0.00656502
-0.00696427
-0.00497398
-0.00587301
-0.00681059
-0.00491755
-0.00506412
-0.0056745
-0.00790481
-0.00791231
-0.00783153
-0.00694544
-0.00717969
-0.00717021
-0.00726815
-0.00762576
-0.00746315
-0.00873855
-0.00837479
-0.00033075
-0.00951093
-0.00787259
-0.00896764
-0.00858016
-0.00889022
-0.00879356
0.000982256
-0.00720475
-0.00807186
-0.00787441
-0.00601772
-0.00789144
-0.00665786
-0.00913949
-0.00579368
-0.00353686
-0.00889077
-0.0101799
-0.00266598
-0.0100969
-0.0102185
-0.000579824
-0.00756627
-0.0115174
-0.00771156
-0.00702185
-0.0100102
-0.0113512
-0.00621075
-0.00561075
-0.00748742
-0.0114985
-0.00777983
-0.00737365
-0.00721969
-0.00882904
-0.00107174
-0.00810759
-0.0104106
-0.00553437
-0.011382
-0.00738267
-0.00853757
-0.00959948
-0.00887813
-0.00830977
-0.00745782
-0.00887801
-0.00747372
-0.00788822
-0.000161769
-0.0122205
-0.00915072
-0.00719465
-0.0100654
-0.0118358
-0.00133659
-0.00844919
-0.0102266
-0.00819433
-0.007894
-0.000318952
-0.00840727
-0.00622405
-0.00839049
-0.0118214
-0.00787981
-0.00320988
-0.00884279
-0.00845441
-0.00838078
-0.00990348
-0.00797432
-0.00829779
-0.00752493
-0.00874901
-0.00828526
-0.00877972
-0.00825337
-0.00856149
-0.00845203
-0.00686454
-0.00816076
-0.00853744
-0.00791181
-0.00824909
-0.00821038
-0.00876077
-0.00879428
-0.00869248
-0.00839272
-0.00854329
-0.0079579
-0.00894989
-0.0089141
-0.00683113
-0.0065979
-0.00660964
-0.00891907
-0.00828844
-0.00859061
-0.00885438
-0.00880042
-0.00858535
-0.00730288
-0.00864485
-0.00887802
-0.00763674
-0.00819317
-0.0082147
-0.00888161
-0.00809122
-0.00799118
-0.00566682
-0.00846458
-0.00512478
-0.00241153
-0.0122565
-0.00909832
-0.00815876
-0.00921421
-0.00415256
-0.00931427
-0.0116879
-0.00913864
-0.00709262
-0.0090117
-0.0107025
-0.00854589
-0.00595642
-0.0104698
-0.00815114
-0.00265784
-0.0114008
-0.00219355
-0.00230893
-0.0107467
-0.0069577
-0.00531592
-0.00776052
-0.0102118
-0.00270641
-0.00622111
-0.00654132
-0.00593181
-0.00896846
-0.00558058
-0.00869055
-0.00988191
-0.00698129
-0.00670479
-0.0114041
-0.0077609
-0.00489032
-0.00614049
-0.00520661
-0.00965913
-0.00612655
-0.00771627
-0.00893486
-0.00187136
-0.00495479
-0.00855802
-0.00414943
-0.00649369
-0.00659448
-0.0079818
-0.00672088
0.000284677
-0.00733631
-0.00870889
-0.0070946
-0.00874561
-0.00784395
-0.0084166
-0.0078592
0.0015225
-0.00642782
-0.00718195
-0.00510685
-0.00704069
-0.00703066
-0.00593051
-0.00824863
-0.00495195
-0.00281565
-0.00787012
-0.00477987
-0.00173761
-0.00577928
-0.0102098
-0.00519535
-0.00213645
-0.00472231
-0.00834698
-0.00750257
-0.0061506
-0.00119497
-0.00693828
-0.0111204
-0.00524769
-0.00831872
-0.00588139
-0.00585748
-0.00777249
-0.00612787
-0.0116563
-0.00643866
-0.00637271
-0.00691334
-0.00231385
-0.00702344
-0.00603687
-0.00417318
-0.00409134
-0.00420301
-0.000578878
-0.00578305
-0.0055533
-0.00332905
-0.00592602
-0.00391832
-0.00418533
-0.00579548
-0.00371968
-0.00485738
-0.0044376
-0.00693004
-0.0068107
-0.00662485
-0.00577595
-0.00624541
-0.00601791
-0.00865717
-0.00922018
-0.00710388
-0.00435788
-0.0053928
-0.00931435
-0.00446202
-0.00177848
-0.00717964
-0.0096866
-0.00691795
-0.00592904
-0.00504681
-0.00594638
-0.00631239
-0.00201296
-0.00764437
-0.00958347
-0.00721323
-0.00694508
-0.00241123
-0.00729627
-0.00737021
-0.00607037
-0.00572819
-0.00803188
-0.0025944
-0.00171001
-0.00628728
-0.00821299
-0.00855322
-0.00200583
-0.00770297
-0.00184396
-0.00125373
-0.00139427
-0.00672488
-0.00100822
-0.000410878
-0.0065336
-0.00543329
-0.00757193
-0.00553011
-0.00765918
-0.00619346
-0.00769794
-0.00668117
-0.0055073
-0.00689587
-0.00592259
-0.00848364
-0.00679187
-0.00623282
-0.00639061
-0.00721051
-0.00243127
-0.00456254
-0.00637229
-0.00444592
-0.00384514
-0.00604975
-0.00435761
-0.00372145
-0.00425548
-0.0076652
-0.00725418
-0.00737206
-0.00636031
-0.00565298
-0.00634383
-0.00397572
-0.000192615
-0.00653306
-0.00504955
-0.00567564
-0.000744375
-0.0036346
-0.0035349
-0.00730457
-0.007321
-0.00119994
-0.00744556
-0.00688226
-0.00472485
-0.00672513
-0.00753707
-0.00756001
-0.00423419
-0.00712273
-0.00727212
-0.00597897
-0.00653795
-0.00685429
-0.00650419
-0.00330779
-0.0081542
-0.00183576
-0.00589331
-0.00396785
4.15542e-05
-0.00383702
-0.00259014
-0.00657379
-0.00183903
0.0067671
-0.00906997
-0.00198477
-0.00152764
-0.00377403
-0.00405361
-0.00234032
-0.00559939
-0.00389934
-0.00242206
-0.00381016
-0.000636879
-0.00213437
0.000379384
-0.000239852
-0.00266912
-0.00550744
-0.00269859
-0.00619416
-0.00514369
-0.00017632
-0.00604973
-0.00269542
-0.00611607
-0.0055808
0.000707879
-0.00607446
-0.00121821
-0.00494165
-0.00409353
-0.00330693
-0.00234807
-0.00556888
-0.00348872
-0.00318054
-0.0052613
-0.00339495
-0.00266482
-0.00291747
-0.00600705
-0.00645506
-0.0063465
-0.00546643
-0.00510893
-0.00488216
-0.00677426
-0.00577254
-0.00237875
-0.00407527
-0.00595885
-0.0037832
-0.00553013
-0.0058356
-0.00604378
-0.00597683
-0.00191928
-0.00560507
-0.00416108
-0.00357955
-0.00211508
-0.00368247
-0.00261031
0.000513951
-0.0051802
-0.00328459
-0.00135777
-0.00133271
-0.00353684
0.000290041
-0.00246719
-0.00391697
-0.00515051
-0.00015534
-0.00364298
-0.000991458
-0.00528492
-0.00571763
-0.00517892
-0.0059968
-0.000184961
0.000102805
-0.00589299
-0.000285752
-0.00910323
-0.00465623
-0.00611348
-0.00694181
-0.00186974
-0.00601255
-0.00687616
0.00295712
-0.00847933
-0.00370864
-0.00240405
-0.00313216
-0.00683267
-0.006767
-0.00146948
0.00485515
-0.00565614
-0.00845227
0.00372809
6.38891e-05
-0.000933812
-0.00729279
-0.00479938
0.00144981
-0.00307902
0.0022293
-0.00158964
0.00168563
-0.000941069
-0.00514026
-8.6434e-05
-0.00513983
-0.00100164
-0.00714333
0.00114496
-0.00544211
-0.00605434
-0.00708406
-0.00761544
-0.00352605
-0.00150596
-0.00670628
-0.00153661
-0.00362513
-0.00022264
-0.00716299
-0.00487158
-0.0042131
-0.00754838
-0.00430572
-0.00127303
-0.00313702
-0.00658915
-0.00575543
-0.00835873
-0.00366309
-0.00697933
-0.00589193
-0.00600457
-0.00779046
-0.0039856
0.00041893
0.00150261
-0.00380422
-0.00607511
-0.0085182
0.0019086
-0.0034779
-0.00823228
-0.00602007
-0.00609377
-0.00811769
-0.00535752
-0.00784315
-0.00667393
-0.00790861
-0.00686464
-0.00504352
-0.00208805
0.000124054
0.000573633
1.47805e-06
-0.00244155
0.00113798
-0.00510612
-0.00437776
-0.00426991
0.00053066
-0.00180171
-0.00484915
-0.00470343
-0.00223763
-0.00477315
-0.00222539
-0.00530019
0.00179212
-0.00353886
-3.17027e-05
0.000605371
-0.00605136
-0.00383624
-0.000977881
0.00130475
-0.00720399
-0.00513065
0.00267495
-0.00635462
-0.00155442
-0.00338262
0.00176361
-0.0051234
-0.00661137
0.000529848
0.00227217
-0.00729372
-0.00320554
-0.00539905
0.00192019
-0.00528597
-0.00490911
-0.00530356
0.000298569
-0.00396394
0.000351527
-0.000754128
-0.00115313
-0.0049234
-0.00529514
0.00241824
0.00194879
-0.00432569
0.00154215
-0.00227614
-0.00479601
-0.00557592
-0.00297797
-0.00596011
-0.00293922
-0.00512913
-0.00240668
0.00660677
-0.00540983
-0.00160724
-0.00465634
0.000181006
-0.0045994
-0.00466172
0.00289166
0.00889924
-0.00333501
0.000922476
-0.000217643
-0.00430361
0.00209625
-0.00546693
0.00741898
-0.00462254
0.00288302
0.000215774
-0.00443268
-0.00646967
0.00189755
0.000119408
0.00324802
-0.00509018
0.00265178
-0.00285883
0.00217823
-0.00238434
0.00452424
-0.003065
-0.00801466
-0.00371272
0.00057009
-0.00141728
-0.0030511
-0.000859393
-0.00574573
-0.00258024
-0.00676945
-0.00417575
-0.00359131
-0.00705836
-0.0084002
0.0033108
-0.00198831
-0.00688979
0.0054221
-0.00657238
-0.00339377
-5.00943e-05
0.00530374
-0.000622086
-0.00668499
-0.0044788
-0.00589886
-0.00325818
-0.00466086
-0.00793368
-0.00602162
0.00286427
-0.00594304
0.0049523
-0.000466369
-0.00735981
-0.00770833
0.00443783
-0.00764526
0.00389562
-0.000125111
-0.000176752
0.00128524
-0.00801216
-0.00790836
-0.00729322
-0.000604337
0.00400159
-0.00682253
0.00517757
0.00473758
-0.0067286
0.00163131
0.00651921
-0.00636913
0.00434208
-0.00169484
0.00201739
0.00665224
0.000535748
-0.00040146
-0.00872704
0.00166369
-0.000667728
0.00733245
-0.00555813
-0.00397612
-0.00446001
-0.00477085
-0.00573761
0.00807004
-0.00184058
-0.00272965
0.00611869
-0.00110378
-0.00444792
-0.00881627
-0.00479586
0.00418534
-0.00576433
-0.00658257
-0.000197923
-0.0038884
-0.00547596
-0.00591241
-0.0068383
-0.00591073
-0.00505519
-0.00219332
-0.00600971
-0.00200389
-0.00267007
-0.00740888
-0.00438846
-0.00436956
0.000770051
-0.00120319
-0.00243757
-0.00432959
0.00236692
-0.00224436
-0.00574636
-0.000634468
-0.00255114
-0.00569524
-0.00528285
-0.00682289
-0.00504401
0.00984543
-0.00430209
0.00680521
-0.00370574
-0.00539382
-0.0039879
0.0103699
-0.00411241
-0.00541358
-0.0039953
-0.00416273
-0.00504749
-0.00423192
-0.00402297
0.0096716
-0.00475448
-0.00395726
-0.00408238
0.0105547
-0.00378398
0.0107563
-0.00372669
0.000259287
0.00330745
-0.000600207
-0.00213896
-0.00261923
-0.00245674
0.00330985
-0.000201262
-0.0051418
0.00501263
-0.00489445
-0.000673735
-0.00182989
-0.00163055
-0.00370538
0.0075276
-0.00135971
0.00747168
-0.00234087
0.000160319
-0.0030118
-0.00117515
0.000329222
-0.0035991
0.00352532
-0.000501041
0.00584828
0.00607746
-0.00602271
0.00286433
-0.00594234
0.00495128
-0.000466148
-0.0073662
-0.00770693
0.00440886
0.00389621
-0.00764588
-0.000128307
-0.000177211
0.00128556
-0.00790909
-0.00801268
0.00400126
-0.00729386
-0.000603379
-0.00682217
0.00513666
-0.00673812
0.00473685
-0.00238737
0.00452408
-0.00306439
-0.00801663
-0.00371662
0.000568349
-0.00141895
-0.00305387
-0.000861552
-0.00574849
-0.00677068
-0.00258275
-0.00705865
-0.00417684
-0.00359545
-0.00840574
0.00331077
-0.00689002
-0.00198995
-0.00657413
-0.00339191
0.00541896
-0.000623078
-0.00668566
-0.0044788
-0.00589915
-0.00466019
-0.00793465
-0.00325895
-5.27195e-05
0.00530051
0.0073303
-0.00557421
-0.00446016
-0.00397448
0.00802802
-0.00476665
-0.00573803
-0.00184173
-0.00273266
0.00611804
-0.00110205
-0.00444779
-0.00881723
-0.00479601
0.00418651
-0.00576719
0.00162813
-0.00637077
0.00651667
0.00434127
-0.00169618
0.0020151
0.00665136
0.000535634
-0.000402125
-0.00872758
0.00166239
-0.000667624
-0.00505563
-0.0021946
-0.00600847
-0.0020032
-0.00438936
-0.00267206
-0.00740885
-0.00658379
-0.000199747
-0.00388907
-0.00547642
-0.00683971
-0.00591151
-0.00591266
-0.00575283
-0.000645241
-0.00255984
-0.00569978
-0.00528837
-0.00682583
-0.00504855
-0.0043811
0.000757279
-0.00121348
-0.00245059
-0.00433766
0.00235465
-0.00225254
-0.000204879
0.00685836
0.00055146
0.00822706
0.000425207
-0.00369149
0.000843613
-0.0044582
-0.00408668
-0.0041437
-0.0036071
-0.00069404
0.000275258
-0.00478447
0.00645445
0.00542374
-0.00486765
-0.00386663
-0.00437581
-0.00378111
-0.00434713
0.0047635
-0.00415422
0.00663561
-0.00384999
-0.00395407
-0.00281205
-0.00486897
0.00937969
-0.00249483
0.00273364
-0.00183781
-0.00163175
0.00752737
-0.00370807
0.00746777
-0.00234706
-0.00136269
0.000148979
-0.00302083
-0.00118454
0.000320203
-0.00360156
0.00351635
0.00584333
-0.000505376
0.00606455
0.000250135
-0.000608391
0.00329943
-0.00262919
-0.00214577
-0.00247062
0.00329579
-0.000209789
-0.0051491
0.00500297
-0.000684502
-0.00490208
0.00295136
-0.00848174
-0.00371146
-0.00240556
-0.00910797
-0.0046614
-0.00612168
-0.00694771
-0.00688063
-0.00187557
-0.0060174
-0.00313515
-0.00683539
-0.00147143
-0.00677258
-0.00565964
-0.00845516
0.00485008
0.00372502
5.90737e-05
-0.000938186
-0.00730312
-0.00480461
-0.00308475
0.0014417
-0.00529422
-0.005725
-0.00518725
-0.000192765
9.50001e-05
-0.00600338
-0.00590073
-0.000297825
0.00222506
-0.00159555
0.00167649
-0.00662477
-0.000352631
0.000324468
-0.00613285
-0.00557015
-0.00606444
-0.00861009
-0.00601706
-0.00797486
-0.00680582
-0.00518968
-0.0060831
-0.00535052
-0.00699344
-0.00575981
-0.00836484
-0.00698368
-0.00366675
-0.00600538
-0.00779553
-0.00589426
-0.00399056
0.00149655
0.000410166
-0.00380881
-0.00608429
-0.00852742
0.00189908
-0.0082342
-0.00348254
-0.00603358
-0.00609974
-0.00811637
-0.00784431
-0.00535708
-0.00686933
-0.00791006
-0.00668056
-0.000963704
-0.00516356
0.00113525
-8.69545e-05
-0.00510658
-0.000981181
-0.007124
-0.00155268
-0.00363946
-0.000243322
-0.00718917
-0.00488086
-0.00545478
-0.00606269
-0.00709186
-0.00759649
-0.00353918
-0.00670666
-0.00150321
-0.00421218
-0.00754879
-0.00126963
-0.00429719
-0.00659488
-0.00312432
-0.0050433
-0.00208889
0.000577208
0.000127181
0.00113929
-5.66721e-07
-0.00244109
-0.00510515
-0.00438222
-0.00427439
0.000530623
-0.00485766
-0.00470098
-0.00180295
-0.00540399
0.00191507
-0.00491335
-0.00529102
-0.00396894
-0.00530844
0.000292235
0.000348243
-0.000756364
-0.00115679
-0.00492965
-0.00530015
0.0024149
0.00194811
-0.00432962
0.00153991
-0.00228215
-0.00480105
-0.00558073
-0.0059658
-0.00298901
-0.00513213
-0.00294403
-0.00241154
-0.00223142
-0.00477338
-3.09874e-05
-0.00222515
-0.0053001
0.00179174
-0.00353836
0.0026791
-0.00635568
-0.0015502
-0.00337874
0.00176432
0.00060848
-0.0060495
-0.00383081
-0.000973649
-0.00720108
-0.00512878
0.0013167
-0.00512489
-0.0066156
0.00226792
0.000530109
-0.00320702
-0.00729381
-0.00209096
0.00116841
-0.00223818
-0.00173657
-0.000652859
0.00058017
0.000505485
-0.00143913
0.00264671
-0.00286553
0.00217772
-0.00210218
-0.00122819
-0.00594997
-0.00787974
-0.00722956
-0.00022787
-0.00305619
-0.00927774
-0.00438341
-0.00714498
-0.00174581
-0.00686748
-0.00964686
-0.00591517
-0.00502238
-0.00593583
-0.00632215
-0.00762887
-0.00198171
-0.00957804
-0.00719449
-0.00693574
-0.00727839
-0.00240893
-0.00735263
-0.00572341
-0.0060634
-0.00800226
-0.00170308
-0.00258256
-0.00396047
-0.000153672
-0.00649593
-0.00503683
-0.00567352
-0.000712636
-0.00360806
-0.00348376
-0.00727085
-0.00729362
-0.00119027
-0.00740739
-0.00468015
-0.0068796
-0.00649422
-0.00682314
-0.00645707
-0.00812439
-0.00325826
-0.00180274
-0.00670585
-0.00751549
-0.00754989
-0.00423786
-0.00710415
-0.00726908
-0.00596987
-0.00585527
-0.00398384
7.05876e-05
-0.00719809
-0.0024173
-0.00456149
-0.00635902
-0.00443931
-0.00384309
-0.00604928
-0.00435012
-0.00372905
-0.00424546
-0.00766022
-0.00724309
-0.00737103
-0.00635494
-0.00564617
-0.00634361
-0.00153026
-0.00380277
-0.00406592
-0.0056161
-0.00234391
-0.00390038
-0.00240195
-0.00370683
-0.000579686
-0.00213509
0.000386309
-0.00024386
-0.00267919
-0.0055513
-0.00621055
-0.00258484
-0.00607163
-0.00510103
-0.000155313
-0.00268937
-0.00611801
-0.00559013
0.000709384
-0.00607809
-0.00494285
-0.00122209
-0.00400001
-0.00455449
-0.00607466
-0.00308877
-0.00634784
0.00540579
-0.00588089
-0.00490553
-0.00880995
-0.00671767
0.00451081
-0.00736142
-0.00548892
-0.00638285
-0.00700141
-0.00632035
-0.00388625
-0.00620481
-0.00652427
-0.00461141
-0.00233126
-0.00335999
-0.00518249
-0.00385654
-0.00260845
-0.00658664
0.00682171
-0.00183995
-0.0019623
-0.00909031
-0.00679444
-0.00238871
-0.00578949
-0.00408304
-0.0059726
-0.00554274
-0.00380258
-0.00211353
-0.00367186
-0.00259817
-0.00328208
-0.00517724
0.000528456
-0.00584257
-0.00605981
-0.00599911
-0.00191524
-0.00562567
-0.0035845
-0.0041727
-0.00135953
-0.00352715
-0.00133208
0.000291831
-0.00245625
-0.00392029
-0.00515403
-0.000149479
-0.00364512
-0.000982779
-0.00411127
-0.00332421
-0.00236022
-0.00559856
-0.00352598
-0.00321324
-0.00528825
-0.00342307
-0.00267724
-0.00294345
-0.00602757
-0.00647928
-0.00637345
-0.00549847
-0.00512947
-0.00490345
-0.0040511
-0.00490511
-0.00490125
-0.00211064
-0.00191375
-0.00545936
-0.0026054
-0.00644552
-0.00602591
-0.0109207
-0.00553519
-0.00283809
-0.00716718
-0.00732902
-0.00752636
-0.00824874
-0.00524683
-0.00591256
-0.00667651
-0.00610449
-0.00798415
-0.00649566
-0.006639
-0.00677504
-0.00877565
-0.00769352
-0.00814245
-0.00846355
-0.00880268
-0.00832596
-0.00634779
-0.00879502
-0.00851753
-0.00814444
-0.0082229
-0.00855563
-0.00696497
-0.00788469
-0.00657909
-0.00430621
-0.00655263
-0.00693194
-0.00493839
-0.00586802
-0.0067499
-0.00487583
-0.00498306
-0.00562132
-0.00790686
-0.0078633
-0.00778183
-0.00689472
-0.00716889
-0.00710207
-0.00736538
-0.00744218
-0.00763765
-0.00876263
-0.00830791
-0.00954883
-0.000392506
-0.00719569
-0.00805703
-0.00779983
-0.00591672
-0.00789005
-0.00656463
-0.00912941
-0.00772335
-0.00893794
-0.00848258
-0.00878007
-0.00865723
0.000994263
-0.00575337
-0.00348248
-0.00883932
-0.00709846
-0.00841153
-0.0100356
-0.00229942
-0.00540058
-0.00950642
-0.00472377
-0.00775016
-0.00655167
-0.00697294
-0.00718743
-0.0067049
-0.0083937
-0.00861561
-0.00811612
-0.0098131
-0.00811672
-0.00759595
-0.00884779
-0.00762016
-0.0105015
-0.0101218
-0.0025962
-0.0101989
-0.000516003
-0.00761937
-0.0115437
-0.0100647
-0.00563019
-0.00749026
-0.0113816
-0.00772659
-0.00716615
-0.00733065
-0.00882728
-0.00779131
-0.00701201
-0.0101779
-0.0113705
-0.00624125
-0.00105358
-0.00800811
-0.00555616
-0.0103327
-0.00738354
-0.0113021
-0.00857843
-0.00956242
-0.00832334
-0.008915
-0.00900596
-0.00743783
-0.00747119
-0.00792806
-7.27832e-05
-0.012172
-0.00916766
-0.00721726
-0.0101252
-0.0119115
-0.00852271
-0.0102826
-0.00135667
-0.00820245
-0.00775815
-0.00846896
-0.000200817
-0.00848177
-0.00599365
-0.0117896
-0.00786482
-0.00323568
-0.00889231
-0.00851698
-0.00797879
-0.00992051
-0.00841149
-0.00828107
-0.00746382
-0.00874832
-0.00830026
-0.0082565
-0.00874422
-0.0085078
-0.00849056
-0.0069266
-0.00825072
-0.00861356
-0.00828957
-0.0082107
-0.00790081
-0.00894263
-0.00891202
-0.00879931
-0.00842602
-0.00801775
-0.00868292
-0.00908965
-0.0089494
-0.0068614
-0.0065844
-0.0065782
-0.00857576
-0.00895667
-0.00826412
-0.00885855
-0.00856847
-0.00855034
-0.00728482
-0.00865154
-0.00763914
-0.0088428
-0.00823646
-0.00827874
-0.00815549
-0.00888864
-0.00854613
-0.00806691
-0.00569764
-0.00516418
-0.0123426
-0.0024907
-0.0091718
-0.00824075
-0.00928213
-0.00422108
-0.00942075
-0.00921526
-0.0117783
-0.00706967
-0.00916253
-0.00845143
-0.0107014
-0.00809899
-0.0105178
-0.00596442
-0.0026601
-0.0113595
-0.00233448
-0.010739
-0.00697177
-0.00534539
-0.0022535
-0.00593796
-0.00892571
-0.00555531
-0.00867286
-0.00983883
-0.00701626
-0.00669586
-0.00771937
-0.010173
-0.00269696
-0.00613481
-0.00657117
-0.0113616
-0.0077514
-0.00616385
-0.00493559
-0.00963855
-0.00525454
-0.00656051
-0.00659302
-0.00663218
-0.00798034
-0.00716499
0.000333043
-0.0087246
-0.00723221
-0.00885626
-0.00801107
0.00148322
-0.00856582
-0.00796252
-0.00643722
-0.00718031
-0.00701362
-0.0050841
-0.00702293
-0.00823964
-0.00590701
-0.00501524
-0.00788044
-0.00288464
-0.00643252
-0.00691292
-0.00680512
-0.00768878
-0.00517633
-0.0045051
-0.00557687
-0.0058017
-0.00609874
-0.00556187
-0.00531562
-0.00718263
-0.00813449
-0.0077804
-0.00756102
-0.00781527
-0.00793748
-0.00747052
-0.00640514
-0.00779646
-0.00677926
-0.00686138
-0.00764346
-0.00745468
-0.00800197
-0.00546238
-0.00604277
-0.00780711
-0.00897448
-0.00499761
-0.00182795
-0.00415729
-0.00853528
-0.00835545
-0.00626052
-0.00742903
-0.0012073
-0.0070562
-0.00532246
-0.011081
-0.00642404
-0.00633774
-0.00691476
-0.00232588
-0.0069756
-0.00414087
-0.00608294
-0.00826767
-0.00587045
-0.00584316
-0.0116096
-0.00777768
-0.00608952
-0.00406652
-0.000535992
-0.00423778
-0.00575218
-0.00556391
-0.00334087
-0.00595143
-0.00392836
-0.00423014
-0.00579767
-0.00371687
-0.00490582
-0.00438422
-0.00696025
-0.0068318
-0.00662573
-0.00576627
-0.00626213
-0.00605366
-0.00476927
-0.00172357
-0.00575341
-0.0101438
-0.00516743
-0.00206048
-0.00469024
-0.00795427
-0.00842668
-0.0104784
-0.00804951
-0.0061968
-0.00908161
-0.00846412
-0.0112635
-0.00777672
-0.00520207
-0.00776741
-0.00739146
-0.00823201
-0.010661
-0.00429437
-0.00732851
-0.00872465
-0.0111438
-0.00931668
-0.00532096
-0.00463805
-0.0101908
-0.00791757
-0.00920071
-0.00953585
-0.0116189
-0.00236093
-0.0116289
-0.00799649
-0.00545342
-0.00674829
-0.00755434
-0.00935688
-0.00918664
-0.0089783
-0.00785254
-0.00915485
-0.00908837
-0.00823818
-0.00935547
-0.00819582
-0.00846282
-0.00896248
-0.00955334
-0.0089975
-0.00861193
-0.00856748
-0.00764557
-0.00846045
-0.0081169
-0.00361354
-0.00919257
-0.0108499
-0.00495969
-0.004253
-0.0051693
-0.0113614
-0.00567189
-0.00978263
-0.00668272
-0.00831731
-0.00796587
-0.00709591
-0.00862753
-0.00772899
-0.00817707
-0.00880632
-0.00788017
-0.00744596
-0.00648104
-0.00703364
-0.00440523
-0.00679052
-0.00714252
-0.00988418
-0.00890964
-0.00631333
-0.0103017
-0.00972384
-0.00351686
-0.00811092
-0.00889678
-0.00906035
-0.0106618
-0.00810063
-0.0106368
-0.0103378
-0.00827805
-0.00896818
-0.00763707
-0.00861091
-0.00902476
-0.00909616
-0.00821188
-0.00800557
-0.009657
-0.00839821
-0.00886188
-0.008694
-0.00480683
-0.0094408
-0.00805577
-0.00855526
-0.00811801
-0.00875251
-0.00865202
-0.0077576
-0.00911405
-0.00564053
-0.00645891
-0.00835509
-0.00831303
-0.00771875
-0.00764556
-0.00859848
-0.00669545
-0.00771054
-0.00726063
-0.00796011
-0.00756802
-0.00947054
-0.00866164
-0.00941491
-0.0105711
-0.00305005
-0.0092274
-0.00907733
-0.00502258
-0.00930945
-0.00812657
-0.00738219
-0.00280644
-0.00956381
-0.00846356
-0.00920283
-0.0075886
-0.00715045
-0.00888305
-0.00819683
-0.00903575
-0.00696681
-0.00739364
-0.00818894
-0.00819113
-0.00724337
-0.00290277
-0.0115851
-0.00488593
-0.00911782
-0.00802301
-0.0064727
-0.00528547
-0.00978359
-0.00782818
-0.006063
-0.0113496
-0.0116255
0.00135094
-0.00164867
-0.012199
-0.00891848
-0.0103482
-0.00176903
-0.0105002
-0.0114886
0.00203326
0.00133331
-0.00833406
0.00041444
-0.00609367
-0.00618244
0.00204383
-0.00719001
0.00320758
-0.00445105
-0.00543692
-0.0128783
0.00128975
-0.011655
-0.00791712
-0.0111807
-0.00955245
-0.00571293
-0.0133653
0.00299661
-0.00748495
-0.0123853
-0.00988601
-0.00546014
-0.0113203
-0.00675113
-0.0109985
-0.0109238
-0.00100071
-0.0115768
-0.000420794
-0.00638168
-0.0121417
-0.0127677
-0.00233198
-0.00205105
-0.00890411
-0.0095868
-0.00782233
-0.0127195
-0.00532354
-0.000550576
-0.0109467
0.00176865
-0.0111833
-0.0101618
-0.00875296
0.000229851
-0.0101737
-0.00513435
-0.00813906
-0.00668128
-0.00154306
-0.00817156
-0.00213202
-0.0102556
-0.00732312
-0.0111181
-0.00927227
-0.00677984
-0.00623001
-0.00750403
-0.00622231
-0.00789204
-0.00800543
-0.00266603
-0.00568039
-0.00549924
-0.0066491
-0.00697755
-0.00633769
-0.0115266
-0.00867143
-0.00977036
-0.00876561
-0.00335515
-0.00781461
-0.00463289
-0.00737381
0.00182558
-0.00616098
-0.00603343
-0.00472317
-0.00412854
0.000911099
-0.0035723
-0.00495826
-0.00806257
-0.00801286
-0.00695326
-0.00689121
-0.00883729
-0.00739597
-0.00404054
-0.00625259
-0.00646163
-0.00742341
0.000758814
0.00152835
-0.00659941
-0.00835053
-0.00837131
-0.00780484
-0.00598011
-0.00582241
-0.00784387
-0.00786749
-0.00524751
-0.00899137
-0.00102898
-0.00131196
-0.0058807
-0.00960972
-0.0068891
-0.00623411
-0.00833434
-0.00778408
-0.0101497
-0.00869098
-0.00852168
-0.00823965
-0.00872695
-0.00754412
-0.00835029
-0.00802408
-0.00568941
-0.0081805
-0.00843583
-0.00901542
-0.0087079
-0.00762455
-0.00904177
-0.0103748
-0.0104426
-0.008171
-0.00807958
-0.00934252
-0.00453165
-0.00546285
-0.00993218
-0.00791412
-0.00700673
-0.00678713
0.00203595
-0.00671175
0.000763624
-0.00698032
-0.00448298
-0.0048578
-0.00739336
-0.00436116
-0.00751689
-0.00136563
-0.00722137
-0.00720667
0.000462439
-0.00470539
-0.00682063
-0.0106699
-0.0074056
-0.00789189
-0.00642112
-0.00978634
-0.00870032
-0.00444404
-0.00826584
-0.0080111
-0.00832876
-0.00714265
-0.00749216
-0.00788071
-0.00808005
-0.00666729
-0.00768001
-0.000828227
-0.010424
-0.0011025
-0.000758796
-0.00945746
-0.00415859
-0.00932666
-0.00793354
-0.00502442
-0.00483428
-0.00811927
-0.00729997
-0.00820061
-0.00254913
-0.011331
-0.0094346
-0.0052921
-0.0110203
-0.00903964
-0.00183198
-0.00905178
-0.00587073
-0.00895557
-0.00150771
-0.00905538
-0.00460055
-0.0111759
-0.00427434
-0.00891844
-0.00681655
-0.00334107
-0.0100147
-0.00393198
-0.0116743
-0.00898277
-0.00498704
-0.00985901
-0.00260709
-0.00659472
-0.00639748
-0.00522275
-0.00950045
-0.000809499
-0.00897706
-0.0107759
-8.98288e-05
-0.00109605
-0.00541707
-0.00808381
0.00101189
-0.000899819
-0.00432687
-0.00421702
-0.00112356
-0.00140654
-0.00334704
-0.00600675
-0.00255892
-0.0025618
-0.00349789
-0.00212759
-0.00495071
-0.00692811
-0.00387429
-0.00565874
-0.00678924
-0.0071498
0.00458119
-0.00754777
-0.00795463
-0.00735257
-0.00479212
-0.00723194
-0.00565837
-0.00744507
-0.00576918
-0.0092656
-0.00721007
-0.00794948
0.00370249
-0.00627527
-0.00329699
-0.00613568
-0.00416101
-0.00829948
-0.00685987
-0.00525378
-0.0030226
-0.00520373
-0.00688295
-0.00665325
-0.00730639
-0.00706772
-0.00731985
-0.00319044
-0.00684179
-0.00564062
-0.00488021
-0.00362545
-0.00489378
-0.00371144
-0.0063836
-0.0046116
-0.000772062
-0.00269455
-0.00278479
-0.0047475
-0.0048374
-0.00313502
-0.00762495
-0.00224489
0.00614426
-0.00998308
-0.00281244
-0.000422181
-0.00363203
-0.00449526
-0.00115536
-0.00609328
-0.00187113
-0.00442407
-0.00249456
-0.00476827
-0.00482109
-0.00662085
-0.00329655
-0.00469615
-0.00342368
-0.00454666
-0.00114652
-0.00347025
-0.00103683
-0.00157159
-0.00421882
-0.0067153
-0.00728148
-0.00351828
-0.00721176
-0.00129106
-0.00615744
-0.00426783
-0.0065489
-0.00650467
-0.000624752
-0.0068818
-0.00220421
-0.00638761
-0.00870012
-0.00872245
0.00486641
-0.0103515
-0.00913659
-0.0075257
0.00621326
0.00456866
-0.00786329
-0.00490499
-0.00715789
-0.0047997
-0.0111992
-0.00369547
-0.00685666
-0.00461253
-0.0100089
-0.00777011
-0.00766818
-0.0042947
-0.00688691
-0.00369888
-0.00850271
-0.00448429
-0.0102034
-0.00742753
-0.0106732
0.00219939
-0.00793414
-0.00762027
-0.00708113
-0.00447707
-0.00788779
-0.0073736
-0.00735234
-0.00833084
-0.00735179
-0.00900753
0.00365843
-0.0130103
-0.00761563
-0.00397468
-0.00557788
-0.00661309
-0.006234
-0.00690935
-0.00702476
-0.00693888
0.00245709
-0.00659701
-0.00280609
-0.00264744
-0.00392601
-0.00375516
-0.00405045
-0.0012398
-0.00712094
-0.00689521
-0.0036053
-0.00723967
-0.00871387
-0.0073615
-0.00478277
-0.00714823
0.00156999
-0.0075093
-0.00633103
-0.00788394
-0.00614739
-0.00811516
-0.00711105
-0.00949403
-0.00667019
-0.00706286
-0.00745852
-0.00745417
-0.0076284
-0.00752894
-0.0035283
-0.00850577
-0.00793519
-0.00714345
-0.00762083
-0.00712383
-0.00723284
-0.00579931
-0.00810152
-0.010084
-0.00956079
-0.00656651
-0.00667405
-0.00566522
0.000467486
-0.00881347
-0.00537544
-0.00535197
-0.00612139
-0.00794112
-0.00446091
-0.00688752
-0.00581301
-0.00576923
-0.00892726
-0.00634663
-0.0123872
-0.00684633
-0.003858
-0.0100736
-0.00931496
-0.00502534
0.00124775
-0.00521135
-0.0094134
-0.00532743
-0.00742241
-0.00192432
-0.00145403
-0.00814756
-0.00410848
-0.000494626
-0.000984876
-0.00924129
-0.00868855
-0.00575744
-0.00726842
-0.00090791
-0.00906854
-0.00365189
-0.00770331
-0.00818265
-0.00451223
-0.00331675
-0.00768024
-0.0087747
-0.00047383
-0.00158741
-0.00966801
0.000957024
-0.00783093
-0.0040367
-0.00739018
-0.000782742
-0.00668205
-0.00106343
-0.00557633
-0.00526754
-0.00626564
-0.00587875
-0.00603191
-0.00545412
-0.006882
-0.00707941
-0.00691725
-0.00491403
-0.00604515
-0.00135024
-0.00341367
-0.00536706
-0.00335906
-0.00290584
-0.00515386
-0.00335544
-0.00279491
-0.00313081
-0.00670923
-0.00617377
-0.0064634
-0.0053476
-0.00469234
-0.00539747
-0.00245537
-0.00598219
0.000104047
-0.00640823
-0.00561204
-0.00634301
-0.00353466
-0.00562877
-0.00644125
-0.00663199
-0.00323876
-0.0061221
-0.00635326
-0.00474304
-0.00542603
-0.00564371
-0.00527045
-0.00225975
-0.000817407
-0.00676421
-0.00490123
-0.00297256
0.00115077
-0.00112261
-0.000698798
-0.00487258
-0.00654839
-0.00734774
-0.0019925
0.000815647
-0.0054945
-0.00715741
-0.00790768
-0.00671984
-0.00102501
-0.00125617
-0.000556322
-0.000962634
-0.00599728
-0.000482404
-4.62556e-05
-0.0058937
-0.00483407
-0.00647038
-0.00691891
-0.00515731
-0.00688699
-0.00580104
-0.0053968
-0.00505368
-0.00643387
-0.00574558
-0.00818036
-0.00564714
-0.00578528
-0.00627765
-0.00328395
0.000766704
-0.00568803
-0.00467013
-0.00418882
-0.00262242
-0.00019293
-0.00491525
-0.00135983
-0.00140776
-0.00104257
-0.00236429
-0.00164232
-0.00250723
-0.00321855
-0.00538449
-0.00218149
-0.0055516
-0.00183946
-0.00339923
-0.00433134
-0.00378192
-0.00529001
-0.00199658
-0.00539463
-0.00300183
-0.00544436
-0.00691215
-0.00156509
-0.00681515
-0.0056401
-0.00525681
-0.00244501
-0.00674188
-0.00368619
-0.00622724
-0.00559593
-0.00101918
-0.00199727
-0.00600739
-0.00476566
0.00394112
-0.000659802
-0.00174408
0.00306911
-0.00588101
-0.000647059
-0.000124077
-0.00106749
-0.00538967
-0.00044655
-0.00030455
-0.00484218
-0.0017111
-0.00175732
-0.00508119
-0.00493408
-0.00432279
-0.00161304
-0.00134751
-0.00659192
-0.00230012
0.000399018
-0.00354608
-0.00232612
-0.00100589
-0.000390309
-0.00064448
-0.00193725
-0.00214259
-0.00218439
0.00220011
0.000426648
-0.00338451
-0.00652989
0.000339396
-0.00489991
-0.00348554
-0.00592099
-0.00149643
-0.000409876
-0.00709908
-0.00195414
-0.00489691
-0.00632317
0.000308286
-0.00809393
-0.0065002
-0.00773931
-0.00102114
0.000863365
-0.00888071
-0.00463329
0.00141789
-0.00751757
-0.002558
-0.00437155
0.000276024
-0.00627293
-0.00312082
-0.00103035
-0.000578403
-0.00369702
1.78253e-05
-0.00118571
-0.00608409
-0.00551403
-0.000466156
-0.0058092
-0.00560867
-0.00590098
-0.00310518
-0.000933372
-0.00228961
-0.00205229
-0.00681749
0.000971978
-0.00620326
-0.00612054
-0.00635435
-0.00545561
-0.000778531
-0.00631018
-0.00656411
-0.00716107
-0.00386051
-0.00382351
-0.006181
-0.00420637
-0.00634492
-0.00637526
0.000755888
0.00127577
0.000299794
-0.00538843
-0.0033396
-0.00598248
0.000678667
-0.0055886
0.000778445
-0.00535672
-0.00484899
-0.00814024
-0.00524095
-0.00715933
-0.00455447
-0.00583047
-0.00468253
-0.00626512
-0.00524929
0.000849447
-0.0040338
2.13003e-05
-0.00626779
-0.000289336
-0.0041959
0.0017218
-0.00437676
-0.00506818
-0.00665807
-0.00631822
-0.000368803
-0.00574249
-0.00240893
-0.00337945
-0.00698961
-0.00322684
-0.000683648
-0.00216939
-0.00600197
-0.000524879
-0.00279102
0.000399308
-0.00631653
-0.00399487
-0.00295025
0.00117606
0.00208696
-0.00452769
-0.00788079
-0.00559224
-0.0032804
-0.005098
-0.0069534
-0.00531641
-0.00507892
-0.00699082
-0.00674204
-0.00433557
-0.00698241
-0.00569875
-0.00618654
-0.00277368
-0.00492584
0.00257584
-0.00781043
-0.00527668
-0.00717832
-0.00302476
-0.000797256
-0.00393727
0.000902576
0.000642291
-0.00350907
-0.000592058
-0.000600577
-0.00409094
-0.00326743
-0.00393753
-0.00534909
-0.000689928
-0.000855906
0.000940214
-0.00288386
-0.00146808
0.000328909
-0.000422319
-0.000390766
-0.000872147
-0.00104832
0.00328909
-0.0011911
0.00101931
0.0022235
-0.000625702
-0.00461806
-0.00443449
0.000957229
-0.00105777
0.00414563
0.00433969
-0.00479967
2.15167e-05
0.000929625
-0.000951533
-0.00609997
-0.000806527
-0.00528101
-0.00472219
-0.00531995
-0.00659142
-0.00370925
-0.000687768
-0.00471511
-0.000607929
0.000434427
-0.00474636
-0.00013687
0.00584739
-0.00406153
0.00307548
-0.00655177
-0.00110074
-0.00120495
-0.00508035
-0.000850251
-0.00511177
-0.000359265
0.000819057
0.000145545
0.00169514
-0.000642931
0.000398503
-0.00416629
-0.00576041
-0.000350527
-0.00399695
-0.00318295
-0.00304329
-0.00119396
-0.00052207
-0.000234203
-0.00229723
-0.00652405
-0.00597464
-0.00706743
-0.00628978
-0.000447746
-0.00372606
-9.53703e-05
-0.00295196
-0.000328207
-0.00402209
0.000556314
0.000614099
0.0030856
-0.000237784
0.00258302
0.00152936
-0.000849879
-0.00102265
-0.00463217
-0.00455473
-0.00077238
-0.0058509
-0.000354844
-0.00366341
-0.00262088
0.000891082
-0.00341858
-0.00580587
-0.00677661
-0.00182295
-0.00699171
-0.00394215
-0.00630715
-0.00652929
-0.00829385
-0.00596254
-0.000382855
-0.00505988
-0.00323465
-0.0055291
-0.00547536
-0.00595289
-0.00496508
-0.00147366
-0.0015456
-0.00579304
-0.00737215
-0.00293944
-0.00286737
0.00189613
0.000176131
0.00103351
0.00272745
2.56727e-05
0.00165938
-0.0046846
-0.00304505
-0.00286853
-0.00222886
0.000471261
-0.00184589
-0.000163628
-0.00105765
-0.00530417
-0.00496626
-0.00580407
-0.0050807
-0.00262424
0.000758481
0.000221156
0.000541738
0.00127602
-0.00179955
0.00125361
0.0016939
-0.00260186
0.00176041
0.00404593
0.000980268
0.00261027
0.00369424
0.000365625
0.00046144
-0.00297609
-0.00296979
0.000314708
0.00624367
-0.00417322
0.000440053
0.00584931
-0.000720425
-0.00396063
-0.00449746
-0.00616168
-0.004714
0.00186547
-0.0052395
-0.00301427
-0.00225452
-0.000102042
0.00026797
-0.0032266
-0.0030992
-0.00780509
-0.000782665
-4.95658e-05
-0.00664404
-0.00172088
0.000650243
-0.00357304
0.00116525
-0.00331606
0.00169118
0.00211158
0.00802078
-0.00189902
-0.00429953
0.00558722
0.000133321
0.000396072
-0.00354037
-0.00372376
0.000210944
-0.00549517
0.00516633
0.00417133
-0.00172951
-0.00447537
-0.00254749
-0.00163999
-0.00434958
-0.00764128
-0.00549548
0.00173442
-0.00629628
-0.00601395
-0.00494349
-0.00491522
-0.00262198
-0.00905279
-0.00400939
-0.00719354
-0.00273569
-0.000952213
-0.00132652
-0.00609774
-0.00080533
-0.00527774
-0.00471808
-0.00531858
-0.00370782
-0.00658716
-9.66562e-05
-0.000329069
-0.00294964
-0.0040217
0.000558577
0.000610558
0.00308187
-0.000235759
0.00258563
0.0015259
-0.000850641
-0.00102142
-0.00463422
-0.000784342
-0.00455197
0.000819512
-0.000358056
0.000147344
0.00169623
-0.000638228
0.000406186
-0.00575697
-0.00416012
-0.00399482
-0.00317736
-0.000343889
-0.00304125
-0.00118862
-0.00229196
-0.00652374
-0.00597055
-0.00706552
-0.00628757
-0.000445977
-0.00371855
-0.00051782
-0.000232433
-0.00677436
-0.001824
-0.00698872
-0.00394058
-0.00829141
-0.00630834
-0.00652676
-0.00585432
-0.000354372
-0.00366331
-0.00262622
-0.00341583
-0.00581498
0.000893122
-0.00491096
-0.00143664
-0.00152591
-0.00579097
-0.00735791
-0.00290943
-0.00284704
-0.00596888
-0.000354578
-0.00504956
-0.00322142
-0.00552075
-0.0054744
-0.00593253
0.0012581
-0.00179921
0.00123801
-0.00259693
0.00167993
0.0017429
0.00402981
0.000967986
0.00260562
0.0036824
0.0003588
0.000436701
-0.00297768
-0.00296234
0.000298307
-0.00431371
0.000411942
-0.00341177
-0.00378955
-0.00497564
-0.00225107
-0.00341709
0.00189703
0.000174453
0.00272589
0.00103377
-0.00185985
-0.000170451
2.47024e-05
0.00165511
-0.00468647
-0.00304535
-0.00223376
-0.00286991
0.000469534
-0.00106142
-0.00529841
-0.0058061
-0.00496689
-0.00262937
0.000752168
-0.00507667
0.000223303
0.000542931
0.000653463
0.0011573
-0.00353321
-0.00328504
0.00170858
0.00203112
0.00798389
-0.00192107
-0.00434942
0.00556166
0.000133858
0.000378162
-0.00354986
-0.00369116
0.00019481
-0.00417131
0.00625063
0.000443213
0.00586303
-0.000712828
-0.00395722
-0.00616234
-0.00449263
-0.00523923
-0.00470624
0.00187412
-0.00301664
-0.00224587
-0.00322944
-0.00309044
-0.00780456
-0.000791266
-0.00664161
-5.73642e-05
-0.00172367
-9.72235e-05
0.000272068
-0.00537932
-0.000433964
-0.000283514
-0.00170174
-0.0048264
-0.00174264
-0.005074
-0.00492891
-0.00431488
-0.00160785
-0.00658711
-0.00133723
0.0010666
-0.0016201
-0.00248611
-0.00318983
-0.00534511
-0.00214591
-0.00551576
-0.0018081
-0.00337859
-0.0043183
-0.00376534
-0.00527342
-0.00197963
-0.00536923
-0.00298329
-0.00689123
-0.00541609
-0.00678751
-0.00562053
-0.00153862
-0.00523766
-0.00242193
-0.00672309
-0.00367019
-0.00557398
-0.000999452
-0.00620836
0.000406322
-0.00231621
-0.00353889
-0.000636129
-0.000996722
-0.000378942
0.000435226
-0.00192313
-0.00213405
-0.00217365
0.00220107
-0.00229218
-0.00688612
0.000948255
-0.00621164
-0.00619061
-0.000842782
-0.00547628
-0.00642936
-0.00100479
-0.00232464
-0.00200188
-0.00635981
-0.00661852
-0.00716174
-0.00386493
-0.00620547
-0.0038379
-0.00420514
-0.0065177
-0.00618508
0.0012887
0.000862926
-0.00344402
-0.0055087
0.000413681
-0.00341549
0.00032946
-0.00651038
-0.00492441
-0.00148749
-0.00355113
-0.00600879
-0.00652191
-0.00779538
-0.00102444
0.000843983
-0.00889402
-0.00465597
-0.000447752
-0.00714734
-0.00194849
-0.00494275
-0.00635404
-0.00819712
0.000285464
0.00138222
-0.00740485
-0.0025284
0.000315447
-0.00440936
-0.00630782
-0.00311252
-0.00106518
-0.000550073
-1.83286e-05
-0.00367548
-0.00115737
-0.0061227
-0.00538335
-0.00563831
-0.000431414
-0.00577664
-0.0056972
-0.00306815
-0.00454085
-0.00789935
-0.00560823
-0.0032931
-0.00696828
-0.00510831
-0.00532971
-0.00295923
0.00117241
0.00208005
-0.00508364
-0.00699629
-0.00674563
-0.00433885
-0.00698786
-0.00569814
-0.00618918
-0.0027799
-0.00493472
-0.00782756
0.00256678
-0.00718316
-0.00527935
-0.00303661
-0.0059699
0.00068143
-0.00555721
0.000787307
-0.00810516
-0.00480972
-0.00536497
-0.0052412
-0.0071553
-0.00584834
-0.00456157
-0.00525627
-0.00625984
-0.00469422
0.000850494
-1.09188e-05
-0.00407588
-0.00629501
0.00172007
-0.000270068
-0.00417626
-0.00338002
-0.00698965
-0.00323674
-0.000685328
-0.00218426
-0.00599756
-0.00436309
-0.00506354
-0.00668949
-0.00631509
-0.00574351
-0.00240079
-0.00038403
-0.000515804
-0.00278632
0.000402262
-0.0039977
-0.00629901
0.000933393
-0.00289189
-0.0014729
-0.000428728
0.000321354
-0.000396165
-0.000884977
-0.00105516
-0.0011981
0.00328241
0.00101559
-0.000410894
-0.00128309
-0.00231965
-0.00316767
-0.00245119
-0.000811093
-0.00425273
-0.00201204
-0.00417356
-0.000969559
-0.000562813
-0.00428382
-0.00407097
-0.00114912
-0.00558427
-0.00235935
-0.00431943
-0.00520441
0.000221236
-0.00405321
-0.00182168
-0.00564364
-0.00411689
-0.00429943
-0.00556313
-0.000257014
-0.000804677
-0.000624095
-0.00442972
-0.00461815
-0.00105756
0.00414931
0.000958927
-0.000947882
0.00433192
-0.00480536
0.000924532
1.77367e-05
0.00220615
-0.00346141
-0.00599008
-0.0025447
-0.0025444
-0.00211227
-0.00503276
-0.00343419
-0.00436933
-0.00638132
-0.00442215
-0.00383135
-0.00654547
-0.004651
-0.00430349
-0.00411553
-0.00707249
-0.00748193
-0.00751781
-0.00661683
-0.00608834
-0.00623392
-0.00495868
-0.00692087
-0.00565133
-0.0038861
-0.00715044
-0.0067848
0.00457159
-0.00754347
-0.00795342
-0.0073276
-0.00478696
-0.0072186
-0.00564407
-0.00744415
-0.00576963
-0.00925968
-0.00720915
-0.00628378
-0.00794502
0.00370525
-0.00329444
-0.00612809
-0.00416696
-0.00040778
-0.00361714
-0.00446957
-0.00113874
-0.0061025
-0.00184337
-0.00441355
-0.00249071
-0.0048052
-0.00476151
-0.00661311
-0.00468496
-0.00330097
-0.00345428
-0.00104671
-0.00155393
-0.0034182
-0.00455428
-0.00114594
-0.00425644
-0.00652069
-0.00646753
-0.000638551
-0.0063633
-0.00685382
-0.00219313
-0.0042171
-0.00672617
-0.00728968
-0.00352798
-0.00722225
-0.00130045
-0.0061574
-0.00483687
-0.00314054
-0.00763184
-0.0022524
0.0061241
-0.00998868
-0.00283267
-0.00659985
-0.00281857
-0.00265105
-0.00393517
-0.00123821
-0.00376338
-0.00406013
-0.00711784
-0.00689306
-0.00722713
-0.00359822
-0.00477644
-0.00736627
-0.00872277
-0.00869774
0.00487262
-0.00870723
-0.0103315
-0.00753127
0.00620708
-0.00913043
-0.00370481
-0.0068644
-0.0046247
-0.0100144
-0.00768791
-0.00777934
-0.00430569
0.00458153
-0.00783396
-0.00489018
-0.00713451
-0.00478129
-0.01117
-0.00689305
-0.00370028
-0.00849859
-0.0101975
-0.00448013
-0.00789705
-0.00761352
-0.00710334
-0.00449518
-0.00791229
-0.00734187
-0.00736143
-0.00742612
0.00220811
-0.0106744
-0.0083188
-0.00733041
-0.00894534
0.00367352
-0.0076013
-0.00395343
-0.0129892
-0.00556015
-0.00659938
-0.00690663
-0.00621731
-0.00695021
-0.00700594
0.00245941
-0.0071955
0.00154987
-0.00753445
-0.00636384
-0.00820094
-0.00617056
-0.00793602
-0.00706862
-0.00944177
-0.00660448
-0.00702898
-0.00739047
-0.00731573
-0.00756659
-0.00756729
-0.00354756
-0.00854837
-0.00795619
-0.00714502
-0.00762625
-0.00709397
-0.00738959
-0.00587406
-0.00810321
-0.0101155
-0.00661584
-0.00962184
-0.00678666
-0.00735405
-0.000701348
-0.00671506
-0.000998218
-0.00552441
-0.00527122
-0.00623338
-0.00591311
-0.00596374
-0.00695928
-0.00545853
-0.00690807
-0.00700518
-0.00497601
-0.0054376
-0.00544903
-0.00620911
-0.00801718
-0.00694058
-0.00590936
-0.00451427
-0.00568201
-0.00882519
0.00042563
-0.00576357
-0.00884246
-0.00615766
-0.0122846
-0.00674729
-0.0100042
-0.00375069
-0.00940824
-0.00506026
-0.005314
0.00115812
-0.0075441
-0.00537751
-0.00952743
-0.00192575
-0.00809506
-0.00144319
-0.00408769
-0.00096663
-0.00917915
-0.000510166
-0.00772205
-0.00805387
-0.00448293
-0.00326949
-0.00766531
-0.00868255
-0.000508926
-0.00856467
-0.00563828
-0.00722827
-0.000827009
-0.00898054
-0.00355904
-0.00162969
-0.00961587
0.000950047
-0.00400345
-0.00784822
-0.00243935
-0.0059761
-0.00642744
0.000158239
-0.00633481
-0.00555448
-0.00351437
-0.00564632
-0.00644595
-0.00666148
-0.00321723
-0.00613245
-0.00469076
-0.00636866
-0.0054529
-0.00565856
-0.00533464
-0.0008215
-0.00677877
-0.00230387
-0.00494876
0.00117261
-0.00295187
-0.0085454
-0.00629647
-0.00365753
-0.000901833
-0.00619062
-0.00508323
-0.00889155
-0.00656728
-0.00630615
-0.00668956
-0.00169375
-0.00693633
-0.00525555
-0.00505339
-0.00436519
-0.00526573
-0.00566223
-0.00882224
-0.00683606
-0.00125768
-0.0073613
-0.00179786
-0.000979707
-0.00603262
-0.00337224
-0.00136771
-0.00517477
-0.00337495
-0.00280808
-0.00536521
-0.00337387
-0.00292711
-0.00314544
-0.0067064
-0.00648239
-0.00617304
-0.00535439
-0.00540516
-0.00470302
-0.00548124
-0.00790344
-0.00711431
-0.00669865
-0.00122117
-0.00095893
-0.000509064
-5.08429e-05
-0.0058495
-0.000562811
-0.000984587
-0.00603411
-0.00506386
-0.00645479
-0.00572817
-0.00819206
-0.00562283
-0.00624889
-0.00579049
-0.00481193
-0.00646782
-0.00690638
-0.00511884
-0.00578572
-0.00685974
-0.00540219
-0.00329159
0.000706138
-0.00572474
-0.0046866
-0.00421198
-0.00263218
-0.000233174
-0.00111985
-0.000723725
-0.00489927
-0.0065795
-0.00729967
-0.00204176
0.000807763
-0.0080106
-0.00643448
-0.0052644
-0.00907851
-0.00975586
-0.0066869
-0.0109692
-0.0108794
-0.0115333
-0.000937091
-0.00037731
-0.00639597
-0.0121866
-0.0128213
-0.00896441
-0.00235506
-0.00208654
-0.00945016
-0.00787946
-0.00615308
-0.0114872
0.00135736
-0.0017162
-0.0116845
-0.0121546
-0.00893049
-0.0103182
-0.00172279
-0.0106016
-0.00956684
-0.00789661
-0.00535768
-0.0127977
0.00174509
-0.000582462
-0.011018
-0.0101203
-0.00871286
-0.0101562
0.000270737
-0.0112421
-0.0099711
-0.0132587
-0.00902873
-0.012317
-0.00454709
-0.00908143
-0.00815448
-0.00553269
-0.00706252
-0.00787846
-0.000769961
-0.00499504
-0.00573315
-0.00451459
-0.0088345
-0.00841501
-0.00835675
-0.00852721
-0.00841588
-0.00779437
-0.000234849
-0.00258971
-0.00524222
-0.00838614
-0.00682473
-0.00840532
-0.00166354
-0.00216226
-0.0102946
-0.00736046
-0.00924527
-0.0111916
-0.00690455
-0.00638392
-0.00784232
-0.00809927
-0.00643214
-0.00873393
-0.0115486
-0.00980125
-0.00883951
-0.0033666
-0.00790274
-0.00741932
-0.00475356
-0.00622095
-0.00603402
0.00175483
-0.0047625
-0.00413001
-0.00494714
-0.00813335
-0.0080703
-0.00700148
-0.00690443
-0.00738032
-0.00893149
0.000821581
-0.00363935
-0.00403735
-0.00652597
-0.00632574
-0.00744636
0.000686249
0.0016046
-0.00650571
-0.00838015
-0.00774837
-0.00845632
-0.00602527
-0.00593509
-0.00805946
-0.00795337
-0.00538514
-0.00762544
-0.00907259
-0.0102999
-0.0102539
-0.00922806
-0.00825137
-0.00808326
-0.00601113
-0.00966408
-0.00622413
-0.00854643
-0.00902748
-0.00908839
-0.00117567
-0.00671839
-0.00915608
-0.00260628
-0.00600991
-0.00581141
-0.00766255
-0.00814003
-0.00579947
-0.00892594
-0.00105864
-0.00592922
-0.00132506
-0.00637081
-0.00854396
-0.007869
-0.0101634
-0.00872725
-0.00835287
-0.00880762
-0.00970671
-0.00705636
-0.00888886
-0.00773886
-0.00824957
-0.00845038
-0.0083478
-0.0086055
-0.00570272
-0.00903722
-0.00884246
-0.00458385
-0.0099078
-0.00563403
-0.00815868
-0.00696219
-0.00674881
0.00210772
-0.00667305
-0.00692589
0.0008714
-0.00462887
-0.00524772
-0.0078317
-0.00797071
-0.00455138
-0.00697981
-0.00131201
-0.00713967
0.000656623
-0.00473052
-0.00677753
-0.0072711
-0.0104092
-0.00989183
-0.00776727
-0.00631737
-0.00866492
-0.00445744
-0.00826313
-0.00700354
-0.00749749
-0.00785693
-0.00775327
-0.0080349
-0.00645618
-0.00808603
-0.00797953
-0.00244097
-0.0112578
-0.00938423
-0.00526042
-0.0109769
-0.00176574
-0.00900298
-0.008999
-0.005829
-0.00888042
-0.00143377
-0.00900116
-0.00453597
-0.0111354
-0.00890528
-0.00425807
-0.00996138
-0.00677643
-0.00328381
-0.00383716
-0.0115919
-0.00888265
-0.00487741
-0.00977646
-0.00650743
-0.00247412
-0.00538098
-0.00923212
-0.0054085
-0.00856525
-0.0111406
-0.00149965
-0.00104665
-0.00895374
-0.0105104
-0.0041077
-0.0014855
-0.000829402
-0.00625695
-0.00932093
-0.00495891
-0.00881322
-0.0106391
-0.000619514
-0.000854478
-0.00521838
-0.00785994
0.00116722
0.000236579
-0.000797303
-0.00826412
0.00375817
-0.00816367
-0.00432445
-0.00478852
-0.00183024
-0.00339071
-0.00186876
-0.00438641
-0.00199025
-0.0035769
-0.0100898
-0.00658937
-0.00773613
0.00378362
-0.00858495
-0.00713895
-0.00136477
-7.50141e-05
-0.00701107
-0.00705737
-0.00668959
-0.00653763
-0.00429223
-0.00408944
-0.00634319
-0.000626636
0.00557072
-0.00969486
0.00295148
-0.00684671
-0.00585406
-0.00566421
-0.00325174
-0.00254635
0.00478177
-0.00457645
-0.00557501
-0.00388854
-0.00724932
-0.00740575
-0.00641052
-0.00500831
-0.006959
-0.00602904
0.00409869
-0.00904467
-0.00793819
-0.00630382
-0.00591776
-0.00613033
-0.00364248
-0.00159575
-0.0053433
-0.0100757
-0.00585925
-0.00678867
-0.00596586
-0.00870328
-0.00437172
-0.00742548
-0.00806026
-0.00170144
-0.0081206
0.00611004
-0.00436333
-0.00869225
-0.00551839
-0.00849451
-0.00744293
-0.00744039
-0.004089
-0.00775769
-0.00839762
0.00390172
-0.0062214
-0.00801716
0.00403846
-0.00669083
-0.00949511
-0.00818568
-0.00727375
-0.00683804
-0.00539704
0.0050397
-0.00268012
-0.00342548
-0.00653443
-0.006959
-0.00131362
-0.00511241
-0.00261494
-0.0061215
-0.00726682
-0.00658168
-0.00302091
-0.00497123
-0.00572484
-0.0064579
-0.00244001
-0.0069075
-0.00514451
-0.00632795
-0.00395303
-0.00715923
-0.00649178
0.00238791
-0.00611947
-0.00984438
0.00427914
-0.00599024
-0.00532534
-0.00431834
-0.00875914
-0.00797649
-0.0058248
-0.00295387
-0.00476396
-0.00504693
-0.00164172
-0.00596426
-0.00525932
-0.0062717
-0.000597815
-0.00395298
-0.00645358
-0.00546082
-0.000347877
-0.00485469
-0.00193366
-0.00170379
-0.00491455
-0.00578724
-0.000524572
-0.00725668
-0.00459159
-0.00745156
-0.00602395
-0.000798161
-0.00251022
0.00516336
-0.00177357
-0.0103143
-0.00510609
-0.00761434
-0.00289773
-0.00679452
-0.0081571
-0.0037673
-0.00802529
-0.00373124
-0.00566226
-0.00385101
-0.0101916
-0.00773041
-0.00466519
-0.0060576
-0.00660494
-0.00599371
-0.00652155
-0.00666231
-0.00631828
0.00509403
-0.00382445
-0.00388153
-0.00865147
-4.87859e-05
-0.00879475
0.0061747
-0.00529414
-0.00318631
-0.00549142
-0.00555233
-0.00677517
0.0040924
-0.00438766
-0.00665675
-0.0057592
-0.00580217
-0.00729331
-0.00379377
-0.00890978
-0.00525696
-0.00491969
0.00531356
-0.00620177
-0.00254069
-0.00765393
-0.00692917
-0.00420397
-0.00483024
-0.00946262
0.00429533
0.0054955
-0.00636006
-0.00457437
-0.00484203
-0.00492509
-0.00612929
0.000867634
-0.000881641
-0.00576474
-0.00177766
-0.00230698
-0.0028308
0.000276427
-0.00106015
-0.000197002
-0.00228535
-0.000622818
-0.00261787
0.00237437
-0.00343503
0.00126815
0.0056031
-0.00645726
-0.00568939
-0.00287951
-0.0057886
-0.000806522
-0.00605312
-0.00162008
-0.00532853
0.00122472
-0.00665615
-0.00587239
0.00201033
0.00551864
0.00142645
0.00788443
-0.000349288
-0.00489326
-0.00710413
0.000861201
-0.000793206
-0.00618256
0.0023599
-0.000792505
-0.00554194
-0.00744683
-0.00631864
0.00578715
-0.00844179
-0.00380239
-0.00718765
-0.00871702
-0.00749446
-0.00407973
-0.0036395
0.000489941
-0.00617904
-0.00877146
-0.0035458
-0.00504937
-0.00438016
-0.000756405
0.000140891
-0.00356391
-0.0072828
-0.0042364
-0.00678621
-0.00510355
-0.00750783
-0.00715203
-0.00208801
-0.00749602
-0.00672967
-0.00704748
-0.0027464
-0.00792717
-0.0062269
-0.000312541
-0.00583399
-0.0053185
0.00101748
0.00768686
-0.00512509
-0.00177035
-0.00337153
-0.00273205
-0.00347228
0.00124852
0.006558
0.000540762
-0.00654642
-0.00835112
-0.00686514
-0.00312102
-0.00638934
-0.00749053
0.000882476
-0.0063218
-0.00662581
-0.00794979
-0.00686182
-0.0069054
-0.00615572
-0.00673709
-0.00303093
0.00608439
-0.00398693
0.000432765
-0.00624987
-0.000207081
-0.00251482
-0.00262588
-0.00156231
0.000218234
-0.00150766
-0.00571132
-0.00631656
-0.00464433
-0.00143461
-0.00161391
-0.00115186
-0.00420579
-0.000572637
0.000888041
0.00410081
-0.00373071
0.000826454
0.000373747
-0.00642941
-0.00582304
-0.00718311
-0.00563754
-0.00657806
-0.00692809
-0.00646883
-0.00671435
-0.00659831
0.00724176
-0.0056342
-0.00293253
-0.00276046
0.00520971
-0.0104179
-0.00185471
-0.000271303
-0.0018822
-0.00118925
-0.00138012
-0.00158044
-0.00804544
7.67005e-06
-0.00619417
-0.00878923
-0.00361428
-0.00420094
-0.00491028
-0.00278179
-0.00173425
-0.00420583
0.00772536
-0.00597272
-0.00556566
-0.00242299
-0.00471203
-0.000694873
-0.00117113
-0.00560349
-0.00718403
-0.00726573
-0.00223931
-0.00650776
-0.0081781
-0.00480625
-0.00342793
-0.000727859
-0.00453454
-0.00676417
-0.00110531
-0.0061037
-0.00623272
-0.00789476
-0.000486683
0.00938648
0.000207019
-0.00274783
-0.00554206
0.000488602
-0.000698833
-0.00447671
0.00885423
-0.0015194
-0.00749321
-0.0066902
-0.00765414
-0.00745363
-0.00661438
-0.00295841
-0.00623933
-0.00724975
-0.00738122
-0.00384809
-0.0070239
-0.00545207
-0.000436046
-0.00565402
-0.00678215
-0.00526578
-0.00539819
-0.00585286
-0.00637246
-0.00704106
0.00898156
-0.000253749
-0.00706481
-0.00132775
0.0102274
-0.00312744
-0.0041275
-0.00705367
-0.00552071
-0.00202394
-0.00613904
-0.00238164
-0.00489457
-0.0072338
-0.00663111
-0.0057275
-0.00510843
-0.00615798
-0.00260401
-0.00639058
-0.000885043
-0.00540077
-0.00430896
-0.0065738
-0.00350001
-0.00448832
-0.00643981
-0.0094659
-0.0047123
-0.00535162
-0.00542499
-0.00380105
-0.00575562
-0.00395217
-0.00620964
0.00795818
-0.0042109
-0.00461998
-0.000228491
-0.0022907
0.00100701
-4.10008e-05
-0.00363619
-0.00352559
-0.00444976
0.000134565
-0.00276439
-0.00360202
-0.00665259
-0.00515235
-0.00347917
-0.00769409
-0.00209466
-0.00438824
-0.00436556
-0.00311645
-0.00286464
-0.00293809
0.00994531
0.00690692
-0.00352972
-0.00015564
-0.00061176
-0.00420487
-0.00328493
-0.0034408
-0.00178185
-0.00530031
-0.0039585
-0.00113223
-0.00435393
-0.000567465
-0.00366413
-0.0074932
-0.00546202
-0.00407054
-0.00393038
-0.00582998
-0.00431985
-0.00545729
-0.00297731
-0.000934835
0.0024268
-0.00184148
-0.00317117
0.0003085
-0.00829205
-0.00506682
-0.00446255
-0.00234539
-0.00508751
-0.00451121
-0.00199617
-0.00423139
-0.00436288
-0.00400237
-0.00785697
-0.00452587
-0.00960433
-0.00529429
0.00922717
-0.00162795
-0.00467581
-0.00435967
-0.00334822
-0.00451695
0.00250437
-0.0033863
-0.00344891
-0.00366197
-0.00436193
-0.00301362
-0.00352089
-0.00238926
-0.00356857
0.00430112
0.010549
-0.001198
-0.0024895
-0.0101282
-0.00824861
0.00836774
-0.00644433
-0.0029253
-0.00134134
-0.00357597
-0.00381666
-0.00359632
-0.00428005
-0.00313908
-0.00304392
-0.00997133
-0.00430283
-0.00626347
0.00672478
0.00211897
-0.00327796
-0.00395904
-0.00462204
-0.00608447
-0.00567061
-0.00429705
-0.00508
-0.00652688
-0.00538047
-0.00468165
-0.0063887
-0.0062556
-0.00485304
-0.00515886
-0.00505148
-0.00675172
0.00260522
0.00226766
-0.00329632
-0.000666023
0.0026776
-0.00412827
-0.00555688
-0.00323459
-0.0073566
-0.00821257
-0.00584814
-0.00530923
-0.00565257
-0.00553694
-0.00626983
-0.00157334
-0.0041398
-0.00209044
-0.00441651
-0.0035912
-0.00772893
-0.00119879
0.00432801
-0.00734001
-0.00380684
-0.00451657
-0.00639747
-0.00319075
-0.00395568
-0.00388392
0.00256362
-0.00777729
-0.00376481
-0.00242299
-0.00620132
-0.00344154
-0.00397193
-0.00405896
-0.00299819
0.00830071
-0.00512548
0.00394342
-0.00260847
-0.00246909
-0.00415165
0.00613941
-0.00389132
-0.00627597
-0.00595302
-0.000618401
-0.00327567
-0.00187113
-0.00493238
-0.00405979
0.00559953
-0.00373197
-0.0072742
-0.00352317
-0.00301872
0.00490468
0.00454988
0.00403299
0.00418526
-0.00794442
-0.00395043
-0.00571078
-0.00538956
-0.00476086
-0.00596279
-0.00156601
-0.00270529
-0.00652263
-0.00614514
-0.000802308
-0.0076792
-0.00514119
0.00569912
0.00371294
-0.0077985
-0.00149034
-0.00322758
-0.000461918
-0.00649766
-0.00392619
0.00248648
-0.00252904
0.00390448
-4.74155e-05
0.00295262
-0.00112503
0.00220799
-0.00130041
0.00615369
-0.000452012
-0.00572147
-0.00513489
-0.00418318
-0.00156619
0.0054864
-0.00569548
-0.0014014
0.00742043
-7.79627e-05
-0.00408582
-0.00500888
-0.000346947
-0.00590938
0.00530473
-0.00489955
-0.00513394
0.00807342
-0.00608747
-0.00440856
-0.00362308
0.0015243
0.00476807
-0.00534265
-0.00419635
-0.00493223
-0.00487726
-0.00463254
0.00456486
-0.00103734
-0.00434686
-0.00260044
-0.0026139
-0.00481043
0.00622749
-0.00294349
-0.0023676
0.00615849
-0.00194968
-0.000956636
0.0021746
-0.00457741
0.00513706
-0.00157886
0.00460574
0.00879314
-0.00535714
0.00583315
-0.0050875
-0.00631094
-0.00453312
0.00981152
-0.00455649
-0.004705
-0.00458829
-0.00627014
-0.0061895
-0.00499493
-0.00459809
0.00919846
-0.00600922
-0.00476411
-0.00466236
0.00955387
-0.00548814
-0.00528462
0.00979113
-0.00595819
-0.00580168
-0.00534384
-0.00647864
-0.0060162
-0.00560597
-0.00591485
-0.00269857
0.00322334
-0.00540884
0.00939409
0.000981186
0.000637592
-0.0046235
0.00161861
-0.00387027
0.00315322
-0.00511522
-0.00588501
-0.00077197
-0.0079963
-0.0076464
0.00333066
-0.00655293
-0.00440046
0.000760835
0.00087556
-0.00171981
-0.00639956
-0.00706785
-0.00240545
-0.00737461
-0.00584253
-0.00228732
-0.000484312
-0.00443202
0.0045041
-0.00820077
-0.00617162
0.000428648
-0.00290531
-0.00567645
-0.00547874
4.02869e-05
-0.00737713
-0.00713815
-0.0074122
-0.00742607
-0.00559342
-0.00883577
0.00178302
0.00248872
-0.00716178
-0.00583168
-0.00161905
-0.00524023
-0.00465657
0.00999683
0.00957687
0.0021164
-0.00468337
0.0082412
-0.0030933
-0.005363
-0.00625349
0.00464945
-0.00572331
0.00275815
-0.00329243
-0.00412085
-0.00783475
-0.00635798
0.00550737
-0.00720623
0.00156917
0.00235222
-0.0062594
-0.00568558
-0.00586018
-0.00759835
-0.00765743
-0.0056138
-0.00607004
-0.00408095
0.0067896
-0.00588888
0.00148385
-0.00426487
-0.00452838
-0.00825041
-0.00763415
-0.00600441
-0.00536914
-0.00733828
-0.00996228
-0.00506848
-0.00870214
-0.00609072
-0.00719145
0.00187704
-0.00730285
0.00172699
-0.00960637
-0.000566943
-0.00515648
-0.00443853
-0.00641133
-0.00597801
-0.00599069
-0.006177
-0.00665216
-0.00261209
-0.00474543
0.000801505
-0.00369445
-0.00072028
0.00157422
0.00764221
-0.00293077
-0.00464264
4.4037e-05
-0.00369607
-0.00432679
-0.00165763
-0.00298604
-0.00137946
-0.00273006
-0.00330215
0.000544084
-0.00623152
0.00172017
-0.0054984
-0.0041706
0.0101729
-0.00459287
-0.00276384
0.00131934
0.000404826
-0.00574242
0.00470122
-0.000624352
-0.000649246
-0.00259134
-0.0045977
-0.0072967
-0.00215708
-0.00537391
0.00700319
-0.00546466
-0.00784956
-0.001928
-0.00351288
-0.00287735
-0.000729267
-0.000490904
-0.00589596
0.00326053
-0.00873733
-0.00192682
-0.00692102
-0.00161406
-0.0080956
-0.0066448
-0.00294054
-0.00879056
-0.00481817
-0.00788864
-0.000202598
-0.00761407
-0.00873641
-0.00391612
-0.00764264
-0.00549951
0.00120485
0.000847206
-0.00610182
-0.00554917
-0.00153121
0.000396997
0.000238156
-1.70705e-05
-3.5755e-06
-0.00747171
7.76093e-05
-0.00542625
-0.0025521
-0.00144093
-0.00397312
-0.00579007
-0.0011759
-0.00220596
-0.000719443
0.0104817
-0.00242442
-0.00683523
-0.00666072
-0.00518895
-0.00372219
-0.00346411
-0.00867432
-0.00317594
-0.00907533
-7.41989e-05
0.0008828
-0.000934492
-8.67675e-06
0.000629881
-0.000356477
-0.00060088
-0.00409003
-0.00120501
-0.00263621
-0.00278163
-0.00232605
-0.0045946
-0.000410157
-0.00486678
-2.75231e-05
-0.00483792
-0.00440404
0.000375333
-0.00526299
0.000274999
-0.00402139
0.00171171
-0.00407505
-0.00545821
0.000429818
-0.00505161
-0.00682444
-0.000419103
7.30042e-05
-0.00539117
-0.00601999
0.000302464
-0.0021156
0.0006166
-0.00189232
-0.00082392
-0.000466937
0.0116943
-0.00991608
-0.0033825
-0.00951494
0.000345491
0.0109403
-0.0030764
-0.00277031
0.0017905
-0.00214977
-0.00792206
0.00950483
-0.00271091
-0.0052152
-0.00463678
-0.0083319
-0.00696444
-0.00487581
-0.00221145
-0.00438794
-0.00825322
-0.00215517
-0.00252694
-0.00299474
-0.0079291
-0.00179493
-0.0095392
-0.00988904
-5.37116e-05
-0.000112301
-0.00928158
-0.0076721
-0.000558914
-0.00469781
-0.00869436
-0.00195102
-0.00691049
-0.00512424
-0.00119531
-0.00394269
-0.00329077
-0.00369303
-0.00400321
-0.00240552
-0.00170689
-0.00369034
-0.00554223
0.00179514
0.00802726
0.00840978
-0.00772808
-0.00249666
-0.00815404
0.0039666
-0.00827547
-0.00266461
0.00310474
-0.0037849
-0.00320777
-0.0030785
-0.00712315
-0.00242021
-0.00184106
-0.00470088
-0.0042588
-0.00489103
0.00479951
-0.00802874
0.00544183
0.00432296
0.00374211
-0.00180478
-0.00270767
-0.00654477
-0.0018737
0.00257774
-0.00528569
-0.00194841
-0.00392591
-0.00909409
-0.00389727
-0.00351205
-0.00599703
-0.00883411
-0.00253921
-0.00311377
-0.00527948
-0.00262092
-0.00508722
-0.00927656
0.00337405
-0.00355736
-0.000118514
0.00878165
0.00882167
0.00938397
-0.0072319
-0.0034454
-0.00291743
-0.00726342
-0.00471008
-0.00463829
-0.00184589
-0.00360995
-0.000819366
-0.00441101
-0.00400432
-0.00425734
-0.00443068
-0.00315203
0.00850692
0.00483838
-0.00209143
-0.0070438
0.0034883
-0.00336011
-0.00217232
0.00232925
-0.00838481
-0.0083353
-0.00683728
0.00559689
-0.00701769
0.00403843
-0.00934195
-0.0010153
-0.00831576
-0.00179744
-0.00810847
0.00469202
0.00142577
-0.00673674
0.00665582
0.00281402
-0.00233466
0.0033238
0.00705046
8.84199e-05
-0.00111116
-0.00783923
0.0010115
-0.000590027
-0.00734621
0.00302692
-0.00722351
0.00522575
-0.00164595
-0.00650553
-0.00632749
0.00315942
-0.00153824
-0.00602824
0.0033968
-0.00106699
0.00228087
-0.00531554
-0.00644337
-0.00128218
-0.00469724
0.00478446
-0.00817901
0.00311938
-0.00801029
0.00353975
4.2074e-05
-0.00191159
0.00730559
-0.00579663
-0.00342738
-0.00448947
-0.00533711
-0.0048464
0.00663305
0.00792425
-0.00211548
-0.00653256
-0.00396515
-0.00439757
0.00579368
-0.00494685
0.00879081
-0.00536312
-0.0050906
0.00583023
-0.00630973
-0.00453407
-0.00455835
0.00980913
-0.00458943
-0.00627019
-0.00470539
0.00955481
-0.00549124
-0.00528396
0.00979059
-0.00618888
-0.00499403
-0.00460169
0.00919377
-0.00466484
-0.00600618
-0.00476557
-0.00349334
0.00207881
-0.000165109
-0.0013632
0.00287143
-0.00355224
-0.00279047
-0.00131391
0.00380582
-0.00623615
-0.00197673
-0.00586859
-0.00130775
0.00614087
-0.000461046
-0.00571925
-0.00515294
-0.00421011
-0.00159135
-0.00571076
0.00546874
-0.00139637
0.00742218
-7.80865e-05
-0.00408344
-0.00501281
-0.000337277
-0.00590918
0.00529654
-0.00517961
-0.00490883
-0.00609681
-0.00441511
0.00806462
0.00476225
-0.00534927
-0.00420586
-0.00493783
-0.00463614
0.00455768
-0.00488432
-0.00362147
0.00153388
-0.0058254
-0.00444778
0.00843364
-0.00162435
-0.00475858
-0.00388412
-0.00634577
-0.00711555
-0.00671636
-0.00489232
0.00335684
-0.00615555
-0.00456397
-0.00756707
0.0017772
-0.00716872
0.00248421
-0.00583631
-0.00162537
-0.00524489
0.00999475
-0.00465864
0.00957346
-0.00309656
-0.00536966
-0.00625521
0.00464606
-0.0057288
-0.0032948
0.00275781
0.00211373
-0.00468766
0.00823485
-0.0041243
-0.00636003
-0.00782912
0.00550806
-0.0071984
0.0023512
0.00157101
-0.00628197
-0.00571209
-0.00760305
-0.00586802
-0.00608022
-0.00764435
-0.00566535
-0.00426363
-0.00453278
-0.00409207
0.00677502
-0.00589219
0.00145763
-0.00870726
-0.00609388
-0.00719401
0.00187244
-0.00961525
-0.0072991
0.00172373
-0.00826057
-0.00761786
-0.00599762
-0.00538743
-0.0073234
-0.00996472
-0.00511912
-0.000578538
0.00321795
-0.0027048
-0.00541265
0.00939323
0.000978794
0.000659482
-0.00461595
-0.0051207
-0.00588801
0.00161936
-0.00383908
0.00316466
-0.000764114
-0.00764376
-0.00800207
0.00333258
-0.0065518
0.000762951
-0.00439847
0.000878947
-0.00171887
-0.00707949
-0.00638553
-0.00737368
-0.00584989
-0.00238799
-0.00229599
-0.00048629
-0.00443761
3.75869e-05
-0.00737345
-0.00714135
-0.0074251
-0.00742778
-0.00559769
-0.00884829
0.00451328
-0.00821108
-0.00617445
0.0004394
-0.00567475
-0.00548074
-0.00289335
-0.00727475
-0.00212047
-0.00498233
0.00715705
-0.00189726
-0.00782197
-0.00500529
-0.00072439
-0.000687747
-0.00264406
-0.00466554
-0.0036553
-0.00308756
-0.000811826
0.00312689
-0.00603232
-0.00061571
-0.00770374
-0.00436042
-0.0071672
0.000158628
-0.00817999
-0.00661721
-0.00331247
-0.007239
-0.00136863
-0.00636269
-0.000977443
-0.006532
-0.00637432
-0.00226303
-0.00674444
-0.00565023
0.000910426
0.00148453
-0.00543918
-0.00546785
-0.00119926
-0.00517013
-0.00444049
-0.00601836
-0.00641745
-0.00666564
-0.00600583
-0.00618271
-0.000743145
0.00155702
0.00763407
-0.00297319
-0.00263728
-0.00476584
-0.00373043
0.000788194
-0.00468711
-9.8467e-05
-0.00439778
-0.003766
-0.00332305
0.000627081
-0.00602743
0.00197862
-0.00517026
-0.00418656
0.010261
-0.00170264
-0.00301375
-0.0027676
-0.00139745
-0.00468619
-0.00295722
0.00137437
-0.00576746
0.000293231
0.00463507
-0.00556265
8.43978e-05
-0.00410811
0.00166711
0.000220144
-0.00564663
-0.00410626
-0.00490247
-0.00028593
-0.00504403
-2.05814e-05
0.000278284
-0.00517626
-0.00459405
-0.0053297
-0.00705267
-1.41243e-05
-0.000416113
0.000216843
-0.00625058
-0.00559721
-0.000711418
0.0113066
-0.00999451
-0.00344739
0.00022101
-0.00940084
0.0103647
-0.00202663
0.000674225
-0.00182071
-0.000785495
-0.00323845
-0.00299243
0.00153575
-0.0081394
-0.00219036
0.00902264
-0.0074969
9.05981e-05
-0.0053203
-0.00241955
-0.00400213
-0.00566966
-0.00145068
0.000443996
0.000237935
5.40116e-05
-2.85662e-05
-0.00103885
-0.00229831
-0.000499068
-0.00677051
-0.00238465
0.010653
-0.00664841
-0.00516979
-0.00344995
-0.00370814
-0.00315761
-0.00906347
-0.00865319
0.00065179
-0.000316354
-0.000588393
-0.00401796
-3.97844e-05
0.000882256
3.95326e-05
-0.000928228
-0.00118982
-0.00276215
-0.00236507
-0.00278382
-0.00956423
-0.00993878
-3.19299e-05
-0.000113968
-0.000479274
-0.00930794
-0.00768975
-0.00273266
-0.00522746
-0.0083482
-0.00462515
-0.00221276
-0.00697139
-0.0048833
-0.00441192
-0.00826503
-0.00215589
-0.00257398
-0.00794136
-0.001806
-0.00301622
-0.00535135
-0.00385676
-0.00193603
-0.00910003
-0.00379796
-0.00593563
-0.00347643
-0.00885464
-0.00255791
-0.00527215
-0.00306699
-0.0050504
-0.00930183
-0.00264111
0.00860599
0.00923898
0.003228
-0.00356142
-0.000158875
0.00873217
-0.00361982
-0.000764479
-0.00438927
-0.00396814
-0.00419566
-0.00317035
-0.00432601
-0.00737664
-0.00341626
-0.00299487
-0.00730748
-0.00455174
-0.00476598
-0.00188096
0.00833346
0.00465452
-0.00708975
-0.00205671
0.00336351
-0.00338304
-0.00229956
-0.00839227
0.00220627
-0.008313
0.00386029
-0.00937407
-0.00101151
-0.00834308
0.00460346
-0.0017842
-0.00815964
-0.0069059
0.0054254
-0.00702754
-0.00467047
-0.00197463
-0.00863385
-0.00689982
-0.00505323
-0.00395157
-0.00109819
-0.00329499
-0.00366707
-0.00239655
-0.00399699
-0.00552479
-0.00170171
-0.00367687
0.0018787
0.00816105
0.00845198
-0.00379991
-0.0032091
-0.00307267
-0.00710815
-0.00181024
-0.00239899
-0.00469995
-0.00770999
-0.00247218
-0.00815333
0.0039819
-0.00825393
0.00315418
-0.00265194
-0.00492489
-0.00422876
0.00484943
-0.00802548
0.00554442
0.0043363
0.00378037
-0.00187484
0.00264759
-0.00180294
-0.00270231
-0.00654558
0.00721477
-0.00581859
-0.00344069
-0.00447243
-0.00482531
-0.00539836
0.00660129
2.1399e-06
-0.00199979
0.00783807
-0.00211844
-0.00395576
-0.00658047
-0.0049243
-0.00445752
0.0057546
-0.00310218
0.00424686
-0.00441299
-0.000836277
-0.00558443
-0.00696561
-0.0024363
-0.00298767
-0.00427537
-0.00779622
-0.00777485
-0.00307098
0.000336747
-0.00220666
-0.00117996
-0.000186407
-0.00632017
-0.00512435
-0.00667473
-0.00572781
-0.00292333
-0.00745896
-0.00778082
0.00428032
-0.00512348
-0.000623976
-0.00334424
-0.00555267
0.00640383
-0.000629063
0.00580402
0.00332314
0.0070667
0.00140679
-0.00674557
0.00663418
-0.00234947
0.0028247
9.3348e-05
-0.00788501
-0.00114749
-0.000613435
0.00101015
-0.00154597
-0.00539245
0.0012151
-0.00667933
0.0020558
-0.00587889
0.00553168
0.0056285
-0.00644241
-0.00576549
-0.00288171
-0.00603598
-0.00577188
-0.000889858
0.00149738
0.00794022
-0.000264642
-0.00484601
-0.00709916
-0.000773827
0.000774066
-0.00616917
0.00217828
-0.000854541
-0.00556899
-0.00232075
-0.00294136
0.000258948
-0.000120955
-0.00237276
-0.00103382
-0.000644251
-0.00255691
-0.00634163
-0.00668321
-0.00683702
-0.0079159
-0.00618994
-0.00690068
-0.00676155
-0.00138745
-0.0075003
-0.00166016
-0.0023196
-0.00386386
-0.00654592
-0.00326405
-0.00534661
-0.00623615
-0.00268169
-0.00581998
-0.00614543
7.78091e-05
-0.00382395
-0.00737338
-0.00672554
-0.00444383
-0.00667483
-0.00138275
-0.00634025
-0.00234751
-0.000845498
0.000111007
-0.0036745
-0.00290468
-0.0043196
-0.0074369
-0.00632851
-0.00844452
0.00588018
-0.00715448
-0.00383973
-0.00860285
-0.00752517
-0.00412001
0.000513238
-0.00360704
-0.00348917
-0.0061871
-0.00880791
-0.00718629
-0.00428239
-0.00683229
-0.00519314
-0.00714222
-0.00203802
-0.00748402
-0.00510532
-0.00441501
-0.000719661
-0.00350386
7.9806e-05
0.000360769
-0.00623833
-0.000177468
-0.00271922
-0.00267065
-0.00168978
0.000275352
-0.00151617
-0.00632518
-0.0057032
-0.00160039
-0.00464665
-0.00145581
0.0040887
-0.0037436
0.000406223
0.000812212
-0.00129609
-0.00416871
-0.000638523
0.000841242
-0.00312714
0.00604313
-0.00397873
-0.00688815
-0.00701697
-0.00784854
-0.0036497
-0.00604736
-0.00647784
-0.00554926
-0.00745184
-0.00843985
-0.00807911
-0.00440575
-0.00826488
-0.00695021
-0.00529252
-0.00641078
-0.00575389
-0.00717946
-0.00560353
-0.00656817
-0.00642506
-0.0069209
-0.00562075
-0.00728857
-0.00720352
-0.00224797
-0.00653849
-0.00478359
-0.00824116
-0.00347322
-0.000743672
-0.0067711
-0.00452781
-0.00612349
-0.00624484
-0.00116221
-0.00790321
0.0093959
-0.000491096
-0.00151054
-0.00750955
-0.00671465
-0.00765944
-0.00747203
-0.0029638
-0.00660396
9.92535e-05
-0.00277222
-0.00551393
0.000315081
-0.00451507
-0.000792726
0.00869981
-0.00621115
-0.00737997
-0.00721414
-0.00382305
-0.00697894
-0.000388627
-0.00540302
-0.00563387
-0.00677592
-0.005364
-0.00521174
-0.00703343
-0.00580227
-0.00635188
-0.00707705
-0.00135294
-0.00313346
0.0101875
0.00891446
-0.000294057
-0.00720917
-0.00663238
-0.00570894
-0.00511366
-0.00637334
-0.00612055
-0.00260715
-0.00410525
-0.00697337
-0.0054532
-0.00200103
-0.0060726
-0.0023307
-0.00487111
-0.000979058
-0.00664066
-0.00671836
0.00726854
-0.00560838
-0.00304218
-0.002632
0.0053175
-0.000304167
-0.00180076
-0.00113441
-0.0104041
-0.00175573
-0.00127745
-0.00800497
-0.00156686
5.45536e-05
-0.00614894
-0.00873049
-0.00413766
-0.00355295
-0.00484232
0.00784445
-0.0059064
-0.00550412
-0.00239293
-0.00464811
-0.000640599
-0.00108176
-0.00273857
-0.00165831
-0.00413355
-0.005711
-0.00812117
-0.00601939
-0.00565583
-0.00621845
-0.00547942
-0.00674156
-0.0053789
-0.00429046
-0.00346774
-0.00656454
-0.00944518
-0.00447289
-0.006426
-0.00469473
-0.00534166
-0.00538538
-0.0037918
-0.00573484
-0.00619552
-0.00393673
-0.00175803
-0.00392275
-0.00523061
-0.00112847
-0.00429649
-0.00362982
-0.000552879
-0.00746334
-0.00544388
-0.00390109
-0.0040286
-0.00427102
-0.00543203
-0.0058076
0.00241279
-0.00185476
0.000288519
-0.0031824
-0.00299082
-0.000950417
-0.00420625
-0.00432825
-0.00397837
-0.00783903
-0.00448242
-0.00527942
-0.00957585
-0.0082562
-0.00498258
-0.00440188
-0.00233556
-0.00444657
-0.00505931
-0.00197508
0.00918148
-0.00161927
-0.00433463
-0.00463232
-0.00335189
-0.00449503
-0.00335955
0.0024787
-0.00343203
-0.00364756
-0.00299913
-0.00435343
-0.00355571
-0.00350572
-0.00238035
0.00428568
-0.00120841
0.0105232
-0.00355786
-0.00379417
-0.00358195
-0.00426789
-0.00995894
-0.00312018
-0.00302411
-0.00248209
-0.0100856
-0.00823547
0.00834074
-0.00642715
-0.00294255
-0.00136101
0.00803004
-0.00456313
-0.00417672
-0.000229718
-0.00225037
0.00101785
-0.00357491
3.16912e-05
-0.00347051
-0.00354526
-0.00658357
-0.00509277
-0.00344558
-0.00203094
-0.00764688
-0.00435713
-0.00440524
0.000206158
-0.00272495
-0.00308244
-0.00433552
-0.00286787
-0.00290553
0.00991287
0.00695982
-0.00348642
-0.00417637
-0.0032712
-0.00341457
-0.000109411
-0.000577911
-0.00553946
-0.00626528
-0.00413563
-0.00157584
-0.00440894
-0.00208721
-0.00359108
-0.00773635
-0.00120218
-0.00733604
0.00432012
-0.0045181
-0.00640413
-0.00381469
-0.00376351
-0.00242391
-0.00619511
-0.00343499
-0.00396644
-0.00299333
-0.00405063
-0.00319331
-0.00396656
-0.00777975
-0.00388619
0.00255621
-0.00359158
-0.0040928
-0.00296045
-0.00513817
-0.0043556
-0.00822781
-0.00197875
-0.0060737
-0.00915929
-0.00511303
0.00589675
-0.00340051
-0.00395007
-0.00584595
-0.00496702
-0.00829103
-0.00410919
-0.00370669
-0.00482865
-0.00334408
-0.00548455
-0.00321756
-0.00444413
-0.00448874
-0.0044033
0.00115132
-0.00430406
-0.00625589
0.00212133
0.00673011
-0.00395315
-0.00326463
-0.00468869
-0.00640892
-0.00626558
-0.00486049
-0.00517424
-0.00675528
-0.00506537
-0.00463133
-0.00610527
-0.0056702
-0.00430327
-0.00510112
-0.00651663
-0.00539401
-0.000663938
0.00267314
-0.00413312
0.00261043
0.00226479
-0.00328622
-0.00248981
-0.00261773
-0.00414994
0.00613235
-0.00388084
-0.00595508
-0.00627838
-0.00327326
-0.00187326
-0.000626704
-0.00727835
-0.00351735
-0.00301108
0.00490696
-0.0049149
-0.00404862
-0.00371542
0.0055779
0.00453338
0.00401569
0.00418817
0.00829476
-0.00511015
0.00396625
0.00293307
-0.00114374
0.00218677
-0.00444007
-0.00423892
-0.00486215
0.00115756
-0.00484131
0.00052836
-0.005032
0.000538552
-0.000134948
-0.00704846
-0.00705138
-0.00674594
-0.00433735
-0.00654755
-0.00413862
-0.0101135
-0.00659543
-0.00774531
0.00375795
-0.00140698
-0.00858363
-0.00715401
-0.00641059
-0.000694013
0.00549326
-0.00977763
0.00292323
-0.00585646
-0.0068382
-0.00327365
-0.00566277
-0.00261757
0.00470005
-0.00827636
0.00374543
-0.00816765
-0.00539347
0.00504857
-0.00344097
-0.00267265
-0.00653471
-0.00693071
-0.00507169
-0.00130434
-0.00610974
-0.00724555
-0.00262615
-0.00645527
-0.00246602
-0.00691455
-0.00509959
-0.00633344
-0.00714915
-0.00396281
-0.00657495
-0.00302158
-0.00569999
-0.0049867
0.0020637
-0.00544688
-0.00652254
0.00302974
-0.00234847
0.00179736
-0.00786973
-0.00447054
-0.00787238
-0.00300988
-0.0050768
-0.0107475
-0.00385637
-0.00719258
-0.00737937
-0.00636605
-0.00694611
-0.00599744
-0.00494487
-0.0045297
-0.00552815
0.00412759
-0.00902649
-0.00630291
-0.00790269
-0.00610736
-0.00361462
-0.00588709
-0.00249313
0.00515754
-0.00176763
-0.0102813
-0.00508031
-0.00759649
-0.0028628
-0.00374242
-0.00677344
-0.00813611
-0.00800966
-0.0037144
-0.00564354
-0.00383687
-0.0101799
-0.00769642
-0.00463843
-0.00659496
-0.00604784
-0.00661519
-0.0059869
-0.00650107
-0.00380295
-0.0038632
-0.00862939
-3.55408e-05
-0.00878151
-0.00527703
0.00618306
-0.00630492
0.00509451
-0.00203025
-0.00696929
-0.00699038
-0.00543186
-0.00475909
-0.00697284
-0.00332396
-0.0035561
-0.00417528
-0.00600009
-0.00257245
-0.00900406
-0.00543001
-0.00648387
-0.0102597
0.00321579
-0.00615832
-0.00986067
0.00423325
-0.00601999
-0.00533617
-0.00652874
0.00232624
-0.00432965
-0.00798892
-0.00878883
-0.00586401
-0.00296018
-0.0045865
-0.00487465
-0.00495122
0.000824713
-0.00613518
-0.000893293
-0.00580789
-0.00182904
0.00217687
-0.0101621
0.0013469
-0.00406995
-0.004361
-0.0038968
-0.00626798
-0.00319444
-0.00322564
-0.00340244
-0.00531907
-0.00437688
-0.00408134
-0.00390165
-0.00627867
-0.00323083
-0.00320096
-0.00339689
-0.00531998
-0.0046106
-0.00462771
-0.00442735
-0.00670719
-0.00361505
-0.00356487
-0.00345333
-0.00563484
-0.00441183
-0.00461058
-0.00458426
-0.00668444
-0.00359498
-0.00362955
-0.00347257
-0.00565632
-0.00457671
-0.00735037
-0.00752369
-0.00639319
-0.00660757
-0.00758645
-0.00743252
-0.00375959
-0.00711082
-0.00708874
-0.00617217
-0.00599476
-0.00728319
-0.007261
-0.00425596
-0.00753831
-0.00728971
-0.0065442
-0.00616554
-0.00739612
-0.00747314
-0.00455659
-0.00582765
-0.00199115
-0.005057
-0.00454478
-0.00649961
-0.00504946
-0.00762334
-0.00936374
-0.00954439
-0.00749651
-0.00900496
-0.00886677
-0.00720223
-0.00758444
-0.00826514
-0.00514945
-0.00702122
-0.00654257
-0.00606706
-0.00684364
-0.00700142
-0.0074822
-0.00792803
-0.00795185
-0.00778185
-0.00894498
-0.00769109
-0.00734593
-0.00533493
-0.00444643
-0.00688133
-0.00677206
-0.00745942
-0.0068556
-0.00668644
-0.00820414
-0.00242682
-0.00710336
-0.00670945
-0.00756527
-0.00755739
-0.00802597
-0.00586766
-0.00882403
-0.0070262
-0.00719085
-0.00734819
-0.00782573
-0.00768614
-0.00463486
-0.00406647
-0.00641405
-0.00661322
-0.00665421
-0.00618677
-0.00509897
-0.00302281
-0.0064069
-0.00715454
-0.00607876
-0.00552312
-0.00571777
-0.00522216
-0.00651822
-0.000845994
-0.00575077
-0.00596186
-0.00544998
-0.00626758
-0.00512114
-0.00641856
-0.00309635
-0.00556043
-0.00721689
-0.00612274
-0.00572728
-0.00520834
-0.000852501
-0.00653937
-0.00598248
-0.00537333
-0.00575748
-0.00627307
-0.0080187
-0.00881807
-0.00586323
-0.00734153
-0.00702402
-0.00718533
-0.00782064
-0.00767605
-0.00407395
-0.00463691
-0.00663757
-0.00664821
-0.00641952
-0.0061945
-0.00764957
-0.00937716
-0.00956929
-0.00888355
-0.00750118
-0.00904382
-0.00719691
-0.00655046
-0.00731023
-0.00656777
-0.00684468
-0.00781723
-0.00786204
-0.00712622
-0.00619928
-0.00180525
-0.00770178
-0.00689509
-0.0063248
-0.00673421
-0.00706413
-0.00617782
-0.00180994
-0.00767169
-0.00630675
-0.0068607
-0.00671119
-0.00704101
-0.00455798
-0.00584257
-0.00196803
-0.00456928
-0.00504028
-0.00645226
-0.00505387
-0.00659014
-0.00735658
-0.00662608
-0.00788674
-0.00688449
-0.00783107
-0.00716538
-0.00702806
-0.00756142
-0.00796698
-0.00902197
-0.0079542
-0.00782169
-0.00769696
-0.00754158
-0.0089969
-0.00873537
-0.00845768
-0.00805842
-0.0074668
-0.00711529
-0.00820873
-0.0046486
-0.00523008
-0.00720179
-0.00721489
-0.00702875
-0.00673159
-0.00818741
-0.00463292
-0.00521538
-0.00719502
-0.00721365
-0.0070375
-0.00671588
-0.00755525
-0.00824425
-0.00513505
-0.00651256
-0.00701437
-0.00604636
-0.00682409
-0.0075313
-0.00898837
-0.00874618
-0.00746134
-0.00846114
-0.00807469
-0.00712055
-0.00843253
-0.00971716
-0.0100181
-0.00815492
-0.00907626
-0.00959933
-0.00798224
-0.00632469
-0.00717171
-0.00625346
-0.00746988
-0.00679412
-0.00774286
-0.00718296
-0.00844614
-0.00575521
-0.00906778
-0.00717036
-0.00671653
-0.0077877
-0.00767109
-0.00730883
-0.00442362
-0.00385668
-0.00640145
-0.00633614
-0.00645274
-0.00606413
-0.00845548
-0.00576801
-0.00910491
-0.0067333
-0.00716304
-0.00782512
-0.00767845
-0.00732857
-0.00442027
-0.00386952
-0.00642502
-0.00635873
-0.00641086
-0.00606848
-0.00841551
-0.00969753
-0.0099988
-0.00958492
-0.00813897
-0.00905427
-0.00796377
-0.00642244
-0.00723898
-0.00634399
-0.00754848
-0.00688112
-0.00785023
-0.00728189
-0.00657846
-0.00668492
-0.00767932
-0.0077363
-0.00815891
-0.00757978
-0.00765992
-0.00797374
-0.00937601
-0.00914863
-0.00835483
-0.00894843
-0.00782039
-0.00750594
-0.00606448
-0.00340666
-0.00706921
-0.0066243
-0.00760027
-0.00628937
-0.006333
-0.00544719
-0.00695632
-0.000973937
-0.0055927
-0.00599823
-0.00613081
-0.00641179
-0.00603495
-0.00337103
-0.00703377
-0.00757828
-0.00660719
-0.00625649
-0.00631244
-0.00544061
-0.00695379
-0.000977685
-0.00613402
-0.00599197
-0.00559487
-0.00641572
-0.00656908
-0.00667471
-0.0076987
-0.00761634
-0.00773412
-0.0081875
-0.00764941
-0.00795982
-0.00936277
-0.00912323
-0.00835765
-0.00892802
-0.00779512
-0.00746124
-0.00813026
-0.00539507
-0.00871199
-0.00749403
-0.00693071
-0.00639295
-0.00747911
-0.00499448
-0.00212764
-0.00604408
-0.00515597
-0.0053364
-0.00689159
-0.005541
-0.00667097
-0.00241936
-0.00817053
-0.00707942
-0.00669531
-0.00757205
-0.00755287
-0.00503145
-0.0060896
-0.00216332
-0.00692762
-0.00519337
-0.00534444
-0.0055731
-0.00734198
-0.00444113
-0.00531284
-0.00686684
-0.00675419
-0.00744393
-0.00683443
-0.00812746
-0.00869494
-0.00534904
-0.00635555
-0.00750533
-0.00689021
-0.00742911
-0.00349065
-0.00664534
-0.0066239
-0.00545637
-0.00552845
-0.00641715
-0.00646744
-0.0030034
-0.00648128
-0.00624689
-0.00523074
-0.00528723
-0.00634639
-0.0065071
-0.00357379
-0.00657578
-0.00646003
-0.00539771
-0.00545824
-0.00642485
-0.00662665
-0.00377182
-0.00712037
-0.00709922
-0.00618125
-0.0060075
-0.00729591
-0.00727212
-0.00459339
-0.00736355
-0.00753775
-0.00662182
-0.0064085
-0.00760182
-0.00744325
-0.00427608
-0.00728608
-0.00755551
-0.00654928
-0.00616768
-0.00739659
-0.00747388
-0.00300551
-0.0064836
-0.00625139
-0.00528735
-0.00523634
-0.00634929
-0.00650896
-0.00348642
-0.0066547
-0.00661757
-0.00545818
-0.0055223
-0.00642322
-0.00647085
-0.00357735
-0.00645623
-0.00657477
-0.00539834
-0.00546326
-0.00643708
-0.00663945
-0.0045434
-0.0075415
-0.00741329
-0.00667831
-0.00654042
-0.00771696
-0.00763859
-0.00473408
-0.00774722
-0.0079302
-0.00686684
-0.00681535
-0.00783557
-0.0078685
-0.00439342
-0.00743866
-0.00777717
-0.00678605
-0.00653625
-0.00772948
-0.00765096
-0.00375099
-0.00692722
-0.00704843
-0.00580439
-0.00583241
-0.00678445
-0.00699213
-0.00342128
-0.00642482
-0.00637429
-0.00550243
-0.00545952
-0.00659079
-0.00651383
-0.00340341
-0.00684966
-0.00656731
-0.00572961
-0.00558804
-0.00668332
-0.00681089
-0.00452891
-0.00739625
-0.00752339
-0.00652673
-0.00666002
-0.00769969
-0.0076215
-0.00437912
-0.00742432
-0.0077527
-0.00652083
-0.00676645
-0.00770433
-0.00762872
-0.00472163
-0.00772996
-0.00789867
-0.00679526
-0.00683977
-0.00780516
-0.0078391
-0.00379412
-0.00708252
-0.00694752
-0.00586564
-0.00582517
-0.00681202
-0.00702199
-0.00342804
-0.00687762
-0.00658467
-0.00575982
-0.00560277
-0.00670403
-0.00682786
-0.00343109
-0.00641635
-0.00636597
-0.00550825
-0.00545783
-0.00659696
-0.00651342
-0.0051058
-0.0050981
-0.00656796
-0.00656062
-0.00525701
-0.00550137
-0.00664144
-0.00660458
-0.00623026
-0.00701057
-0.00617997
-0.00655794
-0.00647723
-0.00707838
-0.00700939
-0.00642371
-0.0072796
-0.0065332
-0.00662564
-0.00660057
-0.00704241
-0.00655616
-0.00638346
-0.00662786
-0.00650601
-0.00638127
-0.00628377
-0.0065493
-0.0059302
-0.0056352
-0.00616455
-0.00595475
-0.00606001
-0.00576575
-0.00609147
-0.00570799
-0.00584241
-0.0060872
-0.00571787
-0.00617496
-0.00559955
-0.00551553
-0.00497172
-0.00488017
-0.0051884
-0.00519471
-0.00435004
-0.00496197
-0.00519593
-0.0059025
-0.00596733
-0.00627785
-0.00587083
-0.00629332
-0.00614283
-0.00612166
-0.0063526
-0.00625924
-0.00638923
-0.00608784
-0.00636724
-0.00577676
-0.00640677
-0.00729331
-0.00724167
-0.00678031
-0.00723894
-0.00724246
-0.00685905
-0.00720506
-0.00798601
-0.0078214
-0.00807567
-0.00785317
-0.00816212
-0.00803409
-0.0080238
-0.00750915
-0.00746376
-0.00760347
-0.00796555
-0.00805905
-0.00850539
-0.00713089
-0.00700093
-0.00738943
-0.00738032
-0.00780365
-0.00778905
-0.00870613
-0.00692706
-0.00679923
-0.00694959
-0.00684093
-0.00654013
-0.00676722
-0.00671077
-0.00671467
-0.0067184
-0.00632421
-0.00664069
-0.00658773
-0.00654535
-0.00675054
-0.00665396
-0.0070568
-0.00760529
-0.00668738
-0.00795556
-0.00680743
-0.00819812
-0.00666865
-0.00645833
-0.00772585
-0.00647978
-0.00833779
-0.00672692
-0.0084024
-0.00634142
-0.00627053
-0.00738346
-0.00644687
-0.00820358
-0.00617951
-0.00826457
-0.0058919
-0.00647363
-0.00715532
-0.00636094
-0.00766848
-0.00624414
-0.00765953
-0.00594601
-0.00533292
-0.00547281
-0.00524108
-0.00526144
-0.00467662
-0.0051857
-0.00538135
-0.00648103
-0.00598361
-0.00639359
-0.00604578
-0.00588258
-0.00583738
-0.00573615
-0.00629985
-0.00715688
-0.00618438
-0.00786073
-0.00663673
-0.0078177
-0.00640795
-0.00569905
-0.0063989
-0.00565519
-0.0074964
-0.00627059
-0.0075966
-0.00615728
-0.00510786
-0.00521575
-0.00496409
-0.00603491
-0.00532971
-0.00596446
-0.00523196
-0.0051887
-0.00478554
-0.00491429
-0.00548242
-0.00556567
-0.00529496
-0.00538408
-0.0063956
-0.00615237
-0.00648312
-0.00583552
-0.00573438
-0.00604819
-0.00587983
-0.0061834
-0.00719279
-0.00630371
-0.00781578
-0.00640789
-0.00785954
-0.00663619
-0.00565501
-0.00647784
-0.00570076
-0.00759503
-0.00615587
-0.00749424
-0.00626996
-0.00496325
-0.00530221
-0.00510946
-0.0059642
-0.00522749
-0.00603347
-0.00532578
-0.00549291
-0.00464428
-0.00471618
-0.00541628
-0.00485159
-0.00563179
-0.00539525
-0.00669806
-0.0076544
-0.00706245
-0.00818833
-0.00667164
-0.00794607
-0.00680852
-0.00648451
-0.00743214
-0.00646238
-0.00839855
-0.00634724
-0.00833212
-0.00673245
-0.00644922
-0.00736677
-0.00627407
-0.00826593
-0.00589581
-0.00820353
-0.00618594
-0.00636586
-0.00750949
-0.00648038
-0.00766146
-0.00594657
-0.00767213
-0.00624727
-0.00659158
-0.00639677
-0.00648954
-0.00637586
-0.00666348
-0.00670425
-0.00668966
-0.00760707
-0.0078956
-0.00751634
-0.00848824
-0.00713302
-0.00796025
-0.0080755
-0.00738614
-0.00783635
-0.00700482
-0.0087003
-0.00692814
-0.00781026
-0.00780459
-0.00620243
-0.00651531
-0.00628525
-0.00641397
-0.00635263
-0.00624887
-0.00654856
-0.00491771
-0.00559879
-0.00554263
-0.00579085
-0.00547686
-0.00407017
-0.00603682
-0.00714568
-0.00897017
-0.00879734
-0.00673973
-0.00941469
-0.00749382
-0.00753752
-0.00812087
-0.00782883
-0.00811071
-0.0083943
-0.0083926
-0.00773399
-0.00832714
-0.00780036
-0.00749286
-0.00772658
-0.00828676
-0.00786928
-0.0074616
-0.00810159
-0.00687121
-0.00664484
-0.0079669
-0.00692839
-0.00679532
-0.0051019
-0.00733094
-0.00873592
-0.00820681
-0.00839352
-0.00864056
-0.00838345
-0.00849466
-0.00868048
-0.00890595
-0.00913166
-0.0091191
-0.00852976
-0.00873261
-0.0087843
-0.00945038
-0.00830261
-0.0089453
-0.00852042
-0.0079156
-0.00820632
-0.00822307
-0.00894029
-0.00834194
-0.00812888
-0.00826371
-0.00797336
-0.00834875
-0.0080283
-0.00825501
-0.00771512
-0.00740696
-0.00779377
-0.00785062
-0.00768486
-0.00747474
-0.00770263
-0.00801549
-0.00847299
-0.00721449
-0.00919532
-0.00791931
-0.00897599
-0.00741176
-0.00732545
-0.00894424
-0.00716528
-0.00912455
-0.00764729
-0.00911519
-0.0070387
-0.00699621
-0.00869464
-0.00658999
-0.00854496
-0.00739303
-0.00893374
-0.00649592
-0.00743891
-0.00805304
-0.00668976
-0.0083503
-0.00757482
-0.00828869
-0.00667615
-0.00865408
-0.0072832
-0.00669986
-0.00718144
-0.00646985
-0.00665581
-0.00672774
-0.00664101
-0.00617721
-0.0063989
-0.00616203
-0.00634548
-0.00685049
-0.00638372
-0.00701839
-0.00712412
-0.00621229
-0.00745268
-0.00663323
-0.00719791
-0.00636422
-0.00601711
-0.0066482
-0.00536354
-0.00695671
-0.00569891
-0.00708881
-0.00591609
-0.00594799
-0.00596286
-0.00629713
-0.00583362
-0.00598524
-0.00583225
-0.00628565
-0.00616764
-0.00630465
-0.00617242
-0.00616453
-0.00616371
-0.00615124
-0.00620606
-0.00586441
-0.00698276
-0.00581688
-0.00753552
-0.00627928
-0.0073952
-0.00608666
-0.00528691
-0.00608265
-0.00518866
-0.00744316
-0.00566444
-0.00726115
-0.00581005
-0.00377951
-0.00525024
-0.00548578
-0.00487374
-0.00441772
-0.00667887
-0.00508896
-0.006139
-0.00621993
-0.00592518
-0.00615348
-0.00596956
-0.00597882
-0.00588988
-0.00581674
-0.00730678
-0.00586463
-0.00739289
-0.00608505
-0.00753346
-0.00627755
-0.00518239
-0.00646861
-0.00529471
-0.00726546
-0.00579976
-0.0074389
-0.00566437
-0.00617064
-0.00610123
-0.00659587
-0.00627702
-0.00668467
-0.00636237
-0.00627001
-0.00621044
-0.00682034
-0.00701376
-0.00718679
-0.00636101
-0.00744235
-0.00662942
-0.00534227
-0.00646243
-0.00604393
-0.00713474
-0.00590432
-0.00695363
-0.00569906
-0.00508653
-0.00281997
-0.00539364
-0.00548912
-0.00489577
-0.00439503
-0.00663835
-0.00721344
-0.0086828
-0.00803396
-0.00897072
-0.00741294
-0.00916992
-0.00793216
-0.00717249
-0.0083702
-0.00734553
-0.00911037
-0.00704774
-0.00911335
-0.00765546
-0.00659745
-0.00816348
-0.00701308
-0.00892206
-0.00649734
-0.00853429
-0.00739894
-0.0066899
-0.00849886
-0.00742335
-0.00829841
-0.00666998
-0.00833663
-0.00755409
-0.00651611
-0.00619972
-0.00630851
-0.00655082
-0.00661028
-0.00625815
-0.00664256
-0.00778316
-0.00775936
-0.00746342
-0.00773268
-0.00785712
-0.00782038
-0.00764974
-0.00819443
-0.00844563
-0.00884584
-0.00829721
-0.00858887
-0.00820133
-0.0085092
-0.00794981
-0.00754386
-0.00771449
-0.00765228
-0.00776004
-0.00755516
-0.00786554
-0.00867538
-0.00706408
-0.00742507
-0.00658549
-0.00506689
-0.0071615
-0.00723551
-0.009332
-0.00918284
-0.00839756
-0.00880366
-0.0093136
-0.00899317
-0.00883434
-0.00799507
-0.00873908
-0.0081823
-0.0081901
-0.00806987
-0.00942985
-0.00805543
-0.00897595
-0.00896881
-0.00904001
-0.00909687
-0.00893638
-0.00865301
-0.00872468
-0.00796546
-0.00736261
-0.00679958
-0.0083803
-0.00802133
-0.00722263
-0.00670755
-0.00781964
-0.00896037
-0.00759935
-0.00914046
-0.00777946
-0.00903119
-0.00748548
-0.00710323
-0.00833673
-0.0072419
-0.00793239
-0.00722302
-0.00852963
-0.00721472
-0.00722499
-0.00715771
-0.00613711
-0.00678784
-0.00707842
-0.00718488
-0.00614068
-0.00676983
-0.00734261
-0.00705365
-0.00700765
-0.00676647
-0.00712689
-0.00707101
-0.00714993
-0.00702669
-0.00732508
-0.00713132
-0.00697799
-0.00681231
-0.0068365
-0.00644446
-0.0077668
-0.00650307
-0.00773249
-0.00649719
-0.00771442
-0.00646332
-0.00590073
-0.00761255
-0.0059789
-0.00683487
-0.00597293
-0.00754653
-0.00624852
-0.00597139
-0.00480098
-0.0048867
-0.00568248
-0.0052655
-0.00493086
-0.00613781
-0.00390443
-0.00360802
-0.00451036
-0.00484068
-0.00379187
-0.00381686
-0.00496401
-0.00650357
-0.00792111
-0.00644125
-0.00771134
-0.00646505
-0.00772821
-0.00649595
-0.00596052
-0.00715971
-0.00596311
-0.00764018
-0.00617916
-0.00693845
-0.005992
-0.006797
-0.00823007
-0.00795334
-0.0072182
-0.00670552
-0.00836985
-0.00801488
-0.00759014
-0.0090574
-0.00781378
-0.00903384
-0.00747188
-0.00912994
-0.00776986
-0.00721598
-0.00800732
-0.00708201
-0.0085362
-0.00709802
-0.00797415
-0.007027
-0.00609629
-0.00697492
-0.00728631
-0.00731491
-0.00590686
-0.00705391
-0.00727235
-0.00683401
-0.00430146
-0.00521635
-0.00593866
-0.00484533
-0.00591645
-0.0063227
-0.00842218
-0.00790226
-0.00808615
-0.00807836
-0.00849169
-0.00793156
-0.00810602
-0.0090405
-0.00908677
-0.00852369
-0.00878149
-0.00893755
-0.00932532
-0.00886033
-0.0088863
-0.00838227
-0.00885691
-0.00893463
-0.00898762
-0.00825233
-0.00886536
-0.00896373
-0.00795892
-0.00826885
-0.00884418
-0.00814299
-0.00867261
-0.00954955
-0.00901202
-0.00888713
-0.00919286
-0.00902275
-0.00898173
-0.00857356
-0.00857136
-0.00770863
-0.0083722
-0.00796088
-0.00812849
-0.00764035
-0.00832493
-0.00798052
-0.00802096
-0.00717531
-0.00668476
-0.00846912
-0.00799504
-0.00727173
-0.00674609
-0.00776914
-0.0090342
-0.00746702
-0.00910519
-0.0078047
-0.00896551
-0.00758243
-0.00721744
-0.00853204
-0.00721114
-0.00797012
-0.00710462
-0.00833906
-0.0072537
-0.00705399
-0.00718904
-0.00613534
-0.00678212
-0.00697334
-0.00714544
-0.00611382
-0.00663188
-0.00698689
-0.00699691
-0.00684172
-0.00668335
-0.00690253
-0.0069772
-0.00676678
-0.00636803
-0.00641117
-0.0066141
-0.00610745
-0.00608355
-0.00622689
-0.00646959
-0.00758539
-0.00640409
-0.00777431
-0.0063885
-0.00760354
-0.00644016
-0.00598848
-0.00757597
-0.00627636
-0.00713917
-0.0059386
-0.00765535
-0.00605174
-0.00503787
-0.00482748
-0.00524588
-0.00531483
-0.00479908
-0.00529576
-0.00529278
-0.00520983
-0.00487578
-0.00494802
-0.00508643
-0.00484783
-0.00526094
-0.00506872
-0.00640685
-0.00762203
-0.00646603
-0.00760157
-0.00644366
-0.00777244
-0.00638616
-0.00621441
-0.00695015
-0.00601373
-0.00770289
-0.00604713
-0.00718722
-0.00599988
-0.00733259
-0.00690128
-0.00750766
-0.00681641
-0.00731454
-0.00675583
-0.00736537
-0.00668637
-0.00839401
-0.00801285
-0.00726036
-0.00674741
-0.00846417
-0.00799698
-0.00745282
-0.00915404
-0.00776222
-0.00896076
-0.00757018
-0.00909783
-0.00779808
-0.00709851
-0.00796862
-0.00702131
-0.00835766
-0.0072334
-0.00798273
-0.00708686
-0.00591048
-0.00702183
-0.00723994
-0.00726241
-0.00610012
-0.00688554
-0.00702148
-0.00663575
-0.00620258
-0.00622805
-0.00619543
-0.00663825
-0.00619157
-0.00627684
-0.00846534
-0.00800041
-0.00812793
-0.00826843
-0.00841932
-0.0080144
-0.00821667
-0.00903975
-0.0088081
-0.00933232
-0.0094139
-0.00911805
-0.00878897
-0.0092586
-0.0087572
-0.00829357
-0.00906036
-0.00899722
-0.00874239
-0.00830458
-0.00901632
-0.00868779
-0.00841518
-0.00848294
-0.00823141
-0.00866387
-0.00860367
-0.00828518
-0.00891549
-0.00904687
-0.00889059
-0.00884687
-0.00880527
-0.00852029
-0.00872537
-0.00835817
-0.00843887
-0.00855847
-0.0080233
-0.00841139
-0.00783894
-0.00835007
-0.00789421
-0.00903699
-0.00738766
-0.0087304
-0.0079518
-0.00854442
-0.00716065
-0.0076483
-0.00912661
-0.00702822
-0.00837509
-0.00730598
-0.00895698
-0.00715181
-0.00745273
-0.00891924
-0.00651535
-0.00819007
-0.00708078
-0.00868544
-0.00660724
-0.00754969
-0.00829246
-0.00667442
-0.00851414
-0.00746917
-0.00806099
-0.0067077
-0.00619667
-0.00593337
-0.00575181
-0.00625664
-0.00576006
-0.00603034
-0.0059397
-0.00663268
-0.00705685
-0.00631844
-0.006865
-0.00710124
-0.0071597
-0.00625613
-0.00569196
-0.0071631
-0.00595799
-0.00646718
-0.00594855
-0.00666719
-0.00534142
-0.00748395
-0.00673617
-0.00584329
-0.00591538
-0.00569735
-0.00634163
-0.00658391
-0.00625137
-0.00727586
-0.00606048
-0.00727648
-0.00587342
-0.00693525
-0.00582614
-0.00571769
-0.00740137
-0.00581902
-0.0065158
-0.00527894
-0.00615188
-0.00518129
-0.00605967
-0.00741082
-0.0062499
-0.00693425
-0.00582363
-0.00727681
-0.00587135
-0.00581485
-0.00753533
-0.00572559
-0.00615899
-0.00518104
-0.00651933
-0.00528526
-0.00560246
-0.00564217
-0.00570822
-0.00604322
-0.00567705
-0.00584876
-0.0058627
-0.00632486
-0.00739507
-0.00662743
-0.00716001
-0.0062577
-0.0068576
-0.00709545
-0.00595648
-0.00698838
-0.00570153
-0.00669307
-0.00534165
-0.00647907
-0.00598098
-0.00738524
-0.00929558
-0.00788612
-0.00853724
-0.00714092
-0.00871869
-0.00797505
-0.00701358
-0.0091225
-0.00767516
-0.00890262
-0.00713142
-0.00829693
-0.00733625
-0.00652165
-0.00855212
-0.00746678
-0.00872002
-0.00660204
-0.00803344
-0.00714162
-0.00668241
-0.00829188
-0.00756652
-0.00805934
-0.00670434
-0.00851465
-0.00746039
-0.00633805
-0.00631962
-0.00666179
-0.0065136
-0.00653608
-0.0061383
-0.00639415
-0.00813706
-0.00556131
-0.00642152
-0.00639584
-0.00348799
-0.00700186
-0.00696509
-0.00765938
-0.00762506
-0.00769915
-0.00728407
-0.00790227
-0.00757717
-0.00746872
-0.00711041
-0.00728884
-0.00723349
-0.00697417
-0.00752836
-0.00706498
-0.00704118
-0.00923609
-0.00925893
-0.00995311
-0.00912438
-0.00918499
-0.00945613
-0.00898728
-0.010849
-0.00811844
-0.00776363
-0.0078547
-0.00873701
-0.00897643
-0.00764527
-0.00833699
-0.008631
-0.00870747
-0.00823772
-0.00807825
-0.00846152
-0.00836555
-0.00803373
-0.0079559
-0.00748452
-0.00761815
-0.00737019
-0.00761583
-0.00801001
-0.00800441
-0.00848543
-0.00709562
-0.00758326
-0.00736912
-0.00741649
-0.00754953
-0.00786967
-0.00865836
-0.00692783
-0.00771467
-0.00735478
-0.00735218
-0.00734951
-0.00717557
-0.00711358
-0.00704338
-0.0069373
-0.00692527
-0.00698588
-0.00692418
-0.00623458
-0.0071203
-0.00643814
-0.00659852
-0.00592551
-0.00718693
-0.00335214
-0.00684204
-0.0083563
-0.00676254
-0.00771221
-0.00716728
-0.00773528
-0.00687597
-0.0067249
-0.0084618
-0.00636799
-0.00743415
-0.0064711
-0.00781118
-0.00653748
-0.00613134
-0.00817478
-0.00581915
-0.00722753
-0.00612526
-0.00725369
-0.0063035
-0.00626762
-0.00755456
-0.00593941
-0.00745524
-0.00651259
-0.00695284
-0.00637297
-0.00549447
-0.00584596
-0.00586226
-0.00551695
-0.0056154
-0.0055903
-0.00559619
-0.00599277
-0.00600568
-0.00582759
-0.00661625
-0.00665421
-0.00638996
-0.00659556
-0.00672922
-0.00801177
-0.00649739
-0.00736451
-0.00648246
-0.00735249
-0.00637287
-0.00621791
-0.00748245
-0.00595722
-0.00635518
-0.00566084
-0.00624937
-0.00541438
-0.00514008
-0.00609034
-0.00485995
-0.00543208
-0.00529335
-0.00533815
-0.00543909
-0.00344108
-0.00333089
-0.00401658
-0.00450018
-0.00476779
-0.00327155
-0.00437186
-0.00590386
-0.00571125
-0.00583298
-0.00554218
-0.00572478
-0.00513476
-0.00562463
-0.00582717
-0.00626216
-0.00599214
-0.00638924
-0.00659275
-0.00661408
-0.00665406
-0.00649653
-0.00804889
-0.00672607
-0.00736026
-0.00637308
-0.00735709
-0.00648333
-0.00595567
-0.0074064
-0.00621683
-0.00624759
-0.00541329
-0.00635511
-0.00565959
-0.00485846
-0.00615174
-0.00514048
-0.00533893
-0.00543847
-0.00543249
-0.00529509
-0.0053938
-0.00507764
-0.00425842
-0.00365201
-0.00508171
-0.00536081
-0.00366914
-0.0067631
-0.00806302
-0.00682902
-0.00776472
-0.00686778
-0.00770516
-0.00718911
-0.00634168
-0.00832584
-0.00670545
-0.00784861
-0.00650943
-0.00738187
-0.00650714
-0.00583374
-0.00819764
-0.00614169
-0.00726832
-0.00631504
-0.00709416
-0.0061983
-0.00593804
-0.00759594
-0.00626657
-0.00694604
-0.00636818
-0.00744825
-0.00652817
-0.00537219
-0.00534727
-0.00583099
-0.0054513
-0.00538918
-0.00519581
-0.00538794
-0.000308361
-0.00323931
-0.00462519
-0.00498191
-0.00392332
-0.00386023
-0.00360672
-0.00734623
-0.00714821
-0.00717899
-0.00723859
-0.00735586
-0.00738296
-0.00717669
-0.00695345
-0.00776326
-0.00787532
-0.00730851
-0.00741923
-0.00766909
-0.00815385
-0.006881
-0.00787293
-0.00791164
-0.00737529
-0.00736425
-0.00695642
-0.00753325
-0.00787619
-0.00839395
-0.00770686
-0.0079645
-0.00775533
-0.00859625
-0.00938583
-0.0085233
-0.00822433
-0.0083484
-0.00829178
-0.00825287
-0.00801872
-0.00840782
-0.00801401
-0.00789921
-0.00829348
-0.00801555
-0.00809721
-0.00786793
-0.00807515
-0.0081333
-0.00894821
-0.00997598
-0.00835457
-0.00893429
-0.00839448
-0.00801841
-0.00838812
-0.00875003
-0.00860291
-0.00830542
-0.00882509
-0.00834899
-0.0082712
-0.0082871
-0.00842077
-0.0087918
-0.00825706
-0.00832925
-0.00828566
-0.00913006
-0.00727233
-0.00730803
-0.00717753
-0.00705524
-0.0075359
-0.00699553
-0.00740867
-0.00705225
-0.00723292
-0.00764556
-0.00707313
-0.00708153
-0.00768861
-0.00729687
-0.00719705
-0.00738404
-0.00770028
-0.00710104
-0.00713815
-0.00766873
-0.00729776
-0.00652884
-0.0071587
-0.00749742
-0.00706022
-0.00673814
-0.00903011
-0.007389
-0.00712948
-0.0069169
-0.00642698
-0.00614139
-0.00674666
-0.00674235
-0.00703137
-0.00683675
-0.00731159
-0.00693267
-0.00661248
-0.00688982
-0.00653124
-0.00709391
-0.00669178
-0.00613468
-0.00607527
-0.00599399
-0.00594989
-0.00730416
-0.0058901
-0.00478378
-0.00578623
-0.00572861
-0.00584526
-0.00604787
-0.00444324
-0.00566468
-0.00613788
-0.00616931
-0.00600472
-0.00601689
-0.00607409
-0.00627826
-0.00588433
-0.00610363
-0.00597424
-0.00614002
-0.00588124
-0.0060035
-0.00625563
-0.00613147
-0.00622056
-0.00587537
-0.00574348
-0.00578071
-0.00587212
-0.00609495
-0.00562414
-0.00532892
-0.0052
-0.00527694
-0.00503492
-0.00534189
-0.00535204
-0.00518322
-0.00719789
-0.00704057
-0.00694414
-0.00677262
-0.00711249
-0.00701513
-0.00559439
-0.00714866
-0.00703032
-0.00737052
-0.00707346
-0.00718539
-0.00692915
-0.00696378
-0.00678694
-0.00684867
-0.00710539
-0.00673326
-0.00692767
-0.00665859
-0.00681536
-0.00519768
-0.00776208
-0.00760457
-0.00783459
-0.00733256
-0.00711616
-0.00769655
-0.00716111
-0.00774691
-0.00786627
-0.00763807
-0.00749011
-0.00741294
-0.00763296
-0.00639623
-0.00676633
-0.0066578
-0.00655586
-0.00662233
-0.00671289
-0.00633566
-0.00522555
-0.00528272
-0.00514569
-0.00502126
-0.00530843
-0.00458418
-0.00428176
-0.00494918
-0.00538911
-0.00555139
-0.00542828
-0.00523412
-0.00544545
-0.00534338
-0.004889
-0.00470869
-0.00529256
-0.00490848
-0.00458989
-0.00522588
-0.00465514
-0.00685236
-0.00632425
-0.00395616
-0.00483584
-0.006981
-0.00543254
-0.00307292
-0.00627746
-0.00531968
-0.00615779
-0.00579285
-0.00540372
-0.00644814
-0.00568936
-0.00428449
-0.00448732
-0.0053661
-0.0044707
-0.00456345
-0.00427832
-0.00455017
-0.00351649
-0.00326476
-0.00810498
-0.00946991
-0.00350188
-0.00330664
-0.0092352
-0.00573858
-0.00560264
-0.00563895
-0.00573131
-0.00540407
-0.00598016
-0.00483298
-0.00352081
-0.00330607
-0.0055343
-0.00652414
-0.00513827
-0.000809502
-0.00567922
-0.00667175
-0.00683421
-0.00706962
-0.00680971
-0.0070713
-0.00733401
-0.00734383
-0.00621359
-0.00623734
-0.00612961
-0.00549956
-0.00614357
-0.00588839
-0.00599749
-0.00332109
-0.00505692
-0.00529921
-0.00491133
-0.00477671
-0.00368625
-0.00875825
-0.00407724
-0.00562703
-0.00672523
-0.00538926
-0.00938981
-0.00409914
-0.00544468
-0.00636264
-0.00421282
-0.00544078
-0.00678519
-0.00455832
-0.00547252
-0.0065103
-0.00734531
-0.00694383
-0.0071999
-0.0068268
-0.0074938
-0.00674123
-0.0068309
-0.00689702
-0.0066064
-0.00684083
-0.00695355
-0.00706165
-0.00639949
-0.00691743
-0.00707965
-0.00771526
-0.00759435
-0.00680712
-0.00811955
-0.0077963
-0.0072834
-0.00848837
-0.00595844
-0.00709354
-0.00692076
-0.00423748
-0.00734458
-0.00697734
-0.00402092
-0.0070864
-0.00685155
-0.00382957
-0.0062608
-0.00136716
-0.00580241
-0.00600225
-0.00633509
-0.00577758
-0.00578742
-0.0056338
-0.00519151
-0.00540681
-0.00576336
-0.0031608
-0.00600366
-0.00632967
-0.00567356
-0.00506717
-0.00691803
-0.00550966
-0.00466644
-0.00623644
-0.00515788
-0.00592156
-0.00558401
-0.00458176
-0.00647549
-0.00673685
-0.00664067
-0.00678604
-0.0065301
-0.00659767
-0.00674239
-0.0063451
-0.00636055
-0.00671993
-0.00645906
-0.00672246
-0.00621138
-0.00632747
-0.00704047
-0.00746025
-0.00681429
-0.00682349
-0.00682554
-0.0073855
-0.00702784
-0.00730339
-0.00695231
-0.00656637
-0.00624041
-0.00652032
-0.00660626
-0.00685785
-0.00591422
-0.00654265
-0.00553297
-0.00573369
-0.00548509
-0.00525702
-0.00651203
-0.00145799
-0.00473574
-0.00541905
-0.00535064
-0.00560359
-0.00516278
-0.0039931
-0.00800499
-0.0058582
-0.00729064
-0.00547919
-0.00643572
-0.00348479
-0.00807542
-0.00191955
-0.00982811
-0.00891304
-0.00305438
-0.00961422
-0.00164722
-0.00333464
-0.00416496
-0.00549377
-0.00521608
-0.00631295
-0.00469806
-0.00500411
-0.00672984
-0.00785665
-0.00388687
-0.00412772
-0.00765832
-0.00740586
-0.00385595
-0.00811361
-0.00464327
-0.00541897
-0.00528366
-0.00505303
-0.0048237
-0.0052557
-0.00553472
-0.00437607
-0.00371033
-0.00519887
-0.00486954
-0.00378446
-0.00431183
-0.004856
-0.00435445
-0.00508512
-0.00516127
-0.00537255
-0.005107
-0.00424773
-0.00546369
-0.00632654
-0.0054626
-0.00588128
-0.00569622
-0.00657081
-0.00532027
-0.00568687
-0.00621469
-0.00507086
-0.00562629
-0.00560295
-0.00519528
-0.00617701
-0.00560772
-0.00643661
-0.00655677
-0.00571883
-0.00590235
-0.00660249
-0.00661289
-0.00602542
-0.00543704
-0.00614681
-0.00566991
-0.00524734
-0.0057406
-0.00593451
-0.00582324
-0.00573448
-0.00502515
-0.00520643
-0.00574532
-0.00578797
-0.00503932
-0.00571906
-0.00441125
-0.00455328
-0.00503184
-0.00460335
-0.0051282
-0.00472778
-0.00588675
-0.00589809
-0.00526501
-0.00484799
-0.00456642
-0.00536347
-0.00592402
-0.00459038
-0.00191922
-0.00982895
-0.00305552
-0.00891596
-0.00164804
-0.00961616
-0.0033345
-0.00801466
-0.00585905
-0.00546386
-0.0073245
-0.003473
-0.00644734
-0.00808121
-0.00785857
-0.00388691
-0.00765877
-0.00412655
-0.00740904
-0.00811394
-0.00385564
-0.0041457
-0.00547607
-0.00630688
-0.00521477
-0.00469614
-0.00671592
-0.00498248
-0.00437603
-0.00370948
-0.00486896
-0.00519793
-0.00431112
-0.00378334
-0.00485558
-0.00435654
-0.00508485
-0.00537254
-0.00516116
-0.00424803
-0.00510706
-0.00546368
-0.00463898
-0.0054176
-0.00505202
-0.00528124
-0.00525431
-0.0048207
-0.00553285
-0.00621406
-0.00507075
-0.00560265
-0.00562646
-0.00617669
-0.00519486
-0.00560697
-0.00643555
-0.00655635
-0.0059021
-0.00571808
-0.00661261
-0.00660115
-0.00602476
-0.00632562
-0.0054626
-0.00569779
-0.00588126
-0.00531998
-0.00657034
-0.0056853
-0.00573548
-0.00502578
-0.00574551
-0.00520783
-0.00578854
-0.00571941
-0.00504106
-0.0054387
-0.00614381
-0.00525013
-0.00566973
-0.00574131
-0.00583335
-0.0059348
-0.00590312
-0.00526639
-0.00456726
-0.00484991
-0.00459304
-0.00592541
-0.00536632
-0.00440949
-0.00454076
-0.0046003
-0.00501887
-0.00586644
-0.00472446
-0.00512023
-0.00406785
-0.00706285
-0.00381001
-0.00683388
-0.00134716
-0.00622658
-0.00585123
-0.00573537
-0.00313851
-0.00632519
-0.00597393
-0.00565333
-0.00690395
-0.00504491
-0.00600518
-0.00633489
-0.00578716
-0.00577995
-0.00563444
-0.00540618
-0.00519326
-0.00550585
-0.00466571
-0.00515614
-0.00623635
-0.00592038
-0.0045762
-0.00558229
-0.00646858
-0.00673513
-0.00678443
-0.00663639
-0.00652638
-0.00674411
-0.00659391
-0.00634546
-0.00636033
-0.00645912
-0.00672024
-0.00672322
-0.00632709
-0.00621394
-0.00703978
-0.00745763
-0.00682447
-0.00682277
-0.00682952
-0.00702396
-0.00738076
-0.00592087
-0.00653528
-0.00573263
-0.00553721
-0.00548577
-0.00651611
-0.00525534
-0.00730663
-0.00696244
-0.00623947
-0.00655263
-0.00650996
-0.00685523
-0.00662214
-0.00145829
-0.00472158
-0.00533345
-0.00542554
-0.00397673
-0.00515605
-0.00560672
-0.00407644
-0.00562468
-0.00538903
-0.0067237
-0.00409871
-0.00938766
-0.00544204
-0.00635929
-0.00420828
-0.00678413
-0.00543524
-0.00650571
-0.00546954
-0.00455493
-0.00734489
-0.00694614
-0.00682182
-0.00719333
-0.00674191
-0.00749192
-0.00682178
-0.00690213
-0.00661157
-0.006955
-0.00683687
-0.00691947
-0.00640379
-0.00706949
-0.00707455
-0.00771209
-0.00682476
-0.00762288
-0.00779272
-0.008151
-0.00731243
-0.00855405
-0.00597776
-0.00688622
-0.00706409
-0.00691665
-0.00739037
-0.0042786
-0.00918449
-0.00736121
-0.00756384
-0.00665542
-0.00533748
-0.00745185
-0.00725325
-0.00439295
-0.00800815
-0.00760647
-0.00741621
-0.00750872
-0.00681447
-0.00707533
-0.0072559
-0.00714587
-0.00789554
-0.00857938
-0.00751264
-0.00947727
-0.00832614
-0.00562355
-0.00639538
-0.00620534
-0.00664121
-0.0060126
-0.00486243
-0.00717509
-0.00900922
-0.00701294
-0.00811372
-0.00680746
-0.00783141
-0.00698763
-0.00746397
-0.00734838
-0.00680695
-0.00735444
-0.0071647
-0.00718977
-0.00708754
-0.00752363
-0.00724451
-0.00707806
-0.00751758
-0.00758407
-0.0073126
-0.00702677
-0.00770291
-0.00725687
-0.00748622
-0.00669834
-0.00688058
-0.00728819
-0.00722068
-0.00699235
-0.00738624
-0.00755199
-0.00756837
-0.00781648
-0.00794003
-0.00741488
-0.00724839
-0.00746867
-0.00759183
-0.0076784
-0.00732085
-0.00746702
-0.00727019
-0.00759556
-0.00729599
-0.00677998
-0.00723744
-0.00724275
-0.00724303
-0.00720989
-0.00686357
-0.00719398
-0.00733457
-0.0073186
-0.00786556
-0.00754781
-0.0074493
-0.00709113
-0.00725376
-0.00731701
-0.0074977
-0.0068713
-0.00728748
-0.00695936
-0.00744062
-0.00723791
-0.00673666
-0.00657959
-0.00697564
-0.00722341
-0.00665479
-0.00675886
-0.00666606
-0.00691593
-0.00715528
-0.00672791
-0.0069678
-0.00663712
-0.00675803
-0.00651876
-0.00609121
-0.00636854
-0.00674836
-0.00626292
-0.00644344
-0.00676539
-0.00647815
-0.00743253
-0.00655884
-0.00644428
-0.00600672
-0.0035652
-0.00719904
-0.00564517
-0.0054234
-0.00578029
-0.00584699
-0.00573839
-0.00415835
-0.00573377
-0.00519819
-0.00627457
-0.00631952
-0.00625074
-0.0048947
-0.00604309
-0.00648112
-0.00557472
-0.0059083
-0.00623304
-0.00537529
-0.00587288
-0.00584343
-0.00632094
-0.00718965
-0.00655066
-0.00686643
-0.00697783
-0.00734189
-0.00660454
-0.00676332
-0.00641656
-0.00638602
-0.00661246
-0.00644863
-0.00645905
-0.00644498
-0.00647583
-0.00560842
-0.00601957
-0.00573552
-0.00604933
-0.00589971
-0.00590544
-0.00567802
-0.00504994
-0.00577061
-0.00566675
-0.00465269
-0.0055216
-0.00573411
-0.00577095
-0.00553322
-0.00558662
-0.00568091
-0.0054902
-0.00556262
-0.00542821
-0.00554421
-0.00451242
-0.00552349
-0.00570004
-0.00553261
-0.0054517
-0.00415875
-0.00573268
-0.00508708
-0.00486048
-0.00514834
-0.00510738
-0.00502168
-0.00509165
-0.00510814
-0.00578267
-0.00626188
-0.00586879
-0.00577977
-0.00629954
-0.00580639
-0.00499718
-0.00600176
-0.00527728
-0.00598025
-0.00564851
-0.00614855
-0.00592233
-0.00583998
-0.00622989
-0.00503114
-0.00546409
-0.00595561
-0.00512934
-0.00634187
-0.00592475
-0.00496813
-0.00518544
-0.00487712
-0.00519383
-0.00434102
-0.00519362
-0.0049606
-0.00496486
-0.0050287
-0.00517191
-0.00486178
-0.0051489
-0.00466173
-0.00509465
-0.00490846
-0.00451325
-0.00505667
-0.0050572
-0.00470203
-0.00497997
-0.00510331
-0.00577313
-0.00587164
-0.00626557
-0.00578053
-0.0062955
-0.00500435
-0.00580755
-0.00622996
-0.00503377
-0.00595656
-0.00546635
-0.00634172
-0.00513155
-0.00592468
-0.00599709
-0.00527359
-0.00565913
-0.00597859
-0.00593256
-0.00615394
-0.00584256
-0.00491091
-0.00451387
-0.00505745
-0.00505637
-0.00498096
-0.0047024
-0.00510411
-0.00497056
-0.00503838
-0.0048629
-0.00517759
-0.00466561
-0.00515715
-0.00509762
-0.00519682
-0.00628082
-0.00625922
-0.0063104
-0.00605493
-0.00491284
-0.00647593
-0.00639071
-0.00638813
-0.00648135
-0.00658563
-0.0064845
-0.00637331
-0.00647759
-0.00556297
-0.00625562
-0.00592489
-0.00590397
-0.0054049
-0.00588161
-0.00635073
-0.007195
-0.00655505
-0.00700847
-0.00686967
-0.00664374
-0.00734948
-0.00678387
-0.00555136
-0.00559593
-0.00549964
-0.00568957
-0.00544188
-0.00557199
-0.00555774
-0.00562475
-0.00602567
-0.00605519
-0.00574776
-0.00590776
-0.00591779
-0.00569317
-0.00504821
-0.00570538
-0.00579296
-0.00559657
-0.00465958
-0.00576025
-0.00579646
-0.00508417
-0.00486648
-0.00511381
-0.00516405
-0.00511854
-0.00508995
-0.00503137
-0.00450887
-0.00552934
-0.00555432
-0.00571134
-0.00574866
-0.00414595
-0.00545067
-0.00563692
-0.00639407
-0.00665478
-0.00621769
-0.00602836
-0.00717034
-0.00487341
-0.00724915
-0.00713925
-0.00858731
-0.00787896
-0.00750284
-0.00833329
-0.00946437
-0.00734922
-0.00680248
-0.00716738
-0.00735212
-0.00708717
-0.00718017
-0.00752475
-0.00723977
-0.00707626
-0.00758221
-0.00751692
-0.00702125
-0.00731059
-0.00770037
-0.00900645
-0.00811577
-0.00700849
-0.00783111
-0.00679923
-0.00698026
-0.00746809
-0.00725714
-0.00669772
-0.00748934
-0.00688221
-0.00728488
-0.00699073
-0.00722245
-0.00738601
-0.00754839
-0.00781284
-0.00756827
-0.00741079
-0.00794079
-0.00724538
-0.00746786
-0.00759843
-0.00732649
-0.00768183
-0.00727612
-0.00747064
-0.00759547
-0.00723052
-0.00734437
-0.00787045
-0.00732872
-0.00745655
-0.00756308
-0.00709947
-0.00725861
-0.00732606
-0.0068734
-0.00751194
-0.00697671
-0.00730339
-0.00744877
-0.00674135
-0.00690371
-0.00674817
-0.00713552
-0.00664171
-0.00692315
-0.00680464
-0.00654306
-0.00610342
-0.00674163
-0.00638442
-0.00642467
-0.00628206
-0.00677711
-0.00721853
-0.00656491
-0.00672177
-0.00720825
-0.00696302
-0.00665902
-0.00675297
-0.00565707
-0.00543315
-0.00586424
-0.00579396
-0.00575134
-0.00574999
-0.00416695
-0.00646795
-0.0073948
-0.00644118
-0.00653679
-0.00598683
-0.00718991
-0.00354685
-0.00917645
-0.00735188
-0.00664391
-0.00754724
-0.0072429
-0.00744065
-0.0053245
-0.00800578
-0.00873426
-0.00788729
-0.00885366
-0.0078635
-0.00936187
-0.0079612
-0.0068895
-0.00739461
-0.00738686
-0.00739001
-0.00725148
-0.00717912
-0.00754832
-0.00437101
-0.00799531
-0.00741049
-0.00756198
-0.00681642
-0.0074698
-0.00705177
-0.00909899
-0.00948322
-0.010101
-0.00896057
-0.0103178
-0.0088445
-0.00888086
-0.00902238
-0.00843824
-0.00854901
-0.00951236
-0.00821542
-0.00892112
-0.00963806
-0.00861688
-0.00863643
-0.0088363
-0.00868615
-0.00876782
-0.0084963
-0.00884151
-0.00846005
-0.00841472
-0.0086441
-0.0086141
-0.00854939
-0.00855599
-0.00847344
-0.00798421
-0.0084373
-0.00934303
-0.00836178
-0.00835475
-0.00793387
-0.00859324
-0.0106911
-0.00803568
-0.00809423
-0.00787133
-0.00871603
-0.00913757
-0.00782264
-0.00760598
-0.00718214
-0.00766641
-0.00815004
-0.00750781
-0.00899925
-0.00804088
-0.00813326
-0.00762104
-0.0088587
-0.00785741
-0.00778797
-0.00626237
-0.00810136
-0.008993
-0.00715075
-0.00880977
-0.00675925
-0.00944469
-0.00750307
-0.00752061
-0.00876977
-0.00827083
-0.00823557
-0.00834483
-0.00813652
-0.00846708
-0.00860784
-0.00858691
-0.00841432
-0.00854542
-0.00875448
-0.00855766
-0.00862063
-0.00859546
-0.0081313
-0.00811381
-0.0078271
-0.00837198
-0.00838955
-0.00829652
-0.0077281
-0.0081332
-0.00796172
-0.00788464
-0.00775734
-0.00793841
-0.00789672
-0.00807376
-0.00843546
-0.00873656
-0.0083689
-0.00823938
-0.00858467
-0.0082399
-0.008583
-0.00779186
-0.00771251
-0.00748235
-0.00827427
-0.00785807
-0.00808544
-0.00745611
-0.00788951
-0.00770557
-0.00767686
-0.00730607
-0.00758207
-0.00774222
-0.00783938
-0.00818205
-0.00816992
-0.00852239
-0.0086419
-0.00858934
-0.00830689
-0.00793287
-0.00736558
-0.0070217
-0.00697976
-0.00752642
-0.00732917
-0.00739543
-0.00699903
-0.00773854
-0.00787762
-0.00802583
-0.00763333
-0.00785852
-0.00759725
-0.00767829
-0.0077332
-0.00732127
-0.00757829
-0.00776344
-0.00758594
-0.00760315
-0.00747283
-0.00697457
-0.00797179
-0.00669648
-0.00692859
-0.00685399
-0.00517535
-0.00734809
-0.00686393
-0.00693429
-0.00684539
-0.00734921
-0.00657155
-0.00836028
-0.00745731
-0.0065661
-0.00624792
-0.00629942
-0.00646338
-0.00634008
-0.00504853
-0.00652914
-0.00718832
-0.00719011
-0.00840594
-0.00710552
-0.00678145
-0.00431283
-0.00803431
-0.00489954
-0.00552796
-0.00558988
-0.00577656
-0.0054592
-0.00602956
-0.00405459
-0.00646898
-0.00701321
-0.00650648
-0.00754692
-0.00667184
-0.00735574
-0.00877587
-0.002076
-0.00629914
-0.00608593
-0.00577299
-0.00464243
-0.00582618
-0.00614474
-0.00576641
-0.00636665
-0.0062752
-0.0061849
-0.00551573
-0.00632577
-0.00638342
-0.00618124
-0.00654908
-0.00660236
-0.00638993
-0.00627326
-0.00638224
-0.006317
-0.00614939
-0.00613709
-0.00619716
-0.00645576
-0.00614405
-0.0061487
-0.00637784
-0.00625412
-0.00566055
-0.00584308
-0.00615606
-0.00654027
-0.00569734
-0.00579037
-0.00582651
-0.0055955
-0.00611588
-0.00558204
-0.00541238
-0.00566479
-0.00554623
-0.00337377
-0.00314153
-0.00590277
-0.00622964
-0.0053015
-0.000702715
-0.00540803
-0.0056605
-0.00582555
-0.00524928
-0.00549925
-0.00563476
-0.0056882
-0.006744
-0.00709609
-0.00510759
-0.00585946
-0.00606595
-0.0051173
-0.00705149
-0.00620017
-0.00562749
-0.00567
-0.00563814
-0.00584516
-0.00545452
-0.00580314
-0.00569804
-0.00552453
-0.00582571
-0.00544242
-0.00560169
-0.00553248
-0.00565308
-0.00571068
-0.00610835
-0.00524957
-0.00604636
-0.00560821
-0.00508433
-0.00607865
-0.00571297
-0.00550056
-0.00472421
-0.0046504
-0.00541905
-0.00486631
-0.00539856
-0.00563558
-0.00486192
-0.00526459
-0.00545414
-0.00551176
-0.00564666
-0.0042843
-0.00546042
-0.00698072
-0.00638236
-0.00507278
-0.00425668
-0.00257845
-0.0055207
-0.00704816
-0.00289806
-0.00199851
-0.00770643
-0.00992038
-0.00226353
-0.00291368
-0.00944662
-0.00709531
-0.00510908
-0.00606829
-0.00585993
-0.0070508
-0.00511627
-0.00620567
-0.00565001
-0.00580612
-0.00548648
-0.0052612
-0.0056756
-0.00564719
-0.00670971
-0.00552702
-0.00544521
-0.00582928
-0.00560417
-0.00554201
-0.00571241
-0.00565508
-0.00563627
-0.00565266
-0.00569859
-0.00585153
-0.0054706
-0.00570739
-0.00581401
-0.00610441
-0.00524779
-0.00561121
-0.00604318
-0.00608038
-0.00507813
-0.00570968
-0.00518249
-0.00490726
-0.00479334
-0.00549851
-0.00555366
-0.0053805
-0.00530232
-0.00485273
-0.00526671
-0.00551028
-0.00545385
-0.00427626
-0.00560131
-0.0054583
-0.0027862
-0.00200356
-0.00994134
-0.00776973
-0.00959133
-0.0028795
-0.00226478
-0.00701094
-0.0063862
-0.00427441
-0.00507304
-0.00706884
-0.00554499
-0.00263122
-0.00202885
-0.00625517
-0.00574129
-0.00607714
-0.00578637
-0.00462254
-0.00607978
-0.00637334
-0.00576752
-0.00629176
-0.00620735
-0.00550297
-0.00631598
-0.00638701
-0.00608123
-0.00613846
-0.00646607
-0.00621698
-0.0061395
-0.00613055
-0.00640464
-0.0061782
-0.00648852
-0.00638598
-0.00661119
-0.00638501
-0.00623721
-0.00628837
-0.00548583
-0.005356
-0.0052654
-0.00469638
-0.00525387
-0.00517009
-0.00539415
-0.00573429
-0.00556801
-0.00557258
-0.00611154
-0.00562519
-0.00551831
-0.00550813
-0.00619241
-0.00568207
-0.00615397
-0.00584627
-0.00571
-0.00656332
-0.00576181
-0.00336556
-0.00314047
-0.00623363
-0.00589633
-0.0054134
-0.000714931
-0.0052725
-0.00656208
-0.00628998
-0.00625202
-0.00646711
-0.00634613
-0.00504276
-0.00652371
-0.00717213
-0.00725113
-0.00710577
-0.00834332
-0.0067719
-0.00428648
-0.00802077
-0.00644022
-0.00699985
-0.00752332
-0.00647001
-0.00665225
-0.00875384
-0.00734778
-0.00764919
-0.00766373
-0.00713743
-0.00816068
-0.00749454
-0.00802546
-0.00899733
-0.0080644
-0.00756882
-0.00781938
-0.00877931
-0.00772197
-0.00806369
-0.00618242
-0.00878238
-0.00830994
-0.0083209
-0.00828855
-0.00843614
-0.00817218
-0.00858498
-0.0086293
-0.00839141
-0.00875837
-0.00851394
-0.00858952
-0.00853139
-0.00862028
-0.00814698
-0.00788712
-0.00796828
-0.0077711
-0.00794349
-0.00807725
-0.00790901
-0.00843263
-0.00873065
-0.00826368
-0.00842012
-0.00823726
-0.00860052
-0.00857528
-0.00790507
-0.00769128
-0.00772554
-0.00730868
-0.00760592
-0.00785501
-0.00775719
-0.00817956
-0.00819328
-0.00866925
-0.0085126
-0.00832683
-0.0085996
-0.00796703
-0.00702458
-0.00734604
-0.00698098
-0.00732273
-0.00754114
-0.00739524
-0.00700442
-0.00773347
-0.00786849
-0.00769246
-0.00803542
-0.00755305
-0.00787051
-0.00778494
-0.00770055
-0.00726169
-0.00777341
-0.00758299
-0.00758737
-0.00756825
-0.00749467
-0.00687872
-0.00693122
-0.00735509
-0.00684743
-0.0065739
-0.0083589
-0.00746951
-0.00918536
-0.00949873
-0.00894565
-0.0102454
-0.00883764
-0.0104456
-0.00884064
-0.00895777
-0.00838967
-0.0095317
-0.00866274
-0.0095565
-0.00891321
-0.00819733
-0.00868965
-0.00869945
-0.00872373
-0.00902481
-0.00854169
-0.00885745
-0.00891433
-0.00842607
-0.00846251
-0.00857344
-0.00872462
-0.00847685
-0.00852834
-0.00859748
-0.00807605
-0.00836113
-0.0083245
-0.00925044
-0.00795584
-0.00829508
-0.00864924
-0.010608
-0.00797282
-0.00785351
-0.00790641
-0.0075942
-0.00908344
-0.00858008
-0.0119601
-0.0087714
-0.00883142
-0.00893522
-0.0084317
-0.00981904
-0.0096023
-0.00911185
-0.00984684
-0.00901663
-0.0092211
-0.00906304
-0.0089188
-0.00959939
-0.008551
-0.00931971
-0.00900801
-0.00893625
-0.0086687
-0.00978628
-0.00869489
-0.00924662
-0.0083618
-0.00913693
-0.00871852
-0.00922464
-0.00906178
-0.00872682
-0.00879083
-0.00867664
-0.00852641
-0.00894102
-0.00872993
-0.0085592
-0.00890383
-0.008598
-0.00849269
-0.00861578
-0.00862683
-0.00869377
-0.00846423
-0.00867364
-0.00863813
-0.00834441
-0.00826892
-0.00857875
-0.00837983
-0.00834778
-0.00886298
-0.00808479
-0.00833229
-0.00884842
-0.00818539
-0.00810716
-0.0095283
-0.00809357
-0.00851612
-0.00844206
-0.00897087
-0.00858325
-0.00851843
-0.00841343
-0.00880831
-0.0085031
-0.00829435
-0.00926986
-0.00869337
-0.00837173
-0.00819769
-0.00976133
-0.00524482
-0.00806825
-0.00872882
-0.00798589
-0.0082159
-0.00751799
-0.00754257
-0.00779647
-0.00781421
-0.00748808
-0.00776825
-0.00787597
-0.00785583
-0.00767837
-0.00841925
-0.00831617
-0.00812565
-0.00847279
-0.00822982
-0.00832203
-0.00838065
-0.00833779
-0.00832752
-0.00853094
-0.00827245
-0.00845071
-0.0081969
-0.00850539
-0.00787457
-0.00772688
-0.00755707
-0.00764498
-0.0078234
-0.0078496
-0.00751989
-0.00876344
-0.00820278
-0.00691814
-0.00897847
-0.00693642
-0.00749291
-0.0069183
-0.0078267
-0.00742571
-0.00796307
-0.00767843
-0.00775375
-0.00751783
-0.00799301
-0.00870834
-0.00746034
-0.00709782
-0.00659993
-0.00719035
-0.00512658
-0.00725367
-0.00745139
-0.00741979
-0.00793924
-0.00774784
-0.0073332
-0.00740029
-0.00820375
-0.00977078
-0.00765576
-0.00765836
-0.00720885
-0.00776705
-0.00877267
-0.00502472
-0.00779433
-0.00723468
-0.00736534
-0.00791165
-0.00758533
-0.00721885
-0.0072272
-0.00710092
-0.00712554
-0.00690001
-0.00689392
-0.00688244
-0.00720832
-0.00684851
-0.00722613
-0.00693246
-0.00737993
-0.00749106
-0.00722126
-0.00719505
-0.00749589
-0.00650488
-0.00631005
-0.00618996
-0.00654762
-0.00659367
-0.00664012
-0.0062509
-0.00648001
-0.00659691
-0.00677129
-0.00629156
-0.00655938
-0.00619544
-0.00660621
-0.00399633
-0.00495994
-0.00604334
-0.00521666
-0.00503424
-0.00377481
-0.00958817
-0.00638991
-0.00573996
-0.00715351
-0.00606421
-0.00580816
-0.00567237
-0.00697629
-0.00889787
-0.00709589
-0.00826541
-0.00704887
-0.0069171
-0.00819576
-0.00797872
-0.00507564
-0.00538508
-0.00282284
-0.00548472
-0.0049022
-0.00663689
-0.00439775
-0.00558517
-0.005222
-0.00566956
-0.00522063
-0.0052484
-0.00502212
-0.00469091
-0.00593558
-0.00652452
-0.00599276
-0.00586408
-0.00601015
-0.00621276
-0.00644827
-0.00638011
-0.00609471
-0.00582957
-0.0062117
-0.00621473
-0.00585741
-0.00638381
-0.00637904
-0.00582879
-0.0060941
-0.00621139
-0.00621367
-0.00585745
-0.00638292
-0.0059229
-0.00598585
-0.00651164
-0.00585472
-0.00600078
-0.00620053
-0.00643766
-0.00379512
-0.00551026
-0.00525019
-0.00488412
-0.00443439
-0.00510344
-0.00669503
-0.00638357
-0.00714206
-0.00572821
-0.00606083
-0.00580856
-0.00565586
-0.00696162
-0.00886653
-0.00707754
-0.00703572
-0.00824344
-0.00690129
-0.00815722
-0.0079557
-0.00558427
-0.00521577
-0.00521654
-0.0056608
-0.00524706
-0.00468404
-0.00501614
-0.00975369
-0.00764678
-0.00718477
-0.00765318
-0.00874986
-0.00776646
-0.00501274
-0.00708564
-0.00688387
-0.0071072
-0.00688158
-0.00686779
-0.0068327
-0.00719146
-0.00720465
-0.00774681
-0.00732889
-0.00787184
-0.00754888
-0.00720894
-0.00721022
-0.00721298
-0.00692043
-0.00748091
-0.00736449
-0.00718295
-0.00720385
-0.00748537
-0.00726772
-0.00863145
-0.00668106
-0.00643305
-0.00717948
-0.00664225
-0.00671644
-0.0064765
-0.00657381
-0.00629633
-0.00678827
-0.00619163
-0.00653348
-0.00661695
-0.00396838
-0.00494652
-0.00520091
-0.00603472
-0.00954684
-0.00375604
-0.00500272
-0.00521539
-0.008683
-0.0080095
-0.00794293
-0.00744778
-0.00816856
-0.00752451
-0.00788439
-0.00782515
-0.00807137
-0.00813748
-0.00784102
-0.00798614
-0.00827337
-0.00846244
-0.0081387
-0.0083316
-0.00845489
-0.00825545
-0.0083875
-0.00831487
-0.00842864
-0.00826606
-0.00827883
-0.0085116
-0.00824644
-0.00840164
-0.00849981
-0.00820878
-0.00873973
-0.00690215
-0.0069111
-0.00896957
-0.00746603
-0.00690983
-0.00781067
-0.00746274
-0.00772574
-0.00795578
-0.00756428
-0.00779541
-0.00802437
-0.00739735
-0.00736573
-0.0077657
-0.00797114
-0.00825558
-0.00733214
-0.00726255
-0.0119537
-0.0087374
-0.00897891
-0.00863282
-0.00981934
-0.0081381
-0.00962217
-0.00905178
-0.00902539
-0.00995695
-0.00933259
-0.00911201
-0.00977486
-0.00883327
-0.0082784
-0.00926485
-0.00895914
-0.00882685
-0.00856933
-0.0084743
-0.00965973
-0.00865164
-0.00830116
-0.0083184
-0.00867347
-0.00842882
-0.00893742
-0.00826097
-0.00858363
-0.00842816
-0.00869138
-0.0089751
-0.00857796
-0.00834875
-0.0089211
-0.00849077
-0.00828552
-0.00872019
-0.00924216
-0.00975397
-0.00817486
-0.00831206
-0.00850307
-0.0102668
-0.00863239
-0.00915836
-0.00858733
-0.00965662
-0.00852076
-0.00935848
-0.00915879
-0.00938214
-0.00897941
-0.00931884
-0.00906576
-0.00929692
-0.00905078
-0.00863937
-0.00917495
-0.00887666
-0.00897233
-0.00950523
-0.00894118
-0.00896828
-0.00900124
-0.00898607
-0.00906114
-0.00901065
-0.0090353
-0.00902838
-0.00897868
-0.00882345
-0.0090338
-0.00840513
-0.00893896
-0.00888287
-0.00926385
-0.00901239
-0.00926904
-0.00920893
-0.00885708
-0.00911304
-0.0088371
-0.00912446
-0.00898484
-0.00852191
-0.00898943
-0.00926735
-0.00895922
-0.00931119
-0.00901926
-0.00885987
-0.00883826
-0.008361
-0.00889623
-0.00897234
-0.00884352
-0.00824902
-0.00870384
-0.0089284
-0.00898099
-0.00830214
-0.00892142
-0.00828049
-0.00872264
-0.00867694
-0.0082852
-0.00882789
-0.00870047
-0.00882337
-0.00870209
-0.00867643
-0.00896066
-0.00818322
-0.00845887
-0.00855866
-0.00868033
-0.0085413
-0.0087117
-0.00851611
-0.00805771
-0.00817098
-0.00847725
-0.00847927
-0.00810582
-0.00849259
-0.00897236
-0.00834214
-0.00801182
-0.00875385
-0.00867289
-0.00812339
-0.00932562
-0.00829754
-0.00827025
-0.00839027
-0.0082466
-0.00839507
-0.00817077
-0.00847569
-0.00844641
-0.00811703
-0.00792886
-0.0080945
-0.00852289
-0.00812575
-0.00795121
-0.00858961
-0.00912112
-0.00890784
-0.00835648
-0.00920023
-0.00838435
-0.00863506
-0.00840715
-0.00814737
-0.00807258
-0.00798317
-0.00804623
-0.00795939
-0.00839356
-0.00775458
-0.00793416
-0.00747815
-0.00748283
-0.0078042
-0.00774245
-0.00750225
-0.00773064
-0.00801254
-0.00839668
-0.00797706
-0.00797989
-0.00800563
-0.00763346
-0.00767446
-0.00743429
-0.00756407
-0.00740897
-0.00766067
-0.00744755
-0.00763463
-0.00782202
-0.00786711
-0.00853538
-0.00742989
-0.0085475
-0.00786452
-0.00879849
-0.00833959
-0.00737286
-0.00747844
-0.0074438
-0.00758262
-0.00755564
-0.00818034
-0.00772304
-0.00777034
-0.00733514
-0.00793859
-0.00770732
-0.00777486
-0.00747375
-0.00775428
-0.00792706
-0.00782782
-0.00739623
-0.00774109
-0.00741709
-0.00784052
-0.00760139
-0.0075278
-0.00759018
-0.00706668
-0.00776806
-0.00716537
-0.00748421
-0.00671948
-0.00692006
-0.00695424
-0.00700325
-0.00702188
-0.00702454
-0.00668926
-0.00634325
-0.00612598
-0.00644731
-0.0062659
-0.00642893
-0.00620342
-0.00634616
-0.00687012
-0.00524318
-0.00431707
-0.00594924
-0.0059362
-0.00489268
-0.00633054
-0.00626756
-0.00596747
-0.00618205
-0.0061439
-0.00599977
-0.00606417
-0.00648461
-0.00781034
-0.0082999
-0.00726989
-0.00737423
-0.00730779
-0.00779154
-0.00833627
-0.00715516
-0.00720145
-0.00721318
-0.00689766
-0.00704652
-0.00735046
-0.00698987
-0.00615973
-0.00611925
-0.00617308
-0.00585156
-0.00635467
-0.00587019
-0.00622818
-0.00606046
-0.0058732
-0.00577482
-0.0056338
-0.00630028
-0.00575874
-0.00574071
-0.00579318
-0.005858
-0.0057296
-0.00528397
-0.00578835
-0.00572875
-0.00538259
-0.00399432
-0.00449174
-0.00358204
-0.00471925
-0.00382866
-0.00495172
-0.00396239
-0.00406291
-0.00475874
-0.00450276
-0.00511211
-0.00424547
-0.00507761
-0.00449198
-0.00396747
-0.00450503
-0.00484875
-0.00486098
-0.00461081
-0.00402339
-0.00503838
-0.00615867
-0.00617
-0.00611635
-0.00585118
-0.00634797
-0.00622751
-0.00586922
-0.00579562
-0.0058584
-0.00528443
-0.0057329
-0.00572869
-0.0057896
-0.00538443
-0.00606942
-0.00587332
-0.00563878
-0.0057787
-0.00576073
-0.00631559
-0.00574287
-0.00393931
-0.00463606
-0.00456586
-0.00493584
-0.00385893
-0.00462633
-0.00447767
-0.00412245
-0.00475291
-0.00505335
-0.0045355
-0.0050449
-0.00426573
-0.00445239
-0.00779603
-0.0072569
-0.00828492
-0.00736325
-0.00729637
-0.00777388
-0.00832192
-0.00715081
-0.00719732
-0.00689456
-0.00720778
-0.00704351
-0.00734588
-0.00698497
-0.00596658
-0.00488757
-0.00479192
-0.00567741
-0.00526485
-0.00612559
-0.0049288
-0.00781609
-0.00851565
-0.00786199
-0.00742182
-0.00786103
-0.00854288
-0.00878701
-0.00833027
-0.00736819
-0.00743796
-0.00747266
-0.00754948
-0.00757693
-0.00817014
-0.00771578
-0.00732816
-0.00775869
-0.00792996
-0.00769809
-0.00746644
-0.00776608
-0.00759678
-0.00752306
-0.007063
-0.00758543
-0.00716037
-0.00776604
-0.0074803
-0.00774808
-0.00792011
-0.00739144
-0.00782256
-0.00741033
-0.0077345
-0.00783532
-0.00675953
-0.0069904
-0.00730998
-0.00718994
-0.00677201
-0.00709206
-0.00715954
-0.00632833
-0.00611824
-0.00626687
-0.00642867
-0.00619831
-0.00639958
-0.00634209
-0.00672727
-0.00715958
-0.00697369
-0.00695536
-0.00702269
-0.00703761
-0.00670271
-0.00620836
-0.00597551
-0.006124
-0.00619028
-0.00644249
-0.00604241
-0.00601547
-0.0083881
-0.00813421
-0.00797389
-0.00805922
-0.0079472
-0.00802844
-0.00838306
-0.00856367
-0.00907713
-0.00831343
-0.00886147
-0.0083826
-0.00918186
-0.00858401
-0.00784742
-0.00762385
-0.0079136
-0.00752664
-0.00784162
-0.00777866
-0.00763001
-0.00775756
-0.00749295
-0.00756767
-0.00753406
-0.00769476
-0.00755284
-0.00766315
-0.00781737
-0.00803746
-0.00803492
-0.00834651
-0.00802992
-0.00795984
-0.00773433
-0.00863828
-0.00854735
-0.0103029
-0.00913614
-0.00970576
-0.00859606
-0.00845475
-0.00925336
-0.00899262
-0.00886444
-0.00914787
-0.00895803
-0.00909209
-0.00920451
-0.00899883
-0.00904297
-0.00882142
-0.00843208
-0.0089523
-0.00928955
-0.00891366
-0.00903123
-0.00933354
-0.00879159
-0.00930198
-0.00881858
-0.00917017
-0.00912563
-0.00895824
-0.00854182
-0.00923594
-0.00895694
-0.00931165
-0.00887939
-0.00902749
-0.00873046
-0.00907246
-0.00829413
-0.00919012
-0.00826838
-0.00906359
-0.00875548
-0.00871625
-0.00825297
-0.00874969
-0.00884569
-0.00875165
-0.00883839
-0.00872087
-0.00917611
-0.00841994
-0.00824076
-0.00860525
-0.00880387
-0.00871194
-0.00845672
-0.00835693
-0.00833068
-0.00826885
-0.0085058
-0.00855687
-0.00817402
-0.00848644
-0.00900627
-0.00936625
-0.00894514
-0.00924259
-0.00917464
-0.00933777
-0.00892033
-0.00928278
-0.00965695
-0.00910674
-0.00861869
-0.0100828
-0.00913202
-0.00852712
-0.00900182
-0.00890507
-0.00903474
-0.00893813
-0.00901134
-0.00900088
-0.0088511
-0.00945557
-0.00931626
-0.00868402
-0.00908255
-0.00930003
-0.00932472
-0.00914406
-0.00904363
-0.00923645
-0.00884983
-0.00932923
-0.00912787
-0.00917788
-0.00881041
-0.00902801
-0.00898937
-0.00927285
-0.00853568
-0.0090267
-0.00897239
-0.00932646
-0.00901839
-0.0084381
-0.00882002
-0.00904975
-0.00888073
-0.00929421
-0.00893511
-0.00875716
-0.00900026
-0.00830755
-0.0089732
-0.00874039
-0.00898175
-0.00830999
-0.0087035
-0.00881437
-0.00870668
-0.00826062
-0.0086749
-0.00877525
-0.00872823
-0.00897738
-0.00896223
-0.00892203
-0.00846141
-0.00893637
-0.00830515
-0.00907741
-0.00850736
-0.00826474
-0.00846328
-0.00816325
-0.0084312
-0.00851658
-0.00835385
-0.0086391
-0.0081442
-0.00813951
-0.00849188
-0.00832988
-0.008123
-0.00894827
-0.00861652
-0.00836366
-0.00836551
-0.00817933
-0.00853323
-0.00856758
-0.00831032
-0.00782841
-0.00816703
-0.00897079
-0.00832053
-0.00822085
-0.00804469
-0.00814592
-0.00864206
-0.00885962
-0.00839578
-0.008919
-0.00867266
-0.00875756
-0.00844136
-0.00846702
-0.00814205
-0.00800708
-0.00827783
-0.00842592
-0.008228
-0.00801656
-0.00851944
-0.0083355
-0.00844488
-0.0080506
-0.00832491
-0.00806504
-0.00860603
-0.00756526
-0.00753713
-0.00737672
-0.00733938
-0.00759572
-0.00750331
-0.00735868
-0.00762182
-0.00730433
-0.00756722
-0.00730624
-0.00758491
-0.00735241
-0.00762431
-0.0075342
-0.00728506
-0.00720314
-0.00681021
-0.00782713
-0.00697982
-0.00688585
-0.0066083
-0.00637937
-0.00514862
-0.00391625
-0.00644957
-0.00577364
-0.00438746
-0.00783209
-0.00784082
-0.00742074
-0.00800865
-0.00786495
-0.00792838
-0.00745604
-0.00733086
-0.00751314
-0.00690595
-0.00681754
-0.00732116
-0.00737043
-0.00675764
-0.00778535
-0.00799139
-0.00800281
-0.0074888
-0.00790719
-0.00750037
-0.00768159
-0.00641377
-0.00646129
-0.00635014
-0.00636104
-0.00640437
-0.00656756
-0.00636481
-0.00662628
-0.00683484
-0.00689774
-0.00690371
-0.00698767
-0.00696266
-0.00660457
-0.00664205
-0.00623231
-0.00621613
-0.00620108
-0.0061903
-0.00666426
-0.00629313
-0.00634715
-0.00616158
-0.00644527
-0.00698689
-0.00647084
-0.00738231
-0.006909
-0.00643112
-0.00690871
-0.00668563
-0.00661403
-0.00646756
-0.00667497
-0.00658426
-0.00565567
-0.00587882
-0.00445748
-0.00499872
-0.00546207
-0.0058297
-0.00464768
-0.00615775
-0.00606287
-0.00674387
-0.00607001
-0.00601969
-0.00635592
-0.00662428
-0.00476099
-0.00532603
-0.00532519
-0.00507038
-0.00516565
-0.00499624
-0.00512662
-0.00443048
-0.00538917
-0.00477488
-0.00517911
-0.00488349
-0.00519835
-0.00426493
-0.00430222
-0.00501008
-0.00514128
-0.00436625
-0.00495424
-0.00412973
-0.00420365
-0.0052097
-0.00506546
-0.00471014
-0.00512762
-0.00471365
-0.00514955
-0.00525792
-0.00535017
-0.00524811
-0.0052777
-0.00533657
-0.00529509
-0.00548986
-0.00538914
-0.00443258
-0.00477558
-0.00539147
-0.00517957
-0.00488568
-0.00426575
-0.00519986
-0.00476271
-0.00532862
-0.00532373
-0.00507246
-0.00516739
-0.0051286
-0.00499541
-0.0043038
-0.00501037
-0.0043665
-0.00514206
-0.00413044
-0.00495508
-0.00420494
-0.00509195
-0.00517655
-0.00487904
-0.00530559
-0.00490493
-0.00528769
-0.00531713
-0.00538054
-0.00524527
-0.00535391
-0.00525659
-0.00551517
-0.00525643
-0.00539956
-0.00642657
-0.00668241
-0.00690363
-0.0066103
-0.00646462
-0.00667035
-0.00658058
-0.0056565
-0.00587573
-0.00500174
-0.00445868
-0.00545919
-0.00583184
-0.00464886
-0.00617093
-0.00607527
-0.00608115
-0.00676056
-0.00603363
-0.00663807
-0.00636674
-0.00752557
-0.00719733
-0.00727899
-0.00680598
-0.00697416
-0.00781703
-0.00688276
-0.00661179
-0.00637526
-0.00391623
-0.00514756
-0.00577712
-0.00644643
-0.00438439
-0.00782588
-0.00741528
-0.00783507
-0.00800376
-0.00785904
-0.00744969
-0.00792024
-0.00777246
-0.00798385
-0.0074802
-0.00798548
-0.00748924
-0.00789564
-0.00767406
-0.00641063
-0.00635132
-0.0064471
-0.00635842
-0.00640422
-0.00635221
-0.00657877
-0.00663556
-0.00697514
-0.00697368
-0.00706641
-0.0066948
-0.00698882
-0.00691191
-0.00662523
-0.00700114
-0.00683763
-0.00685932
-0.00697733
-0.00703815
-0.00661314
-0.00638723
-0.00616722
-0.00699253
-0.00647377
-0.00694216
-0.00739002
-0.0064492
-0.00861665
-0.00831775
-0.00880643
-0.00895102
-0.00861938
-0.008434
-0.00874901
-0.00852159
-0.00832459
-0.00805555
-0.00844069
-0.00806297
-0.00831245
-0.00860063
-0.00765295
-0.00754209
-0.00749668
-0.00739338
-0.0076167
-0.00759144
-0.00741085
-0.00780503
-0.00801732
-0.00834594
-0.00814433
-0.00774183
-0.00801603
-0.00834087
-0.00767466
-0.00733193
-0.00744972
-0.00751085
-0.00762985
-0.00747774
-0.00761897
-0.00899365
-0.0088381
-0.00918475
-0.00908414
-0.00925409
-0.00911092
-0.00882185
-0.00924374
-0.00970124
-0.00866517
-0.00907098
-0.0091337
-0.010011
-0.00864892
-0.0092788
-0.00925516
-0.00897772
-0.00869777
-0.00908325
-0.00904579
-0.0092817
-0.00905129
-0.00929478
-0.00902868
-0.00852573
-0.00905739
-0.00934172
-0.0089832
-0.00904204
-0.00845108
-0.00905976
-0.00883007
-0.00932179
-0.00889712
-0.00894669
-0.00873031
-0.00874446
-0.0088297
-0.00823663
-0.0087106
-0.0087585
-0.00878914
-0.00897669
-0.00898207
-0.00846362
-0.00892558
-0.00828782
-0.00895871
-0.00908375
-0.00885719
-0.00829448
-0.00860831
-0.00823861
-0.00843957
-0.00821883
-0.00904973
-0.00787851
-0.00816884
-0.00828798
-0.00900154
-0.00816747
-0.00803021
-0.00824041
-0.00897678
-0.0100486
-0.00925401
-0.00906629
-0.0100835
-0.00901227
-0.00902684
-0.0092571
-0.00984732
-0.00928615
-0.00909844
-0.00921698
-0.00950309
-0.00892369
-0.00880387
-0.00893166
-0.00886436
-0.00928097
-0.00874498
-0.00888186
-0.00991724
-0.00897677
-0.00904914
-0.00841641
-0.00881793
-0.00898124
-0.00942093
-0.00867117
-0.00872482
-0.00900805
-0.00866451
-0.00858197
-0.00867523
-0.00892569
-0.00868589
-0.00892545
-0.00866578
-0.00840903
-0.00867348
-0.00892967
-0.00869911
-0.00852431
-0.00926212
-0.00867357
-0.00837943
-0.00876342
-0.00886048
-0.00870039
-0.00900707
-0.00831706
-0.00841983
-0.00824581
-0.00865673
-0.00812548
-0.00843012
-0.00945989
-0.0085831
-0.00858458
-0.00869217
-0.00846208
-0.00852534
-0.00862813
-0.00845596
-0.0109061
-0.00780884
-0.00815792
-0.00784341
-0.00901156
-0.00885884
-0.00768686
-0.00951174
-0.00728504
-0.00831878
-0.00798372
-0.00793155
-0.00794002
-0.00605217
-0.00863577
-0.00862087
-0.00851075
-0.00840714
-0.0088092
-0.00862289
-0.00836251
-0.00754381
-0.0095748
-0.00936275
-0.00760072
-0.0100654
-0.00831154
-0.0077579
-0.00882438
-0.00857921
-0.00855893
-0.00842787
-0.00871737
-0.00866964
-0.0082825
-0.00762756
-0.00772212
-0.00752516
-0.00730043
-0.0078344
-0.00755143
-0.00739359
-0.00778888
-0.00748007
-0.00765892
-0.00728626
-0.00750622
-0.00730292
-0.00771257
-0.00669821
-0.0072104
-0.00705648
-0.00731046
-0.00725292
-0.00716525
-0.00675963
-0.00710621
-0.00724545
-0.00725508
-0.00698235
-0.00706728
-0.00750868
-0.0070535
-0.00430499
-0.00704642
-0.0073015
-0.00761484
-0.00683265
-0.0064588
-0.00717173
-0.00368065
-0.00615907
-0.00492125
-0.00488838
-0.00899092
-0.00502694
-0.0036876
-0.00713682
-0.00729472
-0.00717557
-0.00682213
-0.0073255
-0.00712096
-0.00701108
-0.00748026
-0.00950217
-0.00823758
-0.00723977
-0.00812476
-0.0075785
-0.00761192
-0.00720052
-0.00691121
-0.00736406
-0.00703279
-0.00738467
-0.00690444
-0.0071134
-0.00625619
-0.00661254
-0.00631695
-0.00653121
-0.00650707
-0.00643242
-0.00611625
-0.00638824
-0.00660628
-0.00642357
-0.00680197
-0.00646856
-0.00619295
-0.0062922
-0.00633705
-0.00636808
-0.00596725
-0.00597118
-0.00634042
-0.00608962
-0.00598516
-0.00809912
-0.00639518
-0.00554188
-0.00639083
-0.00697734
-0.00344334
-0.00692233
-0.00535659
-0.00541305
-0.0051289
-0.00519042
-0.00509939
-0.00471753
-0.00463654
-0.00616433
-0.00636958
-0.00606669
-0.00314677
-0.00584181
-0.00726302
-0.00538632
-0.00506946
-0.00465016
-0.00442322
-0.00519339
-0.00445815
-0.00541787
-0.00399963
-0.00496499
-0.00559348
-0.00596204
-0.00620044
-0.00521958
-0.00562762
-0.00729835
-0.00791184
-0.00766693
-0.00446368
-0.00407575
-0.00741321
-0.00806787
-0.00412457
-0.00437225
-0.00451595
-0.00486746
-0.00440808
-0.00457499
-0.0046759
-0.00489438
-0.00791216
-0.00766547
-0.00407671
-0.00446432
-0.00741463
-0.00805992
-0.00412559
-0.00496663
-0.00559521
-0.00620211
-0.00596426
-0.0052209
-0.00562966
-0.00730036
-0.00437544
-0.00451984
-0.00441185
-0.00487071
-0.00457813
-0.00489843
-0.00467927
-0.00535283
-0.00512792
-0.00540699
-0.0051791
-0.00510406
-0.00471719
-0.00462832
-0.00616724
-0.0063726
-0.00314875
-0.00607106
-0.00584549
-0.00726664
-0.00539085
-0.00750344
-0.00585709
-0.00675593
-0.00592708
-0.00571047
-0.00660511
-0.00635895
-0.00507333
-0.00465423
-0.00519797
-0.00442657
-0.00446195
-0.00400404
-0.00542188
-0.00366336
-0.00491449
-0.00612516
-0.00488118
-0.00501279
-0.00897608
-0.00367871
-0.0071344
-0.0071608
-0.0073053
-0.00680349
-0.00732853
-0.00699975
-0.0071912
-0.00716245
-0.00690473
-0.00702685
-0.00738516
-0.00690134
-0.00735779
-0.00714456
-0.00747094
-0.00821452
-0.00950409
-0.00723838
-0.00813246
-0.00761339
-0.00760691
-0.00637529
-0.00637214
-0.0059808
-0.00593388
-0.0061155
-0.00632273
-0.00597993
-0.00639906
-0.00642185
-0.0066219
-0.00647725
-0.00680364
-0.00619575
-0.00631314
-0.00813898
-0.00845724
-0.00865442
-0.00805337
-0.00814538
-0.00883689
-0.00801295
-0.00949915
-0.00726138
-0.00795901
-0.00829152
-0.00792558
-0.00791566
-0.00603358
-0.00868134
-0.00847899
-0.00865347
-0.00843105
-0.00875874
-0.00834558
-0.00871521
-0.0075265
-0.00932349
-0.00954912
-0.0100306
-0.00758273
-0.00828067
-0.00773193
-0.00874724
-0.00855146
-0.00842802
-0.00853758
-0.0086752
-0.00867486
-0.00822572
-0.00783754
-0.00747738
-0.00732519
-0.00759337
-0.00738115
-0.00752435
-0.00773406
-0.00672713
-0.00709704
-0.00725086
-0.00737673
-0.00730797
-0.00722068
-0.00680709
-0.00427808
-0.00706208
-0.00764114
-0.00733317
-0.00716518
-0.00646311
-0.00683632
-0.0089632
-0.00927203
-0.01003
-0.00903785
-0.00896989
-0.0101789
-0.00902762
-0.00868795
-0.008959
-0.00918598
-0.00881193
-0.00869247
-0.00877447
-0.00973801
-0.00899323
-0.00912472
-0.00882468
-0.00836907
-0.009004
-0.00854544
-0.00940175
-0.0093794
-0.00868083
-0.00885251
-0.00836608
-0.008892
-0.00865856
-0.009094
-0.00837483
-0.0083392
-0.00840908
-0.00872901
-0.00825146
-0.00950146
-0.00843079
-0.0085596
-0.00862368
-0.0084508
-0.0086426
-0.00851892
-0.00836843
-0.00871263
-0.0119659
-0.00847018
-0.00861364
-0.0088163
-0.00817568
-0.00941617
-0.00970285
-0.00819774
-0.00995059
-0.00894159
-0.00840762
-0.00837808
-0.0089555
-0.00802497
-0.00891111
-0.00870462
-0.00859485
-0.00862904
-0.00868653
-0.0087164
-0.00866676
-0.00846091
-0.00865815
-0.00884094
-0.00839311
-0.00842108
-0.00882901
-0.00835634
-0.00908208
-0.00859827
-0.00905154
-0.00823377
-0.00972021
-0.00807278
-0.00884362
-0.00834423
-0.00891606
-0.00846745
-0.00822469
-0.00833198
-0.00847954
-0.00921014
-0.00788986
-0.00773637
-0.00841716
-0.00798403
-0.00777812
-0.00863046
-0.00940599
-0.00793843
-0.00784373
-0.00861367
-0.0079863
-0.00791951
-0.00795278
-0.00626217
-0.00847458
-0.00831454
-0.00826222
-0.00823655
-0.00825203
-0.00835066
-0.00806259
-0.00829651
-0.00828539
-0.00864929
-0.00808259
-0.00843366
-0.00821084
-0.00839792
-0.0076825
-0.00753595
-0.00761817
-0.00752705
-0.00777724
-0.00766106
-0.00769673
-0.00836371
-0.00847835
-0.00818493
-0.00870277
-0.00858825
-0.00858644
-0.00815874
-0.0078467
-0.00809067
-0.00747526
-0.00746029
-0.00794555
-0.00749226
-0.00797783
-0.0079718
-0.00764407
-0.00775114
-0.00768953
-0.00777078
-0.00794018
-0.00768172
-0.0079337
-0.00820815
-0.00766115
-0.00762491
-0.00807745
-0.00760341
-0.0081262
-0.00805466
-0.00755658
-0.00822267
-0.00780466
-0.00788815
-0.00796547
-0.00779266
-0.00809264
-0.00828094
-0.0079269
-0.00803371
-0.00807737
-0.00812433
-0.00791717
-0.00798079
-0.00788677
-0.00792419
-0.00770394
-0.00792963
-0.00785966
-0.00791145
-0.00846575
-0.00913014
-0.00745831
-0.00930634
-0.00739044
-0.00785532
-0.00712687
-0.00715401
-0.00819971
-0.00706848
-0.00711839
-0.00708812
-0.00742516
-0.00546241
-0.00706781
-0.00743514
-0.00720943
-0.00713814
-0.00680977
-0.00782675
-0.00866815
-0.00724449
-0.00751876
-0.00841694
-0.00799975
-0.00736418
-0.00834929
-0.00983065
-0.00633147
-0.00709277
-0.00690162
-0.00705732
-0.00674487
-0.00757375
-0.00548922
-0.00561394
-0.00582966
-0.00600057
-0.00551681
-0.00581665
-0.00567155
-0.00428386
-0.0042383
-0.00659076
-0.00740131
-0.00351913
-0.00641508
-0.0057158
-0.0012192
-0.00737297
-0.00680458
-0.00668129
-0.00710744
-0.00660268
-0.00766961
-0.00684701
-0.00695889
-0.0064232
-0.00680227
-0.00650876
-0.00662918
-0.0065766
-0.00687163
-0.0066019
-0.0065696
-0.00697199
-0.00641435
-0.00664051
-0.00662339
-0.00702222
-0.005367
-0.00582525
-0.005341
-0.00544647
-0.00538191
-0.00538184
-0.00519044
-0.00584972
-0.00520874
-0.00573598
-0.00556415
-0.00462456
-0.00550579
-0.00577151
-0.000301823
-0.0046215
-0.0032353
-0.0049772
-0.00384429
-0.003919
-0.00360142
-0.00711801
-0.00547794
-0.00496168
-0.00684099
-0.00729217
-0.0037175
-0.00593707
-0.0024806
-0.00779206
-0.00842847
-0.00302341
-0.008581
-0.00320698
-0.00263282
-0.00590324
-0.00583233
-0.00571151
-0.00554138
-0.0057245
-0.00562508
-0.00513478
-0.00614163
-0.00632953
-0.00609869
-0.00646109
-0.00670091
-0.00612523
-0.00674267
-0.00637168
-0.0061045
-0.0061026
-0.00571151
-0.0060574
-0.00641187
-0.00591875
-0.004676
-0.00518467
-0.00464146
-0.00400104
-0.00469766
-0.0038679
-0.0046932
-0.00487166
-0.00519363
-0.00488715
-0.0048739
-0.00503813
-0.00516513
-0.00478838
-0.00480042
-0.00512471
-0.0049962
-0.004701
-0.00515596
-0.00481888
-0.00492537
-0.00539258
-0.00425745
-0.00507689
-0.00365154
-0.00535681
-0.00508066
-0.00366769
-0.00248027
-0.00842902
-0.00779346
-0.00302298
-0.00320615
-0.00858136
-0.0026301
-0.00711945
-0.00496317
-0.0054809
-0.00684423
-0.00371899
-0.00729392
-0.0059401
-0.00637177
-0.00610377
-0.00571004
-0.00610132
-0.00641125
-0.00605676
-0.00591834
-0.00614116
-0.00632774
-0.006459
-0.00609839
-0.00612395
-0.006701
-0.00674176
-0.00467787
-0.0046418
-0.0051867
-0.00400232
-0.00469994
-0.00469369
-0.00387119
-0.00480078
-0.00512455
-0.0047001
-0.00499481
-0.00481892
-0.0051562
-0.00492362
-0.00487347
-0.00519639
-0.00487431
-0.00488999
-0.00516635
-0.00504165
-0.00478784
-0.00344206
-0.00402045
-0.0033335
-0.00450225
-0.00326458
-0.00477021
-0.00437716
-0.00424442
-0.00740333
-0.0065951
-0.003521
-0.0057206
-0.00641782
-0.00122178
-0.0069598
-0.00680336
-0.00642407
-0.00650874
-0.00663171
-0.00687196
-0.00657853
-0.00737428
-0.00667986
-0.00681087
-0.00710142
-0.00660741
-0.00684587
-0.00767395
-0.00658164
-0.00695516
-0.00654403
-0.00639479
-0.00661328
-0.00659813
-0.00700413
-0.00550168
-0.00586724
-0.00585629
-0.00552129
-0.00562647
-0.00560244
-0.00559988
-0.00585908
-0.00574812
-0.00521289
-0.0046238
-0.00557041
-0.00550946
-0.00578148
-0.00720747
-0.00838773
-0.00749174
-0.00798478
-0.00734041
-0.0083214
-0.00981648
-0.00630887
-0.00707109
-0.00702798
-0.00688316
-0.00672636
-0.00754968
-0.00546739
-0.00625821
-0.00646429
-0.00712419
-0.00662893
-0.00594877
-0.00337871
-0.00720775
-0.00562501
-0.00584207
-0.00551703
-0.0060106
-0.00582978
-0.00428125
-0.0056827
-0.00794362
-0.00785414
-0.00794623
-0.00861448
-0.00790487
-0.0080036
-0.00624355
-0.00844607
-0.0086289
-0.00824247
-0.00813446
-0.00846389
-0.00843685
-0.00819008
-0.00768438
-0.00761186
-0.00754347
-0.00777105
-0.00756162
-0.00763854
-0.00769309
-0.00837187
-0.008209
-0.00844346
-0.00872307
-0.00856554
-0.00813814
-0.00857484
-0.00790831
-0.00818391
-0.00753693
-0.00750854
-0.00779411
-0.00796722
-0.00789482
-0.00808249
-0.00774827
-0.00790834
-0.00775036
-0.00823823
-0.00783661
-0.00785761
-0.0083105
-0.00868829
-0.00860856
-0.00817632
-0.00802341
-0.00836585
-0.00846068
-0.00797721
-0.00797225
-0.00769265
-0.00782749
-0.00757252
-0.00803255
-0.00828606
-0.00814966
-0.00759016
-0.00791144
-0.00819236
-0.00799413
-0.00794353
-0.00789684
-0.00797677
-0.00791726
-0.00784329
-0.00762079
-0.00794608
-0.00786737
-0.00781368
-0.00844466
-0.00745104
-0.00913062
-0.00931537
-0.0073652
-0.00786737
-0.00707148
-0.00719159
-0.00710766
-0.00828927
-0.00713111
-0.00709081
-0.00551832
-0.00747735
-0.00701885
-0.00739497
-0.00710255
-0.00718985
-0.00676914
-0.00863142
-0.00778501
-0.0119412
-0.00862819
-0.00851455
-0.00876077
-0.00937658
-0.00819699
-0.00975644
-0.00890035
-0.00859377
-0.00874051
-0.00857965
-0.00869574
-0.00857411
-0.0086679
-0.00909888
-0.00902806
-0.00850162
-0.00813708
-0.00800171
-0.00968317
-0.00891584
-0.00523078
-0.00760556
-0.00777216
-0.00783907
-0.00714734
-0.00734878
-0.00771363
-0.00758085
-0.00780917
-0.00744285
-0.00787722
-0.00755156
-0.00789853
-0.00740081
-0.00730379
-0.00780172
-0.00778857
-0.0076233
-0.00752452
-0.00757982
-0.0076897
-0.00919307
-0.00784853
-0.00699323
-0.00753424
-0.00766154
-0.00560439
-0.0077293
-0.00727893
-0.00763117
-0.00735439
-0.00798072
-0.0070372
-0.0078713
-0.00438389
-0.00721152
-0.00696111
-0.00705116
-0.00678459
-0.00712603
-0.00702048
-0.0056093
-0.00715658
-0.00736738
-0.00703537
-0.00707827
-0.00718878
-0.00696741
-0.00692391
-0.00733333
-0.00735997
-0.00768445
-0.00708479
-0.00763626
-0.00718444
-0.00726631
-0.00726944
-0.00745719
-0.00719286
-0.00737094
-0.00745166
-0.0071793
-0.00707525
-0.00708033
-0.00678247
-0.0071051
-0.00674211
-0.00702669
-0.00701999
-0.00694116
-0.00726026
-0.00751993
-0.00701047
-0.00777204
-0.00741155
-0.00712011
-0.00705788
-0.00700523
-0.00701096
-0.0065186
-0.00674239
-0.00698458
-0.00647472
-0.00690513
-0.00724703
-0.00753068
-0.00913936
-0.00755746
-0.00707651
-0.00756966
-0.00723133
-0.00688704
-0.00712064
-0.006828
-0.00671924
-0.00701846
-0.00684184
-0.00665065
-0.00663688
-0.006752
-0.00683117
-0.00647074
-0.00698891
-0.00686432
-0.00652987
-0.00527606
-0.0059633
-0.00611839
-0.00600035
-0.00581382
-0.00443733
-0.0062718
-0.00590676
-0.00706692
-0.0069115
-0.00690568
-0.0070497
-0.00692042
-0.00568399
-0.00666421
-0.00655998
-0.00641622
-0.00646433
-0.00654564
-0.00654909
-0.00672212
-0.00679586
-0.00698917
-0.00703805
-0.00689714
-0.00702184
-0.00667634
-0.00681968
-0.0066441
-0.00668847
-0.00672282
-0.00637248
-0.00677199
-0.00654268
-0.00644543
-0.00575127
-0.00585761
-0.00563918
-0.00541745
-0.00554994
-0.0056502
-0.00588327
-0.00621483
-0.00573633
-0.00586913
-0.00577592
-0.00586506
-0.00561618
-0.00608838
-0.00532228
-0.00527016
-0.00519451
-0.00503046
-0.00534739
-0.00533496
-0.00517607
-0.00610391
-0.00613999
-0.00597423
-0.00588337
-0.00600222
-0.00613161
-0.00625647
-0.00618405
-0.00571175
-0.00651668
-0.00545112
-0.00574354
-0.00620407
-0.00539701
-0.00525258
-0.00551803
-0.00537378
-0.00500063
-0.0055373
-0.00556005
-0.00575477
-0.00562874
-0.00511447
-0.00549741
-0.00483056
-0.00549374
-0.0049227
-0.00567338
-0.00508876
-0.00549521
-0.0052032
-0.00593881
-0.00551059
-0.00461781
-0.0062278
-0.00613977
-0.00600307
-0.00617205
-0.00601243
-0.00607697
-0.00588214
-0.00625953
-0.00619417
-0.0057122
-0.00545034
-0.00652425
-0.00620154
-0.00574063
-0.00539301
-0.005628
-0.0054961
-0.00511123
-0.00482536
-0.00549336
-0.00567368
-0.0049145
-0.00525136
-0.00537399
-0.00552444
-0.00500795
-0.00553892
-0.00575292
-0.00557136
-0.00508616
-0.00549541
-0.00594808
-0.00521095
-0.00461804
-0.00551421
-0.00622865
-0.00665724
-0.00641103
-0.00655557
-0.00646193
-0.00654417
-0.00653854
-0.00671747
-0.00588467
-0.00689566
-0.00704148
-0.00689169
-0.00689507
-0.00703477
-0.00566557
-0.00659369
-0.00671753
-0.0067185
-0.00638036
-0.00677986
-0.00640321
-0.00661545
-0.00690487
-0.00712555
-0.00641613
-0.0061319
-0.00673841
-0.00673923
-0.00702707
-0.00676774
-0.00704219
-0.00697342
-0.00691276
-0.00701835
-0.00681172
-0.00664519
-0.0066957
-0.00608531
-0.00614651
-0.00600074
-0.00595844
-0.00590057
-0.00730529
-0.00587086
-0.00576914
-0.00566759
-0.00543985
-0.00556585
-0.00567447
-0.00589658
-0.00480612
-0.00574443
-0.0057894
-0.0058706
-0.0044534
-0.00606022
-0.00568912
-0.00728251
-0.00734811
-0.00763068
-0.00798103
-0.0070417
-0.00786796
-0.00438399
-0.00731688
-0.0076761
-0.00738732
-0.00708878
-0.00763081
-0.00726667
-0.00716838
-0.00730662
-0.0072728
-0.0071734
-0.00705872
-0.00753011
-0.00701132
-0.00741211
-0.00708
-0.00770891
-0.00729808
-0.007088
-0.00732213
-0.00726141
-0.00755607
-0.0073255
-0.00728293
-0.00766413
-0.00729448
-0.00771782
-0.00712901
-0.00730799
-0.007092
-0.00678333
-0.00670946
-0.0071268
-0.00701223
-0.00702798
-0.00692845
-0.00720057
-0.00746192
-0.00741771
-0.00720031
-0.00707899
-0.00721821
-0.00774993
-0.00728221
-0.00705394
-0.00759062
-0.007764
-0.00739711
-0.00707162
-0.00719558
-0.0069596
-0.00697793
-0.00672838
-0.00645394
-0.00637915
-0.00696992
-0.00690986
-0.0066564
-0.00683262
-0.00673765
-0.00646842
-0.00697001
-0.0065489
-0.00685802
-0.00752385
-0.00723812
-0.00913456
-0.00758352
-0.00705171
-0.00754259
-0.00721616
-0.00527519
-0.00613886
-0.00596808
-0.00601556
-0.00581118
-0.00441695
-0.00628234
-0.00652616
-0.00748787
-0.00715426
-0.00705349
-0.00673476
-0.00904044
-0.00740739
-0.00754933
-0.00742587
-0.00767639
-0.00772543
-0.00776133
-0.00753956
-0.00739394
-0.00914496
-0.00697473
-0.00783118
-0.0075105
-0.00555512
-0.0076331
-0.0076869
-0.0096372
-0.00756254
-0.00762523
-0.00645089
-0.00819659
-0.00449715
-0.00866979
-0.00663047
-0.0070412
-0.00681086
-0.00676205
-0.00729242
-0.00704009
-0.00732283
-0.00732042
-0.00670741
-0.00671729
-0.00623915
-0.00690012
-0.00688316
-0.0066816
-0.00627151
-0.00618384
-0.00627127
-0.00553919
-0.00593051
-0.00619568
-0.00604497
-0.00725367
-0.00535014
-0.00657979
-0.00457935
-0.00687237
-0.00478203
-0.00648611
-0.00333858
-0.00528171
-0.00506715
-0.00493917
-0.00370947
-0.00477916
-0.00877801
-0.00207676
-0.00613076
-0.00684969
-0.00498177
-0.00526648
-0.00570287
-0.00601333
-0.00857181
-0.00680493
-0.00678598
-0.00728077
-0.00645604
-0.00700539
-0.00782958
-0.00576579
-0.00564287
-0.00562301
-0.00576583
-0.00541722
-0.00603932
-0.0048913
-0.00641914
-0.00616531
-0.00531125
-0.00504843
-0.00557741
-0.00508186
-0.00677932
-0.00575693
-0.00554879
-0.00593353
-0.00292637
-0.00533389
-0.0049429
-0.00703326
-0.00351214
-0.00552541
-0.00329376
-0.00651275
-0.000798889
-0.00512824
-0.00567202
-0.00487721
-0.00601133
-0.0054149
-0.00434168
-0.00559845
-0.00587604
-0.00534544
-0.00657177
-0.00570878
-0.00492564
-0.00579619
-0.00494796
-0.00590648
-0.00658829
-0.00546203
-0.00562864
-0.00518863
-0.00562005
-0.0057991
-0.00577403
-0.00579511
-0.00625179
-0.00610891
-0.00527165
-0.00579897
-0.00542706
-0.00563658
-0.00626559
-0.00548686
-0.00532947
-0.00588354
-0.00603853
-0.00582624
-0.00582898
-0.00594901
-0.00438427
-0.00545992
-0.00444867
-0.00469621
-0.00449309
-0.00472723
-0.00433646
-0.00411076
-0.00435148
-0.00496188
-0.0043534
-0.00495473
-0.00432935
-0.00389737
-0.00425446
-0.00510581
-0.00598529
-0.00572077
-0.00445073
-0.00729691
-0.00570177
-0.00352513
-0.00807295
-0.00325724
-0.00945957
-0.00331139
-0.00348053
-0.00921328
-0.00657158
-0.00492512
-0.00570793
-0.00579686
-0.00590777
-0.00494698
-0.00658815
-0.00487166
-0.00541012
-0.00598052
-0.00434953
-0.0058607
-0.00560626
-0.00534016
-0.00495082
-0.00555413
-0.00537453
-0.0054114
-0.00523085
-0.0054317
-0.00534739
-0.00556689
-0.00589583
-0.0052203
-0.00562549
-0.00589398
-0.00558047
-0.00550538
-0.00542057
-0.00516705
-0.00562927
-0.00555204
-0.00582672
-0.00570614
-0.00577997
-0.00406827
-0.00495438
-0.00435212
-0.00432988
-0.0049526
-0.00387409
-0.00429613
-0.00483275
-0.00532852
-0.00469983
-0.00485354
-0.00460469
-0.00462367
-0.00518948
-0.00426216
-0.00599484
-0.00511289
-0.00572343
-0.00445913
-0.00730337
-0.00570689
-0.00686472
-0.00396783
-0.00633744
-0.00484594
-0.00544461
-0.00699612
-0.00309414
-0.00205221
-0.00680303
-0.00612081
-0.00497432
-0.00572132
-0.00527047
-0.00598978
-0.00859946
-0.00681469
-0.0068422
-0.00731427
-0.0064857
-0.00703376
-0.00789487
-0.0064177
-0.00667969
-0.00678924
-0.0065875
-0.00663981
-0.00674913
-0.00635864
-0.00641729
-0.00530335
-0.00614526
-0.0050334
-0.00554637
-0.00506731
-0.00677554
-0.00575889
-0.00593916
-0.00555827
-0.00293108
-0.00534063
-0.00494438
-0.00703651
-0.00519214
-0.00513476
-0.00526404
-0.0049965
-0.00530449
-0.00454679
-0.00424348
-0.00968003
-0.0076601
-0.00759854
-0.00650921
-0.00453157
-0.00822317
-0.00873048
-0.00731019
-0.00666785
-0.00667917
-0.00621875
-0.00685518
-0.00688641
-0.00662493
-0.00723836
-0.00656015
-0.00534316
-0.00456133
-0.00476402
-0.00685739
-0.00646304
-0.00385573
-0.00230234
-0.00383098
-0.00389202
-0.00332951
-0.00249021
-0.00372114
-0.00519031
-0.00343831
-0.00454154
-0.00217102
-0.00564499
-0.0052251
-0.00299669
-0.00322783
-0.00369364
-0.0049567
-0.00387212
-0.0079746
-0.00279013
-0.0031091
-0.00626909
-0.00694705
-0.00506425
-0.00531367
-0.0076577
-0.00570401
-0.00497203
-0.00604454
-0.00611894
-0.00457924
-0.0041276
-0.00639372
-0.00597072
-0.00438074
-0.00702539
-0.00559172
-0.00780482
-0.00551322
-0.00727483
-0.00800901
-0.00512192
-0.00496613
-0.00488374
-0.00471908
-0.00431472
-0.00499307
-0.00479998
-0.00434705
-0.001669
-0.00259455
-0.00446402
-0.00396911
-0.00295421
-0.000919735
-0.00432082
0.000253423
-0.00234351
-0.0036075
-0.00375859
0.000449476
-0.00231444
-0.00377894
-0.00189586
-0.00445001
-0.00330827
-0.00399293
-0.00186191
-0.00321607
-0.0041028
-0.000272356
-0.00376096
-0.00218432
-0.0035508
-0.00226737
-0.00143476
-0.00387327
-0.00555317
-0.0065068
-0.00546775
-0.00548687
-0.00664415
-0.00557139
-0.00577564
-0.00414285
-0.0039316
-0.00523083
-0.00482116
-0.00405557
-0.003964
-0.0052832
-0.00532281
-0.00563624
-0.00674255
-0.00581285
-0.00522755
-0.00672289
-0.00581359
-0.0043598
-0.00502649
-0.00435783
-0.00481724
-0.00416437
-0.00450478
-0.00529021
-0.00529112
-0.0088324
-0.00823523
-0.00689868
-0.00793025
-0.00606186
-0.00743559
-0.00641471
-0.0088749
-0.00509307
-0.00682749
-0.00713615
-0.00588685
-0.00664342
-0.00700868
-0.0065737
-0.00678915
-0.00744364
-0.00674019
-0.00683961
-0.00708334
-0.00777552
-0.00737665
-0.00861365
-0.0065717
-0.00742505
-0.00760156
-0.00727759
-0.00748219
-0.00768057
-0.00753629
-0.00792059
-0.00644167
-0.00769423
-0.00792414
-0.00667969
-0.00727832
-0.00704766
-0.00730989
-0.0069093
-0.00673668
-0.00712075
-0.00680355
-0.00685097
-0.00675506
-0.00727509
-0.00684047
-0.00729198
-0.00710624
-0.00702052
-0.00706372
-0.00721991
-0.0073324
-0.00692852
-0.00709564
-0.00736325
-0.00689887
-0.00705798
-0.0080071
-0.00725093
-0.00774279
-0.00688754
-0.00722048
-0.00732627
-0.00736291
-0.00719939
-0.00760941
-0.00714185
-0.00726771
-0.0077023
-0.006953
-0.00695329
-0.00718275
-0.00727715
-0.00727289
-0.00681223
-0.00709593
-0.00706884
-0.00530575
-0.00671891
-0.00685871
-0.00512611
-0.00737847
-0.00693814
-0.00670561
-0.00714888
-0.00670315
-0.00687985
-0.00657271
-0.00655233
-0.00697628
-0.00695632
-0.00563487
-0.00518441
-0.00653602
-0.00685628
-0.0055895
-0.00721342
-0.00593833
-0.00602059
-0.00649124
-0.0057982
-0.0064778
-0.00632485
-0.00632775
-0.00593464
-0.00590788
-0.00625957
-0.00582873
-0.00626191
-0.00616674
-0.00613482
-0.00576589
-0.005715
-0.00574251
-0.0063766
-0.00604267
-0.00606816
-0.00631503
-0.00672596
-0.00690128
-0.007193
-0.00658015
-0.00666671
-0.00640036
-0.00698342
-0.00655646
-0.00636656
-0.00679274
-0.0062698
-0.00704572
-0.00684424
-0.00653723
-0.00682633
-0.00653628
-0.006487
-0.00660413
-0.00709679
-0.00693171
-0.00623753
-0.00562926
-0.00562199
-0.00657154
-0.00576428
-0.00621841
-0.00609454
-0.00602168
-0.0062562
-0.00635123
-0.00638363
-0.00609173
-0.00636836
-0.00640748
-0.00577558
-0.00571054
-0.00574904
-0.0055031
-0.00598146
-0.0054803
-0.00601381
-0.00613613
-0.00486778
-0.00555993
-0.00552427
-0.00552705
-0.00502544
-0.005068
-0.00551315
-0.00552852
-0.00510768
-0.00479239
-0.00511812
-0.00530467
-0.00525091
-0.00512168
-0.00518933
-0.00566303
-0.00546521
-0.00554069
-0.00541868
-0.00575596
-0.0055758
-0.00528241
-0.00612009
-0.00506587
-0.00506059
-0.00524797
-0.00531631
-0.00555567
-0.00526088
-0.00596223
-0.00855747
-0.00557759
-0.00290275
-0.00814
-0.00784295
-0.00427735
-0.00384817
-0.00613572
-0.00629359
-0.00541534
-0.00670989
-0.00598971
-0.00515569
-0.00585333
-0.00442701
-0.00551882
-0.0040665
-0.00571782
-0.00601081
-0.00598499
-0.00614593
-0.00557952
-0.00661452
-0.00793557
-0.00745805
-0.00589977
-0.00582327
-0.00528101
-0.00844174
-0.0056687
-0.00684263
-0.00451726
-0.00599894
-0.00584298
-0.00570776
-0.00608419
-0.00571661
-0.00617679
-0.00559323
-0.00551443
-0.00567644
-0.0054569
-0.00554466
-0.00543277
-0.00548827
-0.00573008
-0.00576153
-0.00547904
-0.00521014
-0.00554378
-0.00520435
-0.0055196
-0.00569849
-0.00570072
-0.00962824
-0.00988483
-0.00562403
-0.00545143
-0.00993741
-0.0100509
-0.00577231
-0.00548082
-0.00406135
-0.0052903
-0.00481243
-0.00473638
-0.00426537
-0.00563851
-0.00829286
-0.00624937
-0.00561127
-0.00816563
-0.00902236
-0.00609219
-0.00721368
-0.00638552
-0.00653181
-0.00546156
-0.0050638
-0.00400441
-0.00924827
-0.00563614
-0.00563177
-0.00592583
-0.0061592
-0.00595533
-0.00607067
-0.00575117
-0.00605864
-0.00521085
-0.00547923
-0.00554412
-0.00520748
-0.00552059
-0.00569978
-0.00570112
-0.00545949
-0.00567733
-0.00554738
-0.00543405
-0.00549059
-0.00573165
-0.00576312
-0.0023869
-0.00385775
-0.00405401
-0.00421094
-0.0025247
-0.00372988
-0.00417541
-0.00143936
-0.00375178
-0.00522835
-0.00453296
-0.00397233
0.00248892
-0.00419153
-0.00484299
-0.00547589
-0.0066739
-0.00585314
-0.00873301
-0.00605957
-0.0052618
-0.00588219
-0.00182457
-0.00830245
-0.00699357
-0.00856596
-0.00539748
-0.00599055
-0.0051676
-0.00578227
-0.0070346
-0.00582971
-0.00609573
-0.00581221
-0.00529737
-0.0057145
-0.00577173
-0.0057494
-0.00636719
-0.00603916
-0.00630734
-0.00606285
-0.00508648
-0.00509951
-0.00656879
-0.00526696
-0.00655959
-0.00552467
-0.00664782
-0.00602626
-0.00594222
-0.00648967
-0.00580193
-0.00647483
-0.00632072
-0.00632816
-0.00623116
-0.00660228
-0.00701021
-0.00617669
-0.00655367
-0.00647313
-0.00707962
-0.00636673
-0.00655484
-0.00679344
-0.00626878
-0.00704387
-0.00684358
-0.00653819
-0.00642593
-0.00700555
-0.00727835
-0.00653651
-0.0066248
-0.00660362
-0.00704336
-0.00653975
-0.00682675
-0.00648853
-0.00660727
-0.00709336
-0.00693152
-0.00624858
-0.00574791
-0.00571135
-0.00550786
-0.0059833
-0.00548174
-0.00601817
-0.00613492
-0.00638744
-0.00660786
-0.00661207
-0.00650193
-0.00635585
-0.00628403
-0.00654547
-0.0056136
-0.0056263
-0.00655934
-0.00622674
-0.00577225
-0.00607473
-0.00601265
-0.00588711
-0.00580383
-0.00686461
-0.00574448
-0.00650467
-0.00624925
-0.00667833
-0.00614079
-0.00705957
-0.00734438
-0.00718367
-0.00744089
-0.00729988
-0.00682664
-0.00717445
-0.00582007
-0.00582246
-0.00668369
-0.00595576
-0.00711556
-0.00627983
-0.00576286
-0.00611676
-0.00717808
-0.00712836
-0.00706807
-0.00702497
-0.00665127
-0.00768796
-0.00647475
-0.00743962
-0.00623076
-0.00619116
-0.00632712
-0.00753
-0.00518175
-0.00614846
-0.00549456
-0.00554366
-0.00516734
-0.0054945
-0.00621663
-0.00683147
-0.0072396
-0.00697854
-0.00743224
-0.00694523
-0.00748383
-0.00732206
-0.00612316
-0.00776341
-0.00739258
-0.00739934
-0.00659121
-0.00821832
-0.00814227
-0.0102327
-0.00843212
-0.00994638
-0.00903396
-0.00864663
-0.00912258
-0.00925509
-0.00766036
-0.00817326
-0.00820542
-0.00842293
-0.00846198
-0.00795496
-0.00804673
-0.00793879
-0.00862067
-0.00818161
-0.00876348
-0.00842332
-0.00796938
-0.00837441
-0.00843437
-0.00831056
-0.00832349
-0.00897678
-0.00771787
-0.00838512
-0.00871553
-0.00863169
-0.008503
-0.00950898
-0.00857694
-0.00889115
-0.00875938
-0.00874711
-0.00803787
-0.00851936
-0.00850301
-0.00860998
-0.00840836
-0.0083061
-0.00832794
-0.00777947
-0.00749676
-0.0074841
-0.00788878
-0.00713941
-0.00781679
-0.00792464
-0.00788652
-0.00815703
-0.00776234
-0.00806518
-0.0080684
-0.00810795
-0.00793096
-0.00804073
-0.00792039
-0.00811342
-0.00790348
-0.00761202
-0.00804767
-0.00828226
-0.0082007
-0.00801678
-0.00802241
-0.00788599
-0.00810887
-0.00825866
-0.00803173
-0.00845355
-0.00885856
-0.00696003
-0.00770729
-0.00845129
-0.00823348
-0.00769226
-0.00748728
-0.00722135
-0.00597918
-0.00766077
-0.00691632
-0.00826521
-0.00739113
-0.00742972
-0.00767496
-0.00752473
-0.00787825
-0.00744632
-0.00755339
-0.00768523
-0.00739147
-0.00827746
-0.00810613
-0.0075137
-0.00760073
-0.00760929
-0.00785658
-0.00638737
-0.00658135
-0.00648208
-0.00636747
-0.00665588
-0.0066952
-0.0066798
-0.00750021
-0.0071506
-0.00725796
-0.00742488
-0.00740166
-0.00750388
-0.00734855
-0.00747288
-0.00770501
-0.00757673
-0.00745696
-0.00720523
-0.0074165
-0.00755327
-0.0079526
-0.00787821
-0.00781023
-0.00767514
-0.00787655
-0.00773512
-0.0078026
-0.00671962
-0.00703135
-0.00681889
-0.00707212
-0.00717717
-0.00694906
-0.00721457
-0.00651682
-0.00619375
-0.00628262
-0.00638791
-0.0063443
-0.00652628
-0.00623244
-0.00586058
-0.00593433
-0.00567558
-0.0060878
-0.00574639
-0.00599205
-0.005883
-0.00703786
-0.00709038
-0.00685673
-0.00669999
-0.00684941
-0.00681668
-0.00686411
-0.00643459
-0.00720945
-0.00735631
-0.00677062
-0.00668527
-0.00676767
-0.00704346
-0.0060638
-0.00649902
-0.00611115
-0.00627292
-0.00692042
-0.0064467
-0.00678324
-0.000615944
-0.00538945
-0.00679566
-0.00658846
-0.00594038
-0.00549391
-0.00647765
-0.0059656
-0.00688101
-0.00573035
-0.00532575
-0.00575668
-0.00658772
-0.00543851
-0.00630527
-0.00252556
-0.0059205
-0.00552696
-0.005754
-0.00691719
-0.00604916
-0.0062431
-0.00569887
-0.00587329
-0.00619289
-0.00597066
-0.00542196
-0.00624121
-0.00549043
-0.00557921
-0.00571567
-0.00598634
-0.00630171
-0.00560223
-0.00575209
-0.00519009
-0.00473623
-0.00572243
-0.00613408
-0.00597734
-0.00471663
-0.00494851
-0.00470799
-0.00436387
-0.00523024
-0.00592882
-0.0043485
-0.00459773
-0.00593706
-0.00678793
-0.00607149
-0.0054816
-0.00519574
-0.00681928
-0.00603868
-0.00550827
-0.00513889
-0.00569944
-0.00525471
-0.00617621
-0.00546531
-0.00583648
-0.00610646
-0.00633291
-0.00505398
-0.00476013
-0.00484797
-0.00538535
-0.00547339
-0.00564813
-0.00633603
-0.00580373
-0.00567215
-0.00646116
-0.00492005
-0.00577356
-0.00630076
-0.00578091
-0.00701992
-0.00606337
-0.00607569
-0.00410902
-0.00613391
-0.00614963
-0.00609298
-0.00573478
-0.00575019
-0.00583988
-0.00607926
-0.00561178
-0.00586126
-0.00715605
-0.00750364
-0.0072613
-0.00742763
-0.00741172
-0.00735414
-0.00751609
-0.00828254
-0.00736552
-0.00809915
-0.00751148
-0.00760201
-0.0076307
-0.00786816
-0.00671398
-0.0070226
-0.00681642
-0.00706735
-0.00717011
-0.00694218
-0.00720603
-0.00733852
-0.00756989
-0.00767607
-0.00715689
-0.00740533
-0.00738569
-0.00753077
-0.00790672
-0.00788911
-0.00779777
-0.00768227
-0.00785546
-0.00770744
-0.00782385
-0.00594985
-0.0058747
-0.00569349
-0.00576094
-0.00610076
-0.00600395
-0.0058968
-0.00694333
-0.00675918
-0.00683553
-0.00672578
-0.00652651
-0.00670086
-0.0067187
-0.00607616
-0.00650352
-0.00610418
-0.00624895
-0.00691971
-0.00644294
-0.00679144
-0.00705158
-0.00707514
-0.00675471
-0.00669325
-0.00686682
-0.00684
-0.00686535
-0.00643355
-0.00735692
-0.00721324
-0.00668024
-0.00676723
-0.00677435
-0.0070455
-0.00556186
-0.00587302
-0.00604217
-0.006082
-0.00542161
-0.00555722
-0.00728627
-0.00674117
-0.00692985
-0.00537889
-0.00551378
-0.00597044
-0.00669681
-0.00667366
-0.00538265
-0.00630445
-0.00656816
-0.0066226
-0.00549751
-0.00683436
-0.00723711
-0.00647972
-0.0069828
-0.00740225
-0.00733986
-0.00694566
-0.00674909
-0.00770002
-0.00713935
-0.00718854
-0.00705209
-0.00719705
-0.00707594
-0.00726835
-0.00737487
-0.00721164
-0.00761403
-0.00599237
-0.00770696
-0.00648661
-0.00792512
-0.00854026
-0.00820331
-0.00741942
-0.00759662
-0.00981197
-0.00754625
-0.00917583
-0.00931984
-0.00879275
-0.00864559
-0.0088613
-0.00876816
-0.00883869
-0.00879685
-0.00866786
-0.00858615
-0.0088301
-0.00881506
-0.00876748
-0.00854012
-0.00849169
-0.00865975
-0.00882002
-0.00887096
-0.00882858
-0.00898545
-0.00863064
-0.00859699
-0.00906747
-0.00866755
-0.00838428
-0.00848594
-0.00889658
-0.00862666
-0.00894607
-0.00840866
-0.00829243
-0.00784463
-0.00809404
-0.00854916
-0.00834184
-0.00859507
-0.00777801
-0.00854862
-0.00836498
-0.00878987
-0.00842383
-0.00810002
-0.00826352
-0.00814167
-0.00835988
-0.00834663
-0.00848107
-0.00797572
-0.00837984
-0.00828518
-0.00781183
-0.00837211
-0.00839806
-0.0079385
-0.00824466
-0.00792625
-0.00812649
-0.00841797
-0.0080164
-0.00783526
-0.00870257
-0.00828534
-0.00766908
-0.00817021
-0.00848661
-0.00829242
-0.00813848
-0.00783825
-0.00798414
-0.00817414
-0.00811043
-0.00809071
-0.00826376
-0.00877179
-0.00857021
-0.00828865
-0.00835627
-0.00863398
-0.00850663
-0.00845296
-0.00877819
-0.00700101
-0.00804562
-0.00850788
-0.0083898
-0.00852835
-0.00534781
-0.00718267
-0.00775104
-0.00737906
-0.00684078
-0.00731467
-0.00903189
-0.0061304
-0.00617589
-0.00659777
-0.00628829
-0.00670916
-0.00636383
-0.00627784
-0.0069275
-0.00694053
-0.00717386
-0.00687372
-0.00695808
-0.00665847
-0.00675144
-0.00651064
-0.00671748
-0.00671247
-0.00661793
-0.00651629
-0.00650521
-0.00668442
-0.00649787
-0.00493654
-0.00506624
-0.00638207
-0.00520541
-0.00526197
-0.00635772
-0.00535821
-0.00540885
-0.00526163
-0.00537107
-0.00523976
-0.00553749
-0.00544292
-0.00533432
-0.0059102
-0.00546751
-0.00564133
-0.00515028
-0.00556214
-0.00574736
-0.00513527
-0.00522471
-0.00517005
-0.00539807
-0.00536794
-0.0053073
-0.00546025
-0.00568984
-0.00480032
-0.00500325
-0.0046065
-0.00544764
-0.00487403
-0.00438477
-0.0062241
-0.00613951
-0.00592638
-0.00615765
-0.00597386
-0.00598214
-0.00589025
-0.00518784
-0.00448299
-0.00529066
-0.00508556
-0.00541754
-0.00544947
-0.005329
-0.00478865
-0.00456959
-0.00537074
-0.00486981
-0.00528131
-0.00555174
-0.00559442
-0.00662004
-0.004121
-0.00181437
-0.00492805
-0.0073855
-0.00522579
-0.00463817
-0.00703785
-0.00090866
-0.00796294
-0.00512012
-0.00577203
-0.00845473
-0.0044011
-0.00629806
-0.00615928
-0.0061653
-0.00616104
-0.00615717
-0.00614844
-0.0061986
-0.00456992
-0.00479932
-0.00537012
-0.00487003
-0.0052853
-0.005556
-0.00559408
-0.0044941
-0.00521792
-0.0052908
-0.0050868
-0.00541891
-0.00545214
-0.00533398
-0.0031892
-0.00130528
-0.0061073
-0.0052286
-0.00213453
-0.00437962
-0.00584264
-0.00918468
0.00102304
0.00126054
-0.00682042
0.000892475
-0.00937634
-0.00677675
-0.00256007
-0.00753512
-0.00108032
-0.00673771
-0.00233424
-0.00148517
-0.00646426
-0.00614672
-0.00661427
-0.00636071
-0.00632669
-0.00613238
-0.00683228
-0.00636789
-0.00649947
-0.00670766
-0.00669619
-0.00660557
-0.00651115
-0.00649714
-0.00667644
-0.00691228
-0.00715967
-0.00693218
-0.00694278
-0.00686143
-0.00664409
-0.00674274
-0.00540066
-0.00533782
-0.0052545
-0.00545476
-0.0052325
-0.00552726
-0.00544464
-0.00495056
-0.00651583
-0.00507468
-0.00521823
-0.00639819
-0.00527425
-0.00636869
-0.00513165
-0.0052181
-0.0051656
-0.00541115
-0.00536549
-0.00530929
-0.00545975
-0.00532703
-0.00545993
-0.00591218
-0.00514582
-0.00563338
-0.005569
-0.00574543
-0.00345319
-0.0072755
-0.00757116
-0.00521446
-0.00449293
-0.00643723
-0.00401421
-0.00585521
-0.00643294
-0.00478035
-0.00465868
-0.00559026
-0.00382377
-0.00463134
-0.00689336
-0.00689468
-0.00700412
-0.00735699
-0.00685238
-0.00727651
-0.00709382
-0.00679534
-0.00664968
-0.00654096
-0.00657585
-0.00673795
-0.00726252
-0.00656862
-0.00710755
-0.00665767
-0.00682369
-0.00671026
-0.00662505
-0.00695104
-0.00663742
-0.00721251
-0.00681015
-0.00652397
-0.0079414
-0.00681576
-0.00666487
-0.00661608
-0.00820878
-0.00866599
-0.00837078
-0.00833365
-0.00861978
-0.00849937
-0.00866925
-0.00867162
-0.00877034
-0.00886315
-0.00874882
-0.00878813
-0.00879397
-0.00872249
-0.00858658
-0.00884641
-0.00877579
-0.00865908
-0.00873846
-0.00842624
-0.00865916
-0.00877133
-0.00891313
-0.00883951
-0.00896944
-0.00866955
-0.00860305
-0.00909704
-0.00910681
-0.00881071
-0.00922457
-0.00844592
-0.00881314
-0.00877621
-0.00946974
-0.00838401
-0.00866044
-0.00851695
-0.00886213
-0.00870985
-0.00899343
-0.00843479
-0.00896798
-0.00821595
-0.00860148
-0.00800953
-0.00826459
-0.00828478
-0.0090139
-0.00783946
-0.00832655
-0.00812897
-0.00859718
-0.008378
-0.00864233
-0.0078166
-0.00807285
-0.00835846
-0.00823006
-0.00782198
-0.008348
-0.00805387
-0.00819771
-0.00839047
-0.00853309
-0.00881643
-0.00810731
-0.00843703
-0.00827523
-0.00813913
-0.0083111
-0.00835169
-0.00833148
-0.00791136
-0.00841194
-0.00828753
-0.00783188
-0.00833668
-0.00794792
-0.00844651
-0.00783068
-0.00826225
-0.00811942
-0.0083974
-0.00620848
-0.00739708
-0.00866742
-0.00887348
-0.00721147
-0.00740962
-0.00880001
-0.00894186
-0.00884621
-0.00895096
-0.00905819
-0.00882689
-0.00934765
-0.00896407
-0.00880765
-0.0090297
-0.00918236
-0.00909653
-0.00885379
-0.00864299
-0.00921228
-0.00876697
-0.00858812
-0.00908871
-0.0091972
-0.00883026
-0.00879142
-0.0088248
-0.00898638
-0.00892904
-0.00855771
-0.00831001
-0.00874995
-0.008781
-0.00878091
-0.0086064
-0.00849935
-0.00843218
-0.00881329
-0.00815824
-0.00881747
-0.00864473
-0.00863102
-0.0082
-0.00835337
-0.00862108
-0.00863031
-0.0082438
-0.0085046
-0.00834687
-0.00837289
-0.00841825
-0.00820616
-0.00835671
-0.00884193
-0.00817343
-0.00853672
-0.00865558
-0.00835812
-0.00869953
-0.00848329
-0.00838262
-0.0090085
-0.00898233
-0.0089946
-0.00907891
-0.00914106
-0.00901083
-0.00912893
-0.00898331
-0.00903285
-0.00891739
-0.00914148
-0.00901483
-0.00921886
-0.00904416
-0.00903773
-0.00892673
-0.0090341
-0.00911333
-0.00940649
-0.00918539
-0.00901874
-0.00893717
-0.0088351
-0.00867575
-0.00875084
-0.00912962
-0.00881813
-0.00912823
-0.00878889
-0.00866326
-0.00879414
-0.00881099
-0.00872993
-0.00872317
-0.0087049
-0.00883265
-0.00886082
-0.00870975
-0.00927939
-0.00903133
-0.00900176
-0.00890008
-0.00907888
-0.00863913
-0.00888081
-0.00868348
-0.00877469
-0.00865817
-0.00883618
-0.00867535
-0.0094993
-0.00965201
-0.00892642
-0.00905552
-0.00908051
-0.00952144
-0.00897242
-0.00893893
-0.00862229
-0.00868803
-0.007815
-0.00955671
-0.00766332
-0.00867319
-0.00878615
-0.00852457
-0.00866165
-0.00837112
-0.00868391
-0.00875272
-0.00841894
-0.00920013
-0.00892971
-0.00946608
-0.00820043
-0.00936771
-0.00912837
-0.00870526
-0.00848517
-0.00867174
-0.00809415
-0.008497
-0.0078016
-0.0085857
-0.00852511
-0.00908644
-0.00903855
-0.00887326
-0.00910298
-0.00892157
-0.00860645
-0.00858284
-0.00835401
-0.00801397
-0.00826507
-0.00823114
-0.0080065
-0.00819853
-0.00816338
-0.00824538
-0.00805535
-0.00805646
-0.0081047
-0.0080144
-0.00815613
-0.00817498
-0.00782656
-0.00758309
-0.00744736
-0.00745359
-0.00767843
-0.00781686
-0.00776896
-0.0073016
-0.00665122
-0.00718823
-0.00772357
-0.0079183
-0.00641545
-0.00720872
-0.00761601
-0.00743407
-0.00748016
-0.00754282
-0.00747872
-0.00743099
-0.00756294
-0.00757895
-0.00801046
-0.00745735
-0.00812406
-0.00871563
-0.00764371
-0.00752819
-0.00751691
-0.00756294
-0.0078499
-0.00739904
-0.0082123
-0.00745231
-0.00752113
-0.00718515
-0.00696409
-0.00664867
-0.00707697
-0.00682958
-0.00663314
-0.0064508
-0.00583082
-0.00533295
-0.00562086
-0.00587774
-0.00544777
-0.00586283
-0.00562403
-0.00578125
-0.00608727
-0.00560623
-0.00605781
-0.005501
-0.00594894
-0.00598068
-0.0047767
-0.0043436
-0.00458348
-0.00518891
-0.00485662
-0.00493622
-0.00525878
-0.0045928
-0.00352646
-0.00813778
-0.00533454
-0.00509314
-0.00627826
-0.00470284
-0.00741334
-0.00553223
-0.00536184
-0.00767039
-0.00579043
-0.0080261
-0.00752741
-0.00672161
-0.00588271
-0.00756939
-0.00612572
-0.00600262
-0.0064075
-0.00723934
-0.00700813
-0.0056106
-0.00674492
-0.007263
-0.00620141
-0.00615837
-0.00737113
-0.0069294
-0.00519749
-0.00539979
-0.00663907
-0.00509623
-0.0076088
-0.00653615
-0.00701414
-0.00678232
-0.00588624
-0.00519392
-0.00693512
-0.00666657
-0.00527291
-0.00763133
-0.0055517
-0.00600993
-0.00642416
-0.00691751
-0.00535944
-0.00752739
-0.00697773
-0.00551612
-0.00512654
-0.00674233
-0.00686604
-0.00515481
-0.00671589
-0.00701626
-0.0071422
-0.00731839
-0.00697104
-0.00712551
-0.00680674
-0.0068291
-0.00717993
-0.00664785
-0.0069608
-0.00682595
-0.00707229
-0.00662921
-0.00644947
-0.00532649
-0.00582957
-0.00560596
-0.00543667
-0.00584935
-0.00587173
-0.00563637
-0.00577458
-0.00558205
-0.00608197
-0.00547599
-0.00606212
-0.00596202
-0.00599692
-0.00534378
-0.00528698
-0.00637562
-0.00621688
-0.00529339
-0.00540527
-0.00604811
-0.008985
-0.00895747
-0.00898567
-0.00897065
-0.00898867
-0.008678
-0.00873967
-0.00898793
-0.00888972
-0.00886815
-0.00895116
-0.00895866
-0.00866319
-0.00863673
-0.00800375
-0.00840027
-0.00829043
-0.00797625
-0.00828033
-0.00826106
-0.00820148
-0.00820813
-0.00803101
-0.00816463
-0.00801091
-0.00820199
-0.00824545
-0.00826823
-0.00783668
-0.0057436
-0.00824877
-0.00801814
-0.00745406
-0.00698982
-0.00791866
-0.00720025
-0.00796083
-0.00913718
-0.00745495
-0.00842998
-0.00712577
-0.00716389
-0.00750192
-0.0078209
-0.00901289
-0.00751536
-0.00832464
-0.00741623
-0.00756168
-0.0077202
-0.00768212
-0.00756547
-0.00743086
-0.00755165
-0.00762931
-0.00743496
-0.00798272
-0.00774824
-0.0076422
-0.00741077
-0.00759323
-0.00794549
-0.00762785
-0.00937813
-0.00938633
-0.00925948
-0.00991086
-0.00933372
-0.00968167
-0.00945035
-0.00909841
-0.00925254
-0.00923615
-0.0085189
-0.00871683
-0.00923035
-0.0090816
-0.00777962
-0.00809288
-0.00833454
-0.00909381
-0.00796801
-0.00804316
-0.00822479
-0.00903266
-0.00909567
-0.00915019
-0.00924669
-0.00922896
-0.0092417
-0.00912628
-0.00885474
-0.0089655
-0.00902445
-0.00911927
-0.00880072
-0.0090299
-0.00905382
-0.00900616
-0.00908041
-0.00916067
-0.00914062
-0.00896051
-0.00922868
-0.00918324
-0.00893345
-0.00917672
-0.00913364
-0.00931045
-0.00900733
-0.00910004
-0.00913816
-0.0089949
-0.00874853
-0.0088715
-0.00919097
-0.00891276
-0.00915681
-0.00903639
-0.00889789
-0.00886633
-0.00896788
-0.0088691
-0.00887488
-0.00885564
-0.00899179
-0.00894784
-0.00872449
-0.00886704
-0.0090919
-0.00891868
-0.00888102
-0.00912112
-0.0089126
-0.00902012
-0.00885002
-0.00879277
-0.00884105
-0.00901244
-0.00890996
-0.00904187
-0.00932437
-0.00884644
-0.00868114
-0.00894029
-0.00941081
-0.00890503
-0.0085112
-0.00824692
-0.00846593
-0.0085221
-0.00849624
-0.00852521
-0.00850676
-0.00923253
-0.00878453
-0.0091058
-0.00899995
-0.00978366
-0.00907292
-0.00891485
-0.00857261
-0.00842379
-0.00841369
-0.00843329
-0.00836019
-0.00846824
-0.00838886
-0.00911446
-0.00904362
-0.00908828
-0.00906373
-0.00903167
-0.00861567
-0.00874099
-0.00805491
-0.00807635
-0.00819995
-0.00806361
-0.00805275
-0.0081533
-0.00817291
-0.00821433
-0.00823584
-0.0079729
-0.00818389
-0.00801231
-0.00817896
-0.00809438
-0.00755909
-0.0072841
-0.00749495
-0.0074679
-0.00780129
-0.0068501
-0.0073334
-0.00715644
-0.00682447
-0.0076449
-0.007772
-0.00632702
-0.00691501
-0.00855421
-0.00777558
-0.00771755
-0.00790604
-0.00817669
-0.00778269
-0.00778161
-0.00794714
-0.00812022
-0.00774606
-0.00790443
-0.00759751
-0.00807965
-0.0075876
-0.00777838
-0.00809845
-0.00801424
-0.0081165
-0.00827205
-0.0083155
-0.00794738
-0.00809837
-0.00821531
-0.0074908
-0.00773103
-0.00772966
-0.00820959
-0.00779628
-0.00787766
-0.00615311
-0.00632963
-0.00565292
-0.00642716
-0.00597258
-0.0060533
-0.00599512
-0.00618368
-0.00572069
-0.00612592
-0.00617649
-0.0058101
-0.00612952
-0.00607802
-0.0061992
-0.00612697
-0.00597782
-0.00613871
-0.0058998
-0.00611151
-0.00600492
-0.00569003
-0.00577657
-0.006388
-0.00566737
-0.00619371
-0.00581588
-0.00585181
-0.00585328
-0.00597537
-0.00694172
-0.00542462
-0.00575507
-0.00611306
-0.00650889
-0.00554156
-0.00582196
-0.00598863
-0.00565876
-0.00561313
-0.00602527
-0.0056897
-0.00408648
-0.00462194
-0.00406232
-0.00363699
-0.00426984
-0.00429769
-0.00341922
-0.00564907
-0.00584342
-0.00423918
-0.00391725
-0.00596334
-0.00563177
-0.00409484
-0.00500483
-0.00469026
-0.00471975
-0.00496489
-0.00508354
-0.00451988
-0.00404648
-0.00549154
-0.00371582
-0.00355871
-0.00526631
-0.00514128
-0.00390394
-0.00557949
-0.00333517
-0.00448039
-0.00420544
-0.00360897
-0.00467491
-0.00313385
-0.00271067
-0.00363611
-0.00428374
-0.00550431
-0.00491511
-0.00436335
-0.00358763
-0.00494723
-0.00381943
-0.00489211
-0.00542236
-0.00471969
-0.00452979
-0.00492881
-0.00390476
-0.00334557
-0.00390042
-0.00483076
-0.00208707
-0.00333512
-0.00478796
-0.00224199
-0.00636724
-0.00676267
-0.00641029
-0.00610833
-0.00661453
-0.0060821
-0.00622431
-0.0061513
-0.00565914
-0.00633816
-0.00597267
-0.00642139
-0.00604962
-0.00599558
-0.00570595
-0.00617981
-0.00612026
-0.00580843
-0.00617808
-0.00614518
-0.00609817
-0.0061975
-0.00598483
-0.00612527
-0.0059004
-0.00614682
-0.00613564
-0.00602208
-0.00659859
-0.00635009
-0.00627966
-0.00691248
-0.00687267
-0.00637789
-0.00614116
-0.00651748
-0.00620619
-0.00619977
-0.00638152
-0.00613766
-0.00631782
-0.00636922
-0.00611774
-0.00610334
-0.00701903
-0.0065718
-0.00639988
-0.00574828
-0.00551795
-0.00837888
-0.00805771
-0.00803948
-0.00803364
-0.00836178
-0.00797622
-0.00784998
-0.0102391
-0.00889707
-0.00818957
-0.00830068
-0.00898047
-0.00754243
-0.00818626
-0.00888309
-0.0088345
-0.00908538
-0.0090219
-0.00887197
-0.00863037
-0.00862251
-0.00899336
-0.00909383
-0.00895144
-0.00901693
-0.00892134
-0.00866452
-0.00877587
-0.00807336
-0.00813957
-0.00815278
-0.00809023
-0.00812084
-0.00820827
-0.00824776
-0.00816919
-0.00799101
-0.0082814
-0.00805096
-0.00813922
-0.00819179
-0.00812718
-0.00900534
-0.00930733
-0.00942744
-0.00891965
-0.00933069
-0.00887655
-0.00893834
-0.00895551
-0.00843222
-0.00863897
-0.00779599
-0.00897111
-0.00833046
-0.00876695
-0.00910852
-0.00933673
-0.0091635
-0.00870074
-0.00907932
-0.00928672
-0.00886757
-0.00848528
-0.00815163
-0.00928964
-0.00843647
-0.00892293
-0.00808185
-0.00922502
-0.00872262
-0.00811968
-0.00885563
-0.00765532
-0.00873528
-0.00806976
-0.00876211
-0.00780388
-0.00973944
-0.00851758
-0.00790544
-0.0079048
-0.00927049
-0.00716722
-0.00877132
-0.00897159
-0.00887773
-0.00939809
-0.00933843
-0.00868658
-0.00957225
-0.00994266
-0.00908739
-0.00866388
-0.0101934
-0.00811028
-0.0112639
-0.00942354
-0.00938163
-0.0089383
-0.00892494
-0.00876045
-0.00890291
-0.00920876
-0.00912298
-0.00894518
-0.00880293
-0.0088851
-0.00905329
-0.00863519
-0.00913703
-0.00857524
-0.0087349
-0.00861528
-0.0084518
-0.00862726
-0.00856334
-0.00883054
-0.00877124
-0.00872679
-0.00869533
-0.00846067
-0.00882253
-0.00860497
-0.00883558
-0.00858552
-0.00913178
-0.00878025
-0.00916681
-0.00862258
-0.00840551
-0.00873349
-0.009451
-0.00847711
-0.00861817
-0.00835634
-0.00869083
-0.00889726
-0.00897326
-0.00840499
-0.00859779
-0.00852498
-0.00899001
-0.00832986
-0.00807701
-0.00831538
-0.00899679
-0.0082973
-0.00851338
-0.00807386
-0.00841405
-0.00865503
-0.00866231
-0.00798008
-0.008318
-0.0078578
-0.00822061
-0.00820501
-0.00774203
-0.00814602
-0.00836381
-0.00840758
-0.00858489
-0.00830863
-0.00846248
-0.00811997
-0.00814937
-0.00836745
-0.00851557
-0.00888003
-0.0083039
-0.00842297
-0.0080647
-0.00845937
-0.00818797
-0.00727364
-0.00766828
-0.00823081
-0.00754772
-0.00814201
-0.00796796
-0.00807941
-0.00702771
-0.00719875
-0.00719835
-0.00573807
-0.0071105
-0.00733448
-0.00660833
-0.00798749
-0.00773709
-0.00725524
-0.00922007
-0.00709033
-0.0101775
-0.00829476
-0.00713886
-0.00709908
-0.00727525
-0.00696471
-0.00729236
-0.00754644
-0.0067513
-0.0056001
-0.00563852
-0.00569967
-0.00603616
-0.00567932
-0.00585057
-0.00586018
-0.00572674
-0.00698079
-0.00590327
-0.00613994
-0.0059513
-0.00705254
-0.00684257
-0.00599702
-0.00616949
-0.00614447
-0.00594759
-0.00639773
-0.00607295
-0.0058269
-0.00605507
-0.00601865
-0.00579556
-0.00576723
-0.00575377
-0.0057567
-0.00597956
-0.00574661
-0.0055125
-0.00559018
-0.00566722
-0.00562142
-0.00578586
-0.00558497
-0.0054264
-0.00607797
-0.00532105
-0.00575719
-0.00592288
-0.00546052
-0.00557669
-0.00539623
-0.00501237
-0.00524038
-0.00555199
-0.00509056
-0.00547393
-0.00546601
-0.0063846
-0.00577467
-0.00563978
-0.00531427
-0.0052564
-0.00481229
-0.00517087
-0.00627748
-0.00596105
-0.00557351
-0.00516512
-0.00548652
-0.00584473
-0.00584613
-0.00571157
-0.00618146
-0.00567798
-0.00579346
-0.00612874
-0.00558372
-0.00569375
-0.00548648
-0.00574595
-0.00577505
-0.00551135
-0.00597647
-0.00543168
-0.00534076
-0.0051546
-0.005002
-0.0049837
-0.00506683
-0.00500886
-0.00529204
-0.00526276
-0.00496833
-0.00492256
-0.00491223
-0.0049775
-0.00495706
-0.00524554
-0.00521197
-0.00548684
-0.0057752
-0.00574678
-0.0055117
-0.00597667
-0.00543174
-0.00534091
-0.00571088
-0.00567901
-0.00618304
-0.00579397
-0.00612949
-0.0055837
-0.00569308
-0.00496942
-0.0049126
-0.00492501
-0.00497851
-0.00495969
-0.00524874
-0.0052133
-0.00515544
-0.00498644
-0.0050074
-0.00506719
-0.00501129
-0.00529482
-0.00526613
-0.00593694
-0.00618063
-0.00576761
-0.00577031
-0.00626686
-0.00603257
-0.00592922
-0.00599492
-0.00614629
-0.00617625
-0.00595786
-0.00640462
-0.00607427
-0.00582457
-0.005745
-0.00591069
-0.00699103
-0.00707184
-0.00595943
-0.00613935
-0.00685801
-0.00670283
-0.00656016
-0.00675144
-0.00671939
-0.00674843
-0.00680631
-0.0065257
-0.00575309
-0.00551545
-0.00559772
-0.00566074
-0.00562563
-0.00579176
-0.00558749
-0.00603173
-0.00606923
-0.00582917
-0.00576417
-0.00571874
-0.00576846
-0.00599596
-0.0053998
-0.00524434
-0.00501644
-0.00555653
-0.00509274
-0.00547799
-0.0054698
-0.00617258
-0.00586527
-0.00578537
-0.00590368
-0.00558151
-0.0057976
-0.00623478
-0.00545906
-0.00533037
-0.00609194
-0.00593031
-0.00575249
-0.00546289
-0.00557617
-0.00524445
-0.00553691
-0.00576088
-0.00601586
-0.00545771
-0.0052888
-0.00611325
-0.00554682
-0.00524954
-0.00608929
-0.00582127
-0.00549383
-0.00628991
-0.00603085
-0.00550542
-0.00530172
-0.00581846
-0.00535957
-0.00511914
-0.00634852
-0.00621362
-0.00902029
-0.00887446
-0.00885031
-0.00879063
-0.00879078
-0.00850092
-0.00874785
-0.00903939
-0.00870123
-0.00884785
-0.0090081
-0.00864767
-0.00917339
-0.00856442
-0.0086767
-0.0084383
-0.0085613
-0.00881077
-0.00851765
-0.00859117
-0.00872953
-0.00867431
-0.00850131
-0.00866565
-0.00875188
-0.00864137
-0.0087928
-0.00863498
-0.0092033
-0.00907286
-0.00864482
-0.00869743
-0.00842769
-0.00870631
-0.00944594
-0.008473
-0.00837878
-0.00857244
-0.00872458
-0.00882899
-0.00897523
-0.00842521
-0.00864818
-0.00897918
-0.00837339
-0.00836025
-0.00816083
-0.00836124
-0.00905362
-0.00832923
-0.00807104
-0.00857699
-0.00849543
-0.00864721
-0.00874546
-0.00795588
-0.00835164
-0.00842422
-0.00841694
-0.0079665
-0.00843021
-0.00784855
-0.00834558
-0.00786441
-0.00831186
-0.00830622
-0.00765323
-0.00825112
-0.00808081
-0.00832285
-0.00840557
-0.00826743
-0.00858424
-0.00844166
-0.00810516
-0.00812199
-0.00831083
-0.00851417
-0.00833165
-0.0089309
-0.00807744
-0.00843348
-0.00848049
-0.00818615
-0.00724012
-0.007275
-0.00890786
-0.00796994
-0.0073423
-0.00664614
-0.0058501
-0.0075242
-0.00735626
-0.00870613
-0.0077476
-0.00765355
-0.00688021
-0.00640515
-0.0074563
-0.00699467
-0.00696718
-0.00690166
-0.00724311
-0.00714302
-0.0071306
-0.00721623
-0.0111001
-0.00761866
-0.00658245
-0.00704372
-0.00590346
-0.00789145
-0.00731333
-0.0112826
-0.00701866
-0.0071034
-0.00727411
-0.00683336
-0.00766684
-0.00928593
-0.00906552
-0.0091272
-0.0092303
-0.00917762
-0.00917603
-0.0094082
-0.00905012
-0.00893287
-0.00900506
-0.00910685
-0.00907236
-0.00904661
-0.00901854
-0.0086015
-0.00861052
-0.00856035
-0.00841156
-0.00864828
-0.0085584
-0.00852434
-0.00883209
-0.00919406
-0.00865007
-0.00868776
-0.00882592
-0.00850043
-0.00878202
-0.00865821
-0.00882883
-0.00845987
-0.00845121
-0.00861441
-0.00862982
-0.00872381
-0.00805594
-0.00791769
-0.00955938
-0.00934398
-0.0080175
-0.008088
-0.00986938
-0.00862695
-0.00878493
-0.00826423
-0.00855256
-0.00843528
-0.00871734
-0.00880868
-0.00862858
-0.00857658
-0.00864116
-0.00872561
-0.00846679
-0.0085077
-0.00866301
-0.00761503
-0.00925526
-0.00822222
-0.00982597
-0.00766645
-0.00799579
-0.0097611
-0.00792866
-0.00762297
-0.00785951
-0.00745567
-0.00783207
-0.00810287
-0.00747444
-0.00800645
-0.00793357
-0.00799547
-0.00786339
-0.00797975
-0.00800334
-0.00776655
-0.00735659
-0.00716133
-0.00719584
-0.00725495
-0.0073626
-0.00739315
-0.00718428
-0.00773329
-0.00781457
-0.00786978
-0.00767134
-0.00748204
-0.0075299
-0.00764753
-0.00697933
-0.00706799
-0.00705554
-0.00694892
-0.00719335
-0.00714309
-0.00708413
-0.00734464
-0.00739357
-0.00769089
-0.00764271
-0.00745491
-0.00746692
-0.00759515
-0.00695561
-0.00695699
-0.00695598
-0.00659825
-0.00696154
-0.0067922
-0.0068575
-0.0064142
-0.00608233
-0.00646448
-0.00627849
-0.00680455
-0.00665209
-0.00644913
-0.0070705
-0.00656922
-0.00726576
-0.00672735
-0.00689207
-0.00682599
-0.00715855
-0.00666161
-0.00647671
-0.00653894
-0.00658624
-0.00645464
-0.00665856
-0.0064548
-0.00604326
-0.00614697
-0.00608876
-0.00618401
-0.00616699
-0.00625123
-0.006145
-0.00600875
-0.006342
-0.00619043
-0.00646696
-0.00595035
-0.00658626
-0.00591681
-0.00650723
-0.00732164
-0.00632448
-0.00701704
-0.0061141
-0.00772911
-0.00724182
-0.0059262
-0.00540005
-0.00628472
-0.00598849
-0.00596515
-0.00538802
-0.00575373
-0.00617302
-0.00596608
-0.00790255
-0.0084674
-0.00594072
-0.00623063
-0.00768499
-0.00713254
-0.00642089
-0.00668736
-0.00733529
-0.00707119
-0.007254
-0.00726044
-0.0070515
-0.00629252
-0.0067566
-0.00658575
-0.00623418
-0.00737783
-0.00665628
-0.00617536
-0.00855939
-0.00575523
-0.00699749
-0.00610451
-0.00581459
-0.00824402
-0.00310098
-0.00406671
-0.0048669
-0.00359479
-0.00418425
-0.00446629
-0.00416431
-0.00528046
-0.00421079
-0.00510946
-0.00364953
-0.0051195
-0.00364158
-0.00510113
-0.00236772
-0.00392099
-0.00513204
-0.00495303
-0.00245809
-0.00402653
-0.00503542
-0.00240757
-0.002964
-0.00393029
-0.00492782
-0.00421017
-0.00231362
-0.00467294
-0.00776804
-0.00757346
-0.00664413
-0.00718274
-0.00641997
-0.00673959
-0.00760934
-0.00793565
-0.00801996
-0.00747205
-0.00760556
-0.00735035
-0.00760777
-0.00799363
-0.00800953
-0.00785803
-0.00798787
-0.00787859
-0.00794573
-0.00802173
-0.00773257
-0.00696369
-0.00704185
-0.00704906
-0.00717662
-0.00693362
-0.00712841
-0.00707008
-0.00738037
-0.00733159
-0.00767183
-0.00762873
-0.00744983
-0.00758687
-0.00745628
-0.0077277
-0.0078554
-0.0077995
-0.00764658
-0.00747453
-0.00751933
-0.00763842
-0.00642822
-0.0060915
-0.00648039
-0.00628074
-0.00680722
-0.00666596
-0.00645378
-0.00718591
-0.00709684
-0.00695387
-0.0069339
-0.00694445
-0.00699798
-0.00694424
-0.00697966
-0.0069798
-0.00698184
-0.00661799
-0.00696912
-0.00680702
-0.00687793
-0.00648388
-0.00666669
-0.0065452
-0.00660772
-0.00645935
-0.00646808
-0.00667602
-0.00605762
-0.00610531
-0.00616139
-0.00619793
-0.00617752
-0.00626416
-0.00615894
-0.00706446
-0.00725159
-0.00656421
-0.00687136
-0.0067205
-0.00680884
-0.00712586
-0.00752901
-0.00840285
-0.00871549
-0.00803905
-0.00801542
-0.00868286
-0.00793842
-0.00846485
-0.0080452
-0.0095927
-0.00845227
-0.00925845
-0.00837572
-0.00704995
-0.00784863
-0.00797247
-0.00784515
-0.0080527
-0.00795284
-0.0076604
-0.0081485
-0.0093508
-0.00888229
-0.00840149
-0.00932113
-0.008969
-0.00918003
-0.00923001
-0.0084976
-0.00902723
-0.00893729
-0.00831962
-0.00916704
-0.00855627
-0.0083265
-0.00886459
-0.00819512
-0.00826681
-0.00843327
-0.00844812
-0.00869027
-0.00840545
-0.00891221
-0.00929023
-0.00868859
-0.00854645
-0.00869264
-0.00940802
-0.00871541
-0.00745003
-0.00724629
-0.00789265
-0.00726944
-0.00739184
-0.00739733
-0.00752202
-0.00924503
-0.00871576
-0.00788414
-0.00838213
-0.00873959
-0.00914738
-0.00792022
-0.00680778
-0.00739734
-0.00689743
-0.00681804
-0.00663882
-0.00824901
-0.00727609
-0.00673726
-0.00666676
-0.00665453
-0.00656893
-0.00654693
-0.00630922
-0.00647579
-0.0063701
-0.00646966
-0.00641459
-0.00727687
-0.00798469
-0.0068926
-0.00473388
-0.00653815
-0.00620885
-0.00544016
-0.0066473
-0.00617514
-0.0060118
-0.00608543
-0.00698383
-0.00672524
-0.00682582
-0.00682357
-0.00653192
-0.00677016
-0.00688833
-0.00656699
-0.00598395
-0.00631419
-0.00650398
-0.00652698
-0.00634746
-0.00643833
-0.00659328
-0.00658646
-0.00635691
-0.00688106
-0.00657762
-0.00658744
-0.00690116
-0.0074082
-0.00702618
-0.00711851
-0.0067947
-0.00673735
-0.00683489
-0.00756293
-0.00671716
-0.00668477
-0.00634181
-0.00707023
-0.00653064
-0.0070378
-0.00650156
-0.00703547
-0.00608032
-0.00612881
-0.00633552
-0.00590283
-0.00623255
-0.00683541
-0.00602324
-0.00589456
-0.00559038
-0.00652146
-0.00578947
-0.00642117
-0.0056942
-0.00605075
-0.00591963
-0.00549157
-0.00598612
-0.00565063
-0.00590852
-0.00592201
-0.00665781
-0.00532621
-0.00538306
-0.00575513
-0.00557462
-0.0065865
-0.00656451
-0.00540601
-0.00548152
-0.00551518
-0.00569844
-0.00575759
-0.00576077
-0.00537168
-0.00561885
-0.00579162
-0.00541248
-0.00567406
-0.0054434
-0.0058077
-0.00582465
-0.00581445
-0.00564159
-0.0057764
-0.00534666
-0.0060935
-0.0055641
-0.00556173
-0.0064741
-0.00636471
-0.00592296
-0.00633839
-0.00620245
-0.00625678
-0.00644415
-0.00617783
-0.00602635
-0.00603438
-0.00627704
-0.00609215
-0.00617769
-0.00614843
-0.00565052
-0.00548404
-0.00504128
-0.00540533
-0.00549273
-0.00558544
-0.00559672
-0.00512853
-0.00554021
-0.00560638
-0.00525196
-0.00558317
-0.00579141
-0.00584674
-0.00347618
-0.00418084
-0.000777251
-0.0044322
-0.00479219
-0.00448903
-0.0016729
-0.00440698
-0.00505727
-0.00487582
-0.00538184
-0.00469594
-0.00487899
-0.00472054
-0.00501039
-0.00501229
-0.00599068
-0.00528157
-0.00508949
-0.00514555
-0.0060321
-0.00320375
-0.0046951
-0.00516994
-0.00465994
-0.0042
-0.00522215
-0.00447926
-0.00433114
-0.00436603
-0.00505974
-0.0077109
-0.00633074
-0.00458266
-0.00375002
-0.00513736
-0.00636441
-0.00593057
-0.00646782
-0.0067392
-0.0047694
-0.00651382
-0.00557151
-0.00629958
-0.00629896
-0.00468959
-0.00670483
-0.00660332
-0.00618265
-0.00617859
-0.00603642
-0.00602379
-0.0062786
-0.00609286
-0.00617915
-0.00615115
-0.00646183
-0.00592032
-0.00635864
-0.00633356
-0.00620363
-0.00626359
-0.00645302
-0.00512927
-0.00560527
-0.00554521
-0.0052541
-0.00558307
-0.00579153
-0.00584482
-0.00565572
-0.00504721
-0.00548398
-0.0054091
-0.0054941
-0.00558582
-0.00559817
-0.00653013
-0.00631679
-0.00598874
-0.00642171
-0.00654568
-0.00634908
-0.00644761
-0.00658428
-0.00659613
-0.00636508
-0.00687765
-0.00658851
-0.00690632
-0.00659486
-0.00659398
-0.00550349
-0.00628427
-0.0060229
-0.00619199
-0.00667717
-0.00609065
-0.00699725
-0.00684021
-0.00673496
-0.0068364
-0.00653517
-0.00676872
-0.00689835
-0.0073971
-0.00712214
-0.00704029
-0.00680476
-0.00674968
-0.00684319
-0.00756107
-0.00672168
-0.00632803
-0.00666827
-0.00705729
-0.00652171
-0.00703389
-0.00649989
-0.00701716
-0.00610395
-0.00605762
-0.00632075
-0.00588215
-0.00621991
-0.00683064
-0.00600263
-0.00557894
-0.00588411
-0.00653069
-0.00578255
-0.00643584
-0.00567975
-0.00548019
-0.00539857
-0.00551448
-0.00570216
-0.00575332
-0.00537145
-0.0057599
-0.00562312
-0.00541404
-0.00579962
-0.00568007
-0.00544213
-0.00580939
-0.00582573
-0.00605986
-0.00549217
-0.0058881
-0.00598114
-0.00564836
-0.0059098
-0.00592398
-0.00667977
-0.00541013
-0.00538639
-0.00558096
-0.00579042
-0.00661553
-0.00659484
-0.00557002
-0.00539095
-0.00514215
-0.00483879
-0.0053516
-0.00545496
-0.00385936
-0.00539542
-0.0053099
-0.00561329
-0.00497233
-0.00548294
-0.00510634
-0.00556395
-0.00515444
-0.00440403
-0.00574033
-0.00522525
-0.00512549
-0.00500221
-0.00393369
-0.00545282
-0.00194734
-0.00518023
-0.00509298
-0.00545669
-0.00358626
-0.00511128
-0.00525553
-0.003221
-0.00498539
-0.00422971
-0.00479527
-0.0055449
-0.00343531
-0.00817018
-0.00693935
-0.00722348
-0.00703573
-0.00682102
-0.00747225
-0.00749317
-0.00772743
-0.00714956
-0.00725587
-0.00710595
-0.0064526
-0.00751903
-0.00722426
-0.00806171
-0.00648891
-0.00622649
-0.00668862
-0.00663479
-0.00707309
-0.00595101
-0.0102892
-0.0078438
-0.00785734
-0.00754855
-0.00818094
-0.00816498
-0.00805524
-0.00817413
-0.00747419
-0.00771159
-0.0140493
-0.00785407
-0.00937574
-0.0092654
-0.00764064
-0.00743936
-0.00780005
-0.0070968
-0.00801672
-0.0073202
-0.00805459
-0.00719788
-0.00708689
-0.00706213
-0.0067742
-0.00767133
-0.0069434
-0.00760227
-0.00799349
-0.00783783
-0.00776636
-0.00811565
-0.00822064
-0.00762218
-0.00836389
-0.00758296
-0.00745939
-0.00749767
-0.00759458
-0.00803009
-0.00744435
-0.00786376
-0.00915774
-0.00886416
-0.00744124
-0.00736215
-0.00912805
-0.00890577
-0.00700795
-0.00730416
-0.00773009
-0.0073974
-0.00752233
-0.00738831
-0.00773451
-0.00792616
-0.00711113
-0.00738094
-0.00715251
-0.00724648
-0.00720054
-0.00758487
-0.00769995
-0.00969122
-0.00419232
-0.00705843
-0.00923438
-0.00925854
-0.00647104
-0.0100881
-0.00949171
-0.0044175
-0.00708532
-0.00813913
-0.00865293
-0.00638119
-0.010059
-0.00666587
-0.00673975
-0.00641815
-0.00635592
-0.00700572
-0.00637676
-0.00616319
-0.00692596
-0.00616498
-0.00748832
-0.00768181
-0.00647816
-0.00631906
-0.00698315
-0.00682388
-0.00725002
-0.00627911
-0.00640381
-0.00694615
-0.0060758
-0.00592566
-0.00571445
-0.00535926
-0.00499385
-0.00545569
-0.00544584
-0.00576787
-0.00514924
-0.00535868
-0.0049919
-0.00498847
-0.00577714
-0.00556299
-0.00501591
-0.00609502
-0.0054253
-0.00493335
-0.0052842
-0.00468366
-0.00506579
-0.00541066
-0.00519528
-0.00459467
-0.00546338
-0.00510401
-0.00724225
-0.00539909
-0.00492284
-0.00440288
-0.00484421
-0.00455964
-0.00556439
-0.00549873
-0.00529282
-0.00515556
-0.00522093
-0.00729648
-0.00572127
-0.00624434
-0.0064025
-0.00582976
-0.0061099
-0.00609214
-0.00694871
-0.00637882
-0.00622141
-0.00657626
-0.00689368
-0.00588475
-0.00608617
-0.00788148
-0.00296228
-0.00657984
-0.00648884
-0.00776506
-0.00404303
-0.00599973
-0.00563859
-0.00557066
-0.0059853
-0.00659904
-0.00555889
-0.00576719
-0.00598919
-0.00569277
-0.00560277
-0.005423
-0.0066137
-0.00553193
-0.00568498
-0.00562961
-0.00554311
-0.00585462
-0.00567887
-0.00611257
-0.00544955
-0.0056706
-0.00606983
-0.008335
-0.0100935
-0.00249849
-0.000352969
-0.00999294
-0.00853122
-0.000557958
-0.00382617
-0.00743448
-0.00520236
-0.00776577
-0.00384586
-0.00860822
-0.00334374
-0.00749042
-0.00373535
-0.00455738
-0.00721181
-0.00852194
-0.00107161
-0.00737693
-0.00651082
-0.00614337
-0.00571583
-0.00542262
-0.00546234
-0.00548504
-0.00599307
-0.00768587
-0.00718046
-0.0062035
-0.00595175
-0.00590069
-0.00661589
-0.00759539
-0.00459316
-0.00440074
-0.00449882
-0.00404798
-0.00483239
-0.00456962
-0.00371838
-0.00491177
-0.00827279
-0.00467201
-0.00385834
-0.00491925
-0.00634716
-0.002679
-0.00485011
-0.00438661
-0.00429696
-0.00333183
-0.00435579
-0.00442254
-0.00314136
-0.0075553
-0.00705625
-0.00705941
-0.00720198
-0.00715124
-0.00770723
-0.00753562
-0.00675429
-0.00672127
-0.00618845
-0.0062366
-0.00652106
-0.00661719
-0.00655538
-0.00699396
-0.00620547
-0.00655787
-0.00602936
-0.00626982
-0.00667833
-0.00601932
-0.00762295
-0.0093116
-0.00639421
-0.00684206
-0.00655848
-0.00913251
-0.00660497
-0.00581848
-0.00609167
-0.00703091
-0.007356
-0.00731482
-0.00545197
-0.00583931
-0.00832995
-0.00738322
-0.00721222
-0.00740342
-0.00739424
-0.00825049
-0.00698858
-0.00709998
-0.00683787
-0.00627595
-0.00654911
-0.00696609
-0.00661018
-0.00691043
-0.00806299
-0.00956977
-0.00698558
-0.00688007
-0.00712552
-0.00957785
-0.00687553
-0.00741427
-0.00710547
-0.00671794
-0.00747958
-0.00770984
-0.00674748
-0.00705252
-0.0072702
-0.00725796
-0.00706529
-0.00728211
-0.00746867
-0.0067091
-0.0072216
-0.0073514
-0.00692984
-0.00764682
-0.00766795
-0.00662937
-0.00686728
-0.00722853
-0.0073839
-0.00701809
-0.00730954
-0.00713306
-0.00755669
-0.0074485
-0.00718828
-0.00639748
-0.00564314
-0.00535871
-0.00555477
-0.0063501
-0.00529151
-0.00544084
-0.00492811
-0.00533953
-0.00736447
-0.00534166
-0.00552278
-0.00493393
-0.00439712
-0.0062279
-0.00565449
-0.00500128
-0.00549742
-0.00559331
-0.00561648
-0.00531865
-0.00504572
-0.00482981
-0.00591518
-0.00540732
-0.00527941
-0.00513043
-0.00491485
-0.00426407
-0.00740061
-0.00787198
-0.00564236
-0.00501188
-0.00665322
-0.00442702
-0.00552227
-0.00543171
-0.00594312
-0.00544247
-0.00565327
-0.00539152
-0.00436119
-0.0067644
-0.00684271
-0.00577029
-0.00539262
-0.00638968
-0.00470613
-0.0053558
-0.00491631
-0.00464812
-0.00447486
-0.00517275
-0.00413049
-0.00480329
-0.00487409
-0.00504523
-0.00449043
-0.00364931
-0.00476502
-0.00336803
-0.00459531
-0.00479487
-0.00477734
-0.00779797
-0.00387029
-0.00464153
-0.00231573
-0.00643055
-0.00455906
-0.00506633
-0.00460281
-0.00549802
-0.00549571
-0.00523769
-0.00559017
-0.00543698
-0.00494778
-0.00514183
-0.00445047
-0.00579109
-0.00484408
-0.00606797
-0.00512276
-0.00537597
-0.00613309
-0.00655555
-0.0062962
-0.00615915
-0.00536972
-0.00626952
-0.00400828
-0.00229286
-0.00721918
-0.00500411
-0.00541391
-0.00486958
-0.00418215
-0.00586218
-0.00506671
-0.00568134
-0.00540582
-0.00555043
-0.005629
-0.00582168
-0.00644265
-0.00707957
-0.00637038
-0.00755381
-0.00692162
-0.00769534
-0.00658421
-0.00622693
-0.00654567
-0.00629791
-0.00625103
-0.00640851
-0.00636161
-0.00615629
-0.0061604
-0.0058616
-0.00632765
-0.006183
-0.00642059
-0.0060027
-0.00629115
-0.00640175
-0.00770679
-0.00619858
-0.00640633
-0.0070256
-0.00661746
-0.00651515
-0.00589598
-0.00647644
-0.00584727
-0.00692787
-0.00661016
-0.00613831
-0.00614634
-0.00682811
-0.00724329
-0.00683801
-0.00691176
-0.00736315
-0.00658798
-0.00693014
-0.00574876
-0.00581355
-0.00612831
-0.00597665
-0.0060421
-0.00593195
-0.00600454
-0.00695382
-0.00800961
-0.00805487
-0.00651482
-0.00738599
-0.00683511
-0.00657425
-0.00690304
-0.0069917
-0.00696561
-0.00691584
-0.00691589
-0.0070426
-0.00694147
-0.00762271
-0.00805339
-0.00778049
-0.00738289
-0.00698909
-0.00679322
-0.00839888
-0.00676853
-0.00665215
-0.00739666
-0.00632739
-0.00630103
-0.00575783
-0.006568
-0.00666089
-0.00622005
-0.00626003
-0.00642535
-0.00647443
-0.0062677
-0.00629008
-0.00678949
-0.00660708
-0.00611049
-0.00662834
-0.00653782
-0.00680175
-0.00640542
-0.00615385
-0.0062957
-0.00606099
-0.00588605
-0.00620639
-0.00611223
-0.005408
-0.00562411
-0.00576033
-0.00625592
-0.00587984
-0.00563904
-0.0065771
-0.00554354
-0.00600312
-0.00567841
-0.0068759
-0.00617748
-0.00576806
-0.00678191
-0.00645261
-0.00634561
-0.00646334
-0.00622533
-0.0064201
-0.00701369
-0.00750904
-0.00589332
-0.00649824
-0.00628384
-0.00670422
-0.00604572
-0.00665486
-0.00630612
-0.00613829
-0.0060314
-0.00627225
-0.00606492
-0.0057113
-0.00548131
-0.0056797
-0.00592893
-0.00577799
-0.0056381
-0.0055792
-0.00571052
-0.00570091
-0.00580409
-0.00558289
-0.00637444
-0.00681692
-0.00558952
-0.00566139
-0.00561602
-0.00652671
-0.00616557
-0.00964136
-0.00575667
-0.00769747
-0.00709262
-0.00650854
-0.00568934
-0.00900501
-0.00306117
-0.0085082
-0.0088766
-0.00532872
-0.00311052
-0.0091191
-0.0036819
-0.00828311
-0.00941863
0.000225248
-0.00196035
-0.000101853
-0.00867016
-0.00920481
-0.0069719
-0.00401169
-0.00688791
-0.00440887
-0.00671426
-0.001137
-0.00779779
-0.00673944
-0.00288246
-0.0040584
-0.00532016
-0.00723016
-0.00503311
-0.00537692
-0.0045282
-0.00546837
-0.0046335
-0.00602054
-0.0047526
-0.00530249
-0.00606156
-0.00721599
-0.00164682
-0.00862217
-0.00577745
-0.00885815
-0.00609655
-0.00479528
-0.00180754
0.000135728
-0.00707256
-0.00574479
-0.00127476
-0.00362092
-0.00641417
-0.00774808
-0.00197094
-0.00089951
-0.00631493
-0.00213339
-0.00602936
-0.00802812
-0.00762425
-0.00434136
-0.00421548
-0.00665808
-0.00733901
-0.00382276
-0.00708204
-0.00138132
-0.00835632
-0.000508063
-0.00737802
-0.000700601
-0.00706145
-0.00123285
-0.00397777
-0.00336367
-0.00397012
-0.00450463
-0.00327324
-0.00405196
-0.00417758
-0.00565005
-0.00617484
-0.00392569
-0.00411878
-0.00603592
-0.00577157
-0.00394033
-0.00520821
-0.00372075
-0.00486314
-0.00349981
-0.00522959
-0.00491172
-0.00381752
-0.0047982
-0.0043097
-0.00463795
-0.00443037
-0.00491709
-0.00373162
-0.00432674
-0.00166959
-0.00259541
-0.00396959
-0.00446393
-0.000920353
-0.00295565
-0.00432107
0.000252416
-0.002344
-0.0037594
-0.00360757
0.000449026
-0.00231537
-0.00377912
-0.000273883
-0.00376204
-0.00218566
-0.00355189
-0.00143598
-0.00226868
-0.0038741
-0.00189615
-0.00444988
-0.00330864
-0.00399293
-0.00186198
-0.00321722
-0.00410269
-0.00301215
-0.00325972
-0.00416439
-0.00373672
-0.00282753
-0.00228931
-0.00435975
-0.0031314
-0.0039561
-0.00510312
-0.00435728
-0.00439165
-0.00399674
-0.0030565
-0.0033511
-0.00440353
-0.00428522
-0.00509671
-0.00349001
-0.00443161
-0.00413577
-0.00295231
-0.00340789
-0.00174235
-0.00454872
-0.00182526
-0.00447797
-0.00291905
-0.007898
-0.00849371
-0.00570088
-0.00580216
-0.00838133
-0.00864761
-0.00618018
-0.00717621
-0.00589323
-0.00757247
-0.00692962
-0.00798827
-0.00632727
-0.00633442
-0.00686343
-0.00573567
-0.0061898
-0.00767227
-0.00613877
-0.00748106
-0.0063277
-0.00555436
-0.00650835
-0.00548724
-0.00546868
-0.00557256
-0.0066454
-0.00577641
-0.00414417
-0.00393251
-0.00482159
-0.00523094
-0.00405621
-0.00396561
-0.00528365
-0.00436134
-0.00502734
-0.00435933
-0.00481784
-0.00450653
-0.00416602
-0.00529101
-0.00532376
-0.00563686
-0.00674283
-0.00581306
-0.005228
-0.00672366
-0.00581415
-0.00759737
-0.00743441
-0.0053308
-0.00527957
-0.00832027
-0.00724496
-0.00513931
-0.00773854
-0.00758415
-0.00610617
-0.00506914
-0.00513919
-0.00761057
-0.00754201
-0.00835897
-0.00546521
-0.00677236
-0.00620419
-0.00808363
-0.00532925
-0.00736334
-0.00757421
-0.0052968
-0.00762446
-0.00498762
-0.00758468
-0.00499833
-0.00750809
-0.00675511
-0.00609759
-0.00582553
-0.00487763
-0.0054699
-0.00513372
-0.00566002
-0.00527094
-0.00513752
-0.00491404
-0.00590996
-0.00598671
-0.00551163
-0.00492345
-0.0062068
-0.00623397
-0.00607498
-0.00579571
-0.0059531
-0.0054871
-0.00534906
-0.00516482
-0.0063992
-0.0061656
-0.00499979
-0.0057369
-0.00528585
-0.00493607
-0.0060106
-0.00620796
-0.00698274
-0.0056396
-0.00581315
-0.00618821
-0.00587954
-0.00565874
-0.00514474
-0.00496407
-0.00584852
-0.00577627
-0.00561705
-0.00502705
-0.00502269
-0.0059879
-0.00572022
-0.00503005
-0.00575809
-0.00501935
-0.00490681
-0.00408611
-0.00463947
-0.00521483
-0.00426763
-0.00520502
-0.00483731
-0.00477278
-0.00586337
-0.00483697
-0.00556836
-0.0045088
-0.00555993
-0.0056105
-0.00452467
-0.00434164
-0.00500514
-0.00726204
-0.00642525
-0.00722626
-0.00449868
-0.005096
-0.00399214
-0.00441389
-0.00524102
-0.00596169
-0.0035743
-0.0065769
-0.005337
-0.00828341
-0.00941954
0.000224162
-0.00196259
-0.00867105
-0.000103209
-0.0092046
-0.00306671
-0.00851559
-0.0088831
-0.00532838
-0.00311174
-0.00912522
-0.00368264
-0.00697162
-0.00401673
-0.00441741
-0.00688616
-0.00114343
-0.00670665
-0.00780007
-0.00964877
-0.00576567
-0.00770309
-0.00710152
-0.00651016
-0.0056941
-0.00902146
-0.00179837
-0.00707285
0.000144178
-0.00574464
-0.001271
-0.00641304
-0.00358378
-0.00774889
-0.00197074
-0.00631557
-0.000900626
-0.00602998
-0.00802857
-0.00213396
-0.00762739
-0.00433918
-0.0042132
-0.00666087
-0.00734285
-0.0038217
-0.00708696
-0.00137866
-0.00835827
-0.000510614
-0.00737918
-0.000700258
-0.00123353
-0.00706185
-0.00673808
-0.00405494
-0.0028819
-0.00531392
-0.00722893
-0.00537137
-0.00502878
-0.00451932
-0.00546603
-0.0046277
-0.00602604
-0.0047541
-0.00529485
-0.00606016
-0.00721639
-0.00164254
-0.0086204
-0.00578118
-0.00885633
-0.00478815
-0.00609785
-0.00301123
-0.00326108
-0.00373835
-0.00416343
-0.0022905
-0.00282636
-0.00435936
-0.00313123
-0.00395554
-0.00435733
-0.00510259
-0.0039956
-0.00305627
-0.00439185
-0.00295169
-0.00340915
-0.00174229
-0.00454864
-0.00182587
-0.00291885
-0.00447769
-0.0033511
-0.0044037
-0.00428398
-0.00509602
-0.00413452
-0.00349001
-0.00443187
-0.00385466
-0.00230194
-0.00389095
-0.00382953
-0.00248908
-0.00332904
-0.00371939
-0.00322586
-0.00369214
-0.00495464
-0.00387007
-0.00278853
-0.00797219
-0.00310742
-0.00518978
-0.00343682
-0.00454206
-0.00216431
-0.00564806
-0.00522525
-0.00299472
-0.00397669
-0.0033634
-0.00450296
-0.00396829
-0.00404998
-0.00327255
-0.00417566
-0.00565051
-0.00617599
-0.00411782
-0.00392488
-0.00393931
-0.0060359
-0.00577238
-0.00479785
-0.00430928
-0.00463689
-0.00442945
-0.0037313
-0.00432556
-0.0049165
-0.00520792
-0.00371909
-0.00486335
-0.00349825
-0.00522921
-0.00381587
-0.00491216
-0.00759567
-0.00743258
-0.00527854
-0.00532933
-0.00724342
-0.00831829
-0.00513826
-0.00773705
-0.00758373
-0.00506863
-0.00610562
-0.00760934
-0.00754157
-0.00513851
-0.00757331
-0.00529613
-0.00762428
-0.00498732
-0.0075839
-0.00750777
-0.00499772
-0.00835735
-0.00546352
-0.00676971
-0.00620292
-0.0073613
-0.00808117
-0.0053281
-0.00626801
-0.0069453
-0.00531209
-0.00506274
-0.0057026
-0.00765573
-0.00497094
-0.00604403
-0.00611882
-0.00412684
-0.0045787
-0.00639265
-0.00596997
-0.00437987
-0.00496525
-0.00488277
-0.004718
-0.00431405
-0.00479861
-0.00499216
-0.0043462
-0.00702444
-0.00559037
-0.00780287
-0.00551274
-0.00727419
-0.00800702
-0.00512099
-0.00789432
-0.00849131
-0.00580024
-0.00569892
-0.00864464
-0.00837829
-0.00617714
-0.00685982
-0.00573354
-0.00618636
-0.00766933
-0.00747778
-0.0063262
-0.00613489
-0.00717211
-0.00589156
-0.00756954
-0.00692739
-0.00798505
-0.00633222
-0.0063234
-0.00516553
-0.00616475
-0.00640065
-0.0049992
-0.00573723
-0.00493597
-0.00528624
-0.00601149
-0.00620864
-0.00563986
-0.006986
-0.00587992
-0.00581561
-0.00619126
-0.00566009
-0.00514674
-0.0049675
-0.00584892
-0.00577688
-0.00561862
-0.00502942
-0.0050233
-0.00598749
-0.00572018
-0.00503013
-0.00490707
-0.00575907
-0.00501965
-0.00675105
-0.00582563
-0.00609508
-0.00487554
-0.00546894
-0.00565923
-0.00513169
-0.00527186
-0.00514004
-0.00491723
-0.00591053
-0.00598757
-0.0055126
-0.0049268
-0.00620205
-0.00622987
-0.00606835
-0.00580179
-0.00548208
-0.00534885
-0.00594255
-0.00435238
-0.00500636
-0.00726235
-0.00643095
-0.00509723
-0.00449994
-0.00723449
-0.00587003
-0.00483922
-0.00557363
-0.00451575
-0.00452853
-0.00556281
-0.00562185
-0.00400363
-0.00443922
-0.00597147
-0.00525074
-0.00534087
-0.00658504
-0.00359171
-0.00409635
-0.00464053
-0.00521852
-0.00427193
-0.00483683
-0.00478486
-0.00520575
-0.00547615
-0.00543206
-0.00595607
-0.00544686
-0.00563743
-0.00435394
-0.00541374
-0.00426067
-0.00736151
-0.00784227
-0.00560231
-0.00500463
-0.00662802
-0.00440874
-0.00676099
-0.00685377
-0.00540792
-0.00576029
-0.00639252
-0.00537001
-0.0046914
-0.00491382
-0.00464667
-0.00517102
-0.00447041
-0.00487286
-0.00412804
-0.00480086
-0.00477681
-0.00779763
-0.00386714
-0.00464278
-0.00455726
-0.00231443
-0.00643048
-0.00504306
-0.00449096
-0.00364428
-0.004762
-0.0033677
-0.00459482
-0.00479271
-0.00506936
-0.00460672
-0.00549419
-0.00550192
-0.00523827
-0.00543847
-0.00558558
-0.00639957
-0.00565043
-0.00554659
-0.0053819
-0.00635168
-0.00543548
-0.00530323
-0.00623292
-0.00565464
-0.00499654
-0.00549656
-0.00559273
-0.00561915
-0.00531589
-0.00493009
-0.00534487
-0.00737099
-0.00534635
-0.00552477
-0.00440311
-0.00493812
-0.00504913
-0.00482699
-0.00540826
-0.00591773
-0.0052882
-0.00491255
-0.00513654
-0.00494081
-0.00444183
-0.00513623
-0.00578374
-0.00483632
-0.0051162
-0.00606385
-0.00537344
-0.00613299
-0.00655328
-0.00630187
-0.00615838
-0.0062667
-0.00537051
-0.0040035
-0.00228651
-0.00721164
-0.00499696
-0.00486359
-0.00540558
-0.00417642
-0.00585942
-0.00567321
-0.00506926
-0.00540201
-0.00554353
-0.00581868
-0.00562976
-0.0064428
-0.00708435
-0.00754075
-0.00634989
-0.00768093
-0.00658592
-0.00692227
-0.00622255
-0.00654301
-0.00629373
-0.00625021
-0.00640595
-0.0061512
-0.00635915
-0.0061585
-0.00585901
-0.0063259
-0.00618506
-0.00641446
-0.00600119
-0.00629137
-0.00640367
-0.00620174
-0.00771696
-0.00640878
-0.00703481
-0.00651785
-0.00661772
-0.00589444
-0.00647338
-0.00692058
-0.00585448
-0.00614608
-0.00661299
-0.00613504
-0.00682929
-0.00724423
-0.00684266
-0.00691318
-0.00736541
-0.0069333
-0.0065919
-0.00574963
-0.00581532
-0.00612735
-0.00597795
-0.00593333
-0.00604505
-0.00600641
-0.00695578
-0.00806163
-0.00802096
-0.00651617
-0.00739654
-0.00657591
-0.00683406
-0.00690455
-0.00699678
-0.00696591
-0.00691804
-0.00691904
-0.00694437
-0.00703687
-0.0076273
-0.00807184
-0.00777801
-0.00738788
-0.00699581
-0.00679649
-0.00840643
-0.0056228
-0.00576014
-0.00588088
-0.00624619
-0.00657191
-0.00554214
-0.00564366
-0.00634492
-0.00645852
-0.00622433
-0.00642185
-0.00701042
-0.00589316
-0.00751347
-0.00600077
-0.00567429
-0.00686903
-0.00617708
-0.00677846
-0.00576787
-0.00644714
-0.00649617
-0.00628056
-0.00604564
-0.00669847
-0.00665171
-0.00613646
-0.00630337
-0.00578015
-0.00563757
-0.00557958
-0.00571122
-0.00570096
-0.00558453
-0.00580364
-0.00603398
-0.00627711
-0.00606622
-0.00570265
-0.00548089
-0.00568621
-0.00592523
-0.00637267
-0.00680791
-0.00566254
-0.0055858
-0.00561525
-0.00616367
-0.00652329
-0.0066624
-0.00621899
-0.00625869
-0.00642109
-0.00646781
-0.00626739
-0.00628968
-0.00677819
-0.00663018
-0.00741141
-0.00631373
-0.00628144
-0.00656836
-0.00578191
-0.00679083
-0.00660287
-0.00662
-0.00610459
-0.00652809
-0.00640463
-0.00679483
-0.00614378
-0.00628506
-0.00588119
-0.00605356
-0.00620208
-0.00540111
-0.00609913
-0.00582007
-0.00608845
-0.00702741
-0.00735237
-0.00583558
-0.0054498
-0.00731628
-0.00710418
-0.00683328
-0.00627424
-0.00654413
-0.00660976
-0.00696919
-0.006905
-0.00832195
-0.00737158
-0.00720455
-0.00738553
-0.00739465
-0.00824056
-0.00697522
-0.00805852
-0.0095762
-0.00686717
-0.00696953
-0.00957008
-0.00713261
-0.00686641
-0.00728304
-0.00726079
-0.00707182
-0.00729197
-0.0072269
-0.00671524
-0.00748437
-0.00741915
-0.0070989
-0.00670658
-0.00747651
-0.00705682
-0.00769429
-0.00674938
-0.00737558
-0.00694129
-0.00767606
-0.00765295
-0.00723639
-0.00689983
-0.00665021
-0.00737486
-0.00702595
-0.00731307
-0.00714719
-0.00745035
-0.00756198
-0.00721183
-0.00739917
-0.00847865
-0.0104136
-0.0104872
-0.0100811
-0.0085204
-0.0084343
-0.00790237
-0.00861927
-0.00788245
-0.00835123
-0.00856256
-0.00875788
-0.00795991
-0.00819963
-0.00915111
-0.00834307
-0.00832812
-0.00879814
-0.00908838
-0.00823523
-0.00882617
-0.00863272
-0.0077808
-0.00781429
-0.00753107
-0.00876199
-0.00896802
-0.00907252
-0.00477993
-0.00847041
-0.00751656
-0.0103649
-0.00684237
-0.00850251
-0.00930395
-0.00454598
-0.00909654
-0.00764936
-0.0101951
-0.00704272
-0.00901668
-0.00799754
-0.00768069
-0.00792645
-0.00764018
-0.00759363
-0.00808736
-0.00741944
-0.00952308
-0.00828854
-0.00743668
-0.00773087
-0.00741297
-0.0068947
-0.0081631
-0.00808992
-0.00787897
-0.00799443
-0.00820644
-0.00795149
-0.00807761
-0.00775063
-0.00916652
-0.00896959
-0.00803068
-0.00835381
-0.00910136
-0.00774342
-0.00870165
-0.00888608
-0.00675737
-0.00925671
-0.00921169
-0.0083833
-0.00801914
-0.00885635
-0.00722467
-0.00801739
-0.00885399
-0.00721158
-0.00840829
-0.00711341
-0.00746674
-0.00748352
-0.00830971
-0.00924113
-0.00762683
-0.00868168
-0.0074119
-0.00787042
-0.00838372
-0.00869566
-0.00816408
-0.00790265
-0.00857471
-0.00814377
-0.00820511
-0.00861656
-0.00862068
-0.00834757
-0.00815495
-0.00867135
-0.00823898
-0.00851386
-0.00682449
-0.007228
-0.00742151
-0.00696944
-0.00693469
-0.00747537
-0.00730866
-0.00611789
-0.0077642
-0.00739533
-0.00739009
-0.00658834
-0.00820956
-0.00812941
-0.00738802
-0.00745268
-0.00755262
-0.00744416
-0.00691638
-0.00758543
-0.00717928
-0.00732832
-0.00695791
-0.00815778
-0.00787912
-0.00666181
-0.0087318
-0.00692694
-0.00770179
-0.0136847
-0.00761039
-0.007452
-0.00860592
-0.00875999
-0.00778717
-0.00745544
-0.00738348
-0.00822265
-0.00739769
-0.00800193
-0.00767034
-0.00749917
-0.00770951
-0.00763883
-0.00804039
-0.00742876
-0.00826488
-0.00781344
-0.00775953
-0.00743961
-0.00747429
-0.00758283
-0.00743726
-0.00739338
-0.00749791
-0.00756877
-0.00778146
-0.00781742
-0.0078249
-0.00771546
-0.00821439
-0.00759444
-0.00782656
-0.00705466
-0.00717006
-0.00868433
-0.00756506
-0.00716422
-0.0055783
-0.00654576
-0.00736233
-0.00742037
-0.00834773
-0.00771849
-0.00767829
-0.00596101
-0.00701963
-0.00750421
-0.00749553
-0.00715397
-0.00719417
-0.00740089
-0.00743631
-0.00751421
-0.0074315
-0.0113154
-0.00759339
-0.00675613
-0.00614226
-0.00822187
-0.00706615
-0.00744318
-0.0115573
-0.00703934
-0.00730386
-0.00715254
-0.0078631
-0.00749683
-0.00901673
-0.00733117
-0.00656939
-0.00693578
-0.00705716
-0.00723698
-0.00740323
-0.00783319
-0.00803913
-0.00708563
-0.00742877
-0.00795179
-0.00648031
-0.00693083
-0.00717939
-0.00754466
-0.0081397
-0.00764284
-0.00574244
-0.00821771
-0.00911442
-0.00715158
-0.00685792
-0.00705739
-0.00692089
-0.00653419
-0.0065059
-0.00653072
-0.00774164
-0.00807064
-0.00624805
-0.00650876
-0.00780095
-0.00768789
-0.00703526
-0.00677857
-0.00757607
-0.00788008
-0.00844608
-0.00642914
-0.00801045
-0.00875579
-0.00737819
-0.00633367
-0.00782972
-0.00767136
-0.00719924
-0.00773526
-0.00758727
-0.00863309
-0.00779474
-0.00942984
-0.00759296
-0.00728884
-0.0108954
-0.0085295
-0.00754569
-0.00743289
-0.0073649
-0.00770233
-0.00764294
-0.00714597
-0.0078449
-0.00613776
-0.00706003
-0.00718647
-0.00734617
-0.00729939
-0.00744649
-0.00682437
-0.00717103
-0.00580837
-0.00582024
-0.00668089
-0.00594922
-0.00710643
-0.0062771
-0.00577252
-0.00612269
-0.00712741
-0.00715931
-0.00705778
-0.0070366
-0.00665341
-0.00769397
-0.00648784
-0.00744896
-0.00623801
-0.00633693
-0.00620863
-0.0075304
-0.00775067
-0.00760394
-0.00690711
-0.00779451
-0.0078663
-0.00739342
-0.00751575
-0.00721265
-0.0073053
-0.00774654
-0.00765037
-0.00748784
-0.00723144
-0.00758371
-0.00794554
-0.00733328
-0.0072442
-0.00716947
-0.00755308
-0.00758376
-0.00763195
-0.00763149
-0.00764202
-0.00760347
-0.00764997
-0.00760604
-0.0075783
-0.00760215
-0.00693522
-0.00611644
-0.00714665
-0.00681757
-0.0075531
-0.00599443
-0.00680723
-0.00726699
-0.00758416
-0.00702259
-0.00705417
-0.00737891
-0.00749814
-0.00727601
-0.007196
-0.00702767
-0.00681831
-0.00714919
-0.00710389
-0.00754582
-0.00702092
-0.00716168
-0.007449
-0.00774366
-0.00704294
-0.00712436
-0.0083435
-0.0072812
-0.00704777
-0.00704066
-0.00690207
-0.00706587
-0.00700782
-0.00704721
-0.00705381
-0.0049578
-0.00689356
-0.00714724
-0.0067112
-0.00868508
-0.00690048
-0.00637805
-0.00634095
-0.00707965
-0.00645377
-0.00626001
-0.00667366
-0.00651874
-0.00642183
-0.00696171
-0.00591189
-0.00618647
-0.00625604
-0.00629663
-0.00633866
-0.00622
-0.00613506
-0.00605498
-0.00603742
-0.00613145
-0.00628605
-0.00601971
-0.00702761
-0.00674312
-0.00639029
-0.00795283
-0.00600719
-0.00607585
-0.00624164
-0.00631043
-0.00518008
-0.00613572
-0.00553409
-0.00549131
-0.00515013
-0.00548941
-0.00621766
-0.00635867
-0.00691263
-0.00639236
-0.00651646
-0.00774759
-0.00591489
-0.00693395
-0.00613688
-0.00583551
-0.00635007
-0.00642544
-0.0063113
-0.00606332
-0.00555623
-0.00630417
-0.00574787
-0.00550964
-0.00500552
-0.00460015
-0.00572841
-0.00530371
-0.00621675
-0.0055064
-0.00563318
-0.00575574
-0.00536877
-0.00553486
-0.00609147
-0.00630665
-0.00624781
-0.00582324
-0.00616592
-0.00613153
-0.00608403
-0.00656403
-0.00562043
-0.00528039
-0.00546696
-0.00613341
-0.0041956
-0.00554388
-0.0056133
-0.00596131
-0.00590673
-0.00549054
-0.00615366
-0.00610782
-0.00572575
-0.00603164
-0.00595628
-0.0057186
-0.00540419
-0.00567112
-0.00434892
-0.00583565
-0.00568441
-0.00598453
-0.00372875
-0.0050015
-0.00528184
-0.00433307
-0.00607023
-0.00562461
-0.00613232
-0.00252574
-0.00539144
-0.00602161
-0.00560398
-0.00449223
-0.00587303
-0.00561948
-0.00803565
-0.00757328
-0.00572936
-0.00684332
-0.00530123
-0.00573608
-0.00732764
-0.00593574
-0.00663379
-0.00693892
-0.00637987
-0.00728905
-0.00675818
-0.00724521
-0.00661413
-0.00746612
-0.00656221
-0.00754769
-0.00761728
-0.00724662
-0.00563414
-0.00840306
-0.00643501
-0.00558348
-0.00803003
-0.00582044
-0.00575254
-0.00481229
-0.00568939
-0.00590878
-0.00686092
-0.00616363
-0.00844932
-0.0053465
-0.00599817
-0.00184693
-0.00704033
-0.00834057
-0.00863483
-0.00550564
-0.00608103
-0.00525514
-0.00591293
-0.00701447
-0.00584451
-0.00611397
-0.00588554
-0.00537302
0.00019131
-0.00553057
-0.00599749
-0.00476423
-0.00565067
-0.00441284
-0.00516772
-0.00528486
-0.00511012
-0.00490563
-0.00502854
-0.0046542
-0.00511045
-0.00407987
-0.00462996
-0.00608271
-0.00551572
-0.00533005
-0.00529713
-0.00300646
-0.00481743
-0.00507535
-0.00497174
-0.00472245
-0.00491055
-0.00466895
-0.00478613
-0.00476548
-0.00554533
-0.00546387
-0.00528639
-0.00528787
-0.00554564
-0.00574784
-0.00530547
-0.00512271
-0.00496378
-0.00484964
-0.00458775
-0.00496888
-0.00359414
-0.00497289
-0.00515658
-0.00523019
-0.00526858
-0.00476778
-0.00518287
-0.00534454
-0.00508327
-0.00504884
-0.00459693
-0.00571645
-0.0051759
-0.00383445
-0.00499334
-0.00506635
-0.00514735
-0.00176205
-0.00499258
-0.00471127
-0.00512976
-0.00341466
-0.00484916
-0.00517699
-0.00329322
-0.00490049
-0.00442866
-0.0053394
-0.00362099
-0.00498257
-0.00454328
-0.00595057
-0.00502398
-0.00577919
-0.00589899
-0.00637621
-0.00402836
-0.00473476
-0.00529546
-0.00323715
-0.00524172
-0.00471335
-0.00584198
-0.00554328
-0.00400588
-0.00189067
-0.00503445
-0.00473983
-0.00206568
-0.00578963
-0.0050712
-0.00566417
-0.00565292
-0.00636135
-0.00642258
-0.00570708
-0.00690824
-0.00584792
-0.00479407
-0.00552947
-0.0059733
-0.00549601
-0.00531241
-0.00549148
-0.00536766
-0.00509629
-0.00452202
-0.00885309
-0.00565637
-0.00425956
-0.00515778
-0.00699796
-0.00389067
-0.0052488
-0.0059016
-0.00547011
-0.00595304
-0.00502968
-0.00498089
-0.00355314
-0.00511787
-0.00519225
-0.00522152
-0.00525756
-0.00372833
-0.00484281
-0.00261472
-0.00471415
-0.00629006
-0.00555956
0.0015169
-0.00529714
-0.00499885
-0.00962977
-0.00988282
-0.00562205
-0.00545085
-0.0100504
-0.00993568
-0.0057721
-0.00548066
-0.00406139
-0.00481128
-0.00528985
-0.00473632
-0.0042641
-0.00563753
-0.00829202
-0.00625531
-0.00816827
-0.00560817
-0.00721651
-0.0090185
-0.0060916
-0.0063856
-0.00652994
-0.00545397
-0.00506231
-0.0092314
-0.00400055
-0.00563551
-0.00517559
-0.00154884
-0.00464288
-0.00494877
-0.00503559
-0.0057266
-0.00457792
-0.00488813
-0.00554274
-0.00455784
-0.00498863
-0.00461017
-0.00524295
-0.00473547
-0.00451886
-0.00360047
-0.00497241
-0.00451255
-0.00390859
-0.00468127
-0.00430464
-0.00438392
-0.00476034
-0.00471198
-0.005034
-0.00466364
-0.0050331
-0.00502628
-0.00498877
-0.00499705
-0.00504997
-0.00488358
-0.00474302
-0.00494022
-0.00468171
-0.00552917
-0.00436567
-0.0039009
-0.00429219
-0.0042993
-0.00432237
-0.005505
-0.00370953
-0.00369557
-0.00435822
-0.00552229
-0.00549779
-0.00362058
-0.00371243
-0.0053373
-0.0038901
-0.00389753
-0.00386795
-0.00407472
-0.00478263
-0.00438853
-0.00400263
-0.00515626
-0.00513408
-0.00446868
-0.0049509
-0.00529331
-0.00470962
-0.00239515
-0.00385755
-0.0042095
-0.00404451
-0.00252939
-0.00373384
-0.00417579
-0.00145808
-0.0037557
-0.00522502
-0.00453636
0.00249056
-0.00398084
-0.0042041
-0.00338505
-0.000821718
-0.00397304
-0.00436822
-0.0048975
-0.00145332
-0.00449195
-0.00415391
-0.00464755
-0.00501716
-0.00463079
-0.00456516
-0.00459603
-0.00441478
-0.00508408
-0.00511352
-0.00594105
-0.00565437
-0.00534683
-0.00503923
-0.00628676
-0.00316617
-0.00450822
-0.00491368
-0.00464322
-0.00513131
-0.00418499
-0.00434716
-0.00438484
-0.00416885
-0.00813458
-0.00510357
-0.00638348
-0.00392274
-0.00452891
-0.00411801
-0.00563104
-0.00511584
-0.00458562
-0.0053281
-0.00358453
-0.00597047
-0.00437011
-0.00497738
-0.00312261
-0.0050106
-0.00457778
-0.00546286
-0.00541576
-0.00454476
-0.00594985
-0.00577998
-0.00502554
-0.00637796
-0.00402897
-0.00590118
-0.00473535
-0.00529879
-0.00324159
-0.00524347
-0.00554388
-0.00471498
-0.00584366
-0.00355915
-0.00511924
-0.0051938
-0.00522583
-0.00484902
-0.00373019
-0.00526177
-0.00262493
-0.00472638
-0.005568
-0.00630946
-0.00500961
-0.00530605
0.00150069
-0.0040186
-0.00504455
-0.00191286
-0.00475314
-0.00207618
-0.00508434
-0.00581882
-0.00567712
-0.00566693
-0.00642374
-0.00636997
-0.00691052
-0.00585377
-0.00572864
-0.00481655
-0.00555792
-0.00600545
-0.0055179
-0.00551077
-0.00534591
-0.00538808
-0.00510798
-0.00453075
-0.00885817
-0.00566602
-0.00426665
-0.00516992
-0.00700943
-0.00391979
-0.00526201
-0.00548602
-0.00591819
-0.00504776
-0.00596948
-0.00500361
-0.00526925
-0.00594086
-0.00858087
-0.0055737
-0.00807605
-0.00293504
-0.00789136
-0.00428762
-0.00382131
-0.00627883
-0.00609746
-0.00535516
-0.00669454
-0.00598677
-0.00515114
-0.00584868
-0.0055065
-0.0043888
-0.00599759
-0.00406398
-0.00569571
-0.00583912
-0.00526835
-0.00844511
-0.00567153
-0.0045324
-0.00684234
-0.00599785
-0.00598113
-0.0061551
-0.00549671
-0.00658049
-0.00787644
-0.00748421
-0.00589384
-0.00553554
-0.00436614
-0.00390744
-0.00429412
-0.00432818
-0.00430528
-0.0055075
-0.00371122
-0.00369386
-0.00552166
-0.00435923
-0.00361917
-0.00370878
-0.00550291
-0.00534443
-0.00390375
-0.00387608
-0.00391676
-0.00439581
-0.00408306
-0.00479387
-0.00400274
-0.00516701
-0.00513911
-0.00446785
-0.00470907
-0.00495721
-0.00529844
-0.00520272
-0.00157445
-0.00467391
-0.00496415
-0.00574965
-0.00505811
-0.00461111
-0.00490521
-0.00558049
-0.00501249
-0.0045841
-0.00475817
-0.00463727
-0.00527643
-0.00453768
-0.00362052
-0.00455395
-0.00500592
-0.00473153
-0.00430297
-0.0039301
-0.00500251
-0.0050084
-0.00506255
-0.00489579
-0.00495103
-0.00469662
-0.00476201
-0.00440683
-0.004773
-0.00473064
-0.00504915
-0.00467926
-0.00503921
-0.00505619
-0.00407611
-0.00560942
-0.00511056
-0.00456009
-0.00356601
-0.00530002
-0.00592905
-0.00432983
-0.0049255
-0.004974
-0.00310038
-0.00540557
-0.00452096
-0.00537577
-0.00333873
-0.00396122
-0.000777463
-0.00433208
-0.00486854
-0.00448573
-0.00140083
-0.00413271
-0.00464678
-0.00462419
-0.00501902
-0.00441091
-0.00454562
-0.00458474
-0.00507016
-0.00510921
-0.00592391
-0.00566592
-0.00628729
-0.00501429
-0.00534946
-0.00314916
-0.00449463
-0.00491107
-0.00463591
-0.00417694
-0.00511606
-0.00432936
-0.00436843
-0.00412692
-0.00509122
-0.00814005
-0.00450881
-0.00391258
-0.00637494
-0.00565134
-0.0053001
-0.00614897
-0.00548617
-0.00564726
-0.00421277
-0.0055676
-0.00600293
-0.00574614
-0.00543875
-0.00572118
-0.00588081
-0.00438992
-0.00573188
-0.00598531
-0.00593275
-0.00552141
-0.00618633
-0.00612683
-0.00574763
-0.00605598
-0.00601375
-0.00379773
-0.00504778
-0.00531923
-0.00436948
-0.00609577
-0.00564732
-0.00617584
-0.0025838
-0.00607289
-0.00547004
-0.00455946
-0.00565862
-0.00591102
-0.00629405
-0.00626866
-0.0058626
-0.00624689
-0.00614235
-0.0061063
-0.0065865
-0.00704319
-0.00566858
-0.00665081
-0.00524339
-0.0057445
-0.00694144
-0.00731981
-0.00556789
-0.0081515
-0.00582268
-0.00757769
-0.00540346
-0.00710111
-0.00562714
-0.00730439
-0.00592658
-0.00663729
-0.00693315
-0.00645885
-0.00733171
-0.00666613
-0.0072494
-0.00661134
-0.0066293
-0.00745598
-0.00754182
-0.00728687
-0.00762908
-0.00560793
-0.0084282
-0.00641912
-0.00551937
-0.00813652
-0.00572711
-0.00577937
-0.00530448
-0.00512828
-0.00505453
-0.00493652
-0.00513076
-0.00467495
-0.0040814
-0.00467941
-0.0061527
-0.00536331
-0.00555908
-0.00304027
-0.00486425
-0.00533912
-0.00513916
-0.00499635
-0.00474293
-0.00492583
-0.00469855
-0.00476614
-0.0048123
-0.00488487
-0.00557824
-0.00554414
-0.00554377
-0.00508545
-0.00504742
-0.00552938
-0.00552851
-0.00510291
-0.00479863
-0.00512014
-0.00530767
-0.00512526
-0.00525742
-0.00520353
-0.00566863
-0.00554561
-0.00546543
-0.00543049
-0.00575364
-0.00558549
-0.00530303
-0.00613234
-0.00507369
-0.00506607
-0.00525557
-0.00533961
-0.00557785
0.000175219
-0.00556123
-0.00478601
-0.00602307
-0.00444209
-0.00567204
-0.0051928
-0.00511628
-0.00497104
-0.00460866
-0.0048626
-0.00360494
-0.00496837
-0.00498143
-0.00504239
-0.00458736
-0.00571031
-0.00519626
-0.00508609
-0.00497072
-0.00383015
-0.00517476
-0.00525986
-0.00528331
-0.00485356
-0.00510636
-0.00519998
-0.00533735
-0.00516414
-0.00176165
-0.0050207
-0.00474809
-0.0034179
-0.00515612
-0.00487667
-0.0051856
-0.00327276
-0.00444096
-0.00495941
-0.00502861
-0.00363939
-0.00535472
-0.00558741
-0.00549802
-0.00531654
-0.00534532
-0.00577341
-0.00535316
-0.00557606
-0.00783814
-0.00805631
-0.00745225
-0.00710149
-0.00647357
-0.00694069
-0.00795516
-0.00777654
-0.00810159
-0.00630211
-0.00654963
-0.00783943
-0.0070676
-0.00771361
-0.00679801
-0.00758498
-0.0084654
-0.00788778
-0.00645536
-0.00876682
-0.0080217
-0.00718242
-0.00755404
-0.00814354
-0.00765375
-0.00574552
-0.00823397
-0.00912151
-0.00714164
-0.00685982
-0.00693149
-0.00705738
-0.00651467
-0.00653275
-0.00650404
-0.00528493
-0.00882857
-0.00689557
-0.00823507
-0.00605921
-0.00792753
-0.0074316
-0.00737258
-0.0063226
-0.007667
-0.00782613
-0.007728
-0.00719261
-0.00758223
-0.00862864
-0.00778853
-0.00758784
-0.0094257
-0.00852504
-0.00728373
-0.0108927
-0.00753927
-0.00742816
-0.00735835
-0.00769767
-0.0071389
-0.00784042
-0.00763599
-0.00640252
-0.00886208
-0.0050879
-0.00681728
-0.00663242
-0.00712476
-0.00587517
-0.00699862
-0.00656276
-0.00743722
-0.00678151
-0.00672782
-0.00683101
-0.0070774
-0.0077579
-0.00736801
-0.00656802
-0.0086058
-0.00726602
-0.0074171
-0.00759724
-0.00667055
-0.00727332
-0.00704089
-0.00730387
-0.00672993
-0.00690075
-0.00711492
-0.00747532
-0.00767865
-0.00753253
-0.00791625
-0.00643465
-0.00769065
-0.00792074
-0.00774838
-0.00759669
-0.00690617
-0.00779222
-0.00738159
-0.00751119
-0.00786856
-0.00721642
-0.00731
-0.00765427
-0.00775058
-0.00758538
-0.007491
-0.00723457
-0.00794158
-0.00732776
-0.00716439
-0.00723371
-0.00757094
-0.00762628
-0.00755208
-0.00763054
-0.00763617
-0.00760339
-0.00765062
-0.00760292
-0.00760182
-0.00758019
-0.00680096
-0.00684849
-0.00675312
-0.00727565
-0.00710602
-0.00684003
-0.00729493
-0.00703046
-0.00707354
-0.00733879
-0.00723007
-0.00694221
-0.00710143
-0.00737145
-0.00690244
-0.00706167
-0.00724763
-0.00799038
-0.00722096
-0.00773981
-0.00689256
-0.00734833
-0.00737243
-0.0072025
-0.00762146
-0.00715592
-0.00727685
-0.00771498
-0.00694298
-0.00611772
-0.00716675
-0.00681678
-0.00604723
-0.00679834
-0.00753214
-0.00727003
-0.00755338
-0.00704743
-0.00702835
-0.00727142
-0.00736105
-0.00748239
-0.00720365
-0.00703022
-0.0071473
-0.00680403
-0.00757006
-0.00702363
-0.00712529
-0.00705095
-0.00702984
-0.00690448
-0.00706688
-0.00702927
-0.00706565
-0.00698328
-0.00716621
-0.00745466
-0.00774512
-0.00704749
-0.00712119
-0.00728312
-0.00834112
-0.00634817
-0.00685931
-0.00656159
-0.00649588
-0.00640626
-0.00661614
-0.00649829
-0.00697976
-0.00593565
-0.00629223
-0.00620627
-0.00627111
-0.00611734
-0.00635812
-0.00613831
-0.00608835
-0.00616705
-0.00603828
-0.00634725
-0.00704719
-0.00601489
-0.00684152
-0.00645691
-0.00805847
-0.00603047
-0.0064162
-0.00622575
-0.00629853
-0.00692542
-0.00678103
-0.00716278
-0.00714782
-0.00664322
-0.00719123
-0.00708733
-0.00708266
-0.00529399
-0.00685732
-0.00671739
-0.00512159
-0.00736835
-0.00691159
-0.00668756
-0.00704988
-0.00668878
-0.0068776
-0.00647206
-0.0065804
-0.00696093
-0.00495717
-0.00682055
-0.00673433
-0.00714899
-0.00695128
-0.0086179
-0.00640047
-0.00631256
-0.00575303
-0.00552056
-0.00501018
-0.00531943
-0.00460646
-0.00573412
-0.00622402
-0.00551573
-0.00576661
-0.0056423
-0.00537943
-0.00609689
-0.00554332
-0.00635067
-0.00689714
-0.00636944
-0.00650773
-0.00590268
-0.00772774
-0.00692877
-0.00612601
-0.00583954
-0.00642574
-0.0063486
-0.00630658
-0.00555599
-0.00605603
-0.0074042
-0.00849094
-0.0104295
-0.0105307
-0.00845133
-0.00852438
-0.0100919
-0.00790281
-0.0086196
-0.00834831
-0.00788083
-0.00795961
-0.0085609
-0.00876148
-0.00882383
-0.00864527
-0.0077876
-0.00782739
-0.00876591
-0.00753227
-0.00898353
-0.00820151
-0.00915383
-0.0083458
-0.00832369
-0.00880497
-0.00908798
-0.00824283
-0.00907086
-0.00477845
-0.00846565
-0.00751794
-0.00850142
-0.010361
-0.00684261
-0.00929761
-0.00455143
-0.0076565
-0.00907777
-0.00704851
-0.0101977
-0.00902053
-0.0080063
-0.00769082
-0.00764493
-0.00793498
-0.00809598
-0.00742905
-0.00760094
-0.00952908
-0.00829107
-0.00743889
-0.00773245
-0.00741283
-0.00816976
-0.00689616
-0.00888987
-0.00926072
-0.00675434
-0.00921567
-0.00838456
-0.00886117
-0.00802369
-0.00722282
-0.00801486
-0.00720665
-0.0088451
-0.00710708
-0.00746667
-0.00840525
-0.00747857
-0.00830861
-0.00923688
-0.00761674
-0.00787046
-0.00867973
-0.00739733
-0.00838552
-0.00869732
-0.00816244
-0.00790492
-0.00857316
-0.00820823
-0.00814713
-0.00861685
-0.00862017
-0.00815728
-0.00834286
-0.00852308
-0.00824085
-0.00866631
-0.00810464
-0.00788165
-0.0080059
-0.00820999
-0.00796161
-0.00809331
-0.00775514
-0.0091718
-0.00896973
-0.0083552
-0.0080175
-0.00774567
-0.00909795
-0.00869437
-0.00772025
-0.00763388
-0.0136973
-0.00746847
-0.00862979
-0.00779902
-0.00878054
-0.00746955
-0.00739526
-0.00740973
-0.00822714
-0.00750925
-0.00801199
-0.00769197
-0.00772323
-0.00765333
-0.00806148
-0.00745704
-0.00829221
-0.00782945
-0.00777937
-0.00745515
-0.00749049
-0.0075969
-0.00744694
-0.00757907
-0.00741526
-0.00750969
-0.00779223
-0.00783734
-0.00773555
-0.00785994
-0.00761139
-0.00824539
-0.00785046
-0.00740373
-0.0074589
-0.00756748
-0.00746207
-0.00760194
-0.00719304
-0.00693531
-0.0073461
-0.00697248
-0.00791842
-0.00819916
-0.00692775
-0.00876446
-0.006697
-0.00706433
-0.00718335
-0.00757454
-0.00870491
-0.00559851
-0.00657424
-0.00719546
-0.00753133
-0.00751383
-0.00717238
-0.00721106
-0.00753758
-0.00745143
-0.00741998
-0.00737757
-0.00743695
-0.0083809
-0.00774038
-0.00704036
-0.00770037
-0.00598606
-0.00743561
-0.0113229
-0.00761143
-0.00677178
-0.00613915
-0.00708509
-0.00825118
-0.00746657
-0.0115875
-0.0073415
-0.00708447
-0.00753189
-0.00789652
-0.00717683
-0.00901368
-0.00732985
-0.00659874
-0.00697085
-0.00722575
-0.00706199
-0.00740688
-0.00802704
-0.00905629
-0.00882767
-0.00937061
-0.00885343
-0.00860613
-0.00858346
-0.0091853
-0.00850589
-0.00918616
-0.00844063
-0.00908352
-0.0090873
-0.00847741
-0.00848031
-0.00876571
-0.00848257
-0.0088541
-0.00836595
-0.00854222
-0.0088721
-0.00890308
-0.00912531
-0.00845781
-0.00889858
-0.00862042
-0.00956287
-0.00861494
-0.00810395
-0.00821742
-0.00873887
-0.008329
-0.00865295
-0.00871815
-0.00799448
-0.00871114
-0.00864025
-0.00888751
-0.00805618
-0.00898402
-0.00889026
-0.00833219
-0.00741525
-0.0099832
-0.00863506
-0.00774445
-0.00932397
-0.00693717
-0.00782686
-0.00883738
-0.00836892
-0.00891229
-0.00798151
-0.00900695
-0.00860376
-0.00848568
-0.00819329
-0.00797688
-0.0083533
-0.00968906
-0.00695475
-0.00825384
-0.00893515
-0.00742986
-0.00749542
-0.00778398
-0.00771776
-0.00754365
-0.0077558
-0.00710763
-0.00876074
-0.0085472
-0.00850052
-0.00857895
-0.00819357
-0.00898078
-0.00873406
-0.00797893
-0.00806175
-0.00802359
-0.00804921
-0.00810313
-0.00810229
-0.00832061
-0.00839843
-0.00837385
-0.00701378
-0.00911017
-0.00873122
-0.00959133
-0.00727414
-0.00851936
-0.00927627
-0.00882013
-0.008845
-0.00947375
-0.00857904
-0.00898091
-0.00996667
-0.00907987
-0.00992647
-0.00865298
-0.00798782
-0.0114597
-0.00928835
-0.00928624
-0.00877169
-0.00882594
-0.00876341
-0.00891009
-0.00894912
-0.00893822
-0.00860926
-0.0101202
-0.00869567
-0.00885699
-0.00855611
-0.00929666
-0.00902347
-0.00904694
-0.00940634
-0.00925227
-0.00894008
-0.00912467
-0.00922326
-0.00920227
-0.00864798
-0.00861964
-0.00839069
-0.00872961
-0.00866996
-0.00845916
-0.00873421
-0.00872574
-0.00931719
-0.00739994
-0.00842945
-0.00857131
-0.00875641
-0.00900734
-0.0079682
-0.00786267
-0.008133
-0.00818927
-0.00814535
-0.0080481
-0.00816529
-0.00854418
-0.00854912
-0.00810048
-0.00843365
-0.00858941
-0.0083825
-0.00827657
-0.00824789
-0.00819743
-0.00820535
-0.0080989
-0.00811239
-0.00798917
-0.00821879
-0.00877824
-0.008379
-0.00858877
-0.00863306
-0.00860601
-0.00883757
-0.00851619
-0.0081987
-0.00808002
-0.00715609
-0.0080276
-0.00870004
-0.00706586
-0.00809923
-0.00853722
-0.00889821
-0.00822511
-0.00828705
-0.00825397
-0.00868791
-0.00822327
-0.00793128
-0.00792502
-0.00791005
-0.007337
-0.00784561
-0.00706447
-0.00797051
-0.00830975
-0.0081597
-0.00751941
-0.00863952
-0.00793595
-0.00859558
-0.00839268
-0.00800718
-0.00795871
-0.00765351
-0.00798376
-0.00795993
-0.00782804
-0.00797612
-0.00737148
-0.00859787
-0.00680523
-0.00677862
-0.0087784
-0.00808121
-0.00679567
-0.00740811
-0.00864202
-0.00875337
-0.00723242
-0.00924011
-0.00722018
-0.00743381
-0.007828
-0.00809877
-0.00769935
-0.00773633
-0.00769239
-0.00801709
-0.00816057
-0.008023
-0.00785245
-0.00806737
-0.00752511
-0.00771611
-0.00793502
-0.00790788
-0.00681234
-0.0089276
-0.00935092
-0.00749084
-0.00899971
-0.007171
-0.00727405
-0.00728028
-0.00760111
-0.00593012
-0.00764211
-0.00797866
-0.00643617
-0.00860581
-0.00704153
-0.00717572
-0.00699455
-0.00713782
-0.00712154
-0.00722223
-0.00723155
-0.00807345
-0.0078482
-0.00779563
-0.00762184
-0.0083248
-0.00797587
-0.0074245
-0.00694622
-0.00678661
-0.00685778
-0.0067694
-0.00676665
-0.00704449
-0.00673704
-0.00753072
-0.00767788
-0.00794998
-0.00886812
-0.00655401
-0.00765376
-0.00837971
-0.00703043
-0.00634384
-0.00626789
-0.00649942
-0.00575742
-0.00632239
-0.00700039
-0.00739554
-0.0061111
-0.00621652
-0.00580443
-0.005413
-0.00651034
-0.00596551
-0.00701254
-0.00636512
-0.00671246
-0.00692958
-0.00694965
-0.00663896
-0.00626889
-0.00741336
-0.00815411
-0.00708398
-0.00759511
-0.00862489
-0.00804329
-0.00688665
-0.00644348
-0.00694293
-0.00602907
-0.00629752
-0.00677992
-0.00649645
-0.00659588
-0.00554911
-0.00585887
-0.00607098
-0.00602348
-0.00540964
-0.00553901
-0.00727699
-0.005378
-0.00629422
-0.00655532
-0.00661303
-0.00548693
-0.00682723
-0.00721009
-0.00673561
-0.00693361
-0.00537596
-0.00546208
-0.00596371
-0.00669734
-0.00671969
-0.00691589
-0.00721824
-0.00651931
-0.00683164
-0.00634424
-0.00855735
-0.00706437
-0.00632096
-0.00612469
-0.00622024
-0.00615735
-0.00595636
-0.00582611
-0.00572866
-0.00648284
-0.00670772
-0.00729615
-0.00679835
-0.00818272
-0.00494361
-0.0070341
-0.00703046
-0.00696295
-0.0062657
-0.00605633
-0.00706081
-0.00583618
-0.00563107
-0.00630906
-0.00566373
-0.00601147
-0.0058399
-0.00548422
-0.00480045
-0.0062319
-0.00570205
-0.00698146
-0.00599793
-0.00605792
-0.00609852
-0.00402339
-0.00612322
-0.00594415
-0.0057544
-0.00570586
-0.00587526
-0.0060649
-0.00553118
-0.00582821
-0.00574135
-0.0060796
-0.0061673
-0.00593225
-0.00564027
-0.00594508
-0.00585055
-0.00611326
-0.00652436
-0.00600261
-0.006335
-0.0063379
-0.00696251
-0.00617914
-0.00619392
-0.00584593
-0.00582516
-0.00599695
-0.00602923
-0.00612422
-0.0057856
-0.00610622
-0.00652372
-0.0055947
-0.00550805
-0.00596313
-0.00618913
-0.00601197
-0.00617971
-0.00604768
-0.00450459
-0.00462204
-0.00628376
-0.00495934
-0.00626084
-0.00423901
-0.0051182
-0.00473482
-0.0060601
-0.00530156
-0.00472826
-0.00756963
-0.0049159
-0.00164844
-0.00597638
-0.00761346
-0.00429898
-0.00476836
-0.00767097
-0.0045349
-0.00489067
-0.00519429
-0.00603327
-0.0047116
-0.00494405
-0.00524583
-0.00488834
-0.00649633
-0.00747801
-0.00518703
-0.00645495
-0.00500549
-0.00487905
-0.00612566
-0.00550277
-0.00635876
-0.00578678
-0.00621233
-0.0064674
-0.00628296
-0.00636806
-0.00519548
-0.00575643
-0.0061267
-0.00533812
-0.00582553
-0.00650198
-0.00510628
-0.00743783
-0.00586486
-0.00492223
-0.00506348
-0.00735674
-0.00519071
-0.00505692
-0.00556826
-0.00497995
-0.0061143
-0.00597781
-0.00587304
-0.0056369
-0.00490709
-0.00523183
-0.00648108
-0.00734845
-0.0071963
-0.00531947
-0.0050714
-0.00708034
-0.00586171
-0.00508174
-0.00639221
-0.00694153
-0.00512565
-0.00625513
-0.00465121
-0.00489809
-0.0063822
-0.00533807
-0.00668436
-0.00453318
-0.0056237
-0.00470295
-0.00436269
-0.0052276
-0.00592797
-0.00459653
-0.00434427
-0.00593513
-0.0067866
-0.00607127
-0.00519733
-0.00548113
-0.00681861
-0.00603668
-0.00550895
-0.00513142
-0.00569532
-0.00616055
-0.00524528
-0.0060981
-0.00545593
-0.00583311
-0.00633109
-0.00505968
-0.00476358
-0.00485124
-0.00547374
-0.00538561
-0.00565015
-0.00459218
-0.00332608
-0.0056869
-0.00536505
-0.00555774
-0.00599547
-0.00430936
-0.00487955
-0.00512814
-0.00469042
-0.00783455
-0.00266282
-0.00719106
-0.00721427
-0.00558356
-0.00506654
-0.0049971
-0.00738725
-0.00569671
-0.00624356
-0.00464039
-0.00535571
-0.00572438
-0.00571605
-0.00475685
-0.00520628
-0.00666245
-0.00652366
-0.00498608
-0.00521289
-0.00532094
-0.0039178
-0.0042135
-0.00573533
-0.00529325
-0.00495149
-0.00419791
-0.00448957
-0.00503281
-0.00433526
-0.00532139
-0.00437491
-0.00837014
-0.00900621
-0.00477456
-0.00417113
-0.00443614
-0.00900893
-0.0086772
-0.00598653
-0.00616196
-0.00490481
-0.00469808
-0.00421772
-0.00852113
-0.00535817
-0.00755108
-0.00575402
-0.00784261
-0.00487685
-0.00670275
-0.00499236
-0.00833852
-0.00781604
-0.00414939
-0.00573815
-0.00713699
-0.00417515
-0.00752358
-0.00477155
-0.00728997
-0.00907495
-0.00186324
0.000271274
-0.00889123
-7.12463e-05
-0.00763146
-0.00336861
-0.00723199
-0.00447604
-0.00797239
-0.00284662
-0.00240458
-0.00864632
-0.00658921
-0.00411285
-0.00439014
-0.00672189
-0.00757059
-0.000974179
-0.00694826
-0.00490085
-0.00523381
-0.00735367
-0.00647897
-0.00506595
-0.00719361
-0.00531588
-0.0070746
-0.005859
-0.00507566
-0.00638584
-0.00693293
-0.00512161
-0.00625227
-0.00464173
-0.00488007
-0.00637647
-0.00532873
-0.00667699
-0.00451915
-0.00561837
-0.00505284
-0.00555956
-0.00497477
-0.00611027
-0.00596879
-0.00587078
-0.00562426
-0.0059783
-0.0069043
-0.00574562
-0.0053529
-0.00660839
-0.00577201
-0.00545183
-0.00632393
-0.00253669
-0.00552237
-0.00595033
-0.00578464
-0.00695181
-0.0060354
-0.00626721
-0.00570421
-0.00621677
-0.00589048
-0.00624339
-0.00599251
-0.00543851
-0.00519118
-0.00472772
-0.00570996
-0.00612711
-0.00471251
-0.00594935
-0.00493972
-0.00549623
-0.00555487
-0.00574323
-0.00598688
-0.00632594
-0.00561405
-0.00572964
-0.00493163
-0.00419035
-0.00447127
-0.00502815
-0.00530539
-0.00431817
-0.00436653
-0.00835596
-0.00896288
-0.00416445
-0.00473865
-0.00897029
-0.00866134
-0.00444103
-0.00592527
-0.00613406
-0.00466779
-0.00488966
-0.005327
-0.00416618
-0.00848115
-0.00754482
-0.00573283
-0.0078113
-0.00481812
-0.00830374
-0.00668143
-0.00498549
-0.00452257
-0.00328945
-0.00564477
-0.00539135
-0.00593917
-0.00550592
-0.00430675
-0.00484727
-0.00512458
-0.00775729
-0.00471934
-0.007191
-0.00265188
-0.0071954
-0.00553637
-0.00504065
-0.00738281
-0.00494342
-0.00622542
-0.00458454
-0.00569882
-0.00498229
-0.00523086
-0.00531103
-0.00399284
-0.00572145
-0.00530652
-0.00419681
-0.00533821
-0.00567886
-0.00575356
-0.00475705
-0.00520601
-0.00650142
-0.00665772
-0.00734153
-0.00909905
0.000279991
-0.00171815
-1.24589e-05
-0.00763524
-0.00888469
-0.00334845
-0.00726302
-0.00446736
-0.00805262
-0.00874541
-0.0028289
-0.00243918
-0.00653696
-0.00398984
-0.00429654
-0.00670949
-0.000900025
-0.00757389
-0.00684958
-0.00780417
-0.0041529
-0.00576104
-0.00718382
-0.00751436
-0.00485869
-0.00420503
-0.000685789
-0.00549145
-0.00659209
-0.0067015
-0.00555184
-0.00585564
-0.00646283
-0.00570159
-0.00622828
-0.00597639
-0.00583458
-0.00557163
-0.00574231
-0.00588447
-0.006172
-0.0058583
-0.00581494
-0.00593275
-0.00597934
-0.00609107
-0.00573498
-0.00609701
-0.00651244
-0.00595519
-0.00632228
-0.0063276
-0.00615354
-0.0069232
-0.00605539
-0.00648753
-0.00559759
-0.00546524
-0.0059721
-0.00595381
-0.00620395
-0.00427647
-0.00526737
-0.00599317
-0.00492546
-0.00484228
-0.00552695
-0.00692642
-0.00497505
-0.00158383
-0.00604808
-0.00762778
-0.00491822
-0.0044117
-0.007603
-0.00455542
-0.00504909
-0.00520394
-0.00594851
-0.00473908
-0.00521598
-0.00496651
-0.00613845
-0.00592582
-0.00454317
-0.00431243
-0.00481126
-0.00625067
-0.00605824
-0.00494787
-0.00721213
-0.00644446
-0.00532625
-0.00610501
-0.00503377
-0.00516491
-0.00639137
-0.00518252
-0.00576932
-0.00614211
-0.00531059
-0.00590857
-0.00649195
-0.00616186
-0.00549269
-0.00638586
-0.00580576
-0.00626199
-0.0062932
-0.00649069
-0.0051026
-0.00743297
-0.00579604
-0.00500574
-0.00720476
-0.00522744
-0.00509376
-0.00738613
-0.00611592
-0.00619849
-0.00578687
-0.00540429
-0.00595867
-0.00650434
-0.00702684
-0.00635052
-0.00627484
-0.0065066
-0.00576569
-0.00632492
-0.00699793
-0.00642604
-0.00692717
-0.00598573
-0.00627721
-0.00657644
-0.00647508
-0.00675295
-0.00700919
-0.00636016
-0.00668106
-0.00691996
-0.00694322
-0.00663355
-0.00625995
-0.00739143
-0.00814622
-0.00758036
-0.00706326
-0.00802633
-0.00860313
-0.00686666
-0.00704561
-0.00698104
-0.0062669
-0.00606272
-0.00584593
-0.00706822
-0.00563238
-0.00690957
-0.00723324
-0.00651997
-0.00682531
-0.00636079
-0.00705568
-0.00852531
-0.00632709
-0.00613112
-0.00622886
-0.00616193
-0.00599348
-0.00583213
-0.00572239
-0.00647306
-0.00672886
-0.00680065
-0.00729677
-0.00703285
-0.00495554
-0.00817678
-0.00736897
-0.0082558
-0.00805198
-0.00869372
-0.00772954
-0.00852294
-0.00784185
-0.0074464
-0.00759423
-0.00770429
-0.00773506
-0.00750686
-0.00781137
-0.00728547
-0.00821227
-0.00792321
-0.00829603
-0.00954736
-0.00883919
-0.00694293
-0.00842741
-0.00744866
-0.00776299
-0.00804841
-0.00820303
-0.00783781
-0.00758404
-0.00838643
-0.0080042
-0.0080178
-0.00805234
-0.00796456
-0.00806542
-0.0080913
-0.008281
-0.00830992
-0.00842824
-0.00907113
-0.00690337
-0.00718866
-0.0095186
-0.00878078
-0.00879212
-0.0085599
-0.00855196
-0.00864578
-0.00824216
-0.0089777
-0.00875421
-0.0102448
-0.0083653
-0.0090209
-0.00995788
-0.00915494
-0.00865301
-0.00922455
-0.0085597
-0.00915678
-0.00875484
-0.00875032
-0.00849487
-0.00941337
-0.0090038
-0.00998146
-0.00908315
-0.00999482
-0.0086691
-0.0115071
-0.00936976
-0.00802842
-0.0093374
-0.00874492
-0.00886606
-0.00888531
-0.00898721
-0.00900334
-0.00895607
-0.00855371
-0.0087078
-0.0105378
-0.00872507
-0.00851733
-0.00901923
-0.00926961
-0.00861358
-0.00860512
-0.00837486
-0.00875566
-0.00866042
-0.00842269
-0.00874248
-0.00907871
-0.00933318
-0.0092781
-0.00895635
-0.00908956
-0.00925842
-0.0091922
-0.00868441
-0.00923638
-0.00735771
-0.00838878
-0.00867214
-0.00845063
-0.00897089
-0.00764416
-0.00813416
-0.00819414
-0.00842477
-0.00804809
-0.00842919
-0.00793782
-0.0078923
-0.00860445
-0.00879242
-0.008203
-0.00841643
-0.00795973
-0.0083792
-0.00843452
-0.00832492
-0.00900574
-0.00830927
-0.008741
-0.00771402
-0.00841119
-0.00802601
-0.00854519
-0.00852279
-0.00866755
-0.00831274
-0.00841549
-0.00834386
-0.00863373
-0.00850516
-0.00952185
-0.0085872
-0.00889571
-0.00876535
-0.00876912
-0.00798356
-0.007871
-0.00814312
-0.0082088
-0.00806204
-0.0081752
-0.00815439
-0.00855472
-0.00856576
-0.00844703
-0.00813891
-0.00832028
-0.008569
-0.00841485
-0.00825597
-0.00820883
-0.00810212
-0.0082053
-0.00798394
-0.00822942
-0.00811655
-0.00879433
-0.008391
-0.00861114
-0.00866397
-0.00861734
-0.00854614
-0.00885944
-0.0077937
-0.00750311
-0.00749666
-0.00790452
-0.00793997
-0.00714751
-0.0078292
-0.00790052
-0.00817578
-0.00808569
-0.0077844
-0.00808402
-0.00811573
-0.00795085
-0.0080508
-0.0079346
-0.00792182
-0.00811902
-0.00830026
-0.0076194
-0.00805179
-0.00821494
-0.00803149
-0.00799411
-0.00789533
-0.00812307
-0.00827069
-0.00804516
-0.00824678
-0.00810008
-0.00719535
-0.00805546
-0.00711574
-0.00812426
-0.00870248
-0.00854753
-0.00888899
-0.00825862
-0.00823377
-0.00819923
-0.00826295
-0.00870437
-0.00793556
-0.00794333
-0.00738221
-0.00793915
-0.007135
-0.00799271
-0.00785052
-0.00802637
-0.0079585
-0.00767582
-0.00801143
-0.0078667
-0.00798124
-0.00799079
-0.00830402
-0.00817515
-0.00749677
-0.00865605
-0.00794416
-0.00839854
-0.00860399
-0.00854746
-0.00899941
-0.00769773
-0.00693508
-0.00840644
-0.00847771
-0.00765413
-0.00764703
-0.00726021
-0.00597669
-0.00771487
-0.00745656
-0.00705082
-0.00832442
-0.00765334
-0.00775464
-0.00754412
-0.00790822
-0.00764021
-0.0075408
-0.00784187
-0.00737122
-0.00863176
-0.00669665
-0.00678526
-0.00803545
-0.00876247
-0.00683913
-0.0073607
-0.00866854
-0.00857405
-0.00725235
-0.00910876
-0.00730724
-0.00723995
-0.00812899
-0.00787217
-0.00804011
-0.0076298
-0.00781508
-0.00797294
-0.00793632
-0.00780047
-0.00817328
-0.00774636
-0.00770109
-0.00772963
-0.00816084
-0.00807275
-0.00682945
-0.00891417
-0.00926891
-0.00740144
-0.00899119
-0.00715197
-0.0072338
-0.00667661
-0.0072681
-0.00707115
-0.00790119
-0.00684061
-0.00697715
-0.00772558
-0.00695577
-0.00700188
-0.00689386
-0.00678264
-0.0067724
-0.00713971
-0.00675099
-0.00755776
-0.00765518
-0.00883707
-0.00795171
-0.00767565
-0.00657106
-0.00838284
-0.00802576
-0.00786528
-0.00778623
-0.00760726
-0.00798188
-0.00741061
-0.00827204
-0.00796768
-0.00901943
-0.00881506
-0.00946917
-0.00862645
-0.00856187
-0.00894583
-0.00915979
-0.00858383
-0.00844432
-0.00919285
-0.00849352
-0.00908317
-0.00908519
-0.00852225
-0.00877886
-0.00847466
-0.00893418
-0.0085508
-0.00838874
-0.00893144
-0.00882628
-0.00911621
-0.00847304
-0.00886627
-0.00860698
-0.00857799
-0.00951867
-0.00805818
-0.00824917
-0.00832541
-0.00869853
-0.00866405
-0.00800066
-0.00863132
-0.00871429
-0.00861035
-0.00887029
-0.00796647
-0.00835058
-0.00884809
-0.00892914
-0.00742377
-0.00997775
-0.00865652
-0.0077168
-0.00930975
-0.00783127
-0.00691081
-0.00884425
-0.00833125
-0.00888199
-0.00797132
-0.00860879
-0.00891157
-0.008467
-0.0089915
-0.00881346
-0.00896262
-0.00912466
-0.00890295
-0.00938851
-0.00898259
-0.00918317
-0.00903665
-0.0092843
-0.00900233
-0.00909906
-0.00906053
-0.00933531
-0.00911793
-0.00906299
-0.00908904
-0.0090819
-0.00906913
-0.00914473
-0.00932391
-0.00902725
-0.00896056
-0.00897048
-0.00901611
-0.00900168
-0.00908043
-0.00894746
-0.00870335
-0.00869976
-0.00885825
-0.00857525
-0.00867731
-0.00900259
-0.00844278
-0.00907318
-0.00913551
-0.00890559
-0.00911734
-0.00905578
-0.00911298
-0.00905533
-0.00892694
-0.00922206
-0.00887208
-0.00892655
-0.00888783
-0.00874252
-0.00935685
-0.00908941
-0.00913918
-0.00896146
-0.0091569
-0.00905897
-0.00905719
-0.00916513
-0.0090731
-0.00932372
-0.00909681
-0.00898369
-0.00919827
-0.00899234
-0.0090735
-0.00906543
-0.00895256
-0.00893621
-0.00887901
-0.00894246
-0.00895466
-0.00898783
-0.00898849
-0.00943282
-0.00909275
-0.00927707
-0.00896962
-0.0090949
-0.00904294
-0.00883101
-0.00902996
-0.00912272
-0.00917236
-0.00868925
-0.00883703
-0.00920168
-0.00904277
-0.00898954
-0.00877825
-0.00898879
-0.00931934
-0.00837795
-0.00906454
-0.00881859
-0.00865968
-0.00919801
-0.00920359
-0.00887226
-0.0087358
-0.00886883
-0.00861766
-0.00869509
-0.00894962
-0.00897966
-0.0084668
-0.00864043
-0.00892854
-0.0089483
-0.00872206
-0.00873279
-0.00901233
-0.00861271
-0.00907998
-0.00898258
-0.00886979
-0.00861759
-0.00865774
-0.00892679
-0.00886096
-0.00854024
-0.00898441
-0.00870971
-0.00896518
-0.00846956
-0.008891
-0.00856854
-0.00886448
-0.00881774
-0.00895274
-0.00895672
-0.00827877
-0.00853231
-0.00879587
-0.00872006
-0.00873272
-0.00845017
-0.0083671
-0.00849583
-0.00881284
-0.00857417
-0.00818107
-0.00869435
-0.00869887
-0.00887882
-0.00877352
-0.0083824
-0.0089583
-0.00869426
-0.00837934
-0.00854612
-0.00817913
-0.00828917
-0.00860132
-0.00821813
-0.00855023
-0.00848906
-0.00871192
-0.00924922
-0.00866245
-0.0085912
-0.00910441
-0.00882862
-0.00868942
-0.00855932
-0.00853832
-0.00878476
-0.00838466
-0.0084993
-0.00862583
-0.00834488
-0.0083677
-0.00859974
-0.0086145
-0.00884028
-0.00876296
-0.00865764
-0.0084116
-0.00831366
-0.00839537
-0.00839372
-0.0081958
-0.00833719
-0.00877099
-0.00819669
-0.00840263
-0.00834296
-0.00842645
-0.00840297
-0.008458
-0.00835247
-0.00845496
-0.00840038
-0.00857066
-0.00832486
-0.00860006
-0.00848412
-0.00829842
-0.00873918
-0.00878116
-0.00829408
-0.00838595
-0.00851335
-0.00833802
-0.00856228
-0.00886846
-0.00848532
-0.00861919
-0.0085308
-0.00844143
-0.00855632
-0.00852306
-0.00857423
-0.00835557
-0.00899296
-0.00856838
-0.00852416
-0.00852333
-0.00825256
-0.00861235
-0.00874429
-0.0084777
-0.00855908
-0.00842093
-0.00871098
-0.00852104
-0.00854882
-0.00868057
-0.0089544
-0.0086263
-0.00860701
-0.00868227
-0.00866922
-0.00877197
-0.00845776
-0.00844392
-0.0084589
-0.00843562
-0.00847374
-0.00863336
-0.00842303
-0.00860183
-0.00853635
-0.00848396
-0.00852622
-0.00859131
-0.00864858
-0.0086826
-0.00842589
-0.0083713
-0.00844191
-0.00835773
-0.00843021
-0.00854164
-0.00839686
-0.0101242
-0.00802097
-0.00796433
-0.00767609
-0.00831531
-0.00819571
-0.00814807
-0.00829878
-0.00787959
-0.00798515
-0.0078823
-0.00818407
-0.00811649
-0.00807253
-0.00853114
-0.00830294
-0.00864144
-0.00924496
-0.00716685
-0.00790449
-0.00850289
-0.00791318
-0.00784749
-0.00845382
-0.00906828
-0.00632399
-0.00726582
-0.00770615
-0.00858008
-0.0123063
-0.0080916
-0.00806052
-0.00872595
-0.00823898
-0.00835559
-0.00838584
-0.0120384
-0.00731389
-0.00839534
-0.00885297
-0.00688496
-0.00760624
-0.00803151
-0.00933239
-0.0096676
-0.00803226
-0.00985299
-0.00801568
-0.00799196
-0.00891716
-0.00871722
-0.00874891
-0.00833725
-0.00834702
-0.00876119
-0.00874564
-0.00868768
-0.00867093
-0.00850151
-0.00827004
-0.00857473
-0.00861956
-0.00904241
-0.0074642
-0.0092074
-0.00983025
-0.00800712
-0.00971319
-0.00777172
-0.00785171
-0.00925221
-0.00759011
-0.0100448
-0.00823797
-0.00904558
-0.00833798
-0.00916123
-0.00884329
-0.00848082
-0.00703254
-0.00856921
-0.00950974
-0.00829887
-0.00856081
-0.00837844
-0.00837353
-0.00865154
-0.0082455
-0.00821305
-0.00868128
-0.0084278
-0.00900814
-0.00800922
-0.00882841
-0.00759643
-0.00818116
-0.00818801
-0.007626
-0.00786362
-0.0078948
-0.00867852
-0.00805376
-0.00868193
-0.00831051
-0.00798237
-0.00932537
-0.00844267
-0.00906392
-0.00806392
-0.00874812
-0.0103801
-0.00745861
-0.00861225
-0.00791979
-0.0079772
-0.00813772
-0.00815803
-0.0084429
-0.00810815
-0.00624495
-0.00741802
-0.00887402
-0.00870943
-0.00724493
-0.0074259
-0.00886646
-0.00852904
-0.00785376
-0.00681222
-0.0067783
-0.00828709
-0.00647076
-0.00810031
-0.00768587
-0.00812755
-0.00766864
-0.00759416
-0.00768006
-0.00810058
-0.00823613
-0.00760119
-0.00795306
-0.0077762
-0.00738769
-0.00790803
-0.00740728
-0.00817491
-0.00910805
-0.00392694
-0.00680701
-0.00870316
-0.00860869
-0.00631189
-0.00972305
-0.00900617
-0.00421946
-0.00684237
-0.00787667
-0.00609796
-0.0100354
-0.00815589
-0.00691291
-0.00691395
-0.00737762
-0.00702068
-0.00730219
-0.00687291
-0.00711012
-0.00681573
-0.00666338
-0.00656422
-0.00659851
-0.0067569
-0.00728312
-0.00658898
-0.00712283
-0.00666756
-0.00671973
-0.00684006
-0.00664013
-0.00696475
-0.00664943
-0.00723697
-0.0068356
-0.00797333
-0.00655202
-0.00665348
-0.00684972
-0.00668824
-0.00749938
-0.00745487
-0.00711978
-0.00726226
-0.00738638
-0.00735356
-0.00706231
-0.00794093
-0.00567206
-0.00755056
-0.00746623
-0.00810008
-0.00585011
-0.0075188
-0.00737127
-0.00732249
-0.00742671
-0.00751641
-0.00722795
-0.00740676
-0.00720142
-0.00475188
-0.00602775
-0.00745264
-0.0081809
-0.00671927
-0.00541794
-0.00721247
-0.00568493
-0.00630439
-0.00624527
-0.00677297
-0.00651146
-0.00596304
-0.006923
-0.00566366
-0.00569704
-0.00633333
-0.00631779
-0.00666323
-0.00646623
-0.00594538
-0.00635876
-0.00502297
-0.00536522
-0.00646973
-0.00517846
-0.00557923
-0.00662121
-0.00713403
-0.00627481
-0.00692368
-0.00578781
-0.00593063
-0.00596704
-0.00687216
-0.00659516
-0.00717459
-0.0058109
-0.00699271
-0.00663256
-0.00690788
-0.00715384
-0.00793312
-0.00712417
-0.0085178
-0.00672892
-0.00957552
-0.00777788
-0.00646211
-0.00669475
-0.00677592
-0.00677911
-0.00651855
-0.00705641
-0.0064908
-0.00675877
-0.00657997
-0.0072609
-0.00629113
-0.00660245
-0.00662836
-0.00614317
-0.00688422
-0.00658279
-0.00638206
-0.0058282
-0.00577306
-0.00567228
-0.00610075
-0.00627791
-0.0064132
-0.00615627
-0.00638797
-0.00633211
-0.00617003
-0.00662492
-0.00615712
-0.00731834
-0.00768133
-0.0060056
-0.00647115
-0.00608251
-0.00774801
-0.00697898
-0.00771022
-0.00683965
-0.00753673
-0.00657483
-0.00654725
-0.00643035
-0.00710116
-0.00774249
-0.00699129
-0.00688492
-0.00726049
-0.0068735
-0.00721631
-0.00745705
-0.00769843
-0.00724981
-0.00644106
-0.00683737
-0.00672168
-0.00752631
-0.00716677
-0.00606128
-0.00645098
-0.00726513
-0.0069017
-0.00730913
-0.00615437
-0.00626841
-0.00691543
-0.00687968
-0.00663241
-0.00676597
-0.00664396
-0.00680315
-0.0069757
-0.00664726
-0.00716708
-0.00676221
-0.00714312
-0.00789452
-0.00795398
-0.00611916
-0.00656112
-0.00675322
-0.00685698
-0.00711016
-0.00714478
-0.00765713
-0.00638587
-0.00345422
-0.00726406
-0.00757325
-0.00520851
-0.00448741
-0.00401444
-0.00643077
-0.00584907
-0.00643235
-0.00477406
-0.00465528
-0.00558613
-0.00381483
-0.00462872
-0.00458437
-0.00499369
-0.0070162
-0.00495448
-0.00528872
-0.00404594
-0.00460495
-0.00443777
-0.00418005
-0.00520754
-0.00502282
-0.00474121
-0.00445508
-0.00466681
-0.00480458
-0.00433785
-0.00475263
-0.00446466
-0.00385447
-0.00459311
-0.00475008
-0.00455173
-0.00753572
-0.00424801
-0.00372424
-0.00580026
-0.00210166
-0.00441375
-0.00489151
-0.00453189
-0.00471841
-0.00375496
-0.00456866
-0.00306233
-0.00478167
-0.00701151
-0.00649428
-0.0064373
-0.00564902
-0.00630082
-0.00606007
-0.00564903
-0.00581255
-0.00584612
-0.00559949
-0.00610241
-0.0061204
-0.00533312
-0.00605077
-0.00655842
-0.0066206
-0.00640173
-0.00625991
-0.00619221
-0.00612298
-0.00580338
-0.00554313
-0.00693803
-0.00561387
-0.00665411
-0.00564978
-0.00619786
-0.00559828
-0.00632506
-0.00608045
-0.00576821
-0.00617826
-0.0061817
-0.00584362
-0.00627422
-0.0065083
-0.00711103
-0.00759442
-0.00626858
-0.00715271
-0.0064338
-0.00637218
-0.00542997
-0.00652737
-0.00649245
-0.00566957
-0.00634432
-0.00564928
-0.00534302
-0.00318275
-0.00125119
-0.0051885
-0.0060127
-0.0043614
-0.00214294
-0.0058042
-0.00910076
0.00096125
0.00131768
-0.00676634
-0.00934024
0.00072297
-0.00671532
-0.0025826
-0.00748872
-0.0011294
-0.00671894
-0.00233599
-0.00160603
-0.00643452
-0.0055405
-0.00693529
-0.00664956
-0.0056073
-0.00619639
-0.00564569
-0.00559415
-0.00650821
-0.0071114
-0.00759607
-0.0062686
-0.00643574
-0.00715173
-0.0063724
-0.00632231
-0.00607774
-0.0057636
-0.00617389
-0.00617876
-0.00584076
-0.00626959
-0.0054291
-0.00652498
-0.00648744
-0.00566925
-0.00634589
-0.00534259
-0.0056468
-0.00699472
-0.00648373
-0.00563817
-0.00640752
-0.00605261
-0.00628287
-0.00563248
-0.00579882
-0.00583881
-0.00559457
-0.00609748
-0.00611198
-0.00532413
-0.00604345
-0.00654567
-0.00656747
-0.00634597
-0.00623609
-0.00615987
-0.00578316
-0.00608806
-0.00663249
-0.00414115
-0.00494553
-0.00184093
-0.00525972
-0.00740629
-0.00463559
-0.00703903
-0.000941325
-0.00796504
-0.00511723
-0.00576823
-0.00846934
-0.00440658
-0.00658502
-0.00638878
-0.0058612
-0.0057633
-0.00567379
-0.00611529
-0.00625686
-0.0063846
-0.0061461
-0.00631991
-0.00637646
-0.00615834
-0.00613519
-0.00661471
-0.00729584
-0.00766151
-0.0059806
-0.00645503
-0.00607184
-0.00770513
-0.00696348
-0.00653246
-0.00722935
-0.00627586
-0.0065764
-0.00661809
-0.00613781
-0.00685992
-0.00604287
-0.0064493
-0.00727317
-0.00686609
-0.00615338
-0.00730967
-0.00626108
-0.0066114
-0.00714862
-0.00672872
-0.00715554
-0.00610868
-0.00785602
-0.00799275
-0.00689299
-0.00686507
-0.00661716
-0.0067481
-0.00662972
-0.0067921
-0.00695371
-0.00654033
-0.00674849
-0.00708708
-0.00684399
-0.00766107
-0.0071284
-0.00637534
-0.00768389
-0.00682006
-0.00654506
-0.00749483
-0.00652864
-0.00705872
-0.006391
-0.00770948
-0.00697721
-0.00687105
-0.00723954
-0.00685817
-0.00719366
-0.00743578
-0.00766392
-0.0072291
-0.00641884
-0.00681976
-0.0067038
-0.00750915
-0.00714381
-0.00568933
-0.00480355
-0.0050092
-0.00460754
-0.00545137
-0.00487299
-0.00438279
-0.0047949
-0.00433224
-0.00474874
-0.00445874
-0.00474484
-0.00458843
-0.00384987
-0.00454034
-0.00754701
-0.00424471
-0.00372165
-0.00579873
-0.00440539
-0.00208907
-0.00488517
-0.00452811
-0.00375295
-0.00471341
-0.00477554
-0.00305795
-0.00456536
-0.00458204
-0.00498554
-0.00495269
-0.00701266
-0.00528925
-0.00404679
-0.00459758
-0.0044415
-0.00418353
-0.00520794
-0.00502971
-0.00473671
-0.00445373
-0.00468478
-0.00532346
-0.00716242
-0.00736783
-0.00774287
-0.0072829
-0.00682402
-0.00900825
-0.00751061
-0.00711133
-0.00744715
-0.00725403
-0.00738318
-0.00705877
-0.00734647
-0.00795409
-0.00568028
-0.00754369
-0.00745656
-0.00751009
-0.00585898
-0.00810148
-0.00736963
-0.00731563
-0.00751327
-0.00742082
-0.00719937
-0.00740018
-0.00722583
-0.00569132
-0.00631254
-0.00679909
-0.00625349
-0.00596665
-0.00652401
-0.006935
-0.00567814
-0.00571943
-0.00634297
-0.00632483
-0.00668129
-0.00595438
-0.0064836
-0.00636391
-0.00501823
-0.00648111
-0.00535018
-0.00518056
-0.00662493
-0.00558434
-0.00715438
-0.00628642
-0.00580058
-0.00694996
-0.00688321
-0.00594416
-0.00598348
-0.00479526
-0.00602311
-0.00820773
-0.00745912
-0.00542725
-0.00671707
-0.0072292
-0.00658535
-0.00582729
-0.00715886
-0.00694675
-0.00661854
-0.00714157
-0.00687951
-0.0079152
-0.00706941
-0.00850509
-0.00671384
-0.00779401
-0.00955115
-0.00644008
-0.00668281
-0.00675688
-0.00651021
-0.00675963
-0.00649686
-0.00703503
-0.00674129
-0.0100803
-0.00799763
-0.00765257
-0.00792306
-0.00816573
-0.00811408
-0.00828037
-0.0082575
-0.00785368
-0.00785212
-0.00794351
-0.00804448
-0.0081445
-0.00807777
-0.0078775
-0.00782706
-0.00842099
-0.00903773
-0.00724619
-0.00629273
-0.0076749
-0.00848582
-0.00827873
-0.00860676
-0.00919505
-0.00710478
-0.00786347
-0.00847165
-0.0083528
-0.0120019
-0.00729396
-0.00837393
-0.00759432
-0.0088318
-0.00684958
-0.00853115
-0.0122607
-0.00802779
-0.00797907
-0.00868107
-0.00818503
-0.00830482
-0.00812508
-0.00745143
-0.0097636
-0.00750992
-0.00910004
-0.00746463
-0.00930817
-0.00809902
-0.00935031
-0.00785845
-0.0097037
-0.00807551
-0.00987469
-0.00809595
-0.00889847
-0.00873374
-0.00883478
-0.00829877
-0.00838594
-0.00880715
-0.00880233
-0.00869735
-0.00864663
-0.00830663
-0.00853763
-0.00862523
-0.00884693
-0.00865487
-0.00731983
-0.00926864
-0.00803888
-0.00982775
-0.00772166
-0.00784286
-0.00978118
-0.00901923
-0.0097983
-0.00750638
-0.00824621
-0.00886084
-0.00904754
-0.00833139
-0.00880197
-0.00841048
-0.00691079
-0.0085025
-0.0082146
-0.00847159
-0.00943729
-0.00822356
-0.00832232
-0.00817573
-0.00859515
-0.00831904
-0.00860425
-0.00814554
-0.00787294
-0.00776939
-0.0083123
-0.00910353
-0.00808548
-0.00779321
-0.0086398
-0.00823559
-0.00813644
-0.00782862
-0.007978
-0.00817483
-0.00810721
-0.00807038
-0.00828258
-0.00882428
-0.00832451
-0.00859719
-0.00839376
-0.00871126
-0.00858065
-0.00831116
-0.00884391
-0.00800288
-0.00688472
-0.00853071
-0.00837175
-0.00822348
-0.00907429
-0.00793319
-0.00754838
-0.00905594
-0.00823089
-0.0082924
-0.00779145
-0.00782603
-0.00873299
-0.00798853
-0.00796297
-0.00876845
-0.00796602
-0.00829932
-0.00932061
-0.00850312
-0.00908766
-0.00805562
-0.00878481
-0.0104098
-0.00746625
-0.00859666
-0.00793966
-0.0081554
-0.00798801
-0.00847223
-0.00815667
-0.00816072
-0.00842563
-0.00786563
-0.00672706
-0.00677334
-0.00643821
-0.00804209
-0.00826282
-0.00754947
-0.00798203
-0.00774433
-0.00741752
-0.00823668
-0.00732841
-0.00785164
-0.00767155
-0.00818582
-0.00768051
-0.00765028
-0.00831449
-0.00764788
-0.00814218
-0.00889604
-0.00411882
-0.00680171
-0.00780136
-0.0060409
-0.00808383
-0.00990823
-0.00901141
-0.00384061
-0.00682761
-0.00865402
-0.00628673
-0.00857136
-0.00963856
-0.00911348
-0.00906322
-0.00915946
-0.0089861
-0.00910993
-0.00925405
-0.0088818
-0.00889732
-0.00886216
-0.00894841
-0.00894156
-0.00893326
-0.00900522
-0.00886525
-0.00859416
-0.00867429
-0.00848698
-0.00875227
-0.00866301
-0.00830118
-0.00888814
-0.00911486
-0.00924294
-0.00883242
-0.00886531
-0.00887941
-0.00880483
-0.00964776
-0.00918639
-0.00916847
-0.00903181
-0.0092204
-0.00914683
-0.00913906
-0.0092115
-0.00922282
-0.00959736
-0.00925953
-0.00909254
-0.00935432
-0.00916398
-0.00923013
-0.00904282
-0.00954082
-0.00936507
-0.00912149
-0.00915219
-0.00905976
-0.00905138
-0.00869377
-0.00879934
-0.00901365
-0.0089826
-0.00870648
-0.00859088
-0.0089715
-0.00909325
-0.00900187
-0.00889256
-0.00900607
-0.00923992
-0.00865102
-0.00907815
-0.00877174
-0.00897338
-0.00853239
-0.00897755
-0.00887793
-0.0086515
-0.00893899
-0.00875286
-0.00924971
-0.00861801
-0.00867484
-0.00882843
-0.00915298
-0.00870514
-0.00833725
-0.00863463
-0.00877553
-0.00890282
-0.00831482
-0.00886714
-0.00865419
-0.00872489
-0.00829644
-0.00838316
-0.00851548
-0.00830709
-0.00852085
-0.00886042
-0.00850608
-0.00861506
-0.00850743
-0.00841944
-0.00856858
-0.00852871
-0.0084979
-0.00839834
-0.00897197
-0.00864095
-0.00845901
-0.00830569
-0.00849884
-0.00853875
-0.00875811
-0.00903181
-0.00863969
-0.00859838
-0.00878705
-0.00878391
-0.00865542
-0.00849895
-0.00840967
-0.00840703
-0.00842096
-0.00848946
-0.0086587
-0.00836634
-0.00838674
-0.0082982
-0.00841961
-0.00832875
-0.00837668
-0.00850756
-0.00837274
-0.00983303
-0.00905416
-0.00882514
-0.00952703
-0.00994814
-0.00925064
-0.00922832
-0.00951297
-0.00904218
-0.00890982
-0.0094528
-0.009709
-0.009141
-0.00922542
-0.00895646
-0.00891446
-0.0092578
-0.00973089
-0.0098274
-0.00873344
-0.0094915
-0.00800638
-0.0104594
-0.00833332
-0.00943921
-0.00735889
-0.010095
-0.00844465
-0.00931488
-0.00905597
-0.00967098
-0.00912708
-0.00965099
-0.00919285
-0.00945652
-0.00885341
-0.0090775
-0.00933498
-0.0089272
-0.00897338
-0.00926477
-0.00874301
-0.00902384
-0.0091162
-0.00864089
-0.00919042
-0.00906441
-0.00876932
-0.00909059
-0.00932529
-0.00923537
-0.00903054
-0.0089104
-0.00925353
-0.00914478
-0.00901331
-0.00889646
-0.00900364
-0.00916857
-0.00893028
-0.00900172
-0.00910223
-0.00874602
-0.00898351
-0.00890728
-0.00907892
-0.00898054
-0.00894684
-0.00889945
-0.00906453
-0.00915552
-0.00896058
-0.00874538
-0.00903386
-0.00871396
-0.00898598
-0.00914384
-0.00905726
-0.00903569
-0.00926124
-0.00902303
-0.00913467
-0.00896332
-0.00917044
-0.00898994
-0.0090126
-0.00887942
-0.00887568
-0.0089611
-0.00907627
-0.00885705
-0.0090719
-0.0090216
-0.009386
-0.00894341
-0.00919415
-0.00910511
-0.00895103
-0.00898121
-0.00887628
-0.00884569
-0.009008
-0.00893671
-0.00885517
-0.00905015
-0.00891491
-0.00907211
-0.00915884
-0.00902313
-0.00886074
-0.00905582
-0.00920306
-0.00873935
-0.00897167
-0.00900793
-0.00901132
-0.0087749
-0.00891704
-0.00897085
-0.0087395
-0.0089755
-0.00904426
-0.00905161
-0.00878575
-0.00890029
-0.00897496
-0.00893142
-0.00902451
-0.00914224
-0.00914103
-0.00895774
-0.00909832
-0.00914146
-0.0090999
-0.00925797
-0.00905026
-0.00907592
-0.00917446
-0.00923638
-0.00900377
-0.00896218
-0.00902275
-0.00901888
-0.00883612
-0.00884556
-0.0090225
-0.0089562
-0.00898073
-0.00886089
-0.00900453
-0.0089824
-0.00896529
-0.00883348
-0.00902077
-0.00906173
-0.00906317
-0.00913158
-0.00897012
-0.00918163
-0.00899232
-0.00904252
-0.00884154
-0.00875219
-0.0087214
-0.00868201
-0.0088132
-0.00868697
-0.00874444
-0.00897061
-0.00871865
-0.0093173
-0.00870941
-0.00883099
-0.00915611
-0.00866248
-0.00893452
-0.00862149
-0.00878873
-0.00911493
-0.00904445
-0.008647
-0.00888188
-0.00886242
-0.00879909
-0.00909383
-0.0086827
-0.00884731
-0.00884488
-0.00908631
-0.00880871
-0.0088633
-0.00885337
-0.00894938
-0.00884237
-0.00884776
-0.00893715
-0.00876102
-0.00889306
-0.00878561
-0.00882256
-0.00872402
-0.00881521
-0.00891787
-0.00888096
-0.00870216
-0.00884042
-0.0090776
-0.00888955
-0.00884383
-0.00909531
-0.00872057
-0.00874819
-0.00869533
-0.00875552
-0.00877561
-0.00878987
-0.00869947
-0.00884275
-0.00881116
-0.00869343
-0.00856288
-0.00859105
-0.00897071
-0.00875314
-0.00887995
-0.00863765
-0.00926697
-0.00873947
-0.00896544
-0.0086325
-0.00900227
-0.00880232
-0.00876545
-0.00885947
-0.00863949
-0.00888287
-0.00870833
-0.00868958
-0.00839663
-0.00891546
-0.00865515
-0.00879984
-0.00867151
-0.00869971
-0.00861088
-0.00854719
-0.00811462
-0.0083495
-0.00858827
-0.00841246
-0.00875117
-0.00801304
-0.00889552
-0.00875158
-0.0093976
-0.00883498
-0.00858394
-0.00917796
-0.00869137
-0.0083384
-0.00834747
-0.00867069
-0.00862509
-0.00836706
-0.00814142
-0.00865694
-0.00854453
-0.00808606
-0.00807973
-0.008439
-0.00848983
-0.00853997
-0.00806728
-0.00863207
-0.00808656
-0.00761129
-0.00891623
-0.0089081
-0.00797797
-0.00862386
-0.00837407
-0.00881165
-0.00809535
-0.00857419
-0.00821254
-0.00869677
-0.00837823
-0.0078755
-0.00821473
-0.00900919
-0.00837877
-0.00803256
-0.00826194
-0.00830245
-0.00807791
-0.00827451
-0.00831424
-0.00805162
-0.00840998
-0.00791502
-0.0081269
-0.00908048
-0.00814785
-0.00803855
-0.00914183
-0.00876959
-0.00816886
-0.00907714
-0.00864
-0.00828792
-0.00837848
-0.00791692
-0.00902989
-0.00818696
-0.0082871
-0.00825324
-0.0142241
-0.00786634
-0.00767052
-0.0094074
-0.00899335
-0.00808122
-0.00832533
-0.00829735
-0.00857901
-0.00826896
-0.00841068
-0.00908378
-0.00837146
-0.00773968
-0.00782468
-0.00838606
-0.0076721
-0.00781515
-0.00838142
-0.00794829
-0.00831837
-0.00819562
-0.00852039
-0.00834365
-0.00881423
-0.00811369
-0.00839179
-0.00781748
-0.00777908
-0.00796075
-0.0078899
-0.00793011
-0.00793291
-0.0079659
-0.00846384
-0.00811005
-0.00835462
-0.00824085
-0.00803763
-0.00767784
-0.00840754
-0.00822893
-0.00748363
-0.00889815
-0.00854401
-0.00944002
-0.00760725
-0.00755893
-0.0076885
-0.00812773
-0.00776953
-0.00811563
-0.00828054
-0.00816224
-0.00815254
-0.00661935
-0.00798192
-0.00783468
-0.0079201
-0.00842279
-0.00857529
-0.00742961
-0.00875712
-0.00910181
-0.00865702
-0.00875223
-0.00882805
-0.00893059
-0.00862272
-0.0085059
-0.00817439
-0.00812912
-0.00845705
-0.00850674
-0.00804292
-0.00842538
-0.00882619
-0.00877094
-0.00872487
-0.00862706
-0.00910008
-0.00878921
-0.00862913
-0.00856441
-0.00846906
-0.00868042
-0.00827432
-0.00860629
-0.00836996
-0.00844934
-0.00803388
-0.00873888
-0.00837238
-0.00820824
-0.00824032
-0.00767675
-0.00872395
-0.0077157
-0.00825484
-0.00843164
-0.00812618
-0.00846499
-0.0080612
-0.00788273
-0.00807343
-0.00788696
-0.00808095
-0.00821176
-0.00796782
-0.00813591
-0.00805333
-0.00810001
-0.00806373
-0.00825178
-0.00874016
-0.00820341
-0.00847804
-0.00826166
-0.00824771
-0.00792098
-0.00824977
-0.00782523
-0.00770251
-0.00816454
-0.00798811
-0.0082529
-0.00819169
-0.00767459
-0.00786321
-0.00811426
-0.00790193
-0.00813462
-0.00774694
-0.00755748
-0.00786869
-0.00782015
-0.00789646
-0.00770546
-0.0077464
-0.00843125
-0.0079304
-0.00808417
-0.00806053
-0.00851905
-0.00817731
-0.00809197
-0.00788665
-0.00795753
-0.00781093
-0.0077652
-0.00788507
-0.00794912
-0.00770654
-0.00776205
-0.00582084
-0.00809471
-0.00816624
-0.00698256
-0.00737928
-0.00791309
-0.00754098
-0.00782241
-0.00906346
-0.00754404
-0.00756065
-0.0083441
-0.00749826
-0.00719827
-0.00791689
-0.00911897
-0.00747663
-0.00718685
-0.0083896
-0.00716055
-0.00793562
-0.00772383
-0.00761636
-0.0074839
-0.00790315
-0.00760008
-0.0076262
-0.00765525
-0.00760499
-0.00755933
-0.00744217
-0.00758422
-0.00757481
-0.00741881
-0.00772822
-0.00738516
-0.00779439
-0.00753363
-0.00785004
-0.00724249
-0.0075023
-0.00887729
-0.00839414
-0.00743748
-0.00789135
-0.00877786
-0.00821295
-0.00739931
-0.00713128
-0.00693181
-0.00701137
-0.00693006
-0.00652386
-0.00668614
-0.00761046
-0.00862562
-0.00743734
-0.00661948
-0.00713381
-0.00670495
-0.00600163
-0.00760916
-0.00823723
-0.00751518
-0.007665
-0.00799465
-0.00836881
-0.00764076
-0.00830204
-0.00833212
-0.00746752
-0.00774582
-0.00770157
-0.00822948
-0.00766325
-0.00762668
-0.00856505
-0.00774123
-0.00826357
-0.00789526
-0.00786882
-0.00777485
-0.008602
-0.00822344
-0.00758753
-0.00808172
-0.00831441
-0.00749257
-0.00749747
-0.00781706
-0.00785566
-0.00782304
-0.00792941
-0.00795178
-0.00783029
-0.00784378
-0.00789028
-0.00758062
-0.00779067
-0.00785648
-0.00790973
-0.00800046
-0.00802825
-0.00780601
-0.00779846
-0.00786521
-0.00769162
-0.00796294
-0.00766872
-0.00779515
-0.00789598
-0.00741114
-0.00762486
-0.00817412
-0.00801556
-0.00724279
-0.00827853
-0.00766489
-0.00719783
-0.00678251
-0.00716583
-0.00690277
-0.00678002
-0.0068451
-0.00734466
-0.00659502
-0.00911996
-0.00650409
-0.0055656
-0.00735579
-0.00586264
-0.00648993
-0.00672905
-0.00653393
-0.00677054
-0.00657134
-0.00668603
-0.00666631
-0.00652011
-0.00717154
-0.00670675
-0.00710135
-0.00637896
-0.0069883
-0.00626351
-0.00689175
-0.00714086
-0.00666018
-0.00605667
-0.00749293
-0.0067205
-0.00663843
-0.00705868
-0.00663338
-0.00657193
-0.00694546
-0.00685291
-0.00657109
-0.0068615
-0.00662888
-0.00719674
-0.00670906
-0.00617309
-0.00683481
-0.00679985
-0.00638783
-0.00719078
-0.00681917
-0.00683875
-0.00665696
-0.00682313
-0.0069044
-0.00675
-0.00681722
-0.00726498
-0.00657694
-0.00636072
-0.00623
-0.00696587
-0.00698128
-0.0066897
-0.00536278
-0.00529377
-0.00621419
-0.00640495
-0.00532417
-0.00540226
-0.00607422
-0.00609286
-0.00600616
-0.00568258
-0.00590493
-0.00603741
-0.00596779
-0.00605546
-0.0072004
-0.00629307
-0.00643216
-0.00627688
-0.0061152
-0.00615987
-0.0070491
-0.00709588
-0.00844644
-0.0059289
-0.00632602
-0.00611368
-0.00874237
-0.00595844
-0.00731229
-0.008198
-0.00814845
-0.00670601
-0.00755254
-0.00676859
-0.00701545
-0.00753458
-0.0074156
-0.0075755
-0.00735154
-0.00732325
-0.00774627
-0.0074621
-0.00795753
-0.00850194
-0.00788919
-0.00752983
-0.00732756
-0.00840672
-0.00701942
-0.00654145
-0.00793115
-0.00655323
-0.00694911
-0.00670486
-0.00786025
-0.00659757
-0.00725049
-0.00730146
-0.00743166
-0.007237
-0.00715388
-0.0074016
-0.00732042
-0.00690207
-0.00752131
-0.00731259
-0.00826082
-0.00773673
-0.00815854
-0.00675753
-0.00640654
-0.0070592
-0.00731973
-0.00635565
-0.00770708
-0.00639741
-0.00639572
-0.00525721
-0.00460375
-0.00503793
-0.00526284
-0.00510805
-0.00497272
-0.0053457
-0.00547075
-0.00587109
-0.0056181
-0.00678257
-0.00557603
-0.00588909
-0.00657502
-0.00537898
-0.00509734
-0.00538647
-0.00537543
-0.00535005
-0.00544518
-0.00534667
-0.006937
-0.00520281
-0.00662521
-0.00540254
-0.00761887
-0.00510039
-0.00653376
-0.00702348
-0.00678527
-0.0058903
-0.00519488
-0.00666967
-0.00694506
-0.00527659
-0.00764863
-0.00555947
-0.00645065
-0.00601725
-0.00755071
-0.00693732
-0.0053654
-0.00698336
-0.00551567
-0.00512682
-0.00674243
-0.0068675
-0.00515762
-0.00671424
-0.00653768
-0.00495532
-0.00652365
-0.00519563
-0.00701247
-0.00487742
-0.00609986
-0.00666452
-0.00638207
-0.00490759
-0.0044879
-0.0063986
-0.00682291
-0.00462928
-0.00694971
-0.00522758
-0.00716064
-0.00528813
-0.00726108
-0.00707335
-0.00486765
-0.00596464
-0.00542063
-0.00498162
-0.00553373
-0.00571583
-0.0049288
-0.00577364
-0.00589772
-0.00611486
-0.00571261
-0.00563023
-0.00623439
-0.00595612
-0.00601186
-0.00538712
-0.00482316
-0.00625279
-0.00588772
-0.00622285
-0.00532441
-0.00491754
-0.00583184
-0.00598048
-0.00633855
-0.00632589
-0.00628068
-0.0062554
-0.00584198
-0.00549041
-0.00581089
-0.00529709
-0.00580589
-0.00564819
-0.00609931
-0.0050985
-0.00425501
-0.00373619
-0.00383864
-0.00235364
-0.0036351
-0.0030802
-0.00329306
-0.00393253
-0.00374641
-0.00438157
-0.00612893
-0.00331656
-0.00910003
-0.00402589
-0.00555558
-0.00373557
-0.00290596
-0.00485153
-0.00341136
-0.00594255
-0.00515441
-0.0021714
-0.00347262
-0.00233988
-0.00408019
-0.00172679
-0.0036649
-0.00289346
-0.000818764
-0.00275283
-0.00410557
-0.00360298
-0.00274545
-0.00368601
-0.000570248
-0.00160001
-0.00389138
-0.00304149
-0.00400698
-0.00299284
-0.00269995
-0.00389519
-0.00205659
-0.00358104
-0.00321648
-0.00339195
-0.00324198
-0.00328677
-0.00201223
-0.0033531
-0.00368619
-0.00274835
-0.0045924
-0.00285734
-0.00393689
-0.00348119
-0.00489357
-0.00551857
-0.00397319
-0.00414585
-0.00525351
-0.00412535
-0.00499319
-0.00478943
-0.00380315
-0.00499193
-0.00373624
-0.00489792
-0.00487684
-0.00403078
-0.00413434
-0.00493084
-0.00401685
-0.00360147
-0.00425361
-0.00270446
-0.00388341
-0.00333513
-0.00283048
-0.00366973
-0.00429959
-0.00230943
-0.00293346
-0.00394438
-0.0074079
-0.00552544
-0.00768091
-0.00535784
-0.00801853
-0.00578433
-0.00755096
-0.00669423
-0.0058738
-0.00608994
-0.00756789
-0.0072093
-0.00596944
-0.0064003
-0.00701796
-0.00560168
-0.00673831
-0.00732819
-0.00622241
-0.00615223
-0.00741628
-0.00590115
-0.00571465
-0.00613031
-0.00564056
-0.00623911
-0.00601793
-0.00597054
-0.00538948
-0.00482476
-0.00625454
-0.00589303
-0.00492103
-0.00532541
-0.00622793
-0.00583352
-0.00598282
-0.00633874
-0.00632725
-0.00628376
-0.00584228
-0.00625919
-0.0054939
-0.00582353
-0.00581499
-0.00530354
-0.00510392
-0.00610886
-0.00565682
-0.00657314
-0.00654712
-0.00495813
-0.00521018
-0.00705253
-0.00612321
-0.0048907
-0.00668757
-0.00635753
-0.00492336
-0.00450434
-0.00464457
-0.00684487
-0.00639636
-0.00700203
-0.00522831
-0.00724744
-0.005296
-0.00732397
-0.00487956
-0.00713847
-0.00598228
-0.0054371
-0.00553891
-0.00499974
-0.00578717
-0.00494575
-0.00571756
-0.00210698
-0.00344193
-0.00428089
-0.00227577
-0.00372395
-0.0016432
-0.00259333
-0.000945649
-0.00286144
-0.00421124
-0.00370904
-0.00387291
-0.00292035
-0.000647833
-0.00163698
-0.00392443
-0.00405834
-0.00304563
-0.00395686
-0.00309007
-0.00269335
-0.00206727
-0.00417015
-0.00326611
-0.00271496
-0.00348261
-0.0019019
-0.00284689
-0.00416286
-0.00372905
-0.00228107
-0.00380551
-0.00294982
-0.00363291
-0.00322453
-0.0038687
-0.00376618
-0.00602836
-0.00436163
-0.00902269
-0.00385454
-0.00331488
-0.00553231
-0.00371021
-0.00291481
-0.00483901
-0.00340874
-0.00514038
-0.00594325
-0.00285712
-0.0038975
-0.00276355
-0.0042506
-0.00221606
-0.00429068
-0.00241846
-0.00319011
-0.00355047
-0.00437247
-0.00455186
-0.00330567
-0.00429371
-0.00349119
-0.00311531
-0.00349336
-0.00186975
-0.00433903
-0.0032075
-0.00208208
-0.00431073
-0.00312576
-0.00436537
-0.00458986
-0.00365566
-0.00434182
-0.00309635
-0.00356705
-0.00335294
-0.00279683
-0.00366864
-0.00447177
-0.00280452
-0.00338103
-0.00391142
-0.0049491
-0.00556604
-0.00390821
-0.00403925
-0.00396948
-0.00528965
-0.00508794
-0.00480321
-0.00372592
-0.00498699
-0.00368676
-0.00487135
-0.00393946
-0.00490156
-0.00413046
-0.00442474
-0.00378656
-0.00408059
-0.0030224
-0.00421689
-0.00397786
-0.00729655
-0.00819859
-0.00669447
-0.00816297
-0.00675669
-0.00755736
-0.00700811
-0.00752444
-0.00740674
-0.00734482
-0.00756785
-0.00731436
-0.00745705
-0.00773362
-0.00792964
-0.00848979
-0.00750715
-0.00785169
-0.00837647
-0.00700294
-0.00731374
-0.00653888
-0.00654523
-0.00794012
-0.00694619
-0.0066996
-0.00659674
-0.00785457
-0.00724695
-0.0072973
-0.0072322
-0.00742691
-0.00715164
-0.00731649
-0.00739765
-0.00690179
-0.00751923
-0.00730901
-0.00824956
-0.0081599
-0.00773658
-0.00675866
-0.0064071
-0.00705494
-0.0063609
-0.00731235
-0.00640067
-0.0076957
-0.0063998
-0.0047713
-0.00434451
-0.00518426
-0.00458588
-0.00493153
-0.00486398
-0.00525005
-0.0045849
-0.00352716
-0.00533138
-0.00814677
-0.0046983
-0.00509244
-0.00628842
-0.00525185
-0.00503085
-0.00460182
-0.00524871
-0.00509864
-0.00533557
-0.00496393
-0.0054643
-0.00587703
-0.00559842
-0.00675931
-0.00655347
-0.00590124
-0.00556834
-0.00537241
-0.00508801
-0.00536743
-0.00537242
-0.00533051
-0.00543764
-0.0053446
-0.00822971
-0.00750746
-0.00798545
-0.00765953
-0.00763616
-0.00829312
-0.00836213
-0.00832348
-0.00746242
-0.00769269
-0.00774015
-0.00761923
-0.00822197
-0.00765758
-0.00855714
-0.00773507
-0.00825816
-0.00789081
-0.0078664
-0.00776896
-0.00859337
-0.00821742
-0.00758819
-0.00807723
-0.00830982
-0.00749104
-0.0074971
-0.00781174
-0.00729884
-0.00666523
-0.00718754
-0.00773391
-0.00720757
-0.00792616
-0.00642484
-0.0078173
-0.00757972
-0.00743612
-0.00744687
-0.00780026
-0.00766744
-0.00775938
-0.00761089
-0.00742763
-0.00753986
-0.00747493
-0.00755972
-0.00747459
-0.00742431
-0.0075132
-0.00756004
-0.00785321
-0.00740082
-0.00745052
-0.00821797
-0.00751694
-0.00757305
-0.00800408
-0.00744991
-0.00811556
-0.00869968
-0.00763734
-0.00752362
-0.007576
-0.0077852
-0.00785179
-0.00790537
-0.00802373
-0.00780205
-0.00799558
-0.00785264
-0.00782455
-0.00792806
-0.0079473
-0.0078868
-0.00784425
-0.00782656
-0.00740747
-0.00762144
-0.00817166
-0.00801203
-0.00827389
-0.00723973
-0.00766115
-0.00779514
-0.00785994
-0.00768838
-0.00796076
-0.00766491
-0.00789218
-0.00779467
-0.00652479
-0.00906807
-0.00649537
-0.0055249
-0.00578431
-0.00647189
-0.00730057
-0.00716039
-0.006736
-0.00715042
-0.00686526
-0.00679157
-0.00675512
-0.0072917
-0.00669455
-0.00649441
-0.00656713
-0.00672069
-0.00664286
-0.00649879
-0.0066347
-0.00708498
-0.00666414
-0.00602166
-0.00744896
-0.00662879
-0.00702356
-0.00667045
-0.00716057
-0.00679456
-0.00707882
-0.00637995
-0.00698206
-0.00689053
-0.00622975
-0.00719947
-0.0067052
-0.00615164
-0.0068413
-0.00681192
-0.00637699
-0.00718481
-0.00662135
-0.00657281
-0.00698987
-0.00695203
-0.00696196
-0.00655086
-0.00662361
-0.00722436
-0.00654525
-0.00631734
-0.00619217
-0.00691449
-0.00695954
-0.006652
-0.00680982
-0.00686127
-0.00662456
-0.00685732
-0.00673562
-0.00689771
-0.0068837
-0.00603276
-0.00600873
-0.00588476
-0.00568764
-0.00592495
-0.00603346
-0.00604195
-0.00716605
-0.00630479
-0.00647517
-0.00623945
-0.0070257
-0.00613909
-0.00610623
-0.00704366
-0.00839289
-0.00594568
-0.00636001
-0.00868073
-0.00612599
-0.00589648
-0.00823996
-0.0143218
-0.00766368
-0.00788294
-0.00890722
-0.00943674
-0.00808704
-0.00772051
-0.00780147
-0.00834969
-0.00765343
-0.00835285
-0.00779137
-0.00793229
-0.00831352
-0.00826874
-0.00855537
-0.008259
-0.00835259
-0.00839022
-0.00907573
-0.00780553
-0.00777334
-0.0079461
-0.00788035
-0.00791101
-0.00795168
-0.00792686
-0.00831173
-0.00819625
-0.00850687
-0.00834432
-0.0083802
-0.00881073
-0.00811728
-0.0076941
-0.0081316
-0.00777186
-0.00812098
-0.00816016
-0.00816554
-0.0082865
-0.00662101
-0.00798269
-0.00782818
-0.00792198
-0.00842024
-0.00742923
-0.00858109
-0.00846471
-0.00810264
-0.00835326
-0.0082429
-0.00804222
-0.00767205
-0.00841199
-0.0082307
-0.00751041
-0.00888732
-0.0085555
-0.00944459
-0.00761561
-0.00755718
-0.00890603
-0.00857562
-0.00865607
-0.00778224
-0.00863107
-0.00948105
-0.00764585
-0.00937719
-0.00943589
-0.00884785
-0.0088846
-0.00935062
-0.00890647
-0.0089112
-0.00872484
-0.00850194
-0.00830896
-0.00860061
-0.00837748
-0.0085976
-0.0087109
-0.00846654
-0.00863174
-0.00808357
-0.00848249
-0.00854616
-0.00778773
-0.00850008
-0.00912837
-0.00889166
-0.00936565
-0.00814667
-0.00928723
-0.00907063
-0.00864216
-0.00849507
-0.00816176
-0.00811896
-0.00843868
-0.0080291
-0.00841504
-0.00849519
-0.00874732
-0.00911985
-0.0086675
-0.00874286
-0.00861038
-0.00894164
-0.00882598
-0.00855529
-0.00844197
-0.00866697
-0.00826104
-0.00836083
-0.00858687
-0.00843178
-0.00880177
-0.00874753
-0.00866556
-0.00861568
-0.00905265
-0.00861217
-0.00879256
-0.00777607
-0.00835449
-0.00849674
-0.00819389
-0.0080997
-0.00782145
-0.00857204
-0.0080718
-0.00875835
-0.00839496
-0.00817847
-0.00776449
-0.00827094
-0.00874376
-0.00807253
-0.00790691
-0.00826788
-0.00811725
-0.00816734
-0.00802813
-0.00798804
-0.00816893
-0.00788392
-0.00840452
-0.00784468
-0.00813325
-0.00795987
-0.00772248
-0.00813582
-0.00806861
-0.00822096
-0.00878914
-0.00820653
-0.00829842
-0.00850309
-0.00770769
-0.00758193
-0.00784116
-0.00784236
-0.00790195
-0.00773004
-0.00769097
-0.00819536
-0.00801845
-0.00765389
-0.00790408
-0.00796342
-0.00797015
-0.00804988
-0.00782491
-0.00792316
-0.00777546
-0.00775797
-0.00780714
-0.00793535
-0.00769957
-0.00841598
-0.00792549
-0.00803726
-0.00799086
-0.00814838
-0.00812749
-0.00840838
-0.00710275
-0.00688225
-0.00701206
-0.00697733
-0.00663917
-0.00654766
-0.00758254
-0.0086001
-0.00742643
-0.00656591
-0.00712267
-0.00757892
-0.00664917
-0.00596808
-0.00775103
-0.007463
-0.00779354
-0.00761469
-0.00737457
-0.00760084
-0.00789378
-0.00886056
-0.00838123
-0.00749948
-0.00788471
-0.00833512
-0.00876885
-0.00741913
-0.0099968
-0.00901072
-0.00947308
-0.00882796
-0.00932896
-0.00920277
-0.00996928
-0.00940059
-0.00893151
-0.00936985
-0.00883526
-0.00912818
-0.0096291
-0.0089824
-0.00886166
-0.00883262
-0.00918058
-0.00970762
-0.00865603
-0.00978446
-0.00941077
-0.00792059
-0.0104104
-0.00828752
-0.00938448
-0.00838068
-0.00729257
-0.010039
-0.00943937
-0.00919122
-0.00964922
-0.00897368
-0.00935315
-0.00917212
-0.00947123
-0.00893427
-0.00855698
-0.00856516
-0.00877681
-0.00903014
-0.00862847
-0.00878658
-0.00925825
-0.00903977
-0.00920375
-0.00890512
-0.00921784
-0.00913
-0.00894544
-0.00901117
-0.0090105
-0.00919031
-0.00909578
-0.00916933
-0.00902296
-0.00900657
-0.00905885
-0.00893213
-0.00903863
-0.00915526
-0.00907009
-0.00923432
-0.00905779
-0.00895468
-0.00906681
-0.0091399
-0.00942029
-0.00905362
-0.00920824
-0.00896152
-0.00904264
-0.00904696
-0.00902104
-0.00923384
-0.00896996
-0.00911973
-0.00912601
-0.00901869
-0.00903196
-0.00891499
-0.00889328
-0.0091018
-0.00890186
-0.00899252
-0.00909195
-0.00904052
-0.00897135
-0.00939594
-0.00913362
-0.00897316
-0.00920012
-0.00900342
-0.00896653
-0.00885138
-0.0091215
-0.00889255
-0.00912716
-0.00898158
-0.0089576
-0.00923055
-0.00909212
-0.0090398
-0.00888731
-0.00930943
-0.00907444
-0.00876682
-0.00899514
-0.00904692
-0.00907044
-0.00891965
-0.0090236
-0.0088197
-0.00875693
-0.00900532
-0.00904689
-0.00908781
-0.00890386
-0.00879937
-0.00901763
-0.00897811
-0.00898598
-0.00921872
-0.00916358
-0.00920912
-0.00909439
-0.00901666
-0.00904604
-0.00897263
-0.00923793
-0.00906519
-0.00907553
-0.00890768
-0.0092503
-0.00884645
-0.00868692
-0.00916595
-0.00876706
-0.00914017
-0.0088299
-0.00880788
-0.0087021
-0.00881613
-0.00882102
-0.00875136
-0.00886389
-0.00874374
-0.00874432
-0.00888221
-0.00872699
-0.0090355
-0.00928964
-0.00908391
-0.00901334
-0.00892024
-0.00867825
-0.00891539
-0.00868614
-0.00885424
-0.00886198
-0.00869558
-0.00872445
-0.00884923
-0.00876174
-0.00869779
-0.00872991
-0.00869653
-0.0088217
-0.00875527
-0.00899067
-0.0087197
-0.00869901
-0.00932504
-0.00916327
-0.00865353
-0.00884366
-0.00894162
-0.0086286
-0.00879842
-0.00912458
-0.00864977
-0.00888947
-0.00905416
-0.00887025
-0.00914879
-0.00881521
-0.0087322
-0.00886404
-0.00915169
-0.00885356
-0.0088105
-0.00888546
-0.00895408
-0.00898563
-0.00885428
-0.00896743
-0.00885154
-0.00876177
-0.0089286
-0.00881402
-0.00887951
-0.00880395
-0.00875221
-0.0089393
-0.00890194
-0.00875535
-0.00912488
-0.00886255
-0.00915315
-0.00886675
-0.00891762
-0.00873279
-0.0087207
-0.00875088
-0.00876748
-0.00878171
-0.00872054
-0.00878999
-0.00885115
-0.00882624
-0.00871889
-0.00857492
-0.00860392
-0.00898645
-0.00876113
-0.0088885
-0.00864784
-0.0092807
-0.00876184
-0.00897128
-0.00864282
-0.00901657
-0.00881361
-0.00877945
-0.00866075
-0.00886698
-0.00872666
-0.0088762
-0.00870827
-0.00847611
-0.00891864
-0.00882576
-0.00856935
-0.00877818
-0.00870659
-0.00872788
-0.00887268
-0.0087978
-0.00888604
-0.00954864
-0.00872475
-0.00865408
-0.00931669
-0.00844648
-0.00867961
-0.00832336
-0.00869419
-0.00843638
-0.00869375
-0.00815198
-0.00880262
-0.00819459
-0.00797331
-0.00903966
-0.00897384
-0.00811153
-0.00883548
-0.00848196
-0.00888333
-0.00862644
-0.00823444
-0.00872749
-0.00828647
-0.0084441
-0.00807796
-0.00832082
-0.00801255
-0.00834262
-0.00787855
-0.00807637
-0.00851239
-0.00910269
-0.00816
-0.00803846
-0.00919799
-0.00914129
-0.00816901
-0.00876457
-0.00860003
-0.00819814
-0.00832954
-0.00785861
-0.0089977
-0.00827845
-0.00812891
-0.00960346
-0.00907046
-0.0096209
-0.00915604
-0.0095851
-0.00925585
-0.00913674
-0.00880832
-0.00919361
-0.0091745
-0.0086391
-0.00854678
-0.00929863
-0.00883488
-0.0091132
-0.00932084
-0.00907483
-0.00901472
-0.00876651
-0.00956582
-0.00908409
-0.00820441
-0.00891757
-0.00971527
-0.00894651
-0.00893612
-0.00893475
-0.00852777
-0.00898223
-0.00910565
-0.00856067
-0.00910725
-0.00856696
-0.00903894
-0.00884025
-0.00903803
-0.00880586
-0.00883875
-0.00836725
-0.00881715
-0.00902107
-0.00871738
-0.0089781
-0.0089298
-0.00879269
-0.00897758
-0.00900091
-0.00880728
-0.00899356
-0.00914096
-0.00919822
-0.00854501
-0.00898512
-0.00873764
-0.00903667
-0.00909535
-0.00894204
-0.00884515
-0.00928046
-0.00933921
-0.00902659
-0.00880717
-0.00920357
-0.008958
-0.00870485
-0.00897853
-0.00910814
-0.00895418
-0.00850624
-0.00911303
-0.00921907
-0.00907813
-0.00956797
-0.00939219
-0.00922652
-0.0092126
-0.00928699
-0.00911658
-0.00908089
-0.00910257
-0.00906669
-0.00916374
-0.00903114
-0.00914913
-0.00894936
-0.0090227
-0.00883679
-0.00903929
-0.00901823
-0.00895653
-0.00884404
-0.00907306
-0.00906028
-0.0091041
-0.00897309
-0.00909608
-0.00904646
-0.00900319
-0.00894448
-0.00884814
-0.0090205
-0.00898246
-0.00902033
-0.00883656
-0.00894645
-0.00917921
-0.00902401
-0.00914738
-0.00902658
-0.00914279
-0.00909313
-0.00918998
-0.00935571
-0.00922551
-0.00926526
-0.0091619
-0.00924654
-0.00969423
-0.00924104
-0.00926336
-0.00889771
-0.00960179
-0.00920933
-0.00955386
-0.00911312
-0.00913837
-0.00906814
-0.00906721
-0.0089746
-0.00905705
-0.00905571
-0.00906209
-0.00896745
-0.00883082
-0.0089655
-0.0088649
-0.00879377
-0.00876909
-0.00888055
-0.00892291
-0.00888299
-0.00882217
-0.00901627
-0.00886622
-0.00893068
-0.00876838
-0.00888679
-0.00896736
-0.00898589
-0.00929972
-0.00895743
-0.0090601
-0.0089134
-0.00905922
-0.00881581
-0.00878398
-0.00875278
-0.00872013
-0.00876855
-0.00875204
-0.00882782
-0.00871408
-0.00878825
-0.00856199
-0.00863893
-0.00875892
-0.00873601
-0.00855274
-0.00871284
-0.00876961
-0.0088623
-0.00866453
-0.0088117
-0.00871104
-0.00868943
-0.00876332
-0.00856114
-0.00867836
-0.00906031
-0.00887868
-0.00857269
-0.00881521
-0.00904829
-0.0089658
-0.00928064
-0.00884962
-0.00908036
-0.00899342
-0.00924403
-0.00894033
-0.00870512
-0.00875859
-0.0090426
-0.00905379
-0.0086423
-0.00902162
-0.00892112
-0.00906603
-0.00880796
-0.00870856
-0.00899466
-0.00859831
-0.00901411
-0.00920241
-0.00892121
-0.00941991
-0.00922323
-0.00930609
-0.00917868
-0.00925771
-0.00900066
-0.0088236
-0.00877697
-0.00886456
-0.00891624
-0.00888925
-0.00878339
-0.00902503
-0.00861664
-0.00923383
-0.00863793
-0.00888347
-0.00863788
-0.00909835
-0.00919192
-0.00885605
-0.00916236
-0.00883775
-0.00905509
-0.00880761
-0.00942196
-0.00866625
-0.00840072
-0.00901824
-0.00840792
-0.00898125
-0.00842378
-0.008687
-0.00853316
-0.00825982
-0.0091495
-0.00908736
-0.00864436
-0.00919945
-0.00837961
-0.0084911
-0.00816393
-0.00844617
-0.00828888
-0.00837694
-0.00834572
-0.00844382
-0.0085549
-0.00845465
-0.00839143
-0.00855705
-0.00849527
-0.00861391
-0.00846553
-0.0086864
-0.00923499
-0.00841144
-0.00830878
-0.0088754
-0.00896593
-0.00845506
-0.00853546
-0.00825533
-0.00856176
-0.00827997
-0.00835469
-0.00838264
-0.00842485
-0.00834751
-0.00828567
-0.00842717
-0.00852925
-0.00846792
-0.00850395
-0.00822176
-0.00843385
-0.0080949
-0.00921206
-0.00834941
-0.00801067
-0.00884792
-0.00917012
-0.00873284
-0.00808683
-0.00787618
-0.00881968
-0.00867375
-0.00814676
-0.00885099
-0.00776407
-0.00974664
-0.00843353
-0.00791985
-0.00786899
-0.00924258
-0.00720774
-0.00885669
-0.00805589
-0.00776115
-0.00890224
-0.00813133
-0.00895442
-0.00870435
-0.00826899
-0.00822363
-0.00836877
-0.00867702
-0.00813588
-0.00833171
-0.0084354
-0.00946107
-0.00926784
-0.00880534
-0.00835349
-0.00925717
-0.00830329
-0.0094171
-0.00837447
-0.00805489
-0.00803697
-0.00803559
-0.00797564
-0.00835522
-0.00785028
-0.0102383
-0.00890353
-0.00819441
-0.00830775
-0.00898407
-0.00754676
-0.00819076
-0.00861545
-0.00909113
-0.00903163
-0.00679078
-0.00872313
-0.00798673
-0.0082767
-0.00834013
-0.00873938
-0.0084327
-0.00997251
-0.00833062
-0.00824643
-0.00919373
-0.00820468
-0.00836968
-0.00819291
-0.00987902
-0.00825662
-0.00802111
-0.00901532
-0.00868212
-0.00845454
-0.00843593
-0.00858169
-0.00840459
-0.00867162
-0.00856253
-0.00857293
-0.00870312
-0.0081379
-0.0084415
-0.00840118
-0.0087766
-0.00822784
-0.00879651
-0.00914232
-0.00859552
-0.00916946
-0.00861327
-0.00911192
-0.00890713
-0.00836803
-0.00885685
-0.00888977
-0.00880518
-0.00879937
-0.00933564
-0.0084721
-0.0088603
-0.00883055
-0.00940519
-0.00879917
-0.00890144
-0.00902102
-0.0090124
-0.00862282
-0.00839384
-0.00854227
-0.00883845
-0.00838834
-0.00854159
-0.00861291
-0.0087932
-0.00862313
-0.00905667
-0.00874483
-0.00892115
-0.00874544
-0.00866582
-0.00790209
-0.0081147
-0.00777402
-0.00765074
-0.00767839
-0.00802038
-0.00804492
-0.00786996
-0.00749537
-0.0078008
-0.00747438
-0.0073359
-0.00778098
-0.0077524
-0.00796084
-0.00780091
-0.00767456
-0.00782649
-0.00766464
-0.0079433
-0.00799158
-0.00787215
-0.00781097
-0.00765788
-0.00784767
-0.00751854
-0.00777499
-0.00801185
-0.00840997
-0.00858936
-0.00800889
-0.00809745
-0.0083659
-0.00815888
-0.0079361
-0.00860273
-0.00842162
-0.00701226
-0.00812432
-0.00812849
-0.00754476
-0.00878704
-0.00812043
-0.00801673
-0.00737897
-0.00830746
-0.00836629
-0.0078518
-0.00819405
-0.00834585
-0.00789275
-0.00780805
-0.00729013
-0.00799937
-0.00790581
-0.00743183
-0.00797504
-0.00782755
-0.00785402
-0.00764245
-0.0079788
-0.00771488
-0.00798341
-0.0070679
-0.00711535
-0.00715053
-0.00684259
-0.00763447
-0.00733267
-0.00701505
-0.00579848
-0.00715827
-0.00691311
-0.00646396
-0.00762031
-0.00759471
-0.00607174
-0.00753644
-0.00710505
-0.00741021
-0.0135575
-0.00747211
-0.00873278
-0.00833393
-0.00749699
-0.00737256
-0.0073683
-0.00769163
-0.00745821
-0.00821901
-0.00752376
-0.00723416
-0.00737834
-0.00705487
-0.00768146
-0.0076972
-0.00736788
-0.00742845
-0.00755981
-0.00755161
-0.00747539
-0.00763911
-0.00753027
-0.00744275
-0.00800605
-0.0073163
-0.00715956
-0.00725671
-0.00722417
-0.00731889
-0.00728606
-0.00729491
-0.00850093
-0.00759863
-0.00771051
-0.00774437
-0.00851943
-0.00755945
-0.00722901
-0.00715979
-0.006675
-0.00628518
-0.00593268
-0.00663759
-0.00684105
-0.00660255
-0.00826836
-0.00942089
-0.00748168
-0.00666319
-0.00724824
-0.00950344
-0.00703758
-0.00537897
-0.0054377
-0.00664892
-0.00607575
-0.00643179
-0.00542421
-0.00520877
-0.00780203
-0.00740346
-0.0078052
-0.00796376
-0.00763675
-0.0079352
-0.00755222
-0.00743214
-0.00961897
-0.0062055
-0.00689122
-0.00673587
-0.00802603
-0.00704495
-0.00787107
-0.00781423
-0.00796085
-0.0083635
-0.0080764
-0.0074377
-0.00799652
-0.00794994
-0.0073765
-0.00870121
-0.00696626
-0.00791845
-0.00775974
-0.00726464
-0.00745182
-0.00723647
-0.0075945
-0.00712521
-0.00737664
-0.00760163
-0.00706644
-0.0067662
-0.00677555
-0.00690781
-0.0067274
-0.00679085
-0.00672433
-0.00683023
-0.00676615
-0.00688608
-0.00680413
-0.00689856
-0.00719758
-0.00705541
-0.00674549
-0.00676368
-0.00674427
-0.00686731
-0.00655318
-0.00681502
-0.00680689
-0.00665713
-0.00656832
-0.00666754
-0.00691311
-0.00734143
-0.00741255
-0.00669438
-0.00636848
-0.00690104
-0.00648331
-0.00649673
-0.0065676
-0.00707934
-0.0067922
-0.00693139
-0.00654984
-0.00567772
-0.00664584
-0.00656903
-0.00654889
-0.00524751
-0.00691476
-0.00661142
-0.00689082
-0.00703844
-0.0063548
-0.00774326
-0.00657578
-0.00672035
-0.00678326
-0.00660324
-0.00638579
-0.00671946
-0.00652004
-0.00671887
-0.00685925
-0.00661537
-0.00649772
-0.00656349
-0.00663161
-0.0065394
-0.00664593
-0.0065724
-0.00657876
-0.00635661
-0.00629573
-0.00692065
-0.00615805
-0.00686487
-0.00640949
-0.0065206
-0.00621653
-0.00640583
-0.00619926
-0.00612881
-0.00634186
-0.00639008
-0.00611008
-0.00615348
-0.00702988
-0.0066053
-0.00579005
-0.00643977
-0.00555963
-0.00663026
-0.00633361
-0.00641631
-0.00654329
-0.00641253
-0.00657423
-0.00693419
-0.00540886
-0.00519628
-0.00411627
-0.00507432
-0.00515166
-0.00546485
-0.00500674
-0.00616006
-0.00709596
-0.00771332
-0.00640061
-0.00730886
-0.00626199
-0.00662277
-0.00608794
-0.00640979
-0.00582
-0.00580083
-0.00624018
-0.00618537
-0.00596525
-0.00590898
-0.00551602
-0.00618815
-0.00602868
-0.00607866
-0.00599444
-0.00590031
-0.00426105
-0.00384131
-0.0052444
-0.00384178
-0.00501687
-0.00411345
-0.00448393
-0.00490225
-0.00520772
-0.00576667
-0.00591494
-0.00517037
-0.00504553
-0.00568802
-0.00407333
-0.00239003
-0.00731423
-0.00475803
-0.00536145
-0.0040838
-0.00450874
-0.00620704
-0.00670095
-0.00574676
-0.0069071
-0.0059965
-0.00623588
-0.00581723
-0.00657621
-0.00695196
-0.00660167
-0.00625379
-0.00703739
-0.00585596
-0.00596532
-0.00332817
-0.00447333
-0.00360412
-0.00420199
-0.00312673
-0.00466989
-0.00270577
-0.00363153
-0.00428189
-0.00549939
-0.00491372
-0.00358575
-0.00435915
-0.00494316
-0.00381241
-0.00488312
-0.00471224
-0.00541414
-0.00389625
-0.00452326
-0.00492214
-0.00334139
-0.00389815
-0.00482984
-0.0020855
-0.00333388
-0.00478477
-0.0022385
-0.00462268
-0.00390082
-0.00274876
-0.00398664
-0.00368734
-0.00372407
-0.00316416
-0.00584271
-0.00340471
-0.00521494
-0.00264191
-0.00563718
-0.00667321
-0.00314868
-0.00425033
-0.00395383
-0.00422629
-0.00589123
-0.00892721
-0.00329562
-0.00388746
-0.00245287
-0.00310247
-0.00464733
-0.00390802
-0.00324079
-0.00194897
-0.00417774
-0.00123745
-0.00352282
-0.00393133
-0.00468154
-0.00409522
-0.00108389
-0.00332465
-0.00241842
-0.00464683
-0.00314656
-0.00394604
-0.00317808
-0.00405568
-0.00237174
-0.00171502
-0.00421558
-0.00286116
-0.00444547
-0.00268183
-0.00423031
-0.00304511
-0.00565948
-0.00465081
-0.00445788
-0.00566227
-0.00430631
-0.00517756
-0.00642393
-0.00608258
-0.00622259
-0.00428039
-0.00467306
-0.00437061
-0.00553602
-0.00666845
-0.00481409
-0.004647
-0.00432774
-0.00418489
-0.00417241
-0.00442151
-0.00465011
-0.00656768
-0.0049197
-0.00499603
-0.00644103
-0.00471289
-0.00666712
-0.0069156
-0.00497811
-0.00473884
-0.00540423
-0.00480547
-0.00505827
-0.00503327
-0.00551545
-0.00418003
-0.00344001
-0.00558313
-0.00490892
-0.00351669
-0.00500071
-0.00414545
-0.00434554
-0.00466141
-0.00367667
-0.00550936
-0.00353308
-0.00444758
-0.00494489
-0.00485922
-0.00504155
-0.00512868
-0.00580655
-0.00510778
-0.00566109
-0.00488196
-0.00659475
-0.00491779
-0.00677669
-0.00502239
-0.00693272
-0.00525304
-0.00710532
-0.00611552
-0.00507627
-0.00623979
-0.00625265
-0.00506157
-0.00681362
-0.00552553
-0.00561175
-0.00500554
-0.00656713
-0.00486968
-0.00549713
-0.00608485
-0.00494632
-0.00631247
-0.00595208
-0.00480679
-0.00466212
-0.0058853
-0.00682173
-0.00456252
-0.00647675
-0.00603959
-0.00449856
-0.0051529
-0.00460594
-0.00623559
-0.00617705
-0.00651304
-0.00488735
-0.00646195
-0.00460595
-0.00626424
-0.00460019
-0.00655868
-0.0070557
-0.00483195
-0.00524874
-0.00529377
-0.00658615
-0.00477252
-0.00612538
-0.00408338
-0.00462901
-0.00364033
-0.0040649
-0.00430326
-0.00427566
-0.00341881
-0.00563848
-0.00581281
-0.00425309
-0.00392777
-0.00560877
-0.00595752
-0.00410569
-0.00500147
-0.00470156
-0.00497018
-0.0047361
-0.00405263
-0.00508134
-0.00453103
-0.00548454
-0.00371919
-0.00356469
-0.00525816
-0.00512445
-0.00391047
-0.00557729
-0.00245534
-0.00464946
-0.00310536
-0.00390937
-0.00324368
-0.00417972
-0.00195147
-0.00123825
-0.00352396
-0.00393148
-0.00468287
-0.00332582
-0.00108963
-0.00409547
-0.0024203
-0.00464783
-0.00314336
-0.00394713
-0.00317963
-0.00237455
-0.00405595
-0.00171705
-0.00421689
-0.00444662
-0.00286279
-0.00304692
-0.00423161
-0.00268406
-0.00462666
-0.00275199
-0.00390272
-0.00398895
-0.00368977
-0.00316764
-0.00372599
-0.00584542
-0.00340741
-0.00520977
-0.00264479
-0.0056385
-0.00315172
-0.00667468
-0.00425411
-0.00395549
-0.00589386
-0.00422927
-0.003891
-0.00329752
-0.00893101
-0.00526614
-0.00471837
-0.00487858
-0.00551527
-0.00499963
-0.00529387
-0.00565179
-0.00445847
-0.00380912
-0.00483509
-0.00498076
-0.004949
-0.00389816
-0.00429812
-0.00467441
-0.00477845
-0.00481357
-0.00424683
-0.0049582
-0.0041012
-0.00478915
-0.00515828
-0.00511876
-0.00514594
-0.00588518
-0.00510506
-0.00503538
-0.0058238
-0.00570176
-0.00462718
-0.00570354
-0.00445346
-0.005295
-0.0042958
-0.00643022
-0.00608716
-0.0062374
-0.00416669
-0.00463091
-0.00559078
-0.00432511
-0.00666307
-0.00493975
-0.00457839
-0.00443616
-0.00423718
-0.00462033
-0.00489518
-0.00422131
-0.00655255
-0.00488038
-0.00496404
-0.00645531
-0.00464172
-0.00691608
-0.00666693
-0.00627531
-0.00478688
-0.00595524
-0.00458282
-0.00591647
-0.00451377
-0.00676837
-0.00645604
-0.00603206
-0.00449096
-0.00513627
-0.00622399
-0.00459195
-0.00616627
-0.00651
-0.00491621
-0.00647837
-0.00458203
-0.00654922
-0.00630433
-0.00457307
-0.00701597
-0.00480805
-0.0052753
-0.00524123
-0.00476033
-0.00655016
-0.00611482
-0.00660658
-0.00675454
-0.0049023
-0.00499277
-0.006933
-0.00707408
-0.00524582
-0.00614851
-0.00506817
-0.00626243
-0.00626918
-0.00683235
-0.00553061
-0.00509298
-0.00563272
-0.00501073
-0.00488895
-0.0065602
-0.00608085
-0.00548878
-0.00496648
-0.00541237
-0.00519624
-0.00507707
-0.00411575
-0.00546812
-0.00514886
-0.00500965
-0.00616203
-0.007094
-0.00769774
-0.00639058
-0.00626443
-0.00729314
-0.00662193
-0.00608227
-0.00640572
-0.00580261
-0.00581834
-0.00623695
-0.00596501
-0.00618208
-0.00591298
-0.00551417
-0.0060351
-0.00618861
-0.00599896
-0.00590554
-0.00607697
-0.00426273
-0.00524679
-0.00383901
-0.00384259
-0.00501823
-0.0044849
-0.0041101
-0.00490458
-0.0052111
-0.00591097
-0.00576271
-0.00517439
-0.00568583
-0.00504607
-0.00407644
-0.00239153
-0.00475892
-0.00731127
-0.00408488
-0.00535604
-0.0045107
-0.00567988
-0.00576094
-0.00566239
-0.00637556
-0.00580888
-0.00617814
-0.0058403
-0.00583812
-0.00596473
-0.0069158
-0.00539892
-0.00609316
-0.00574372
-0.00648118
-0.00553048
-0.00580357
-0.00564906
-0.00596493
-0.00567777
-0.00560289
-0.00600074
-0.00620113
-0.00576137
-0.00670008
-0.00691915
-0.00598038
-0.00581873
-0.00625016
-0.0065788
-0.00697174
-0.00626246
-0.00662213
-0.0059693
-0.00587623
-0.00704997
-0.00849298
-0.00759194
-0.00770499
-0.00773788
-0.00722205
-0.00851153
-0.00755228
-0.00715117
-0.00666911
-0.00592881
-0.00628443
-0.00683467
-0.00659322
-0.00662956
-0.00826115
-0.00941473
-0.00747454
-0.00665799
-0.00703125
-0.00724109
-0.0094984
-0.00537525
-0.00543935
-0.00606871
-0.00665316
-0.00520746
-0.00641237
-0.00542207
-0.00811466
-0.00773632
-0.0078998
-0.00759377
-0.00777505
-0.00807139
-0.00758179
-0.00777107
-0.00771672
-0.00790219
-0.00817383
-0.00777934
-0.00777878
-0.00794254
-0.00821541
-0.00748636
-0.00773101
-0.00772913
-0.00779183
-0.00821253
-0.00787387
-0.00809214
-0.00800775
-0.00811138
-0.00826461
-0.00831075
-0.0079419
-0.00809066
-0.00742319
-0.00960644
-0.00620073
-0.00687537
-0.00801832
-0.00703847
-0.00672198
-0.00778861
-0.00737654
-0.00779316
-0.00794005
-0.00753109
-0.00792561
-0.00760939
-0.00794069
-0.00736998
-0.00869317
-0.00695899
-0.00775082
-0.00791057
-0.00725787
-0.00785795
-0.00780478
-0.00795139
-0.00835457
-0.00806583
-0.00798307
-0.00742804
-0.00744645
-0.00717875
-0.00712964
-0.00756639
-0.00706125
-0.00756402
-0.00733962
-0.00675944
-0.00688711
-0.00680222
-0.00689424
-0.00704936
-0.00673445
-0.00720083
-0.00676617
-0.00674875
-0.0070008
-0.00676336
-0.00671701
-0.00686511
-0.0067813
-0.00655295
-0.00666566
-0.00694787
-0.00736036
-0.0066749
-0.00632933
-0.00742404
-0.00675393
-0.00677229
-0.00691026
-0.00649217
-0.00688104
-0.00662592
-0.00675713
-0.0065621
-0.00565377
-0.00657155
-0.00658924
-0.00656626
-0.00521186
-0.00691342
-0.00688232
-0.00641585
-0.00646067
-0.00653605
-0.00674169
-0.00700537
-0.00684992
-0.00681879
-0.00662256
-0.00645402
-0.00673977
-0.00650056
-0.00674658
-0.00693041
-0.00661354
-0.00690992
-0.00700042
-0.00635406
-0.00656748
-0.00672501
-0.00769999
-0.00661207
-0.00645805
-0.00662541
-0.00653026
-0.00662325
-0.00649652
-0.00658802
-0.00660251
-0.00633344
-0.00653506
-0.00640582
-0.00652542
-0.00693089
-0.00641324
-0.00827073
-0.00821491
-0.00836778
-0.00866921
-0.00833659
-0.00843199
-0.00812487
-0.00945836
-0.00926906
-0.0087976
-0.00834375
-0.00829908
-0.00941287
-0.00924679
-0.00861552
-0.00902378
-0.00909445
-0.00677952
-0.00872073
-0.0082733
-0.00798734
-0.00820161
-0.00835908
-0.00818905
-0.00987296
-0.00801463
-0.00825179
-0.00900986
-0.0083379
-0.0087441
-0.00843168
-0.00997301
-0.00832819
-0.00824367
-0.00919465
-0.00856908
-0.00869569
-0.00813022
-0.00843526
-0.00821979
-0.00839656
-0.00877118
-0.00867654
-0.00845056
-0.00843152
-0.00857972
-0.00840043
-0.00866745
-0.00855883
-0.00849667
-0.00823441
-0.00844741
-0.00851049
-0.00849021
-0.00848246
-0.00851609
-0.00903136
-0.00933666
-0.00883935
-0.0086811
-0.0094097
-0.00893675
-0.00888089
-0.00855945
-0.00841126
-0.00840594
-0.00842374
-0.00845444
-0.00834819
-0.00837525
-0.00921506
-0.00876201
-0.00909173
-0.00898047
-0.00976747
-0.00903276
-0.00889775
-0.00836527
-0.00886439
-0.00889353
-0.00881008
-0.00934467
-0.00847132
-0.00880205
-0.00880332
-0.0091306
-0.00862672
-0.00916657
-0.00891467
-0.00909625
-0.00862479
-0.00862166
-0.00838156
-0.0085348
-0.00883873
-0.00855234
-0.0083736
-0.00860315
-0.00885196
-0.00884395
-0.00938851
-0.00881079
-0.00887951
-0.0090119
-0.00900653
-0.0087962
-0.0086199
-0.00874837
-0.0090521
-0.00866655
-0.00874522
-0.00891203
-0.00768335
-0.00750371
-0.0078333
-0.00745763
-0.0076933
-0.00776965
-0.00735402
-0.0078474
-0.00795868
-0.0078251
-0.00762836
-0.00795141
-0.00774168
-0.00792723
-0.00774218
-0.00781426
-0.00762223
-0.0078258
-0.00779714
-0.0078958
-0.00753533
-0.00793063
-0.0077899
-0.007622
-0.00767496
-0.00771205
-0.00788628
-0.00785463
-0.00854083
-0.00836861
-0.00701927
-0.00810272
-0.00810753
-0.00748805
-0.00873824
-0.00837642
-0.00868808
-0.00805769
-0.00809518
-0.00816071
-0.00839555
-0.00789767
-0.00822511
-0.00791652
-0.00777071
-0.00730637
-0.00792976
-0.00793526
-0.00741281
-0.00812247
-0.00801744
-0.00730513
-0.00829735
-0.00780644
-0.00820826
-0.00836343
-0.00796348
-0.00781332
-0.00768144
-0.0078714
-0.00767467
-0.00797013
-0.0079889
-0.0070158
-0.00706054
-0.00721044
-0.00686583
-0.00739964
-0.00759694
-0.00696724
-0.00574528
-0.00715304
-0.00692579
-0.00636545
-0.00766326
-0.00598762
-0.00753893
-0.00753447
-0.00730347
-0.00755375
-0.00752079
-0.00736825
-0.00781291
-0.00678415
-0.00712017
-0.00681616
-0.00769631
-0.00772565
-0.00693357
-0.00630927
-0.00852653
-0.00755231
-0.00739827
-0.00709372
-0.0135659
-0.00743284
-0.00837907
-0.00879019
-0.00723547
-0.00738328
-0.00704072
-0.00765102
-0.00745305
-0.00733129
-0.00770598
-0.00746671
-0.007337
-0.00732426
-0.00763599
-0.00749463
-0.00739507
-0.00820073
-0.00735888
-0.00715009
-0.00725045
-0.00722214
-0.00735082
-0.00727902
-0.00732864
-0.00755589
-0.00755889
-0.00742243
-0.00765204
-0.0074288
-0.00749656
-0.0080332
-0.00961462
-0.00896486
-0.00959669
-0.00906839
-0.00920679
-0.00958972
-0.00903625
-0.00884822
-0.00911687
-0.00864411
-0.0092196
-0.00931598
-0.00874743
-0.00860215
-0.00914334
-0.00927207
-0.00900059
-0.00903333
-0.00870784
-0.00904302
-0.00961026
-0.00834325
-0.00892621
-0.00892592
-0.00991723
-0.00857341
-0.00903885
-0.00891434
-0.00900692
-0.00956692
-0.0089936
-0.00949473
-0.00905255
-0.00941028
-0.00881932
-0.00908627
-0.0090173
-0.00945221
-0.00922095
-0.00921515
-0.00925619
-0.00907354
-0.00907811
-0.00912882
-0.00933449
-0.00917383
-0.00929235
-0.0092554
-0.00914819
-0.00892382
-0.00900516
-0.00909225
-0.00919023
-0.00912618
-0.00886136
-0.00908308
-0.00907309
-0.00911975
-0.00922104
-0.00917765
-0.00924782
-0.00902577
-0.00925614
-0.00899338
-0.00923346
-0.00917728
-0.0093701
-0.00915992
-0.00903956
-0.0091947
-0.00912988
-0.00911746
-0.00909352
-0.00909838
-0.00905325
-0.00916058
-0.00917746
-0.00901954
-0.00909994
-0.00895012
-0.00908562
-0.00904146
-0.00893332
-0.00907901
-0.00910949
-0.00911294
-0.0090301
-0.00910929
-0.0090515
-0.00906786
-0.00913064
-0.00897881
-0.00888055
-0.00903843
-0.00901509
-0.00888116
-0.00897341
-0.00905288
-0.00921501
-0.00918843
-0.00904937
-0.00905084
-0.00917723
-0.00922569
-0.00912214
-0.00940921
-0.00927706
-0.00932888
-0.00922203
-0.0097714
-0.00930364
-0.00929371
-0.00929167
-0.00892432
-0.00924374
-0.00962353
-0.00917298
-0.00913739
-0.00957808
-0.00909346
-0.00900607
-0.00908661
-0.00908205
-0.00908061
-0.00899484
-0.00908821
-0.00884825
-0.00897523
-0.00888107
-0.00880778
-0.00878712
-0.00889546
-0.00893789
-0.00890472
-0.00884978
-0.00903422
-0.00888341
-0.00895453
-0.00878914
-0.0089091
-0.00898765
-0.00900929
-0.00897439
-0.00932352
-0.00893127
-0.00908386
-0.0090789
-0.00900806
-0.00875511
-0.00920242
-0.00888699
-0.00916624
-0.00892605
-0.00905362
-0.00890899
-0.00891759
-0.0089846
-0.00891021
-0.00901059
-0.00887956
-0.0089011
-0.00895159
-0.00872601
-0.00911763
-0.00888109
-0.00913097
-0.00893595
-0.00889189
-0.00894142
-0.0090472
-0.00887251
-0.00881407
-0.00904629
-0.0088718
-0.00893745
-0.00883038
-0.00879659
-0.00873232
-0.00876962
-0.00876001
-0.00878494
-0.00884247
-0.00872462
-0.00880273
-0.00857417
-0.00866401
-0.00874653
-0.00856648
-0.00877273
-0.00872392
-0.00878429
-0.00868378
-0.00887485
-0.00873355
-0.00870467
-0.00883089
-0.00877437
-0.00857321
-0.00870387
-0.00906928
-0.00859332
-0.0088241
-0.0088903
-0.0090489
-0.00929976
-0.00897887
-0.00884951
-0.00910628
-0.0092448
-0.00900164
-0.00895011
-0.00871054
-0.00876654
-0.00904659
-0.00865046
-0.00903158
-0.00905911
-0.00893525
-0.0090907
-0.0088264
-0.00871868
-0.00860895
-0.00902068
-0.00902899
-0.00920965
-0.00892307
-0.00922579
-0.00942406
-0.00926437
-0.00918459
-0.00931084
-0.00900808
-0.00878774
-0.00883607
-0.00887388
-0.00892737
-0.00879264
-0.00889992
-0.00903028
-0.00862267
-0.00924045
-0.00864918
-0.00889003
-0.00864554
-0.00910917
-0.00919835
-0.00885827
-0.00882643
-0.00916675
-0.00880812
-0.00906095
-0.00942261
-0.00876143
-0.00839769
-0.00844411
-0.00890804
-0.00847043
-0.008897
-0.00879015
-0.00884117
-0.00837324
-0.00930434
-0.00935996
-0.0085817
-0.0089239
-0.00936752
-0.008645
-0.00847098
-0.00860802
-0.00851136
-0.00851725
-0.00857173
-0.00864585
-0.00884035
-0.00845104
-0.00921767
-0.00828985
-0.00898374
-0.00852014
-0.00896945
-0.00843244
-0.00831124
-0.00859553
-0.00856389
-0.00857016
-0.00852879
-0.00827613
-0.00876594
-0.00795782
-0.00893309
-0.00761776
-0.00884459
-0.00871863
-0.00793381
-0.00924626
-0.00921204
-0.00921365
-0.00912206
-0.0092767
-0.00924373
-0.00933667
-0.00929972
-0.00909026
-0.0091939
-0.00910931
-0.00916417
-0.00910202
-0.00942556
-0.00910406
-0.00905755
-0.00904089
-0.00913179
-0.00910406
-0.00914205
-0.00902473
-0.00912265
-0.00924157
-0.00899424
-0.00901116
-0.00912032
-0.00911168
-0.00924563
-0.009141
-0.00942673
-0.00912099
-0.00914777
-0.00910873
-0.0090854
-0.00928592
-0.0090218
-0.00954254
-0.00901664
-0.00926697
-0.00907186
-0.00903259
-0.00909848
-0.00915361
-0.00910868
-0.00901158
-0.00896391
-0.00900986
-0.00915253
-0.00902592
-0.00902517
-0.00887172
-0.00907218
-0.00906252
-0.00888227
-0.0093028
-0.00903478
-0.0089937
-0.00899043
-0.00905696
-0.00886365
-0.00891009
-0.00888621
-0.00898856
-0.00896966
-0.00874576
-0.00877681
-0.00894487
-0.00883512
-0.00871358
-0.00921339
-0.00892133
-0.0092392
-0.00907793
-0.00894905
-0.0089228
-0.00933385
-0.0087725
-0.00915668
-0.00885968
-0.00888654
-0.00936275
-0.00910187
-0.00923328
-0.00914431
-0.00890453
-0.00917769
-0.00873005
-0.00916854
-0.00907634
-0.00871482
-0.00911532
-0.00869129
-0.00875081
-0.00882073
-0.00824133
-0.00839767
-0.00888337
-0.00868843
-0.0089432
-0.00872993
-0.00883124
-0.009135
-0.00875514
-0.00910824
-0.00896227
-0.0088619
-0.00860319
-0.00908967
-0.00928066
-0.00909498
-0.00893095
-0.00872754
-0.00874877
-0.00875204
-0.0088041
-0.00892544
-0.00877902
-0.00873
-0.00881085
-0.00876211
-0.00874778
-0.00892391
-0.00855149
-0.00870723
-0.00869271
-0.0088742
-0.00904007
-0.00913553
-0.0090035
-0.00874064
-0.0092741
-0.00857145
-0.00863099
-0.00884203
-0.00808457
-0.00859373
-0.00796278
-0.0086253
-0.00877836
-0.00825202
-0.00923566
-0.00889631
-0.00869216
-0.00869846
-0.0093265
-0.00902214
-0.00874318
-0.00871814
-0.00900757
-0.00863773
-0.00793088
-0.00841768
-0.00899633
-0.00830515
-0.00860347
-0.00927879
-0.00912009
-0.00880414
-0.00902055
-0.00898182
-0.00869944
-0.00888027
-0.00850582
-0.00894115
-0.00868881
-0.00869831
-0.00903568
-0.00844022
-0.00901016
-0.00916235
-0.00893077
-0.00957681
-0.00901096
-0.00963281
-0.00877674
-0.00858888
-0.00861702
-0.0085932
-0.00843784
-0.00857491
-0.00865857
-0.00859878
-0.00881653
-0.00916627
-0.00875097
-0.00865217
-0.00884775
-0.00879788
-0.00852123
-0.00862398
-0.00888691
-0.00851446
-0.00844382
-0.00872093
-0.0086039
-0.00861094
-0.00892212
-0.00854263
-0.0083686
-0.00870876
-0.00884899
-0.00852507
-0.00871967
-0.00857782
-0.00838278
-0.00840603
-0.00831268
-0.00845677
-0.00853358
-0.00838683
-0.00847412
-0.00806432
-0.00837473
-0.00814885
-0.00824113
-0.00829875
-0.0086392
-0.00845645
-0.00853132
-0.00836271
-0.00836798
-0.00834567
-0.00861787
-0.00836
-0.00867199
-0.00855969
-0.00853004
-0.00860129
-0.0085961
-0.00857034
-0.00872231
-0.00881011
-0.00871417
-0.00853561
-0.0086912
-0.00870954
-0.00887726
-0.00876709
-0.00860056
-0.00851806
-0.00866726
-0.00851766
-0.00865093
-0.00864742
-0.00859857
-0.00874853
-0.0082388
-0.00852888
-0.00853565
-0.00846064
-0.00866258
-0.00874762
-0.00833976
-0.00876674
-0.00843561
-0.00834092
-0.00902909
-0.00887402
-0.00828305
-0.00803415
-0.00839538
-0.00824003
-0.008194
-0.00871619
-0.00856741
-0.00804901
-0.00923726
-0.00872629
-0.00778739
-0.0076995
-0.00748868
-0.00902893
-0.00874003
-0.00984878
-0.00468975
-0.00956674
-0.00758395
-0.0105972
-0.00705058
-0.00936926
-0.0095539
-0.00499979
-0.00878446
-0.00756876
-0.0105763
-0.00693806
-0.0087959
-0.00708918
-0.00823474
-0.00949824
-0.00942674
-0.00968038
-0.00813384
-0.00824828
-0.0101289
-0.00981318
-0.00872571
-0.00886041
-0.0085983
-0.00912739
-0.00915752
-0.00883829
-0.00998158
-0.00893163
-0.00866566
-0.00935195
-0.00860957
-0.00892794
-0.00898919
-0.00923116
-0.00918609
-0.00919692
-0.0091409
-0.0090426
-0.00923188
-0.00897111
-0.00887288
-0.00873186
-0.00866188
-0.00890971
-0.00888998
-0.00878042
-0.00910171
-0.00956377
-0.00760077
-0.00860383
-0.00905684
-0.00909684
-0.00907716
-0.0085237
-0.00753929
-0.00696656
-0.0088155
-0.00762683
-0.00823604
-0.00844473
-0.0076613
-0.00763756
-0.00801523
-0.00670589
-0.00703366
-0.00846618
-0.00794317
-0.0076251
-0.00771052
-0.00780708
-0.00753977
-0.00783653
-0.0076382
-0.00769371
-0.00740086
-0.00881421
-0.00745499
-0.00866249
-0.00735545
-0.00915155
-0.00738544
-0.00758179
-0.00777887
-0.00756012
-0.00753944
-0.00751024
-0.00795081
-0.00774654
-0.0078415
-0.00764831
-0.00763604
-0.00802343
-0.0075912
-0.00769737
-0.00794418
-0.00696529
-0.00876055
-0.00926486
-0.00765974
-0.00728727
-0.00898778
-0.00729343
-0.00744045
-0.0068571
-0.00875796
-0.00681414
-0.00881244
-0.00675071
-0.00813252
-0.00751515
-0.00737486
-0.00869426
-0.00776926
-0.00642157
-0.00760679
-0.00687618
-0.00724399
-0.00727663
-0.00880765
-0.00797085
-0.00667053
-0.00728986
-0.00583696
-0.00746415
-0.00699202
-0.00692212
-0.00698718
-0.00724234
-0.0071523
-0.00714898
-0.00735592
-0.0112634
-0.00700693
-0.00709745
-0.00685125
-0.00726691
-0.0076653
-0.00728092
-0.0111311
-0.00767935
-0.00659666
-0.00705465
-0.00597273
-0.00789255
-0.00911628
-0.00697091
-0.00699508
-0.00682008
-0.00727242
-0.00708469
-0.00709922
-0.0047755
-0.00746856
-0.00827056
-0.00620767
-0.00725763
-0.00692449
-0.005526
-0.00623206
-0.00687958
-0.00710566
-0.00684178
-0.00737925
-0.00718382
-0.00637029
-0.00669632
-0.00562079
-0.00559978
-0.00664239
-0.0058532
-0.00706104
-0.00591128
-0.00660383
-0.0064395
-0.00689436
-0.00705281
-0.00732989
-0.00657125
-0.00716586
-0.00744508
-0.00643239
-0.00750897
-0.00615786
-0.00640418
-0.00726859
-0.00642194
-0.00664874
-0.00646511
-0.00663924
-0.00620383
-0.00652336
-0.00615851
-0.00656165
-0.00695757
-0.0044034
-0.00668596
-0.00667522
-0.00658459
-0.00712825
-0.00480128
-0.00639443
-0.00652663
-0.00657854
-0.00667004
-0.00658138
-0.00628875
-0.00625411
-0.00434674
-0.00688664
-0.00630685
-0.00631098
-0.00801406
-0.00637896
-0.00623864
-0.00588628
-0.00644555
-0.00623284
-0.00604895
-0.00621714
-0.00614807
-0.00600823
-0.00655102
-0.00574822
-0.00579686
-0.00597986
-0.00595996
-0.0057665
-0.00559419
-0.00564634
-0.00571398
-0.00574497
-0.00565175
-0.00583463
-0.00553628
-0.0063529
-0.00642029
-0.00598734
-0.00705902
-0.00564858
-0.00560812
-0.00590608
-0.0060073
-0.00566559
-0.00501834
-0.00484863
-0.00508719
-0.00513248
-0.00503705
-0.0054806
-0.00457486
-0.00496819
-0.00726915
-0.00519037
-0.005185
-0.00464841
-0.0043881
-0.00487908
-0.0049416
-0.00514149
-0.00562308
-0.00507594
-0.00499275
-0.00501447
-0.00467335
-0.00449483
-0.00437191
-0.00476096
-0.00460666
-0.00399313
-0.00481142
-0.0048919
-0.0044951
-0.00418576
-0.00351722
-0.00436625
-0.00427182
-0.00334574
-0.00490098
-0.00470709
-0.00532933
-0.00543485
-0.00509195
-0.005593
-0.00534161
-0.0045911
-0.0081766
-0.00352276
-0.00439983
-0.00220413
-0.00636734
-0.00445706
-0.00635761
-0.00553613
-0.00518298
-0.00564364
-0.00611391
-0.00480364
-0.00547573
-0.0056266
-0.00523151
-0.00525894
-0.00598537
-0.00554652
-0.00537649
-0.004526
-0.00444525
-0.00756763
-0.00586422
-0.00839248
-0.00517242
-0.00475248
-0.00706603
-0.00643886
-0.00638799
-0.00527734
-0.00561592
-0.00618258
-0.00506094
-0.00450599
-0.0052408
-0.00553546
-0.00575866
-0.00601685
-0.0052847
-0.00545492
-0.00611191
-0.00554109
-0.00523941
-0.00581373
-0.00608581
-0.00602074
-0.00548959
-0.00628415
-0.00550122
-0.00529385
-0.00581665
-0.00535344
-0.00511467
-0.00634308
-0.00621032
-0.00472301
-0.00561524
-0.00531337
-0.00511582
-0.00544945
-0.00481705
-0.00445547
-0.00536663
-0.0051072
-0.00471082
-0.00425471
-0.00447531
-0.00457492
-0.00454939
-0.00612802
-0.00614191
-0.00505872
-0.00479156
-0.00477247
-0.00565095
-0.00607463
-0.00689533
-0.00320061
-0.00503207
-0.00485795
-0.00488854
-0.00749394
-0.00544981
-0.00529751
-0.00576827
-0.00623329
-0.00538709
-0.00524288
-0.00671775
-0.00593179
-0.00696811
-0.00218057
-0.00536438
-0.00814342
-0.00560206
-0.00487116
-0.00853823
-0.00259518
-0.00534079
-0.0068702
-0.000924421
-0.00589353
-0.00431768
-0.00223884
-0.00769213
-0.00475801
-0.00651349
-0.00481193
-0.00721959
-0.00720372
-0.00419495
-0.00841268
-0.00210037
-0.00737483
-0.00116095
-0.00753624
-0.00849101
-0.00219261
-0.00202974
-0.00799235
-0.00688664
-0.00103995
-0.00670214
-0.00141172
-0.00185941
-0.0057623
-0.00517785
-0.00456057
-0.00524482
-0.00467559
-0.00475571
-0.00492638
-0.00548505
-0.00538394
-0.00518912
-0.00509218
-0.00482948
-0.00529556
-0.00467158
-0.00452298
-0.00449276
-0.00522341
-0.00562494
-0.00451146
-0.00457583
-0.00482473
-0.00477819
-0.00511483
-0.00410937
-0.0058965
-0.00434393
-0.00461272
-0.00520119
-0.00439926
-0.0050697
-0.00458272
-0.00478354
-0.00455083
-0.00475797
-0.00428202
-0.00259541
-0.00687041
-0.00534062
-0.000924739
-0.00589389
-0.00223938
-0.00431825
-0.00841425
-0.00210009
-0.00736889
-0.00115927
-0.00848611
-0.00753672
-0.00219352
-0.00769225
-0.00475849
-0.00651448
-0.0048127
-0.00722029
-0.00720456
-0.00419534
-0.00203055
-0.00799232
-0.00688806
-0.00103939
-0.00186053
-0.00670306
-0.0014124
-0.00689677
-0.00502866
-0.00320234
-0.00485909
-0.00488936
-0.00545019
-0.00749578
-0.00529883
-0.00576954
-0.00623405
-0.00538762
-0.00524392
-0.00671875
-0.00593333
-0.00696949
-0.00218193
-0.00536614
-0.00814388
-0.00487257
-0.00853918
-0.00560342
-0.00452326
-0.00522452
-0.00449318
-0.00562794
-0.00451038
-0.00482624
-0.00457652
-0.00478106
-0.00511955
-0.0041077
-0.00590183
-0.00520817
-0.00461733
-0.00434729
-0.00440107
-0.00507151
-0.00458302
-0.00477884
-0.00455134
-0.00428423
-0.00476011
-0.00576412
-0.00456089
-0.00518195
-0.00524933
-0.00467717
-0.00492758
-0.00476056
-0.00548769
-0.00538748
-0.00519443
-0.00509756
-0.00483166
-0.00467569
-0.00529811
-0.00467676
-0.00449798
-0.00437425
-0.00476275
-0.00399572
-0.00460976
-0.00481452
-0.00489334
-0.00449823
-0.00351981
-0.00418828
-0.00334837
-0.00436788
-0.00427605
-0.00459309
-0.00817988
-0.0035255
-0.00440252
-0.00220675
-0.00445809
-0.0063704
-0.00490468
-0.0047095
-0.00533392
-0.00544064
-0.00509546
-0.00559791
-0.00534515
-0.00566464
-0.00501842
-0.00484858
-0.00508867
-0.00513443
-0.00503754
-0.00548105
-0.00458471
-0.00493421
-0.00520053
-0.00727726
-0.00522483
-0.00439521
-0.00464812
-0.00488487
-0.00494639
-0.00514526
-0.00563198
-0.00508557
-0.00499648
-0.00502328
-0.00562875
-0.00523162
-0.00598678
-0.00525996
-0.0055487
-0.00452773
-0.00537779
-0.00445105
-0.00757428
-0.00587141
-0.00839443
-0.0051778
-0.00475713
-0.00707021
-0.00644376
-0.00639322
-0.00528122
-0.00562426
-0.00618969
-0.00506444
-0.00451142
-0.00636269
-0.00553891
-0.0051933
-0.00565473
-0.00612767
-0.00480875
-0.00548573
-0.00640676
-0.00577825
-0.00532237
-0.00564629
-0.0052652
-0.00483247
-0.0051838
-0.00628915
-0.00597038
-0.00558077
-0.0051734
-0.0054942
-0.005854
-0.00585743
-0.00537028
-0.00510842
-0.00471654
-0.00425766
-0.00447992
-0.00455176
-0.00457774
-0.00613427
-0.00615051
-0.00506457
-0.00479649
-0.00477778
-0.00565697
-0.00608267
-0.00472565
-0.00562366
-0.00532323
-0.0051241
-0.00546202
-0.00482326
-0.00446133
-0.00697553
-0.00720435
-0.00600679
-0.00728672
-0.00723838
-0.00708983
-0.0068369
-0.00789175
-0.00769313
-0.00722372
-0.00920072
-0.010126
-0.00702678
-0.00825056
-0.00703722
-0.00707273
-0.00692091
-0.00720935
-0.0067346
-0.00718694
-0.007489
-0.00609709
-0.00716735
-0.00666122
-0.00681576
-0.00726927
-0.00640552
-0.00697643
-0.006737
-0.00563001
-0.00666283
-0.00562876
-0.00585903
-0.00597476
-0.00705453
-0.00660603
-0.00642794
-0.00690295
-0.00711841
-0.00731436
-0.00719339
-0.00658092
-0.00749165
-0.00646734
-0.00618293
-0.00753653
-0.0064876
-0.0073265
-0.00634245
-0.00478075
-0.0084416
-0.00745835
-0.00631697
-0.00738919
-0.00553772
-0.00702661
-0.0065646
-0.00653318
-0.00627242
-0.00666315
-0.00621868
-0.00653108
-0.00654701
-0.00695376
-0.00436083
-0.00664715
-0.00664381
-0.00709445
-0.00656834
-0.00479926
-0.00642751
-0.00657197
-0.00668042
-0.00657342
-0.00633184
-0.00631005
-0.00660379
-0.0059067
-0.0060669
-0.00660814
-0.00591453
-0.00625356
-0.00591232
-0.00626485
-0.00661788
-0.00576967
-0.00599867
-0.00582687
-0.00596374
-0.0059169
-0.00559942
-0.0056215
-0.00572476
-0.00575978
-0.00563951
-0.0058196
-0.00552754
-0.00633041
-0.00636642
-0.00582035
-0.00562908
-0.00679257
-0.00584328
-0.00536624
-0.00584031
-0.00447314
-0.00658709
-0.00692508
-0.00633153
-0.00822921
-0.00645971
-0.00636898
-0.00803498
-0.00838859
-0.0082375
-0.00820239
-0.00857635
-0.00871437
-0.0080435
-0.00834147
-0.00877929
-0.0084407
-0.00833638
-0.00828347
-0.00903091
-0.00887804
-0.00924668
-0.00873195
-0.00771757
-0.00779359
-0.00903677
-0.00875607
-0.00751
-0.00955988
-0.0050097
-0.00879915
-0.00759602
-0.0105889
-0.00880769
-0.00695976
-0.00985238
-0.00470014
-0.00957095
-0.00758906
-0.00937764
-0.0106009
-0.00706294
-0.007087
-0.00823524
-0.00942973
-0.00948874
-0.00825217
-0.00967583
-0.00813392
-0.00877725
-0.00897001
-0.00942358
-0.00894884
-0.00873602
-0.00929993
-0.00961666
-0.00993184
-0.00907821
-0.00867274
-0.0101898
-0.00941912
-0.00809354
-0.0112466
-0.00937468
-0.00892093
-0.0087658
-0.0089396
-0.00909337
-0.00887801
-0.00919372
-0.0100823
-0.00873092
-0.00975685
-0.00887884
-0.00857297
-0.00909853
-0.00905681
-0.0087378
-0.00904319
-0.0097252
-0.00877683
-0.00925814
-0.00893714
-0.00849542
-0.00894783
-0.00916517
-0.00913931
-0.00916885
-0.00913592
-0.00917981
-0.00904666
-0.00892682
-0.00887088
-0.0087019
-0.00861962
-0.00890472
-0.00881688
-0.00875986
-0.00904441
-0.00948488
-0.00852314
-0.00757684
-0.00903891
-0.00898305
-0.0090025
-0.00824066
-0.00750612
-0.00861903
-0.006957
-0.00818604
-0.00747733
-0.00831066
-0.00757548
-0.00757377
-0.00796528
-0.00675785
-0.00834095
-0.00791675
-0.00689568
-0.0075383
-0.00771294
-0.0075861
-0.00778654
-0.00754311
-0.0077123
-0.00769655
-0.00746027
-0.00747866
-0.00895402
-0.00883324
-0.00753336
-0.00747459
-0.00938265
-0.00755506
-0.00772371
-0.00757758
-0.00746473
-0.00747445
-0.00799132
-0.0076734
-0.0077675
-0.00760572
-0.00751684
-0.00795283
-0.00747252
-0.00788044
-0.00762736
-0.00699573
-0.00883414
-0.00765023
-0.00931272
-0.00731563
-0.00903498
-0.0072946
-0.00744591
-0.00879021
-0.00706595
-0.00679363
-0.00877084
-0.00811313
-0.00703813
-0.0091014
-0.0069707
-0.00682908
-0.00699914
-0.00706622
-0.00708308
-0.00722626
-0.00914158
-0.00925945
-0.00906061
-0.00904246
-0.00928833
-0.00914717
-0.0091578
-0.00910956
-0.00944427
-0.00909944
-0.00916233
-0.00926992
-0.00911296
-0.00917943
-0.00909286
-0.00941039
-0.00900877
-0.00941795
-0.00928054
-0.00914329
-0.00910855
-0.00901312
-0.00885762
-0.0090569
-0.00901157
-0.00884616
-0.00926908
-0.00899409
-0.00892327
-0.00870203
-0.00870484
-0.00890283
-0.00874851
-0.00867502
-0.0091171
-0.00877455
-0.00919064
-0.00891533
-0.00889094
-0.00874948
-0.00931917
-0.00872786
-0.00909715
-0.00886575
-0.00881732
-0.00933676
-0.00907931
-0.00910367
-0.00916707
-0.00855192
-0.00874534
-0.00879803
-0.00818784
-0.00882996
-0.00828755
-0.00858585
-0.00891035
-0.00880657
-0.00870449
-0.00907234
-0.00875893
-0.00891894
-0.00906323
-0.00891944
-0.0087028
-0.00909638
-0.00925154
-0.00901675
-0.00907601
-0.00880444
-0.00876115
-0.00870996
-0.00893439
-0.00858437
-0.00874172
-0.00863805
-0.00885282
-0.00899878
-0.00904024
-0.00911949
-0.00874853
-0.00932207
-0.00862006
-0.00861382
-0.00895446
-0.00800551
-0.00866001
-0.00799897
-0.00829858
-0.00872079
-0.00879851
-0.00875763
-0.00899545
-0.00861896
-0.0079761
-0.00898379
-0.0084745
-0.00834495
-0.008593
-0.00914614
-0.00927713
-0.00875825
-0.00903272
-0.00872649
-0.00896841
-0.00901738
-0.00913295
-0.00899204
-0.00962554
-0.0090049
-0.00966575
-0.00878802
-0.00851824
-0.00811868
-0.00821704
-0.00844397
-0.00827409
-0.00874232
-0.00834793
-0.00846912
-0.0084917
-0.00841794
-0.00836523
-0.00828246
-0.00878752
-0.00833829
-0.00881877
-0.00874491
-0.00853416
-0.00873918
-0.00873016
-0.00883944
-0.00893239
-0.00868692
-0.00848917
-0.00866816
-0.00855442
-0.00869192
-0.00876493
-0.00865049
-0.00866549
-0.00822919
-0.00853396
-0.00849937
-0.00844079
-0.00857333
-0.00869188
-0.00939879
-0.00894169
-0.00844042
-0.00929815
-0.00915477
-0.00887792
-0.00933704
-0.00909752
-0.00857201
-0.00844212
-0.00916424
-0.00862401
-0.00922209
-0.00889692
-0.00854673
-0.00835696
-0.00913003
-0.00864259
-0.00930068
-0.0088662
-0.00820232
-0.00795899
-0.00982014
-0.00807288
-0.00875403
-0.00744834
-0.00932359
-0.00808506
-0.00853503
-0.00905397
-0.00897473
-0.00835688
-0.00862864
-0.00903544
-0.00836037
-0.0090015
-0.00828401
-0.00861121
-0.00836495
-0.00852725
-0.00883032
-0.00861657
-0.00901117
-0.00929671
-0.00875418
-0.00862526
-0.00873953
-0.00947058
-0.00883145
-0.00819533
-0.00861655
-0.00919627
-0.00860531
-0.0087461
-0.00838501
-0.00840827
-0.00870187
-0.00859129
-0.00851796
-0.00873391
-0.00871494
-0.00891338
-0.00837068
-0.00850758
-0.00804411
-0.008498
-0.00960222
-0.00707012
-0.00928997
-0.00842951
-0.00781039
-0.00790853
-0.00790034
-0.0080706
-0.00797844
-0.00770926
-0.00811943
-0.00831481
-0.00887945
-0.00863133
-0.00684954
-0.0091506
-0.00901205
-0.00709412
-0.0080412
-0.00786993
-0.00805614
-0.00788407
-0.00801466
-0.00823773
-0.0080146
-0.00812964
-0.00756097
-0.00763143
-0.00936856
-0.00775514
-0.00910722
-0.0090693
-0.00903203
-0.00724783
-0.00815144
-0.00935801
-0.00818052
-0.00892892
-0.00874266
-0.00793914
-0.00780394
-0.00815761
-0.00703821
-0.00831573
-0.0088045
-0.00757537
-0.00788405
-0.00818681
-0.008224
-0.00802719
-0.00836639
-0.00812585
-0.00771491
-0.00828361
-0.00835508
-0.0082298
-0.00799883
-0.00829654
-0.00820954
-0.00788207
-0.00829757
-0.00756411
-0.00795171
-0.00730758
-0.00713056
-0.00845257
-0.00816555
-0.00840295
-0.00841568
-0.00872122
-0.00768504
-0.00862973
-0.00868599
-0.00807519
-0.00798381
-0.00821697
-0.00808168
-0.00775755
-0.00817376
-0.00783009
-0.00803886
-0.00847655
-0.00812823
-0.00803111
-0.00806506
-0.00774303
-0.00815221
-0.00849264
-0.00809578
-0.00839592
-0.0080961
-0.00822235
-0.00832755
-0.00801455
-0.00828514
-0.00796402
-0.0076774
-0.00807927
-0.00761873
-0.00790513
-0.00800461
-0.00755009
-0.00824511
-0.00822899
-0.00805055
-0.00797947
-0.00821426
-0.0080474
-0.00825148
-0.00804689
-0.00809661
-0.00796589
-0.00785141
-0.00806033
-0.00805236
-0.00778952
-0.00832853
-0.00818458
-0.00802436
-0.00807966
-0.00825375
-0.00833678
-0.00803224
-0.00794616
-0.00732839
-0.00777654
-0.00799803
-0.00779061
-0.00767256
-0.00808746
-0.00894083
-0.0083157
-0.00856229
-0.00842017
-0.00863728
-0.00899669
-0.00849949
-0.00832166
-0.00812439
-0.00817215
-0.00825927
-0.00803443
-0.00815325
-0.00842718
-0.00835791
-0.00883808
-0.00814246
-0.00852478
-0.00889474
-0.00840894
-0.00801451
-0.00795391
-0.00866736
-0.00844838
-0.00857275
-0.00798446
-0.00832891
-0.0090792
-0.00841562
-0.00834779
-0.00838782
-0.00888597
-0.0086506
-0.00846592
-0.00846359
-0.00828641
-0.00816909
-0.00837198
-0.00832825
-0.00803704
-0.0082337
-0.00833416
-0.00827527
-0.00801196
-0.00802419
-0.00843216
-0.00803818
-0.00824858
-0.00815092
-0.00832648
-0.00828989
-0.00879344
-0.00815426
-0.00862025
-0.00829076
-0.00802778
-0.00865036
-0.00892094
-0.00852296
-0.00871719
-0.00859676
-0.00863561
-0.00880526
-0.00863241
-0.00815357
-0.00810471
-0.00791286
-0.00839421
-0.00828473
-0.00829691
-0.00869931
-0.00931311
-0.00795789
-0.00710121
-0.0086657
-0.00866082
-0.00874016
-0.00814613
-0.00844768
-0.00861741
-0.00891946
-0.00888019
-0.0092531
-0.00838947
-0.00926986
-0.00829909
-0.00788419
-0.00903765
-0.0101532
-0.00720449
-0.0087772
-0.00864185
-0.00849109
-0.00801101
-0.00802733
-0.00850215
-0.00802961
-0.00860458
-0.00919229
-0.00895402
-0.00833244
-0.00776422
-0.0084685
-0.00771977
-0.00845925
-0.00758375
-0.00793965
-0.00590347
-0.00785594
-0.00648831
-0.0083688
-0.00839931
-0.00708657
-0.00702331
-0.00692421
-0.00695549
-0.00710863
-0.0070845
-0.00717377
-0.00767905
-0.00761002
-0.0085874
-0.00781154
-0.00843191
-0.00733637
-0.0065633
-0.00720891
-0.00706164
-0.00709698
-0.0070188
-0.00713993
-0.00706493
-0.00721641
-0.00720526
-0.00756574
-0.00823198
-0.00755498
-0.00570117
-0.00913054
-0.00789748
-0.00743628
-0.00742186
-0.00713565
-0.00725373
-0.00695141
-0.00721107
-0.0069618
-0.00772897
-0.00756721
-0.0065979
-0.00716216
-0.00670607
-0.00636942
-0.00761263
-0.00698914
-0.00756261
-0.00811064
-0.00789263
-0.00696283
-0.00841241
-0.00823046
-0.00810976
-0.00871661
-0.00684559
-0.00687488
-0.00808924
-0.00838815
-0.00718366
-0.00503842
-0.00614778
-0.00557656
-0.00539785
-0.005458
-0.00612419
-0.00532349
-0.00678054
-0.00575755
-0.00601443
-0.00591291
-0.00542915
-0.00631435
-0.00621906
-0.0062717
-0.00553885
-0.00600459
-0.00550086
-0.00510217
-0.00618666
-0.00557346
-0.00658247
-0.0059852
-0.0053288
-0.00573197
-0.00612089
-0.00488775
-0.00548418
-0.0073482
-0.00583122
-0.00620747
-0.00722354
-0.00766391
-0.00753491
-0.00634438
-0.00594498
-0.00644573
-0.00725845
-0.00661538
-0.0083895
-0.00669017
-0.00617778
-0.00658312
-0.00281443
-0.00895759
-0.0076526
-0.00646189
-0.00860613
-0.00552811
-0.00620797
-0.00661062
-0.00709866
-0.00632919
-0.0065328
-0.00602625
-0.00657309
-0.00460753
-0.00490099
-0.00528344
-0.00541564
-0.00500034
-0.00466741
-0.00483819
-0.00512635
-0.00556644
-0.0055255
-0.00517409
-0.00544308
-0.00529609
-0.00584065
-0.00554565
-0.00500202
-0.00506005
-0.00468925
-0.00525622
-0.00479807
-0.00497454
-0.00522314
-0.00584145
-0.00471045
-0.0045642
-0.00529788
-0.0050398
-0.00504362
0.000300312
-0.00595509
-0.00561279
-0.00480526
-0.00550973
-0.00542581
-0.00451421
-0.00512605
-0.00553572
-0.00494004
-0.00493268
-0.00535807
-0.00480566
-0.00390084
-0.00456005
-0.00532605
-0.00514948
-0.00535797
-0.00526424
-0.00466352
-0.00286089
-0.00503671
-0.00492324
-0.0046877
-0.0047517
-0.00477913
-0.00468666
-0.00471182
-0.00900386
-0.00518643
-0.00730708
-0.00610752
-0.008206
-0.00569332
-0.00580733
-0.0021725
-0.00730124
-0.00840262
-0.00479899
-0.00837339
-0.00236482
-0.00351586
-0.00718738
-0.00840397
-0.00201242
0.000572721
0.00025859
-0.00832387
-0.0070933
-0.00658154
-0.00270476
-0.00643696
-0.00326945
-0.00656681
-0.000122785
-0.00721764
-0.00607059
-0.00568837
-0.00580183
-0.00828286
-0.00775384
-0.00811206
-0.00337155
-0.00638336
-0.00489778
-0.00714703
-0.00736589
-0.00768326
-0.00643791
-0.00675973
-0.00673856
-0.00654988
-0.00603225
-0.00730912
-0.00760944
-0.00794293
-0.00637357
-0.005535
-0.00548216
-0.00460234
-0.00564862
-0.00587227
-0.00462
-0.0059708
-0.0067557
-0.0055971
-0.00593664
-0.00833412
-0.00759043
-0.00676585
-0.00562479
-0.00923288
-0.00970117
-0.00568948
-0.00478423
-0.00933227
-0.00519243
-0.00950522
-0.00629672
-0.00500905
-0.00614534
-0.00543178
-0.0064637
-0.00569875
-0.00522474
-0.0080752
-0.00585461
-0.00514907
-0.00777024
-0.00820518
-0.00557719
-0.00687355
-0.00674923
-0.00723732
-0.0053532
-0.00573897
-0.0090029
-0.00633735
-0.00527929
-0.00512754
-0.0014835
-0.00483002
-0.00437445
-0.00450419
-0.00502322
-0.00555078
-0.00494362
-0.00511723
-0.00438728
-0.00473812
-0.00509179
-0.00466515
-0.00457109
-0.00426554
-0.00464572
-0.00471479
-0.00463847
-0.00500931
-0.00463482
-0.00472818
-0.00458268
-0.00372738
-0.00455738
-0.00437506
-0.00392247
-0.00433779
-0.00428416
-0.00523022
-0.00490714
-0.00489234
-0.00523265
-0.00464057
-0.00517223
-0.00494948
-0.00631691
-0.00576072
-0.00470576
-0.00463475
-0.00473853
-0.00560001
-0.00631115
-0.00348868
-0.00371795
-0.00543451
-0.00422518
-0.00539959
-0.00345685
-0.0036115
-0.00591209
-0.0041194
-0.0041149
-0.00404933
-0.00471184
-0.00514138
-0.00477501
-0.0041238
-0.00495545
-0.00517132
-0.00419536
-0.00507598
-0.00530289
-0.00462479
-0.00527787
-0.00420996
-0.00510741
-0.00364612
-0.00509686
-0.00511785
-0.00363908
-0.00236548
-0.00391988
-0.00495087
-0.00513082
-0.00245766
-0.00402511
-0.00503558
-0.0024043
-0.00295923
-0.00392631
-0.00492412
-0.00230844
-0.0042068
-0.00467171
-0.00217231
-0.00730202
-0.00840309
-0.00479901
-0.00351555
-0.00837383
-0.00236465
-0.00718821
-0.00840884
0.000579185
-0.00201118
-0.00832526
-0.00710197
0.000260666
-0.00658205
-0.00270442
-0.00643747
-0.00326683
-0.00721866
-0.0065667
-0.00012315
-0.00900628
-0.00518776
-0.00730773
-0.00610796
-0.00569485
-0.0058072
-0.00820743
-0.00923531
-0.00970028
-0.00478448
-0.00568909
-0.00519277
-0.00951116
-0.00933151
-0.00629544
-0.00500696
-0.00614325
-0.00543178
-0.00522266
-0.00569476
-0.00646279
-0.0080771
-0.00585488
-0.00514949
-0.00777056
-0.00557783
-0.00820681
-0.00687409
-0.00674944
-0.00723698
-0.00573916
-0.00535238
-0.00527889
-0.00633723
-0.00900289
-0.00607124
-0.00569098
-0.00828382
-0.00580374
-0.00337241
-0.00775499
-0.00811437
-0.00638554
-0.00489988
-0.00714617
-0.00736635
-0.00676051
-0.0064381
-0.00768529
-0.00553534
-0.00548263
-0.00460251
-0.00564951
-0.0046201
-0.0058724
-0.00597149
-0.00673922
-0.00655074
-0.00603404
-0.0073091
-0.00761044
-0.00637412
-0.00794375
-0.00675534
-0.00559848
-0.00833373
-0.00593516
-0.0056251
-0.00676589
-0.00758938
-0.00631837
-0.00576084
-0.00463482
-0.00470821
-0.00631134
-0.00474026
-0.00560212
-0.003491
-0.00371958
-0.00543477
-0.00422525
-0.00345742
-0.00539951
-0.00361078
-0.00591562
-0.00412374
-0.00412104
-0.00405526
-0.00471523
-0.00514679
-0.00477919
-0.00412677
-0.00495611
-0.00419622
-0.00517488
-0.00530365
-0.00508016
-0.00462675
-0.00513401
-0.00149148
-0.0043813
-0.00483491
-0.00502912
-0.00555745
-0.00450964
-0.00494663
-0.00512072
-0.00439086
-0.00474029
-0.00466803
-0.00509556
-0.0045745
-0.00458965
-0.00373433
-0.00456606
-0.00438095
-0.00392941
-0.00434535
-0.00429571
-0.00427024
-0.00464917
-0.00471939
-0.00464157
-0.00463877
-0.00473153
-0.00501392
-0.00522996
-0.00490844
-0.00523588
-0.0048931
-0.00517582
-0.00464174
-0.00495152
-0.00310583
-0.00406979
-0.0048695
-0.00359855
-0.00416962
-0.00418844
-0.00447056
-0.00618897
-0.00596933
-0.00845583
-0.007916
-0.00623441
-0.00594734
-0.00771891
-0.00706578
-0.00629938
-0.00676562
-0.00659208
-0.00624193
-0.00666131
-0.0073849
-0.0071494
-0.00645309
-0.00668754
-0.00734973
-0.00707606
-0.00728854
-0.00727405
-0.00620187
-0.00856467
-0.00576688
-0.00702443
-0.00613564
-0.0058236
-0.00827364
-0.00594924
-0.00726192
-0.00645336
-0.00661553
-0.00839804
-0.00617927
-0.00669808
-0.00658677
-0.00281499
-0.00895677
-0.00764919
-0.00552869
-0.00860636
-0.00646002
-0.00621211
-0.00661146
-0.00710207
-0.00632951
-0.0065352
-0.00657641
-0.00602738
-0.00736144
-0.00621114
-0.00584438
-0.00722125
-0.00769215
-0.00635133
-0.00753039
-0.00460119
-0.00490515
-0.00541964
-0.005285
-0.00468438
-0.00500409
-0.0048375
-0.00555182
-0.00500317
-0.00506799
-0.00469217
-0.00526366
-0.00498385
-0.00479867
-0.00513133
-0.00557041
-0.0055318
-0.00517707
-0.00544914
-0.00530307
-0.00584471
-0.00522423
-0.00584112
-0.00471143
-0.0045614
-0.00530166
-0.00504313
-0.0050388
-0.00513153
-0.00494457
-0.0055409
-0.00492938
-0.00536279
-0.00390548
-0.00480962
-0.00456556
-0.005335
-0.0051548
-0.00536392
-0.00466944
-0.00526923
-0.00286753
-0.00504332
-0.00492772
-0.00469205
-0.0047557
-0.00471363
-0.00478452
-0.00469107
0.00029988
-0.00561335
-0.00595714
-0.00481479
-0.00551003
-0.00451631
-0.00542609
-0.00716779
-0.00749734
-0.00751595
-0.00824296
-0.00913473
-0.0078506
-0.00568141
-0.00740772
-0.00739891
-0.00711384
-0.00723632
-0.00692718
-0.00716623
-0.00694119
-0.00806822
-0.00868567
-0.00683094
-0.00685617
-0.00716079
-0.00806277
-0.00835143
-0.00696417
-0.00755869
-0.00809569
-0.00788471
-0.00694922
-0.00838935
-0.00823038
-0.00503782
-0.00615507
-0.00556321
-0.00540298
-0.00612707
-0.00544955
-0.00533343
-0.00602392
-0.0063783
-0.00618929
-0.00647985
-0.00596879
-0.00593528
-0.00659958
-0.00652712
-0.007348
-0.00703356
-0.00638059
-0.00726195
-0.0061555
-0.00776521
-0.00593738
-0.00541745
-0.0062994
-0.00600677
-0.00598779
-0.00539428
-0.00576969
-0.00679629
-0.00576826
-0.00592175
-0.00602679
-0.00544002
-0.00632828
-0.00623147
-0.0065941
-0.00599151
-0.00533381
-0.00572853
-0.00613396
-0.00548777
-0.00488971
-0.00628421
-0.00555904
-0.00602007
-0.00552069
-0.00510624
-0.00620437
-0.00559492
-0.0087074
-0.00860754
-0.0084914
-0.00871241
-0.00889568
-0.00833887
-0.00872605
-0.00765064
-0.00778349
-0.00809627
-0.00817255
-0.00786914
-0.00855088
-0.0075747
-0.00798029
-0.00780775
-0.007991
-0.00781746
-0.00793709
-0.00822534
-0.00790929
-0.00828544
-0.00884618
-0.00866855
-0.00673733
-0.00920144
-0.00894942
-0.00696576
-0.00816574
-0.00783558
-0.00938571
-0.00966905
-0.00816929
-0.0080878
-0.00996173
-0.00858496
-0.00858461
-0.00860336
-0.008698
-0.00842207
-0.00861355
-0.00849386
-0.00860352
-0.00873589
-0.00822025
-0.00855977
-0.0083937
-0.00870977
-0.00878593
-0.00765828
-0.00926224
-0.00819269
-0.00982212
-0.00799695
-0.0077053
-0.00972072
-0.00821958
-0.0076889
-0.00763516
-0.00939196
-0.00783064
-0.00905966
-0.0091824
-0.00871336
-0.00806728
-0.00720723
-0.00921355
-0.00804852
-0.0087256
-0.0087237
-0.00790298
-0.00778154
-0.00815493
-0.00712542
-0.00838223
-0.00873368
-0.00752775
-0.00787267
-0.00816111
-0.00825374
-0.00802031
-0.00827146
-0.00814654
-0.00769119
-0.0082587
-0.00833896
-0.00802696
-0.00822833
-0.007884
-0.00829391
-0.00823108
-0.00830762
-0.00764756
-0.00790808
-0.00739585
-0.00841139
-0.00822009
-0.00719421
-0.00801558
-0.00827522
-0.00814663
-0.00780078
-0.00788666
-0.00820523
-0.00807325
-0.0083995
-0.00844575
-0.00870905
-0.00769174
-0.0086245
-0.00810375
-0.00872149
-0.00849906
-0.00821296
-0.0080767
-0.00806321
-0.00849191
-0.00817857
-0.00777105
-0.00808055
-0.00833995
-0.00824164
-0.00802903
-0.00800538
-0.00826591
-0.00828112
-0.00792757
-0.00771721
-0.00810608
-0.00764554
-0.00794563
-0.00801532
-0.00750346
-0.00821342
-0.00823097
-0.00798539
-0.00794414
-0.00803437
-0.00822545
-0.00819126
-0.00805828
-0.00824574
-0.00788772
-0.00799636
-0.00813559
-0.00812388
-0.00776239
-0.00828737
-0.00795129
-0.00799677
-0.00793492
-0.00790838
-0.00824801
-0.00811012
-0.00801153
-0.00729988
-0.0077854
-0.00821926
-0.00759067
-0.00822937
-0.00789331
-0.00907847
-0.00834236
-0.00856546
-0.00840573
-0.00873582
-0.00856835
-0.00894097
-0.00852972
-0.00814788
-0.0085209
-0.00831429
-0.00865001
-0.00826356
-0.00824669
-0.00844654
-0.00891151
-0.0086109
-0.00824433
-0.00847885
-0.00812749
-0.00893611
-0.00812977
-0.00887166
-0.00857883
-0.00857862
-0.00798046
-0.00842585
-0.00928556
-0.0083755
-0.00808998
-0.00842045
-0.00840582
-0.00817572
-0.00825315
-0.00841264
-0.00850256
-0.00835228
-0.00842094
-0.00890028
-0.00852394
-0.00849775
-0.00867498
-0.00841508
-0.00802986
-0.00862881
-0.00813047
-0.00840616
-0.00806131
-0.00834641
-0.00819027
-0.00823467
-0.008003
-0.00891587
-0.00822369
-0.00860708
-0.00796933
-0.00862589
-0.00814068
-0.00810167
-0.00791894
-0.00839461
-0.0083116
-0.00828597
-0.00866896
-0.00894545
-0.00853204
-0.00866589
-0.00860183
-0.00866959
-0.00881246
-0.00865476
-0.00932453
-0.00794467
-0.00703197
-0.00865868
-0.00864889
-0.00862377
-0.00812103
-0.00855098
-0.00850281
-0.00909885
-0.00908421
-0.00837612
-0.00928156
-0.00924389
-0.00832299
-0.00780088
-0.00890639
-0.00714429
-0.00871449
-0.0101481
-0.00866161
-0.00844603
-0.0080657
-0.00800564
-0.00804774
-0.00861781
-0.00861343
-0.0091741
-0.00819042
-0.00896799
-0.0077776
-0.00845079
-0.00843899
-0.00781891
-0.00691891
-0.00695114
-0.00738849
-0.00710612
-0.00704517
-0.00756291
-0.00691559
-0.00761018
-0.00810247
-0.00794099
-0.00601827
-0.00843451
-0.00658636
-0.0083857
-0.0071556
-0.00695932
-0.00698876
-0.00697901
-0.00710351
-0.00708448
-0.00714154
-0.00785201
-0.00756538
-0.00778681
-0.00743221
-0.00743309
-0.00777261
-0.00805182
-0.00664609
-0.00729187
-0.00712931
-0.0077859
-0.00700206
-0.00704947
-0.00734879
-0.00721824
-0.0072307
-0.00706962
-0.00705006
-0.00710536
-0.00722193
-0.00731178
-0.00759102
-0.00750731
-0.00851255
-0.00777499
-0.00722916
-0.00842509
-0.00651005
-0.00899641
-0.00851223
-0.00834262
-0.00906397
-0.00907885
-0.00850642
-0.00888777
-0.00853669
-0.00829441
-0.00860189
-0.00909201
-0.00881475
-0.0081862
-0.00929816
-0.00788432
-0.00973741
-0.00800633
-0.00872958
-0.00728117
-0.00805108
-0.00927865
-0.00820147
-0.0084868
-0.00925643
-0.00851123
-0.00832898
-0.00865288
-0.00839659
-0.0103213
-0.00785719
-0.00789451
-0.00758983
-0.00818662
-0.00817228
-0.00811493
-0.00809812
-0.0079051
-0.00813635
-0.00830293
-0.00746222
-0.00663194
-0.00784448
-0.00803878
-0.00756061
-0.00783477
-0.00764936
-0.00762615
-0.0077837
-0.00767821
-0.00766583
-0.00763901
-0.00844122
-0.00813049
-0.00597575
-0.00732948
-0.00700978
-0.00811074
-0.0117268
-0.00750674
-0.0077657
-0.00786702
-0.00750436
-0.00818835
-0.00799309
-0.011605
-0.00706532
-0.00808688
-0.00852578
-0.0064916
-0.00749007
-0.00792224
-0.0074738
-0.00777538
-0.00761095
-0.0078836
-0.007248
-0.00757482
-0.00762862
-0.00719206
-0.00811882
-0.00804427
-0.00891399
-0.00695544
-0.00723634
-0.00817109
-0.00739935
-0.0140332
-0.00758451
-0.00937013
-0.00778703
-0.00923807
-0.00760583
-0.00747092
-0.00775303
-0.00696688
-0.0080039
-0.00799508
-0.00722249
-0.00720502
-0.00711689
-0.00660552
-0.00703437
-0.00764553
-0.00684774
-0.00754727
-0.00808246
-0.00777449
-0.00814365
-0.00784323
-0.00836823
-0.00826308
-0.0077017
-0.00770922
-0.0074572
-0.0075306
-0.00763249
-0.00807834
-0.00751882
-0.00789387
-0.00721409
-0.00719063
-0.00736415
-0.00708209
-0.00784151
-0.00750746
-0.00737414
-0.00607548
-0.00740788
-0.00734999
-0.00746288
-0.00800064
-0.00784695
-0.00671476
-0.00781836
-0.00839471
-0.00602331
-0.00833409
-0.00710093
-0.00799658
-0.00742309
-0.0077333
-0.00813718
-0.0077783
-0.00945639
-0.00759871
-0.00778865
-0.00853965
-0.00755593
-0.00787723
-0.00943725
-0.00769374
-0.00764108
-0.00841073
-0.00724279
-0.00801511
-0.00781595
-0.00797543
-0.00785587
-0.00793467
-0.00798971
-0.00775315
-0.0078018
-0.00777973
-0.00757841
-0.00778385
-0.00758767
-0.00786474
-0.00763558
-0.00710398
-0.00655298
-0.00660718
-0.00715982
-0.00710089
-0.00676887
-0.00671838
-0.00944423
-0.00829088
-0.0077289
-0.0071595
-0.00727416
-0.00732743
-0.00811788
-0.00745313
-0.00770942
-0.00750245
-0.00752209
-0.0080132
-0.00750864
-0.00775274
-0.0092696
-0.00896999
-0.00750228
-0.00744194
-0.00902663
-0.0092142
-0.00710483
-0.00729478
-0.00742545
-0.00736961
-0.00735605
-0.00737163
-0.00761284
-0.00787458
-0.0098221
-0.00426427
-0.00933821
-0.00711977
-0.0102191
-0.00932278
-0.00654948
-0.00965694
-0.00460839
-0.00721055
-0.00836183
-0.00879456
-0.00649491
-0.0103035
-0.00666479
-0.00795255
-0.00874762
-0.00866916
-0.00785626
-0.00915504
-0.00783825
-0.00709198
-0.00738141
-0.00740066
-0.00722472
-0.00704715
-0.00737433
-0.00689507
-0.00710235
-0.00630488
-0.00706353
-0.0073379
-0.00714589
-0.00690332
-0.00626969
-0.00763617
-0.00834476
-0.00770444
-0.00654551
-0.00697295
-0.00821698
-0.00859719
-0.00818575
-0.0069474
-0.00722314
-0.00703916
-0.00682994
-0.0074815
-0.00750388
-0.00774015
-0.00716894
-0.00712624
-0.0072647
-0.00646335
-0.00724628
-0.00752992
-0.00808043
-0.00651161
-0.00622314
-0.00670397
-0.00663371
-0.00709071
-0.00597666
-0.00674863
-0.0071574
-0.00667736
-0.00653328
-0.00734822
-0.00641301
-0.00689353
-0.00531123
-0.00765211
-0.00718252
-0.00732726
-0.00712852
-0.00878341
-0.00736699
-0.00739287
-0.00730149
-0.007095
-0.00683034
-0.00721464
-0.00721039
-0.00681836
-0.00771491
-0.00483458
-0.00743845
-0.00723872
-0.00543089
-0.00736389
-0.00736398
-0.00703365
-0.00718219
-0.00741978
-0.00725773
-0.00726891
-0.00690627
-0.00680448
-0.00682729
-0.00687197
-0.00707867
-0.00760181
-0.00677637
-0.00752799
-0.00709746
-0.00655819
-0.00650044
-0.00681769
-0.00677807
-0.00651736
-0.00699908
-0.00642522
-0.00769134
-0.00709422
-0.00680424
-0.0067435
-0.00674229
-0.00676694
-0.00731024
-0.00703116
-0.00682473
-0.00657927
-0.0076387
-0.00631461
-0.00664361
-0.00648291
-0.00728256
-0.00633641
-0.00681704
-0.00661209
-0.00723581
-0.00685266
-0.00650052
-0.00673797
-0.00571731
-0.0066572
-0.00707443
-0.00596917
-0.00673177
-0.00681054
-0.00724662
-0.00747069
-0.00724305
-0.00786095
-0.00764377
-0.00810594
-0.00712248
-0.00690591
-0.00722746
-0.00700118
-0.00698732
-0.00708858
-0.00680371
-0.00699421
-0.00750742
-0.0070837
-0.0069107
-0.00741015
-0.00820253
-0.00711339
-0.00718781
-0.00709183
-0.00696287
-0.00724553
-0.00735205
-0.00710675
-0.0071868
-0.00706463
-0.00702382
-0.00701056
-0.00724535
-0.0069854
-0.00710817
-0.00725743
-0.00746577
-0.00710235
-0.00738492
-0.00734971
-0.00716736
-0.00716992
-0.00727938
-0.00707213
-0.00688601
-0.00706053
-0.00735837
-0.00708704
-0.0069003
-0.00701288
-0.00748719
-0.00694875
-0.00648344
-0.00734333
-0.00701627
-0.0072997
-0.00680662
-0.00663656
-0.00713727
-0.00640532
-0.00691782
-0.00634156
-0.00657114
-0.00682654
-0.00699513
-0.00761463
-0.00742577
-0.00772097
-0.0072468
-0.00766835
-0.00751684
-0.00743885
-0.00778564
-0.00701499
-0.00682126
-0.0069695
-0.00761268
-0.00725935
-0.00744689
-0.00755416
-0.0072609
-0.00760019
-0.0075592
-0.00774168
-0.00725186
-0.00737372
-0.00700539
-0.00932583
-0.00660462
-0.00600315
-0.0067841
-0.00629441
-0.00760671
-0.00736303
-0.00711565
-0.00768647
-0.00671413
-0.00659713
-0.00739253
-0.00722542
-0.00709936
-0.00693914
-0.00716773
-0.00688412
-0.00712684
-0.00681486
-0.00694542
-0.00737432
-0.00692529
-0.00769672
-0.00641359
-0.00713936
-0.00692347
-0.00691723
-0.00716432
-0.00755611
-0.00756225
-0.00612005
-0.00762206
-0.00713238
-0.00751986
-0.0076198
-0.00720312
-0.00852796
-0.00675579
-0.00793815
-0.00967283
-0.00644741
-0.00668773
-0.00706409
-0.00681072
-0.00630802
-0.00739173
-0.00655631
-0.00654645
-0.00466678
-0.00736071
-0.00628073
-0.0083304
-0.00673707
-0.00745525
-0.00554401
-0.00610264
-0.00685192
-0.00695366
-0.00648759
-0.00635211
-0.00694959
-0.0069704
-0.00629769
-0.00582776
-0.0066537
-0.00643996
-0.00724415
-0.006377
-0.00689785
-0.00663926
-0.0053713
-0.0065186
-0.00571287
-0.00559258
-0.00568503
-0.00688293
-0.00759426
-0.0068326
-0.00597945
-0.00746562
-0.00732562
-0.00643262
-0.00619583
-0.00608816
-0.00606634
-0.00633388
-0.00630616
-0.00589847
-0.00772429
-0.0059532
-0.00598322
-0.00674725
-0.0071005
-0.00701571
-0.00596961
-0.00741164
-0.0074429
-0.00719598
-0.00765128
-0.00566203
-0.00591258
-0.00715806
-0.00729494
-0.00620632
-0.00678172
-0.00658341
-0.00566596
-0.00616916
-0.00562767
-0.00675786
-0.00572261
-0.00707626
-0.00688706
-0.00679499
-0.00695032
-0.00718045
-0.00692349
-0.00695254
-0.00677668
-0.00662884
-0.00644376
-0.00689732
-0.00657755
-0.00699061
-0.00673408
-0.0065406
-0.0059216
-0.00642279
-0.00686844
-0.00640845
-0.0049651
-0.00658546
-0.00670461
-0.006585
-0.00621916
-0.00605678
-0.00478589
-0.00646753
-0.00668153
-0.00676551
-0.00443906
-0.0064282
-0.00563029
-0.00635732
-0.00693213
-0.00479306
-0.00686165
-0.00319688
-0.00622404
-0.00640134
-0.00645189
-0.0049213
-0.0066298
-0.0010075
-0.00731313
-0.00608716
-0.00687248
-0.00687078
-0.00678496
-0.00601824
-0.00573712
-0.00657469
-0.00607985
-0.00650018
-0.00615311
-0.005902
-0.00577088
-0.0063819
-0.00659754
-0.00646219
-0.0071255
-0.0066844
-0.00730779
-0.00644321
-0.00669675
-0.00558073
-0.00618077
-0.00601057
-0.00632656
-0.00606994
-0.00611882
-0.00631085
-0.00682647
-0.00587831
-0.00594789
-0.00653559
-0.0062375
-0.00615643
-0.00669155
-0.0062365
-0.00641576
-0.00672776
-0.00539623
-0.00622939
-0.00659521
-0.00621891
-0.00684779
-0.00639537
-0.00630521
-0.00426718
-0.00661425
-0.00625807
-0.00652577
-0.00635719
-0.00603871
-0.00614603
-0.00610456
-0.00602557
-0.00644263
-0.00537421
-0.0072021
-0.00577991
-0.0080016
-0.00562771
-0.00727802
-0.00555558
-0.00588977
-0.00538184
-0.00652816
-0.0060298
-0.00597161
-0.00647977
-0.00619074
-0.00603084
-0.00526909
-0.00588524
-0.00544863
-0.00487382
-0.00631444
-0.00562471
-0.00560379
-0.00805248
-0.00563717
-0.0065405
-0.00579183
-0.00537319
-0.00792929
-0.00640772
-0.00504819
-0.00636596
-0.00531309
-0.00650635
-0.00672704
-0.0053859
-0.00461663
-0.00536996
-0.00581491
-0.00526551
-0.00511912
-0.0055342
-0.00761695
-0.00520746
-0.00163488
-0.00585877
-0.00821334
-0.00517879
-0.0040958
-0.00804533
-0.00485708
-0.00514363
-0.00539316
-0.00625639
-0.00494805
-0.00512483
-0.00570625
-0.00538378
-0.00530147
-0.00560092
-0.00495908
-0.0055475
-0.00547363
-0.00509622
-0.00556251
-0.00538597
-0.00513647
-0.00483296
-0.00545021
-0.0053453
-0.00385259
-0.00514797
-0.00440188
-0.00521901
-0.00574085
-0.00512314
-0.00499575
-0.00393061
-0.00544058
-0.00193155
-0.0050786
-0.00517232
-0.00509231
-0.00544752
-0.00357743
-0.00524304
-0.00320648
-0.00496981
-0.00422153
-0.0055256
-0.00478502
-0.00342728
-0.00509738
-0.00560867
-0.00152833
-0.00551695
-0.00335683
-0.00586054
-0.00578097
-0.00679614
-0.00636224
-0.00674228
-0.00760214
-0.00778192
-0.00671127
-0.00667742
-0.00591656
-0.00644255
-0.00680168
-0.00620697
-0.00608628
-0.0063131
-0.00612469
-0.00586949
-0.00579607
-0.00954004
-0.00638435
-0.00565034
-0.00768921
-0.00579585
-0.00463956
-0.00614987
-0.00606719
-0.00638811
-0.00569126
-0.0057124
-0.0064425
-0.00513739
-0.0063617
-0.00593008
-0.00646762
-0.00476607
-0.00673867
-0.00651278
-0.00556949
-0.00629991
-0.00468967
-0.0062993
-0.00618238
-0.00670345
-0.00660227
-0.00385894
-0.00529619
-0.00597502
-0.00605992
-0.00600503
-0.0050534
-0.00402867
-0.0029244
-0.00560649
-0.00618351
-0.00645918
-0.00591325
0.00110398
-0.00529349
-0.00644163
-0.00698706
-0.00566021
-0.0059306
-0.00580064
-0.00682485
-0.00593142
-0.00658948
-0.00248886
-0.00616649
-0.00536233
-0.00683998
-0.00603151
-0.00625936
-0.00576394
-0.00620387
-0.00605729
-0.00625501
-0.00598583
-0.00662446
-0.00620107
-0.00678273
-0.00599202
-0.00612359
-0.00629899
-0.00581551
-0.00608142
-0.00652572
-0.00606442
-0.00521558
-0.00589389
-0.0059375
-0.00595153
-0.00535258
-0.00581754
-0.00499075
-0.00492375
-0.0053738
-0.00640218
-0.0049945
-0.00620864
-0.00473585
-0.0076414
-0.00720353
-0.00630728
-0.0058456
-0.00627748
-0.00780369
-0.00713649
-0.00554687
-0.00595043
-0.00538282
-0.00634436
-0.00580022
-0.00624549
-0.0065802
-0.00708287
-0.00572841
-0.00600186
-0.0055997
-0.00634814
-0.00626345
-0.00652861
-0.00518463
-0.00394404
-0.00593678
-0.00608562
-0.0047508
-0.00601405
-0.00646571
-0.00519794
-0.0058075
-0.00476896
-0.00836908
-0.00741935
-0.00764087
-0.00302798
-0.00561499
-0.00589441
-0.00627645
-0.00495956
-0.00700922
-0.00541814
-0.00669394
-0.00593651
-0.00517675
-0.0054538
-0.00732056
-0.00591473
-0.00469374
-0.0067961
-0.00469234
-0.00542398
-0.00480556
-0.00492657
-0.00571635
-0.00525621
-0.00409059
-0.00496661
-0.004131
-0.00451669
-0.00522527
-0.0054657
-0.00416297
-0.00445107
-0.00813129
-0.00851597
-0.00351993
-0.00482853
-0.00384599
-0.00855839
-0.00850098
-0.00599898
-0.00617305
-0.00470695
-0.00445466
-0.00543895
-0.00813115
-0.00397902
-0.00715874
-0.00542253
-0.00713505
-0.00417087
-0.00612055
-0.00445165
-0.00773838
-0.00256371
-0.00399418
-0.00449013
-0.00438564
-0.00379986
-0.00450388
-0.00265632
-0.00174522
-0.00426657
-0.00512383
-0.00484322
-0.00400884
0.00239155
-0.00455799
-0.00388404
-0.00529243
-0.00446111
-0.00523418
-0.0055114
-0.00535689
-0.00347698
-0.00409669
-0.00504127
-0.00467724
-0.00259525
-0.00495778
-0.00535838
-0.00446631
-0.00509573
-0.00560802
-0.00551576
-0.00152773
-0.00585912
-0.00335629
-0.0057797
-0.00679467
-0.00636021
-0.00673996
-0.00759914
-0.00671035
-0.00777958
-0.00667486
-0.00591418
-0.00643687
-0.00620308
-0.00679705
-0.00612292
-0.00608141
-0.00630813
-0.00586725
-0.00579494
-0.00638342
-0.00953782
-0.0076885
-0.00579436
-0.00564838
-0.00463732
-0.00614871
-0.00606572
-0.00638513
-0.00571056
-0.00644052
-0.00568827
-0.00385713
-0.00529192
-0.00607377
-0.00597108
-0.00403011
-0.00600351
-0.00505153
-0.00292575
-0.00560447
-0.00618238
-0.00645631
-0.00591185
0.00110641
-0.00529439
-0.00498917
-0.00491978
-0.00640256
-0.00537251
-0.00620686
-0.00473611
-0.00499247
-0.00763975
-0.00720261
-0.00630654
-0.00584566
-0.00713478
-0.00780353
-0.00627855
-0.00554703
-0.00595142
-0.00538285
-0.00634139
-0.00624486
-0.00580063
-0.00657792
-0.00708423
-0.00573269
-0.00560212
-0.00600716
-0.00652732
-0.00626596
-0.00635185
-0.00644179
-0.00698065
-0.00593086
-0.00564638
-0.00592761
-0.00579512
-0.00681842
-0.0066041
-0.00250361
-0.00616011
-0.0053991
-0.00626467
-0.00602329
-0.0068524
-0.00677499
-0.00599299
-0.00611975
-0.00629372
-0.00607346
-0.00581194
-0.00652007
-0.00576122
-0.00618766
-0.00604209
-0.00628242
-0.00597816
-0.00620075
-0.00660571
-0.00607578
-0.00523221
-0.00594067
-0.00590056
-0.00584538
-0.00535123
-0.00594775
-0.00494434
-0.00412429
-0.00522057
-0.00450826
-0.0044441
-0.00545197
-0.00414017
-0.00814567
-0.00851684
-0.00352485
-0.00481765
-0.00856002
-0.0038567
-0.00850773
-0.00596651
-0.00615462
-0.00469724
-0.00443429
-0.00541976
-0.00811344
-0.00395133
-0.00717947
-0.0054365
-0.00416933
-0.00715769
-0.00446534
-0.00612667
-0.0077584
-0.00519564
-0.00394752
-0.00609287
-0.00594323
-0.00602218
-0.00647527
-0.00476121
-0.00521245
-0.00582189
-0.00478696
-0.00838312
-0.00765242
-0.00742975
-0.00304468
-0.00593787
-0.00516922
-0.00544411
-0.0073154
-0.00591434
-0.00468191
-0.00679757
-0.00562478
-0.00590353
-0.00628641
-0.00496766
-0.00542761
-0.00670484
-0.00701732
-0.00470522
-0.00544042
-0.00494574
-0.00483905
-0.00526149
-0.005733
-0.00410044
-0.00256219
-0.00399656
-0.00449027
-0.00438576
-0.00449677
-0.00379904
-0.00265814
-0.00174788
-0.00426545
-0.00484034
-0.00512711
-0.00455106
-0.00400979
0.0023859
-0.00346757
-0.00417311
-0.0044198
-0.000770822
-0.00447632
-0.00478685
-0.00166458
-0.00440789
-0.00505994
-0.00488049
-0.00538197
-0.00487954
-0.00469799
-0.00472101
-0.00500898
-0.00501397
-0.00527643
-0.00598937
-0.00508869
-0.00514569
-0.0060272
-0.00320122
-0.00468875
-0.00465689
-0.00516554
-0.00447311
-0.00419952
-0.00521582
-0.00432438
-0.0043532
-0.00505448
-0.00770937
-0.00457429
-0.00632716
-0.00374159
-0.00386144
-0.00528643
-0.00522486
-0.00444025
-0.00532035
-0.00347284
-0.00548818
-0.00408213
-0.00501313
-0.00466251
-0.00258437
-0.00532712
-0.00496309
-0.00445643
-0.00653469
-0.00591776
-0.00641601
-0.00686494
-0.00495955
-0.00640225
-0.00658159
-0.00676936
-0.00662418
-0.00642534
-0.00689202
-0.00672937
-0.00656717
-0.00698879
-0.00669539
-0.00657819
-0.00604721
-0.00620557
-0.0064563
-0.00667586
-0.00477225
-0.00675651
-0.00442758
-0.00561955
-0.00641482
-0.00478259
-0.00634534
-0.00692169
-0.00684875
-0.00317252
-0.00620856
-0.0063841
-0.00661649
-0.00643406
-0.00490465
-0.00705649
-0.00687453
-0.00677859
-0.00694077
-0.00690439
-0.006938
-0.00716806
-0.00672914
-0.00650693
-0.00634059
-0.00647309
-0.00547244
-0.00656115
-0.00613069
-0.00619319
-0.00684466
-0.00630781
-0.00639216
-0.00661345
-0.00625942
-0.00424813
-0.00647307
-0.00636894
-0.00603471
-0.00617865
-0.00608661
-0.00643393
-0.00599239
-0.00103841
-0.00621687
-0.00734608
-0.00680174
-0.00688671
-0.00602261
-0.00685802
-0.00582255
-0.0063234
-0.00672148
-0.0064347
-0.00634096
-0.00580135
-0.00596547
-0.00636376
-0.00656049
-0.00709459
-0.00647742
-0.00661211
-0.00646232
-0.00730165
-0.00659284
-0.00558021
-0.00611821
-0.00596112
-0.00627736
-0.00603254
-0.00612048
-0.00639311
-0.00693372
-0.0058828
-0.00601019
-0.00631602
-0.00628314
-0.00658524
-0.00462289
-0.00582115
-0.00537598
-0.00527099
-0.00512604
-0.00762192
-0.0055339
-0.00521394
-0.00164293
-0.00822119
-0.00586177
-0.00805444
-0.00518551
-0.00409787
-0.00486815
-0.00515195
-0.00540421
-0.00626749
-0.0057197
-0.00495629
-0.00513483
-0.00537238
-0.00578584
-0.00720121
-0.00800042
-0.00563146
-0.00555681
-0.00727506
-0.00588671
-0.00538836
-0.00603645
-0.0065236
-0.00597423
-0.00648032
-0.00618042
-0.00603687
-0.00529321
-0.00589326
-0.00546595
-0.0048861
-0.00563264
-0.00633508
-0.00558854
-0.00805946
-0.00562482
-0.00651663
-0.00578697
-0.00791029
-0.00534915
-0.00639384
-0.00636928
-0.0050444
-0.00531195
-0.00651074
-0.00538419
-0.00671171
-0.0058414
-0.00565587
-0.00579094
-0.00536536
-0.00558458
-0.00611212
-0.00558725
-0.00708949
-0.00738271
-0.00739535
-0.0072208
-0.00704681
-0.00688679
-0.00737656
-0.00709578
-0.00629359
-0.00732903
-0.00704807
-0.00714502
-0.00626557
-0.00688831
-0.00764389
-0.00833825
-0.00770016
-0.00654971
-0.0082135
-0.00859933
-0.00697811
-0.00672793
-0.00711681
-0.00653076
-0.00667301
-0.00687727
-0.0073566
-0.00639677
-0.00682978
-0.00708412
-0.00688354
-0.00761243
-0.00678022
-0.00711073
-0.0075374
-0.0065576
-0.00650252
-0.00677735
-0.0068209
-0.00651516
-0.00642707
-0.0069987
-0.00768831
-0.00710147
-0.00681633
-0.00673871
-0.00673822
-0.00729361
-0.00677241
-0.00703223
-0.00683166
-0.00658489
-0.00765235
-0.00665005
-0.00632384
-0.00649464
-0.00531699
-0.00718946
-0.00764866
-0.00735651
-0.00712626
-0.00737939
-0.00878101
-0.00740174
-0.00710623
-0.00728723
-0.00679215
-0.00721638
-0.00681791
-0.00718764
-0.00769739
-0.00488805
-0.00725007
-0.00741991
-0.00733767
-0.00742062
-0.00541662
-0.00703328
-0.0071742
-0.00741338
-0.00730947
-0.00726561
-0.00691818
-0.00681348
-0.00728181
-0.00645543
-0.00665094
-0.00683784
-0.00660079
-0.00725637
-0.00688993
-0.00676355
-0.00571805
-0.00666833
-0.00708672
-0.00674556
-0.0068199
-0.00596804
-0.00691853
-0.00724132
-0.00701297
-0.00702116
-0.00682581
-0.0070987
-0.00700235
-0.00724145
-0.00751335
-0.007193
-0.00785686
-0.00761059
-0.00710087
-0.00809752
-0.00752899
-0.00711065
-0.00745841
-0.00694859
-0.00719823
-0.00707056
-0.00824322
-0.00701809
-0.00695707
-0.00733489
-0.00716828
-0.00715109
-0.00701627
-0.0070611
-0.00698684
-0.00690361
-0.00721825
-0.00697451
-0.0071136
-0.00724259
-0.0074174
-0.00705561
-0.00742963
-0.00734758
-0.00712291
-0.00728904
-0.00705947
-0.00707939
-0.00685702
-0.0070447
-0.00705507
-0.00731272
-0.00699859
-0.00684794
-0.00742197
-0.00695796
-0.00628177
-0.0069418
-0.00738615
-0.00649205
-0.00735397
-0.00678396
-0.00706705
-0.00617563
-0.00679362
-0.00620821
-0.00664719
-0.00695488
-0.00644801
-0.00776227
-0.00742283
-0.00785427
-0.00730124
-0.00784959
-0.00748005
-0.00768118
-0.00792863
-0.00704034
-0.00696233
-0.00684051
-0.00756418
-0.00732652
-0.00763256
-0.0076559
-0.00730881
-0.00757736
-0.00752342
-0.00717092
-0.00741511
-0.00786884
-0.00703055
-0.0093788
-0.00668924
-0.0060284
-0.00684766
-0.00635446
-0.00762325
-0.00713664
-0.00691466
-0.00717321
-0.00690212
-0.00708828
-0.00683691
-0.00699093
-0.0074981
-0.00712615
-0.00769942
-0.00668568
-0.00747469
-0.00722995
-0.00668884
-0.00740305
-0.00695092
-0.00641854
-0.00773487
-0.00697844
-0.00718231
-0.00694231
-0.00611629
-0.00690808
-0.00674811
-0.00650481
-0.00634983
-0.00696054
-0.00693956
-0.00625234
-0.00582525
-0.00646843
-0.00664686
-0.00722445
-0.00634613
-0.00689289
-0.00669136
-0.00542347
-0.0065338
-0.00569469
-0.00561187
-0.00578597
-0.00690531
-0.00751868
-0.00675437
-0.00596471
-0.00742049
-0.00730449
-0.00636286
-0.00614958
-0.00723487
-0.00765435
-0.00755177
-0.00613133
-0.00754599
-0.00787234
-0.0071107
-0.0075623
-0.0071206
-0.00666098
-0.00832884
-0.00636064
-0.00783964
-0.00950892
-0.00672752
-0.00705556
-0.00677812
-0.00636404
-0.00661429
-0.00737296
-0.00665602
-0.00462703
-0.00619694
-0.00735893
-0.00810435
-0.00665874
-0.00553668
-0.0074073
-0.0061159
-0.00608038
-0.00634943
-0.00633148
-0.00590182
-0.00773321
-0.00597662
-0.00602733
-0.00675994
-0.0070268
-0.00714609
-0.00597262
-0.00742277
-0.00742455
-0.00723101
-0.00764462
-0.0057076
-0.00595964
-0.00714222
-0.00625116
-0.00731664
-0.00682036
-0.00740019
-0.00690405
-0.0068211
-0.00664941
-0.00727748
-0.00825226
-0.00674708
-0.00667269
-0.00658249
-0.00666216
-0.00656447
-0.00648916
-0.00632263
-0.00639552
-0.00653031
-0.00645672
-0.00734203
-0.00692062
-0.00801944
-0.00477728
-0.0067655
-0.00657477
-0.0061598
-0.00564985
-0.0067512
-0.0056917
-0.00558744
-0.0079757
-0.00753699
-0.00779264
-0.00761534
-0.00774746
-0.00759882
-0.00764594
-0.00807401
-0.00779077
-0.00814196
-0.00834492
-0.00781467
-0.00743251
-0.00665576
-0.00763858
-0.00754689
-0.00813632
-0.0085127
-0.00730317
-0.00698386
-0.00598434
-0.00806304
-0.0116832
-0.00773227
-0.00743828
-0.00815795
-0.00785652
-0.00744588
-0.00792897
-0.0115695
-0.00704233
-0.00803236
-0.00847785
-0.00745219
-0.00642651
-0.00806462
-0.00762712
-0.0078813
-0.00786198
-0.00737057
-0.00773399
-0.00805684
-0.00774903
-0.00729635
-0.00813246
-0.00821589
-0.00700504
-0.00735234
-0.00904552
-0.00716931
-0.00714551
-0.00717392
-0.00751151
-0.007293
-0.00790036
-0.00753807
-0.00603793
-0.00748787
-0.00736483
-0.00742196
-0.00656571
-0.00804441
-0.00804164
-0.0079009
-0.00835682
-0.00807204
-0.00590313
-0.00788372
-0.00725608
-0.00743627
-0.00768523
-0.00817829
-0.00782611
-0.00936017
-0.0084814
-0.00767121
-0.00780337
-0.00747279
-0.00788185
-0.00765092
-0.00920239
-0.00829292
-0.00731057
-0.00757659
-0.00809676
-0.00782096
-0.00788001
-0.00816242
-0.0076556
-0.00806271
-0.00810945
-0.00787424
-0.00765963
-0.00757222
-0.00784848
-0.0074961
-0.0077355
-0.00788111
-0.00755199
-0.00730332
-0.00825617
-0.00775427
-0.00806017
-0.00756536
-0.00758973
-0.00930651
-0.00900361
-0.00868292
-0.0081146
-0.00834339
-0.00907727
-0.00928053
-0.00711369
-0.00634795
-0.00726636
-0.00686139
-0.00688017
-0.00660308
-0.00712961
-0.00944109
-0.00821572
-0.00787451
-0.00716322
-0.00717615
-0.00822205
-0.00725942
-0.00659744
-0.0079111
-0.00870283
-0.0086066
-0.00909247
-0.00780777
-0.00776255
-0.00751018
-0.00702765
-0.00703498
-0.00718937
-0.00767057
-0.00711572
-0.0075242
-0.00761961
-0.00678391
-0.00772673
-0.00673064
-0.00695953
-0.00700666
-0.00735306
-0.00717598
-0.00668858
-0.0069621
-0.00664162
-0.00690978
-0.00696426
-0.00664731
-0.00710926
-0.00646213
-0.0074017
-0.00717149
-0.00697219
-0.00631745
-0.00636498
-0.0070375
-0.00627082
-0.00661227
-0.00603714
-0.00602868
-0.00633079
-0.00672105
-0.00681092
-0.00675345
-0.00622086
-0.00626403
-0.00666853
-0.0065685
-0.00659436
-0.00765818
-0.0093046
-0.00688408
-0.00641217
-0.00660287
-0.00659169
-0.00916773
-0.00549377
-0.00565294
-0.00647009
-0.00614012
-0.00582286
-0.00615885
-0.00544874
-0.00720214
-0.00660563
-0.00643289
-0.00693627
-0.00614995
-0.00626949
-0.00598411
-0.00711004
-0.00671082
-0.00630126
-0.00632809
-0.00635549
-0.00689
-0.00654546
-0.0064878
-0.00611327
-0.00569977
-0.00549787
-0.00547455
-0.00596483
-0.00549736
-0.00767813
-0.00714269
-0.00593508
-0.00620088
-0.00588802
-0.00754554
-0.00657078
-0.0057641
-0.00614153
-0.00587274
-0.00659026
-0.00681392
-0.00583021
-0.00580847
-0.00624512
-0.00616788
-0.00637565
-0.00645098
-0.00681687
-0.00722187
-0.00594361
-0.00610965
-0.00607854
-0.00595423
-0.00660488
-0.00678512
-0.00728536
-0.00554377
-0.00606761
-0.00605394
-0.00704542
-0.00621836
-0.0062008
-0.00609677
-0.00685645
-0.00629756
-0.00618382
-0.00612819
-0.00673501
-0.00595601
-0.00688656
-0.00704892
-0.00595211
-0.0062282
-0.00603953
-0.00579584
-0.00593118
-0.00606076
-0.00649574
-0.005052
-0.00545841
-0.00480837
-0.00422405
-0.00544929
-0.00495975
-0.00504027
-0.00502531
-0.00300856
-0.0056235
-0.00803482
-0.00550547
-0.00450736
-0.00651923
-0.00590895
-0.00485457
-0.00457708
-0.00549138
-0.005833
-0.00465773
-0.00522786
-0.00459832
-0.00440827
-0.00406007
-0.00450803
-0.00483819
-0.00457598
-0.00372814
-0.00485959
-0.00439832
-0.00431147
-0.00335049
-0.00443406
-0.00436582
-0.00315126
-0.00491628
-0.00826844
-0.00467604
-0.00386485
-0.00492477
-0.00635073
-0.00267907
-0.00409146
-0.00749234
-0.00578435
-0.00822734
-0.00487163
-0.00461085
-0.00694935
-0.00647701
-0.00661139
-0.00545328
-0.00441342
-0.00611925
-0.00437444
-0.00467566
-0.00430395
-0.00528114
-0.00480242
-0.00590355
-0.00495415
-0.00578976
-0.00511953
-0.00656119
-0.00578132
-0.00500053
-0.00610231
-0.00499701
-0.00626186
-0.00600061
-0.00444259
-0.00505777
-0.00650762
-0.00727071
-0.00519791
-0.00710383
-0.0046313
-0.00418423
-0.00451204
-0.00531009
-0.006373
-0.00543856
-0.00371043
-0.00657601
-0.00563645
-0.00556818
-0.00659432
-0.0059806
-0.00576542
-0.00555669
-0.0059842
-0.00569083
-0.00560128
-0.00661155
-0.00542086
-0.00553091
-0.00568249
-0.00562556
-0.00554109
-0.00584994
-0.00567768
-0.00611033
-0.00544848
-0.00566883
-0.0060655
-0.00684541
-0.00506904
-0.00523239
-0.00739967
-0.0055614
-0.00730981
-0.00748482
-0.00619105
-0.00520701
-0.00631852
-0.00681812
-0.00571768
-0.00526669
-0.0070346
-0.00539618
-0.00533503
-0.00634545
-0.00455433
-0.00577256
-0.00472198
-0.00581582
-0.0060352
-0.00457379
-0.00463701
-0.00600363
-0.0045372
-0.00669881
-0.0055103
-0.0064366
-0.00600385
-0.00472205
-0.00412232
-0.00682503
-0.00428201
-0.00586038
-0.00664094
-0.00490872
-0.00511715
-0.00671314
-0.00682307
-0.00462478
-0.00693875
-0.00541921
-0.00458508
-0.00442
-0.00456001
-0.00426378
-0.00525678
-0.00491163
-0.00674193
-0.00496316
-0.00485663
-0.00646664
-0.00477884
-0.0073562
-0.00615584
-0.00624971
-0.00558578
-0.00501878
-0.00458898
-0.00553871
-0.00461087
-0.00607667
-0.006518
-0.00495895
-0.00519161
-0.00480519
-0.0052127
-0.00460905
-0.00624586
-0.00684393
-0.00517747
-0.00487444
-0.00593047
-0.00489085
-0.00604949
-0.0067733
-0.00487754
-0.00508757
-0.00480021
-0.00540796
-0.0056845
-0.0049619
-0.00544732
-0.00376072
-0.00389688
-0.00459404
-0.00310092
-0.0042015
-0.00328177
-0.00393138
-0.00484292
-0.0047426
-0.00360816
-0.00336249
-0.0036046
-0.00480977
-0.00476021
-0.0053047
-0.00365915
-0.00379417
-0.00544219
-0.00388583
-0.00521295
-0.00538586
-0.00397821
-0.0041559
-0.00361831
-0.00350158
-0.00404651
-0.00370066
-0.00323275
-0.00431279
-0.00390003
-0.00392041
-0.00234861
-0.00390571
-0.00348119
-0.00303311
-0.00551264
-0.00348759
-0.00300451
-0.00481938
-0.00619313
-0.00331836
-0.00519552
-0.00396435
-0.00381449
-0.0038988
-0.0052344
-0.00330012
-0.00373907
-0.00832962
-0.00309154
-0.00422263
-0.00379522
-0.00318152
-0.00435873
-0.00307319
-0.00259677
-0.00282756
-0.00335711
-0.00348798
-0.00383341
-0.00332698
-0.00381992
-0.00283752
-0.00289495
-0.00404134
-0.00374707
-0.00355015
-0.00345226
-0.0039933
-0.00299586
-0.00311677
-0.00351102
-0.00442533
-0.00212768
-0.00433804
-0.00222547
-0.00316128
-0.00198686
-0.00372842
-0.0043523
-0.00238971
-0.00377173
-0.00171686
-0.0027547
-0.000817829
-0.00272697
-0.00441989
-0.00339306
-0.00352668
-0.00268283
-0.000573349
-0.00141209
-0.00387721
-0.00429505
-0.00235707
-0.00381364
-0.00251249
-0.00261966
-0.00175278
-0.00432326
-0.00346531
-0.00275556
-0.00351511
-0.0026277
-0.00169423
-0.00714831
-0.00501738
-0.0025364
-0.00459921
-0.00469724
-0.00576251
-0.00734886
-0.0071401
-0.00119833
-0.00526185
-0.00808543
-0.00459882
-0.00561734
-0.00845114
-0.00347992
-0.0055985
-0.00166972
-0.00727835
-0.00472975
-0.00635323
-0.00261585
-0.0101547
0.00132061
0.000792068
-0.00737538
-0.00734545
0.000959352
-0.0104482
-0.00290315
-0.0086526
-0.00760059
-0.00122031
-0.00710781
-0.00159816
-0.00261202
-0.00382808
-0.00740397
-0.00517648
-0.00771964
-0.00331694
-0.00381533
-0.00856261
-0.00828144
-0.0100803
-0.00251939
-0.00034126
-0.00851157
-0.0099538
-0.000526964
-0.0074381
-0.00371344
-0.00717721
-0.00457401
-0.00734026
-0.00847335
-0.00104293
-0.00444143
-0.0050573
-0.00650648
-0.00727089
-0.00710117
-0.00519678
-0.00463215
-0.00656183
-0.00577812
-0.00498767
-0.00610625
-0.00600189
-0.00499512
-0.00625808
-0.00418439
-0.00451717
-0.00637729
-0.00531622
-0.00657821
-0.00543962
-0.00371298
-0.00430123
-0.00527877
-0.00475748
-0.00592052
-0.00578006
-0.00510079
-0.00496453
-0.00728809
-0.00572232
-0.00641042
-0.00625142
-0.00610927
-0.00583152
-0.00609456
-0.00693914
-0.00637958
-0.00621843
-0.00655342
-0.00687241
-0.00588873
-0.00607972
-0.00692827
-0.00491806
-0.00497904
-0.0068204
-0.00481393
-0.00638938
-0.00753601
-0.00639652
-0.00563756
-0.00457989
-0.00501298
-0.00459307
-0.00617409
-0.00564258
-0.00702523
-0.004958
-0.0048684
-0.00643858
-0.00486733
-0.00692988
-0.00645446
-0.00669775
-0.00499244
-0.00518445
-0.00488137
-0.00464961
-0.00533559
-0.00636372
-0.00528304
-0.00503664
-0.00491308
-0.00577501
-0.00519132
-0.00569294
-0.00534347
-0.0045858
-0.00355812
-0.0052608
-0.00490365
-0.00460691
-0.00513342
-0.00371286
-0.00519416
-0.00524569
-0.00545718
-0.00584709
-0.00533539
-0.0053621
-0.0056625
-0.00475924
-0.0048866
-0.00497025
-0.0040937
-0.00507196
-0.00495302
-0.00388802
-0.00690291
-0.00524982
-0.00508149
-0.00764262
-0.00557291
-0.00760053
-0.00743011
-0.00542471
-0.00535425
-0.0063476
-0.0045866
-0.00473855
-0.00578111
-0.00587465
-0.00621885
-0.0052225
-0.00634761
-0.00682354
-0.00573589
-0.00708618
-0.00527629
-0.00613664
-0.00465618
-0.00461398
-0.00626424
-0.00448302
-0.00555055
-0.00686283
-0.00649509
-0.00598188
-0.0040851
-0.00470107
-0.00425902
-0.00582687
-0.00684364
-0.00551532
-0.00464832
-0.00448732
-0.00448105
-0.00432854
-0.00517778
-0.00483704
-0.00671326
-0.00490184
-0.00511746
-0.00673712
-0.00460048
-0.00700394
-0.0068417
-0.00309694
-0.00389111
-0.00436102
-0.00318692
-0.00457314
-0.00256714
-0.00303701
-0.00289274
-0.00285187
-0.00395721
-0.00431252
-0.00408659
-0.00283911
-0.00293709
-0.0031819
-0.00357649
-0.00453833
-0.00209515
-0.00457455
-0.00319615
-0.00219878
-0.00287847
-0.00422583
-0.00451725
-0.00296791
-0.00424958
-0.00288829
-0.00290499
-0.00195727
-0.00447858
-0.00373725
-0.00244267
-0.00382669
-0.00275471
-0.00171534
-0.000859568
-0.00276024
-0.0034081
-0.00448756
-0.000591125
-0.00357398
-0.00274286
-0.00177998
-0.00441959
-0.00347577
-0.00266775
-0.00168624
-0.00358248
-0.00274067
-0.00140451
-0.00387657
-0.00425556
-0.00230625
-0.00384588
-0.00246765
-0.00265072
-0.00369164
-0.00464586
-0.00386725
-0.00313702
-0.00419364
-0.00390777
-0.00323987
-0.00479554
-0.00470952
-0.00342656
-0.00357555
-0.00470351
-0.00358501
-0.00478172
-0.00380773
-0.00418355
-0.0036961
-0.00330579
-0.0035858
-0.0040045
-0.00311801
-0.00526075
-0.00365397
-0.0037807
-0.00544324
-0.00388851
-0.00537095
-0.00520359
-0.00428
-0.0039392
-0.00390029
-0.0023805
-0.00389017
-0.00300965
-0.00344448
-0.00393821
-0.0038164
-0.00388193
-0.00519873
-0.00329536
-0.0036956
-0.00830384
-0.00550191
-0.00347761
-0.00298991
-0.00481249
-0.00330799
-0.00518847
-0.00617373
-0.00344303
-0.00560335
-0.00729998
-0.00166856
-0.00634928
-0.00476363
-0.00251748
-0.0101435
0.00133564
-0.00740507
0.000821239
0.00101939
-0.0104466
-0.00739851
-0.00288475
-0.0086755
-0.00760856
-0.00119238
-0.00711849
-0.00261058
-0.00152159
-0.00714973
-0.00501328
-0.00460771
-0.00256143
-0.00577371
-0.00469016
-0.00734095
-0.00713484
-0.00121097
-0.00525748
-0.00808643
-0.0045974
-0.00844614
-0.00561195
-0.007907
-0.00296379
-0.00660061
-0.00651707
-0.00603896
-0.00777748
-0.00407288
-0.0057854
-0.00615061
-0.00660652
-0.00596555
-0.0058607
-0.00582002
-0.00684464
-0.00613306
-0.0060634
-0.00596488
-0.00659606
-0.00681892
-0.00555517
-0.0072754
-0.00624794
-0.00623825
-0.00639932
-0.00651457
-0.00596735
-0.00681884
-0.00730493
-0.00675882
-0.00672679
-0.006353
-0.00643236
-0.00698793
-0.00613247
-0.00635912
-0.00720119
-0.00663363
-0.00646947
-0.00699883
-0.00616966
-0.00630956
-0.00604614
-0.00711134
-0.00668681
-0.00634004
-0.00632873
-0.00636683
-0.00653932
-0.00684245
-0.00696446
-0.00617966
-0.00768608
-0.00744716
-0.00634973
-0.00649492
-0.00695989
-0.00687586
-0.00725785
-0.00631892
-0.00646874
-0.00611248
-0.00699834
-0.00592432
-0.00605517
-0.00605682
-0.00621195
-0.0069952
-0.00608434
-0.00619609
-0.00685366
-0.00627486
-0.00616888
-0.00674951
-0.00611131
-0.00704241
-0.00591826
-0.00687868
-0.00592658
-0.00621901
-0.00600072
-0.00579345
-0.00603258
-0.00651438
-0.00590251
-0.00568134
-0.00533481
-0.00541632
-0.00495868
-0.00573611
-0.00541332
-0.00511136
-0.00532273
-0.00494519
-0.00578566
-0.00497736
-0.00552159
-0.0049815
-0.00609613
-0.0053889
-0.00490098
-0.00524343
-0.00466128
-0.00537547
-0.00502261
-0.00516182
-0.00503376
-0.0054432
-0.00420473
-0.00479246
-0.00494516
-0.00542441
-0.005027
-0.00501045
-0.00299969
-0.00560239
-0.00801984
-0.00450618
-0.00650774
-0.00548859
-0.00409149
-0.00750664
-0.0057927
-0.0082339
-0.00487852
-0.00694945
-0.004616
-0.00648087
-0.00661234
-0.00439551
-0.00545779
-0.00612076
-0.00468611
-0.00437664
-0.00457551
-0.00545821
-0.00510495
-0.0072451
-0.00539917
-0.00490345
-0.00439766
-0.0048326
-0.00455325
-0.00549821
-0.00555978
-0.00528992
-0.00521261
-0.00514709
-0.00591049
-0.00484854
-0.00549703
-0.00458226
-0.00584444
-0.00522928
-0.00465175
-0.00715761
-0.00666424
-0.00696488
-0.00663325
-0.00694534
-0.00690075
-0.00662261
-0.00763083
-0.00675624
-0.00773215
-0.00674739
-0.00735315
-0.00694639
-0.00702113
-0.00706696
-0.00642638
-0.00717563
-0.00739692
-0.00634781
-0.00698621
-0.00628359
-0.00546284
-0.00563929
-0.00644638
-0.00612023
-0.00612718
-0.00580436
-0.0054276
-0.00644535
-0.00646439
-0.00594208
-0.00563376
-0.0064894
-0.00634506
-0.00619045
-0.00614571
-0.00647921
-0.00568871
-0.0048799
-0.00633755
-0.00585648
-0.00650915
-0.00480008
-0.00458504
-0.00480752
-0.00436228
-0.00492097
-0.00538633
-0.00524239
-0.00470675
-0.00485256
-0.00482198
-0.0045799
-0.00474394
-0.00530597
-0.00514251
-0.00506051
-0.00514681
-0.00559874
-0.00510168
-0.0053164
-0.00541357
-0.00552486
-0.00493599
-0.00462594
-0.00465197
-0.00522013
-0.00539182
-0.00513697
-0.00534583
-0.00454395
-0.00489981
-0.00503244
-0.0046881
-0.00496189
-0.00523795
-0.00502582
-0.00550371
-0.00513367
-0.00427354
-0.00513828
-0.00521281
-0.00534266
-0.00512277
-0.00622062
-0.00649745
-0.00667514
-0.00668108
-0.00691451
-0.00692246
-0.00642501
-0.00723535
-0.00739668
-0.00681914
-0.00676696
-0.00719174
-0.0071376
-0.00707237
-0.00660491
-0.00650181
-0.00717343
-0.00645727
-0.00683806
-0.00685085
-0.00710356
-0.00625203
-0.00716895
-0.00646396
-0.00646635
-0.00657801
-0.00670772
-0.00678699
-0.00650813
-0.00551239
-0.00627071
-0.00657798
-0.0069799
-0.0067887
-0.00635667
-0.00688595
-0.00664638
-0.00725965
-0.00658137
-0.00678386
-0.00694564
-0.00668216
-0.00737305
-0.00773274
-0.00754375
-0.00776533
-0.00721749
-0.00735645
-0.00737784
-0.00769354
-0.00801096
-0.00783491
-0.00783789
-0.00745592
-0.00753364
-0.00760774
-0.00706781
-0.00723148
-0.00711986
-0.00711514
-0.00723238
-0.00708367
-0.00715855
-0.00712916
-0.00656767
-0.0068385
-0.00699086
-0.00724303
-0.00664506
-0.00715776
-0.00687646
-0.00688044
-0.00682805
-0.00679989
-0.00666602
-0.00676199
-0.00671602
-0.00587203
-0.0054787
-0.0057911
-0.00578728
-0.00570493
-0.0059575
-0.00608225
-0.00636389
-0.00522805
-0.00720932
-0.00689931
-0.00534563
-0.00601883
-0.00536222
-0.00593601
-0.00434993
-0.00549618
-0.00546908
-0.00453348
-0.0050053
-0.00568376
-0.00482407
-0.00622543
-0.00550115
-0.0078283
-0.00606407
-0.00628494
-0.00522002
-0.00634909
-0.00673722
-0.00664856
-0.00661382
-0.00656672
-0.00675602
-0.00667745
-0.005505
-0.00588311
-0.00581119
-0.00579992
-0.00573767
-0.00596857
-0.00609734
-0.00800959
-0.00458167
-0.00468604
-0.00486436
-0.00575442
-0.0055835
-0.00678637
-0.0066608
-0.00680864
-0.00702098
-0.00623906
-0.00685047
-0.00679388
-0.00690479
-0.00780697
-0.00798199
-0.00811761
-0.00785242
-0.00815607
-0.00802313
-0.00802485
-0.00656576
-0.00712945
-0.00683244
-0.00699732
-0.00726101
-0.00665106
-0.00716698
-0.00856343
-0.00892494
-0.010047
-0.00892788
-0.00860932
-0.00879963
-0.00874093
-0.00919107
-0.0101496
-0.00864621
-0.00896695
-0.0103281
-0.00935231
-0.00932358
-0.00868254
-0.00787814
-0.00840703
-0.00860925
-0.00864312
-0.00781289
-0.00848876
-0.00706798
-0.00742661
-0.00687762
-0.00762633
-0.00725066
-0.00767794
-0.00739345
-0.00888717
-0.00879662
-0.00893807
-0.00895282
-0.00897217
-0.00915938
-0.00877537
-0.00810364
-0.00848717
-0.00835164
-0.00847673
-0.00837227
-0.0086622
-0.00855886
-0.00720357
-0.00674724
-0.00727378
-0.00739899
-0.00690121
-0.00689926
-0.00732487
-0.00639988
-0.00713806
-0.00685999
-0.00719215
-0.00727309
-0.00684289
-0.00708716
-0.00800541
-0.00602488
-0.00657095
-0.00596809
-0.00740288
-0.00732909
-0.00741772
-0.00662778
-0.00768257
-0.00742916
-0.00752023
-0.00814331
-0.00803773
-0.0070054
-0.00657089
-0.00617772
-0.00627457
-0.00610843
-0.00642419
-0.00617927
-0.00624751
-0.00714016
-0.00667781
-0.00672707
-0.00653817
-0.00660278
-0.00652146
-0.00667612
-0.00739003
-0.00769578
-0.00777933
-0.00766887
-0.00784674
-0.00745559
-0.00767329
-0.00675559
-0.00719432
-0.0072781
-0.00691143
-0.00739279
-0.0068935
-0.00730382
-0.0080488
-0.00912678
-0.00917551
-0.00837361
-0.00802169
-0.00815987
-0.00847226
-0.00812712
-0.00881294
-0.00862948
-0.00765947
-0.00957187
-0.0080662
-0.00803608
-0.00687431
-0.00801861
-0.00828893
-0.0083583
-0.00751876
-0.00805748
-0.00798328
-0.00848581
-0.00809121
-0.00814755
-0.00854682
-0.0082249
-0.00846544
-0.00841911
-0.00809833
-0.00806298
-0.00836834
-0.00844442
-0.00804091
-0.00837047
-0.00837058
-0.00429458
-0.00485073
-0.00489637
-0.00469788
-0.00416597
-0.0042601
-0.00443059
-0.00452412
-0.00448352
-0.00528836
-0.00474469
-0.00489927
-0.00486923
-0.00490047
-0.00439504
-0.00421807
-0.00419967
-0.00474241
-0.00427572
-0.00468302
-0.00436902
-0.00437577
-0.00472706
-0.00480402
-0.00521752
-0.00423221
-0.00488831
-0.00488271
-0.00458954
-0.0045538
-0.00445166
-0.0046539
-0.00464586
-0.00455417
-0.00480825
-0.00741132
-0.00735219
-0.00752629
-0.00744161
-0.00736184
-0.00746932
-0.00741658
-0.00759075
-0.0074888
-0.00770486
-0.00748664
-0.00748846
-0.00750476
-0.00758418
-0.00889511
-0.00893926
-0.00891006
-0.00912026
-0.00931223
-0.00913432
-0.00890688
-0.00866165
-0.00871734
-0.00872987
-0.00865105
-0.00861285
-0.00901865
-0.0090781
-0.0086577
-0.00865152
-0.00857582
-0.00869818
-0.00851413
-0.00868534
-0.00867492
-0.00865148
-0.00877074
-0.00876573
-0.00895127
-0.00875037
-0.00861212
-0.0089906
-0.00862183
-0.00856407
-0.00850991
-0.0087051
-0.00859211
-0.00868199
-0.00872719
-0.00534368
-0.00530093
-0.00573729
-0.00507903
-0.00576778
-0.00564107
-0.00555549
-0.00524611
-0.00506838
-0.00541452
-0.004941
-0.00557043
-0.00527547
-0.00528417
-0.0076009
-0.00760606
-0.00726941
-0.00744529
-0.0074113
-0.00723015
-0.00725762
-0.00748919
-0.00738899
-0.00744298
-0.00736602
-0.00741766
-0.00733447
-0.00740025
-0.00872827
-0.00872538
-0.00865311
-0.00872876
-0.00870926
-0.00887163
-0.00891848
-0.00869147
-0.00863005
-0.00871713
-0.0086676
-0.00868198
-0.00884076
-0.00883586
-0.00793841
-0.00862802
-0.00755829
-0.00826198
-0.00762614
-0.00791418
-0.00774105
-0.00823934
-0.0082662
-0.00822538
-0.00847723
-0.00858253
-0.00815807
-0.00813081
-0.00781268
-0.0076189
-0.0077472
-0.00778466
-0.00794674
-0.00808966
-0.00788382
-0.00909398
-0.00807725
-0.00802427
-0.00846866
-0.00851421
-0.00785651
-0.00818568
-0.00814641
-0.00806562
-0.00782377
-0.00816588
-0.00809845
-0.00765542
-0.00783994
-0.00693774
-0.00689023
-0.00646902
-0.00710231
-0.00661272
-0.00670679
-0.00707036
-0.00660805
-0.00742072
-0.00682028
-0.0070349
-0.00697974
-0.00687848
-0.00659407
-0.00558236
-0.00563414
-0.00490757
-0.00579174
-0.00480926
-0.00523264
-0.00522677
-0.00556898
-0.00523566
-0.00615864
-0.0053621
-0.00571693
-0.00536262
-0.00552018
-0.00503352
-0.00514861
-0.00522408
-0.00533476
-0.00540968
-0.00558814
-0.00528467
-0.00638142
-0.00633552
-0.00497383
-0.00523248
-0.00646264
-0.00477758
-0.00507357
-0.00528266
-0.00512049
-0.00485984
-0.00492123
-0.0049138
-0.00519442
-0.00507626
-0.00474917
-0.00456175
-0.00476449
-0.00466714
-0.00482432
-0.00528716
-0.00538625
-0.00691595
-0.00658202
-0.00657901
-0.00670937
-0.00622253
-0.00684085
-0.00697925
-0.00652923
-0.00683701
-0.00707912
-0.00595809
-0.00678758
-0.00593229
-0.0065513
-0.00622925
-0.00591746
-0.00637638
-0.00568622
-0.00625731
-0.00607417
-0.0061931
-0.0065574
-0.00475525
-0.00550958
-0.00619605
-0.00640599
-0.00585525
-0.00658346
-0.00813156
-0.00779684
-0.00806128
-0.00807806
-0.00815395
-0.00764622
-0.00782803
-0.00693938
-0.00648544
-0.00689268
-0.00664933
-0.00712089
-0.00671133
-0.00707347
-0.00896627
-0.00920458
-0.00810986
-0.00919616
-0.00883583
-0.00877477
-0.00859319
-0.00895386
-0.0089752
-0.00900632
-0.00911311
-0.00908445
-0.00916934
-0.00891608
-0.00900187
-0.0090771
-0.00893496
-0.00895896
-0.00899405
-0.00905505
-0.00926829
-0.00899585
-0.00907119
-0.0089828
-0.0090251
-0.00872201
-0.00935865
-0.00876024
-0.00890797
-0.00875692
-0.00914765
-0.00900526
-0.00902914
-0.00899509
-0.00906807
-0.00897684
-0.00888817
-0.00893678
-0.00911613
-0.00918402
-0.00929541
-0.0089753
-0.00876929
-0.00869668
-0.00872401
-0.00894921
-0.00897486
-0.00902933
-0.00879642
-0.00882894
-0.00810201
-0.00831896
-0.00856681
-0.00830397
-0.00856355
-0.00866392
-0.00846365
-0.00826644
-0.00839911
-0.00853248
-0.00860782
-0.00872156
-0.00832286
-0.00818166
-0.00825537
-0.00851319
-0.00826981
-0.00863611
-0.00870065
-0.00850821
-0.00869381
-0.00848703
-0.00851185
-0.00863625
-0.00842634
-0.00883614
-0.00873962
-0.00828163
-0.00859262
-0.00813359
-0.00832298
-0.00833794
-0.00835618
-0.00831406
-0.00810549
-0.00876832
-0.00856126
-0.00856526
-0.00842195
-0.00886542
-0.00893321
-0.00754276
-0.00769337
-0.00750605
-0.00757541
-0.00735082
-0.00764701
-0.00754091
-0.00786547
-0.00762076
-0.00771293
-0.00771072
-0.00744346
-0.00804536
-0.0077916
-0.00727325
-0.00752259
-0.00703142
-0.0075241
-0.00728535
-0.00699314
-0.00732265
-0.00713766
-0.00698371
-0.00691099
-0.00705907
-0.00680743
-0.00699614
-0.006911
-0.00581837
-0.00606673
-0.00567161
-0.00576138
-0.00598467
-0.0060179
-0.00613821
-0.00618232
-0.00629753
-0.00634143
-0.00589705
-0.00608061
-0.00612271
-0.00615717
-0.00701747
-0.00522084
-0.00632776
-0.0050436
-0.00603247
-0.00567902
-0.00555209
-0.00662829
-0.00674287
-0.00704689
-0.00709672
-0.00641544
-0.00658011
-0.00646817
-0.00571336
-0.00663863
-0.005993
-0.00711675
-0.00638709
-0.00651776
-0.00611938
-0.00796572
-0.00685381
-0.00796638
-0.00586621
-0.00785362
-0.00582457
-0.00640731
-0.00628162
-0.00805012
-0.00673293
-0.00633155
-0.00756177
-0.00607146
-0.00665192
-0.00712578
-0.00689854
-0.00697231
-0.0070527
-0.00679961
-0.00699001
-0.00690691
-0.00583091
-0.0056825
-0.00607842
-0.00577192
-0.00599265
-0.00602844
-0.00614594
-0.00790152
-0.0076974
-0.00760431
-0.0076872
-0.00743641
-0.00804023
-0.00778858
-0.007273
-0.00703796
-0.00749335
-0.00744079
-0.00721107
-0.00701532
-0.0072993
-0.00647759
-0.00630416
-0.00639373
-0.00513624
-0.00748184
-0.00731637
-0.00678298
-0.00589588
-0.00621589
-0.0062964
-0.00510489
-0.00727264
-0.00628844
-0.00624256
-0.00588312
-0.00557635
-0.00590238
-0.0054961
-0.00644584
-0.00600337
-0.00568277
-0.0071687
-0.00709943
-0.00782801
-0.00659137
-0.00802987
-0.00721847
-0.00770149
-0.00681776
-0.00714384
-0.00780764
-0.00679102
-0.00799303
-0.00788109
-0.00786305
-0.007575
-0.00752647
-0.00754778
-0.00754744
-0.00691529
-0.00739108
-0.00761205
-0.00724124
-0.00701754
-0.00715944
-0.00721122
-0.00706248
-0.00725219
-0.0071908
-0.00737965
-0.0074668
-0.00874525
-0.00832816
-0.00736518
-0.00729494
-0.00723442
-0.00685304
-0.00717062
-0.00627876
-0.00669894
-0.00744533
-0.00701088
-0.00704478
-0.00852932
-0.00780941
-0.00760475
-0.00830043
-0.00751506
-0.00784468
-0.00789265
-0.00683456
-0.00727068
-0.00736454
-0.00657584
-0.00668014
-0.00670882
-0.00661864
-0.00631471
-0.00671786
-0.00714211
-0.00715499
-0.00658898
-0.0070132
-0.00672336
-0.00795279
-0.0064798
-0.00620178
-0.0055247
-0.00765328
-0.00609618
-0.00645949
-0.00424388
-0.00279527
-0.00474253
-0.00445901
-0.00443893
-0.00487995
-0.00461946
-0.0031195
-0.00450075
-0.00504758
-0.00452308
-0.00511605
-0.00449927
-0.00447746
-0.00765341
-0.00532038
-0.00721512
-0.0061576
-0.00745051
-0.00625149
-0.00617737
-0.00583026
-0.00812501
-0.00775581
-0.00641312
-0.00764999
-0.00760204
-0.00777922
-0.00759822
-0.00717427
-0.00633311
-0.00660003
-0.00655104
-0.00719211
-0.00681324
-0.00681651
-0.00641985
-0.00660288
-0.00672542
-0.00573561
-0.00644814
-0.00677826
-0.00768359
-0.00752224
-0.00856221
-0.00795884
-0.00827543
-0.00792808
-0.00799694
-0.00798372
-0.0078706
-0.0076982
-0.00804505
-0.00778306
-0.00786545
-0.00773144
-0.00586249
-0.00564289
-0.00558194
-0.00576128
-0.00610769
-0.00615076
-0.0059082
-0.00544184
-0.00628106
-0.00455109
-0.0056785
-0.00475156
-0.00502913
-0.0050177
-0.00431029
-0.00441808
-0.00463878
-0.00469214
-0.00438689
-0.00443199
-0.00427418
-0.00437877
-0.0053485
-0.00493428
-0.00527938
-0.00539631
-0.00590014
-0.00524298
-0.00442096
-0.00427071
-0.00444804
-0.00452619
-0.0044028
-0.00430291
-0.00451829
-0.00508541
-0.00477336
-0.00486504
-0.00448203
-0.00541033
-0.0053139
-0.005103
-0.00427428
-0.00454729
-0.00589648
-0.00449167
-0.00573738
-0.00532903
-0.00534051
-0.00622419
-0.0060237
-0.00658042
-0.00622772
-0.00628169
-0.00628624
-0.00623715
-0.00582335
-0.00563238
-0.00581091
-0.0056551
-0.00587961
-0.00596717
-0.00617462
-0.00577249
-0.00570225
-0.0057503
-0.00613942
-0.00595318
-0.00641336
-0.00604161
-0.00682685
-0.00592233
-0.00604303
-0.00567555
-0.00587905
-0.00632088
-0.00591089
-0.00525483
-0.00474225
-0.0048338
-0.00564126
-0.0051403
-0.0055838
-0.00521378
-0.00447937
-0.00535672
-0.00477528
-0.00532552
-0.00509954
-0.00530962
-0.00527218
-0.00411239
-0.00478617
-0.00571236
-0.00454931
-0.00505223
-0.00508021
-0.00516518
-0.00417817
-0.00371149
-0.0036118
-0.00436058
-0.00354058
-0.00441724
-0.00434825
-0.00317882
-0.00403248
-0.00470702
-0.00486945
-0.00313484
-0.0051333
-0.00479445
-0.00464833
-0.00466052
-0.00408116
-0.00474003
-0.00463405
-0.00478679
-0.00488634
-0.00496585
-0.00498476
-0.00533816
-0.00551394
-0.00561436
-0.00543536
-0.00518286
-0.0050809
-0.00557544
-0.00595236
-0.00565807
-0.0057679
-0.00565148
-0.00577974
-0.00606802
-0.00640074
-0.00660076
-0.00602207
-0.00669208
-0.0067138
-0.00648495
-0.00561636
-0.00565934
-0.00594446
-0.00550639
-0.00617003
-0.00612993
-0.00581339
-0.00693445
-0.00686463
-0.0064553
-0.00680052
-0.00644497
-0.00655917
-0.00650239
-0.00629938
-0.00675238
-0.00635439
-0.00663118
-0.00622668
-0.00656517
-0.00662219
-0.00758486
-0.00720668
-0.00669483
-0.00709525
-0.00649288
-0.00633515
-0.00652634
-0.0061604
-0.00629025
-0.0063041
-0.00650774
-0.00630569
-0.00652693
-0.0064447
-0.00598355
-0.00440773
-0.00563241
-0.00436205
-0.00588618
-0.00472037
-0.00457573
-0.00467448
-0.00497701
-0.0050406
-0.00493674
-0.00475577
-0.00483946
-0.00461013
-0.00436797
-0.00500707
-0.00542397
-0.00499464
-0.00553402
-0.00536769
-0.00510758
-0.00532036
-0.00493266
-0.00506942
-0.00505046
-0.00443022
-0.00492092
-0.00472941
-0.00473786
-0.0046244
-0.0049643
-0.00546568
-0.00417924
-0.00510036
-0.00449364
-0.00389286
-0.00605144
-0.00488316
-0.00582501
-0.00467998
-0.00532071
-0.00540143
-0.004142
-0.00465041
-0.00475332
-0.00480879
-0.00456295
-0.00450016
-0.00420814
-0.00642401
-0.00633227
-0.00617056
-0.00651248
-0.00637618
-0.00664242
-0.00631425
-0.00648777
-0.00629616
-0.00558635
-0.00627133
-0.00562836
-0.00627482
-0.0062569
-0.00600483
-0.00636045
-0.00564931
-0.00596454
-0.00597724
-0.00589456
-0.00588493
-0.0070258
-0.0065544
-0.00584873
-0.00669927
-0.0061539
-0.00556806
-0.00614527
-0.00541405
-0.00554845
-0.00555727
-0.00591456
-0.00564662
-0.00589801
-0.00582845
-0.00613478
-0.00617865
-0.00559085
-0.00582204
-0.0056473
-0.00629917
-0.00613991
-0.00578724
-0.00555869
-0.00557449
-0.00567925
-0.00560744
-0.00654109
-0.00661391
-0.00462361
-0.00473597
-0.00496391
-0.00546296
-0.0041775
-0.00509666
-0.00449192
-0.00389353
-0.00603598
-0.00488392
-0.00582122
-0.0046783
-0.00531866
-0.00539878
-0.00440591
-0.00598172
-0.00563397
-0.00436029
-0.00588587
-0.00472057
-0.00457572
-0.0046738
-0.00503795
-0.00497557
-0.00475534
-0.00493778
-0.0048394
-0.00460833
-0.00531891
-0.00493074
-0.00506818
-0.00505093
-0.00442881
-0.00492045
-0.00472888
-0.00436543
-0.00500402
-0.00542487
-0.00553156
-0.0053658
-0.00499589
-0.00510695
-0.00413918
-0.00475029
-0.00464548
-0.00480568
-0.00456031
-0.00420549
-0.0044971
-0.00642191
-0.00616841
-0.00632971
-0.00651003
-0.00637433
-0.00631213
-0.00664069
-0.00617778
-0.00613336
-0.00559007
-0.0058211
-0.00564696
-0.00629842
-0.00613895
-0.00578746
-0.00555854
-0.00557445
-0.00567906
-0.00560742
-0.00654077
-0.0066138
-0.00629415
-0.00648348
-0.00558474
-0.00626833
-0.00562612
-0.00627281
-0.00625536
-0.00600313
-0.00564747
-0.00635881
-0.00596268
-0.00597524
-0.00589286
-0.0058834
-0.00541245
-0.00554615
-0.00555553
-0.00591193
-0.00564523
-0.00589591
-0.00582646
-0.00702223
-0.00655169
-0.00584979
-0.00669637
-0.00556703
-0.00615274
-0.00614397
-0.00478282
-0.00410497
-0.00570827
-0.00454406
-0.00504661
-0.00507735
-0.00516207
-0.00417499
-0.00360747
-0.00370636
-0.0035355
-0.00435711
-0.00441433
-0.00434532
-0.00464521
-0.00465697
-0.00407722
-0.00473798
-0.00463098
-0.00488464
-0.00478351
-0.00316779
-0.00402473
-0.00469931
-0.00312756
-0.00486481
-0.0051257
-0.00479249
-0.00498532
-0.00495989
-0.00533434
-0.00551073
-0.00561142
-0.00543265
-0.00517999
-0.00508128
-0.00557264
-0.00595126
-0.00565628
-0.00576658
-0.0056499
-0.00577862
-0.006401
-0.00607016
-0.00660229
-0.00602297
-0.00669419
-0.00671463
-0.00648541
-0.00561815
-0.00565639
-0.00594526
-0.0055068
-0.00617183
-0.00613085
-0.00581317
-0.00686423
-0.00693471
-0.00645687
-0.006798
-0.00644441
-0.00655757
-0.00650227
-0.00629772
-0.00635174
-0.0067466
-0.00662733
-0.00622582
-0.00656318
-0.00662042
-0.00615876
-0.00628829
-0.00630197
-0.00650647
-0.00630481
-0.00644336
-0.00652659
-0.00756647
-0.00719879
-0.00669325
-0.00708817
-0.00649
-0.00633296
-0.00652363
-0.00855021
-0.00776682
-0.00748724
-0.00790478
-0.00796786
-0.00805726
-0.00795282
-0.00787198
-0.00759207
-0.00776102
-0.00764266
-0.0078044
-0.00785333
-0.00766241
-0.0080538
-0.00802983
-0.00800105
-0.00804108
-0.00799012
-0.00790858
-0.00793496
-0.00810523
-0.00776362
-0.00775796
-0.00781847
-0.00778409
-0.00764072
-0.00774486
-0.00773821
-0.00796453
-0.00773044
-0.00754097
-0.00756943
-0.00752967
-0.00754245
-0.00737638
-0.0072689
-0.007058
-0.00743358
-0.00751101
-0.00750992
-0.00757225
-0.00728599
-0.00744827
-0.00753627
-0.00710933
-0.00728468
-0.00734207
-0.00754651
-0.0073391
-0.00757591
-0.00748745
-0.00715418
-0.00753281
-0.00780831
-0.00793413
-0.00840719
-0.00838859
-0.00630623
-0.007863
-0.00814775
-0.00632383
-0.00759096
-0.00774841
-0.00797129
-0.00736442
-0.00655775
-0.0075945
-0.00720352
-0.00724633
-0.00723738
-0.00581424
-0.00779764
-0.00652366
-0.00670182
-0.00702788
-0.00661343
-0.0071976
-0.00763692
-0.00725042
-0.00629696
-0.00717942
-0.00639054
-0.00703981
-0.00633081
-0.00649449
-0.00603633
-0.0054913
-0.00658897
-0.00608382
-0.00626023
-0.00669229
-0.0048363
-0.00553864
-0.00587387
-0.00650525
-0.00605439
-0.00676121
-0.00757707
-0.00880049
-0.00871319
-0.00910077
-0.00891306
-0.00952835
-0.00783766
-0.00822135
-0.00653435
-0.00682343
-0.00799386
-0.00611467
-0.00798879
-0.00779293
-0.00830167
-0.00854539
-0.00780838
-0.00801184
-0.00807634
-0.00789377
-0.00790819
-0.00847349
-0.00775605
-0.00804634
-0.00802872
-0.00744077
-0.00763613
-0.00813628
-0.00622244
-0.00650815
-0.00668506
-0.00692373
-0.00668601
-0.00692679
-0.00643196
-0.00724297
-0.00682735
-0.00740186
-0.00719948
-0.00677168
-0.00714199
-0.0070771
-0.00673901
-0.00701235
-0.00671722
-0.00680785
-0.00675695
-0.00696745
-0.00679589
-0.0070398
-0.00689275
-0.00706095
-0.00688117
-0.00703068
-0.00700322
-0.00696008
-0.00646821
-0.00540784
-0.00626688
-0.00683555
-0.00652986
-0.00679999
-0.00635511
-0.00622237
-0.00717234
-0.00648666
-0.00647546
-0.0065323
-0.00664787
-0.00678238
-0.00709521
-0.00729406
-0.00667309
-0.00691832
-0.00652836
-0.00678416
-0.00665141
-0.00695269
-0.00711728
-0.00712812
-0.00719668
-0.00691647
-0.0070589
-0.00693638
-0.00692637
-0.00756234
-0.0069598
-0.00734651
-0.00735522
-0.00732151
-0.00678384
-0.00686096
-0.00785694
-0.0067722
-0.00735093
-0.00653252
-0.00661154
-0.00645061
-0.00629124
-0.006173
-0.00647237
-0.00674776
-0.00640877
-0.00644822
-0.00644285
-0.00623173
-0.00643828
-0.00640997
-0.00525367
-0.00720697
-0.0070555
-0.00674319
-0.00564437
-0.00572202
-0.00603901
-0.00484166
-0.00701278
-0.00633809
-0.00609327
-0.00591389
-0.00588168
-0.00587194
-0.0053452
-0.00626929
-0.00625768
-0.00609586
-0.00563325
-0.00534416
-0.00640623
-0.00712885
-0.00606809
-0.00622537
-0.00599874
-0.00715461
-0.00736114
-0.00627787
-0.00466994
-0.00758437
-0.00508429
-0.00574652
-0.00571723
-0.00779037
-0.00561836
-0.00561595
-0.00754155
-0.00479615
-0.00594623
-0.00563192
-0.00747897
-0.00638375
-0.00683521
-0.00929601
-0.00733963
-0.00601662
-0.00628025
-0.00484671
-0.00597945
-0.00568182
-0.00570312
-0.00562455
-0.0060885
-0.0050102
-0.00555362
-0.00721942
-0.00540297
-0.00640508
-0.00618721
-0.00633082
-0.00850043
-0.00475265
-0.0049318
-0.00541171
-0.00623311
-0.00610736
-0.00710555
-0.00504611
-0.00558213
-0.0051351
-0.00529969
-0.00508711
-0.00539589
-0.00550782
-0.00454374
-0.00488843
-0.00502956
-0.00495058
-0.00465987
-0.00522364
-0.0050202
-0.00492393
-0.00461009
-0.00463098
-0.00518647
-0.00536362
-0.00511822
-0.0053382
-0.00548647
-0.00428917
-0.00513264
-0.0053168
-0.00512588
-0.00519308
-0.00510513
-0.00495891
-0.00554398
-0.00517191
-0.00571761
-0.00519671
-0.00559803
-0.00535931
-0.00643381
-0.00456783
-0.00517615
-0.00593108
-0.00435603
-0.00478142
-0.00522861
-0.00496858
-0.00523319
-0.00540176
-0.0054434
-0.00501481
-0.00515826
-0.00525634
-0.00620748
-0.00598951
-0.00435012
-0.00610878
-0.00501264
-0.00515121
-0.00502642
-0.00519342
-0.00337878
-0.00474502
-0.00533968
-0.00493224
-0.00509902
-0.00527867
-0.00552761
-0.0052421
-0.00526319
-0.00539663
-0.00556778
-0.00556962
-0.00540483
-0.00514933
-0.00556299
-0.00557883
-0.0053153
-0.00522703
-0.00546612
-0.00558475
-0.00373718
-0.00556779
-0.00516289
-0.00563117
-0.00517707
-0.00510056
-0.00513288
-0.00563017
-0.00580775
-0.0061963
-0.00589779
-0.00568813
-0.00576511
-0.00561146
-0.00741797
-0.00639847
-0.00512698
-0.00622683
-0.00503746
-0.00560456
-0.00577842
-0.0039605
-0.00270354
-0.00457749
-0.00433435
-0.00429537
-0.00476677
-0.00458358
-0.00481573
-0.00517725
-0.00492096
-0.0047925
-0.00503193
-0.00477524
-0.00505513
-0.00316968
-0.00438313
-0.00492359
-0.00448376
-0.00495563
-0.00449044
-0.004475
-0.00477013
-0.00509415
-0.00509849
-0.00460655
-0.00492082
-0.00479017
-0.00507114
-0.00338429
-0.00520105
-0.0047573
-0.00534562
-0.00510587
-0.00494101
-0.00528477
-0.00524308
-0.00553015
-0.0052665
-0.00539972
-0.00556854
-0.0054059
-0.00557208
-0.00373976
-0.00556872
-0.00516418
-0.00563435
-0.00518029
-0.0051035
-0.00513398
-0.00515545
-0.00556734
-0.00558448
-0.00532011
-0.00523419
-0.00547076
-0.00558864
-0.00566921
-0.00577081
-0.00613486
-0.00568902
-0.00587289
-0.00575863
-0.00561636
-0.00741698
-0.00513712
-0.00639692
-0.00506076
-0.00623548
-0.00562392
-0.00579128
-0.00480702
-0.00459722
-0.00481609
-0.00437041
-0.00493414
-0.00539439
-0.00524805
-0.00471894
-0.00483171
-0.00486924
-0.00459226
-0.00475637
-0.00531541
-0.005151
-0.00266774
-0.00394506
-0.00455356
-0.00431347
-0.00473238
-0.00428129
-0.00456611
-0.0048153
-0.00516307
-0.00490797
-0.00478489
-0.00502979
-0.005048
-0.00477487
-0.00315563
-0.00439646
-0.0049312
-0.00447934
-0.00494074
-0.00448667
-0.00448045
-0.00473835
-0.00507995
-0.00507579
-0.00489492
-0.00458909
-0.00477455
-0.00505927
-0.00715693
-0.0073753
-0.00616319
-0.00758706
-0.00461986
-0.00519371
-0.00583064
-0.00565539
-0.00564198
-0.0066316
-0.0072574
-0.00614708
-0.0063442
-0.00614379
-0.00540736
-0.00546488
-0.0080969
-0.00496238
-0.00561889
-0.00770267
-0.00615671
-0.00502426
-0.00721935
-0.00556112
-0.00639992
-0.00541893
-0.00619429
-0.00635069
-0.00857202
-0.00478107
-0.00495166
-0.00625264
-0.00545419
-0.00611321
-0.00710745
-0.0063758
-0.00489675
-0.00603438
-0.00577106
-0.00574087
-0.00567714
-0.00613091
-0.00573637
-0.00754269
-0.00643031
-0.00693424
-0.00935174
-0.00742107
-0.00610501
-0.00498244
-0.00542408
-0.00525483
-0.00547543
-0.00502611
-0.00517644
-0.00527125
-0.00625384
-0.00603678
-0.00436843
-0.00615639
-0.00503811
-0.00517803
-0.00506662
-0.00648769
-0.00462401
-0.00519681
-0.00596412
-0.00436855
-0.00481379
-0.00526161
-0.00497627
-0.00555578
-0.00517626
-0.00520698
-0.00571882
-0.00561664
-0.00537334
-0.00841117
-0.00841531
-0.0063163
-0.00786967
-0.00634063
-0.00815985
-0.00760209
-0.00725191
-0.00581272
-0.00782029
-0.00652526
-0.00671417
-0.00702948
-0.00661358
-0.0077553
-0.00797117
-0.00737172
-0.00655832
-0.00761091
-0.00721052
-0.00725165
-0.00692575
-0.00689347
-0.00723645
-0.00655912
-0.00685384
-0.00693153
-0.00707984
-0.00633989
-0.0064955
-0.00603561
-0.00659052
-0.00549245
-0.00608139
-0.00626297
-0.00719305
-0.00762363
-0.00724209
-0.00629375
-0.00716838
-0.00638456
-0.00703566
-0.00668795
-0.00553436
-0.00482601
-0.00605351
-0.00587461
-0.00649655
-0.00675651
-0.00821415
-0.00652707
-0.0068169
-0.00610648
-0.00798664
-0.00798069
-0.00778576
-0.00757843
-0.00880353
-0.0087184
-0.00910414
-0.00891897
-0.00953335
-0.00784189
-0.00830083
-0.00780408
-0.00854184
-0.00807373
-0.00800935
-0.00789166
-0.00790553
-0.00847271
-0.00775125
-0.00804501
-0.00743656
-0.00802632
-0.007634
-0.00813533
-0.00674637
-0.00704119
-0.00678101
-0.0068161
-0.00673054
-0.00695242
-0.00683074
-0.00704979
-0.00706101
-0.00690303
-0.00688085
-0.00704145
-0.007
-0.00696718
-0.00695957
-0.0071193
-0.00712421
-0.00719216
-0.00692029
-0.0070591
-0.00694532
-0.0069292
-0.00755645
-0.00695408
-0.00733242
-0.00735281
-0.00732219
-0.00679013
-0.00631934
-0.00616002
-0.00646711
-0.00675604
-0.00641778
-0.00645488
-0.00646335
-0.00687627
-0.00784457
-0.00677036
-0.00657304
-0.00734299
-0.00662788
-0.00647758
-0.00644628
-0.00622583
-0.00640944
-0.00526147
-0.00706016
-0.00720642
-0.00674882
-0.00592348
-0.00589306
-0.00588217
-0.00535125
-0.00627758
-0.00626538
-0.00610505
-0.00563944
-0.0057263
-0.0060433
-0.00484087
-0.0070148
-0.00633712
-0.00609992
-0.00534905
-0.00603613
-0.00667354
-0.00585807
-0.00574281
-0.0059932
-0.00633524
-0.00776954
-0.00855396
-0.0074932
-0.00790694
-0.00806063
-0.00797221
-0.00795681
-0.00797081
-0.00785687
-0.00791226
-0.00782269
-0.00798305
-0.00793067
-0.00788543
-0.00805514
-0.00803767
-0.00800743
-0.00804752
-0.00799568
-0.0079146
-0.00794168
-0.00847838
-0.0080059
-0.00813316
-0.00804324
-0.008129
-0.0078958
-0.00801991
-0.00797801
-0.0077449
-0.00774393
-0.00755151
-0.00753988
-0.00757646
-0.00755075
-0.00757104
-0.0075735
-0.00732582
-0.00744843
-0.00772441
-0.00778957
-0.00758406
-0.00729449
-0.00745746
-0.00754132
-0.00712059
-0.00728938
-0.00734935
-0.00755374
-0.00737856
-0.00771723
-0.00778964
-0.00753303
-0.00736526
-0.00765347
-0.00815487
-0.00803983
-0.00706123
-0.00715411
-0.00653692
-0.00820078
-0.0069101
-0.00755006
-0.00868524
-0.00867832
-0.00867477
-0.00773578
-0.00859164
-0.00773251
-0.00812301
-0.0076938
-0.00779757
-0.00763908
-0.00760678
-0.00753105
-0.00784761
-0.00790721
-0.00674099
-0.00792836
-0.00762527
-0.00800378
-0.00715084
-0.00803597
-0.00816711
-0.00858985
-0.00893554
-0.0100564
-0.00891271
-0.00859194
-0.00876311
-0.00873138
-0.00913624
-0.0086677
-0.0101611
-0.0102998
-0.0089788
-0.0093644
-0.0092887
-0.0087031
-0.00789351
-0.00843099
-0.0086267
-0.00869832
-0.00779451
-0.00845032
-0.00893507
-0.00878786
-0.00859339
-0.00842929
-0.00871544
-0.00847951
-0.00857102
-0.0087643
-0.00880716
-0.00807496
-0.00889431
-0.00868283
-0.00855909
-0.00838309
-0.00921941
-0.00919142
-0.00901505
-0.00890599
-0.00893633
-0.00888688
-0.00895168
-0.00892911
-0.00876911
-0.00879745
-0.00858334
-0.00880709
-0.00889181
-0.00884898
-0.00842472
-0.00857888
-0.00897876
-0.00852569
-0.00910062
-0.00887064
-0.00903387
-0.00888949
-0.00834511
-0.00857284
-0.00858312
-0.00900111
-0.00889561
-0.0087144
-0.00859686
-0.00845979
-0.00878884
-0.00871315
-0.00887321
-0.00901537
-0.00864656
-0.00829947
-0.00797531
-0.00816164
-0.00829196
-0.00802433
-0.00812128
-0.00818408
-0.00815935
-0.00812068
-0.00798427
-0.00821758
-0.00817373
-0.00815977
-0.00796446
-0.00735721
-0.00693498
-0.00762586
-0.00737133
-0.00718449
-0.00744869
-0.00748656
-0.00701421
-0.00689054
-0.00742066
-0.00722775
-0.00761394
-0.00765675
-0.0073695
-0.00821063
-0.00725048
-0.00822206
-0.00752839
-0.00707325
-0.00759107
-0.007445
-0.0063097
-0.00764311
-0.00726318
-0.00748116
-0.00652257
-0.00707455
-0.00710989
-0.00721548
-0.00739301
-0.00803074
-0.00832414
-0.00726903
-0.00733838
-0.00730462
-0.00766835
-0.00775017
-0.00804298
-0.00841502
-0.00796942
-0.00808367
-0.00782342
-0.00824445
-0.00783942
-0.00795731
-0.00791305
-0.00810095
-0.00835018
-0.00832923
-0.00938693
-0.00777846
-0.00821744
-0.00892455
-0.00858925
-0.00796936
-0.00840066
-0.00682224
-0.00668664
-0.00788995
-0.0062831
-0.00803183
-0.00666568
-0.00712204
-0.00620625
-0.00703941
-0.0073625
-0.0066446
-0.007559
-0.00729936
-0.00747468
-0.00713846
-0.00688811
-0.00695807
-0.00692686
-0.007239
-0.00734865
-0.00716347
-0.00807244
-0.00803446
-0.0079051
-0.00801609
-0.00730635
-0.00713783
-0.00762648
-0.00739403
-0.00694033
-0.00706028
-0.00781887
-0.00816469
-0.00581856
-0.00738945
-0.00578879
-0.00662551
-0.00693266
-0.00670838
-0.00661544
-0.00674746
-0.00669585
-0.00597338
-0.00650842
-0.00608729
-0.00670154
-0.00585985
-0.00663099
-0.00641455
-0.0062717
-0.00695041
-0.00660155
-0.00762486
-0.00568096
-0.00705839
-0.00713728
-0.00525556
-0.00763479
-0.00762983
-0.00545539
-0.00726433
-0.00718304
-0.00710105
-0.00672455
-0.00665203
-0.0056614
-0.00579424
-0.00609784
-0.00645279
-0.00613791
-0.00696355
-0.00676558
-0.00719784
-0.00670119
-0.0056953
-0.00639892
-0.00656964
-0.00663315
-0.0063449
-0.00660594
-0.00603721
-0.00609857
-0.00603675
-0.0062295
-0.00730022
-0.00548135
-0.00540875
-0.0068822
-0.00462148
-0.00554365
-0.00590564
-0.00593312
-0.00640341
-0.00621891
-0.00572277
-0.00653591
-0.00633947
-0.0063119
-0.00583203
-0.00591266
-0.00575005
-0.00571809
-0.00610268
-0.00584467
-0.00580973
-0.00703359
-0.00463573
-0.00688913
-0.00558673
-0.00676577
-0.00591374
-0.00592693
-0.00555295
-0.00525201
-0.00531009
-0.00592021
-0.00596099
-0.00564602
-0.00573241
-0.00553009
-0.00579205
-0.00597678
-0.00561259
-0.00577077
-0.00594623
-0.00598253
-0.00639375
-0.00585999
-0.00538615
-0.0059478
-0.00585607
-0.0061399
-0.0056007
-0.00791224
-0.00462073
-0.00457592
-0.00483572
-0.00570684
-0.0055585
-0.00671888
-0.00692926
-0.00675801
-0.00558402
-0.00697194
-0.00462056
-0.00491415
-0.00536702
-0.00495807
-0.004813
-0.00595033
-0.00541676
-0.00614148
-0.00559401
-0.0053532
-0.00506315
-0.00503227
-0.00719406
-0.00472179
-0.00702846
-0.00531244
-0.00585429
-0.00524177
-0.00539973
-0.0051582
-0.00568472
-0.00485904
-0.00565605
-0.00561542
-0.00542
-0.00561443
-0.00546647
-0.00549982
-0.00521878
-0.00561366
-0.0054964
-0.00514838
-0.0054635
-0.00501744
-0.00516841
-0.00527527
-0.00531423
-0.00509999
-0.00654738
-0.00583959
-0.00497513
-0.0055276
-0.00466828
-0.00507887
-0.00529407
-0.00521388
-0.00514341
-0.00538579
-0.00483624
-0.00566089
-0.00564286
-0.00559243
-0.00541429
-0.00560218
-0.00545641
-0.0052043
-0.0054886
-0.00560501
-0.00549562
-0.00512542
-0.00501769
-0.00548735
-0.00514697
-0.0052862
-0.00532793
-0.00510885
-0.006545
-0.0058416
-0.00497546
-0.00551363
-0.00465345
-0.00507585
-0.00530564
-0.00585651
-0.00594834
-0.00576382
-0.00614079
-0.00574523
-0.00585833
-0.0058179
-0.00706613
-0.00693788
-0.00465633
-0.00683551
-0.00560923
-0.00592353
-0.00593879
-0.00662942
-0.00632222
-0.00659831
-0.00604686
-0.00607304
-0.00604895
-0.00622194
-0.00723959
-0.00545982
-0.0054606
-0.00465929
-0.00683515
-0.00555082
-0.00592667
-0.00590043
-0.0063855
-0.00619924
-0.00572061
-0.00652244
-0.00632331
-0.00627757
-0.00549564
-0.00521012
-0.0051677
-0.00587269
-0.00584429
-0.00554792
-0.00567882
-0.00553117
-0.00575159
-0.00589105
-0.00561647
-0.00563447
-0.00589732
-0.00593457
-0.00586739
-0.00566457
-0.00527513
-0.0054973
-0.00584441
-0.00576469
-0.00547399
-0.00626216
-0.00523245
-0.00724466
-0.00686479
-0.00528775
-0.00601036
-0.00535138
-0.00595606
-0.00551005
-0.00435684
-0.0054682
-0.0044725
-0.00499031
-0.0057119
-0.00481664
-0.00621323
-0.00551668
-0.00779958
-0.00600566
-0.00622774
-0.00521179
-0.00540397
-0.00550594
-0.00544766
-0.00511009
-0.005757
-0.00549384
-0.00548171
-0.00692981
-0.00552139
-0.00668776
-0.00687978
-0.00451208
-0.00477643
-0.00539528
-0.00494474
-0.00469087
-0.00592636
-0.00531992
-0.00615226
-0.00550678
-0.00530542
-0.00494572
-0.00513786
-0.00686548
-0.0045332
-0.00670825
-0.00532981
-0.00565966
-0.00694109
-0.00738625
-0.00705434
-0.00780761
-0.00581377
-0.00815333
-0.00737787
-0.0059675
-0.00647705
-0.00607716
-0.00668738
-0.00584322
-0.0066169
-0.00639119
-0.00577582
-0.00661222
-0.00692899
-0.0066888
-0.00660583
-0.00672795
-0.00667896
-0.00625892
-0.00658848
-0.00693402
-0.00567614
-0.00761332
-0.00704679
-0.00712438
-0.00764878
-0.00524569
-0.00765864
-0.00544533
-0.00719519
-0.00727031
-0.00710859
-0.00675015
-0.00668111
-0.00569817
-0.00579537
-0.00610634
-0.00645163
-0.00616912
-0.0070079
-0.00720872
-0.00678761
-0.00569922
-0.00667615
-0.006393
-0.00658474
-0.006999
-0.00821752
-0.00723411
-0.00674339
-0.00686792
-0.00839402
-0.00764051
-0.00870237
-0.00874855
-0.00874899
-0.00801879
-0.00868476
-0.00792894
-0.00828392
-0.00688249
-0.00761851
-0.0080294
-0.00713459
-0.0081459
-0.00804516
-0.00822041
-0.00879633
-0.00808713
-0.00881114
-0.00889531
-0.00870443
-0.00857629
-0.00839745
-0.00933131
-0.00920336
-0.00932016
-0.00896488
-0.00897101
-0.00896273
-0.00906616
-0.0089342
-0.00878527
-0.00878306
-0.00882261
-0.00866979
-0.00901015
-0.00887602
-0.00829668
-0.00874625
-0.00897546
-0.00932016
-0.00875845
-0.00859351
-0.00922255
-0.00888833
-0.00865151
-0.00836051
-0.00861908
-0.00898935
-0.00890917
-0.00877348
-0.00860661
-0.00847317
-0.00876471
-0.0087361
-0.00884579
-0.0089881
-0.00864088
-0.00830913
-0.00813111
-0.00797993
-0.00798042
-0.00826215
-0.00804098
-0.00820884
-0.00817409
-0.00812713
-0.0079629
-0.00817853
-0.00819046
-0.00814794
-0.00797601
-0.00817545
-0.0072768
-0.00823045
-0.00752931
-0.00707143
-0.00758807
-0.00741909
-0.00634925
-0.00728997
-0.00773614
-0.00750458
-0.00654804
-0.00709703
-0.00712551
-0.00720968
-0.00745145
-0.0079859
-0.00727077
-0.00834264
-0.00735921
-0.00729651
-0.00829519
-0.00841809
-0.00742525
-0.00835957
-0.0074273
-0.00807891
-0.00793426
-0.00766056
-0.00795636
-0.00770809
-0.00821787
-0.0079236
-0.00795935
-0.00780194
-0.00827517
-0.0078261
-0.00789911
-0.00814244
-0.00786783
-0.00838482
-0.00830524
-0.00906604
-0.00763345
-0.0079774
-0.00854849
-0.0076704
-0.00838818
-0.00811898
-0.00678488
-0.00672927
-0.00778082
-0.00636084
-0.00675615
-0.00790081
-0.00723596
-0.00607212
-0.00707266
-0.00730101
-0.00664332
-0.00747016
-0.00733183
-0.00748837
-0.00799397
-0.00793028
-0.0079746
-0.00735551
-0.00791093
-0.00721665
-0.00776031
-0.00875944
-0.00891949
-0.00896841
-0.00897562
-0.00882464
-0.00911196
-0.00894612
-0.00892444
-0.00885173
-0.00884648
-0.00883017
-0.00869935
-0.0089075
-0.00913028
-0.00875446
-0.00905083
-0.00887794
-0.00891443
-0.00898786
-0.00872986
-0.00894579
-0.00892966
-0.00896122
-0.00881404
-0.00897265
-0.00876336
-0.00877634
-0.00931573
-0.00878424
-0.00883325
-0.00889121
-0.00883603
-0.00887519
-0.00886208
-0.00888222
-0.00866954
-0.00882821
-0.00882563
-0.00879083
-0.00889202
-0.00885361
-0.00883051
-0.00888397
-0.0088291
-0.00864036
-0.00909224
-0.00880332
-0.00907167
-0.00872357
-0.00866907
-0.00871417
-0.00865814
-0.00884444
-0.00860943
-0.00880605
-0.00870883
-0.00872739
-0.00868678
-0.00865235
-0.00869217
-0.00880247
-0.00874166
-0.00864189
-0.00868955
-0.00874177
-0.00875818
-0.00872799
-0.00867909
-0.00867111
-0.00870908
-0.0086986
-0.00870881
-0.0085331
-0.00867121
-0.00871308
-0.00865753
-0.00869006
-0.00868547
-0.00877848
-0.00870331
-0.00871288
-0.00863791
-0.00864895
-0.00874336
-0.00807528
-0.00918758
-0.00924813
-0.00840901
-0.00801465
-0.00814971
-0.00853576
-0.00807543
-0.00874694
-0.00880123
-0.00966866
-0.00771217
-0.00810409
-0.00799141
-0.00691295
-0.00806776
-0.00835712
-0.00755365
-0.0083841
-0.00807024
-0.00804619
-0.00888358
-0.00849275
-0.00854481
-0.00848048
-0.00892417
-0.00890761
-0.0084365
-0.00829763
-0.00853133
-0.00894081
-0.00855823
-0.00907325
-0.00846737
-0.00852401
-0.00974424
-0.00860581
-0.00834382
-0.00886042
-0.0083299
-0.00915686
-0.00850231
-0.0080238
-0.00791787
-0.00848786
-0.00782935
-0.00822627
-0.00817379
-0.0082197
-0.0072484
-0.00815707
-0.00770376
-0.0080367
-0.00781948
-0.00823696
-0.00819688
-0.00791705
-0.00763703
-0.00846206
-0.00797693
-0.00780225
-0.00778897
-0.00779185
-0.00797051
-0.00747798
-0.00764884
-0.00803891
-0.00760694
-0.00726153
-0.00769969
-0.0078018
-0.00733887
-0.00868219
-0.00864475
-0.00797742
-0.00827252
-0.00788714
-0.00797644
-0.00807791
-0.00805652
-0.00806303
-0.00808307
-0.00830852
-0.00817833
-0.00823476
-0.0080409
-0.00820318
-0.00799294
-0.00800961
-0.00826865
-0.00826235
-0.00852533
-0.00865468
-0.0083691
-0.00839408
-0.00835189
-0.00849295
-0.00847967
-0.00759362
-0.00824456
-0.00817276
-0.00800448
-0.00807254
-0.00853741
-0.00849173
-0.00811079
-0.00809683
-0.00805466
-0.00817199
-0.00792046
-0.00797931
-0.00794375
-0.00817125
-0.00747837
-0.00823011
-0.00803482
-0.00845279
-0.00809119
-0.00774941
-0.00707747
-0.00737875
-0.00730877
-0.00728271
-0.00717976
-0.00724033
-0.00743212
-0.00687015
-0.00673779
-0.00720495
-0.0073683
-0.00685644
-0.00700698
-0.00713768
-0.00737658
-0.00861312
-0.00746428
-0.00734215
-0.00798733
-0.00723344
-0.00739158
-0.00769737
-0.00775041
-0.00776073
-0.00746205
-0.0077215
-0.0075817
-0.00769677
-0.00734043
-0.00743616
-0.00830105
-0.00766839
-0.00770902
-0.00756227
-0.00743851
-0.00670111
-0.007484
-0.00692406
-0.00702083
-0.00688713
-0.00690552
-0.00682609
-0.00735611
-0.00684437
-0.00721135
-0.00752568
-0.00747126
-0.00732518
-0.00729319
-0.00733963
-0.00684187
-0.00782033
-0.00731481
-0.0069927
-0.0072964
-0.00693022
-0.00801718
-0.00729264
-0.00720741
-0.00755762
-0.00681478
-0.0071626
-0.00749206
-0.00597051
-0.00605814
-0.00560031
-0.00596219
-0.00533694
-0.00576495
-0.00595402
-0.00642736
-0.00691073
-0.00649944
-0.0067118
-0.005794
-0.00595753
-0.00628544
-0.00645007
-0.00509503
-0.00456193
-0.00538418
-0.00638489
-0.00566022
-0.00653906
-0.00697232
-0.0059482
-0.00682978
-0.00574728
-0.00717639
-0.00612642
-0.00621112
-0.00652279
-0.00742278
-0.0063448
-0.00621219
-0.00684321
-0.00626768
-0.00655199
-0.00766573
-0.00599882
-0.00776167
-0.00604672
-0.00567449
-0.00782221
-0.00597907
-0.00614797
-0.00637328
-0.00630915
-0.00634782
-0.00634094
-0.00636536
-0.00665669
-0.00582201
-0.00658454
-0.00641855
-0.00601884
-0.00603789
-0.00612554
-0.0059773
-0.00612411
-0.00602139
-0.00574358
-0.00598574
-0.00581021
-0.00615536
-0.00623501
-0.00545924
-0.00509423
-0.00408683
-0.00517055
-0.00410921
-0.00438332
-0.00422159
-0.0042251
-0.00446449
-0.00489229
-0.00447453
-0.00424622
-0.00424732
-0.004143
-0.00390377
-0.00474262
-0.00481503
-0.00468594
-0.00453092
-0.00536895
-0.00468035
-0.00451662
-0.00446852
-0.00458344
-0.00420515
-0.00427074
-0.00419459
-0.00424102
-0.00469933
-0.00434064
-0.00419115
-0.00406284
-0.00442269
-0.00451792
-0.00429437
-0.00408729
-0.00402776
-0.00500292
-0.00398372
-0.00478325
-0.00464432
-0.00473908
-0.00657923
-0.00581473
-0.00640879
-0.00601529
-0.00603133
-0.00611946
-0.00596903
-0.00612098
-0.00602165
-0.00574177
-0.00597832
-0.00580657
-0.00615131
-0.00623379
-0.00593658
-0.00694856
-0.00681616
-0.00572966
-0.00716343
-0.00611347
-0.00619966
-0.00651861
-0.00741667
-0.00633413
-0.00683154
-0.00620718
-0.00625826
-0.00654819
-0.00760756
-0.00596283
-0.0078079
-0.00565058
-0.00781621
-0.006056
-0.0059667
-0.00613162
-0.0063618
-0.00629719
-0.00633776
-0.00632924
-0.00635428
-0.0066511
-0.00435167
-0.00470681
-0.00423565
-0.00405732
-0.00446642
-0.00450784
-0.0042979
-0.00407064
-0.00403625
-0.00500293
-0.00398325
-0.00479913
-0.00463795
-0.00473758
-0.00510136
-0.0054485
-0.00410924
-0.00516912
-0.00410616
-0.00437275
-0.00422236
-0.00421432
-0.00445061
-0.00483925
-0.00421602
-0.00446815
-0.00423716
-0.00412162
-0.00390286
-0.0047365
-0.00481541
-0.00468865
-0.00536028
-0.0045247
-0.00467294
-0.00453311
-0.0044282
-0.00458064
-0.00417144
-0.00423792
-0.0042192
-0.00416292
-0.00705946
-0.00736352
-0.00728465
-0.00726318
-0.00716156
-0.00722158
-0.00741568
-0.00684497
-0.00718555
-0.00671252
-0.00683984
-0.00732167
-0.00698809
-0.00711563
-0.00736457
-0.0085801
-0.0074445
-0.00735077
-0.00797877
-0.00721878
-0.00737578
-0.00709863
-0.00698799
-0.00729214
-0.007076
-0.00732446
-0.00712842
-0.00702654
-0.006688
-0.00691274
-0.00747304
-0.00687726
-0.00701474
-0.00689895
-0.00681433
-0.00736077
-0.00685459
-0.00721325
-0.00752923
-0.00747536
-0.00732414
-0.00729155
-0.00732536
-0.00683005
-0.00781675
-0.00698255
-0.0073179
-0.00730704
-0.00692829
-0.00768335
-0.00773431
-0.00774986
-0.00770946
-0.0074472
-0.00756895
-0.00768418
-0.00732503
-0.00742151
-0.00827325
-0.00769751
-0.00765231
-0.00754709
-0.00742222
-0.00639772
-0.00714057
-0.00685373
-0.00719132
-0.00728336
-0.00684657
-0.0071031
-0.00800141
-0.00657301
-0.00601667
-0.00596403
-0.00741719
-0.00733852
-0.00742815
-0.00659953
-0.00766021
-0.0073975
-0.00749258
-0.00811655
-0.0080145
-0.00698444
-0.0059643
-0.00558877
-0.00604358
-0.00595613
-0.00532798
-0.00576356
-0.00595139
-0.0064212
-0.00689897
-0.00648681
-0.00670601
-0.00577916
-0.00594087
-0.00626653
-0.00643608
-0.00507685
-0.00453901
-0.00537524
-0.00637103
-0.00564331
-0.0065345
-0.00799661
-0.0072483
-0.00719097
-0.0068078
-0.00752904
-0.00714518
-0.00747211
-0.00718607
-0.00809791
-0.00764853
-0.00797827
-0.0077968
-0.00819975
-0.00815286
-0.00885925
-0.00853943
-0.00854117
-0.008753
-0.00852415
-0.00874567
-0.00849029
-0.00835481
-0.00856463
-0.00890152
-0.009027
-0.00866072
-0.00853156
-0.0085298
-0.00996633
-0.00880801
-0.00846414
-0.00824419
-0.00919497
-0.00908792
-0.00853256
-0.0079343
-0.00767082
-0.00853104
-0.00800152
-0.00784162
-0.00780159
-0.00779158
-0.00798066
-0.00768504
-0.00747205
-0.00804179
-0.00762721
-0.00725921
-0.00768766
-0.00783174
-0.0073688
-0.00869251
-0.00797992
-0.00869024
-0.00828116
-0.00791878
-0.00816614
-0.00747999
-0.00821727
-0.00800889
-0.00846419
-0.00809401
-0.00774049
-0.00822286
-0.0082766
-0.00805385
-0.00809165
-0.00800292
-0.00839873
-0.00829898
-0.00850094
-0.00864305
-0.00852856
-0.00836783
-0.00834254
-0.00846759
-0.00857972
-0.00774124
-0.0083388
-0.00819727
-0.00815535
-0.00880395
-0.00801774
-0.00873904
-0.00893274
-0.00869566
-0.00898391
-0.00897921
-0.0088536
-0.00911089
-0.00894577
-0.00895641
-0.00889159
-0.00886549
-0.00889888
-0.00871037
-0.00894438
-0.00915785
-0.00871013
-0.00908245
-0.00891115
-0.00897362
-0.00900081
-0.00870932
-0.00897061
-0.00894637
-0.00898205
-0.00882575
-0.00898673
-0.00877972
-0.00934869
-0.00878658
-0.00884393
-0.00882251
-0.00891115
-0.00885254
-0.00889219
-0.00887433
-0.00888705
-0.0087105
-0.00883688
-0.00885015
-0.00879885
-0.00891057
-0.00887057
-0.00885449
-0.00884771
-0.00889709
-0.00865805
-0.00911783
-0.00883727
-0.00909203
-0.00873669
-0.00868141
-0.0087017
-0.00868187
-0.00884641
-0.00863517
-0.00884212
-0.00873683
-0.00871104
-0.00872631
-0.00865647
-0.00872096
-0.00879491
-0.00875125
-0.00864517
-0.00869425
-0.00871649
-0.00875561
-0.00872397
-0.0086585
-0.00866479
-0.00870175
-0.00870005
-0.00869583
-0.00852254
-0.00869753
-0.00870509
-0.00862205
-0.00871101
-0.00869609
-0.0087867
-0.00871146
-0.008719
-0.0086462
-0.00866008
-0.00875238
-0.00916283
-0.00909534
-0.00914104
-0.00919049
-0.009119
-0.00917368
-0.00913866
-0.00915931
-0.00922407
-0.0092285
-0.00916056
-0.00915326
-0.00917971
-0.00919168
-0.00915027
-0.00906729
-0.00922332
-0.00907156
-0.00920177
-0.00909473
-0.00914171
-0.00916788
-0.00926079
-0.0090621
-0.00922669
-0.00916961
-0.00924702
-0.00922845
-0.00887201
-0.0091933
-0.00941772
-0.00908747
-0.0091817
-0.00908218
-0.00903569
-0.00922274
-0.00906501
-0.00906134
-0.00896866
-0.0090812
-0.00901559
-0.00907173
-0.00886383
-0.00891071
-0.00887385
-0.00908157
-0.00926325
-0.00910372
-0.00886313
-0.00872982
-0.0087758
-0.00873559
-0.00880782
-0.00876644
-0.00876742
-0.00879693
-0.00862352
-0.00870698
-0.00867029
-0.00859617
-0.00863859
-0.00896327
-0.00899518
-0.00864455
-0.00864899
-0.00856244
-0.00850799
-0.00868745
-0.00865751
-0.00865431
-0.00864294
-0.00877283
-0.00874818
-0.00860716
-0.00894658
-0.00873461
-0.00896771
-0.00860288
-0.00854348
-0.00849373
-0.00865893
-0.00856381
-0.00865221
-0.0086668
-0.00871403
-0.00855045
-0.0085982
-0.00868797
-0.00859627
-0.00886702
-0.00893442
-0.00854538
-0.00866106
-0.0085731
-0.00875029
-0.00857936
-0.0088909
-0.00873737
-0.00820254
-0.00797702
-0.00816392
-0.00794852
-0.00819236
-0.00792035
-0.0080141
-0.0081204
-0.00813236
-0.00803217
-0.00804551
-0.00833444
-0.0082854
-0.00814293
-0.00779562
-0.00828125
-0.00810528
-0.00795695
-0.00793488
-0.00796807
-0.00828493
-0.00807646
-0.00828884
-0.00802767
-0.00820969
-0.00789352
-0.00813235
-0.00820991
-0.00901736
-0.00883458
-0.00866827
-0.00872243
-0.00883788
-0.00869214
-0.00879919
-0.00881773
-0.00883595
-0.00845426
-0.00882653
-0.00874794
-0.00875951
-0.00854463
-0.00688746
-0.00703021
-0.00824392
-0.00754092
-0.00751533
-0.00734421
-0.00743002
-0.00709082
-0.00730019
-0.00728144
-0.00719996
-0.0072472
-0.00726956
-0.00725044
-0.00743008
-0.00738412
-0.00721359
-0.00733277
-0.00735985
-0.00717761
-0.00729779
-0.00757682
-0.00751453
-0.0074218
-0.00754624
-0.00742017
-0.00744463
-0.00743611
-0.00740058
-0.00735037
-0.0075215
-0.00736233
-0.00743966
-0.00747162
-0.00741668
-0.0075936
-0.00748705
-0.00770718
-0.00749015
-0.00748691
-0.00750783
-0.00758802
-0.00581045
-0.00628204
-0.00652062
-0.00649435
-0.00648048
-0.00632884
-0.00601081
-0.00662405
-0.00643654
-0.00653909
-0.00643897
-0.00607123
-0.00621168
-0.00647951
-0.00720042
-0.00671551
-0.0068642
-0.00676835
-0.00705491
-0.00672743
-0.00669238
-0.00657773
-0.00718891
-0.00671936
-0.00648354
-0.00701736
-0.00661199
-0.00663972
-0.00776
-0.00678275
-0.00745834
-0.00652023
-0.00662493
-0.0075674
-0.00662465
-0.00651531
-0.00656059
-0.00654792
-0.00662604
-0.00653427
-0.00667609
-0.0065984
-0.00660304
-0.00648678
-0.00661375
-0.00652561
-0.00628665
-0.00630377
-0.00643197
-0.00640052
-0.00617191
-0.00599026
-0.00634662
-0.00612595
-0.00612064
-0.00598579
-0.00453186
-0.00529859
-0.00449145
-0.00490124
-0.00475736
-0.00487756
-0.00491341
-0.0044003
-0.00422651
-0.00423092
-0.00473705
-0.00429064
-0.00468799
-0.00437434
-0.00438218
-0.00480901
-0.00473406
-0.00489477
-0.00521994
-0.00424224
-0.0048889
-0.00459769
-0.00461703
-0.0044721
-0.00466401
-0.00468132
-0.00457804
-0.00482294
-0.0048602
-0.0045817
-0.00462425
-0.00500606
-0.00485336
-0.00495001
-0.00485283
-0.0045363
-0.00513831
-0.00479078
-0.00506816
-0.00499732
-0.00504099
-0.0050411
-0.0066443
-0.00648303
-0.00675614
-0.00662952
-0.00638761
-0.0066119
-0.00660833
-0.0066434
-0.00647833
-0.0067592
-0.00663002
-0.00638618
-0.00661029
-0.0066086
-0.00427924
-0.00480652
-0.00487299
-0.00466299
-0.00414247
-0.00438194
-0.00422835
-0.00720434
-0.00686828
-0.00670062
-0.00705643
-0.00675358
-0.00671958
-0.00668502
-0.00657626
-0.00716128
-0.00671823
-0.00701065
-0.00648202
-0.00660974
-0.00663857
-0.00773719
-0.0074223
-0.00677007
-0.0075537
-0.0065131
-0.00661477
-0.00661919
-0.00652125
-0.00656684
-0.00655345
-0.00662341
-0.00653673
-0.00659902
-0.00667284
-0.00649177
-0.00659498
-0.00661265
-0.00629003
-0.00652574
-0.00630704
-0.00643063
-0.00639957
-0.00599406
-0.00617978
-0.00612712
-0.0063514
-0.00612238
-0.00599165
-0.00457715
-0.00486068
-0.00462063
-0.00485112
-0.00500602
-0.0049455
-0.00484459
-0.00453764
-0.00478677
-0.00514572
-0.0049913
-0.00506994
-0.00502937
-0.00504178
-0.00579932
-0.00625383
-0.00650026
-0.00647045
-0.0064739
-0.00628416
-0.00597631
-0.00660633
-0.00641235
-0.00652126
-0.00605543
-0.00641947
-0.0061888
-0.00646291
-0.00798529
-0.0082122
-0.00817558
-0.00795067
-0.0079291
-0.00818905
-0.00801441
-0.00811752
-0.00813132
-0.00803332
-0.00804296
-0.00832923
-0.00828218
-0.00814012
-0.00780256
-0.0082889
-0.00810633
-0.00795978
-0.00794182
-0.00796843
-0.0082839
-0.00808926
-0.00803342
-0.00828502
-0.00790703
-0.00820532
-0.00812618
-0.00820868
-0.00906477
-0.00883252
-0.00863531
-0.00871891
-0.00883468
-0.00868063
-0.0088171
-0.00880805
-0.00882197
-0.00842432
-0.00880915
-0.00873098
-0.0087338
-0.00850567
-0.00847026
-0.00815389
-0.00815735
-0.00851388
-0.00826032
-0.00849837
-0.0084646
-0.00809682
-0.00805777
-0.00833178
-0.00836384
-0.00805127
-0.00838257
-0.0083907
-0.00702484
-0.00683035
-0.00824625
-0.00751473
-0.00730127
-0.00743714
-0.00740523
-0.00759377
-0.00741067
-0.00748095
-0.00738814
-0.00748404
-0.00741783
-0.00740296
-0.00927141
-0.009281
-0.00915022
-0.00924534
-0.00923353
-0.00923113
-0.00919274
-0.0091864
-0.00928412
-0.0092595
-0.0092046
-0.00919685
-0.00921647
-0.00922486
-0.00922768
-0.00927099
-0.00910188
-0.00920632
-0.00906875
-0.00922357
-0.00917362
-0.00924033
-0.009307
-0.00911121
-0.00925942
-0.0092048
-0.00926921
-0.00929
-0.00933856
-0.00889451
-0.00957469
-0.00935284
-0.00910445
-0.0091413
-0.00909192
-0.00935776
-0.00921556
-0.00914501
-0.00924605
-0.00902672
-0.00907968
-0.009149
-0.00875177
-0.00877858
-0.00875556
-0.00881532
-0.00877154
-0.00880997
-0.00876757
-0.00857514
-0.00872898
-0.00862877
-0.00861424
-0.0087082
-0.00894381
-0.00900281
-0.00859145
-0.00857995
-0.00868634
-0.00859349
-0.00877356
-0.00896819
-0.00881604
-0.00900136
-0.00900447
-0.00903646
-0.00911207
-0.00904067
-0.00908325
-0.00908017
-0.00899853
-0.00899363
-0.00899595
-0.00916497
-0.00905274
-0.00909576
-0.00902808
-0.00917273
-0.00916213
-0.00896591
-0.0091401
-0.00908724
-0.0091545
-0.00916391
-0.00927273
-0.00916865
-0.00924389
-0.00915433
-0.00916237
-0.0091932
-0.00930391
-0.00923734
-0.00929237
-0.00916515
-0.00925397
-0.00923949
-0.00926909
-0.00934678
-0.00911826
-0.00932461
-0.00924831
-0.0091529
-0.00925065
-0.00914487
-0.00916564
-0.00895444
-0.00898387
-0.00905804
-0.00921967
-0.00936815
-0.00900863
-0.00921857
-0.00876734
-0.00872703
-0.00882122
-0.00884422
-0.00880147
-0.00877567
-0.00881179
-0.00873703
-0.00862965
-0.00865758
-0.00867298
-0.00868902
-0.00877833
-0.00882326
-0.00865849
-0.00869022
-0.00861924
-0.00865174
-0.00865769
-0.00875221
-0.00875618
-0.00874039
-0.00867065
-0.00853417
-0.00880736
-0.00863838
-0.00894897
-0.00890031
-0.00860043
-0.00855713
-0.00863336
-0.00865297
-0.00866896
-0.0086801
-0.00862459
-0.00861757
-0.00850605
-0.00858848
-0.00867117
-0.00852779
-0.00862426
-0.00863739
-0.00856249
-0.00862079
-0.0086719
-0.00876463
-0.00866161
-0.00882573
-0.00891647
-0.00877383
-0.00794698
-0.00787959
-0.00843374
-0.00821304
-0.00845338
-0.00835237
-0.00825013
-0.00829955
-0.00832811
-0.00829272
-0.00836907
-0.00822496
-0.00840991
-0.00822096
-0.00835015
-0.00816056
-0.00836258
-0.00825191
-0.00830695
-0.00825316
-0.00872213
-0.00849703
-0.00845466
-0.0085211
-0.00844914
-0.00833357
-0.00843871
-0.00904775
-0.00875336
-0.00880807
-0.009101
-0.00885137
-0.00888247
-0.00885009
-0.00877915
-0.00883397
-0.00864785
-0.00886224
-0.00876753
-0.00879791
-0.00873565
-0.00857973
-0.00794819
-0.00824214
-0.00835706
-0.00809
-0.00827382
-0.00834478
-0.00813659
-0.00805059
-0.00800101
-0.00823402
-0.00817174
-0.00830543
-0.00814931
-0.0076489
-0.00728937
-0.00762379
-0.00740502
-0.00746004
-0.00727165
-0.00731609
-0.00723441
-0.00710585
-0.00710975
-0.00731348
-0.00724652
-0.00724389
-0.00728873
-0.00753298
-0.00745884
-0.00739445
-0.00741631
-0.00736359
-0.0073837
-0.00743332
-0.00698784
-0.00705261
-0.00723569
-0.00694507
-0.00724149
-0.00732012
-0.00725176
-0.006173
-0.00696156
-0.00660148
-0.00677692
-0.00696639
-0.00669771
-0.00621628
-0.00720841
-0.00710641
-0.00695688
-0.0065788
-0.00701592
-0.00666028
-0.00700165
-0.00631277
-0.0066183
-0.00663751
-0.00653728
-0.00632344
-0.00656647
-0.00656448
-0.00671067
-0.0064749
-0.00647534
-0.00671414
-0.0063378
-0.00658054
-0.00659669
-0.00504989
-0.00513167
-0.00473873
-0.00542221
-0.00523477
-0.00526203
-0.00502666
-0.00526175
-0.00586781
-0.00546387
-0.00565566
-0.00552566
-0.00549866
-0.00571156
-0.00538455
-0.00452054
-0.00381303
-0.00456565
-0.00444601
-0.00468577
-0.00484403
-0.00444176
-0.00425348
-0.00406678
-0.00418172
-0.00459519
-0.00458355
-0.00429041
-0.00484368
-0.00501687
-0.00451003
-0.00469413
-0.00472528
-0.00497327
-0.00447004
-0.00327521
-0.00432707
-0.00411867
-0.00483315
-0.00360199
-0.00482856
-0.00448582
-0.00534389
-0.00573807
-0.00530452
-0.00576692
-0.00507304
-0.00563987
-0.00555553
-0.0052477
-0.00541456
-0.00507334
-0.0055687
-0.00495051
-0.00528207
-0.00528836
-0.00582243
-0.00582239
-0.00611706
-0.00576445
-0.00570039
-0.00574766
-0.00580937
-0.00554635
-0.0054236
-0.00587003
-0.00570766
-0.0055359
-0.00567535
-0.00570107
-0.00533878
-0.00511595
-0.00528274
-0.0055739
-0.00565816
-0.00574255
-0.00560186
-0.00636333
-0.00572018
-0.00614099
-0.00563322
-0.00624816
-0.00558634
-0.00568822
-0.0043652
-0.0051245
-0.00500196
-0.00481926
-0.00428848
-0.00435484
-0.00440749
-0.00559407
-0.00541272
-0.00524492
-0.00536493
-0.00546938
-0.00552606
-0.00563982
-0.00437034
-0.00512824
-0.00500457
-0.00482131
-0.00429092
-0.00435803
-0.00441077
-0.00560086
-0.00541779
-0.00524652
-0.00537107
-0.00547246
-0.00564408
-0.00552926
-0.005053
-0.00474498
-0.00513643
-0.00523971
-0.00542734
-0.00526566
-0.00502989
-0.00526148
-0.00547073
-0.00587671
-0.00552605
-0.00566167
-0.00550336
-0.00572797
-0.00452578
-0.00538899
-0.00381571
-0.00445077
-0.00456668
-0.00468802
-0.00484695
-0.00444596
-0.0042575
-0.00407073
-0.00418652
-0.00459994
-0.00458726
-0.00429338
-0.00484902
-0.00502133
-0.00451515
-0.00469735
-0.00472664
-0.00447228
-0.00497661
-0.0032765
-0.00412148
-0.00433072
-0.00360449
-0.00483012
-0.00483087
-0.00448838
-0.0058222
-0.00581423
-0.00612219
-0.00571019
-0.00576318
-0.00574869
-0.00581015
-0.00555048
-0.00542873
-0.00587421
-0.00553933
-0.00571179
-0.00567814
-0.00570455
-0.00533838
-0.00512763
-0.00529163
-0.00558043
-0.00565684
-0.00575132
-0.00560547
-0.00637259
-0.00614639
-0.00572528
-0.00558994
-0.00625112
-0.00563575
-0.0056901
-0.00616987
-0.00696157
-0.00660104
-0.00676381
-0.00696219
-0.00669171
-0.00623503
-0.0071991
-0.00709727
-0.00694791
-0.0065722
-0.00700936
-0.00665409
-0.00699176
-0.00630359
-0.00659592
-0.00662288
-0.00653642
-0.00630867
-0.0065804
-0.00658703
-0.00669952
-0.00648279
-0.00647415
-0.00670918
-0.00633742
-0.00658351
-0.00659168
-0.00877489
-0.00787607
-0.00795606
-0.00820942
-0.00843644
-0.00845183
-0.00835034
-0.00824763
-0.00829414
-0.00832557
-0.00829002
-0.00836309
-0.00840564
-0.00822262
-0.00822098
-0.0081629
-0.00834807
-0.00825153
-0.00836215
-0.00830578
-0.00825284
-0.0087209
-0.0084937
-0.00845099
-0.00851865
-0.00844629
-0.00833143
-0.00844228
-0.00903029
-0.00878592
-0.00883329
-0.00886172
-0.00911945
-0.00887791
-0.00885725
-0.0087868
-0.00883626
-0.00867707
-0.00877345
-0.00887362
-0.00876899
-0.00871141
-0.00864724
-0.00799363
-0.00829043
-0.00811412
-0.00839213
-0.00832087
-0.00842336
-0.00816329
-0.0080568
-0.00800655
-0.00819509
-0.00821768
-0.00832737
-0.0081725
-0.00913042
-0.00916512
-0.00914549
-0.00917113
-0.00923166
-0.00917479
-0.00918059
-0.00912734
-0.00914018
-0.00909215
-0.00917941
-0.00928099
-0.0091802
-0.00910738
-0.00927739
-0.00929344
-0.00898309
-0.00917371
-0.00921232
-0.00923194
-0.00925658
-0.00928004
-0.00920216
-0.00926258
-0.00919136
-0.00918593
-0.00922458
-0.00932888
-0.00931481
-0.00934042
-0.00921623
-0.00930437
-0.00929934
-0.00933473
-0.00938291
-0.00906719
-0.00929223
-0.00934036
-0.00930663
-0.00919438
-0.00916231
-0.00919843
-0.00897928
-0.00901975
-0.00909684
-0.00926869
-0.00942567
-0.00925755
-0.00904198
-0.00879551
-0.00874373
-0.00881566
-0.00884773
-0.00880548
-0.00879228
-0.00880915
-0.00877536
-0.00876627
-0.00858872
-0.00875056
-0.00882554
-0.00905433
-0.00902501
-0.00862099
-0.00858047
-0.00862505
-0.00869009
-0.00867072
-0.00873022
-0.00865512
-0.00864299
-0.00852731
-0.00861713
-0.00874282
-0.00855982
-0.00872
-0.00865654
-0.00859541
-0.00868455
-0.00861024
-0.00887584
-0.00870466
-0.00877695
-0.00898334
-0.00895349
-0.00901058
-0.00898406
-0.00910292
-0.00911543
-0.00919359
-0.00892586
-0.00897313
-0.00904463
-0.0088935
-0.00896899
-0.00890901
-0.00903184
-0.00923569
-0.00899683
-0.00905526
-0.00897762
-0.00904558
-0.00871479
-0.00933549
-0.0087704
-0.00890542
-0.0087289
-0.00909436
-0.00901211
-0.00891497
-0.00901152
-0.00904505
-0.0088599
-0.00907526
-0.00899199
-0.00888989
-0.00897417
-0.00883858
-0.00889051
-0.008853
-0.00887805
-0.00897028
-0.00877014
-0.00883854
-0.00878456
-0.00895411
-0.00898104
-0.00893825
-0.00890918
-0.00912126
-0.00920708
-0.0093089
-0.00899357
-0.00879512
-0.00870763
-0.00876524
-0.00895388
-0.00902061
-0.00903379
-0.00880647
-0.00889595
-0.00886538
-0.00890756
-0.00894697
-0.00881226
-0.00889266
-0.00891428
-0.00879276
-0.00878938
-0.008799
-0.00878597
-0.0088498
-0.00879277
-0.00878446
-0.00888573
-0.00894226
-0.00893312
-0.00888498
-0.00882553
-0.00886889
-0.00887331
-0.00887708
-0.00889131
-0.00882903
-0.00883653
-0.00890233
-0.00889365
-0.00889606
-0.00923373
-0.00904151
-0.00958917
-0.00919045
-0.0091091
-0.00897053
-0.00905611
-0.00915117
-0.00884124
-0.00911318
-0.00895169
-0.00899586
-0.00914013
-0.0090887
-0.0081854
-0.00906728
-0.00908534
-0.00928846
-0.00903564
-0.00880461
-0.00936017
-0.00865547
-0.00857018
-0.00889817
-0.00887493
-0.00849228
-0.00864338
-0.00846462
-0.00896092
-0.00920486
-0.00811246
-0.00882808
-0.00919368
-0.00877301
-0.00859151
-0.00902814
-0.00966735
-0.00844327
-0.00861129
-0.00978132
-0.00910215
-0.00888769
-0.00918844
-0.00858506
-0.00865457
-0.00896855
-0.00908805
-0.00839287
-0.00862769
-0.00741066
-0.00782539
-0.006965
-0.00748877
-0.00719938
-0.00740556
-0.00763464
-0.00710804
-0.00687374
-0.00737251
-0.00726774
-0.00743082
-0.00746234
-0.00739653
-0.00652927
-0.00735727
-0.00769498
-0.00652537
-0.00733818
-0.0071013
-0.00715178
-0.00689252
-0.00722333
-0.00786055
-0.00821007
-0.00696042
-0.00736406
-0.00710383
-0.00808368
-0.00755992
-0.00841355
-0.00795255
-0.00803891
-0.00791883
-0.007768
-0.00848129
-0.00771636
-0.0080006
-0.00718049
-0.00813209
-0.00766534
-0.00796723
-0.00658172
-0.00683404
-0.00713802
-0.00679674
-0.00595493
-0.00591518
-0.00657111
-0.00620734
-0.00627192
-0.00587569
-0.00566183
-0.00620312
-0.00598026
-0.0062533
-0.00629833
-0.00469518
-0.005519
-0.0063061
-0.00606475
-0.00571528
-0.00658453
-0.00749536
-0.00693495
-0.00737258
-0.00756246
-0.00756964
-0.00764787
-0.0073702
-0.00720632
-0.00805329
-0.00823799
-0.0079956
-0.00878641
-0.00846407
-0.00764255
-0.00838843
-0.00662028
-0.00716339
-0.00782009
-0.00637572
-0.00795369
-0.00780872
-0.00630233
-0.00604823
-0.00616289
-0.00627841
-0.00606742
-0.00610971
-0.00616081
-0.00651871
-0.00648297
-0.006096
-0.00693204
-0.00694627
-0.00659661
-0.00640639
-0.00565279
-0.00671632
-0.00595173
-0.00602974
-0.00609011
-0.00596082
-0.00589722
-0.00631866
-0.0071831
-0.0062863
-0.006649
-0.00625762
-0.00681372
-0.00619978
-0.00656579
-0.00630971
-0.00658197
-0.00655483
-0.00649071
-0.00669244
-0.00647206
-0.00668133
-0.00695092
-0.00766884
-0.00750537
-0.00663117
-0.00662232
-0.00654076
-0.006132
-0.00605523
-0.0064678
-0.00633706
-0.00667095
-0.00639696
-0.00633124
-0.00466792
-0.00650964
-0.00568321
-0.00484277
-0.00583646
-0.00459441
-0.00441584
-0.00442127
-0.00497493
-0.00477555
-0.00493147
-0.00484678
-0.00459905
-0.00426827
-0.00520363
-0.00498707
-0.00512903
-0.00487952
-0.0044484
-0.00432928
-0.00478481
-0.00454884
-0.00471181
-0.00531748
-0.00555659
-0.00495238
-0.00535979
-0.00482256
-0.00472749
-0.00525009
-0.0050323
-0.0052504
-0.00500168
-0.00483096
-0.00423915
-0.00457233
-0.00562734
-0.00521884
-0.00549529
-0.00526252
-0.00490652
-0.00506712
-0.00528107
-0.00485482
-0.00511792
-0.00491721
-0.00491414
-0.00519416
-0.00507318
-0.00474545
-0.00455975
-0.00476192
-0.00466082
-0.00481734
-0.00528096
-0.00538356
-0.00472923
-0.00503293
-0.00525196
-0.00525103
-0.00500271
-0.00483198
-0.00424044
-0.00457295
-0.00562672
-0.00521979
-0.00549574
-0.00526319
-0.00490729
-0.00506704
-0.00467035
-0.00568955
-0.00651207
-0.0048456
-0.00583949
-0.00459696
-0.0044185
-0.00442391
-0.00497732
-0.00477794
-0.0049339
-0.00484959
-0.00460151
-0.00427074
-0.00520517
-0.00498904
-0.00513111
-0.00488142
-0.00445021
-0.0043316
-0.00478632
-0.00455128
-0.00471448
-0.00531989
-0.00555957
-0.00536201
-0.00495506
-0.00482519
-0.00558357
-0.00491044
-0.00563662
-0.00579203
-0.00481124
-0.00523506
-0.00522991
-0.00557059
-0.00523705
-0.00615766
-0.00536774
-0.00571723
-0.00536488
-0.00552125
-0.00503342
-0.00514727
-0.00522315
-0.00533774
-0.0054264
-0.00529164
-0.00559093
-0.00638621
-0.00633593
-0.0049845
-0.00523766
-0.00646337
-0.00477854
-0.00507576
-0.00806812
-0.00754059
-0.00840487
-0.00793777
-0.00802189
-0.00788901
-0.00774483
-0.00856398
-0.0077028
-0.00801912
-0.00716432
-0.00812923
-0.00765529
-0.0080185
-0.00720583
-0.00805976
-0.00822548
-0.00883371
-0.00797081
-0.00846379
-0.00767663
-0.00828904
-0.00716562
-0.00665441
-0.00782956
-0.00637537
-0.00795736
-0.00779057
-0.00654303
-0.00649147
-0.00613491
-0.00698844
-0.00691447
-0.00662698
-0.00645325
-0.00566725
-0.0059833
-0.00685837
-0.00617767
-0.00612507
-0.00600765
-0.00587799
-0.00642861
-0.00711737
-0.00623172
-0.00684948
-0.00658796
-0.00634606
-0.00623666
-0.00656127
-0.00738172
-0.00682267
-0.00702883
-0.00696818
-0.00688065
-0.00658018
-0.00665369
-0.00696399
-0.00763428
-0.00656387
-0.00748807
-0.00664069
-0.00653856
-0.00605935
-0.00646307
-0.00609797
-0.00664354
-0.00637724
-0.0064098
-0.00630591
-0.00887539
-0.00883406
-0.00880653
-0.00903127
-0.00887148
-0.0089659
-0.00877983
-0.009241
-0.0090629
-0.00942548
-0.00911162
-0.00898458
-0.00885002
-0.0090521
-0.00912197
-0.00907994
-0.00886718
-0.00899237
-0.00891807
-0.00912862
-0.00904465
-0.00850054
-0.00907338
-0.00916543
-0.00922229
-0.00896493
-0.00896498
-0.00919292
-0.00870236
-0.00895109
-0.00940059
-0.00905411
-0.00872094
-0.00877896
-0.00871473
-0.00902442
-0.00966157
-0.00842473
-0.00859888
-0.00975858
-0.00908135
-0.00887869
-0.00914454
-0.00864658
-0.00853926
-0.00906508
-0.00893856
-0.00836488
-0.00862828
-0.00711641
-0.00692024
-0.00736821
-0.00743477
-0.00727437
-0.00744123
-0.00738928
-0.00832512
-0.00839846
-0.00840918
-0.00859254
-0.00883076
-0.00831433
-0.00824101
-0.00785747
-0.00790318
-0.00764743
-0.00784833
-0.00803399
-0.00812299
-0.00795849
-0.00974862
-0.00828018
-0.00834254
-0.00871216
-0.00896705
-0.00833443
-0.00846879
-0.00838897
-0.00708266
-0.00808757
-0.00768068
-0.00726262
-0.00781788
-0.00718577
-0.00654832
-0.00741863
-0.00775421
-0.00658309
-0.00740377
-0.00715803
-0.00721828
-0.00689614
-0.00785168
-0.00728861
-0.0082975
-0.00704573
-0.00744861
-0.0071426
-0.00886869
-0.00898255
-0.00907198
-0.00889012
-0.00897414
-0.00883773
-0.00888124
-0.00883938
-0.00887712
-0.0089454
-0.00876926
-0.00883563
-0.00878615
-0.00895876
-0.00888059
-0.00887499
-0.00884039
-0.00893636
-0.00877381
-0.00889122
-0.0089036
-0.00880251
-0.00877504
-0.00877086
-0.00883025
-0.00876618
-0.00876966
-0.00877002
-0.00888095
-0.00895205
-0.00892624
-0.00888616
-0.0088187
-0.00887309
-0.00887974
-0.00883515
-0.0088535
-0.00884281
-0.00886481
-0.00880904
-0.00888036
-0.00888596
-0.00838019
-0.00775291
-0.00726101
-0.00852764
-0.00721109
-0.00726652
-0.00799015
-0.0085478
-0.00851449
-0.00850894
-0.00841918
-0.00761995
-0.00797428
-0.00839223
-0.00775208
-0.00836575
-0.00779681
-0.00859281
-0.00750264
-0.00851591
-0.00819604
-0.00810042
-0.00914371
-0.00855718
-0.00828742
-0.00861773
-0.00831723
-0.00825765
-0.00851596
-0.00842553
-0.00846623
-0.00871609
-0.00827423
-0.00848045
-0.00824726
-0.00839289
-0.00835022
-0.00862756
-0.00844786
-0.00879439
-0.0082561
-0.00847276
-0.00942536
-0.00848152
-0.00803345
-0.00848448
-0.00862123
-0.0085972
-0.00840797
-0.00793915
-0.00847998
-0.00817808
-0.00726013
-0.00922702
-0.00811139
-0.00805088
-0.00720733
-0.00829932
-0.00822964
-0.00749931
-0.00839991
-0.00804006
-0.0079952
-0.00780125
-0.0080849
-0.00731758
-0.00782066
-0.00750165
-0.00781848
-0.00794153
-0.00730524
-0.00727185
-0.00789527
-0.0075491
-0.00773636
-0.00789911
-0.00792184
-0.00855074
-0.00833583
-0.00820061
-0.00864219
-0.00831016
-0.00840958
-0.00849146
-0.00836482
-0.00853859
-0.00829126
-0.00859236
-0.00829169
-0.00838403
-0.00839303
-0.00783615
-0.00783815
-0.00806895
-0.00833484
-0.0079936
-0.00814595
-0.00796294
-0.00853117
-0.00878019
-0.00791699
-0.0086436
-0.00915144
-0.00872372
-0.00808655
-0.00861484
-0.00801071
-0.00782027
-0.00799953
-0.00825986
-0.00769364
-0.00796099
-0.00777725
-0.0075997
-0.00858744
-0.0089952
-0.00810736
-0.00850567
-0.00783045
-0.00726652
-0.00802679
-0.00701791
-0.00825703
-0.00674284
-0.00696552
-0.00756748
-0.0068673
-0.00788295
-0.0071276
-0.00814305
-0.00683468
-0.00789755
-0.00776831
-0.00780201
-0.00761326
-0.00750543
-0.00775713
-0.00685608
-0.00728151
-0.00757296
-0.00718081
-0.00688847
-0.00719418
-0.00691452
-0.00741405
-0.00761495
-0.00734501
-0.00857703
-0.00678492
-0.00867614
-0.00830514
-0.0084962
-0.00698732
-0.00807089
-0.00798102
-0.0075374
-0.00768554
-0.00751513
-0.00702365
-0.00730995
-0.00744941
-0.00697513
-0.00732396
-0.00700302
-0.00806269
-0.00663089
-0.00774756
-0.00744343
-0.00797867
-0.00643392
-0.00801168
-0.00726541
-0.00731012
-0.00770057
-0.00714164
-0.00644726
-0.00638382
-0.00628863
-0.00746497
-0.00511673
-0.00730148
-0.00676763
-0.00584695
-0.00627561
-0.00619813
-0.00724134
-0.00508562
-0.00627599
-0.00625071
-0.00587841
-0.0055652
-0.00589452
-0.00548215
-0.00643406
-0.00599015
-0.00567212
-0.0066276
-0.00704789
-0.00674021
-0.00709625
-0.00641187
-0.00657895
-0.00646578
-0.0057078
-0.00663342
-0.00598543
-0.00638271
-0.00710987
-0.00651362
-0.0061103
-0.00796348
-0.00796154
-0.00685161
-0.00586242
-0.0078507
-0.00582108
-0.0064044
-0.00628003
-0.00803233
-0.00672694
-0.00756708
-0.00632578
-0.00606713
-0.00665125
-0.0064705
-0.00755472
-0.00836277
-0.00812191
-0.00646982
-0.00650736
-0.00720555
-0.00626906
-0.00678968
-0.00789534
-0.00929922
-0.00739669
-0.00765019
-0.00657291
-0.00689961
-0.00586559
-0.00677919
-0.00584493
-0.00666632
-0.00646659
-0.00689071
-0.00580501
-0.00834135
-0.00671928
-0.00742284
-0.00624219
-0.00677258
-0.00708131
-0.00896343
-0.00611472
-0.00572793
-0.00751733
-0.00599367
-0.00672884
-0.00789383
-0.00442967
-0.00496858
-0.00489911
-0.00489344
-0.00472162
-0.00486258
-0.00494327
-0.00474792
-0.0043764
-0.00429223
-0.00507968
-0.00515561
-0.00468727
-0.00461512
-0.00485126
-0.00397432
-0.0044163
-0.00508918
-0.00473622
-0.00500034
-0.00462737
-0.00558744
-0.00603454
-0.00599349
-0.00544688
-0.00553603
-0.00555947
-0.00552238
-0.00520662
-0.00573853
-0.00607526
-0.00611044
-0.0051957
-0.00591688
-0.00562346
-0.00673051
-0.0046969
-0.0053728
-0.00453971
-0.00606746
-0.005026
-0.0054082
-0.00627362
-0.00434752
-0.00603529
-0.00610743
-0.00517214
-0.00531573
-0.00510227
-0.00429042
-0.0044518
-0.00421832
-0.0036764
-0.00458781
-0.00472178
-0.00457311
-0.0044774
-0.0040203
-0.00460084
-0.00368725
-0.00449385
-0.00462208
-0.00442504
-0.00618414
-0.00634277
-0.00629947
-0.00589833
-0.00608207
-0.00612405
-0.0061591
-0.00701766
-0.00522146
-0.00632821
-0.00504452
-0.00603311
-0.00567993
-0.00555297
-0.00429429
-0.00422365
-0.00445588
-0.00459235
-0.00368186
-0.00472524
-0.0045756
-0.00448114
-0.00402452
-0.00460616
-0.00449991
-0.00369218
-0.00462477
-0.00442863
-0.00580133
-0.00833961
-0.00671502
-0.00741945
-0.00623778
-0.00676928
-0.00708045
-0.00895507
-0.00572177
-0.00609931
-0.00751478
-0.00598399
-0.0067248
-0.00789319
-0.00626702
-0.00677273
-0.00786525
-0.00738859
-0.00927648
-0.00764153
-0.00656602
-0.00688999
-0.00676265
-0.00584804
-0.00583384
-0.00664596
-0.00645427
-0.00688295
-0.00443346
-0.00497516
-0.00490342
-0.0047256
-0.00490024
-0.00486911
-0.0049497
-0.00475112
-0.00429553
-0.00438068
-0.00516157
-0.00508537
-0.00469741
-0.00461388
-0.00485479
-0.00397897
-0.00442111
-0.00500521
-0.00509538
-0.00473857
-0.00463465
-0.00627874
-0.00603957
-0.00436161
-0.00517703
-0.00611245
-0.00532147
-0.00511075
-0.00521017
-0.00574184
-0.0060735
-0.00519904
-0.00610883
-0.00592158
-0.00562864
-0.00673395
-0.00538023
-0.00470736
-0.00607154
-0.00455272
-0.00503304
-0.00541561
-0.00857271
-0.00864363
-0.00675995
-0.00849826
-0.00828459
-0.00695453
-0.00805657
-0.00799384
-0.00768351
-0.00753281
-0.00703586
-0.00750981
-0.00731405
-0.0074452
-0.00796153
-0.00642876
-0.00799998
-0.00727069
-0.00729013
-0.00769823
-0.00714202
-0.00696507
-0.00731682
-0.00698801
-0.00804705
-0.0066052
-0.00773348
-0.00743447
-0.00831823
-0.00721707
-0.00783021
-0.00711026
-0.00854194
-0.00723943
-0.0080923
-0.00854826
-0.00847813
-0.00845569
-0.0076027
-0.00843917
-0.00797759
-0.00833652
-0.00775715
-0.00837137
-0.00782602
-0.00856466
-0.0074918
-0.00851188
-0.00823148
-0.00847983
-0.00838097
-0.00846725
-0.00859794
-0.00829868
-0.008419
-0.00827119
-0.00840686
-0.00878427
-0.0083494
-0.00896918
-0.00860991
-0.00844583
-0.0086762
-0.00980389
-0.00866743
-0.00829512
-0.00847208
-0.00891916
-0.00883107
-0.00851792
-0.00808256
-0.00891404
-0.00906319
-0.008498
-0.00782954
-0.00817162
-0.0083879
-0.00793219
-0.00845238
-0.00813681
-0.00722933
-0.00923907
-0.00813166
-0.00808203
-0.00719821
-0.00821994
-0.00831668
-0.00840892
-0.0075376
-0.00807809
-0.00799961
-0.00726412
-0.00788065
-0.00726457
-0.00753157
-0.00775589
-0.00789578
-0.00786386
-0.00884814
-0.00839321
-0.00809876
-0.00853213
-0.00831287
-0.0085467
-0.00875528
-0.00848982
-0.00825107
-0.00838269
-0.00849225
-0.00859874
-0.00868004
-0.00832361
-0.00856357
-0.00822855
-0.00833651
-0.00834233
-0.00862417
-0.00842365
-0.00847304
-0.00837442
-0.00852414
-0.00830362
-0.00834025
-0.00858153
-0.00841331
-0.00838446
-0.0087112
-0.00849818
-0.00849822
-0.00859846
-0.00839528
-0.0089292
-0.00882859
-0.00831493
-0.00824838
-0.00860741
-0.00831466
-0.0084761
-0.00843976
-0.00837261
-0.00805882
-0.0087491
-0.00856959
-0.00853458
-0.00839048
-0.00929987
-0.00913324
-0.00849849
-0.00787291
-0.00869492
-0.00911802
-0.00859219
-0.00865462
-0.00806567
-0.0083144
-0.0076281
-0.0086434
-0.00830311
-0.00805745
-0.00811542
-0.00782395
-0.00858047
-0.00796875
-0.00780098
-0.00801787
-0.00825642
-0.00767635
-0.00788336
-0.00777162
-0.00861325
-0.00761133
-0.00900066
-0.00808333
-0.00848909
-0.00779334
-0.0075529
-0.00775957
-0.00758826
-0.00767747
-0.00756777
-0.00765249
-0.0075429
-0.00734273
-0.00729954
-0.00730057
-0.00746806
-0.00754909
-0.00751305
-0.00739487
-0.00772989
-0.00754702
-0.00744978
-0.00765066
-0.0076487
-0.00751311
-0.00761479
-0.00715318
-0.00752755
-0.00730285
-0.00747899
-0.00723162
-0.00754371
-0.00745576
-0.00752135
-0.00814891
-0.00764323
-0.00790632
-0.00804704
-0.00774632
-0.00794122
-0.00691605
-0.00726809
-0.00718255
-0.00742733
-0.00725183
-0.00754059
-0.00718825
-0.0072322
-0.00719442
-0.00696177
-0.00743877
-0.00726393
-0.00746443
-0.00720448
-0.00781869
-0.00766044
-0.00776692
-0.007632
-0.00771447
-0.00783725
-0.0079358
-0.00724977
-0.0075245
-0.0068862
-0.00818658
-0.00774259
-0.00605256
-0.00746502
-0.00690686
-0.00716019
-0.00691812
-0.00791393
-0.00615785
-0.00724743
-0.00729419
-0.00630165
-0.00688203
-0.00626824
-0.00710635
-0.00610447
-0.0068514
-0.00657094
-0.00729222
-0.00732282
-0.00808477
-0.00756506
-0.00750394
-0.00732797
-0.00729589
-0.00716501
-0.00705356
-0.0067528
-0.0073841
-0.00768162
-0.00722359
-0.00729119
-0.00645252
-0.0068427
-0.0072019
-0.00690853
-0.00674256
-0.00662594
-0.00643457
-0.00684962
-0.0075175
-0.00643128
-0.00705783
-0.00693642
-0.00715896
-0.00680754
-0.00682231
-0.00695595
-0.00705707
-0.00694265
-0.00687946
-0.00711235
-0.00717004
-0.00716494
-0.00698823
-0.00715815
-0.00729895
-0.00695678
-0.0072704
-0.00711496
-0.00601131
-0.00640327
-0.00683251
-0.00668448
-0.00681677
-0.00650137
-0.006357
-0.00675602
-0.00654519
-0.00670155
-0.00665422
-0.00644515
-0.00643237
-0.00656611
-0.00692682
-0.00671017
-0.00686224
-0.00731806
-0.00721921
-0.00708876
-0.00706599
-0.00672142
-0.00738255
-0.00783311
-0.00757283
-0.0083403
-0.00814438
-0.0070873
-0.00831447
-0.00666597
-0.00622361
-0.00604201
-0.00761888
-0.00772255
-0.00781914
-0.00716215
-0.00637906
-0.00668702
-0.0069575
-0.0061353
-0.00706104
-0.0070881
-0.00562107
-0.00624018
-0.00650284
-0.00639806
-0.00564852
-0.0059967
-0.00616176
-0.00651485
-0.0058257
-0.00670716
-0.00638425
-0.00598251
-0.00643573
-0.00658817
-0.0068791
-0.00486178
-0.00574131
-0.00660418
-0.00598816
-0.00631192
-0.00692806
-0.00580376
-0.00774329
-0.00808857
-0.00765409
-0.00636432
-0.00760238
-0.0078039
-0.00678627
-0.006396
-0.00658125
-0.00671483
-0.0057128
-0.00641563
-0.00675844
-0.00757807
-0.00714748
-0.00632956
-0.00658548
-0.00656523
-0.00721094
-0.00680637
-0.00764718
-0.00535023
-0.00722395
-0.00618241
-0.00744539
-0.00626608
-0.00618974
-0.00546741
-0.00622661
-0.00633816
-0.0059608
-0.00597265
-0.00605769
-0.00627981
-0.00570043
-0.00537623
-0.00487995
-0.00618748
-0.00610235
-0.00562223
-0.00572044
-0.00596519
-0.00558533
-0.00553546
-0.00589869
-0.00578341
-0.00616862
-0.00558663
-0.00532317
-0.00666108
-0.00721111
-0.00717715
-0.00549871
-0.00535015
-0.00653841
-0.00509035
-0.00543101
-0.00658758
-0.00799795
-0.00647098
-0.00675492
-0.00539113
-0.00631073
-0.00557789
-0.00467312
-0.00558834
-0.00475435
-0.00544432
-0.00611624
-0.00820921
-0.00486893
-0.00489907
-0.00653946
-0.00486646
-0.00590722
-0.00717818
-0.00481888
-0.00586501
-0.00472611
-0.00552846
-0.00603874
-0.00579058
-0.00531236
-0.0075112
-0.00598674
-0.00751306
-0.00746121
-0.00524636
-0.00554934
-0.0060178
-0.00559697
-0.00737523
-0.00577745
-0.00763627
-0.00522227
-0.00546708
-0.00640681
-0.00609733
-0.00570634
-0.00439789
-0.00589312
-0.00630068
-0.00604782
-0.00610446
-0.00596206
-0.00606359
-0.00602696
-0.00611996
-0.00606123
-0.00603934
-0.00616939
-0.00610181
-0.00600807
-0.00598249
-0.00585055
-0.00608631
-0.00611885
-0.00604806
-0.00491637
-0.00666211
-0.00640213
-0.00658262
-0.00629918
-0.00616871
-0.00622445
-0.00537831
-0.0055906
-0.00547126
-0.00580854
-0.00470292
-0.00580608
-0.00571191
-0.00578923
-0.00583083
-0.00512974
-0.00581606
-0.00475384
-0.00604165
-0.00561598
-0.00575918
-0.00582139
-0.00587444
-0.00596496
-0.00574414
-0.00614872
-0.00578691
-0.00717086
-0.00658287
-0.00531508
-0.00517368
-0.00602416
-0.00577327
-0.00574661
-0.00425555
-0.00476562
-0.00281166
-0.00445253
-0.00447745
-0.0049116
-0.0046347
-0.00313408
-0.00450526
-0.00504621
-0.00454479
-0.00516243
-0.00450989
-0.00447941
-0.00609609
-0.0043981
-0.00570352
-0.00630066
-0.00589088
-0.0060456
-0.00610278
-0.00604108
-0.00595852
-0.00602041
-0.00611685
-0.00605965
-0.00603759
-0.00616424
-0.00491333
-0.00666178
-0.00639678
-0.00658315
-0.00629581
-0.00616764
-0.00622146
-0.00609708
-0.0060064
-0.00598095
-0.00584741
-0.00608285
-0.006115
-0.00604776
-0.00535742
-0.00560424
-0.0055111
-0.00582958
-0.00468476
-0.00579975
-0.00570127
-0.00581096
-0.00514158
-0.00585155
-0.00581136
-0.00476339
-0.00597731
-0.00561077
-0.00577441
-0.00583523
-0.00589057
-0.00575487
-0.0059758
-0.00615997
-0.0057992
-0.00718277
-0.00532812
-0.00659957
-0.0060398
-0.00518989
-0.00578717
-0.00576033
-0.00728869
-0.00682963
-0.00735015
-0.00656937
-0.00662425
-0.00661415
-0.00669641
-0.00796581
-0.00645534
-0.00618562
-0.00549627
-0.00766242
-0.00609133
-0.00644059
-0.00636121
-0.0066818
-0.00708198
-0.0071187
-0.00665724
-0.00699997
-0.00672717
-0.00634559
-0.00630057
-0.00574333
-0.0060329
-0.0060052
-0.00597837
-0.00616452
-0.00567407
-0.00538362
-0.00490867
-0.00619228
-0.0059527
-0.00562892
-0.00572189
-0.00550376
-0.00613995
-0.00633458
-0.00594171
-0.00598444
-0.00598413
-0.00614895
-0.00602408
-0.00553857
-0.00521668
-0.0058511
-0.00610961
-0.00603189
-0.00560537
-0.00822
-0.00488099
-0.00490802
-0.0048771
-0.00654542
-0.00591551
-0.00718998
-0.00666673
-0.00533743
-0.00722731
-0.00718941
-0.00550793
-0.00654784
-0.00536935
-0.00632055
-0.00559653
-0.0046933
-0.00476619
-0.00561072
-0.00545808
-0.00613102
-0.00509862
-0.00546712
-0.00663175
-0.00648754
-0.00802324
-0.00677122
-0.00540955
-0.00752273
-0.00600065
-0.00752765
-0.00525974
-0.00747223
-0.00556086
-0.00602888
-0.00482714
-0.00587302
-0.00473976
-0.00605048
-0.00553736
-0.00579988
-0.00531977
-0.00560135
-0.00579725
-0.00739
-0.00548018
-0.0052339
-0.00764107
-0.00641723
-0.0072359
-0.00686345
-0.00750703
-0.00772596
-0.00817685
-0.0060429
-0.00745503
-0.0062752
-0.0068662
-0.0062577
-0.0070854
-0.00608503
-0.00684399
-0.00656671
-0.00689915
-0.00715785
-0.00691201
-0.00790647
-0.00614976
-0.00724338
-0.00729324
-0.00702522
-0.00723685
-0.00715724
-0.00720988
-0.00705462
-0.00719476
-0.00724773
-0.00685052
-0.00716471
-0.00628237
-0.00669183
-0.00744092
-0.00700516
-0.00704403
-0.00736183
-0.00744243
-0.00870362
-0.00829966
-0.00733906
-0.00728069
-0.00721244
-0.00727679
-0.00730988
-0.00804355
-0.00749052
-0.00753304
-0.00730365
-0.00726872
-0.00645556
-0.00685035
-0.00719951
-0.00692561
-0.00673517
-0.00662733
-0.00641478
-0.0071896
-0.00707328
-0.00675274
-0.0074028
-0.0076911
-0.00723919
-0.00731622
-0.00683938
-0.00641708
-0.00750035
-0.00695945
-0.00704743
-0.00715349
-0.00681337
-0.00684434
-0.00697316
-0.00705981
-0.00688827
-0.00694392
-0.00710628
-0.00718656
-0.00719527
-0.00717598
-0.00699342
-0.00696593
-0.00727547
-0.00725771
-0.00714673
-0.0060016
-0.00641232
-0.00681248
-0.00669925
-0.00677631
-0.00650091
-0.00631208
-0.00676501
-0.00666399
-0.00653968
-0.00669443
-0.00643659
-0.00646133
-0.00655639
-0.00843848
-0.00770154
-0.00740953
-0.00817614
-0.00741461
-0.00778585
-0.00784682
-0.0066649
-0.00690325
-0.00680187
-0.00730322
-0.00723519
-0.00702034
-0.00706951
-0.00831826
-0.00668358
-0.00622867
-0.00759912
-0.00607383
-0.00769823
-0.0077545
-0.00660908
-0.00730884
-0.00779277
-0.00834285
-0.00752828
-0.00812386
-0.00695444
-0.00646573
-0.00590611
-0.00665037
-0.0058806
-0.00637896
-0.00644746
-0.00655967
-0.0056179
-0.0063197
-0.00652507
-0.00564516
-0.00652753
-0.00602683
-0.00619099
-0.00706136
-0.00583237
-0.00480567
-0.00625553
-0.0059631
-0.00689919
-0.00704304
-0.0077529
-0.00785087
-0.00792981
-0.00765622
-0.00785068
-0.00784396
-0.00762559
-0.00791898
-0.0078974
-0.00789052
-0.00784349
-0.00785361
-0.00766741
-0.00779797
-0.00621427
-0.00659812
-0.00604326
-0.00621311
-0.00629928
-0.00627083
-0.0062243
-0.00581239
-0.00581812
-0.00562943
-0.00563767
-0.00588202
-0.00595698
-0.00616323
-0.00681001
-0.0058881
-0.00601214
-0.00585619
-0.00564195
-0.00631938
-0.00589319
-0.00578322
-0.00570173
-0.00576046
-0.00613048
-0.00594306
-0.00639984
-0.00602937
-0.00619288
-0.00589365
-0.00575266
-0.00616595
-0.005651
-0.00597466
-0.00600376
-0.00575096
-0.00591648
-0.00557518
-0.00599026
-0.00558013
-0.00579819
-0.00585941
-0.00527774
-0.00485828
-0.0047654
-0.00567022
-0.00517262
-0.00560938
-0.00523436
-0.00450746
-0.00540074
-0.00481051
-0.00536
-0.00513507
-0.00533793
-0.00530685
-0.00538667
-0.00410598
-0.00434152
-0.0049371
-0.00454503
-0.00496859
-0.00501114
-0.00473031
-0.00415526
-0.00435436
-0.00428603
-0.00480934
-0.00471931
-0.00438021
-0.0040118
-0.00496397
-0.00452747
-0.00532437
-0.00398703
-0.00535648
-0.00496346
-0.00456603
-0.00466832
-0.00454282
-0.00477061
-0.00467034
-0.00487819
-0.00459118
-0.00564361
-0.00632768
-0.00643329
-0.00542413
-0.00652597
-0.00560464
-0.00571697
-0.00635757
-0.00685334
-0.00590584
-0.00594242
-0.00650842
-0.00593831
-0.00635005
-0.0068669
-0.00573403
-0.00697641
-0.00548079
-0.00565788
-0.00715786
-0.00543743
-0.00594516
-0.00587714
-0.00607873
-0.00598743
-0.00631568
-0.00653041
-0.0060329
-0.00562303
-0.00591477
-0.00574941
-0.00573925
-0.00547248
-0.0056994
-0.00555601
-0.00551835
-0.00562809
-0.00516916
-0.00569134
-0.00530744
-0.00583138
-0.00592089
-0.00457897
-0.00511648
-0.00503024
-0.00493719
-0.00444254
-0.00449112
-0.00436395
-0.00508836
-0.00485388
-0.00477263
-0.00449023
-0.00540249
-0.00532861
-0.00510838
-0.00427428
-0.00454332
-0.0058921
-0.00448888
-0.00573261
-0.00534034
-0.00534366
-0.00562675
-0.00575681
-0.00592129
-0.00574301
-0.00547977
-0.0057049
-0.00556155
-0.00552703
-0.00563241
-0.00517018
-0.00569566
-0.00530906
-0.0058395
-0.00592782
-0.00564389
-0.00643898
-0.00633576
-0.00542765
-0.00652819
-0.00561104
-0.00572122
-0.00636498
-0.00592104
-0.00685883
-0.00651718
-0.00594952
-0.00594438
-0.00636038
-0.00595188
-0.00588936
-0.00608741
-0.00599741
-0.00631717
-0.00603816
-0.00655238
-0.00687721
-0.00575146
-0.00696614
-0.005485
-0.00715562
-0.00566742
-0.00544032
-0.00586961
-0.00559677
-0.00564777
-0.00577232
-0.00612469
-0.00616192
-0.00591879
-0.0045683
-0.00501314
-0.00509729
-0.00491475
-0.00442356
-0.00447654
-0.0043478
-0.00543614
-0.00455149
-0.00627219
-0.00566909
-0.00473095
-0.00501989
-0.00501199
-0.00430135
-0.00462597
-0.00440716
-0.00468486
-0.00437292
-0.00442576
-0.00426452
-0.00442148
-0.00425733
-0.00442963
-0.00451876
-0.0043981
-0.0045164
-0.00429363
-0.00436891
-0.00534184
-0.00492299
-0.00527331
-0.00538906
-0.00588528
-0.00523601
-0.00619191
-0.00573343
-0.00587804
-0.00615008
-0.0056365
-0.0059618
-0.00599924
-0.00573237
-0.00588004
-0.00553845
-0.00596052
-0.00555571
-0.00577526
-0.00582856
-0.00536104
-0.00432463
-0.00408788
-0.00492248
-0.00452389
-0.00495578
-0.0049925
-0.00472557
-0.00433647
-0.00414429
-0.00479887
-0.00426856
-0.004705
-0.00436027
-0.00456052
-0.00465
-0.00451137
-0.00475019
-0.00465183
-0.00486081
-0.0045733
-0.0039979
-0.00494905
-0.00450295
-0.00534394
-0.00530896
-0.00396997
-0.00495204
-0.00635806
-0.00587454
-0.00587256
-0.00596439
-0.00610361
-0.00603073
-0.00584282
-0.00620757
-0.00592972
-0.00543019
-0.00562762
-0.00598806
-0.00593552
-0.00598615
-0.00611259
-0.00645401
-0.00578732
-0.00488879
-0.00636301
-0.00589185
-0.00658483
-0.00645095
-0.00647705
-0.00594254
-0.00649288
-0.0056394
-0.00635346
-0.00619685
-0.00620347
-0.00592809
-0.00543257
-0.00598843
-0.0056275
-0.00593482
-0.00598753
-0.0063931
-0.00588092
-0.00583616
-0.00597605
-0.00609127
-0.006022
-0.0058452
-0.00744707
-0.00752231
-0.00768226
-0.00725144
-0.00743767
-0.00738886
-0.00727385
-0.00664975
-0.00679867
-0.00700926
-0.00623311
-0.00683949
-0.00678463
-0.00689641
-0.00756155
-0.00730182
-0.00734322
-0.00724882
-0.00737872
-0.00755313
-0.00736252
-0.00654157
-0.006602
-0.00646544
-0.00637491
-0.00628705
-0.00629434
-0.00648396
-0.00670225
-0.00661319
-0.00659267
-0.00658911
-0.00649372
-0.0064253
-0.00653317
-0.00663905
-0.00641178
-0.00639755
-0.00654067
-0.00652793
-0.00645756
-0.00639157
-0.00613717
-0.00654343
-0.00618218
-0.00625858
-0.00575453
-0.00598478
-0.00641696
-0.00659488
-0.00696175
-0.00664834
-0.00667979
-0.00649438
-0.00660522
-0.0066226
-0.00775128
-0.00738257
-0.00755767
-0.00778993
-0.00722842
-0.00739186
-0.00735492
-0.00707522
-0.00723598
-0.00712481
-0.00711444
-0.00723759
-0.00708477
-0.00715873
-0.00772924
-0.00802072
-0.00785045
-0.00785332
-0.00745956
-0.00757201
-0.00761003
-0.00742653
-0.00751483
-0.00768836
-0.00723044
-0.00743087
-0.00738175
-0.00723666
-0.00754053
-0.00733183
-0.00729242
-0.00736627
-0.00720594
-0.00754121
-0.00735198
-0.00615045
-0.00655431
-0.00619202
-0.00576597
-0.00626946
-0.00599278
-0.00642518
-0.00685917
-0.00688409
-0.00678589
-0.00663264
-0.00679455
-0.00676181
-0.00672102
-0.00660306
-0.00654313
-0.00646191
-0.00637092
-0.00629024
-0.00648352
-0.00629382
-0.00665032
-0.00642153
-0.00640937
-0.00656526
-0.00653603
-0.00646386
-0.00641171
-0.00671626
-0.00662326
-0.00660303
-0.00660779
-0.00650718
-0.00644047
-0.0065533
-0.00657548
-0.0066356
-0.00692686
-0.00648301
-0.00665061
-0.00659635
-0.00659049
-0.00805914
-0.00808722
-0.00800945
-0.00802843
-0.00829127
-0.00814062
-0.00803606
-0.00841263
-0.00842963
-0.00837042
-0.00829405
-0.00849217
-0.0082543
-0.00831067
-0.00582624
-0.00557423
-0.00611189
-0.00490265
-0.00589554
-0.00536694
-0.00583346
-0.00587332
-0.00561579
-0.0062088
-0.00506632
-0.00587624
-0.00542866
-0.00604405
-0.00655853
-0.00613435
-0.00625667
-0.00608257
-0.00640152
-0.00615283
-0.00621776
-0.00714016
-0.00671321
-0.00666477
-0.00652272
-0.00658833
-0.00650686
-0.00666321
-0.00583262
-0.00557679
-0.00611896
-0.00590205
-0.00490814
-0.00535304
-0.00583275
-0.00587768
-0.00621284
-0.00562117
-0.00507309
-0.00588265
-0.00543564
-0.00604713
-0.00884103
-0.00879784
-0.00893204
-0.00895098
-0.00893852
-0.00916505
-0.00877349
-0.00812063
-0.00836319
-0.00840619
-0.00845015
-0.00839303
-0.00864005
-0.00849569
-0.00808515
-0.00808053
-0.00800722
-0.00799995
-0.0082882
-0.00812961
-0.00804395
-0.00840431
-0.00838033
-0.0084698
-0.00829553
-0.00848746
-0.00825746
-0.00831928
-0.00859751
-0.00887419
-0.00888656
-0.00878654
-0.00876611
-0.00884901
-0.00885958
-0.0085366
-0.00860347
-0.0085541
-0.00871515
-0.00870996
-0.00897255
-0.00851339
-0.00806995
-0.00819814
-0.00797454
-0.00833208
-0.007942
-0.00813954
-0.00814023
-0.00851708
-0.008425
-0.00849511
-0.00851825
-0.00836388
-0.00827784
-0.00838278
-0.00640444
-0.00590738
-0.00658457
-0.00641851
-0.00585706
-0.00597637
-0.00639937
-0.00676911
-0.00675828
-0.00627615
-0.00664702
-0.00600821
-0.0059818
-0.00649055
-0.00612048
-0.00562042
-0.00562773
-0.00572301
-0.00552101
-0.00553124
-0.00571985
-0.00572863
-0.00520617
-0.0051843
-0.0053567
-0.00534076
-0.00529637
-0.00535277
-0.0064185
-0.00660263
-0.0059243
-0.00586648
-0.0064432
-0.00598402
-0.00641015
-0.0067788
-0.00676943
-0.00628178
-0.00601902
-0.00665974
-0.00598413
-0.00650534
-0.00613572
-0.00564667
-0.00567831
-0.00552288
-0.0057372
-0.00554116
-0.00573188
-0.00573739
-0.00521304
-0.00518902
-0.00536543
-0.00534548
-0.00530151
-0.00535901
-0.00855184
-0.0088184
-0.00885529
-0.00874138
-0.00874784
-0.00881072
-0.00882263
-0.00847597
-0.00858431
-0.00853529
-0.00866869
-0.00868494
-0.00892492
-0.00849342
-0.00806885
-0.00802265
-0.00822757
-0.00795957
-0.00832466
-0.00813269
-0.00817207
-0.00852589
-0.00841476
-0.00848616
-0.00850848
-0.00834983
-0.00825509
-0.00837147
-0.00776757
-0.00806272
-0.00790111
-0.00798262
-0.00763925
-0.0077622
-0.00771353
-0.00739338
-0.00753918
-0.00750375
-0.00771574
-0.00753816
-0.00756085
-0.00760107
-0.00813298
-0.00799062
-0.00803874
-0.00785589
-0.00755107
-0.0077722
-0.00769407
-0.00781915
-0.00768827
-0.00782572
-0.0076158
-0.00774765
-0.00764512
-0.00765948
-0.00731183
-0.00750356
-0.00761707
-0.00699915
-0.00737729
-0.0071683
-0.0075614
-0.00691329
-0.0072422
-0.00696302
-0.00676339
-0.00689295
-0.00680315
-0.00707622
-0.00688252
-0.00701633
-0.00683925
-0.0068756
-0.00698935
-0.00681005
-0.00667504
-0.00690358
-0.00651838
-0.00667048
-0.00677941
-0.00663603
-0.00677554
-0.00640105
-0.00703408
-0.00696053
-0.00695207
-0.00683841
-0.00669383
-0.00684347
-0.00678834
-0.00636826
-0.00674741
-0.00652941
-0.00666282
-0.00647838
-0.00622105
-0.00660412
-0.00640792
-0.00678279
-0.00678246
-0.00637679
-0.00623433
-0.00620106
-0.00678777
-0.00752723
-0.00748507
-0.00767641
-0.00756155
-0.00733032
-0.00762391
-0.00752673
-0.00728963
-0.00748566
-0.00759032
-0.0073561
-0.00698091
-0.00715204
-0.00753884
-0.00737477
-0.00752207
-0.00748663
-0.00769283
-0.00751439
-0.00754431
-0.00757953
-0.00775509
-0.00805713
-0.00788644
-0.00796571
-0.0076272
-0.00774449
-0.00770913
-0.00796093
-0.00810548
-0.0080123
-0.00782826
-0.00752376
-0.00767798
-0.0077514
-0.0078117
-0.00766384
-0.00780273
-0.00760214
-0.00773323
-0.00762722
-0.00760364
-0.00694458
-0.00698907
-0.00724945
-0.00678868
-0.00689299
-0.00681014
-0.00706517
-0.00642594
-0.00680551
-0.00680738
-0.00639242
-0.00625199
-0.00621494
-0.00680794
-0.00686815
-0.00697025
-0.00684307
-0.0069606
-0.00688209
-0.0067992
-0.00662586
-0.00707153
-0.00699293
-0.00699197
-0.00687914
-0.00672101
-0.00688815
-0.00681879
-0.00692113
-0.00653465
-0.00668646
-0.00677805
-0.00665626
-0.00680058
-0.00640791
-0.00676338
-0.00636317
-0.00652976
-0.00666898
-0.0064746
-0.00661999
-0.00622079
-0.00750171
-0.00651857
-0.00662045
-0.00655609
-0.0064696
-0.00636309
-0.00652997
-0.00612499
-0.00608421
-0.00590839
-0.00599747
-0.0061724
-0.00601579
-0.00611824
-0.00592242
-0.00573564
-0.00599109
-0.00615477
-0.00532253
-0.00571503
-0.00616597
-0.006299
-0.00581872
-0.00646921
-0.00605127
-0.00555503
-0.00564398
-0.00609008
-0.00611055
-0.00602579
-0.00594427
-0.00609701
-0.00606614
-0.00603085
-0.00611533
-0.00751278
-0.00654128
-0.00661231
-0.00648378
-0.00657995
-0.00637102
-0.00653173
-0.00631851
-0.00582984
-0.00647775
-0.00606379
-0.00556976
-0.00564976
-0.00610342
-0.00597336
-0.00577564
-0.00598069
-0.00619107
-0.00534971
-0.00571488
-0.00615024
-0.00591842
-0.00590091
-0.00550801
-0.00680277
-0.0067143
-0.0066071
-0.00650653
-0.00626132
-0.00601023
-0.00619693
-0.00569682
-0.00605409
-0.00591503
-0.00616421
-0.00616207
-0.00586082
-0.00616973
-0.00560748
-0.00606326
-0.0055499
-0.00615754
-0.0062898
-0.00628182
-0.00616318
-0.00661726
-0.00690998
-0.0069371
-0.00707276
-0.00641047
-0.00643485
-0.00655875
-0.00656675
-0.00678167
-0.00630837
-0.00704022
-0.0073228
-0.00796959
-0.00819284
-0.00713081
-0.00740779
-0.00794214
-0.00741357
-0.00709597
-0.00780245
-0.0079629
-0.00699052
-0.007202
-0.00725313
-0.00760216
-0.00736724
-0.00724198
-0.00740306
-0.00707782
-0.00733761
-0.00694474
-0.0071459
-0.00600802
-0.00614526
-0.00574741
-0.00620489
-0.00611451
-0.005728
-0.00619805
-0.00614747
-0.00617969
-0.00642606
-0.00609346
-0.006413
-0.00643301
-0.00637765
-0.00606993
-0.00607737
-0.00620601
-0.00609006
-0.00628924
-0.00633613
-0.00629694
-0.006222
-0.00620569
-0.00654057
-0.00634862
-0.00640542
-0.00650516
-0.00650563
-0.00754898
-0.00785121
-0.00765216
-0.00813043
-0.00814539
-0.00766416
-0.00800736
-0.00733527
-0.00739702
-0.00716237
-0.0069809
-0.00702445
-0.00682223
-0.00718978
-0.00553743
-0.00592779
-0.00571731
-0.00566238
-0.00608583
-0.00548938
-0.00613593
-0.00736661
-0.00723871
-0.00751499
-0.00736024
-0.00729726
-0.00747403
-0.00728807
-0.00775751
-0.00813879
-0.00800831
-0.00777085
-0.00812413
-0.00770832
-0.00807869
-0.0091495
-0.0092349
-0.00884983
-0.00959332
-0.00948425
-0.00948188
-0.00939439
-0.00845324
-0.00843781
-0.00847024
-0.00787967
-0.00822046
-0.00804211
-0.00842018
-0.00807784
-0.00803206
-0.00836134
-0.00811158
-0.00813385
-0.00773329
-0.00778473
-0.0066059
-0.00668607
-0.00650454
-0.00637534
-0.00623725
-0.00627454
-0.00591442
-0.00678964
-0.00682218
-0.00687317
-0.0067201
-0.00652651
-0.00672606
-0.00651994
-0.00657276
-0.0062453
-0.00667423
-0.00671599
-0.00647244
-0.00639176
-0.00681761
-0.00795453
-0.00770022
-0.0079005
-0.00802655
-0.00796739
-0.0076621
-0.00788167
-0.00836635
-0.00845448
-0.00841035
-0.00789065
-0.00842112
-0.00785135
-0.00848933
-0.00814769
-0.00809281
-0.00846085
-0.0081809
-0.00814098
-0.00776313
-0.00776925
-0.00639627
-0.00612992
-0.00618825
-0.00618432
-0.00607634
-0.00632218
-0.00596203
-0.00659835
-0.00651046
-0.00682026
-0.00669883
-0.0066159
-0.00648781
-0.00677443
-0.00780708
-0.00760983
-0.00789757
-0.00799105
-0.00779347
-0.00759376
-0.00781997
-0.00935184
-0.00936715
-0.00902342
-0.00909404
-0.00954625
-0.00945743
-0.00967326
-0.00859114
-0.00880039
-0.00854063
-0.00849901
-0.00904311
-0.00829503
-0.00922959
-0.00822548
-0.00817577
-0.00821284
-0.00821914
-0.00796847
-0.00779665
-0.00789016
-0.00610262
-0.0063096
-0.00601481
-0.00588945
-0.00639227
-0.00591163
-0.00627828
-0.00567698
-0.0056458
-0.00570588
-0.00583357
-0.00558335
-0.00555062
-0.00583312
-0.00585657
-0.00559155
-0.005678
-0.00580632
-0.00534583
-0.00541071
-0.00578066
-0.0086679
-0.00880127
-0.00870952
-0.00818711
-0.00792541
-0.00823298
-0.00835212
-0.00829843
-0.008401
-0.00801179
-0.0087015
-0.00849475
-0.00774213
-0.00841124
-0.0070544
-0.00730254
-0.00719152
-0.00728961
-0.00706069
-0.00697212
-0.00700996
-0.00491305
-0.00518075
-0.00569652
-0.00523081
-0.00519226
-0.00495312
-0.00518471
-0.00499566
-0.00518484
-0.00559176
-0.00520224
-0.00519686
-0.00491565
-0.00519163
-0.00807141
-0.0079914
-0.00873854
-0.0087426
-0.00800926
-0.00818329
-0.00853175
-0.00802813
-0.00788487
-0.00869312
-0.00842567
-0.00797156
-0.00780806
-0.0084005
-0.0065595
-0.00652977
-0.00646806
-0.00607235
-0.00658581
-0.00627863
-0.00624748
-0.00578159
-0.00566194
-0.00614014
-0.00566524
-0.0055132
-0.00575076
-0.00569735
-0.00572644
-0.00531753
-0.00616399
-0.0056932
-0.00542028
-0.00572452
-0.00566377
-0.00698681
-0.00659285
-0.0066944
-0.00638353
-0.00633036
-0.00676371
-0.00633231
-0.00716327
-0.00719859
-0.00794307
-0.0075525
-0.00743398
-0.00688223
-0.00754922
-0.00699385
-0.00693008
-0.00761041
-0.00736761
-0.00697961
-0.00672965
-0.00734188
-0.00800338
-0.00873364
-0.00883151
-0.00787438
-0.00935458
-0.0078616
-0.0079513
-0.00686933
-0.00738136
-0.00737117
-0.00736484
-0.00752825
-0.00716535
-0.00723396
-0.00723138
-0.00738122
-0.00806054
-0.00711473
-0.00752217
-0.00683869
-0.00732014
-0.00734859
-0.0070167
-0.00727988
-0.00756289
-0.00720399
-0.00728465
-0.00764801
-0.00720021
-0.00764596
-0.00796693
-0.00691854
-0.00759025
-0.00693124
-0.00714964
-0.00717817
-0.00677339
-0.00684251
-0.00738936
-0.00685776
-0.00722243
-0.00738285
-0.0057634
-0.00570065
-0.00579837
-0.00561123
-0.0056878
-0.00587847
-0.00576555
-0.00623315
-0.00615095
-0.00627232
-0.00617803
-0.00611042
-0.00633809
-0.00624268
-0.0060669
-0.00606645
-0.00604717
-0.00607092
-0.00605887
-0.00596756
-0.00615502
-0.00525072
-0.0054681
-0.00537322
-0.00582016
-0.00529497
-0.00547801
-0.0053208
-0.00523777
-0.00548253
-0.00573191
-0.00530658
-0.0054684
-0.00518642
-0.00531877
-0.00606698
-0.00606847
-0.00607413
-0.00604914
-0.0059705
-0.00606508
-0.00615377
-0.00624296
-0.00615546
-0.00619028
-0.0062698
-0.0063662
-0.00612205
-0.0062566
-0.00524045
-0.00548317
-0.00530697
-0.00573388
-0.00518758
-0.00546971
-0.00532066
-0.00525561
-0.00547673
-0.00582279
-0.00537998
-0.00547936
-0.00530257
-0.00532446
-0.00579851
-0.00571646
-0.00563093
-0.00582006
-0.0059117
-0.00571238
-0.00580094
-0.0072406
-0.00738
-0.0071122
-0.0080558
-0.00683651
-0.00752061
-0.00730382
-0.00734853
-0.0070178
-0.00756173
-0.00728265
-0.0072834
-0.0072066
-0.00764569
-0.0071787
-0.00764283
-0.00692301
-0.00796894
-0.00693376
-0.00758747
-0.00715182
-0.00719283
-0.00675182
-0.00740569
-0.00684472
-0.00722765
-0.00689238
-0.0073933
-0.00830173
-0.00889057
-0.00882355
-0.00813586
-0.00869351
-0.00808093
-0.00813446
-0.00831117
-0.00795528
-0.00813642
-0.00855559
-0.0080634
-0.00839452
-0.00846243
-0.00787857
-0.00863083
-0.00876264
-0.00771
-0.00848369
-0.00775332
-0.00786037
-0.0079893
-0.00746297
-0.00778167
-0.0082399
-0.00767603
-0.0080754
-0.00822545
-0.00599962
-0.00597967
-0.00641319
-0.00614317
-0.00601114
-0.00596916
-0.00642131
-0.006026
-0.00594138
-0.00608516
-0.00641484
-0.00595237
-0.00602207
-0.00639614
-0.00535081
-0.00529735
-0.00549111
-0.00595322
-0.00523158
-0.00521798
-0.00557003
-0.00519109
-0.00508559
-0.00590746
-0.00550797
-0.00516084
-0.00508948
-0.00546652
-0.00602538
-0.00594168
-0.00641695
-0.00608251
-0.00602268
-0.00595002
-0.0063962
-0.00600147
-0.00596554
-0.00614818
-0.00643078
-0.00597034
-0.00599735
-0.00642992
-0.0051867
-0.00508341
-0.0055057
-0.0059068
-0.00508728
-0.00515636
-0.00546558
-0.00534422
-0.00531184
-0.00595271
-0.00547977
-0.00521018
-0.00522764
-0.00556517
-0.00827309
-0.00884941
-0.00815501
-0.00881976
-0.00805921
-0.00869715
-0.00813004
-0.00831563
-0.00795917
-0.00855745
-0.0081545
-0.00838343
-0.00805851
-0.00847442
-0.00788973
-0.00863499
-0.00774164
-0.00877642
-0.00775571
-0.00849981
-0.0078842
-0.00800838
-0.00745004
-0.00825478
-0.00777722
-0.00808938
-0.00770604
-0.00824622
-0.00791232
-0.00785553
-0.0081644
-0.00808926
-0.00801415
-0.00786682
-0.0083007
-0.00858048
-0.00842081
-0.00827588
-0.00829397
-0.00849695
-0.00853411
-0.00833115
-0.00858152
-0.00821511
-0.00850783
-0.00837157
-0.00851886
-0.00834512
-0.00859572
-0.00794275
-0.00792061
-0.0076813
-0.00784999
-0.00793358
-0.00792711
-0.00771649
-0.00791436
-0.00777652
-0.00790145
-0.00767066
-0.00787243
-0.00769687
-0.00785849
-0.00779601
-0.00743619
-0.00758039
-0.0073587
-0.00765155
-0.0075198
-0.00762909
-0.00784135
-0.00735059
-0.00758333
-0.00758978
-0.00754011
-0.00757931
-0.00786462
-0.00654804
-0.00669554
-0.00629186
-0.00671433
-0.00647723
-0.00676996
-0.00636411
-0.00657912
-0.00670712
-0.0067881
-0.0064297
-0.00677172
-0.00640279
-0.00654415
-0.00778939
-0.0075728
-0.00742248
-0.00735235
-0.00764288
-0.00762301
-0.00751231
-0.00783538
-0.00734541
-0.00758614
-0.0075786
-0.00757413
-0.00753467
-0.00785935
-0.0066149
-0.00664636
-0.00646565
-0.00680737
-0.006424
-0.00677417
-0.00659893
-0.00855781
-0.0082728
-0.00839761
-0.0082669
-0.0084925
-0.00831772
-0.00851587
-0.00855214
-0.00818752
-0.00835209
-0.00848082
-0.00832921
-0.00849144
-0.00856088
-0.0078669
-0.00798847
-0.00759718
-0.00790547
-0.0076315
-0.00780986
-0.00781756
-0.0086438
-0.00851651
-0.00838626
-0.0082473
-0.00860844
-0.00854772
-0.0083949
-0.0086766
-0.00834315
-0.00850698
-0.00840917
-0.0085868
-0.00842277
-0.0086395
-0.00779695
-0.00789772
-0.00765063
-0.00774973
-0.00782535
-0.00786122
-0.00762882
-0.00787302
-0.00780023
-0.00779591
-0.00755282
-0.00788442
-0.00761374
-0.00780415
-0.00771273
-0.00752064
-0.00747305
-0.00720544
-0.00779924
-0.0074597
-0.00733339
-0.0076029
-0.00717331
-0.00725808
-0.00717398
-0.0073997
-0.00724641
-0.00742464
-0.00655793
-0.00679275
-0.0064678
-0.00676377
-0.00656422
-0.00676387
-0.00645571
-0.00653462
-0.0068054
-0.00665037
-0.00637632
-0.00672094
-0.00644401
-0.00645662
-0.00771005
-0.00746779
-0.00751667
-0.00720559
-0.00779378
-0.00733095
-0.0074634
-0.00758989
-0.00716745
-0.00716357
-0.00729039
-0.00723923
-0.00740421
-0.0074197
-0.00656659
-0.00679997
-0.00635551
-0.00662938
-0.00647907
-0.00676065
-0.00647804
-0.00861377
-0.00836549
-0.00849121
-0.00822351
-0.0085721
-0.00837806
-0.00852998
-0.00864557
-0.00832753
-0.00839616
-0.0085032
-0.00840208
-0.00858021
-0.00862132
-0.00787711
-0.007994
-0.00761272
-0.00777469
-0.00760396
-0.00784035
-0.00786497
-0.00813758
-0.00865499
-0.00846067
-0.00806838
-0.00884612
-0.00814769
-0.0080113
-0.00808351
-0.00879333
-0.00800517
-0.00875707
-0.00800717
-0.00851963
-0.00792049
-0.0081989
-0.00808061
-0.00852861
-0.00787032
-0.00844824
-0.00799046
-0.00831672
-0.00805095
-0.00876064
-0.00784941
-0.00855798
-0.00799274
-0.00849048
-0.00791227
-0.0081555
-0.00798595
-0.00830442
-0.00766298
-0.00832586
-0.00794534
-0.0081685
-0.00645086
-0.00674624
-0.00631565
-0.00622976
-0.00671853
-0.00649562
-0.0062515
-0.00634081
-0.00619919
-0.00663503
-0.00597151
-0.0065482
-0.00605203
-0.00630981
-0.00499505
-0.00559204
-0.0051845
-0.00520257
-0.0051955
-0.00519143
-0.00491517
-0.00634095
-0.00663451
-0.00619898
-0.00597127
-0.00654857
-0.00630965
-0.00605179
-0.00645066
-0.00631534
-0.00674675
-0.00622896
-0.00671844
-0.00625109
-0.00649573
-0.00491564
-0.00569784
-0.00518974
-0.00523252
-0.0051955
-0.00518603
-0.00495717
-0.00819895
-0.00852734
-0.00812168
-0.00800637
-0.00840503
-0.00836909
-0.00807696
-0.00818291
-0.00823732
-0.00801394
-0.00761254
-0.00835697
-0.00810611
-0.00792138
-0.00713389
-0.00791948
-0.0071992
-0.00757877
-0.00719692
-0.00759205
-0.00683162
-0.00724716
-0.00714512
-0.00753965
-0.00692014
-0.00752992
-0.00705216
-0.00727652
-0.00702413
-0.00775171
-0.00691366
-0.00743078
-0.00707371
-0.00743269
-0.00675779
-0.0070134
-0.00682857
-0.00721598
-0.00654898
-0.00728418
-0.00682671
-0.00694423
-0.00638313
-0.00655704
-0.00632273
-0.00621786
-0.00650775
-0.00635206
-0.00624697
-0.00645494
-0.00621071
-0.00647829
-0.00625823
-0.00649818
-0.00628889
-0.0063726
-0.00572542
-0.00616254
-0.0053175
-0.00569328
-0.00542015
-0.00566214
-0.00572311
-0.0064552
-0.00647564
-0.00621011
-0.00625814
-0.00650151
-0.0063702
-0.00628751
-0.00637672
-0.00632303
-0.006562
-0.00620968
-0.0065046
-0.00624597
-0.00633437
-0.00578438
-0.0061425
-0.00566618
-0.00566982
-0.00551493
-0.00570043
-0.005757
-0.00719998
-0.00756014
-0.00725131
-0.00693592
-0.0075697
-0.00725278
-0.00711688
-0.00703235
-0.00717772
-0.00677051
-0.00658376
-0.00719677
-0.00694111
-0.00679025
-0.00680139
-0.00733012
-0.00678174
-0.00674343
-0.00673503
-0.00663781
-0.00749913
-0.00633574
-0.00681953
-0.00652208
-0.00620008
-0.0060822
-0.00610086
-0.00660818
-0.00627853
-0.00629174
-0.0061666
-0.00662234
-0.00690796
-0.0070694
-0.00694044
-0.00622898
-0.00620116
-0.00625251
-0.00695034
-0.00638403
-0.00654435
-0.00691516
-0.00643329
-0.00640948
-0.00655948
-0.00656708
-0.00678026
-0.00703844
-0.00630792
-0.00627765
-0.00644354
-0.00653522
-0.00683637
-0.00605533
-0.0061572
-0.00672519
-0.00687544
-0.00654741
-0.00658674
-0.00623962
-0.00679994
-0.00660038
-0.00631496
-0.00586523
-0.0068618
-0.0057934
-0.00649485
-0.00573409
-0.00625129
-0.00667577
-0.00569999
-0.00576373
-0.00578055
-0.00629049
-0.00660124
-0.00656985
-0.0066083
-0.00565665
-0.00580795
-0.00569459
-0.00617623
-0.00613015
-0.00618639
-0.00594219
-0.00565992
-0.00572606
-0.00568517
-0.00618226
-0.00562275
-0.00569595
-0.0061842
-0.00586027
-0.00616183
-0.00616934
-0.00560741
-0.00606288
-0.00615744
-0.0055497
-0.00572618
-0.00566026
-0.00568474
-0.00618119
-0.00562224
-0.00618452
-0.00569678
-0.00580648
-0.00565423
-0.00569266
-0.00617228
-0.00613073
-0.00594062
-0.00617694
-0.00601012
-0.00626182
-0.00619724
-0.0056975
-0.00605257
-0.00616451
-0.00591364
-0.00633953
-0.0067425
-0.00647212
-0.00620872
-0.00609729
-0.00610703
-0.00661333
-0.00671924
-0.0071949
-0.00690509
-0.00668526
-0.00657784
-0.00640257
-0.00699776
-0.00680115
-0.00732946
-0.00677612
-0.00673744
-0.00673844
-0.0066386
-0.00750554
-0.00620016
-0.00622771
-0.00625173
-0.00695067
-0.00638397
-0.00691448
-0.0065433
-0.00644408
-0.00627639
-0.00653636
-0.00683696
-0.00605788
-0.00672511
-0.00615628
-0.00570673
-0.00577263
-0.00578951
-0.00628959
-0.00659895
-0.00656474
-0.006611
-0.00686596
-0.00656941
-0.00660368
-0.00622802
-0.0067932
-0.00659246
-0.00631945
-0.00841412
-0.00820596
-0.0088399
-0.00830453
-0.00855802
-0.00821275
-0.00850654
-0.00849937
-0.00874935
-0.00855
-0.00869053
-0.00823571
-0.00848225
-0.00910749
-0.00869518
-0.00851753
-0.0085665
-0.00815759
-0.00787706
-0.00832925
-0.00819619
-0.00929371
-0.00935619
-0.00904027
-0.00911623
-0.0095045
-0.00964394
-0.0094549
-0.00863052
-0.00909812
-0.00887928
-0.00928264
-0.00869275
-0.0086771
-0.00941995
-0.00872952
-0.00849828
-0.00844548
-0.00843602
-0.00898577
-0.0091666
-0.00822842
-0.00814848
-0.00855633
-0.00846036
-0.00867829
-0.00799794
-0.00791339
-0.00871415
-0.00816795
-0.00778229
-0.00800596
-0.00774348
-0.00812309
-0.00809369
-0.00767132
-0.00764552
-0.00813227
-0.00730019
-0.00806666
-0.00756845
-0.00792233
-0.00806196
-0.00743348
-0.00780314
-0.00783756
-0.00805203
-0.00826498
-0.00810756
-0.00839311
-0.00654909
-0.00645906
-0.0067143
-0.00653387
-0.00683077
-0.00694739
-0.00661616
-0.00640037
-0.00663367
-0.0067285
-0.00688118
-0.00627017
-0.00649997
-0.00667408
-0.00685176
-0.00735425
-0.00724134
-0.00715737
-0.00653385
-0.00669295
-0.00710012
-0.00589836
-0.00554062
-0.00572026
-0.00567623
-0.00608588
-0.00612595
-0.00549875
-0.00630051
-0.00603493
-0.00599476
-0.0058108
-0.00628706
-0.00621532
-0.00579501
-0.0063672
-0.00659627
-0.00640237
-0.00636354
-0.00636993
-0.00642767
-0.00632994
-0.00641006
-0.00658122
-0.00641236
-0.00629561
-0.00621459
-0.00625511
-0.00627257
-0.00495068
-0.00486167
-0.00484985
-0.00533669
-0.00554725
-0.00522162
-0.00581411
-0.00486286
-0.00500878
-0.00489862
-0.00534879
-0.00579373
-0.00524188
-0.00592371
-0.00640821
-0.00657686
-0.00640607
-0.00629147
-0.00621387
-0.00625425
-0.00626945
-0.00635643
-0.00659083
-0.00639499
-0.0063593
-0.00636388
-0.00641994
-0.00632634
-0.00486955
-0.00501124
-0.00489827
-0.00535252
-0.00579493
-0.00524736
-0.00592809
-0.00495006
-0.00486457
-0.00485597
-0.00533567
-0.00554779
-0.00522876
-0.00580873
-0.00662329
-0.00640236
-0.0067037
-0.00687021
-0.00627231
-0.00666524
-0.00650284
-0.00645793
-0.00653374
-0.00670312
-0.00651254
-0.00682179
-0.00693557
-0.00661077
-0.00684063
-0.00734369
-0.00722962
-0.00714121
-0.00652857
-0.00668402
-0.00708936
-0.00597991
-0.00595623
-0.00630861
-0.005829
-0.00598524
-0.00582871
-0.00628806
-0.00629198
-0.00606041
-0.0059779
-0.00581115
-0.00629629
-0.00622256
-0.00580228
-0.00872327
-0.00849244
-0.00856594
-0.00870075
-0.00823105
-0.00910538
-0.00849773
-0.00868259
-0.00852346
-0.0086092
-0.00814501
-0.00789035
-0.00833608
-0.00818937
-0.00931968
-0.0093775
-0.00899139
-0.00911423
-0.00951637
-0.00960061
-0.00946781
-0.00860826
-0.0091359
-0.0088908
-0.00925715
-0.00870747
-0.00868045
-0.00943436
-0.00875802
-0.00850562
-0.00844457
-0.00847479
-0.00901757
-0.00916577
-0.00825522
-0.00813146
-0.0085956
-0.00844931
-0.00865201
-0.00801291
-0.00796759
-0.00874104
-0.00810281
-0.00762763
-0.00730871
-0.00804623
-0.00757704
-0.00792515
-0.00809652
-0.00742063
-0.00777826
-0.00778542
-0.00803992
-0.00826828
-0.00812648
-0.0083696
-0.00886619
-0.00906089
-0.0089394
-0.00907951
-0.00877941
-0.00905886
-0.00873413
-0.0089068
-0.00894321
-0.00891228
-0.00903577
-0.00856965
-0.00858091
-0.00906113
-0.00847902
-0.00837413
-0.00847868
-0.00781415
-0.00842104
-0.0084852
-0.00784028
-0.00679825
-0.00682514
-0.00687898
-0.00672486
-0.00653074
-0.0067326
-0.00652283
-0.00675493
-0.00668045
-0.00682852
-0.00663766
-0.00626923
-0.00642884
-0.00651745
-0.00521433
-0.00509544
-0.00525379
-0.005787
-0.00565673
-0.00557184
-0.00601423
-0.00522627
-0.00546832
-0.00536005
-0.0059893
-0.00603746
-0.00614047
-0.00605083
-0.0067531
-0.00667943
-0.00682561
-0.00663412
-0.00626779
-0.00642678
-0.00651415
-0.00520952
-0.00508228
-0.00524782
-0.00578786
-0.00566491
-0.00557648
-0.00602565
-0.00520767
-0.00545144
-0.00536169
-0.00599233
-0.00603263
-0.0061316
-0.00605473
-0.00886967
-0.0090359
-0.00894266
-0.00911819
-0.00878704
-0.00908398
-0.00875175
-0.00886362
-0.00889986
-0.00889601
-0.00910728
-0.00858162
-0.00860457
-0.00912462
-0.00847106
-0.00849368
-0.00843877
-0.00789971
-0.00824979
-0.00806965
-0.00846669
-0.00853421
-0.00835512
-0.00844268
-0.00787271
-0.00850709
-0.00856675
-0.00785631
-0.00895738
-0.00889451
-0.00893764
-0.00905784
-0.00857001
-0.0090736
-0.00857551
-0.00907879
-0.00895852
-0.00899762
-0.00912889
-0.00878247
-0.00873705
-0.00911596
-0.00844093
-0.0084543
-0.00847312
-0.00791311
-0.00822526
-0.00843401
-0.00804355
-0.00639715
-0.00612824
-0.00618721
-0.00618473
-0.00607736
-0.00632422
-0.00596261
-0.005826
-0.00567034
-0.00589369
-0.00601076
-0.00576238
-0.00583715
-0.00591374
-0.00561466
-0.00557339
-0.00567677
-0.00616374
-0.00614608
-0.00615478
-0.00633876
-0.00560095
-0.00571141
-0.00571679
-0.0060875
-0.0060059
-0.00624944
-0.00591922
-0.0058277
-0.00567497
-0.00589539
-0.0060092
-0.00576415
-0.00583559
-0.00591626
-0.00559895
-0.00556282
-0.00566771
-0.00616556
-0.0061435
-0.00615731
-0.0063321
-0.00559829
-0.00571658
-0.00571852
-0.00609578
-0.00601939
-0.00625983
-0.00592695
-0.00890707
-0.00884112
-0.00891301
-0.00913018
-0.00858336
-0.00911288
-0.00859762
-0.00904658
-0.00895322
-0.00898198
-0.00915673
-0.00878271
-0.00875177
-0.00914599
-0.00835313
-0.00850451
-0.00843739
-0.00789672
-0.00849591
-0.00786438
-0.00854502
-0.00846702
-0.00846221
-0.00843054
-0.00793506
-0.00824946
-0.00844819
-0.00808337
-0.00868535
-0.00875711
-0.00869159
-0.00820897
-0.00792201
-0.00823594
-0.00836176
-0.00896439
-0.00848371
-0.00810976
-0.00869856
-0.00818738
-0.00825581
-0.00853857
-0.00836056
-0.00864869
-0.00845855
-0.00869177
-0.00818889
-0.0084206
-0.00911819
-0.00912216
-0.00864629
-0.0089095
-0.00930812
-0.00871275
-0.0094495
-0.00868044
-0.00866023
-0.00829095
-0.00856416
-0.00875575
-0.00806485
-0.00877806
-0.00802245
-0.00776246
-0.0073834
-0.00777088
-0.00805108
-0.008218
-0.00834901
-0.00810537
-0.00832479
-0.00789196
-0.0081149
-0.00778321
-0.00816929
-0.00817156
-0.00770628
-0.0069052
-0.00674624
-0.00690939
-0.00680217
-0.00625541
-0.00665954
-0.0065164
-0.0067199
-0.00674448
-0.00656239
-0.00671901
-0.00674905
-0.00680251
-0.00652796
-0.00653185
-0.00669045
-0.00682585
-0.00669605
-0.00608072
-0.0064177
-0.00650849
-0.00616751
-0.00577008
-0.00586426
-0.00587906
-0.00557236
-0.00578413
-0.00623031
-0.00583396
-0.00542655
-0.00551327
-0.00566394
-0.00604694
-0.00607355
-0.00553723
-0.00585599
-0.00559128
-0.00567691
-0.00580564
-0.00534569
-0.00541089
-0.00578035
-0.00533769
-0.00525049
-0.00521088
-0.00558111
-0.00582751
-0.00597825
-0.00550153
-0.00531502
-0.00520261
-0.00517736
-0.00557437
-0.0059275
-0.00606164
-0.00552237
-0.00567789
-0.00564793
-0.00570768
-0.0058348
-0.0055815
-0.00554997
-0.00583519
-0.00531593
-0.00520614
-0.0051799
-0.00558251
-0.00592856
-0.00606914
-0.00552847
-0.00534096
-0.00525182
-0.0052129
-0.00558552
-0.0058311
-0.00597835
-0.00550645
-0.00691456
-0.00675796
-0.00693048
-0.00681187
-0.00624052
-0.00666605
-0.00651507
-0.00669259
-0.00653541
-0.00682828
-0.00670099
-0.00607963
-0.00651125
-0.0064173
-0.00613086
-0.00629098
-0.00604174
-0.00590994
-0.00635265
-0.00596422
-0.00627534
-0.00543197
-0.00583998
-0.00551974
-0.00567204
-0.00604674
-0.00554236
-0.00608086
-0.0089528
-0.00808238
-0.00850826
-0.00868101
-0.00819567
-0.0082406
-0.00851765
-0.00863168
-0.00835497
-0.00849494
-0.00869001
-0.00817801
-0.00908897
-0.00843001
-0.00935222
-0.00941557
-0.00898116
-0.00909628
-0.00955637
-0.00946067
-0.0096252
-0.00914637
-0.00862719
-0.00891898
-0.00928565
-0.00872732
-0.00945498
-0.00870183
-0.00858689
-0.00880984
-0.00851766
-0.00853431
-0.00906446
-0.00831191
-0.00921257
-0.00870419
-0.00826639
-0.00854458
-0.00871493
-0.00805582
-0.00880727
-0.00806932
-0.00774194
-0.00741941
-0.00770589
-0.00801006
-0.0082263
-0.00831851
-0.00810589
-0.00786923
-0.00831343
-0.00812997
-0.00785241
-0.00819264
-0.00774884
-0.00818497
-0.00729656
-0.00823319
-0.00765488
-0.00755598
-0.008122
-0.00796016
-0.0081036
-0.00744096
-0.00701339
-0.00706898
-0.00706561
-0.00690323
-0.00772444
-0.00692594
-0.00692408
-0.0066027
-0.00670481
-0.00639106
-0.00633593
-0.00677162
-0.00633316
-0.00703928
-0.00689414
-0.00669375
-0.00700773
-0.00736873
-0.00749075
-0.00736137
-0.00622465
-0.0065205
-0.00651159
-0.00710407
-0.00641265
-0.00653449
-0.0071373
-0.00605909
-0.00567882
-0.00583839
-0.00615884
-0.00649112
-0.00675274
-0.00587863
-0.00534384
-0.00567852
-0.00563508
-0.00619122
-0.00543318
-0.00559012
-0.00618489
-0.00681304
-0.00592774
-0.00615074
-0.00639213
-0.00596917
-0.00614527
-0.00659355
-0.00588656
-0.00584896
-0.0059402
-0.00612401
-0.00641988
-0.00645405
-0.00629944
-0.00620357
-0.00645875
-0.00633239
-0.00663835
-0.00660942
-0.00672627
-0.00648008
-0.00629487
-0.00614244
-0.00616089
-0.00652875
-0.00624339
-0.0062939
-0.00649487
-0.00557945
-0.00533598
-0.00552415
-0.0052786
-0.00550468
-0.00553522
-0.00565716
-0.00540847
-0.00552381
-0.0056009
-0.00509886
-0.00570193
-0.00576236
-0.00494211
-0.00614932
-0.00629299
-0.00616461
-0.00653406
-0.00625183
-0.00650288
-0.0062982
-0.00646304
-0.00619715
-0.00633113
-0.00664549
-0.00661449
-0.00648657
-0.00674232
-0.00552386
-0.00539838
-0.00560143
-0.00510009
-0.00569561
-0.00494274
-0.00575543
-0.00532847
-0.00557921
-0.00552281
-0.00527964
-0.00550154
-0.00565221
-0.00553771
-0.00731308
-0.00683079
-0.00694839
-0.00686605
-0.00662522
-0.00653483
-0.00707937
-0.00743942
-0.00702866
-0.00707655
-0.00707044
-0.00691238
-0.00771594
-0.00693729
-0.00690375
-0.00704597
-0.00670175
-0.0070194
-0.00737433
-0.00738897
-0.00749147
-0.00651658
-0.00621613
-0.00650787
-0.00709877
-0.00640852
-0.00713956
-0.00652675
-0.00566334
-0.00604486
-0.00582864
-0.0061603
-0.00648503
-0.00586869
-0.00675554
-0.00566854
-0.00533753
-0.00562615
-0.00619132
-0.00541615
-0.00618223
-0.00559702
-0.00588926
-0.00585319
-0.00594341
-0.00613142
-0.00642482
-0.00645762
-0.00630604
-0.00655669
-0.00654284
-0.00647467
-0.00609272
-0.00660162
-0.00628697
-0.00626357
-0.00593052
-0.00683705
-0.00614938
-0.00597553
-0.00641301
-0.00615644
-0.00659978
-0.00826312
-0.00853885
-0.00768645
-0.00744441
-0.00750349
-0.0083418
-0.00979861
-0.006629
-0.00686942
-0.00720944
-0.00704945
-0.00638649
-0.00876259
-0.00669635
-0.00606825
-0.00655168
-0.00620149
-0.00663338
-0.00612818
-0.00655468
-0.00604403
-0.00664981
-0.005797
-0.00566805
-0.00573497
-0.00562732
-0.00599943
-0.0060644
-0.00665176
-0.0068878
-0.00724142
-0.0070669
-0.00640771
-0.00672316
-0.00878862
-0.00827003
-0.008552
-0.00769799
-0.00745396
-0.00750342
-0.00835439
-0.00981304
-0.00666106
-0.00581038
-0.00567807
-0.00574585
-0.005639
-0.00607807
-0.00600735
-0.00606424
-0.00654775
-0.0062129
-0.00662447
-0.00611981
-0.00655729
-0.006043
-0.00727793
-0.0082376
-0.0085718
-0.00798147
-0.00771715
-0.00760618
-0.00846816
-0.00748045
-0.0077991
-0.00810389
-0.00822944
-0.00788139
-0.00849591
-0.00758338
-0.00649377
-0.00699658
-0.0072678
-0.00737148
-0.00696743
-0.00675937
-0.00774961
-0.0066518
-0.00727259
-0.00705594
-0.00790046
-0.00682803
-0.00689867
-0.00772604
-0.00769452
-0.00640536
-0.00653949
-0.0065714
-0.00621813
-0.00700216
-0.00702481
-0.00689381
-0.00719131
-0.00711863
-0.00709581
-0.00688639
-0.00682217
-0.00739293
-0.00768355
-0.00641818
-0.00657599
-0.00653756
-0.00621244
-0.00700826
-0.00700365
-0.00688344
-0.0071739
-0.00710523
-0.00708178
-0.00687463
-0.00681654
-0.00737905
-0.0075234
-0.00841909
-0.00874249
-0.00807443
-0.00803177
-0.00871212
-0.00799109
-0.00772186
-0.00783683
-0.00819139
-0.00817976
-0.00794627
-0.00856793
-0.00764004
-0.00686275
-0.0069271
-0.00730575
-0.00710867
-0.00703695
-0.00688722
-0.00756261
-0.00673244
-0.00733981
-0.00775952
-0.00706655
-0.00704198
-0.00745573
-0.00701668
-0.00805399
-0.00843246
-0.00759913
-0.00743149
-0.00743974
-0.00946554
-0.00837139
-0.00718116
-0.00710797
-0.00737737
-0.00744378
-0.00688264
-0.00864658
-0.00719811
-0.00802097
-0.00841439
-0.00756867
-0.00741442
-0.00741843
-0.00943905
-0.00833617
-0.00715726
-0.00708952
-0.00742627
-0.00736267
-0.00686653
-0.00717639
-0.00862302
-0.00632858
-0.00609392
-0.00652013
-0.00623062
-0.0070754
-0.0061432
-0.00731711
-0.00590392
-0.00591796
-0.00550735
-0.00680367
-0.00660709
-0.00671296
-0.00650548
-0.00609392
-0.00632858
-0.00652026
-0.00622937
-0.00614379
-0.00707442
-0.00731697
-0.00802498
-0.00804664
-0.00831278
-0.00793526
-0.00822361
-0.00815068
-0.00815718
-0.00786274
-0.00755376
-0.00765384
-0.00814116
-0.00814712
-0.00766717
-0.00803505
-0.00841531
-0.00839804
-0.00823677
-0.00865403
-0.00845278
-0.00790304
-0.00846201
-0.00658147
-0.00695144
-0.00704639
-0.00636692
-0.00659257
-0.00702984
-0.00695351
-0.00710999
-0.0076063
-0.00756184
-0.00683613
-0.00685791
-0.007292
-0.00734051
-0.00702179
-0.00718596
-0.00703188
-0.00710286
-0.0070903
-0.00696369
-0.00706176
-0.00617138
-0.00622028
-0.00652881
-0.00634423
-0.00638074
-0.00650591
-0.00651023
-0.00680797
-0.00678916
-0.00670242
-0.00710053
-0.00681613
-0.00675916
-0.0068669
-0.00520059
-0.00569492
-0.00551194
-0.0058651
-0.00574238
-0.00626145
-0.00612351
-0.00596009
-0.00598279
-0.00595818
-0.00651473
-0.00627288
-0.00613513
-0.00646133
-0.00720032
-0.007031
-0.00706243
-0.00711016
-0.00710316
-0.00703668
-0.00707791
-0.00680731
-0.00677973
-0.00670453
-0.0070866
-0.0068095
-0.00675717
-0.00685163
-0.00569842
-0.005231
-0.00550473
-0.00586283
-0.00573592
-0.00627278
-0.00611821
-0.00615208
-0.0060208
-0.0057612
-0.00621595
-0.00613092
-0.00574348
-0.00620856
-0.00596884
-0.00597783
-0.00597068
-0.00652028
-0.00627946
-0.00614879
-0.00646733
-0.00450935
-0.00501546
-0.00716743
-0.00499717
-0.00571989
-0.00557975
-0.00577742
-0.00804622
-0.00802604
-0.00832147
-0.0079328
-0.00822356
-0.00814994
-0.00816091
-0.008404
-0.008395
-0.00823182
-0.00862513
-0.00841159
-0.0079126
-0.00847796
-0.00695674
-0.00659737
-0.0070518
-0.0063681
-0.00659033
-0.00703549
-0.00695706
-0.00723936
-0.00737545
-0.00740447
-0.00705806
-0.00732667
-0.00695151
-0.00717204
-0.00707862
-0.00761243
-0.0075464
-0.00684798
-0.00685282
-0.00729726
-0.00735814
-0.00738394
-0.00699027
-0.00766288
-0.00721085
-0.00742286
-0.00748601
-0.00752317
-0.00801677
-0.00828658
-0.00824802
-0.00786477
-0.00780804
-0.00795629
-0.00788615
-0.00738071
-0.00724909
-0.00752878
-0.00737031
-0.00731181
-0.00749054
-0.00729808
-0.00786867
-0.00799894
-0.00799283
-0.00792844
-0.00775274
-0.00772822
-0.00780589
-0.00654918
-0.00647542
-0.00670375
-0.00678896
-0.00679195
-0.0069837
-0.00690713
-0.00721966
-0.00758749
-0.00705112
-0.00755696
-0.00700564
-0.0076291
-0.00749015
-0.00802843
-0.00826996
-0.0082598
-0.00785406
-0.00780789
-0.00795808
-0.00787261
-0.00784931
-0.00797781
-0.00797576
-0.00773623
-0.00790904
-0.00770301
-0.00778701
-0.00655225
-0.00647452
-0.00669752
-0.00678541
-0.00679428
-0.00697671
-0.00689413
-0.00732349
-0.00742063
-0.00720423
-0.00700709
-0.00702063
-0.0068021
-0.00719473
-0.00719276
-0.00704347
-0.00755779
-0.00700692
-0.00752514
-0.00757631
-0.00741309
-0.00856244
-0.00838291
-0.00881613
-0.00831354
-0.00916041
-0.00828116
-0.00955826
-0.00471661
-0.00484074
-0.00461505
-0.00554251
-0.00541194
-0.00553941
-0.00524211
-0.00660223
-0.00668505
-0.00650389
-0.00637115
-0.00623462
-0.00627141
-0.00591325
-0.00475355
-0.00481566
-0.00462922
-0.00554549
-0.00540812
-0.0055439
-0.00529079
-0.00914992
-0.00925131
-0.00886619
-0.00957231
-0.00948463
-0.00943976
-0.00940597
-0.00857344
-0.00840788
-0.00884368
-0.00834148
-0.0091863
-0.00833696
-0.00958958
-0.00928209
-0.00916635
-0.0088597
-0.00963645
-0.00951731
-0.00949298
-0.00940912
-0.00840141
-0.00861913
-0.00886733
-0.00834533
-0.00829848
-0.00919311
-0.00959184
-0.00574864
-0.00562341
-0.00550309
-0.00565421
-0.00561879
-0.00557815
-0.00527933
-0.00543456
-0.00534575
-0.0052101
-0.00589945
-0.00586942
-0.0057508
-0.00564158
-0.00574984
-0.00562468
-0.00550404
-0.00565471
-0.00561719
-0.00557954
-0.00527857
-0.00543222
-0.00535412
-0.0052224
-0.00590871
-0.00587625
-0.00575413
-0.00565765
-0.00930165
-0.00916086
-0.00886769
-0.00961282
-0.00947331
-0.00948767
-0.00941018
-0.00842076
-0.00862796
-0.0088872
-0.00837317
-0.00835271
-0.00922009
-0.00962116
-0.00719865
-0.0070987
-0.00700662
-0.00728838
-0.00719903
-0.00726739
-0.00719711
-0.00741096
-0.00727449
-0.00730594
-0.00727276
-0.00727951
-0.00733533
-0.00725398
-0.00693245
-0.00706813
-0.0071718
-0.00684978
-0.00724759
-0.00732284
-0.00720964
-0.0071254
-0.00721921
-0.00729899
-0.00716212
-0.00726011
-0.00722035
-0.00725666
-0.00838759
-0.00826573
-0.0084757
-0.00797045
-0.00802744
-0.00818236
-0.00795731
-0.00737309
-0.00769711
-0.00774742
-0.00752328
-0.00751144
-0.00761383
-0.00734286
-0.00738611
-0.00686116
-0.00691523
-0.00739735
-0.00684811
-0.00745181
-0.00731528
-0.00726317
-0.00729932
-0.00713825
-0.00697185
-0.00700285
-0.00670987
-0.00712894
-0.00633234
-0.00638942
-0.00655336
-0.00668982
-0.00664884
-0.00681527
-0.00681299
-0.00693985
-0.00711243
-0.00688689
-0.00668943
-0.00697298
-0.0067163
-0.00694879
-0.00816795
-0.00823263
-0.00819422
-0.00796218
-0.00821531
-0.00781832
-0.00789072
-0.00737231
-0.00768512
-0.00773992
-0.0075218
-0.00750033
-0.00760495
-0.00734268
-0.00836871
-0.00827166
-0.00847179
-0.0079495
-0.0080273
-0.00817584
-0.00794119
-0.00683378
-0.00739635
-0.00687641
-0.00686779
-0.00740955
-0.00743492
-0.00728564
-0.00635776
-0.00639568
-0.00655223
-0.00669311
-0.00665466
-0.00680341
-0.00678547
-0.00729
-0.00732162
-0.00719409
-0.00699626
-0.00700293
-0.00668896
-0.00713293
-0.00865354
-0.00855825
-0.00889079
-0.00849063
-0.00886491
-0.00863358
-0.00845001
-0.00797591
-0.00770888
-0.0077661
-0.00799499
-0.00773136
-0.00801389
-0.00797624
-0.00787217
-0.00741208
-0.00740832
-0.00821054
-0.00815017
-0.00755045
-0.008032
-0.0077431
-0.0074553
-0.00776376
-0.00696812
-0.0070911
-0.00741405
-0.00741435
-0.00755397
-0.00784507
-0.00732388
-0.0077148
-0.00745419
-0.00720086
-0.00723089
-0.00691182
-0.00700889
-0.007193
-0.00657025
-0.00685525
-0.00713129
-0.00697325
-0.00727944
-0.00726067
-0.00724332
-0.00720791
-0.00731887
-0.00722412
-0.00719389
-0.00693848
-0.00657258
-0.00650337
-0.0068659
-0.00656612
-0.00680934
-0.00674763
-0.00595928
-0.00589003
-0.00587898
-0.00641777
-0.00627428
-0.00611452
-0.00628192
-0.00654652
-0.00618837
-0.00618015
-0.00630711
-0.00632655
-0.00583679
-0.00623463
-0.00546032
-0.00533361
-0.00579587
-0.00568939
-0.00595362
-0.00632747
-0.00603866
-0.00704964
-0.00729292
-0.00718604
-0.00728598
-0.00705421
-0.00696697
-0.00700337
-0.00693471
-0.0065039
-0.00656411
-0.00686364
-0.00655907
-0.00681
-0.00674673
-0.00726189
-0.00726055
-0.0072312
-0.00720366
-0.00730797
-0.00721307
-0.00719474
-0.00597235
-0.0058986
-0.00588707
-0.00642562
-0.00627982
-0.0061163
-0.00629954
-0.00546448
-0.00579965
-0.00534069
-0.00569605
-0.00595987
-0.00633191
-0.00604272
-0.0061964
-0.00655537
-0.00618698
-0.00631612
-0.00633933
-0.00584666
-0.00624169
-0.00828375
-0.00839294
-0.00800078
-0.00867331
-0.00846366
-0.00774538
-0.00842601
-0.00740324
-0.00785954
-0.00739954
-0.00820435
-0.00814492
-0.00753668
-0.00803062
-0.00799798
-0.00776788
-0.00770035
-0.00799977
-0.00773782
-0.00804327
-0.00794858
-0.00772805
-0.00739132
-0.00772894
-0.0069755
-0.00710334
-0.00744407
-0.0074115
-0.006999
-0.00689294
-0.00717981
-0.00655995
-0.00685968
-0.00715091
-0.00695546
-0.00737907
-0.00717299
-0.00781596
-0.00780004
-0.0075387
-0.00733718
-0.00725038
-0.00725965
-0.00767785
-0.00695358
-0.00762333
-0.00765786
-0.00759069
-0.00725476
-0.00650326
-0.00652992
-0.00608562
-0.00721993
-0.00710385
-0.00695816
-0.00691571
-0.00547231
-0.00527784
-0.00578555
-0.00560058
-0.00649819
-0.00551365
-0.00680191
-0.00654374
-0.00650363
-0.00609066
-0.00722123
-0.00696925
-0.00708129
-0.00691393
-0.00527277
-0.00546352
-0.00577964
-0.00559637
-0.00551078
-0.00650014
-0.00680273
-0.0045033
-0.00439307
-0.00439266
-0.00462505
-0.00464665
-0.00464164
-0.00464412
-0.00482394
-0.00495363
-0.00488497
-0.0047154
-0.00473638
-0.00469772
-0.00478098
-0.00469772
-0.00458436
-0.00463652
-0.00462577
-0.00450751
-0.00473429
-0.00468984
-0.00499929
-0.00497736
-0.00500194
-0.00466675
-0.00493388
-0.0047079
-0.00475289
-0.006282
-0.0062865
-0.00627929
-0.00615294
-0.00656527
-0.00622188
-0.00624231
-0.00813189
-0.00789374
-0.00805383
-0.00788265
-0.00783911
-0.00801281
-0.00775303
-0.00753832
-0.00731338
-0.00749633
-0.00765387
-0.0075157
-0.00771027
-0.00752215
-0.00829943
-0.00797329
-0.00835811
-0.00798188
-0.00831701
-0.00802474
-0.0081364
-0.00770161
-0.00769969
-0.00787197
-0.00771052
-0.00779742
-0.00780305
-0.00791183
-0.00796278
-0.00785018
-0.00790476
-0.00781587
-0.00797527
-0.00792379
-0.00787945
-0.00847606
-0.00812908
-0.00800186
-0.00812548
-0.00804085
-0.00789207
-0.00801386
-0.00756078
-0.00755983
-0.00731516
-0.00743809
-0.00771507
-0.0075753
-0.00777692
-0.00736627
-0.00777064
-0.00770076
-0.00735533
-0.00751919
-0.00764036
-0.00814029
-0.00639164
-0.0072494
-0.00686218
-0.00741619
-0.00622907
-0.00759479
-0.00742199
-0.00692813
-0.00724022
-0.006897
-0.00685987
-0.00656327
-0.00693454
-0.0070824
-0.00785559
-0.00727053
-0.00755993
-0.00793518
-0.00777083
-0.00781199
-0.00781045
-0.00661719
-0.0066082
-0.00681742
-0.00678889
-0.00630863
-0.00653336
-0.00678563
-0.00534294
-0.00667898
-0.00602387
-0.00574555
-0.00585171
-0.00598969
-0.00632657
-0.0065007
-0.00624821
-0.00626879
-0.00650951
-0.00604127
-0.00603875
-0.00611253
-0.00591915
-0.00715258
-0.00829115
-0.00811667
-0.00598279
-0.00593833
-0.00663675
-0.00543228
-0.0059204
-0.00573087
-0.00536047
-0.00534197
-0.00532701
-0.00545174
-0.00507019
-0.00521267
-0.00510931
-0.00519943
-0.00526435
-0.00519451
-0.00527066
-0.00529149
-0.00529563
-0.00535136
-0.00493624
-0.00531795
-0.00523338
-0.00533617
-0.00423034
-0.00423216
-0.0043412
-0.00449676
-0.00445421
-0.00447929
-0.0045013
-0.00453308
-0.00430132
-0.00457275
-0.00452143
-0.0041678
-0.00452428
-0.00459236
-0.00507151
-0.00521727
-0.00511287
-0.00520302
-0.00526584
-0.00519582
-0.00527473
-0.0053019
-0.00535941
-0.00530628
-0.0053255
-0.00494417
-0.00523981
-0.00534299
-0.0042369
-0.00422938
-0.00434099
-0.00449485
-0.00445384
-0.00450195
-0.00447806
-0.00452599
-0.00429525
-0.00456905
-0.00451312
-0.00416908
-0.00451433
-0.00458709
-0.00723896
-0.00601325
-0.00836085
-0.00816037
-0.0060721
-0.00669303
-0.00598375
-0.00594425
-0.00545449
-0.00575203
-0.00537743
-0.00536123
-0.00547003
-0.00534636
-0.00639692
-0.00687137
-0.00725621
-0.00623522
-0.00741973
-0.00759693
-0.00742717
-0.00727021
-0.00785349
-0.00755556
-0.00793354
-0.00776965
-0.00781194
-0.00781113
-0.00659957
-0.00659073
-0.0068266
-0.00677994
-0.00632998
-0.00678265
-0.0065824
-0.00759812
-0.00787835
-0.00776708
-0.00764836
-0.00780966
-0.00766829
-0.00785919
-0.00810833
-0.00776703
-0.00776024
-0.00782242
-0.00778667
-0.00764413
-0.00774866
-0.00727946
-0.00738463
-0.00706802
-0.00744217
-0.00751823
-0.00758193
-0.00751701
-0.00734879
-0.00758924
-0.00749672
-0.00716393
-0.00754282
-0.00781874
-0.00794424
-0.00870227
-0.00880652
-0.00873853
-0.00882526
-0.00886332
-0.00882978
-0.00874363
-0.00577626
-0.00587367
-0.00607345
-0.00591245
-0.00612017
-0.00600448
-0.00595365
-0.00451938
-0.00501096
-0.00711312
-0.00499484
-0.00573602
-0.00554992
-0.00578156
-0.00891243
-0.00880544
-0.00860306
-0.00844883
-0.00876644
-0.00851635
-0.00855658
-0.00939443
-0.00809999
-0.0086922
-0.0081532
-0.00905723
-0.00830347
-0.0082188
-0.00700012
-0.00710995
-0.00729957
-0.00708618
-0.00732635
-0.00713394
-0.00703571
-0.00746972
-0.00773564
-0.00700882
-0.00738483
-0.00752669
-0.007336
-0.00725695
-0.00744883
-0.0077345
-0.00701465
-0.00752317
-0.00734061
-0.00731575
-0.0072434
-0.00799281
-0.00787399
-0.00846671
-0.007781
-0.00819305
-0.00814202
-0.00819505
-0.00808177
-0.00810744
-0.0080141
-0.00817969
-0.00787865
-0.00794755
-0.00791438
-0.00788745
-0.00799535
-0.00784557
-0.00808243
-0.00797104
-0.00793449
-0.00810542
-0.00771802
-0.00786956
-0.00778129
-0.00797194
-0.00767637
-0.00807688
-0.00789998
-0.00742938
-0.0075053
-0.00753061
-0.00739818
-0.00741676
-0.00746305
-0.00736136
-0.00786161
-0.00744376
-0.00757174
-0.00754701
-0.00772427
-0.00744053
-0.00749996
-0.00788728
-0.00799763
-0.00784878
-0.00808074
-0.00796778
-0.00793085
-0.00810387
-0.00771658
-0.00786295
-0.00777918
-0.00797125
-0.00767658
-0.00807758
-0.00789516
-0.00710438
-0.00726795
-0.0072563
-0.00719746
-0.00720652
-0.00725561
-0.00723308
-0.00738873
-0.00748667
-0.00751726
-0.00742114
-0.00730155
-0.00737999
-0.00734752
-0.00745357
-0.00731485
-0.00721495
-0.00727925
-0.00739674
-0.00714342
-0.00726619
-0.00783781
-0.00733767
-0.00755286
-0.00753336
-0.00771231
-0.00744662
-0.00737807
-0.00810568
-0.00803097
-0.00816
-0.00816789
-0.00799577
-0.00813469
-0.00802604
-0.00840042
-0.0081805
-0.00810669
-0.00827515
-0.00826793
-0.0081926
-0.00806099
-0.00744092
-0.00732924
-0.00734926
-0.00726919
-0.00739764
-0.0073194
-0.00736404
-0.00714111
-0.00727997
-0.00737465
-0.0072145
-0.00725613
-0.00722037
-0.00734988
-0.00810641
-0.00802817
-0.00815894
-0.0081653
-0.0079921
-0.00813292
-0.0080216
-0.00839561
-0.008176
-0.00809994
-0.00827127
-0.00826387
-0.00818914
-0.00805529
-0.00871223
-0.00900184
-0.00944672
-0.00908958
-0.00873614
-0.00880478
-0.00872038
-0.00830276
-0.00705541
-0.00802329
-0.00761604
-0.00711722
-0.00775208
-0.00718833
-0.00754525
-0.00698604
-0.00745048
-0.00755191
-0.00760207
-0.00770146
-0.00738561
-0.00692892
-0.00712443
-0.00685507
-0.00669092
-0.00694909
-0.00671968
-0.00693021
-0.00655148
-0.0062661
-0.00658607
-0.00658473
-0.00649493
-0.0067211
-0.0064536
-0.00737297
-0.00779104
-0.00694716
-0.00718533
-0.0074796
-0.00739384
-0.00757448
-0.00777877
-0.00794322
-0.00791867
-0.00783242
-0.00777402
-0.00803146
-0.008047
-0.0080684
-0.00892332
-0.00902456
-0.00846966
-0.00780602
-0.0081524
-0.00838986
-0.00834415
-0.00758464
-0.00861397
-0.00830875
-0.00806273
-0.00816951
-0.00781514
-0.00514667
-0.00537648
-0.00519475
-0.00533552
-0.00511135
-0.00515124
-0.00533278
-0.00646537
-0.00754589
-0.0083512
-0.00811525
-0.00647179
-0.00650629
-0.0072138
-0.00515221
-0.00538042
-0.00519771
-0.00511754
-0.00534069
-0.00515684
-0.00533783
-0.00559141
-0.00604016
-0.0059947
-0.00545257
-0.00554217
-0.00556484
-0.00552823
-0.00771184
-0.00802111
-0.00731168
-0.0078277
-0.00751624
-0.00785946
-0.00787338
-0.00784363
-0.00780408
-0.00797135
-0.0079136
-0.00827879
-0.00810576
-0.00798573
-0.00758069
-0.00757599
-0.00754534
-0.00746409
-0.00781066
-0.00764944
-0.00762649
-0.00730404
-0.0076761
-0.00785351
-0.00747087
-0.0075688
-0.00751104
-0.00775845
-0.00773084
-0.0073153
-0.00755738
-0.00761922
-0.00754132
-0.00786195
-0.0073447
-0.00820223
-0.00816143
-0.00788083
-0.00807965
-0.00792513
-0.00805756
-0.00825673
-0.00758322
-0.0074078
-0.00764147
-0.00698492
-0.0074025
-0.00728011
-0.00756851
-0.00628914
-0.00629069
-0.00629068
-0.00616697
-0.00657171
-0.00623455
-0.00624951
-0.00439252
-0.00521518
-0.00775583
-0.00618042
-0.00513875
-0.00571114
-0.00591272
-0.00633409
-0.00621829
-0.00621764
-0.00605749
-0.00594737
-0.00597322
-0.00607751
-0.00618855
-0.00612441
-0.00639773
-0.00589395
-0.00621267
-0.00603076
-0.00603207
-0.00450535
-0.00439344
-0.00439692
-0.00463105
-0.00464757
-0.00464545
-0.00464455
-0.00496462
-0.00482671
-0.00489761
-0.00472407
-0.00473902
-0.00469964
-0.00478903
-0.00470502
-0.00464014
-0.0045861
-0.00451504
-0.0046331
-0.00474221
-0.00469388
-0.00501726
-0.00498478
-0.00500797
-0.00467709
-0.00494992
-0.00471959
-0.0047629
-0.00633664
-0.00621842
-0.00621901
-0.00605735
-0.00594719
-0.00597298
-0.00607665
-0.00618721
-0.00639622
-0.00612283
-0.00621247
-0.00589221
-0.00602963
-0.00603102
-0.00438717
-0.00776199
-0.00522075
-0.00514325
-0.00618665
-0.00571716
-0.00591651
-0.00748171
-0.00758818
-0.00737542
-0.00739161
-0.00699927
-0.00726859
-0.00749219
-0.00723497
-0.00687914
-0.00750791
-0.00749741
-0.00756239
-0.00752164
-0.00726912
-0.00778609
-0.00784191
-0.00774412
-0.00763378
-0.007773
-0.00775591
-0.00771753
-0.00734177
-0.00747064
-0.0073403
-0.00753573
-0.00753154
-0.00758826
-0.00744141
-0.00756443
-0.00791761
-0.00790618
-0.00769261
-0.00766304
-0.00767776
-0.00784934
-0.00721653
-0.00763256
-0.00739903
-0.00753308
-0.00722375
-0.00759582
-0.00754486
-0.00488696
-0.00412971
-0.00505817
-0.00512686
-0.00514873
-0.00515882
-0.00523432
-0.00715401
-0.00719052
-0.00713082
-0.0072861
-0.00738252
-0.00709932
-0.00751885
-0.00759882
-0.00736855
-0.00758847
-0.00764875
-0.00789627
-0.00804836
-0.00728643
-0.00745777
-0.0068459
-0.00706649
-0.00757904
-0.00772513
-0.00681742
-0.00777078
-0.00607428
-0.00606964
-0.00620489
-0.00609056
-0.0062884
-0.00633869
-0.00629667
-0.00547255
-0.00514088
-0.00543656
-0.00540282
-0.0053989
-0.00604366
-0.00610267
-0.00502059
-0.00527721
-0.00540559
-0.00532473
-0.00540449
-0.00608485
-0.00606052
-0.00618838
-0.00616181
-0.00642216
-0.00609589
-0.00641668
-0.00640501
-0.00637413
-0.0052768
-0.00501912
-0.00540396
-0.00532355
-0.00540254
-0.00608498
-0.00605863
-0.00513991
-0.00547084
-0.00544109
-0.00540276
-0.00539731
-0.00604551
-0.00610114
-0.00796614
-0.00732581
-0.00819598
-0.00713436
-0.00741557
-0.00793838
-0.00742197
-0.00737511
-0.00760426
-0.00759911
-0.00765116
-0.00790532
-0.00805904
-0.00729614
-0.00780532
-0.00710534
-0.0079704
-0.00699757
-0.00720999
-0.00725902
-0.00760744
-0.00685331
-0.00747262
-0.00707176
-0.00758239
-0.00773488
-0.00682922
-0.00777796
-0.00836638
-0.00812925
-0.00808192
-0.0081128
-0.00810926
-0.00777492
-0.00777653
-0.00745013
-0.00710121
-0.00715801
-0.0074904
-0.00716079
-0.00749892
-0.00769686
-0.00711418
-0.00743023
-0.00710159
-0.00745872
-0.00712633
-0.0077145
-0.00766049
-0.00802056
-0.0080558
-0.00834656
-0.00812345
-0.0080945
-0.00771799
-0.00777346
-0.00835452
-0.00807376
-0.00812015
-0.00810059
-0.00810023
-0.00776718
-0.00777138
-0.00713985
-0.00759236
-0.00735497
-0.00715397
-0.00768164
-0.00739795
-0.00752366
-0.00809048
-0.00830919
-0.00797735
-0.00802614
-0.00810213
-0.00806781
-0.0080938
-0.00850184
-0.00823162
-0.00811474
-0.00820497
-0.00816213
-0.00776158
-0.00778674
-0.00741165
-0.00708443
-0.00701538
-0.0073923
-0.00705465
-0.00763132
-0.00765557
-0.00701496
-0.00731118
-0.00698164
-0.00738435
-0.00704631
-0.00736964
-0.00759524
-0.00725785
-0.00745525
-0.00731371
-0.00729271
-0.00745865
-0.00703427
-0.00717089
-0.00808496
-0.00814101
-0.00845216
-0.00813393
-0.00817792
-0.007761
-0.00776532
-0.00849326
-0.00811234
-0.00823416
-0.00815409
-0.00820228
-0.007764
-0.00778338
-0.00719242
-0.00697302
-0.0074712
-0.00705017
-0.00760631
-0.00729017
-0.00746381
-0.00841905
-0.0086152
-0.00850162
-0.00876777
-0.00867029
-0.0084784
-0.00886204
-0.00799835
-0.00708377
-0.00777668
-0.00723946
-0.00698826
-0.00780547
-0.00732111
-0.00747666
-0.00744477
-0.00725138
-0.00778713
-0.00755808
-0.00800454
-0.00720585
-0.00785249
-0.00724743
-0.00764269
-0.00734054
-0.00708972
-0.00733402
-0.00748562
-0.00725486
-0.00752491
-0.00697936
-0.00780896
-0.00758744
-0.00691563
-0.0077922
-0.0068652
-0.00646241
-0.00655792
-0.00679625
-0.00640431
-0.00664439
-0.00658811
-0.0066541
-0.00649475
-0.00630445
-0.0067226
-0.00633716
-0.00657737
-0.00657312
-0.00538384
-0.00583613
-0.00539246
-0.00542064
-0.00578973
-0.00592031
-0.00580915
-0.00593107
-0.0056066
-0.00539726
-0.0062096
-0.00613796
-0.00561071
-0.00589451
-0.00665333
-0.00630453
-0.00649412
-0.00672174
-0.0063377
-0.00657716
-0.00657298
-0.0068631
-0.00655629
-0.00646052
-0.00679457
-0.0064045
-0.00664414
-0.00658757
-0.00538611
-0.00539292
-0.00583708
-0.00542179
-0.00579061
-0.0059225
-0.00581086
-0.00800097
-0.00780881
-0.00726639
-0.00737475
-0.00712979
-0.00772641
-0.00709987
-0.00740225
-0.00716557
-0.00761223
-0.00788326
-0.0076418
-0.00702712
-0.00824285
-0.00708392
-0.00706777
-0.00726966
-0.007101
-0.00722293
-0.006856
-0.00697485
-0.00714775
-0.00713026
-0.0071897
-0.00738238
-0.0072836
-0.00709745
-0.00752081
-0.00614355
-0.00556388
-0.00579936
-0.00653637
-0.0063081
-0.00577184
-0.00617829
-0.00487674
-0.00505009
-0.00412391
-0.00512292
-0.0051415
-0.0051517
-0.00523016
-0.00612471
-0.00580496
-0.0055685
-0.00630501
-0.00654647
-0.00577404
-0.00617898
-0.00707795
-0.00726855
-0.00706635
-0.00710192
-0.0072176
-0.00685191
-0.0069714
-0.00848583
-0.008441
-0.00862315
-0.00856224
-0.00849826
-0.00845422
-0.00844885
-0.00825641
-0.00857583
-0.007993
-0.00846815
-0.00816257
-0.00805397
-0.00846222
-0.00548972
-0.00478901
-0.00575134
-0.00565979
-0.00572568
-0.00565688
-0.00563426
-0.00566497
-0.00563504
-0.00542583
-0.00583131
-0.00657102
-0.00520241
-0.00580685
-0.00548462
-0.00478502
-0.00574541
-0.00572366
-0.00565581
-0.00565363
-0.00563161
-0.00563932
-0.00557638
-0.0054026
-0.00580439
-0.00654137
-0.0051996
-0.00580591
-0.00850057
-0.00846397
-0.00860947
-0.0085127
-0.00855012
-0.00846064
-0.00844176
-0.00827179
-0.00859355
-0.00796976
-0.00848155
-0.00814478
-0.00804941
-0.00844034
-0.00886914
-0.00836525
-0.00927194
-0.00848446
-0.0087814
-0.0085327
-0.00850414
-0.0080312
-0.00828887
-0.00797053
-0.00834656
-0.00814863
-0.00828915
-0.00834999
-0.00760803
-0.00773601
-0.00784224
-0.00774385
-0.00759743
-0.00757203
-0.00747479
-0.00648352
-0.00640854
-0.00637851
-0.00671986
-0.0063444
-0.00628829
-0.00644537
-0.0076044
-0.00773277
-0.00783881
-0.00773951
-0.00759344
-0.00756784
-0.00747018
-0.00644744
-0.00638265
-0.00635275
-0.00670159
-0.00632592
-0.00626889
-0.00642342
-0.00885693
-0.00833212
-0.00925152
-0.00877048
-0.00842896
-0.00848924
-0.00843305
-0.0080382
-0.00825671
-0.00795306
-0.0081791
-0.00831322
-0.00826892
-0.00830439
-0.00872825
-0.00879092
-0.00886936
-0.00882297
-0.00894035
-0.00872007
-0.00875391
-0.00726205
-0.00745955
-0.00731772
-0.00746342
-0.00729727
-0.00703746
-0.00717526
-0.0066498
-0.00662029
-0.00642615
-0.00665123
-0.00645688
-0.0065188
-0.0064661
-0.00662847
-0.00662927
-0.00642743
-0.00644721
-0.00663164
-0.00649993
-0.00644803
-0.00872047
-0.00878113
-0.00885966
-0.0088008
-0.00890987
-0.008692
-0.0087071
-0.00811731
-0.00831958
-0.00795918
-0.00800475
-0.00814475
-0.00808414
-0.00809181
-0.00844681
-0.00819138
-0.00857652
-0.00819837
-0.00840984
-0.00822932
-0.00814289
-0.00593099
-0.00560636
-0.00539815
-0.0062098
-0.00613816
-0.00561012
-0.00589422
-0.00450182
-0.00432678
-0.00366039
-0.00473145
-0.00447488
-0.00444067
-0.00454763
-0.0045052
-0.00432981
-0.00366462
-0.00447745
-0.00473431
-0.00444264
-0.00454975
-0.00846947
-0.00815171
-0.00856738
-0.00841265
-0.00813577
-0.00822842
-0.00811056
-0.00841489
-0.00858603
-0.00851009
-0.00873978
-0.00874154
-0.00844632
-0.00885324
-0.00704985
-0.00692349
-0.00694209
-0.00697012
-0.00688079
-0.00693323
-0.0067627
-0.006868
-0.00696883
-0.00699723
-0.00720803
-0.00705356
-0.00667832
-0.00708239
-0.00593368
-0.00574725
-0.00508574
-0.00606455
-0.00578433
-0.00572074
-0.00575379
-0.0060268
-0.00625492
-0.00612371
-0.0063993
-0.00781676
-0.00594741
-0.00683491
-0.0059209
-0.00508724
-0.00575222
-0.00606669
-0.00578414
-0.00571683
-0.00574766
-0.00603171
-0.0061178
-0.00626334
-0.00782424
-0.0064026
-0.00595787
-0.00683965
-0.00706493
-0.00694471
-0.00690625
-0.00696741
-0.00686433
-0.00693743
-0.00674183
-0.00687467
-0.00697133
-0.00696902
-0.00703462
-0.0072891
-0.00666521
-0.00710619
)
;

boundaryField
{
    sphere
    {
        type            zeroGradient;
    }
}


// ************************************************************************* //
